well_a,well_b,min_xy_dist_ft,sample_min_xy_dist_ft,global_angle_deg,eval_angle_deg,local_angle_at_closest_deg,a_md,b_md,a_closest_idx,b_closest_idx,a_x,a_y,b_x,b_y,a_length_ft,b_length_ft,a_eval_start_idx,a_eval_end_idx,b_eval_start_idx,b_eval_end_idx,a_start_x,a_start_y,a_end_x,a_end_y,b_start_x,b_start_y,b_end_x,b_end_y,a_rows_within_250ft,b_rows_within_250ft,min_rows_within_250ft,a_max_run_within_250ft,b_max_run_within_250ft,min_max_run_within_250ft,a_rows_within_500ft,b_rows_within_500ft,min_rows_within_500ft,a_max_run_within_500ft,b_max_run_within_500ft,min_max_run_within_500ft,a_rows_within_1000ft,b_rows_within_1000ft,min_rows_within_1000ft,a_max_run_within_1000ft,b_max_run_within_1000ft,min_max_run_within_1000ft
1e30dedf,2fd68f7b,0.0921954448860788,1.9859506541256569,151.9508859982491,151.3499975180549,154.78433395644967,10496.0,10558.0,171,484,2997428.74,1127774.07,2997428.65,1127774.05,5368.016315027349,5844.750879797963,1403,5473,1651,6380,2997516.11,1127688.92,2993563.11,1131320.64,2997404.6,1127840.23,2999343.73,1122326.53,521,947,521,521,947,521,775,1200,775,775,1200,775,1277,1703,1277,1277,1703,1277
155887bb,c2c6fc71,0.2607680964509651,1.4152384958779736,176.00692005273166,177.0000118131009,168.2048295213738,13778.0,18841.0,2293,7457,3008884.08,1085088.14,3008883.86,1085088.28,6388.894492672258,8369.117184625973,1477,7061,1721,8839,3010274.69,1084199.15,3005466.7,1088406.43,3003952.04,1090038.77,3009851.18,1084102.25,5686,5923,5686,5686,5923,5686,7062,6642,6642,7062,6642,6642,7062,7149,7062,7062,7149,7062
4ed93db6,861e71df,9.625725946508611,10.297849289789768,175.97621173557135,174.79965591487445,167.5758035565586,10879.0,11186.0,169,413,3007331.58,1116662.39,3007321.97,1116661.84,5914.786134172615,5762.5805064224905,1839,6495,1584,6283,3007332.06,1116661.89,3007503.19,1122574.2,3007309.18,1116754.23,3006738.67,1111019.96,906,809,809,906,809,809,1164,1091,1091,1164,1091,1091,1666,1595,1595,1666,1595,1595
7d57c75d,dc7f9757,29.65004215837745,29.65004215837745,179.89464418991858,179.7530550455435,175.4927826609756,14720.0,16679.0,4675,6202,3003884.54,1128589.86,3003914.17,1128588.77,5672.721427930417,5636.236475033719,1742,6146,1843,6202,3004005.64,1132791.73,3003840.94,1127121.4,3003740.17,1122955.22,3003914.17,1128588.77,1720,1719,1719,1720,1719,1719,1971,1971,1971,1971,1971,1971,2472,2473,2472,2472,2473,2472
bf39bc20,cc08aa63,48.66975344095047,49.33189637580046,177.77299489273688,179.42981887030948,178.6202335631411,10682.0,11365.0,225,867,2912730.62,1041683.93,2912687.37,1041661.61,4528.747450697674,4482.141922351332,1744,5046,1744,5017,2912731.02,1041687.95,2915607.41,1038189.96,2912816.02,1041323.75,2910105.91,1044893.75,1047,1118,1047,1047,1118,1047,1322,1369,1322,1322,1369,1322,1832,1870,1832,1832,1870,1832
2e43c2ea,b4f37e6e,49.391831308261125,49.82905176692247,179.882434120567,179.59405660709805,179.79062665402208,11966.0,10986.0,1528,406,2916321.25,1044287.71,2916283.72,1044255.6,6797.516712925476,4156.215573391354,1651,7348,1507,4498,2916948.48,1043528.2,2912606.04,1048757.87,2916184.23,1044345.05,2918845.89,1041152.92,1902,1692,1692,1902,1692,1692,2156,1948,1948,2156,1948,1948,2659,2453,2453,2659,2453,2453
722cf0d8,c50b42f6,57.43212341519655,57.68070041190023,178.2362292175156,179.8382120896044,134.21943035825706,10026.0,10914.0,0,768,2889590.54,1025829.33,2889641.76,1025855.31,6669.763625864011,7279.126095747983,2132,7274,1906,7919,2889590.54,1025829.33,2884875.22,1030546.48,2889674.09,1026152.49,2894659.32,1020848.42,824,864,824,824,864,824,1184,1306,1184,1184,1306,1184,1722,1806,1722,1722,1806,1722
9af1ffd0,9d3ec64c,59.22413190578583,59.41376355696669,178.76044413614315,179.1202062282547,179.73945092918316,10103.0,10644.0,147,607,2952798.18,1081861.19,2952754.35,1081821.36,4914.752749854335,4513.024306537642,1929,5453,1457,4936,2952800.95,1081859.12,2949661.06,1085640.11,2952594.62,1082006.45,2955552.29,1078597.7,1011,893,893,1011,893,893,1268,1158,1158,1268,1158,1158,1771,1663,1663,1771,1663,1663
c2c4db09,cb879f40,59.39303157766356,59.39658239348676,179.78588240055117,179.77273513947085,179.33795557023032,10790.0,11744.0,195,1126,2995554.7,1115138.32,2995608.89,1115162.63,7458.938708858213,7603.243900507182,1812,7850,1589,7903,2995539.8,1115168.82,2998194.85,1108198.42,2995922.42,1114384.03,2993189.47,1121479.12,1482,1405,1405,1482,1405,1405,1742,1659,1659,1742,1659,1659,2248,2161,2161,2248,2161,2161
3407f5bf,f439a621,64.01609797558247,64.17771653762229,179.67704121523388,179.10384197240808,133.09152026775644,10413.0,10825.0,0,433,2928499.02,1055640.45,2928442.3,1055610.77,4932.229963870348,4255.696921410205,1671,5308,1874,4694,2928499.02,1055640.45,2931661.08,1051855.18,2928485.46,1055520.11,2925738.76,1058770.74,661,744,661,661,744,661,939,1008,939,939,1008,939,1449,1510,1449,1449,1510,1449
5397ceb1,8d92cb49,71.30908567649446,71.30908567649446,176.21296206054657,176.18520735829804,131.32202634313862,11170.0,11284.0,0,0,2990465.23,1089508.6,2990521.22,1089552.76,6430.251919738481,4612.258162982885,1556,6810,1250,4838,2990465.23,1089508.6,2992846.0,1083535.32,2990521.22,1089552.76,2988534.3,1093715.1,569,421,421,569,421,421,847,695,695,847,695,695,1351,1202,1202,1351,1202,1202
2d0c268a,c1d046f4,71.56410622639605,71.64751496000676,177.4132200320769,178.67099519691286,174.50090986713448,11085.0,11061.0,415,0,3002590.63,1116645.44,3002662.01,1116640.31,5745.931902363478,6698.863805094217,1739,6288,1404,6916,3002585.95,1116598.81,3002839.16,1122339.16,3002662.01,1116640.31,3002669.15,1109941.45,814,448,448,814,448,448,1080,737,737,1080,737,737,1581,1244,1244,1581,1244,1244
c3957531,e5864244,75.36658477049615,75.37660379693345,163.35663563479557,162.80602004071596,177.2367151541961,12765.0,12232.0,1050,246,3020728.39,1087563.02,3020799.44,1087588.16,6644.7088663462855,5568.5778687559805,1938,7253,1568,6036,3020875.58,1087131.53,3018515.67,1093343.05,3020801.18,1087588.12,3024186.98,1083167.1,1296,1046,1046,1296,1046,1046,1551,1343,1343,1551,1343,1343,2055,1859,1859,2055,1859,1859
8c167025,ef04658e,76.06231261276365,76.07797644501953,173.5775273654967,173.56241192480582,171.89702631004266,10461.0,10274.0,195,1,2941140.47,1064412.04,2941065.2,1064401.09,6605.5737199733385,5223.297371909938,1745,7112,1560,5663,2941142.83,1064409.76,2945482.99,1059430.14,2941065.2,1064401.08,2938095.25,1068697.85,673,620,620,673,620,620,952,895,895,952,895,895,1454,1398,1398,1454,1398,1398
2acc78d4,9b9e3b49,77.06220149984756,77.22058922299777,177.792514664268,178.78194525123982,179.97976899769657,11665.0,12217.0,519,1073,3008516.35,1110774.04,3008439.33,1110776.59,5543.28095572478,6300.552131884926,1843,6108,1757,6874,3008523.0,1110844.86,3008478.21,1105301.76,3008427.3,1110267.23,3008720.85,1116560.94,1348,1382,1348,1348,1382,1348,1616,1639,1616,1616,1639,1616,2126,2143,2126,2126,2143,2126
82fcf37c,df71d1ff,77.20373630848307,77.21748118131603,179.0405223824936,178.92467053113444,110.1221996162649,11050.0,10393.0,498,0,2884314.71,1020824.58,2884372.11,1020876.21,7172.541831073496,7432.332505425212,1383,7396,1651,7878,2884500.23,1020608.8,2879696.56,1025935.16,2884372.11,1020876.21,2889256.65,1015274.35,740,936,740,740,936,740,997,1204,997,997,1204,997,1500,1719,1500,1500,1719,1500
bd6f0e19,cbb406b5,82.57203945605377,82.73792177682645,178.44668533883933,179.14438094496705,179.89726700228405,11775.0,11519.0,1180,925,3005872.01,1122596.74,3005789.45,1122598.15,6455.528022539988,7517.787453054278,1839,6978,1807,8134,3005988.13,1123257.02,3005655.06,1116810.09,3005755.68,1122272.02,3005939.9,1129787.55,1734,1748,1734,1734,1748,1734,1999,2058,1999,1999,2058,1999,2504,2574,2504,2504,2574,2504
6d1d74e1,98bc6f66,82.69572238043624,83.1402531869447,179.51612080019427,179.3477435063916,179.38934130701148,11021.0,10863.0,462,580,2883638.74,1020056.19,2883575.02,1020003.48,7055.193462889581,7250.185129001951,1486,7315,1657,7719,2883492.86,1020229.0,2888081.38,1014869.78,2883662.75,1019879.9,2878901.07,1025347.22,858,1067,858,858,1067,858,1119,1326,1119,1119,1326,1119,1623,1832,1623,1623,1832,1623
3bbe1f5d,4caa7289,91.3255999157236,91.60776877538726,179.06721488844843,179.2866467651404,179.510750178903,11191.0,10915.0,713,194,2904023.49,1030972.88,2904094.23,1031030.64,7635.539032510933,6545.943853906805,1266,8183,1458,6853,2903835.14,1031100.01,2908904.61,1025390.2,2904113.99,1031006.27,2899848.2,1035971.39,986,736,736,986,736,736,1270,1022,1022,1270,1022,1022,1785,1541,1541,1785,1541,1541
5a1a8fd8,8612b37f,91.9935693404534,92.68866165854703,179.55437812285834,178.26479380328502,99.66930787317798,11231.0,12059.0,0,713,3000635.47,1102190.54,3000543.49,1102192.12,6349.964629956588,6405.633661707643,1554,6813,1642,6806,3000635.47,1102190.54,3002892.36,1096255.18,3000588.79,1101841.18,2998358.75,1107846.1,933,938,933,933,938,933,1229,1197,1197,1229,1197,1197,1746,1699,1699,1746,1699,1699
593876b6,da940160,92.81781941006824,93.418598790611,175.90981215909275,175.40084766252434,179.48455216025192,11824.0,11019.0,815,242,3006902.59,1116397.63,3006995.33,1116393.83,6052.150729294504,6238.927720377919,1524,6365,1660,6791,3006910.23,1116908.12,3006319.58,1110884.86,3006996.2,1116392.68,3007160.65,1122629.44,1046,1276,1046,1046,1276,1046,1303,1542,1303,1303,1542,1303,1808,2049,1808,1808,2049,1808
5a5269a9,d60430e6,93.0302509939609,93.54908444230948,173.96858699461362,177.42925790649625,178.56543548049447,11503.0,10679.0,815,146,2993621.27,1114153.4,2993707.77,1114187.64,7696.807246676925,3748.143883097292,1540,8052,1665,4175,2993448.05,1114598.23,2996266.03,1107435.84,2993713.9,1114181.18,2992715.7,1117793.96,1057,972,972,1057,972,972,1316,1302,1302,1316,1302,1302,1822,1850,1822,1822,1850,1822
05a0ee4d,bffe3082,94.19902759564906,94.26067684900798,178.8026709309846,179.60866258310068,160.20921247547406,11463.0,11110.0,493,0,2994556.03,1100581.1,2994466.81,1100550.88,5578.52683134203,6699.90939963357,1750,6097,1463,7185,2994585.45,1100502.46,2992517.01,1105683.34,2994466.81,1100550.88,2996820.48,1094278.0,824,733,733,824,733,733,1091,1020,1020,1091,1020,1020,1596,1547,1547,1596,1547,1547
4654e7de,8d5d46d7,95.7053028833786,95.79988361155134,178.90280620090104,177.4048817316486,179.45855776939635,10857.0,11879.0,125,1170,2906957.83,1032884.25,2907019.52,1032957.42,6642.247508456801,6858.800647255863,1637,7009,1527,7281,2906951.58,1032888.3,2911431.08,1027983.86,2907615.17,1032470.66,2903087.45,1037622.64,1243,1400,1243,1243,1400,1243,1564,1656,1564,1564,1656,1564,2096,2160,2096,2096,2160,2096
06df5958,b32e4903,97.455040916266,97.8083457584298,179.0267318313957,178.11696137665987,179.11807821913928,11071.0,11664.0,299,1067,2903676.58,1027024.16,2903742.29,1027096.13,4707.550069123003,6929.499926617908,1530,5038,1650,7419,2903605.04,1027075.94,2906775.06,1023595.71,2904181.88,1026696.68,2899603.31,1031898.09,1184,1375,1184,1184,1375,1184,1466,1637,1466,1466,1637,1466,1983,2144,1983,1983,2144,1983
203721ab,c42fe306,98.94353187557331,99.03156870412325,178.74876573168478,178.1634017648153,179.82508090664288,11116.0,11566.0,541,1091,2899305.8,1025090.33,2899378.05,1025157.93,6842.9556468680685,6524.636972583345,1505,7234,1928,7022,2899177.07,1025220.51,2903775.7,1020153.1,2899804.94,1024728.83,2895526.78,1029655.11,1381,1495,1381,1381,1495,1381,1649,1760,1649,1649,1760,1649,2162,2268,2162,2162,2268,2162
10a1281a,be83e781,102.7032005343106,102.7314309254262,177.22216364321972,177.68876598274576,179.71455510083644,11371.0,10985.0,774,173,2904106.08,1027124.59,2904031.33,1027054.16,6874.020940970427,4450.330394139369,1744,7352,1555,4775,2904336.64,1026905.39,2899861.89,1032123.51,2904004.6,1027076.66,2907061.93,1023842.75,1038,906,906,1038,906,906,1302,1163,1163,1302,1163,1163,1809,1669,1669,1809,1669,1669
efde6ac3,fae0c593,106.20407007284804,106.23842054538429,178.18225288800758,178.40295731992458,179.66655746257044,11206.0,10828.0,877,593,2994594.48,1121775.51,2994696.47,1121805.13,5738.249387121568,5595.461495399732,1661,6219,1744,6146,2994436.83,1122149.3,2996389.15,1116753.38,2994732.55,1121686.2,2992996.67,1127005.59,1235,1269,1235,1235,1269,1235,1500,1550,1500,1500,1550,1500,2005,2063,2005,2005,2063,2005
d085e611,fae0c593,106.20407007284804,106.23842054538429,178.1108376552939,178.24633938462284,179.66655746257044,11206.0,10828.0,877,593,2994594.48,1121775.51,2994696.47,1121805.13,7368.783170008496,5595.461495399732,1661,7851,1744,6146,2994436.83,1122149.3,2996952.54,1115223.25,2994732.55,1121686.2,2992996.67,1127005.59,1235,1269,1235,1235,1269,1235,1500,1550,1500,1500,1550,1500,2005,2063,2005,2005,2063,2005
18d24f7b,884ecb5f,106.4586492494401,106.531356885955,179.4262964932016,179.45165731454642,179.60973150182517,11165.0,11231.0,533,677,2906957.13,1037377.52,2906879.51,1037304.66,5887.033119772818,7625.947473154013,1702,6259,1330,8053,2907112.12,1037221.71,2903234.94,1041651.68,2906668.53,1037473.28,2911748.16,1031785.36,1049,1123,1049,1049,1123,1049,1322,1386,1322,1322,1386,1322,1837,1892,1837,1837,1892,1837
8bb9c1e6,d2f3b1ab,106.91961092348436,107.43522001663015,178.51919315123305,178.5816996273033,179.50351138257952,10749.0,11829.0,230,1087,2906760.91,1031662.91,2906682.27,1031590.47,5877.506581978289,6733.943528512642,1836,6381,1437,7017,2906762.86,1031663.8,2902952.02,1036138.46,2906135.93,1032189.28,2910633.09,1027177.14,1507,1315,1315,1507,1315,1315,1786,1579,1579,1786,1579,1579,2295,2083,2083,2295,2083,2083
060ab2b8,ebe69318,107.18900036872466,107.20504512358784,178.19528511926077,178.41142427696678,172.8608448579397,10675.0,11536.0,287,1248,2901023.7,1025945.6,2900944.63,1025873.23,7263.5878280638735,6129.093928803715,1560,7817,1742,6717,2901028.92,1025943.05,2896319.2,1031472.81,2900480.24,1026355.25,2904599.33,1021816.65,1410,1477,1410,1410,1477,1410,1689,1742,1689,1689,1742,1689,2207,2251,2207,2207,2251,2207
0be01c24,da940160,107.29520865364636,107.47464259050064,174.82576152595666,174.7928327248171,179.89806115948204,11517.0,11366.0,723,589,3007123.6,1116491.14,3007017.73,1116508.57,5904.570095044939,6238.927720377919,1647,6384,1660,6791,3007171.27,1116757.71,3006483.95,1110893.28,3006996.2,1116392.68,3007160.65,1122629.44,1080,1114,1080,1080,1114,1080,1344,1386,1344,1344,1386,1344,1850,1899,1850,1850,1899,1850
084d66f9,5fb1c15f,107.55882158156824,107.76012852618976,177.41328769840948,177.12192966354866,62.3377455027501,10225.0,11112.0,0,867,2929605.81,1056686.42,2929682.16,1056762.18,5049.714428014704,4408.854118577633,1747,5631,1997,4856,2929605.81,1056686.42,2932964.64,1052915.76,2929972.36,1056429.02,2926894.21,1059585.44,1220,1106,1106,1220,1106,1106,1499,1370,1370,1499,1370,1370,2008,1874,1874,2008,1874,1874
aee6393a,e97032ad,107.65157918034942,107.75402219892096,174.47137554026548,175.53051823410806,166.60388042040188,10730.0,11451.0,0,1280,2918100.14,1046080.67,2918017.02,1046012.26,6920.686982113914,5042.210241788665,1281,7145,2124,5653,2918100.14,1046080.67,2923179.74,1041380.29,2918442.19,1045469.08,2915088.49,1049234.26,1003,1506,1003,1003,1506,1003,1322,1768,1322,1322,1768,1322,1855,2272,1855,1855,2272,1855
aee6393a,e7c36e81,107.65157918034942,107.75402219892096,173.4422967884782,174.0513917999992,166.60388042040188,10730.0,11451.0,0,1280,2918100.14,1046080.67,2918017.02,1046012.26,6920.686982113914,5054.200573038311,1281,7145,2124,5654,2918100.14,1046080.67,2923179.74,1041380.29,2918442.19,1045469.08,2915148.84,1049302.98,1003,1506,1003,1003,1506,1003,1322,1768,1322,1322,1768,1322,1855,2272,1855,1855,2272,1855
3ef98781,877ed19c,108.89242489748588,108.89374132615823,178.21207876986364,178.17824798969596,163.96685712365502,11300.0,11194.0,25,206,3012167.49,1115378.91,3012067.4,1115336.02,5055.338546299344,5040.269735887232,1451,5342,1923,5630,3012168.31,1115377.46,3012051.55,1120431.45,3012065.98,1115332.04,3012339.55,1110299.2,459,723,459,459,723,459,735,1029,735,735,1029,735,1240,1538,1240,1240,1538,1240
5bd25f59,944f36b9,109.96617025246822,109.97465617126196,152.51009681122312,151.85681212175473,132.8678621977324,10686.0,10420.0,823,0,2998701.25,1127779.99,2998625.6,1127700.18,5507.915325892467,5744.616698066058,1910,6119,1405,6034,2998878.2,1127584.36,2994828.06,1131317.12,2998625.6,1127700.18,3000575.79,1122296.72,1087,647,647,1087,647,647,1353,947,947,1353,947,947,1859,1463,1463,1859,1463,1463
5def1ce5,bb2cdd83,111.49822061392,111.50476940475885,179.14728928103833,179.66932901192968,179.2355631002461,11336.0,10533.0,726,166,2906457.01,1036747.35,2906531.97,1036829.89,7589.48777884925,5061.157626966524,1554,7996,1840,5664,2906205.48,1036973.65,2911263.45,1031315.27,2906533.83,1036828.64,2903217.38,1040651.79,952,1126,952,952,1126,952,1214,1402,1214,1214,1402,1214,1721,1914,1721,1721,1914,1721
8612b37f,9d072e4c,111.7389761899032,111.85243135526645,176.98493597963923,175.05329535810066,179.59551280017,11656.0,12253.0,310,991,3000563.67,1101899.2,3000459.29,1101859.32,6405.633661707643,6532.455022891409,1642,6806,1691,6797,3000588.79,1101841.18,2998358.75,1107846.1,3000251.43,1102569.96,3002200.37,1096335.01,1278,1280,1278,1278,1280,1278,1631,1540,1540,1631,1540,1540,2164,2043,2043,2164,2043,2043
09053135,cd7f1687,112.79148061815266,112.83752079847922,177.6953542522508,177.6255700081148,179.41659523893634,11586.0,11235.0,604,280,2989840.0,1089177.43,2989735.34,1089135.38,7197.02664036337,5462.899114353162,1808,7714,1749,5980,2989780.15,1089331.95,2992322.2,1082598.81,2989736.6,1089119.71,2987603.1,1094148.77,907,910,907,907,910,907,1179,1178,1178,1179,1178,1178,1687,1686,1686,1687,1686,1686
e85074c5,e97032ad,113.51859627401568,113.73196032757664,175.47131169454576,176.2699265059973,138.01952671249632,11406.0,10171.0,956,0,2918362.8,1045387.94,2918442.19,1045469.08,6754.748974617945,5042.210241788665,1561,7235,2124,5653,2918025.57,1045733.64,2922902.56,1041060.14,2918442.19,1045469.08,2915088.49,1049234.26,1181,1246,1181,1181,1246,1181,1448,1534,1448,1448,1534,1448,1955,2053,1955,1955,2053,1955
e7c36e81,e85074c5,113.51859627401568,113.73196032757664,174.4422329427585,174.79080007188853,138.01952671249632,10171.0,11406.0,0,956,2918442.19,1045469.08,2918362.8,1045387.94,5054.200573038311,6754.748974617945,2124,5654,1561,7235,2918442.19,1045469.08,2915148.84,1049302.98,2918025.57,1045733.64,2922902.56,1041060.14,1246,1181,1181,1246,1181,1181,1534,1448,1448,1534,1448,1448,2053,1955,1955,2053,1955,1955
3690a146,a692b17e,113.71263474208736,113.91084583983306,177.86701380293218,177.6788017679911,179.74008883638945,11576.0,11076.0,1250,783,2910219.45,1039768.62,2910304.33,1039844.29,5182.706604786658,4870.136099227756,1688,5760,1843,5408,2909752.96,1040260.13,2913248.84,1036434.0,2910510.89,1039642.6,2907361.94,1043357.75,1754,1675,1675,1754,1675,1675,2022,1968,1968,2022,1968,1968,2530,2477,2477,2530,2477,2477
29b24409,5a5d1982,113.9712261932684,114.075904554754,178.24400853308936,178.4724932813713,0.1412119768542592,10651.0,11110.0,121,567,2907561.76,1034503.32,2907485.28,1034418.82,6910.248399884159,4912.079027102644,1830,7416,1552,5445,2907560.77,1034505.75,2903080.61,1039766.9,2907405.34,1034469.25,2910703.12,1030828.76,763,822,763,763,822,763,1053,1090,1053,1053,1090,1053,1565,1601,1565,1565,1601,1565
19871e7f,df73b8f3,117.98413791685014,117.99024451160966,178.4438296948031,179.4803990833739,162.50060357405988,11738.0,12080.0,0,347,3001911.72,1071594.08,3002017.14,1071647.06,6743.9587957298645,6623.568059407195,1859,7151,1839,7149,3001911.72,1071594.08,2997882.19,1077001.84,3002004.89,1071669.9,3005816.79,1066253.16,540,716,540,540,716,540,884,1016,884,884,1016,884,1398,1521,1398,1398,1521,1398
c908edd0,c9e980e8,119.08453635969636,119.23123625940867,176.62396345862487,176.20207419476645,179.83381782092798,11329.0,11250.0,284,504,3008256.7,1116567.65,3008137.68,1116563.73,6448.813408721009,5620.777824936577,1458,6750,1903,6261,3008260.02,1116493.85,3008290.79,1122942.59,3008125.42,1116617.17,3007767.65,1111007.79,629,955,629,629,955,629,899,1235,899,899,1235,899,1411,1743,1411,1411,1743,1411
4f3eb9e9,6dbe4b60,119.11325073210432,119.11325073210432,178.986727232196,179.31637795018943,157.47825179044366,11659.0,10789.0,300,0,3005270.34,1117058.79,3005151.23,1117057.91,5860.2460283679575,6137.639849094888,1214,5910,2025,6672,3005270.45,1116796.89,3005458.44,1122654.12,3005151.23,1117057.91,3004845.89,1110927.87,523,956,523,523,956,523,787,1237,787,787,1237,787,1294,1766,1294,1294,1766,1294
09441b8d,fbd68d27,122.20240586845192,122.27018810840316,178.79270376114326,178.24738209839012,139.9093789800802,11991.0,10590.0,1604,0,2907647.67,1039220.54,2907556.01,1039139.72,6799.295443771958,8148.962381812816,1907,7394,1723,8551,2908308.08,1038444.9,2903888.74,1043612.09,2907556.01,1039139.72,2912981.9,1033059.81,1826,1616,1616,1826,1616,1616,2095,1890,1890,2095,1890,1890,2599,2405,2405,2599,2405,2405
4fbe9c06,521a7819,124.31443439918492,124.35601231930411,178.51528181211495,178.55235073637934,179.37310649874107,10550.0,11421.0,111,1046,2907447.35,1038065.28,2907351.16,1037986.53,7370.62957327922,6597.515965308433,1651,7937,2024,7223,2907446.64,1038066.46,2912415.48,1032622.49,2907622.96,1037643.45,2903303.06,1042630.0,1173,1267,1173,1173,1267,1173,1467,1533,1467,1467,1533,1467,1981,2040,1981,1981,2040,1981
b04b58a3,e25f1537,124.47522042578048,124.47522042578048,179.97227427105713,179.74466272881685,141.80919673007088,10133.0,9988.0,0,0,2942314.58,1073606.38,2942296.67,1073729.56,4857.208331840329,4450.284215923756,1827,5228,1841,5017,2942314.58,1073606.38,2945499.16,1069938.83,2942296.67,1073729.56,2939377.26,1077088.44,412,629,412,412,629,412,747,945,747,747,945,747,1259,1451,1259,1259,1451,1259
13f598d9,41fb0192,125.27710165853756,125.28202943731628,177.02507994122217,177.5747865756593,178.39739995407027,12192.0,16436.0,199,4380,3008596.17,1074048.75,3008491.68,1073979.64,8525.964615414518,4097.232180692386,1628,8933,1408,4380,3008608.53,1074027.45,3004289.01,1081378.22,3006235.36,1077399.63,3008491.68,1073979.64,2702,2292,2292,2702,2292,2292,4897,4381,4381,4897,4381,4381,5455,4381,4381,5455,4381,4381
df8290be,f03f10fe,126.49008893998754,126.512307701724,178.43510501558708,178.65681466379027,179.74417967667736,10868.0,11993.0,435,1469,2910197.66,1039495.23,2910103.67,1039410.58,5224.692773790354,5409.760003225874,1703,5674,1678,5822,2910259.05,1039434.25,2906846.43,1043390.44,2909380.01,1040189.78,2913024.06,1036191.48,1765,1770,1765,1765,1770,1765,2055,2040,2040,2055,2040,2040,2573,2548,2548,2573,2548,2548
198a5607,9b5b61c1,127.41467929551796,127.56276886295332,179.6675876367346,179.73923149262893,179.45522425552252,11594.0,10848.0,1303,587,2971640.07,1095909.77,2971547.65,1095822.06,7484.06269820082,6618.190595268474,1843,8093,1683,7214,2972177.06,1095445.9,2967217.81,1101050.99,2971476.4,1095891.26,2975890.57,1090960.18,1612,1588,1588,1612,1588,1588,1880,1871,1871,1880,1871,1871,2391,2379,2379,2391,2379,2379
c2c4db09,c8d9680c,130.3228000004425,130.36970085113197,179.32581862307427,179.15100934581855,179.94422704799055,10836.0,11626.0,241,879,2995563.02,1115118.65,2995684.53,1115165.76,7458.938708858213,7431.688384135842,1812,7850,1460,7740,2995539.8,1115168.82,2998194.85,1108198.42,2995902.05,1114627.68,2993338.6,1121603.26,1209,1144,1144,1209,1144,1144,1488,1416,1416,1488,1416,1416,2006,1926,1926,2006,1926,1926
2e29e833,fde20ecf,130.86375242977732,130.86375242977732,179.10919376191262,179.2865067708354,178.58961379685067,18851.0,17597.0,7253,6385,3023300.59,1114895.81,3023305.8,1115026.57,6780.857058639501,5743.228855904852,1826,7253,1719,6385,3023285.38,1108114.97,3023300.59,1114895.81,3023407.97,1120768.89,3023305.8,1115026.57,120,120,120,120,120,120,370,370,370,370,370,370,871,870,870,871,870,870
2b06ad65,b85f7b06,132.3613856076895,132.3613856076895,179.46469216838847,179.68744081962674,40.74205209497831,11275.0,11260.0,0,0,3011810.14,1115425.28,3011927.04,1115363.2,5459.600234449329,5050.844166275567,1450,5705,1650,5452,3011810.14,1115425.28,3011674.7,1120883.2,3011927.04,1115363.2,3012005.16,1110312.96,347,510,347,347,510,347,661,820,661,661,820,661,1171,1329,1171,1171,1329,1171
7d50373e,fb3848a1,132.7499483995091,132.87492163664882,177.97244782407773,177.9378486834315,179.86276616101162,11295.0,11351.0,542,964,2900391.76,1025921.47,2900491.08,1026009.55,6211.713457155149,7285.115310254045,1372,6493,1940,7858,2900198.34,1026121.53,2904406.87,1021552.76,2900771.07,1025715.54,2896027.96,1031245.08,1176,1439,1176,1176,1439,1176,1447,1722,1447,1447,1722,1447,1957,2235,1957,1957,2235,1957
84633df4,eb640a35,134.92067373086414,134.95524072828448,178.62392259602396,177.9904739576058,148.88920384650558,10571.0,10133.0,507,0,2992649.6,1121639.4,2992523.81,1121590.61,6124.81230671629,7306.408691169848,1747,6718,1745,7781,2992666.1,1121587.91,2990647.07,1127370.37,2992523.81,1121590.61,2995097.31,1114752.43,830,676,676,830,676,676,1118,976,976,1118,976,976,1626,1497,1497,1626,1497,1497
c3957531,d4f60a28,135.07807557092568,135.11469979214718,163.30289546054144,163.54904973309655,123.64018386837208,12469.0,11544.0,754,0,3020816.87,1087337.91,3020945.84,1087378.07,6644.7088663462855,5753.978084855896,1938,7253,1934,6434,3020875.58,1087131.53,3018515.67,1093343.05,3020945.84,1087378.07,3024448.65,1082813.14,1005,908,908,1005,908,908,1288,1283,1283,1288,1283,1283,1798,1808,1798,1798,1808,1798
d24ff243,e737965a,135.092472402848,135.33936197604706,178.90831666363502,178.50266758966427,179.69732362337595,11146.0,11429.0,497,840,2899867.95,1025539.0,2899961.51,1025636.45,6754.3916253427005,7303.043825652138,1475,7115,1739,7693,2899718.79,1025651.9,2904279.25,1020669.53,2900286.09,1025301.18,2895458.72,1030781.23,1189,1204,1189,1189,1204,1189,1466,1492,1466,1466,1492,1466,1983,2008,1983,1983,2008,1983
29de15c8,cbe51de1,137.1414897104011,137.1828899679972,177.91557812689786,176.1991251761323,165.4446534606246,11783.0,11201.0,696,0,3012457.63,1115675.4,3012322.92,1115649.69,4710.831428038878,5050.267890973553,1733,5163,1399,5361,3012493.66,1115394.36,3012246.63,1120098.71,3012322.92,1115649.69,3012771.01,1110619.34,937,747,747,937,747,747,1206,1042,1042,1206,1042,1042,1709,1561,1561,1709,1561,1561
94467f50,efe96181,137.5747418680339,137.59611368046532,179.7372550555665,178.3011782577956,27.312372660582884,10424.0,10097.0,520,0,2939303.49,1064828.6,2939206.29,1064731.24,4427.211910446528,4882.666518010416,2081,5115,1452,5463,2939340.52,1064793.68,2936354.06,1068061.9,2939206.29,1064731.24,2942516.48,1061141.94,891,722,722,891,722,722,1210,1077,1077,1210,1077,1077,1720,1604,1604,1720,1604,1604
1131525f,8a9c8932,137.8491189670692,137.97529525230786,178.9427722562914,177.76287634658863,179.79748551910347,11001.0,11498.0,285,781,2901574.18,1026246.54,2901668.68,1026346.9,5248.376662711882,6085.16467256228,1389,5547,1681,6343,2901513.56,1026300.68,2905062.8,1022434.37,2902061.81,1025981.51,2898030.1,1030539.42,1052,1066,1052,1052,1066,1052,1358,1342,1342,1358,1342,1342,1884,1847,1847,1884,1847,1847
6a0ff78e,bb2cdd83,138.61952279523527,138.6279199872122,178.96463144025367,179.54659256888712,179.7903037964421,10822.0,11241.0,177,874,2906445.42,1037143.64,2906345.77,1037047.28,7586.35826613149,5061.157626966524,1425,7889,1840,5664,2906424.06,1037169.13,2911497.95,1031529.23,2906533.83,1036828.64,2903217.38,1040651.79,774,1128,774,774,1128,774,1071,1404,1071,1071,1404,1071,1594,1916,1594,1594,1916,1594
b32e4903,be83e781,138.74392995725134,138.93273840241082,177.96376066854054,177.73480840678326,179.52007777660666,11217.0,11302.0,620,490,2904051.4,1026820.18,2904143.9,1026923.59,6929.499926617908,4450.330394139369,1650,7419,1555,4775,2904181.88,1026696.68,2899603.31,1031898.09,2904004.6,1027076.66,2907061.93,1023842.75,1051,898,898,1051,898,898,1337,1187,1187,1337,1187,1187,1857,1701,1701,1857,1701,1701
044af7d1,e730c32b,139.3075310240269,139.42233465267438,179.86860170462384,179.7468769515247,179.92960719799535,11936.0,11703.0,496,589,3009982.52,1110800.53,3009843.23,1110798.32,5736.620945722303,5907.089995699971,1548,6066,1741,6468,3010003.63,1111006.19,3009755.45,1105274.94,3009827.83,1110667.1,3010069.85,1116569.23,868,1075,868,868,1075,868,1147,1366,1147,1147,1366,1147,1658,1885,1658,1658,1885,1658
3d96d897,c9578d27,139.96925126609392,139.99677174853466,179.09217970245604,179.28013234834293,179.95534404891083,11483.0,11446.0,767,731,2906137.9,1031665.0,2906243.63,1031756.72,6770.781905821704,5814.182087843481,1488,7146,1715,6201,2905871.73,1031971.26,2910383.72,1026922.95,2906480.72,1031486.06,2902675.37,1035881.97,1325,1333,1325,1325,1333,1325,1610,1614,1610,1610,1614,1610,2123,2134,2123,2123,2134,2123
6a0ff78e,b585b4fa,141.3381282598039,141.44744076882452,178.89218622441663,179.4648133441148,150.01812629755378,11314.0,10460.0,669,0,2906708.33,1036916.16,2906803.56,1037020.6,7586.35826613149,5461.583921070974,1425,7889,1705,5998,2906424.06,1037169.13,2911497.95,1031529.23,2906803.56,1037020.6,2903229.94,1041150.75,877,1065,877,877,1065,877,1149,1355,1149,1149,1355,1149,1657,1876,1657,1657,1876,1657
06df5958,264feceb,141.46419370298509,141.64534937651814,179.3227899236083,178.15026722367412,179.82811960711396,11558.0,11190.0,786,593,2903927.73,1026744.11,2903822.82,1026649.21,4707.550069123003,6883.283920586129,1530,5038,1743,7407,2903605.04,1027075.94,2906775.06,1023595.71,2903911.6,1026541.57,2899336.93,1031684.72,1131,1255,1131,1131,1255,1131,1407,1555,1407,1407,1555,1407,1917,2092,1917,1917,2092,1917
633774dc,a612d5a0,144.7549767713128,144.90834379017028,179.87821569390726,179.6165363794842,179.71750541593556,11494.0,10952.0,1110,650,2971413.97,1095631.31,2971317.9,1095523.03,7469.051549333432,6633.5302764137,1739,7971,1831,7159,2971901.19,1095235.43,2966928.48,1100808.48,2971171.16,1095634.05,2975577.07,1090675.05,1482,1437,1437,1482,1437,1437,1759,1753,1753,1759,1753,1753,2270,2283,2270,2270,2283,2270
764072a5,8a89da23,146.06363442017283,146.0842294702656,178.60739337323994,178.49426387720095,170.06029996700175,10508.0,11954.0,16,1402,2911067.62,1040134.55,2910958.0,1040038.02,4169.450928359806,5195.748694432784,1645,4593,1640,5574,2911067.73,1040134.45,2908332.71,1043281.51,2910246.93,1040782.71,2913749.47,1036945.0,1625,1605,1605,1625,1605,1605,1920,1879,1879,1920,1879,1879,2433,2394,2394,2433,2394,2394
54a7e3c2,a4f989c2,147.19883049785184,147.29937304663315,178.86783650921802,179.66130681272531,179.99329421561924,10807.0,11652.0,327,1158,2972402.81,1095699.93,2972311.95,1095584.12,7505.197889949235,6667.706296381311,1738,7892,1639,7023,2972461.75,1095660.61,2967524.27,1101312.98,2971708.26,1096142.24,2976193.14,1091208.26,1418,1426,1418,1418,1426,1418,1699,1694,1694,1699,1694,1694,2214,2202,2202,2214,2202,2202
54a7e3c2,d011f41b,147.19883049785184,147.29937304663315,178.00932659744163,179.8946669583459,179.99329421561924,10807.0,11652.0,327,1158,2972402.81,1095699.93,2972311.95,1095584.12,7505.197889949235,3556.1900493226217,1738,7892,1639,3905,2972461.75,1095660.61,2967524.27,1101312.98,2971708.26,1096142.24,2974139.41,1093546.86,1418,1426,1418,1418,1426,1418,1699,1694,1694,1699,1694,1694,2214,2202,2202,2214,2202,2202
24d8997e,2d2d0c6b,147.63933486704622,147.65785925560672,171.23794380297,171.00871902337337,13.57908932496361,10638.0,10309.0,273,1,2918727.32,1046215.46,2918852.76,1046293.32,4631.9386729101225,6385.410949476959,1746,5187,1922,6966,2918727.79,1046207.99,2915749.09,1049755.13,2918852.77,1046293.32,2923656.06,1042085.96,710,687,687,710,687,687,1011,1013,1011,1011,1013,1011,1526,1529,1526,1526,1529,1526
85380836,fbd68d27,148.03206814744604,148.1235281784731,178.9877086715233,178.641861821779,179.86023062184162,12600.0,11123.0,2065,533,2907521.71,1038882.51,2907635.77,1038976.87,7733.241335856539,8148.962381812816,1557,8174,1723,8551,2908570.58,1037635.38,2903524.23,1043495.19,2907556.01,1039139.72,2912981.9,1033059.81,2399,2337,2337,2399,2337,2337,2699,2654,2654,2699,2654,2654,3215,3177,3177,3215,3177,3177
8a89da23,e14d641e,148.1426248588804,148.1850630123919,178.29380545421188,178.34213852822342,179.9039871559182,10909.0,11846.0,357,1409,2910304.45,1040720.84,2910196.28,1040619.62,5195.748694432784,4488.409229615861,1640,5574,1794,4977,2910246.93,1040782.71,2913749.47,1036945.0,2910803.18,1039920.84,2907877.52,1043324.71,1547,1697,1547,1547,1697,1547,1853,1979,1853,1853,1979,1853,2370,2489,2370,2370,2489,2370
8d5d46d7,d6c320d9,148.63579010455885,148.71064824006075,178.66724676250004,177.3852873382305,178.1441761865093,10759.0,11861.0,50,1080,2907615.08,1032470.89,2907725.58,1032570.3,6858.800647255863,6603.282836233758,1527,7281,1494,6945,2907615.17,1032470.66,2903087.45,1037622.64,2907215.88,1033113.57,2911689.11,1028256.25,1171,1281,1171,1171,1281,1171,1588,1556,1556,1588,1556,1556,2130,2071,2071,2130,2071,2071
1b1c5372,5bd25f59,150.55832424693415,150.59279730463638,152.08992049609418,151.64376518978224,177.77309199779927,10739.0,10097.0,352,234,2999019.14,1127642.56,2998878.23,1127589.53,5498.681105574169,5507.915325892467,1531,5791,1910,6119,2998972.7,1127767.79,3000801.42,1122582.11,2998878.2,1127584.36,2994828.06,1131317.12,609,783,609,609,783,609,905,1121,905,905,1121,905,1415,1640,1415,1415,1640,1415
4fbe9c06,8f201368,151.12266342272306,151.59787069740383,178.05192928003797,178.11043259542802,179.88455529812296,11134.0,11802.0,695,1415,2907591.91,1037977.96,2907707.06,1038075.83,7370.62957327922,7633.366417177954,1651,7937,1802,8150,2907446.64,1038066.46,2912415.48,1032622.49,2908282.12,1037378.5,2903330.79,1043188.2,1823,1729,1729,1823,1729,1729,2103,2033,2033,2103,2033,2033,2619,2555,2555,2619,2555,2555
56b00794,999daf80,151.13272378927712,151.23388542242867,172.91032506374194,174.77284200030584,178.79375097354526,10721.0,11399.0,33,1056,2917599.67,1045651.77,2917477.08,1045563.38,7043.967214098775,4920.132865899107,1228,7292,1875,5438,2917598.87,1045653.1,2922689.25,1040784.27,2917692.62,1045034.95,2914583.97,1048848.61,630,586,586,630,586,586,1086,1521,1086,1086,1521,1086,1663,2032,1663,1663,2032,1663
d00e7eb9,d90aa14c,152.07876511855267,152.10534145801228,179.8589142301504,179.27270576982562,179.7750060447968,10992.0,11052.0,869,1053,2890294.03,1034165.43,2890166.65,1034082.35,6779.39417436399,11565.168662432068,1617,7320,2123,12140,2890134.96,1034489.59,2894567.81,1029360.26,2890466.31,1033682.92,2882925.75,1042451.79,1525,1553,1525,1525,1553,1525,1831,1859,1831,1831,1859,1831,2343,2378,2343,2343,2378,2343
1a518997,7c607683,152.39657345251726,152.5520058865037,177.94026177699357,178.03365239878792,179.4616164192399,11941.0,10770.0,1563,429,2908431.67,1038610.5,2908541.97,1038715.66,5991.130536868663,6430.130361555815,1938,6543,1673,7000,2907746.15,1039359.82,2911796.42,1034945.19,2908573.41,1038688.21,2904399.46,1043579.5,1805,1772,1772,1805,1772,1772,2080,2076,2076,2080,2076,2076,2591,2599,2591,2591,2599,2591
7d50373e,91abc4c7,152.5743061593394,152.83041712935815,178.40041661460728,178.1154140759748,167.32021353283417,11686.0,10483.0,933,0,2900643.97,1025641.35,2900536.62,1025532.93,6211.713457155149,7274.669451102148,1372,6493,1939,7786,2900198.34,1026121.53,2904406.87,1021552.76,2900536.62,1025532.93,2895759.2,1031019.01,1132,1356,1132,1132,1356,1132,1414,1642,1414,1414,1642,1414,1927,2154,1927,1927,2154,1927
1a68190b,a6b8ac67,153.24988874377297,153.29170003610085,166.01003442858374,165.97934459679075,173.90413009950424,12378.0,12685.0,274,570,2948036.71,1015033.73,2948172.11,1015105.51,5914.736013331329,6519.159824954408,2028,6501,1564,7016,2948036.47,1015031.88,2949518.9,1009305.93,2948241.26,1014995.97,2945130.09,1020724.85,791,810,791,791,810,791,1122,1098,1098,1122,1098,1098,1648,1609,1609,1648,1609,1609
3690a146,df8290be,153.44889083978504,153.4546063171758,178.36364573552848,178.63609910985792,80.02621841107012,10326.0,11832.0,0,1399,2909752.96,1040260.13,2909636.1,1040160.68,5182.706604786658,5224.692773790354,1688,5760,1703,5674,2909752.96,1040260.13,2913248.84,1036434.0,2910259.05,1039434.25,2906846.43,1043390.44,1677,1597,1597,1677,1597,1597,1985,1876,1876,1985,1876,1876,2509,2389,2389,2509,2389,2389
cdc60a53,eeed308d,154.32541624752125,154.48767588377234,177.91247284852878,178.03000056265105,178.56811996858596,10519.0,11288.0,4,708,2907832.91,1034740.83,2907732.45,1034623.68,7122.335454975451,5022.090489527242,1753,7630,1604,5502,2907832.98,1034740.78,2903214.42,1040162.64,2907564.62,1034802.29,2910958.35,1031100.4,910,906,906,910,906,906,1196,1179,1179,1196,1179,1179,1710,1690,1690,1710,1690,1690
62a6f539,aee6393a,154.6662358111682,154.71197626548388,173.02648842545912,173.1510634801283,167.1968084637853,10453.0,11333.0,1,603,2918488.0,1045923.03,2918378.29,1045814.01,4774.469241727227,6920.686982113914,1560,5252,1281,7145,2918488.01,1045923.03,2915403.3,1049567.22,2918100.14,1046080.67,2923179.74,1041380.29,995,808,808,995,808,808,1305,1092,1092,1305,1092,1092,1827,1606,1606,1827,1606,1606
445af6c2,521a7819,154.99133169332367,155.2339708313803,179.5255940070556,179.40630378965875,67.32638897739842,10297.0,11360.0,0,985,2907267.82,1037843.06,2907387.47,1037941.58,7437.787933102292,6597.515965308433,1957,7997,2024,7223,2907267.82,1037843.06,2912184.29,1032261.93,2907622.96,1037643.45,2903303.06,1042630.0,1114,1188,1114,1114,1188,1114,1407,1471,1407,1407,1471,1407,1922,1987,1922,1922,1987,1922
20402d71,e149204f,155.52946730441332,155.54025202510772,178.3433681077738,178.7332574412135,116.71209259734091,10359.0,11185.0,0,702,2885490.98,1021152.32,2885607.92,1021254.86,7457.251919909747,7247.1878823239,1558,7929,1452,7548,2885490.98,1021152.32,2880464.49,1026660.95,2885352.3,1021575.58,2890080.39,1016083.14,1036,900,900,1036,900,900,1327,1181,1181,1327,1181,1181,1847,1691,1691,1847,1691,1691
ce8399b7,ff8bb73a,156.10988213446822,156.32445554037923,178.5242961676778,179.02157134630855,178.48370289643597,10337.0,16151.0,305,5709,2936977.14,1063150.17,2936860.61,1063046.29,2934.95179057505,7144.055626274249,1933,3547,1743,7669,2936969.6,1063164.07,2938946.19,1060994.5,2940254.1,1059122.61,2935580.42,1064525.78,3516,3103,3103,3516,3103,3103,3548,3850,3548,3548,3850,3548,3548,4902,3548,3548,4902,3548
511e1db0,ff8bb73a,156.13893076357266,156.37900530452012,178.18632593511305,178.282468480491,178.48370289643597,10337.0,16151.0,196,5709,2936977.17,1063150.18,2936860.61,1063046.29,5132.686744629778,7144.055626274249,1824,5644,1743,7669,2936969.97,1063161.18,2940448.98,1059387.46,2940254.1,1059122.61,2935580.42,1064525.78,4171,3878,3878,4171,3878,3878,5645,6198,5645,5645,6198,5645,5645,6713,5645,5645,6713,5645
3ef98781,cbe51de1,156.6621003943183,156.6829591880736,176.2331242879869,176.079668772682,159.62847279622306,11275.0,11755.0,0,554,3012168.31,1115377.46,3012324.92,1115381.5,5055.338546299344,5050.267890973553,1451,5342,1399,5361,3012168.31,1115377.46,3012051.55,1120431.45,3012322.92,1115649.69,3012771.01,1110619.34,741,761,741,741,761,741,1026,1036,1026,1026,1036,1026,1539,1547,1539,1539,1547,1539
633774dc,9b5b61c1,158.36243557099493,158.5101463628004,179.90778342226528,179.56111642936526,179.03051666785305,10798.0,11525.0,414,1264,2971853.21,1095277.06,2971952.5,1095400.43,7469.051549333432,6618.190595268474,1739,7971,1683,7214,2971901.19,1095235.43,2966928.48,1100808.48,2971476.4,1095891.26,2975890.57,1090960.18,1336,1521,1336,1336,1521,1336,1696,1808,1696,1696,1808,1696,2233,2336,2233,2233,2336,2233
995ff498,e6c55748,160.56764306663578,160.61139436532213,178.28431272917268,178.38047962671575,177.06000412128802,10597.0,11301.0,24,695,2906800.61,1034337.54,2906680.25,1034231.26,5782.489620544004,5487.810282735605,1601,6126,1487,5958,2906802.09,1034335.89,2903034.23,1038722.28,2906522.52,1034406.19,2910221.4,1030352.26,749,896,749,749,896,749,1041,1177,1041,1041,1177,1041,1562,1695,1562,1562,1695,1562
0a57a29c,3bbe1f5d,161.30715607162756,161.41655212520948,179.1373675782723,179.10070697079698,173.82228819838727,11243.0,10683.0,531,205,2903712.97,1030991.57,2903833.28,1031099.02,6902.938720407331,7635.539032510933,1373,7193,1266,8183,2903864.38,1030782.87,2899359.54,1036013.26,2903835.14,1031100.01,2908904.61,1025390.2,730,958,730,730,958,730,1009,1260,1009,1009,1260,1009,1528,1776,1528,1528,1776,1528
09441b8d,1a518997,164.57083885050506,164.91041204248165,178.00405832318447,177.96467576750288,178.09726519105263,12024.0,10669.0,1637,291,2907625.75,1039245.14,2907747.86,1039355.47,6799.295443771958,5991.130536868663,1907,7394,1938,6543,2908308.08,1038444.9,2903888.74,1043612.09,2907746.15,1039359.82,2911796.42,1034945.19,1827,1740,1740,1827,1740,1740,2110,2055,2055,2110,2055,2055,2632,2582,2582,2632,2582,2582
56b00794,865033f8,165.5360027308274,165.87853990207458,174.65956156293785,174.28161720026154,157.97881962919075,11323.0,10363.0,635,0,2917866.01,1045363.41,2917984.7,1045478.8,7043.967214098775,4781.052152664815,1228,7292,1746,5302,2917598.87,1045653.1,2922689.25,1040784.27,2917984.7,1045478.8,2914852.21,1049090.72,827,1076,827,827,1076,827,1115,1372,1115,1115,1372,1115,1634,1889,1634,1634,1889,1634
4f69febf,da3bfe4e,165.92975290764224,165.93899843008396,179.57538411437744,179.62294399437954,112.13984469414864,10025.0,10462.0,197,0,2888825.07,1024908.2,2888923.34,1024774.5,6866.527260413126,6803.336420977637,2139,7598,1558,7106,2888828.01,1024912.59,2883996.43,1029791.63,2888923.34,1024774.5,2893746.15,1019975.97,576,266,266,576,266,266,993,627,627,993,627,627,1555,1129,1129,1555,1129,1129
198a5607,a4f989c2,167.26843695073092,167.28150316152767,179.23148419353674,179.67165590908854,179.63879469870983,10944.0,11493.0,653,999,2972082.64,1095550.2,2972186.32,1095681.46,7484.06269820082,6667.706296381311,1843,8093,1639,7023,2972177.06,1095445.9,2967217.81,1101050.99,2971708.26,1096142.24,2976193.14,1091208.26,1570,1301,1301,1570,1301,1301,1890,1612,1612,1890,1612,1612,2412,2143,2143,2412,2143,2143
198a5607,d011f41b,167.26843695073092,167.28150316152767,178.37297428176018,179.8843178619862,179.63879469870983,10944.0,11493.0,653,999,2972082.64,1095550.2,2972186.32,1095681.46,7484.06269820082,3556.1900493226217,1843,8093,1639,3905,2972177.06,1095445.9,2967217.81,1101050.99,2971708.26,1096142.24,2974139.41,1093546.86,1570,1301,1301,1570,1301,1301,1890,1612,1612,1890,1612,1612,2412,2143,2143,2412,2143,2143
26623a50,fdfd57da,169.31578189891195,169.31578189891195,168.87502547434934,168.582950823578,99.46969364354445,10868.0,17769.0,0,7363,3001787.98,1109641.92,3001957.1,1109650.06,6956.805695180804,6678.069077824671,1744,7478,2128,7363,3001787.98,1109641.92,3000364.0,1116451.43,3001877.11,1116327.65,3001957.1,1109650.06,1062,565,565,1062,565,565,2206,1703,1703,2206,1703,1703,4915,4400,4400,4915,4400,4400
729f4217,85380836,169.9425352878153,170.0473783978846,178.63400489715784,178.5225721221168,179.9363688312594,11715.0,11209.0,1020,674,2908279.61,1037702.79,2908405.08,1037817.41,7313.918653416888,7733.241335856539,1397,7591,1557,8174,2907786.14,1038267.28,2912689.62,1032840.56,2908570.58,1037635.38,2903524.23,1043495.19,1442,1591,1442,1442,1591,1442,1732,1888,1732,1732,1888,1732,2253,2406,2253,2253,2406,2253
9ae248be,9f0c7bae,170.33039805026618,170.4490756796803,153.05761913910737,152.96335635275923,143.0070685851423,12463.0,12764.0,0,191,2949817.63,1014924.58,2949987.76,1014932.84,6490.433001718874,3874.160648772863,1384,6654,1498,4039,2949817.63,1014924.58,2946783.3,1020662.05,2949990.2,1015029.5,2950053.1,1011155.85,221,421,221,221,421,221,607,727,607,607,727,607,1144,1247,1144,1144,1247,1144
0be01c24,4ed93db6,170.5223862133397,170.69785353040308,174.97329041377708,174.50928225324816,167.4371025848698,10993.0,11297.0,199,587,3007171.91,1116759.59,3007342.32,1116765.78,5904.570095044939,5914.786134172615,1647,6384,1839,6495,3007171.27,1116757.71,3006483.95,1110893.28,3007332.06,1116661.89,3007503.19,1122574.2,691,829,691,691,829,691,1012,1130,1012,1012,1130,1012,1534,1649,1534,1534,1649,1534
e45a2a62,f9fc81aa,170.73409647773994,170.80671181171806,178.74332151382728,178.86681264543424,179.85917788392206,11586.0,11194.0,942,506,2905618.55,1031480.84,2905746.06,1031594.38,6301.7364069595415,6777.184737042304,1690,6696,1515,7112,2905952.7,1031035.87,2901847.72,1035817.19,2905604.12,1031745.12,2910130.52,1026701.12,1324,1219,1219,1324,1219,1219,1619,1543,1543,1619,1543,1543,2135,2067,2067,2135,2067,2067
13f598d9,276b012a,173.7506374089513,173.756853102472,172.9004911968736,173.32082774679532,154.2815766419194,11993.0,12079.0,0,4,3008608.53,1074027.45,3008735.75,1073909.11,8525.964615414518,5989.192640089203,1628,8933,1454,6290,3008608.53,1074027.45,3004289.01,1081378.22,3008735.87,1073909.23,3012385.11,1069160.18,344,297,297,344,297,297,717,618,618,717,618,618,1226,1120,1120,1226,1120,1120
75cd5f11,7c607683,174.56621007523765,174.7245446410152,178.01930739406566,177.9039542116329,146.54894064930065,10568.0,11949.0,0,1608,2908027.9,1039593.46,2907893.26,1039482.35,6013.1508423787245,6430.130361555815,1464,6409,1673,7000,2908027.9,1039593.46,2912086.94,1035157.0,2908573.41,1038688.21,2904399.46,1043579.5,1580,1786,1580,1580,1786,1580,1886,2074,1886,1886,2074,1886,2411,2587,2411,2411,2587,2411
65a5466a,ae8959c3,174.70753675807265,174.84925450236432,151.51766551704955,151.38897781523434,10.839729813971369,10868.0,9835.0,466,2,2998346.6,1127625.1,2998178.63,1127577.05,5796.944434924329,5993.323190751526,1434,6116,2127,6644,2998301.23,1127805.88,3000204.77,1122330.38,2998178.62,1127577.07,2993749.14,1131614.35,591,640,591,591,640,591,948,1121,948,948,1121,948,1467,1671,1467,1467,1671,1467
c9578d27,d2f3b1ab,175.84520522330698,176.24932623970997,178.98117692188907,179.48904928709172,178.66105139503532,11853.0,10778.0,1138,36,2906001.5,1032075.53,2906136.89,1032187.74,5814.182087843481,6733.943528512642,1715,6201,1437,7017,2906480.72,1031486.06,2902675.37,1035881.97,2906135.93,1032189.28,2910633.09,1027177.14,1313,1148,1148,1313,1148,1148,1608,1478,1478,1608,1478,1478,2122,2009,2009,2122,2009,2009
29b24409,eeed308d,176.64040449444352,176.64704271495918,177.90300062379023,178.09548237647573,174.28108873150592,11231.0,10781.0,701,201,2907432.81,1034682.24,2907561.15,1034803.61,6910.248399884159,5022.090489527242,1830,7416,1604,5502,2907560.77,1034505.75,2903080.61,1039766.9,2907564.62,1034802.29,2910958.35,1031100.4,892,818,818,892,818,818,1189,1151,1151,1189,1151,1151,1711,1675,1675,1711,1675,1675
e7d0c1de,eb06a4e7,176.7295665698144,177.03539900266966,179.12229180787872,179.88648390585033,179.9233666453838,17191.0,11935.0,6403,907,3006162.73,1110934.19,3005986.87,1110951.7,5959.511646737575,5825.002030832418,1744,6454,1844,6378,3006820.11,1116806.06,3006157.85,1110883.46,3005950.27,1110571.44,3006508.83,1116369.6,2114,2208,2114,1916,2150,1916,6079,6379,6079,6079,6379,6079,6455,6379,6379,6455,6379,6379
445af6c2,f6824bb0,178.577587899581,178.6009700422589,179.53355335080812,179.56970925553708,178.89891440392748,11199.0,10535.0,902,208,2907497.27,1037539.97,2907355.09,1037431.92,7437.787933102292,6232.54521951511,1957,7997,1849,6863,2907267.82,1037843.06,2912184.29,1032261.93,2907356.58,1037428.49,2903275.0,1042138.62,1087,1127,1087,1087,1127,1087,1384,1451,1384,1384,1451,1384,1903,1979,1903,1903,1979,1903
01982c1d,7256229b,178.59003555628922,178.6422427644481,177.28661149571803,177.4658129290503,179.76548043692253,10270.0,10691.0,249,408,2996246.15,1121981.31,2996083.17,1121908.29,5085.783873996138,6485.706295115571,1646,5586,1557,6971,2996249.89,1121981.57,2994734.18,1126836.24,2996059.03,1121960.69,2998282.87,1115868.16,668,681,668,668,681,668,995,990,990,995,990,990,1512,1504,1504,1512,1504,1504
109d9d70,a959858c,180.44888168116407,180.71294364259128,179.01597747408792,179.44598954977113,136.9283850842801,17421.0,11253.0,5415,177,3018690.02,1108646.82,3018828.52,1108762.49,5495.251660342689,4978.059434207162,1636,5850,1366,5769,3022021.13,1104837.17,3018415.45,1108984.08,3018829.08,1108762.4,3022159.44,1105062.43,2902,3269,2902,1396,1757,1396,5851,5770,5770,5851,5770,5770,5851,5770,5770,5851,5770,5770
729f4217,8f201368,182.6031861715176,182.66784747168688,178.33900931330987,178.27022337083,179.88457145536793,11130.0,11706.0,435,1319,2907908.48,1038120.64,2907769.04,1038002.74,7313.918653416888,7633.366417177954,1397,7591,1802,8150,2907786.14,1038267.28,2912689.62,1032840.56,2908282.12,1037378.5,2903330.79,1043188.2,1399,1674,1399,1399,1674,1399,1720,1975,1720,1720,1975,1720,2239,2495,2239,2239,2495,2239
14fee784,796dbd4c,192.00647306820133,192.14429603810208,176.75801543634398,176.95635483573685,175.8633500148521,10317.0,10696.0,0,641,2992131.0,1121564.3,2991967.76,1121463.21,6131.682203930574,7450.274595369134,1496,6405,1821,8068,2992131.0,1121564.3,2990101.06,1127350.22,2991901.69,1121551.31,2994761.79,1114671.89,405,824,405,405,824,405,776,1143,776,776,1143,776,1304,1661,1304,1304,1661,1304
b7cdcecb,d114d9c2,192.26843656723787,192.31741600812288,178.33916937400332,178.42318853199382,179.80326746287705,11010.0,10646.0,529,50,2885072.79,1021051.82,2884917.48,1020938.48,7258.097097752251,7302.391625686605,1452,7619,1337,7542,2884974.58,1021236.51,2889670.6,1015702.31,2884921.9,1020932.05,2880037.83,1026360.75,712,478,478,712,478,478,1011,878,878,1011,878,878,1528,1398,1398,1528,1398,1398
e161bd0c,edf885a3,193.49658653337127,193.49658653337127,179.72057179596356,179.42906277083435,177.74488289019504,16268.0,16533.0,4812,4862,3006039.34,1086825.01,3006183.23,1086695.64,4072.502960649443,4357.021024163295,1864,4812,1746,4862,3003204.2,1089748.58,3006039.34,1086825.01,3009231.66,1083582.65,3006183.23,1086695.64,57,57,57,57,57,57,308,307,307,308,307,307,811,808,808,811,808,808
865033f8,e85074c5,194.0759091182236,194.1291284173068,174.71333566145023,174.49628245969762,179.98265609154592,10936.0,10884.0,573,434,2917905.76,1045572.1,2918054.69,1045696.54,4781.052152664815,6754.748974617945,1746,5302,1561,7235,2917984.7,1045478.8,2914852.21,1049090.72,2918025.57,1045733.64,2922902.56,1041060.14,835,768,768,835,768,768,1144,1081,1081,1144,1081,1081,1663,1598,1598,1663,1598,1598
995ff498,a7744f5b,196.5633640839228,196.5633640839228,178.65329982317775,178.73619849103753,51.1193208246484,11223.0,10545.0,650,0,2906597.37,1034590.5,2906749.56,1034714.9,5782.489620544004,5542.818432142501,1601,6126,1640,6016,2906802.09,1034335.89,2903034.23,1038722.28,2906749.56,1034714.9,2910459.07,1030596.36,825,926,825,825,926,825,1128,1237,1128,1128,1237,1128,1644,1763,1644,1644,1763,1644
37344c2a,999daf80,196.5707221332548,196.5941700557577,173.7625232102233,176.51034765196238,55.90809842394594,10449.0,10343.0,136,0,2917876.6,1044965.73,2917692.62,1045034.95,6355.796779987681,4920.132865899107,1746,6942,1875,5438,2917878.82,1044963.87,2922406.04,1040502.88,2917692.62,1045034.95,2914583.97,1048848.61,461,484,461,461,484,461,857,834,834,857,834,834,1379,1339,1339,1379,1339,1339
4b462989,9896fc0b,196.58495491760328,196.58495491760328,178.4395754885469,178.30032178575468,145.9645055980258,10352.0,10470.0,0,0,2928846.44,1055851.94,2929035.86,1055799.35,4328.779266178966,4756.503984745793,1632,4737,1514,5108,2928846.44,1055851.94,2925934.36,1059054.77,2929035.86,1055799.35,2932138.66,1052194.22,324,271,271,324,271,271,718,654,654,718,654,654,1231,1175,1175,1231,1175,1175
203721ab,4f4ac5ce,196.99733120028293,197.03991727559225,178.81061995609818,178.30465756276345,179.9310670215944,11497.0,11171.0,922,599,2899540.21,1024825.61,2899392.03,1024695.8,6842.9556468680685,6514.894941785109,1505,7234,1737,6898,2899177.07,1025220.51,2903775.7,1020153.1,2899543.05,1024492.23,2895265.97,1029406.54,1296,1236,1236,1296,1236,1236,1630,1603,1603,1630,1603,1603,2153,2140,2140,2153,2140,2140
5aa403d0,93f5d2e6,200.397134211016,200.397134211016,178.34239751975292,178.62043362858793,164.0951517546764,10397.0,10583.0,0,0,2928293.68,1055361.95,2928211.63,1055179.12,4338.05276984983,4856.322616795864,1584,4701,1480,5170,2928293.68,1055361.95,2925377.44,1058573.53,2928211.63,1055179.12,2931370.91,1051490.92,329,302,302,329,302,302,729,681,681,729,681,681,1260,1206,1206,1260,1206,1206
884ecb5f,b585b4fa,201.18656267240937,201.3961280657713,179.10142631688143,179.31648628234132,43.67968637641836,10554.0,11401.0,0,941,2906668.53,1037473.28,2906526.6,1037330.69,7625.947473154013,5461.583921070974,1330,8053,1705,5998,2906668.53,1037473.28,2911748.16,1031785.36,2906803.56,1037020.6,2903229.94,1041150.75,887,1099,887,887,1099,887,1270,1416,1270,1270,1416,1270,1819,1938,1819,1819,1938,1819
ebe69318,fb3848a1,205.1009509970736,205.11662365586187,178.39632810429958,178.31261115525868,179.8929228976571,10429.0,11636.0,141,1249,2900480.38,1026353.98,2900318.39,1026228.18,6129.093928803715,7285.115310254045,1742,6717,1940,7858,2900480.24,1026355.25,2904599.33,1021816.65,2900771.07,1025715.54,2896027.96,1031245.08,1343,1386,1343,1343,1386,1343,1700,1695,1695,1700,1695,1695,2225,2220,2220,2225,2220,2220
1a730ac2,45fb3e21,208.19246408087108,208.56170046303896,179.39002181573264,179.90098505013952,179.9392404296375,15010.0,13373.0,3755,2507,2990649.32,1091900.67,2990842.71,1091977.77,5863.186025984523,5015.344937858207,1444,6048,1977,5625,2989303.18,1095213.07,2991464.9,1089762.94,2991508.92,1090197.32,2989709.53,1094878.76,3800,3940,3800,2166,2181,2166,5978,5626,5626,5978,5626,5626,6049,5626,5626,6049,5626,5626
1d78281a,a6b8ac67,211.40889692719608,211.5366266159085,164.46168338562254,164.6685644305976,165.638786950021,12753.0,12314.0,814,199,2948446.53,1015047.97,2948240.84,1014999.13,6178.834921188686,6519.159824954408,1861,6809,1564,7016,2948383.54,1015267.62,2949769.97,1009246.34,2948241.26,1014995.97,2945130.09,1020724.85,414,568,414,414,568,414,1316,1080,1080,1316,1080,1080,1838,1624,1624,1838,1624,1624
da940160,e7d0c1de,212.286968041165,212.286968041165,175.13015637411934,175.6415536672097,125.817669270817,11727.0,10788.0,950,0,3007032.39,1116804.34,3006820.11,1116806.06,6238.927720377919,5959.511646737575,1660,6791,1744,6454,3006996.2,1116392.68,3007160.65,1122629.44,3006820.11,1116806.06,3006157.85,1110883.46,723,680,680,379,611,379,1409,1299,1299,1409,1299,1299,1931,1845,1845,1931,1845,1845
0dd99dc5,276b012a,212.8723302827778,212.8723302827778,171.98637481674933,172.0867814817092,140.73575328882063,11875.0,12075.0,0,0,3008856.68,1074084.5,3008735.87,1073909.23,8645.972724598521,5989.192640089203,1840,9181,1454,6290,3008856.68,1074084.5,3004595.84,1081607.67,3008735.87,1073909.23,3012385.11,1069160.18,476,268,268,476,268,268,889,669,669,889,669,669,1416,1206,1206,1416,1206,1206
310c71a5,4654e7de,213.99357794093424,214.04770729906508,178.5419751684741,177.64028549507597,128.5826473230854,10515.0,11853.0,0,1121,2907298.67,1032190.03,2907464.34,1032325.48,6497.176126595119,6642.247508456801,1743,6987,1637,7009,2907298.67,1032190.03,2903040.49,1037097.29,2906951.58,1032888.3,2911431.08,1027983.86,1227,1250,1227,1227,1250,1227,1659,1568,1568,1659,1568,1568,2201,2088,2088,2201,2088,2088
5def1ce5,cdc60a53,215.34440740343985,215.36978734257988,178.63248727734492,179.46384654833466,179.55226516162838,10758.0,13768.0,148,3253,2906205.09,1036970.41,2906042.56,1036829.14,7589.48777884925,7122.335454975451,1554,7996,1753,7630,2906205.48,1036973.65,2911263.45,1031315.27,2907832.98,1034740.78,2903214.42,1040162.64,641,407,407,641,407,407,3545,3711,3545,3545,3711,3545,4102,4235,4102,4102,4235,4102
12203f2a,7cbbd047,218.8340087829172,218.8515569967651,154.8796417448433,154.5723111659988,121.07903963250853,11124.0,11376.0,0,190,3014909.2,1114047.67,3015125.45,1114081.2,4450.589122678129,6276.279671150615,1730,4990,1669,6789,3014909.2,1114047.67,3013788.78,1118354.92,3015129.85,1114077.4,3019139.04,1109248.52,524,427,427,524,427,427,956,835,835,956,835,835,1486,1364,1364,1486,1364,1364
460f859e,5cdd8dbc,220.24942088476487,220.33944177102867,176.74179902055909,179.8117019455262,171.20199649577722,10668.0,11607.0,208,1105,2913098.11,1041975.09,2913238.06,1042145.16,4478.858353308407,5150.603981825638,1646,4981,1741,5750,2913099.09,1041972.81,2915980.42,1038543.8,2913703.26,1041861.43,2910171.02,1045610.03,584,260,260,584,260,260,1274,1563,1274,1274,1563,1274,1897,2079,1897,1897,2079,1897
01982c1d,ee288beb,220.8324835706792,221.08367872802827,179.5675737297351,179.64987735189044,179.8560759079435,11724.0,15002.0,1703,4882,2995905.39,1123139.67,2996118.12,1123198.94,5085.783873996138,5680.016110540507,1646,5586,1552,6189,2996249.89,1121981.57,2994734.18,1126836.24,2994891.45,1127399.97,2996543.29,1121965.45,2519,2481,2481,1437,1431,1431,5587,5655,5587,5587,5655,5587,5587,6190,5587,5587,6190,5587
3bfee975,ed6436d6,222.9526194060154,223.15932649090985,179.9000853607131,179.91513025320813,179.94406829460124,13678.0,14697.0,2086,3499,3001003.09,1088688.53,3000795.05,1088608.36,4785.82581531157,4396.668303181442,1485,5087,2082,5026,3000380.78,1090364.59,3002069.7,1085886.68,3001779.24,1085910.93,3000234.83,1090027.42,1319,1315,1315,1319,1315,1315,5088,5027,5027,5088,5027,5027,5088,5027,5027,5088,5027,5027
153552f5,c2c6fc71,223.63836880103543,223.63873412288683,171.3063752743251,171.21864253277806,157.73291108616823,11249.0,11388.0,0,4,3003739.07,1090107.02,3003952.03,1090038.74,5947.420052333311,8369.117184625973,1803,6497,1721,8839,3003739.07,1090107.02,3000232.74,1094910.92,3003952.04,1090038.77,3009851.18,1084102.25,408,305,305,408,305,305,837,717,717,837,717,717,1357,1261,1261,1357,1261,1261
d543916f,d60430e6,223.85545738299467,224.16682827777447,179.2550875856279,173.7041691390881,170.32215156118838,13190.0,14708.0,2787,4175,2992495.57,1117753.29,2992715.7,1117793.96,5925.371204456429,3748.143883097292,1482,6280,1665,4175,2991722.49,1120073.61,2993226.14,1114342.2,2993713.9,1114181.18,2992715.7,1117793.96,286,155,155,286,155,155,3377,3349,3349,2956,2502,2502,4462,4176,4176,4462,4176,4176
bf70b410,f8afa78a,226.26182819891045,226.27954127577365,179.60719629022833,179.71869921792043,142.58389150881084,10288.0,11179.0,0,677,2886676.03,1022118.91,2886497.85,1021979.46,7498.256224409531,7063.46538730838,1653,7999,1335,7366,2886676.03,1022118.91,2881601.93,1027639.54,2886250.78,1022271.53,2890994.89,1017038.37,480,247,247,480,247,247,1348,1145,1145,1348,1145,1145,1875,1672,1672,1875,1672,1672
1590af81,1a730ac2,228.27294473970812,228.31596921832596,179.1753046110615,179.50999981121342,175.74682693607707,16549.0,11884.0,5230,629,2989276.03,1094703.45,2989486.06,1094792.87,5014.349640661257,5863.186025984523,1432,5230,1444,6048,2991057.51,1090016.23,2989276.03,1094703.45,2989303.18,1095213.07,2991464.9,1089762.94,1206,1249,1206,689,681,681,5231,6016,5231,5231,6016,5231,5231,6049,5231,5231,6049,5231
1bcb2fcf,ac6f01d5,229.0944853112567,229.12623245722685,178.16879137887668,178.86956179003872,67.00466654720357,11933.0,11832.0,196,195,3014787.07,1094173.79,3014802.71,1093945.23,5692.110927608454,6145.419612199024,1678,6201,1725,6728,3014777.81,1094182.83,3012776.3,1099511.44,3014806.27,1093943.24,3017149.91,1088262.26,352,414,352,352,414,352,753,825,753,753,825,753,1261,1343,1261,1261,1343,1261
a247e7cf,beda8696,230.13347453166983,230.29086065221605,179.23865689551565,179.45369630439978,149.33511825174338,10938.0,10173.0,561,0,2887634.41,1023135.37,2887466.85,1022977.62,6860.869622497032,7325.588306648154,1563,7236,1956,7867,2887484.07,1023287.05,2892140.12,1018247.93,2887466.85,1022977.62,2882424.37,1028291.53,679,789,679,679,789,679,1035,1178,1035,1035,1178,1035,1563,1722,1563,1563,1722,1563
19fb4f7b,ab18d3fc,232.31907390473245,232.31907390473245,168.4607938210384,168.27535476834726,174.04362869299294,19618.0,18912.0,7922,7336,3013125.52,1086704.58,3013143.27,1086936.22,7124.152976824628,6829.180451635495,2303,7922,1643,7336,3016608.38,1080489.82,3013125.52,1086704.58,3008680.38,1092105.39,3013143.27,1086936.22,22,23,22,22,23,22,291,305,291,291,305,291,799,822,799,799,822,799
10a1281a,373ef48b,235.95243588479173,235.9737205710237,177.8900123769283,178.23411675564716,179.64011517802862,11053.0,11396.0,456,599,2904278.3,1026965.55,2904439.78,1027137.59,6874.020940970427,4712.863842569529,1744,7352,1483,4991,2904336.64,1026905.39,2899861.89,1032123.51,2904213.89,1027398.68,2907411.44,1023936.49,680,324,324,680,324,324,1354,1126,1126,1354,1126,1126,1895,1675,1675,1895,1675,1675
3ef98781,b85f7b06,236.66829213058844,236.67638369690417,179.56277065029738,179.62602018562808,176.4082211673357,11452.0,11382.0,177,122,3012159.13,1115414.36,3011927.86,1115364.1,5055.338546299344,5050.844166275567,1451,5342,1650,5452,3012168.31,1115377.46,3012051.55,1120431.45,3011927.04,1115363.2,3012005.16,1110312.96,309,335,309,309,335,309,716,794,716,716,794,716,1248,1339,1248,1248,1339,1248
729e9750,d9eca87b,238.7475455372023,238.79491535631183,179.51531921465676,179.67906633595862,139.60545461038114,10444.0,11240.0,0,995,2886575.16,1022717.07,2886754.99,1022874.11,7104.335159105255,7435.705628176633,1508,7426,1559,7931,2886575.16,1022717.07,2891381.39,1017485.27,2887109.11,1022510.66,2882032.56,1027943.74,384,382,382,230,238,230,1248,1437,1248,1248,1437,1248,1789,1972,1789,1789,1972,1789
9d072e4c,f40cd091,238.9809023750445,239.1190297739176,173.92883029741088,176.48132588247094,155.5609771719105,12321.0,11378.0,1059,0,3000484.71,1101796.26,3000263.77,1101705.17,6532.455022891409,6432.283006499436,1691,6797,1610,6775,3000251.43,1102569.96,3002200.37,1096335.01,3000263.77,1101705.17,2997706.16,1107607.11,142,169,142,142,169,142,1340,1011,1011,1340,1011,1011,2057,1977,1977,2057,1977,1977
367456ce,fae0c593,241.04837688706505,241.05816808397483,178.1916457833404,178.1188183328792,111.66428668439552,10301.0,10527.0,0,292,2994968.11,1121737.55,2994730.35,1121697.87,6805.733252310218,5595.461495399732,1743,7311,1744,6146,2994968.11,1121737.55,2997282.57,1115337.45,2994732.55,1121686.2,2992996.67,1127005.59,447,446,446,447,446,446,913,959,913,913,959,913,1436,1488,1436,1436,1488,1436
739a914f,8ac2f237,242.81743615316236,243.11735478959,176.2010627029279,178.1913118710313,48.92668307117213,12236.0,11044.0,1564,2,3008996.56,1116468.22,3008754.33,1116485.1,6628.683788822584,6435.867723096994,1814,7318,1456,6774,3009261.66,1117336.97,3008766.85,1110726.78,3008754.33,1116485.16,3008808.47,1122920.8,149,323,149,149,323,149,2002,1293,1293,2002,1293,1293,2529,2055,2055,2529,2055,2055
ab94878e,c9e6734f,244.43476614445456,244.43476614445456,178.51974115417667,178.3509578812127,176.85414487680822,10417.0,10600.0,0,0,2939991.51,1058906.07,2940234.21,1058877.0,7132.689538315597,6082.933424097373,1648,7651,1653,6387,2939991.51,1058906.07,2935373.71,1064342.17,2940234.21,1058877.0,2944290.83,1054344.24,272,25,25,272,25,25,787,552,552,787,552,552,1313,1107,1107,1313,1107,1107
2e43c2ea,4a335117,244.64619289897303,244.98162482141416,179.9057561066853,179.84418697978,179.9898403965111,17439.0,11182.0,7001,986,2912826.1,1048489.98,2913016.04,1048644.17,6797.516712925476,6190.512865490306,1651,7348,1712,6726,2916948.48,1043528.2,2912606.04,1048757.87,2912761.4,1049034.58,2916708.23,1044265.41,260,249,249,260,249,249,6521,6727,6521,6521,6727,6521,7349,6727,6727,7349,6727,6727
c9e6734f,ff8bb73a,246.41405033004008,246.41405033004008,179.0322913940134,178.65238753017454,132.98406703960046,10600.0,10442.0,0,0,2940234.21,1058877.0,2940254.1,1059122.61,6082.933424097373,7144.055626274249,1653,6387,1743,7669,2940234.21,1058877.0,2944290.83,1054344.24,2940254.1,1059122.61,2935580.42,1064525.78,17,161,17,17,161,17,559,797,559,559,797,559,1104,1325,1104,1104,1325,1104
1fdbba44,9f0c7bae,247.7797913470171,247.7797913470171,153.095667035653,152.84009060016285,144.43673927961876,12425.0,12573.0,0,0,2949996.87,1015277.19,2949990.2,1015029.5,6095.121351679558,3874.160648772863,1422,6332,1498,4039,2949996.87,1015277.19,2947150.93,1020667.1,2949990.2,1015029.5,2950053.1,1011155.85,14,6,6,14,6,6,489,398,398,489,398,398,1004,913,913,1004,913,913
5bd25f59,65a5466a,249.68019545038223,249.68358476295532,151.83466428879157,151.440647625066,125.18003708584811,11039.0,10402.0,1176,0,2998468.95,1127990.84,2998301.23,1127805.88,5507.915325892467,5796.944434924329,1910,6119,1434,6116,2998878.2,1127584.36,2994828.06,1131317.12,2998301.23,1127805.88,3000204.77,1122330.38,26,11,11,26,11,11,1607,859,859,1607,859,859,2143,1591,1591,2143,1591,1591
357c12f9,8c167025,249.87899991770416,249.90131432244092,176.63792594551992,176.54562898727173,2.2342528944396878,10334.0,10434.0,197,168,2940924.72,1064285.89,2941140.57,1064411.78,5200.176757091698,6605.5737199733385,1691,5769,1745,7112,2940925.86,1064281.12,2937744.89,1068394.91,2941142.83,1064409.76,2945482.99,1059430.14,93,94,93,93,94,93,971,895,895,971,895,895,1507,1428,1428,1507,1428,1428
729e9750,bf70b410,250.9014796687621,250.9281494769502,179.98573916540067,179.79001699816124,179.9826730438524,10894.0,11091.0,450,803,2886683.29,1022580.69,2886513.04,1022396.39,7104.335159105255,7498.256224409531,1508,7426,1653,7999,2886575.16,1022717.07,2891381.39,1017485.27,2886676.03,1022118.91,2881601.93,1027639.54,0,0,0,0,0,0,1208,1379,1208,1208,1379,1208,1771,1945,1771,1771,1945,1771
c59b6c4a,fa16d114,252.27640099668469,252.27640099668469,179.91054470409918,179.01561417495452,100.8699837029508,9984.0,10669.0,0,0,2888026.24,1024194.07,2888205.32,1024016.38,6838.37910859737,6819.321763379618,1961,7459,1242,6927,2888026.24,1024194.07,2883249.24,1029087.3,2888205.32,1024016.38,2892976.62,1019144.23,0,0,0,0,0,0,817,332,332,817,332,332,1359,849,849,1359,849,849
3e011332,fcfcc902,259.1077308765527,259.1077308765527,176.40717794585242,179.97519132634858,175.2163286675845,15399.0,15288.0,4841,4664,2984883.78,1089198.28,2984891.59,1089457.27,4093.4002986272103,3996.437456860697,2119,4841,1874,4664,2986357.06,1085379.2,2984883.78,1089198.28,2983222.38,1093088.42,2984891.59,1089457.27,0,0,0,0,0,0,255,251,251,255,251,251,763,760,760,763,760,760
02e7fe5a,f88ddb26,260.32390228325846,260.36256662548544,179.66105602392173,179.76896715364265,179.89753127942748,14440.0,15669.0,2965,4331,2985920.88,1061028.1,2985660.67,1061020.4,6338.2245117145885,6109.798342416895,1780,6887,1595,6584,2985897.41,1058610.08,2985954.21,1064948.05,2985644.93,1064879.98,2985626.32,1058770.21,0,0,0,0,0,0,6888,6585,6585,6888,6585,6585,6888,6585,6585,6888,6585,6585
8bda1a11,beda8696,266.59305936213013,266.6158856859185,179.44332982367916,179.5428612176723,179.93787332334122,10842.0,11048.0,396,875,2887033.1,1023007.58,2887211.97,1023205.26,7121.092570139621,7325.588306648154,1457,7437,1956,7867,2886927.71,1023108.87,2891779.01,1017895.92,2887466.85,1022977.62,2882424.37,1028291.53,0,0,0,0,0,0,1173,1420,1173,1173,1420,1173,1725,1961,1725,1725,1961,1725
bd4ae5da,c9e980e8,267.09790433480464,267.1699513418549,178.94207094189778,179.21666860669396,179.75009006147778,16787.0,12532.0,5786,1786,3008348.92,1115454.41,3008082.09,1115466.37,6253.065035788374,5620.777824936577,1899,6904,1903,6261,3008143.3,1110322.07,3008426.03,1116568.74,3008125.42,1116617.17,3007767.65,1111007.79,0,0,0,0,0,0,5942,6262,5942,5942,6262,5942,6905,6262,6262,6905,6262,6262
30d75030,3aaa2b30,268.39587049753595,268.41786863043444,172.85260395674973,175.7775380631836,168.62111545915582,15586.0,12240.0,5008,1821,2991714.42,1118597.6,2991975.49,1118659.88,4744.255146395622,6029.194102672382,1605,5008,1685,6395,2992012.21,1113862.7,2991714.42,1118597.6,2991484.34,1120062.5,2992608.53,1114139.04,0,0,0,0,0,0,3318,3783,3318,3318,3783,3318,5009,5566,5009,5009,5566,5009
43c7f85a,f2d4c8c9,270.2211068739325,270.243709640085,179.06068523554902,179.42709242603215,179.98910638141064,10948.0,10913.0,519,529,2885970.49,1021762.96,2885768.28,1021583.71,7164.986794300557,7506.568198671069,1506,7483,1659,7907,2885816.29,1021929.64,2890532.64,1016535.84,2885861.33,1021453.59,2880828.16,1027022.77,0,0,0,0,0,0,1118,1167,1118,1118,1167,1118,1663,1726,1663,1663,1726,1663
0dc835f3,367456ce,271.9800773953144,271.9800773953144,178.75924165582336,178.76993358454183,115.69313488401195,10658.0,10301.0,0,0,2994854.75,1121984.78,2994968.11,1121737.55,5224.065777610338,6805.733252310218,851,5278,1743,7311,2994854.75,1121984.78,2993184.97,1126934.8,2994968.11,1121737.55,2997282.57,1115337.45,0,0,0,0,0,0,259,697,259,259,697,259,772,1221,772,772,1221,772
2b06ad65,877ed19c,272.18854586478056,272.1887995489637,178.3101572517724,178.23966862369429,22.391985876969425,11275.0,11125.0,0,137,3011810.14,1115425.28,3012067.12,1115335.57,5459.600234449329,5040.269735887232,1450,5705,1923,5630,3011810.14,1115425.28,3011674.7,1120883.2,3012065.98,1115332.04,3012339.55,1110299.2,0,0,0,0,0,0,565,883,565,565,883,565,1113,1441,1113,1113,1441,1113
7acda2df,f4d12d23,273.3932341882161,273.46051360300066,177.70505368962793,179.32325839346433,179.72208965818098,11688.0,14569.0,1038,4092,2915860.55,1042973.41,2915652.81,1042795.68,4229.725757469197,4897.39325022011,1461,4551,1747,5447,2915565.12,1043659.96,2918148.07,1040310.49,2917911.97,1040066.25,2914768.4,1043821.57,0,0,0,0,0,0,4552,4978,4552,4552,4978,4552,4552,5448,4552,4552,5448,4552
861e71df,da940160,277.29590566736863,277.3071403699424,175.82868284775105,175.0832063864433,165.72337171669332,10776.0,11678.0,3,901,3007309.17,1116754.2,3007031.89,1116757.17,5762.5805064224905,6238.927720377919,1584,6283,1660,6791,3007309.18,1116754.23,3006738.67,1111019.96,3006996.2,1116392.68,3007160.65,1122629.44,0,0,0,0,0,0,1265,1315,1265,1265,1315,1265,1839,1866,1839,1839,1866,1839
722cf0d8,eac10e86,277.9585987155078,277.9632443327833,179.17128800967373,179.6146070369869,123.02174038524645,10530.0,10521.0,504,0,2889505.11,1025905.57,2889314.12,1025703.62,6669.763625864011,7205.0677911660205,2132,7274,1434,7500,2889590.54,1025829.33,2884875.22,1030546.48,2889314.12,1025703.62,2894333.65,1020534.74,0,0,0,0,0,0,1098,744,744,1098,744,744,1660,1337,1337,1660,1337,1337
8bda1a11,d9eca87b,279.06772869698494,279.1644957726529,179.88497594594983,179.8750944095948,179.1723484672045,11254.0,10665.0,808,420,2887278.06,1022751.18,2887073.42,1022561.44,7121.092570139621,7435.705628176633,1457,7437,1559,7931,2886927.71,1023108.87,2891779.01,1017895.92,2887109.11,1022510.66,2882032.56,1027943.74,0,0,0,0,0,0,1285,1467,1285,1285,1467,1285,1831,2013,1831,1831,2013,1831
4936af16,d0a0e7b5,279.1644835932621,279.443037666334,179.71997596185457,179.5987477081593,179.96152250751933,11342.0,15600.0,932,4954,2990821.03,1119597.19,2990542.98,1119572.27,5201.742990008285,5139.048762893827,1568,5558,1607,5422,2990829.81,1120179.45,2991103.46,1114984.91,2990783.75,1114906.27,2990488.32,1120036.82,0,0,0,0,0,0,5559,5423,5423,5559,5423,5423,5559,5423,5423,5559,5423,5423
3df4b19e,bd6f0e19,279.2968773545824,279.4073744551995,178.34568978137574,179.27281570595278,179.95410073544488,17216.0,12058.0,6366,1463,3006156.0,1122315.91,3005876.71,1122313.95,6174.827059748288,6455.528022539988,1670,6657,1839,6978,3006021.62,1116433.42,3006162.05,1122606.65,3005988.13,1123257.02,3005655.06,1116810.09,0,0,0,0,0,0,6247,6289,6247,6247,6289,6247,6658,6979,6658,6658,6979,6658
739a914f,9b9e3b49,280.48257343351776,280.72722650255383,178.38951500669168,179.38861793114302,179.990512920132,12228.0,17953.0,1556,6809,3008997.11,1116476.2,3008717.33,1116496.04,6628.683788822584,6300.552131884926,1814,7318,1757,6874,3009261.66,1117336.97,3008766.85,1110726.78,3008427.3,1110267.23,3008720.85,1116560.94,0,0,0,0,0,0,6221,6310,6221,6221,6310,6221,7319,6875,6875,7319,6875,6875
b95e7121,be063506,281.05904166205426,281.05904166205426,174.99295022988866,175.29489118012015,177.0768790137958,18292.0,17530.0,7491,6538,3000287.3,1108889.52,3000338.1,1108613.09,7232.109626415966,6020.005225886474,1186,7491,2039,6538,2998196.76,1115812.89,3000287.3,1108889.52,3002574.61,1103023.95,3000338.1,1108613.09,0,0,0,0,0,0,221,222,221,221,222,221,723,724,723,723,724,723
e149204f,f2d4c8c9,283.2141069934132,283.21925164105687,178.6172222110523,178.96601667387066,110.27045254790116,10483.0,11236.0,0,852,2885352.3,1021575.58,2885542.9,1021785.06,7247.1878823239,7506.568198671069,1452,7548,1659,7907,2885352.3,1021575.58,2890080.39,1016083.14,2885861.33,1021453.59,2880828.16,1027022.77,0,0,0,0,0,0,1098,1248,1098,1098,1248,1098,1672,1790,1672,1672,1790,1672
c2c4db09,cbe62450,285.7908231558993,286.0047726873387,178.65391207996169,178.9186638072554,174.51536854354623,11755.0,10695.0,1160,91,2995811.27,1114434.14,2996076.72,1114540.03,7458.938708858213,7522.573349678902,1812,7850,1600,7857,2995539.8,1115168.82,2998194.85,1108198.42,2996079.6,1114535.34,2993567.78,1121626.17,0,0,0,0,0,0,1574,1481,1481,1574,1481,1481,2131,2052,2052,2131,2052,2052
aaeffccb,ba48188d,286.3117086324924,286.31205912450326,178.49146309007685,178.02173061112703,175.43069491693214,15929.0,15993.0,4585,4027,3009234.79,1088068.88,3009462.75,1088242.11,3947.0629541596822,5275.891225461355,1874,4585,1368,5533,3006733.14,1091121.92,3009234.79,1088068.88,3011773.22,1085258.47,3008537.95,1089425.97,0,0,0,0,0,0,1871,1921,1871,1871,1921,1871,2440,2468,2440,2440,2468,2440
5542c301,9896fc0b,288.2448030754445,288.2563430350821,177.8813332839268,177.90141491290925,158.21674988962445,10379.0,10470.0,255,0,2929205.1,1056032.68,2929035.86,1055799.35,4782.9224764049895,4756.503984745793,1842,5432,1514,5108,2929211.21,1056030.78,2925959.29,1059538.11,2929035.86,1055799.35,2932138.66,1052194.22,0,0,0,0,0,0,998,691,691,998,691,691,1553,1244,1244,1553,1244,1244
dc7f9757,f72b268f,292.684434160718,292.684434160718,179.85651812934523,179.06760444461082,172.41672853274457,16679.0,18056.0,6202,7917,3003914.17,1128588.77,3004048.03,1128849.05,5636.236475033719,7444.516178134107,1843,6202,1514,7917,3003740.17,1122955.22,3003914.17,1128588.77,3004259.22,1136290.57,3004048.03,1128849.05,0,0,0,0,0,0,225,218,218,225,218,218,733,727,727,733,727,727
1aaf1da0,6dbe4b60,293.3722580615505,293.3722580615505,158.06704171033005,158.8697148848392,158.5075973675041,17690.0,17461.0,6320,6672,3004739.06,1110654.64,3004845.89,1110927.87,5835.320754414367,6137.639849094888,1517,6320,2025,6672,3006646.69,1105139.94,3004739.06,1110654.64,3005151.23,1117057.91,3004845.89,1110927.87,0,0,0,0,0,0,238,212,212,238,212,212,755,720,720,755,720,720
1e30dedf,9a6b0392,294.09342138196456,294.11534404052026,152.0508484067469,151.97601810063642,117.03824131405936,10480.0,10113.0,155,0,2997437.64,1127765.43,2997231.78,1127555.4,5368.016315027349,5436.205020094431,1403,5473,1547,5801,2997516.11,1127688.92,2993563.11,1131320.64,2997231.78,1127555.4,2999044.31,1122430.26,0,0,0,0,0,0,624,704,624,624,704,624,1170,1276,1170,1170,1276,1170
05a0ee4d,8cc800b3,294.9023501092294,294.9023501092294,176.77706527473865,176.99842943019274,176.87651904757135,17067.0,18601.0,6097,8090,2992517.01,1105683.34,2992582.45,1105970.89,5578.52683134203,7719.2895033805025,1750,6097,1515,8090,2994585.45,1100502.46,2992517.01,1105683.34,2989321.72,1112967.68,2992582.45,1105970.89,0,0,0,0,0,0,231,236,231,231,236,231,744,752,744,744,752,744
3e011332,b37fd114,297.5960525612661,297.59946790949505,179.42541209128936,179.2241716752237,59.249173949096885,10558.0,12698.0,0,1651,2986357.06,1085379.2,2986083.94,1085261.01,4093.4002986272103,9483.632707196082,2119,4841,1625,9785,2986357.06,1085379.2,2984883.78,1089198.28,2985573.67,1086524.7,2989075.54,1077711.29,0,0,0,0,0,0,2423,2042,2042,2423,2042,2042,3022,2594,2594,3022,2594,2594
7c607683,c6c96179,299.2697219899957,299.3944875910582,177.3964078666014,178.06947054908244,46.94321443881133,11126.0,10214.0,785,0,2908406.35,1038875.17,2908628.58,1039075.61,6430.130361555815,5219.747663488987,1673,7000,1809,5812,2908573.41,1038688.21,2904399.46,1043579.5,2908628.58,1039075.61,2912193.71,1035263.05,0,0,0,0,0,0,1221,1212,1212,1221,1212,1212,1780,1770,1770,1780,1770,1770
77e4821c,a85bb86f,303.5574774239519,303.5574774239519,172.28601591016346,172.4819897285597,177.19611658574456,10609.0,10113.0,0,0,2919369.19,1046743.23,2919544.44,1046991.09,6268.218779206842,4475.323766902254,1147,6539,2001,5099,2919369.19,1046743.23,2924166.87,1042709.27,2919544.44,1046991.09,2916536.63,1050304.94,0,0,0,0,0,0,607,934,607,607,934,607,1189,1503,1189,1189,1503,1189
925a7cd1,e161bd0c,304.22541790555783,304.22541790555783,172.27749367266154,172.2251434287505,141.88987780672016,11256.0,11456.0,0,0,3003404.4,1089977.65,3003204.2,1089748.58,5963.830501590427,4072.502960649443,1984,6500,1864,4812,3003404.4,1089977.65,2999865.54,1094778.04,3003204.2,1089748.58,3006039.34,1086825.01,0,0,0,0,0,0,842,1088,842,842,1088,842,1419,1655,1419,1419,1655,1419
5bd25f59,76201745,304.791135041637,304.79950869387324,153.90596094619363,152.09060706406513,150.7983028830121,10684.0,10165.0,821,0,2998702.34,1127778.95,2998491.96,1127558.41,5507.915325892467,5546.518833015934,1910,6119,1410,5857,2998878.2,1127584.36,2994828.06,1131317.12,2998491.96,1127558.41,3000501.43,1122388.7,0,0,0,0,0,0,1265,818,818,1265,818,818,1819,1383,1383,1819,1383,1383
3a0af893,a959858c,306.8083012241347,306.96228563139624,176.8966204108471,179.74432078388696,146.31340958926464,11968.0,16691.0,0,5615,3022261.73,1105388.24,3022047.84,1105168.28,4369.449848688034,4978.059434207162,1653,4579,1366,5769,3022261.73,1105388.24,3019518.64,1108789.35,3018829.08,1108762.4,3022159.44,1105062.43,0,0,0,0,0,0,3946,4152,3946,3348,3530,3348,4580,5770,4580,4580,5770,4580
2fd68f7b,ae8959c3,310.5633135128196,310.7091543550358,151.72424143622928,151.0673748876163,97.77033732643066,10074.0,11224.0,0,1391,2997404.6,1127840.23,2997612.91,1128070.57,5844.750879797963,5993.323190751526,1651,6380,2127,6644,2997404.6,1127840.23,2999343.73,1122326.53,2998178.62,1127577.07,2993749.14,1131614.35,0,0,0,0,0,0,934,932,932,934,932,932,1824,2333,1824,1824,2333,1824
0dc835f3,efde6ac3,312.2145765334353,312.38461501800026,178.74984876049038,179.0540725715874,175.42101504075123,10658.0,11094.0,0,765,2994854.75,1121984.78,2994562.08,1121876.05,5224.065777610338,5738.249387121568,851,5278,1661,6219,2994854.75,1121984.78,2993184.97,1126934.8,2994436.83,1122149.3,2996389.15,1116753.38,0,0,0,0,0,0,699,1151,699,699,1151,699,1278,1719,1278,1278,1719,1278
0dc835f3,d085e611,312.2145765334353,312.38461501800026,178.67843352777672,178.8974546362854,175.42101504075123,10658.0,11094.0,0,765,2994854.75,1121984.78,2994562.08,1121876.05,5224.065777610338,7368.783170008496,851,5278,1661,7851,2994854.75,1121984.78,2993184.97,1126934.8,2994436.83,1122149.3,2996952.54,1115223.25,0,0,0,0,0,0,699,1151,699,699,1151,699,1278,1719,1278,1278,1719,1278
1e5e3573,201661b5,313.66909713895694,313.66909713895694,179.6982092661478,179.74237625465946,174.04466448924634,18567.0,19800.0,7125,8135,3026576.7,1115099.95,3026654.02,1114795.96,6674.524882424305,7466.555124205464,1646,7125,2181,8135,3026652.01,1121774.05,3026576.7,1115099.95,3026609.1,1107329.54,3026654.02,1114795.96,0,0,0,0,0,0,190,191,190,190,191,190,698,694,694,698,694,694
76201745,ae8959c3,313.82760570078875,313.8293459826252,153.5889621744516,152.03893725423353,23.02284485360281,10165.0,9887.0,0,54,2998491.96,1127558.41,2998178.66,1127576.6,5546.518833015934,5993.323190751526,1410,5857,2127,6644,2998491.96,1127558.41,3000501.43,1122388.7,2998178.62,1127577.07,2993749.14,1131614.35,0,0,0,0,0,0,523,772,523,523,772,523,1092,1374,1092,1092,1374,1092
26623a50,aa95015b,314.83390938693304,314.9478948970223,175.3565016700694,175.2066693020862,176.37885283318047,13510.0,16506.0,2642,5760,3001355.41,1111724.61,3001661.69,1111797.5,6956.805695180804,5317.637227801506,1744,7478,1461,5760,3001787.98,1109641.92,3000364.0,1116451.43,3000998.18,1117073.58,3001661.69,1111797.5,0,0,0,0,0,0,2763,2354,2354,2763,2354,2354,5787,5761,5761,5787,5761,5761
5f6756c5,8648abae,315.9182275528139,315.9307661497936,177.37626949804329,176.43858346599706,179.78243048925555,17381.0,11917.0,5978,674,3014728.24,1109675.86,3014471.35,1109491.98,7402.857078250111,5480.09550950529,2133,8063,1842,6085,3017743.46,1105291.45,3013507.95,1111362.92,3014357.27,1109630.71,3017283.65,1104997.38,0,0,0,0,0,0,3919,4138,3919,3919,4138,3919,7105,6086,6086,7105,6086,6086
43b06c70,fd8f77fa,320.37540479871654,320.37540479871654,157.605017860622,158.58415349498324,161.80024423419235,17869.0,17426.0,6589,6755,3004283.6,1110549.04,3004145.16,1110837.96,6058.52422764822,6158.772157662538,1744,6589,1484,6755,3006368.17,1104860.43,3004283.6,1110549.04,3004389.08,1116991.9,3004145.16,1110837.96,0,0,0,0,0,0,181,191,181,181,191,181,683,705,683,683,705,683
ba48188d,ec13af42,322.78770019914134,322.92488429960014,176.81369710220764,175.83040520359842,175.82603852012804,17499.0,14298.0,5533,2864,3008537.95,1089425.97,3008777.32,1089642.52,5275.891225461355,6752.203978687196,1368,5533,1900,7361,3011773.22,1085258.47,3008537.95,1089425.97,3007301.14,1091356.81,3011731.77,1086261.54,0,0,0,0,0,0,2925,3306,2925,2925,3306,2925,5502,5462,5462,5502,5462,5462
4c3df468,98bc6f66,323.23448454623804,323.2965773092364,178.15602494771946,178.05423487822125,179.9002011439764,10716.0,11109.0,183,826,2883184.68,1019928.64,2883416.34,1020154.06,6601.003749430744,7250.185129001951,1511,6902,1657,7719,2883163.42,1019948.76,2887336.32,1014834.06,2883662.75,1019879.9,2878901.07,1025347.22,0,0,0,0,0,0,1032,1210,1032,1032,1210,1032,1605,1784,1605,1605,1784,1605
261785ee,a4719920,324.6608083829337,324.74196156327446,179.13263141298313,179.68067700702508,177.42524717407116,10955.0,11868.0,322,668,2989009.01,1089036.25,2988733.02,1088865.27,4875.42788991916,7156.753985208659,1866,5511,1611,7494,2989015.37,1089028.54,2987249.34,1093572.87,2988527.31,1089161.46,2991220.39,1082530.74,0,0,0,0,0,0,1217,1028,1028,1217,1028,1028,1842,1593,1593,1842,1593,1593
230eaaa3,9dfff011,324.9353426452785,324.9353426452785,155.16193231578472,154.1348792575298,147.150626240596,16838.0,16838.0,6450,6066,2984669.51,1096255.23,2984935.86,1096069.11,5844.610557513644,5482.7748458059,1761,6450,1748,6066,2980760.9,1100600.6,2984669.51,1096255.23,2986551.03,1090829.64,2984935.86,1096069.11,0,0,0,0,0,0,177,206,177,177,206,177,680,732,680,680,732,680
20402d71,b7cdcecb,324.9707969956317,325.12809321863017,177.93643181002005,178.4959869671957,123.69444422179852,11247.0,10481.0,888,0,2885205.73,1021464.93,2884974.58,1021236.51,7457.251919909747,7258.097097752251,1558,7929,1452,7619,2885490.98,1021152.32,2880464.49,1026660.95,2884974.58,1021236.51,2889670.6,1015702.31,0,0,0,0,0,0,1275,1092,1092,1275,1092,1092,1838,1684,1684,1838,1684,1684
2fe023be,5397ceb1,326.85653259496496,327.045172720963,177.30614826238084,176.60979896067556,179.98316183522192,11547.0,11433.0,587,263,2990148.43,1089370.17,2990462.43,1089460.94,5488.309316328431,6430.251919738481,1839,6059,1556,6810,2990180.32,1089270.81,2987910.93,1094267.95,2990465.23,1089508.6,2992846.0,1083535.32,0,0,0,0,0,0,1033,830,830,1033,830,830,1600,1406,1406,1600,1406,1406
49dbc14c,dd7d638e,328.6237588795929,328.65929547187875,178.32006045680083,179.95235802893723,174.78137698491338,15703.0,11997.0,5197,1496,2913367.87,1043006.64,2913137.32,1042772.46,4908.556311880422,5463.2151552451005,1326,5197,1745,6045,2910241.17,1046790.51,2913367.87,1043006.64,2913821.38,1042149.74,2910219.4,1046257.35,0,0,0,0,0,0,5004,4957,4957,5004,4957,4957,5198,6046,5198,5198,6046,5198
7acda2df,b56bc0aa,328.8816055967108,328.9856265854721,177.9954585089753,179.06463922171574,137.83942301540606,10650.0,11890.0,0,1608,2915565.12,1043659.96,2915816.36,1043872.19,4229.725757469197,6767.879007200217,1461,4551,1829,7430,2915565.12,1043659.96,2918148.07,1040310.49,2916436.66,1043146.99,2912118.81,1048358.55,0,0,0,0,0,0,570,732,570,570,732,570,2130,2551,2130,2130,2551,2130
19137a89,dc7f9757,329.03668761992185,329.03668761992185,179.5746259625056,179.2229423240267,176.88064530101747,18014.0,16679.0,7957,6202,3003732.7,1128863.24,3003914.17,1128588.77,7393.9532983715,5636.236475033719,1691,7957,1843,6202,3003906.09,1136255.16,3003732.7,1128863.24,3003740.17,1122955.22,3003914.17,1128588.77,0,0,0,0,0,0,193,189,189,193,189,189,711,708,708,711,708,708
25050f63,eac10e86,329.80780782147,329.84200369247753,178.90438199292691,178.97778251093823,179.38046241482056,10616.0,10868.0,348,347,2889080.38,1025358.5,2889344.88,1025555.51,6822.657276787518,7205.0677911660205,1031,7154,1434,7500,2889117.77,1025198.87,2884459.11,1030183.4,2889314.12,1025703.62,2894333.65,1020534.74,0,0,0,0,0,0,818,785,785,818,785,785,1448,1408,1408,1448,1408,1408
3407f5bf,5aa403d0,331.1933202828652,331.23007260829445,177.6333299711237,178.4268855421309,146.0513635185549,10413.0,10703.0,0,306,2928499.02,1055640.45,2928252.75,1055419.0,4932.229963870348,4338.05276984983,1671,5308,1584,4701,2928499.02,1055640.45,2931661.08,1051855.18,2928293.68,1055361.95,2925377.44,1058573.53,0,0,0,0,0,0,806,800,800,806,800,800,1404,1361,1361,1404,1361,1361
6ea22614,d60430e6,331.5783860563597,331.5885848457084,172.14614852455122,175.66157167580604,175.24822267439905,14226.0,14708.0,4273,4175,2993016.76,1117932.91,2992715.7,1117793.96,7229.0973027064065,3748.143883097292,1923,7893,1665,4175,2991586.52,1121251.89,2994445.86,1114612.31,2993713.9,1114181.18,2992715.7,1117793.96,0,0,0,0,0,0,2882,2484,2484,2882,2484,2484,4553,4176,4176,4553,4176,4176
7a5660b0,e46f4ef4,331.89138464267523,332.00391458565576,178.92708071176136,178.73580496588974,179.85406129448643,13962.0,19724.0,2158,7834,3019753.42,1088690.18,3019444.86,1088567.94,6358.029614589672,8383.447124786895,1938,6935,1735,8929,3020325.34,1087212.4,3018066.64,1093155.7,3016690.68,1095317.82,3019815.13,1087538.36,0,0,0,0,0,0,4817,4386,4386,4093,3663,3663,6936,6751,6751,6936,6751,6751
2b547943,ed6436d6,332.03291674181264,332.04778601879553,178.00961555862068,178.2659737892023,179.8568280970429,16217.0,11655.0,4956,457,3001454.19,1085813.03,3001759.06,1085944.56,4600.275998513589,4396.668303181442,1651,5130,2082,5026,2999757.03,1089901.17,3001521.58,1085652.77,3001779.24,1085910.93,3000234.83,1090027.42,0,0,0,0,0,0,5131,5027,5027,5131,5027,5027,5131,5027,5027,5131,5027,5027
49dbc14c,8255c867,333.14530193283696,333.14530193283696,179.91898014962874,179.5671194041629,178.42455084461642,15703.0,15733.0,5197,5337,2913367.87,1043006.64,2913658.98,1042844.65,4908.556311880422,4819.715449194016,1326,5197,1749,5337,2910241.17,1046790.51,2913367.87,1043006.64,2916734.34,1039133.61,2913658.98,1042844.65,0,0,0,0,0,0,175,174,174,175,174,174,683,685,683,683,685,683
0dd99dc5,86454a6f,333.5009986493298,333.5009986493298,173.37073164172162,173.59440484879332,170.61756943273198,21056.0,21064.0,9181,9099,3004595.84,1081607.67,3004461.28,1081912.82,8645.972724598521,9037.880584877155,1840,9181,1136,9099,3008856.68,1074084.5,3004595.84,1081607.67,3000944.96,1090238.61,3004461.28,1081912.82,0,0,0,0,0,0,168,167,167,168,167,167,669,668,668,669,668,668
1bcb2fcf,e748dd88,334.0065544264405,334.0065544264405,175.1650257290802,175.7062066046506,157.73813273843163,17938.0,17862.0,6201,6263,3012776.3,1099511.44,3012522.2,1099728.22,5692.110927608454,5866.785313448891,1678,6201,1452,6263,3014777.81,1094182.83,3012776.3,1099511.44,3010003.7,1105026.93,3012522.2,1099728.22,0,0,0,0,0,0,178,167,167,178,167,167,691,671,671,691,671,671
466fc788,c6797dd7,336.79071142192606,336.83765837598105,178.56396108175198,178.98897777121553,134.3666037267692,18280.0,11017.0,6856,0,3008290.06,1104150.55,3008578.74,1104324.02,7199.849149982307,5543.59134991024,1570,7766,1617,6280,3011428.41,1098698.12,3007804.65,1104919.55,3008578.74,1104324.02,3011488.06,1099605.2,0,0,0,0,0,0,6063,6281,6063,6063,6281,6063,7767,6281,6281,7767,6281,6281
4c3168cf,b85f7b06,337.70226842584725,337.70679072252415,179.8714831313383,179.3515724262664,18.350066201700542,11229.0,11260.0,52,0,3011624.43,1115513.1,3011927.04,1115363.2,5586.846155435074,5050.844166275567,1625,5958,1650,5452,3011624.07,1115513.04,3011525.13,1121099.01,3011927.04,1115363.2,3012005.16,1110312.96,0,0,0,0,0,0,579,631,579,579,631,579,1161,1210,1161,1161,1210,1161
593876b6,eb06a4e7,338.00946288520726,338.01237092736125,179.90194759285032,179.6457779011646,178.07942701924745,17374.0,11905.0,6365,877,3006319.58,1110884.86,3005983.89,1110924.39,6052.150729294504,5825.002030832418,1524,6365,1844,6378,3006910.23,1116908.12,3006319.58,1110884.86,3005950.27,1110571.44,3006508.83,1116369.6,0,0,0,0,0,0,5846,6379,5846,5846,6379,5846,6366,6379,6366,6366,6379,6366
1bcb2fcf,91db7070,338.34124430808595,338.426797106956,177.73375181362937,178.82304368160845,179.76343450329554,16970.0,12874.0,5233,1300,3013150.62,1098619.28,3013464.52,1098745.54,5692.110927608454,5254.579734383965,1678,6201,1573,5645,3014777.81,1094182.83,3012776.3,1099511.44,3013113.24,1099593.4,3015153.97,1094751.29,0,0,0,0,0,0,5191,5537,5191,5191,5537,5191,6202,5646,5646,6202,5646,5646
94d813a4,ee0300f7,339.29448639800603,339.29448639800603,168.1438149055042,168.27561434061096,169.4596595033881,18692.0,17985.0,6590,6160,3018892.24,1086773.67,3018837.38,1087108.5,6073.233015956094,5666.056213646287,1744,6590,1617,6160,3022165.43,1081657.97,3018892.24,1086773.67,3016829.37,1092406.81,3018837.38,1087108.5,0,0,0,0,0,0,170,164,164,170,164,164,679,666,666,679,666,666
8a9c8932,a0383629,340.1737523679917,340.1737523679917,178.79106402270747,179.77941711358258,177.64071948558282,17060.0,17962.0,6343,7686,2898030.1,1030539.42,2897833.53,1030817.05,6085.16467256228,7232.497558416262,1681,6343,1855,7686,2902061.81,1025981.51,2898030.1,1030539.42,2893157.02,1036334.23,2897833.53,1030817.05,0,0,0,0,0,0,161,161,161,161,161,161,662,661,661,662,661,661
a4cdbb0f,c50b42f6,341.50693375112417,341.50693375112417,177.44881571795122,178.8980018973794,114.38254194022416,10509.0,10146.0,0,0,2889916.52,1026393.02,2889674.09,1026152.49,6514.43731545563,7279.126095747983,1555,6758,1906,7919,2889916.52,1026393.02,2885248.13,1030936.59,2889674.09,1026152.49,2894659.32,1020848.42,0,0,0,0,0,0,558,533,533,558,533,533,1156,1446,1156,1156,1446,1156
2d0c268a,c96c018a,343.47512893935965,343.55054722704654,177.09239126268957,178.2331902044781,113.99017743382396,11356.0,10861.0,686,0,3002616.96,1116790.88,3002283.37,1116872.69,5745.931902363478,7240.460835996604,1739,6288,1443,7678,3002585.95,1116598.81,3002839.16,1122339.16,3002283.37,1116872.69,3002331.63,1109632.39,0,0,0,0,0,0,1119,1096,1096,1119,1096,1096,1719,1664,1664,1719,1664,1664
4f3eb9e9,bd6f0e19,343.56022019453434,343.6975596363035,178.8808360340035,179.61209422354088,179.95530972879752,15227.0,13784.0,3868,3189,3005427.42,1120613.78,3005770.35,1120592.98,5860.2460283679575,6455.528022539988,1214,5910,1839,6978,3005270.45,1116796.89,3005458.44,1122654.12,3005988.13,1123257.02,3005655.06,1116810.09,0,0,0,0,0,0,5911,6099,5911,5911,6099,5911,5911,6979,5911,5911,6979,5911
09053135,2fe023be,345.61101790876194,345.66701028588284,176.25908618140005,176.1799176008475,178.12039723825697,11638.0,11243.0,656,283,2989853.42,1089144.31,2990174.11,1089273.17,7197.02664036337,5488.309316328431,1808,7714,1839,6059,2989780.15,1089331.95,2992322.2,1082598.81,2990180.32,1089270.81,2987910.93,1094267.95,0,0,0,0,0,0,1064,1135,1064,1064,1135,1064,1640,1724,1640,1640,1724,1640
660d9546,a3518960,345.7491605195751,345.7491605195751,179.802910487457,179.80517356377476,176.22850695014958,17750.0,18418.0,6139,6991,3023939.13,1115182.42,3024087.87,1114870.3,5877.068081322664,6328.907992758245,1408,6139,2025,6991,3024009.23,1121059.07,3023939.13,1115182.42,3024034.15,1108541.62,3024087.87,1114870.3,0,0,0,0,0,0,168,165,165,168,165,165,677,678,677,677,678,677
b7fea9ef,ef04658e,350.79344249838914,350.81240870302986,179.6616239340982,179.9498346924104,0.1144067097130621,10105.0,15870.0,87,5597,2938422.82,1068839.51,2938132.14,1068643.14,5033.786921394247,5223.297371909938,1709,5574,1560,5663,2938423.52,1068838.63,2941310.12,1064714.73,2941065.2,1064401.08,2938095.25,1068697.85,0,0,0,0,0,0,5575,5664,5575,5575,5664,5575,5575,5664,5575,5575,5664,5575
a783cc24,ef04658e,352.35031105437747,352.54507300520254,179.09704339100205,179.25706717194078,177.09900564315635,10354.0,15858.0,13,5585,2938430.72,1068830.54,2938138.83,1068633.18,3034.894686821841,5223.297371909938,1386,3274,1560,5663,2938430.18,1068831.37,2940194.94,1066362.32,2941065.2,1064401.08,2938095.25,1068697.85,0,0,0,0,0,0,3275,3419,3275,3275,3419,3275,3275,4045,3275,3275,4045,3275
3c3dbcbc,9d072e4c,354.5609053466027,354.6476032626801,179.0355512664626,178.8383193617943,179.57893039216538,13445.0,16706.0,2287,5444,3001423.59,1097500.99,3001759.93,1097613.19,6391.854506494901,6532.455022891409,1842,6910,1691,6797,3001962.13,1095812.08,2999952.72,1101879.87,3000251.43,1102569.96,3002200.37,1096335.01,0,0,0,0,0,0,6362,6130,6130,6362,6130,6130,6911,6798,6798,6911,6798,6798
c36625df,c9e980e8,354.7838733652749,354.939804755943,179.28233909093936,179.97506248678448,179.91902128327402,15899.0,13326.0,4738,2580,3007649.34,1114711.39,3008002.46,1114677.07,5851.378503028056,5620.777824936577,1644,6385,1903,6261,3007308.96,1110514.58,3007754.52,1116348.97,3008125.42,1116617.17,3007767.65,1111007.79,0,0,0,0,0,0,5655,6262,5655,5655,6262,5655,6386,6262,6262,6386,6262,6262
2ee0235b,af7a59ce,355.4961272642442,355.53854502700204,178.2195413714274,178.62910786641783,170.72331078372162,10805.0,11696.0,164,800,2903579.0,1026115.83,2903313.22,1025879.74,6792.672917269032,4030.0721837830433,1700,7255,1306,4329,2903580.22,1026115.63,2899201.99,1031309.04,2902974.38,1026253.75,2905666.45,1023254.71,0,0,0,0,0,0,1248,1150,1150,1248,1150,1150,1864,1745,1745,1864,1745,1745
4ed93db6,a0b83014,358.51929989890334,358.6354207268248,179.75103878502455,179.89128078747018,179.86857633104646,12846.0,16193.0,2136,5597,3007422.34,1118219.67,3007780.84,1118215.95,5914.786134172615,6265.824495611256,1839,6495,1838,6872,3007332.06,1116661.89,3007503.19,1122574.2,3007914.8,1123205.58,3007760.73,1116941.65,0,0,0,0,0,0,6118,5989,5989,6118,5989,5989,6496,6873,6496,6496,6873,6496
0d99f8e4,368fe682,358.74867539816483,358.74867539816483,179.12424024536563,179.3824518297953,176.15348654924426,17955.0,17145.0,7521,6415,2898357.99,1031287.87,2898541.35,1030979.52,7221.091662380481,6102.378711764904,1699,7521,1480,6415,2893691.37,1036798.48,2898357.99,1031287.87,2902555.72,1026383.45,2898541.35,1030979.52,0,0,0,0,0,0,143,144,143,143,144,143,644,648,644,644,648,644
404c4384,e0079ed1,359.1004601780521,359.1303384568608,179.26451694093046,179.35794040484086,177.76582797279798,10415.0,10616.0,172,505,2956491.1,1085442.24,2956196.48,1085236.93,2139.445898100515,4806.681907563404,1701,2611,1786,5256,2956494.76,1085439.05,2955073.23,1087037.95,2956107.93,1085351.49,2959255.3,1081718.55,0,0,0,0,0,0,1016,947,947,1016,947,947,1597,1546,1546,1597,1546,1546
c2717d4f,e7d0c1de,360.7289400644592,360.74938627831096,177.21987266057153,178.07704030189925,177.08625380146393,11972.0,17242.0,1130,6454,3005797.56,1110901.25,3006157.85,1110883.46,6056.582165958083,5959.511646737575,1961,6681,1744,6454,3005777.26,1110384.44,3006157.57,1116429.07,3006820.11,1116806.06,3006157.85,1110883.46,0,0,0,0,0,0,3964,3537,3537,3964,3537,3537,6682,6455,6455,6682,6455,6455
9ad5410a,fdfd57da,360.9192677038809,360.9192677038809,159.29249890297436,159.0362107543834,158.75476859825434,17240.0,17769.0,5748,7363,3002094.53,1109316.33,3001957.1,1109650.06,5525.224200066538,6678.069077824671,1544,5748,2128,7363,3004110.0,1104171.82,3002094.53,1109316.33,3001877.11,1116327.65,3001957.1,1109650.06,0,0,0,0,0,0,140,147,140,140,147,140,641,656,641,641,656,641
368131f9,a622ce4d,361.3591682798671,361.3591682798671,179.95461885900602,179.9788077156306,177.46370558484654,17978.0,18708.0,6567,8046,2997074.55,1107371.67,2996830.21,1107637.9,6263.814193875855,7630.839461501095,1577,6567,1749,8046,2999315.4,1101522.4,2997074.55,1107371.67,2994094.67,1114761.56,2996830.21,1107637.9,0,0,0,0,0,0,145,146,145,145,146,145,656,659,656,656,659,656
5f4d2a52,ee288beb,367.2027615636408,367.2027615636408,176.68088823618464,177.71453035312857,173.6679095550902,17616.0,16309.0,7111,6189,2996890.04,1121844.61,2996543.29,1121965.45,6651.887687581794,5680.016110540507,1887,7111,1552,6189,2999189.75,1115602.9,2996890.04,1121844.61,2994891.45,1127399.97,2996543.29,1121965.45,0,0,0,0,0,0,179,192,179,179,192,179,729,735,729,729,735,729
4630ab92,9426ec1e,370.9860700887379,370.9860700887379,163.1053571282459,163.2207136407342,162.5249638178339,16657.0,15643.0,5306,3922,3012797.22,1104767.78,3012870.83,1105131.39,4720.30791167261,3666.722550180195,1934,5306,1391,3922,3014485.69,1100359.79,3012797.22,1104767.78,3012610.93,1108788.89,3012870.83,1105131.39,0,0,0,0,0,0,145,133,133,145,133,133,666,638,638,666,638,638
0dd99dc5,41fb0192,371.2052188478618,371.2421649003143,176.1109635610979,176.34074031057318,170.73308242583963,12343.0,16436.0,468,4380,3008826.69,1074139.52,3008491.68,1073979.64,8645.972724598521,4097.232180692386,1840,9181,1408,4380,3008856.68,1074084.5,3004595.84,1081607.67,3006235.36,1077399.63,3008491.68,1073979.64,0,0,0,0,0,0,2429,1817,1817,2429,1817,1817,5438,4381,4381,5438,4381,4381
1944513c,bd6f0e19,371.8827885234136,371.8827885234136,179.9760282717168,179.27592976716664,179.7582283953439,17458.0,17573.0,6598,6978,3005734.86,1116446.87,3005655.06,1116810.09,5965.504662918459,6455.528022539988,1877,6598,1839,6978,3005424.58,1110489.44,3005734.86,1116446.87,3005988.13,1123257.02,3005655.06,1116810.09,0,0,0,0,0,0,133,133,133,133,133,133,638,637,637,638,637,637
a3f71395,c03d4aed,372.1281248442453,372.3236013202412,165.70394050516478,166.0403234737245,179.61415901304716,13187.0,12354.0,840,233,2947341.24,1015184.88,2947015.31,1015005.3,6790.487189370295,5855.637938619639,1497,7039,1734,6374,2947635.85,1014655.5,2944401.82,1020626.41,2947010.73,1015005.78,2948441.74,1009327.69,0,0,0,0,0,0,801,904,801,801,904,801,1777,1864,1777,1777,1864,1777
44a94013,dc7da28f,375.5858177567949,375.5858177567949,179.4532490155395,179.4453632612195,160.34429003318584,10465.0,10089.0,0,0,2891012.98,1027725.15,2890976.5,1027351.34,6266.242737981165,6071.184306212375,1589,6491,1898,6671,2891012.98,1027725.15,2886505.26,1032077.88,2890976.5,1027351.34,2895303.46,1023092.62,0,0,0,0,0,0,302,694,302,302,694,302,924,1311,924,924,1311,924
16e4a047,7e208414,377.6772744023975,377.6772744023975,154.56888830968407,153.91588963843714,153.8443179395552,17039.0,17215.0,5683,5731,3010854.87,1104829.56,3010641.31,1105141.06,5192.773781727733,5432.88915253188,1553,5683,1506,5731,3012880.98,1100048.37,3010854.87,1104829.56,3010875.02,1110568.92,3010641.31,1105141.06,0,0,0,0,0,0,124,144,124,124,144,124,629,674,629,629,674,629
1aaf1da0,512943b2,379.1465154792415,379.1465154792415,158.2948850257403,159.85761017364183,163.00358032037803,17690.0,17466.0,6320,6680,3004739.06,1110654.64,3004501.27,1110949.95,5835.320754414367,6145.922783927544,1517,6320,1652,6680,3006646.69,1105139.94,3004739.06,1110654.64,3004782.61,1117089.43,3004501.27,1110949.95,0,0,0,0,0,0,128,145,128,128,145,128,639,679,639,639,679,639
14a53cb3,8a89da23,384.0125940640869,384.0311650111789,178.0309391206419,178.27504668499168,175.6253103184773,11034.0,16126.0,607,5574,2914036.15,1037200.5,2913749.47,1036945.0,8217.624452729367,5195.748694432784,1861,8779,1640,5574,2914117.55,1037110.65,2908789.74,1043367.15,2910246.93,1040782.71,2913749.47,1036945.0,0,0,0,0,0,0,5216,4549,4549,5216,4549,4549,6696,5575,5575,6696,5575,5575
06df5958,10a1281a,384.64756466177937,384.6791396734909,178.28513480607504,178.07091895262252,179.67411180966997,11269.0,11444.0,497,847,2903763.51,1026932.03,2904062.24,1027174.34,4707.550069123003,6874.020940970427,1530,5038,1744,7352,2903605.04,1027075.94,2906775.06,1023595.71,2904336.64,1026905.39,2899861.89,1032123.51,0,0,0,0,0,0,1218,1351,1218,1218,1351,1218,1855,1977,1855,1855,1977,1855
8478df29,eb640a35,385.4216269229418,385.4739375104113,178.66912703662356,177.82747622624206,148.23072290607004,10753.0,10133.0,592,0,2992880.25,1121737.24,2992523.81,1121590.61,6120.600535249753,7306.408691169848,1841,6697,1745,7781,2992926.83,1121638.28,2990904.63,1127415.17,2992523.81,1121590.61,2995097.31,1114752.43,0,0,0,0,0,0,961,794,794,961,794,794,1570,1443,1443,1570,1443,1443
b977be4a,f40cd091,385.42817982054487,385.42817982054487,177.63438706085492,179.6079288967173,178.36601242552177,18212.0,18153.0,7494,6775,2997850.03,1107964.68,2997706.16,1107607.11,7132.760702483987,6432.283006499436,1578,7494,1610,6775,2995286.45,1114620.83,2997850.03,1107964.68,3000263.77,1101705.17,2997706.16,1107607.11,0,0,0,0,0,0,142,143,142,142,143,142,681,690,681,681,690,681
368131f9,d1ee630d,386.0826411535965,386.0826411535965,179.54303487348974,179.98016934970465,176.77537986995006,17978.0,18516.0,6567,7878,2997074.55,1107371.67,2997140.72,1107752.04,6263.814193875855,7428.723962835182,1577,6567,1589,7878,2999315.4,1101522.4,2997074.55,1107371.67,2994538.54,1114710.1,2997140.72,1107752.04,0,0,0,0,0,0,132,128,128,132,128,128,654,649,649,654,649,649
28f4eda9,3ac16ad0,387.71136338767553,387.74267820268415,178.59029191840952,178.7057086761892,106.4183551023573,10580.0,10335.0,0,183,2888231.99,1024634.36,2888530.16,1024386.54,6671.920953855779,6825.571503236877,1558,6823,1763,7411,2888231.99,1024634.36,2883640.47,1029475.07,2888537.38,1024390.62,2893355.05,1019555.49,0,0,0,0,0,0,186,638,186,186,638,186,761,1190,761,761,1190,761
2b547943,b0f53bf4,388.3282281782037,388.3282281782037,158.75715228855282,158.64424508448246,76.85995731604919,11261.0,11663.0,0,0,2999757.03,1089901.17,2999945.15,1090240.89,4600.275998513589,4056.234603471634,1651,5130,1447,4201,2999757.03,1089901.17,3001521.58,1085652.77,2999945.15,1090240.89,2997137.75,1093168.61,0,0,0,0,0,0,648,345,345,648,345,345,1240,957,957,1240,957,957
8612b37f,c2c4db09,388.57765298566943,388.57765298566943,179.52141222451849,178.552336870901,173.79530871252717,18152.0,18445.0,6806,7850,2998358.75,1107846.1,2998194.85,1108198.42,6405.633661707643,7458.938708858213,1642,6806,1812,7850,3000588.79,1101841.18,2998358.75,1107846.1,2995539.8,1115168.82,2998194.85,1108198.42,0,0,0,0,0,0,112,112,112,112,112,112,614,614,614,614,614,614
059c8f24,ecdaf714,388.8093517395034,388.8093517395034,179.76126314057873,179.76833765383796,175.84007586282766,17828.0,18505.0,7997,8239,2918081.05,1061262.71,2918209.21,1060895.63,7476.107740368651,7735.302334479255,1740,7997,1648,8239,2913069.21,1066810.11,2918081.05,1061262.71,2923418.68,1055177.56,2918209.21,1060895.63,0,0,0,0,0,0,121,118,118,121,118,118,636,629,629,636,629,629
3407f5bf,4b462989,389.113541270219,389.21825972075806,177.59623746241576,178.4566491657307,179.80595874374194,10678.0,10463.0,265,111,2928549.99,1055596.68,2928839.65,1055856.5,4932.229963870348,4328.779266178966,1671,5308,1632,4737,2928499.02,1055640.45,2931661.08,1051855.18,2928846.44,1055851.94,2925934.36,1059054.77,0,0,0,0,0,0,717,745,717,717,745,717,1326,1391,1326,1326,1391,1326
6d590e26,c2c4db09,389.4689544752708,389.5063543770605,177.83776335627633,178.70778383785455,179.74249704715487,10779.0,11602.0,318,1007,2996112.23,1114721.95,2995752.34,1114573.07,7287.857176495562,7458.938708858213,1746,7841,1812,7850,2996118.79,1114709.61,2993783.44,1121613.16,2995539.8,1115168.82,2998194.85,1108198.42,0,0,0,0,0,0,1326,1330,1326,1326,1330,1326,2034,1946,1946,2034,1946,1946
699ea575,91db7070,391.00402095127055,391.0120522439339,179.90992877964254,179.9470337853225,136.02893865617426,11744.0,11603.0,0,29,3013231.3,1099966.33,3013114.4,1099593.21,5283.414944796399,5254.579734383965,1354,5473,1573,5645,3013231.3,1099966.33,3011171.72,1104831.78,3013113.24,1099593.4,3015153.97,1094751.29,0,0,0,0,0,0,255,470,255,255,470,255,854,1052,854,854,1052,854
2acc78d4,bd4ae5da,391.4099652538228,391.5522515575058,177.87146715919266,178.3526288363241,179.65896635388722,11823.0,11961.0,677,960,3008517.84,1110680.38,3008127.09,1110657.66,5543.28095572478,6253.065035788374,1843,6108,1899,6904,3008523.0,1110844.86,3008478.21,1105301.76,3008143.3,1110322.07,3008426.03,1116568.74,0,0,0,0,0,0,1358,1437,1358,1358,1437,1358,1974,2088,1974,1974,2088,1974
10a1281a,5eae34a8,391.46232015362216,391.5618760810919,179.84635932398638,179.82915340598117,174.2970876452806,17080.0,16950.0,6483,6651,2900423.54,1031462.56,2900700.95,1031738.76,6874.020940970427,6145.848163516507,1744,7352,1748,6651,2904336.64,1026905.39,2899861.89,1032123.51,2896712.74,1036414.83,2900700.95,1031738.76,0,0,0,0,0,0,1156,1123,1123,1156,1123,1123,1759,1744,1744,1759,1744,1744
9efc812e,ff8bb73a,392.7352535740813,392.7762015449429,177.81973993160747,177.7322304269214,166.6288946344423,10740.0,10656.0,0,214,2940614.21,1059284.22,2940254.06,1059127.59,5843.3580905504405,7144.055626274249,1650,6099,1743,7669,2940614.21,1059284.22,2944602.33,1055013.42,2940254.1,1059122.61,2935580.42,1064525.78,0,0,0,0,0,0,416,680,416,416,680,416,1056,1320,1056,1056,1320,1056
a0b83014,c908edd0,392.9059960089991,392.90599600946456,178.8643986389807,179.0487895462845,179.97678769411377,13743.0,15523.0,3147,4478,3007879.24,1120662.05,3008272.0,1120672.76,6265.824495611256,6448.813408721009,1838,6872,1458,6750,3007914.8,1123205.58,3007760.73,1116941.65,3008260.02,1116493.85,3008290.79,1122942.59,0,0,0,0,0,0,6510,5653,5653,6510,5653,5653,6873,6751,6751,6873,6751,6751
14fee784,eb640a35,393.4213034396164,393.4329536273506,178.70951187852992,178.1465174475497,155.604118335081,10317.0,10216.0,0,83,2992131.0,1121564.3,2992523.68,1121588.44,6131.682203930574,7306.408691169848,1496,6405,1745,7781,2992131.0,1121564.3,2990101.06,1127350.22,2992523.81,1121590.61,2995097.31,1114752.43,0,0,0,0,0,0,452,672,452,452,672,452,1090,1308,1090,1090,1308,1090
60e37807,fcfcc902,393.5069007019773,393.5069007019773,177.41666154594924,179.5453507637631,177.13459994250437,15398.0,15288.0,4640,4664,2985250.19,1089295.24,2984891.59,1089457.27,4019.853373905532,3996.437456860697,1942,4640,1874,4664,2986762.85,1085570.85,2985250.19,1089295.24,2983222.38,1093088.42,2984891.59,1089457.27,0,0,0,0,0,0,135,139,135,135,139,135,681,675,675,681,675,675
9ad5410a,c96c018a,395.1080024498774,395.1080024498774,158.98809050872578,158.55834896979658,159.25895897156718,17240.0,18539.0,5748,7678,3002094.53,1109316.33,3002331.63,1109632.39,5525.224200066538,7240.460835996604,1544,5748,1443,7678,3004110.0,1104171.82,3002094.53,1109316.33,3002283.37,1116872.69,3002331.63,1109632.39,0,0,0,0,0,0,163,125,125,163,125,125,746,660,660,746,660,660
939d9c34,bffe3082,395.821254861436,395.8895438126639,178.47272908607533,179.28632376147692,178.6994372536019,11141.0,11980.0,521,870,2994126.5,1100033.11,2994506.43,1100144.14,5953.585326179662,6699.90939963357,1526,6626,1463,7185,2994135.38,1099966.22,2991896.07,1105482.62,2994466.81,1100550.88,2996820.48,1094278.0,0,0,0,0,0,0,1127,832,832,1127,832,832,1928,1817,1817,1928,1817,1817
30d75030,940a48d9,397.13282072875154,397.1767159588732,179.58817316922412,178.9247819765744,179.94229751487092,14663.0,13182.0,4085,2993,2991759.69,1117677.38,2991364.96,1117633.76,4744.255146395622,5039.984388090867,1605,5008,1664,5626,2992012.21,1113862.7,2991714.42,1118597.6,2991209.76,1120038.72,2991489.95,1115006.53,0,0,0,0,0,0,3828,3879,3828,3828,3879,3828,4526,4491,4491,4526,4491,4491
44441e54,d273674e,397.462733095789,397.462733095789,154.86129223206785,155.3600248849011,153.28922162387343,17237.0,16992.0,5567,5737,3011706.44,1105173.51,3011767.85,1104780.82,5374.505238670778,5100.133654033138,1211,5567,1839,5737,3011950.3,1110542.48,3011706.44,1105173.51,3013722.72,1100070.21,3011767.85,1104780.82,0,0,0,0,0,0,105,105,105,105,105,105,608,611,608,608,611,608
14ad5efb,2d35f86d,398.008085345126,398.008085345126,175.20793773744649,175.34572465273206,175.33913098348188,18205.0,17786.0,7351,6627,2999323.97,1108584.07,2999153.43,1108224.45,7016.287992557041,6226.510667918185,1510,7351,1732,6627,2997226.5,1115279.51,2999323.97,1108584.07,3001504.67,1102458.94,2999153.43,1108224.45,0,0,0,0,0,0,130,139,130,130,139,130,677,695,677,677,695,677
861e71df,c36625df,399.3612565085853,399.426545186928,178.68534661001362,177.78002799215304,179.17567143387757,12123.0,17030.0,1350,5869,3007280.94,1115908.11,3007674.6,1115840.87,5762.5805064224905,5851.378503028056,1584,6283,1644,6385,3007309.18,1116754.23,3006738.67,1111019.96,3007308.96,1110514.58,3007754.52,1116348.97,0,0,0,0,0,0,3389,3044,3044,3389,3044,3044,6284,6386,6284,6284,6386,6284
c66be2b8,efde6ac3,400.0131979069767,400.1447650538635,178.48398440892137,178.3991565089607,179.73455732733532,16070.0,13193.0,5733,2864,2994881.24,1119773.22,2995258.4,1119906.49,5502.549570553659,5738.249387121568,2053,6206,1661,6219,2996440.46,1114990.17,2994705.88,1120212.17,2994436.83,1122149.3,2996389.15,1116753.38,0,0,0,0,0,0,3125,3399,3125,3125,3399,3125,4681,4738,4681,4681,4738,4681
c66be2b8,d085e611,400.0131979069767,400.1447650538635,178.41256917620774,178.24253857365898,179.73455732733532,16070.0,13193.0,5733,2864,2994881.24,1119773.22,2995258.4,1119906.49,5502.549570553659,7368.783170008496,2053,6206,1661,7851,2996440.46,1114990.17,2994705.88,1120212.17,2994436.83,1122149.3,2996952.54,1115223.25,0,0,0,0,0,0,3137,3419,3137,3137,3419,3137,6207,6370,6207,6207,6370,6207
5305524b,dc7da28f,400.47356829126807,400.47356829126807,179.76610744490034,179.8796326189884,163.03496304015263,10527.0,10089.0,0,0,2890576.08,1027357.89,2890976.5,1027351.34,6253.5321302525135,6071.184306212375,1559,6456,1898,6671,2890576.08,1027357.89,2886101.29,1031726.29,2890976.5,1027351.34,2895303.46,1023092.62,0,0,0,0,0,0,221,632,221,221,632,221,861,1269,861,861,1269,861
4cd1ac61,f56d3ace,401.4132335885435,401.4132335885435,157.03822856248877,158.28663052220458,159.6502718477725,17713.0,18122.0,6708,7382,3003572.88,1110131.12,3003211.84,1110306.57,6057.052040787078,6775.222683292404,2220,6708,1951,7382,3005776.5,1104489.14,3003572.88,1110131.12,3003404.25,1117079.06,3003211.84,1110306.57,0,0,0,0,0,0,127,175,127,127,175,127,675,763,675,675,763,675
204cc64b,e46f4ef4,405.2750485783957,405.2750485783957,166.72155713539843,166.83034502969213,167.76804787574238,18471.0,20819.0,6453,8929,3020078.62,1087230.43,3019815.13,1087538.36,5990.484736997471,8383.447124786895,1649,6453,1735,8929,3023528.33,1082332.94,3020078.62,1087230.43,3016690.68,1095317.82,3019815.13,1087538.36,0,0,0,0,0,0,96,100,96,96,100,96,598,612,598,598,612,598
5cb483ac,d273674e,406.55644085424143,406.55644085424143,155.12477805334103,154.41570964442064,156.65535910318837,16775.0,16992.0,5205,5737,3011891.49,1105168.12,3011767.85,1104780.82,4919.682249139511,5100.133654033138,1354,5205,1839,5737,3012092.11,1110083.71,3011891.49,1105168.12,3013722.72,1100070.21,3011767.85,1104780.82,0,0,0,0,0,0,97,116,97,97,116,97,604,659,604,604,659,604
b881d27e,d84b621b,407.5817839401779,407.6222178684079,179.4088067018965,178.81869197486296,165.84548369096987,11521.0,10564.0,770,0,2904878.61,1027928.14,2904535.56,1027708.05,5016.998400019547,5212.810809659228,1433,5441,1752,5745,2904706.35,1028254.51,2907949.92,1024427.04,2904535.56,1027708.05,2901124.54,1031649.92,0,0,0,0,0,0,1055,923,923,1055,923,923,1666,1711,1666,1666,1711,1666
d9d6d94d,ee0300f7,411.6340442674127,411.6340442674127,171.54667480900815,169.01904688650018,166.99320791899086,18691.0,17985.0,6659,6160,3018723.96,1086712.8,3018837.38,1087108.5,6122.022611760017,5666.056213646287,1741,6659,1617,6160,3021711.54,1081369.25,3018723.96,1086712.8,3016829.37,1092406.81,3018837.38,1087108.5,0,0,0,0,0,0,125,107,107,125,107,107,688,642,642,688,642,642
d114d9c2,df71d1ff,412.9867649209452,413.09574495490176,179.10984200665658,178.8159189331914,179.80582546420783,11074.0,10806.0,478,413,2884749.02,1021123.14,2884446.24,1020842.28,7302.391625686605,7432.332505425212,1337,7542,1651,7878,2884921.9,1020932.05,2880037.83,1026360.75,2884372.11,1020876.21,2889256.65,1015274.35,0,0,0,0,0,0,774,1055,774,774,1055,774,1451,1657,1451,1451,1657,1451
0955cd6c,201661b5,413.2720446631957,413.2720446631957,179.9001079057158,179.88697976307816,174.59474508072233,18568.0,19800.0,7124,8135,3026919.29,1115112.86,3026654.02,1114795.96,6656.300393799706,7466.555124205464,1930,7124,2181,8135,3026970.94,1121768.96,3026919.29,1115112.86,3026609.1,1107329.54,3026654.02,1114795.96,0,0,0,0,0,0,102,108,102,102,108,102,647,651,647,647,651,647
992c99e8,e7d0c1de,414.3724346527981,414.471274034802,175.09095914238594,175.48532571568612,139.92126519069635,10775.0,11723.0,0,935,3006331.09,1116403.61,3006743.44,1116362.72,6198.683409571652,5959.511646737575,1836,6739,1744,6454,3006331.09,1116403.61,3006490.24,1122600.25,3006820.11,1116806.06,3006157.85,1110883.46,0,0,0,0,0,0,1157,1254,1157,1157,1254,1157,1839,1864,1839,1839,1864,1839
264feceb,be83e781,419.0160591193476,419.0921106390424,178.25981876075207,177.76811425379734,179.87457827192438,11236.0,11220.0,639,408,2903801.56,1026672.13,2904106.13,1026959.9,6883.283920586129,4450.330394139369,1743,7407,1555,4775,2903911.6,1026541.57,2899336.93,1031684.72,2904004.6,1027076.66,2907061.93,1023842.75,0,0,0,0,0,0,1025,810,810,1025,810,810,1690,1523,1523,1690,1523,1523
884ecb5f,f6824bb0,419.9203145834705,419.9497860458551,179.1440500502787,179.83726909264433,179.8716311326377,11327.0,11000.0,773,673,2906943.2,1037235.24,2907255.29,1037516.19,7625.947473154013,6232.54521951511,1330,8053,1849,6863,2906668.53,1037473.28,2911748.16,1031785.36,2907356.58,1037428.49,2903275.0,1042138.62,0,0,0,0,0,0,1168,1251,1168,1168,1251,1168,1799,1970,1799,1799,1970,1799
4ed93db6,593876b6,420.1390077108055,420.268350580772,176.05734104691305,175.11729719095544,175.89238875594825,10894.0,11521.0,184,512,3007331.58,1116662.42,3006911.55,1116671.99,5914.786134172615,6052.150729294504,1839,6495,1524,6365,3007332.06,1116661.89,3007503.19,1122574.2,3006910.23,1116908.12,3006319.58,1110884.86,0,0,0,0,0,0,1020,808,808,1020,808,808,1692,1424,1424,1692,1424,1424
27300fd5,6e6d122c,421.7434330253503,421.7434330253503,169.19986290720587,167.75349343108465,167.92377044414528,19284.0,18856.0,7385,7082,3012822.02,1086570.78,3012435.5,1086739.51,6960.491241816237,6754.02407013762,1919,7385,1451,7082,3016355.47,1080573.85,3012822.02,1086570.78,3007977.2,1091813.01,3012435.5,1086739.51,0,0,0,0,0,0,96,86,86,96,86,86,635,603,603,635,603,603
a692b17e,f03f10fe,427.8327180102879,428.0156971423288,177.93847308299107,177.69951732192325,179.77377730422467,11131.0,11724.0,838,1200,2910274.98,1039879.9,2909935.13,1039620.01,4870.136099227756,5409.760003225874,1843,5408,1678,5822,2910510.89,1039642.6,2907361.94,1043357.75,2909380.01,1040189.78,2913024.06,1036191.48,0,0,0,0,0,0,1569,1443,1443,1440,1126,1126,2537,2463,2463,2537,2463,2463
29de15c8,877ed19c,430.2338238681568,430.2410200109045,179.89453260877616,178.29770439314652,66.78974550491155,11087.0,11194.0,0,206,3012493.66,1115394.36,3012067.4,1115336.02,4710.831428038878,5040.269735887232,1733,5163,1923,5630,3012493.66,1115394.36,3012246.63,1120098.71,3012065.98,1115332.04,3012339.55,1110299.2,0,0,0,0,0,0,651,770,651,651,770,651,1354,1450,1354,1354,1450,1354
bd6f0e19,f8f59188,432.4896569858721,432.6479392069478,178.48051949982656,178.91508685960838,172.24316287874663,10798.0,11968.0,203,1563,3005988.31,1123249.76,3006419.76,1123219.79,6455.528022539988,6147.866124380231,1839,6978,1933,6739,3005988.13,1123257.02,3005655.06,1116810.09,3006373.5,1122241.9,3006527.78,1128387.83,0,0,0,0,0,0,995,1124,995,869,640,640,2385,2502,2385,2385,2502,2385
5eae34a8,d84b621b,432.8060000737836,432.8060000737836,179.5901575594339,178.98477378154084,169.40523359030115,16950.0,16309.0,6651,5745,2900700.95,1031738.76,2901124.54,1031649.92,6145.848163516507,5212.810809659228,1748,6651,1752,5745,2896712.74,1036414.83,2900700.95,1031738.76,2904535.56,1027708.05,2901124.54,1031649.92,0,0,0,0,0,0,83,75,75,83,75,75,625,614,614,625,614,614
5def1ce5,b585b4fa,435.7361046552137,435.78052847730834,179.0748440652013,179.58754978715726,150.9657562505511,11404.0,10460.0,794,0,2906505.11,1036703.12,2906803.56,1037020.6,7589.48777884925,5461.583921070974,1554,7996,1705,5998,2906205.48,1036973.65,2911263.45,1031315.27,2906803.56,1037020.6,2903229.94,1041150.75,0,0,0,0,0,0,1023,1052,1023,1023,1052,1023,1681,1771,1681,1681,1771,1681
93f5d2e6,f439a621,437.1626288924804,437.2022969977652,179.61389123613804,179.29739005886495,166.957271257513,10619.0,10392.0,36,0,2928213.11,1055178.15,2928485.46,1055520.11,4856.322616795864,4255.696921410205,1480,5170,1874,4694,2928211.63,1055179.12,2931370.91,1051490.92,2928485.46,1055520.11,2925738.76,1058770.74,0,0,0,0,0,0,432,466,432,432,466,432,1123,1198,1123,1123,1198,1123
12f0cd90,5f4d2a52,437.64909870800057,437.6753254411871,176.6188323888531,177.3407135107292,179.9865960321271,10991.0,11400.0,181,895,2998528.17,1115833.75,2998937.11,1115989.65,7120.548587925015,6651.887687581794,1484,7430,1887,7111,2998510.38,1115872.3,3000573.77,1109057.27,2999189.75,1115602.9,2996890.04,1121844.61,0,0,0,0,0,0,680,672,672,680,672,672,1569,1819,1569,1569,1819,1569
368fe682,af7a59ce,438.2901842383911,438.2901842383911,179.22256889713736,178.93455316859323,173.91899944656674,10730.0,10896.0,0,0,2902555.72,1026383.45,2902974.38,1026253.75,6102.378711764904,4030.0721837830433,1480,6415,1306,4329,2902555.72,1026383.45,2898541.35,1030979.52,2902974.38,1026253.75,2905666.45,1023254.71,0,0,0,0,0,0,263,303,263,263,303,263,899,894,894,899,894,894
a959858c,e5c92e59,439.4094437992202,439.41302506866754,179.32735099161167,179.84622278336275,131.45229210585666,11252.0,17142.0,176,5226,3018828.52,1108762.49,3018498.6,1108472.26,4978.059434207162,5544.790009414289,1366,5769,1632,5926,3018829.08,1108762.4,3022159.44,1105062.43,3021680.69,1104817.09,3018019.82,1108981.55,0,0,0,0,0,0,2487,2087,2087,1589,1045,1045,5770,5927,5770,5770,5927,5770
3bbe1f5d,6ede926a,439.8058436399053,440.0456853554906,178.95497237708412,178.98728855255746,179.53448926603812,11193.0,10899.0,715,308,2904024.49,1030971.65,2904365.25,1031249.7,7635.539032510933,6129.944754759192,1266,8183,1683,6620,2903835.14,1031100.01,2908904.61,1025390.2,2904371.19,1031245.68,2900385.61,1035903.08,0,0,0,0,0,0,464,747,464,464,747,464,1658,1583,1583,1658,1583,1583
9ffce529,dc5fbe29,442.91622243919136,443.01039412167125,179.49991014186875,179.49066314832308,179.98254089232455,15352.0,14367.0,3561,3069,2924267.21,1021325.87,2923911.72,1021061.67,6449.952932045345,6107.858915078126,1463,6674,1352,6554,2926218.52,1018614.01,2922528.52,1023904.17,2922389.41,1023201.15,2925927.29,1018222.26,0,0,0,0,0,0,4398,4334,4334,2359,2352,2352,6675,6555,6555,6675,6555,6555
a622ce4d,d60430e6,442.99055159228345,443.1713909988961,174.43814024384042,177.85090244514174,178.12179686427083,10745.0,11472.0,83,939,2994094.82,1114759.12,2993654.3,1114712.4,7630.839461501095,3748.143883097292,1749,8046,1665,4175,2994094.67,1114761.56,2996830.21,1107637.9,2993713.9,1114181.18,2992715.7,1117793.96,0,0,0,0,0,0,678,603,603,678,603,603,1641,1802,1641,1641,1802,1641
a645da9a,f074d277,445.3322540530899,445.3322540530899,177.33811927149492,177.49190754928813,177.54214491343416,18009.0,15816.0,6765,3867,3020052.95,1109217.39,3019939.77,1108786.68,6257.537059139442,3549.2088616195874,1613,6765,1415,3867,3016002.51,1113987.16,3020052.95,1109217.39,3022360.3,1106190.93,3019939.77,1108786.68,0,0,0,0,0,0,86,90,86,86,90,86,678,682,678,678,682,678
373ef48b,d84b621b,445.9647385164353,445.98925334583606,178.1462141414802,179.0784963800867,170.14296277783745,10797.0,10777.0,0,213,2904213.89,1027398.68,2904530.95,1027712.3,4712.863842569529,5212.810809659228,1483,4991,1752,5745,2904213.89,1027398.68,2907411.44,1023936.49,2904535.56,1027708.05,2901124.54,1031649.92,0,0,0,0,0,0,418,705,418,418,705,418,1175,1386,1175,1175,1386,1175
811f52b3,d2f3b1ab,448.1472387509721,448.2364131793962,178.64769001681933,178.89934243841265,179.0571448367993,10740.0,11784.0,292,1042,2906984.87,1031923.86,2906652.13,1031623.66,6104.991928258353,6733.943528512642,1838,6673,1437,7017,2906987.63,1031921.75,2903018.88,1036560.71,2906135.93,1032189.28,2910633.09,1027177.14,0,0,0,0,0,0,1495,1271,1271,1495,1271,1271,2193,1940,1940,2193,1940,1940
173ed841,e46f4ef4,448.25296987321616,448.25296987321616,166.07600627516203,166.20426858004177,161.98619790442467,18735.0,20819.0,6529,8929,3020183.5,1087282.95,3019815.13,1087538.36,6004.193497964483,8383.447124786895,1647,6529,1735,8929,3023696.19,1082413.52,3020183.5,1087282.95,3016690.68,1095317.82,3019815.13,1087538.36,0,0,0,0,0,0,54,62,54,54,62,54,565,602,565,565,602,565
739a914f,8382f4b6,450.0538165595496,450.064318292677,177.21074996714984,179.92331288253712,176.123754104812,10900.0,12435.0,228,1276,3009262.83,1117337.98,3009712.86,1117342.61,6628.683788822584,6425.997665016521,1814,7318,1713,6679,3009261.66,1117336.97,3008766.85,1110726.78,3009767.64,1116305.11,3009934.92,1122728.93,0,0,0,0,0,0,671,414,414,671,414,414,2319,2152,2152,2319,2152,2152
1285a37b,ab18d3fc,451.5802853314488,451.5802853314488,167.93989211282118,166.5817957348719,171.3526096033068,19408.0,18912.0,7402,7336,3013034.56,1086497.92,3013143.27,1086936.22,6889.553826083416,6829.180451635495,1806,7402,1643,7336,3016347.95,1080457.44,3013034.56,1086497.92,3008680.38,1092105.39,3013143.27,1086936.22,0,0,0,0,0,0,63,72,63,63,72,63,616,665,616,616,665,616
3bfee975,b0f53bf4,452.8522793361525,452.8522793361525,156.86668248646222,156.82534912689164,167.299137504849,11592.0,11663.0,0,0,3000380.78,1090364.59,2999945.15,1090240.89,4785.82581531157,4056.234603471634,1485,5087,1447,4201,3000380.78,1090364.59,3002069.7,1085886.68,2999945.15,1090240.89,2997137.75,1093168.61,0,0,0,0,0,0,363,158,158,363,158,158,1146,839,839,1146,839,839
67a8da4a,ee0300f7,455.6346559469938,455.6346559469938,168.06759358863638,168.38502524587028,169.89210589849353,18771.0,17985.0,6644,6160,3019244.84,1086904.59,3018837.38,1087108.5,6126.16546532183,5666.056213646287,1734,6644,1617,6160,3022553.42,1081748.7,3019244.84,1086904.59,3016829.37,1092406.81,3018837.38,1087108.5,0,0,0,0,0,0,52,58,52,52,58,52,582,615,582,582,615,582
26d3a96a,e46f4ef4,455.6371110874078,455.6371110874078,167.68662029165728,167.67116745444548,167.12160816642032,18482.0,20819.0,6464,8929,3019706.06,1087095.97,3019815.13,1087538.36,5978.058799217251,8383.447124786895,1744,6464,1735,8929,3023065.81,1082151.35,3019706.06,1087095.97,3016690.68,1095317.82,3019815.13,1087538.36,0,0,0,0,0,0,64,54,54,64,54,54,637,589,589,637,589,589
43b06c70,512943b2,456.18971601725127,456.18971601725127,157.25109987901055,158.28076750969706,161.03272371959198,17869.0,17466.0,6589,6680,3004283.6,1110549.04,3004501.27,1110949.95,6058.52422764822,6145.922783927544,1744,6589,1652,6680,3006368.17,1104860.43,3004283.6,1110549.04,3004782.61,1117089.43,3004501.27,1110949.95,0,0,0,0,0,0,63,50,50,63,50,50,643,575,575,643,575,575
6d1d74e1,aff4e561,459.19053670589807,459.2466210001184,179.0551332938832,179.0854731341075,179.8962891598907,10731.0,11097.0,172,857,2883522.53,1020202.87,2883853.24,1020521.44,7055.193462889581,7240.553306294961,1486,7315,1697,7722,2883492.86,1020229.0,2888081.38,1014869.78,2884117.5,1020241.93,2879318.37,1025663.55,0,0,0,0,0,0,794,1081,794,794,1081,794,1539,1772,1539,1539,1772,1539
29de15c8,9e3e364d,460.2586682508445,460.399504452233,178.9579689753039,179.86435401432243,179.4313434412285,11287.0,12355.0,200,963,3012497.42,1115401.09,3012953.73,1115461.25,4710.831428038878,5510.486648935838,1733,5163,1519,5808,3012493.66,1115394.36,3012246.63,1120098.71,3012924.15,1116138.85,3013112.99,1110631.6,0,0,0,0,0,0,865,638,638,865,638,638,1995,1888,1888,1995,1888,1888
4f4ac5ce,b19b0395,460.483019882427,460.48790298994567,178.56886483048484,178.1410444423604,179.8056314567285,11643.0,11052.0,1071,354,2899058.99,1024992.76,2898723.95,1024676.86,6514.894941785109,6906.097057788954,1737,6898,1383,7195,2899543.05,1024492.23,2895265.97,1029406.54,2898633.07,1024767.78,2903295.67,1019673.24,0,0,0,0,0,0,947,944,944,560,697,560,2061,1982,1982,2061,1982,1982
4a335117,b4d8dd4f,462.448637688394,462.4769729399853,177.88003446862103,178.54478104279048,172.70010041951036,10487.0,16154.0,291,5908,2912774.6,1049031.41,2913152.84,1049297.48,6190.512865490306,5354.515239328611,1712,6726,1650,5908,2912761.4,1049034.58,2916708.23,1044265.41,2916716.93,1045301.47,2913152.84,1049297.48,0,0,0,0,0,0,664,165,165,664,165,165,6678,5909,5909,6678,5909,5909
944f36b9,ae8959c3,462.815460415938,462.8216287080445,152.1930980394811,151.8051423119231,10.526288899042092,10496.0,9835.0,76,2,2998626.15,1127695.05,2998178.63,1127577.05,5744.616698066058,5993.323190751526,1405,6034,2127,6644,2998625.6,1127700.18,3000575.79,1122296.72,2998178.62,1127577.07,2993749.14,1131614.35,0,0,0,0,0,0,385,497,385,385,497,385,1119,1306,1119,1119,1306,1119
6ede926a,87aa3730,463.5872143405669,463.6137212163479,178.61220647567043,178.75548563724067,59.35746569499746,10785.0,10751.0,194,72,2904372.35,1031243.25,2904793.93,1031050.42,6129.944754759192,6897.593328842994,1683,6620,1686,7292,2904371.19,1031245.68,2900385.61,1035903.08,2904795.43,1031050.31,2909405.73,1025919.82,0,0,0,0,0,0,405,290,290,405,290,290,1041,943,943,1041,943,943
29b24409,a7744f5b,464.1897150948639,464.2435567675751,178.40731963234225,178.48271189075476,1.2797098578974395,10640.0,11726.0,110,1181,2907561.61,1034503.47,2907225.31,1034183.51,6910.248399884159,5542.818432142501,1830,7416,1640,6016,2907560.77,1034505.75,2903080.61,1039766.9,2906749.56,1034714.9,2910459.07,1030596.36,0,0,0,0,0,0,1330,1365,1330,1330,1365,1330,2063,2062,2062,2063,2062,2062
9df1b1f9,9e3e364d,466.5025775919818,466.5025775919818,154.51918388208634,153.60157645472384,151.44795222989575,18085.0,17200.0,6443,5808,3013241.09,1110183.03,3013112.99,1110631.6,5922.3202245827615,5510.486648935838,1743,6443,1519,5808,3015970.64,1104927.23,3013241.09,1110183.03,3012924.15,1116138.85,3013112.99,1110631.6,0,0,0,0,0,0,35,35,35,35,35,35,542,544,542,542,544,542
f5859199,f88ddb26,466.6166941933656,466.6166941933656,158.83571673006392,158.6691801375013,160.3882918327235,19226.0,17922.0,7437,6584,2986002.8,1058494.54,2985626.32,1058770.21,6904.416467870559,6109.798342416895,1648,7437,1595,6584,2988475.97,1052048.27,2986002.8,1058494.54,2985644.93,1064879.98,2985626.32,1058770.21,0,0,0,0,0,0,40,53,40,40,53,40,580,653,580,580,653,580
91abc4c7,d24ff243,466.6440913589073,466.7072577106349,178.58171565572488,178.1937946903139,179.94946309129244,11446.0,11164.0,963,515,2900205.31,1025861.87,2899877.53,1025529.73,7274.669451102148,6754.3916253427005,1939,7786,1475,7115,2900536.62,1025532.93,2895759.2,1031019.01,2899718.79,1025651.9,2904279.25,1020669.53,0,0,0,0,0,0,1227,1032,1032,1227,1032,1032,2003,1847,1847,2003,1847,1847
276b012a,67847288,466.69381011533727,466.69381011533727,170.55229589945463,170.70173780501923,163.6144446325004,12075.0,11878.0,0,0,3008735.87,1073909.23,3009099.27,1074202.05,5989.192640089203,8677.860477905797,1454,6290,1745,9173,3008735.87,1073909.23,3012385.11,1069160.18,3009099.27,1074202.05,3005013.03,1081857.63,0,0,0,0,0,0,369,447,369,369,447,369,1165,1271,1165,1165,1271,1165
25050f63,da3bfe4e,466.7900189593402,466.7900189593402,177.91996515001344,178.24100299961228,139.82731116604242,10268.0,10462.0,0,0,2889117.77,1025198.87,2888923.34,1024774.5,6822.657276787518,6803.336420977637,1031,7154,1558,7106,2889117.77,1025198.87,2884459.11,1030183.4,2888923.34,1024774.5,2893746.15,1019975.97,0,0,0,0,0,0,114,223,114,114,223,114,1022,1022,1022,1022,1022,1022
62a6f539,e85074c5,466.927381184574,466.94554821733857,174.02642457973926,173.8904717520176,166.9326998998395,10453.0,11104.0,1,654,2918488.0,1045923.03,2918160.72,1045590.0,4774.469241727227,6754.748974617945,1560,5252,1561,7235,2918488.01,1045923.03,2915403.3,1049567.22,2918025.57,1045733.64,2922902.56,1041060.14,0,0,0,0,0,0,770,842,770,770,842,770,1514,1567,1514,1514,1567,1514
7b38844c,d273674e,467.44865097675375,467.44865097675375,154.11371202784505,154.2576823939522,154.79481721519053,16766.0,16992.0,5196,5737,3011521.83,1105178.29,3011767.85,1104780.82,4907.23637698438,5100.133654033138,1448,5196,1839,5737,3011808.43,1110077.15,3011521.83,1105178.29,3013722.72,1100070.21,3011767.85,1104780.82,0,0,0,0,0,0,39,33,33,39,33,33,584,536,536,584,536,536
1550491d,bd6f0e19,469.1427298808681,469.1427298808681,179.71124620376727,179.06754424766663,177.1565623020098,17374.0,17573.0,5928,6978,3005938.83,1116436.5,3005655.06,1116810.09,5765.992040204361,6455.528022539988,1366,5928,1839,6978,3005612.32,1110679.76,3005938.83,1116436.5,3005988.13,1123257.02,3005655.06,1116810.09,0,0,0,0,0,0,42,41,41,42,41,41,598,594,594,598,594,594
95c8427f,bf39bc20,469.7744923897488,469.8245614055983,179.56504202980085,178.91209002610697,179.80201583668762,11923.0,14050.0,1513,3593,2914325.01,1039016.76,2914688.57,1039314.27,7520.341142029421,4528.747450697674,1716,8050,1744,5046,2914922.43,1038222.06,2910102.0,1043994.32,2912731.02,1041687.95,2915607.41,1038189.96,0,0,0,0,0,0,2391,2674,2391,1843,1717,1717,5454,5047,5047,5454,5047,5047
d50c649a,ea41324e,469.8410633396777,469.8410633396777,158.29296137294637,158.18800277579615,162.21233717949542,17922.0,17644.0,6547,6838,3003950.74,1110204.53,3003748.36,1110628.55,6123.165558075269,6421.78574868389,1675,6547,1814,6838,3006123.94,1104479.99,3003950.74,1110204.53,3003851.34,1117049.51,3003748.36,1110628.55,0,0,0,0,0,0,31,34,31,31,34,31,533,562,533,533,562,533
5a5d1982,cdc60a53,472.8679334658864,472.88161753248176,178.25348075782804,178.40701146754645,178.72948241674345,11138.0,10609.0,595,94,2907498.32,1034406.59,2907831.24,1034742.4,4912.079027102644,7122.335454975451,1552,5445,1753,7630,2907405.34,1034469.25,2910703.12,1030828.76,2907832.98,1034740.78,2903214.42,1040162.64,0,0,0,0,0,0,583,611,583,557,611,557,1482,1437,1437,1482,1437,1437
84815d5a,9426ec1e,473.0029524221375,473.0029524221375,162.52923621609332,162.5713430774204,162.34134187575705,16647.0,15643.0,5285,3922,3012573.8,1104763.28,3012870.83,1105131.39,4804.549146319819,3666.722550180195,1639,5285,1391,3922,3014337.43,1100294.13,3012573.8,1104763.28,3012610.93,1108788.89,3012870.83,1105131.39,0,0,0,0,0,0,51,36,36,51,36,36,680,599,599,680,599,599
56b00794,e97032ad,475.142779909358,475.3003140119251,175.41753759603327,176.05526124656117,136.7554279806157,11674.0,10171.0,986,0,2918118.92,1045120.86,2918442.19,1045469.08,7043.967214098775,5042.210241788665,1228,7292,2124,5653,2917598.87,1045653.1,2922689.25,1040784.27,2918442.19,1045469.08,2915088.49,1049234.26,0,0,0,0,0,0,426,735,426,426,735,426,1880,2122,1880,1880,2122,1880
56b00794,e7c36e81,475.142779909358,475.3003140119251,174.388458844246,174.5761348124524,136.7554279806157,11674.0,10171.0,986,0,2918118.92,1045120.86,2918442.19,1045469.08,7043.967214098775,5054.200573038311,1228,7292,2124,5654,2917598.87,1045653.1,2922689.25,1040784.27,2918442.19,1045469.08,2915148.84,1049302.98,0,0,0,0,0,0,426,735,426,426,735,426,1880,2122,1880,1880,2122,1880
b85f7b06,e4726608,475.8666083053904,475.8689089445516,179.96599954360562,178.71920319886277,40.17046383547501,11260.0,11195.0,0,22,3011927.04,1115363.2,3011451.96,1115390.55,5050.844166275567,5895.772158971317,1650,5452,1535,6267,3011927.04,1115363.2,3012005.16,1110312.96,3011451.89,1115390.38,3011364.2,1121285.5,0,0,0,0,0,0,487,413,413,487,413,413,1268,1192,1192,1268,1192,1192
7d50373e,e737965a,476.3935957797001,476.5726681207656,178.72701762251734,178.42428697532483,179.84541300722364,11559.0,11022.0,806,433,2900554.88,1025731.85,2900209.29,1025403.95,6211.713457155149,7303.043825652138,1372,6493,1739,7693,2900198.34,1026121.53,2904406.87,1021552.76,2900286.09,1025301.18,2895458.72,1030781.23,0,0,0,0,0,0,436,719,436,436,719,436,1801,1904,1801,1801,1904,1801
4c3168cf,877ed19c,476.9510738008968,476.95665977113646,177.90336628882233,177.9038002303343,3.767123900956692,11229.0,11142.0,52,154,3011624.43,1115513.1,3012067.21,1115335.82,5586.846155435074,5040.269735887232,1625,5958,1923,5630,3011624.07,1115513.04,3011525.13,1121099.01,3012065.98,1115332.04,3012339.55,1110299.2,0,0,0,0,0,0,300,491,300,300,491,300,1075,1275,1075,1075,1275,1075
3d96d897,8bb9c1e6,477.1413263386272,477.23094042603225,178.6301959317999,178.37278268855488,179.9856028488116,11848.0,10794.0,1132,275,2906371.76,1031386.44,2906757.94,1031666.67,6770.781905821704,5877.506581978289,1488,7146,1836,6381,2905871.73,1031971.26,2910383.72,1026922.95,2906762.86,1031663.8,2902952.02,1036138.46,0,0,0,0,0,0,1150,1342,1150,883,1207,883,2073,2189,2073,2073,2189,2073
1a518997,85380836,478.1138392684057,478.1429787206114,178.19906323356406,178.35915549089165,179.90491212880815,10615.0,12814.0,237,2279,2907746.25,1039357.29,2907383.52,1039045.81,5991.130536868663,7733.241335856539,1938,6543,1557,8174,2907746.15,1039359.82,2911796.42,1034945.19,2908570.58,1037635.38,2903524.23,1043495.19,0,0,0,0,0,0,963,548,548,963,548,548,3198,3147,3147,3198,3147,3147
7c607683,fbd68d27,478.31077941045663,478.39060295983046,178.72890721495233,178.31635872967502,141.73000962119548,11900.0,10590.0,1559,0,2907924.37,1039444.83,2907556.01,1039139.72,6430.130361555815,8148.962381812816,1673,7000,1723,8551,2908573.41,1038688.21,2904399.46,1043579.5,2907556.01,1039139.72,2912981.9,1033059.81,0,0,0,0,0,0,984,492,492,691,272,272,2460,2275,2275,2460,2275,2275
865033f8,aee6393a,478.46888603143833,478.6222414389035,173.71339950717004,173.7568741878084,168.81201211182326,11249.0,10730.0,886,0,2917743.69,1045761.49,2918100.14,1046080.67,4781.052152664815,6920.686982113914,1746,5302,1281,7145,2917984.7,1045478.8,2914852.21,1049090.72,2918100.14,1046080.67,2923179.74,1041380.29,0,0,0,0,0,0,370,373,370,370,373,370,1766,1378,1378,1766,1378,1378
1a68190b,a3f71395,478.7268532262453,478.7358237066288,166.0736437546875,166.2801520009968,177.18766599437143,12928.0,12347.0,824,0,2948101.73,1014765.66,2947635.85,1014655.5,5914.736013331329,6790.487189370295,2028,6501,1497,7039,2948036.47,1015031.88,2949518.9,1009305.93,2947635.85,1014655.5,2944401.82,1020626.41,0,0,0,0,0,0,538,340,340,538,340,340,1713,1217,1217,1713,1217,1217
2acc78d4,a79fd2e7,479.213254094647,479.3670378737692,179.9699592532183,178.3322105246198,179.79991539445527,17188.0,12346.0,6042,1246,3008480.21,1105367.69,3008001.23,1105382.64,5543.28095572478,5713.523093372293,1843,6108,1923,6326,3008523.0,1110844.86,3008478.21,1105301.76,3007934.43,1104742.53,3007977.6,1110455.89,0,0,0,0,0,0,392,505,392,392,505,392,6109,6327,6109,6109,6327,6109
c9578d27,f9fc81aa,480.0729174823763,480.1741161285887,178.97706470882326,179.34100833590807,179.61701939303245,11445.0,11426.0,730,738,2906244.24,1031756.02,2905882.18,1031440.77,5814.182087843481,6777.184737042304,1715,6201,1515,7112,2906480.72,1031486.06,2902675.37,1035881.97,2905604.12,1031745.12,2910130.52,1026701.12,0,0,0,0,0,0,1025,897,897,1025,897,897,2007,1985,1985,2007,1985,1985
16e4a047,e748dd88,480.85248351229546,480.85248351229546,177.54367738300272,177.3767499895173,130.0192273570643,11356.0,17862.0,0,6263,3012880.98,1100048.37,3012522.2,1099728.22,5192.773781727733,5866.785313448891,1553,5683,1452,6263,3012880.98,1100048.37,3010854.87,1104829.56,3010003.7,1105026.93,3012522.2,1099728.22,0,0,0,0,0,0,367,107,107,367,107,107,5684,6264,5684,5684,6264,5684
445af6c2,8f201368,481.1312943469437,481.1818105458818,179.0622414749794,178.96438564870752,165.1707472427758,11865.0,10387.0,1568,0,2907921.22,1037060.32,2908282.12,1037378.5,7437.787933102292,7633.366417177954,1957,7997,1802,8150,2907267.82,1037843.06,2912184.29,1032261.93,2908282.12,1037378.5,2903330.79,1043188.2,0,0,0,0,0,0,1232,1270,1232,707,890,707,2461,2394,2394,2461,2394,2394
060ab2b8,7d50373e,483.4394593949766,483.52103594377286,177.77140483903884,178.03666180513977,177.7219388771909,10652.0,11744.0,264,991,2901024.56,1025944.7,2900685.11,1025600.48,7263.5878280638735,6211.713457155149,1560,7817,1372,6493,2901028.92,1025943.05,2896319.2,1031472.81,2900198.34,1026121.53,2904406.87,1021552.76,0,0,0,0,0,0,456,261,261,456,261,261,2074,1855,1855,2074,1855,1855
1b6ba517,dc5fbe29,484.6912024165849,484.7195729494728,179.69949037022033,179.62375277357768,179.89698310811036,13766.0,17078.0,2376,5780,2925079.98,1018577.9,2925479.27,1018852.66,7953.963965382246,6107.858915078126,2014,8610,1352,6554,2926065.5,1017159.79,2921424.35,1023619.3,2922389.41,1023201.15,2925927.29,1018222.26,0,0,0,0,0,0,2737,2773,2737,1191,1176,1176,7930,6555,6555,7930,6555,6555
79507629,df73b8f3,484.79870503138494,484.79870503138494,178.7374414024511,179.7542125473705,133.69804731604737,11484.0,11733.0,0,0,3001572.69,1071450.28,3002004.89,1071669.9,6642.447673696586,6623.568059407195,2018,7319,1839,7149,3001572.69,1071450.28,2997631.16,1076796.91,3002004.89,1071669.9,3005816.79,1066253.16,0,0,0,0,0,0,551,534,534,551,534,534,1484,1376,1376,1484,1376,1376
ab94878e,ce8399b7,485.17757872768254,485.1877890053985,178.011745927841,178.72014169734717,178.44086354083362,16116.0,10328.0,5699,296,2936608.87,1062834.27,2936975.97,1063151.5,7132.689538315597,2934.95179057505,1648,7651,1933,3547,2939991.51,1058906.07,2935373.71,1064342.17,2936969.6,1063164.07,2938946.19,1060994.5,0,0,0,0,0,0,956,1452,956,956,1452,956,4666,3548,3548,4666,3548,3548
511e1db0,ab94878e,485.2068162133669,485.2351594845601,177.67377569527625,177.981038831529,178.44086353978088,10328.0,16116.0,187,5699,2936976.0,1063151.51,2936608.87,1062834.27,5132.686744629778,7132.689538315597,1824,5644,1648,7651,2936969.97,1063161.18,2940448.98,1059387.46,2939991.51,1058906.07,2935373.71,1064342.17,0,0,0,0,0,0,1343,956,956,1343,956,956,5645,6604,5645,5645,6604,5645
27300fd5,ab18d3fc,486.5675247074748,486.5675247074748,169.70077167701777,168.2408340793184,171.5426157241193,19284.0,18912.0,7385,7336,3012822.02,1086570.78,3013143.27,1086936.22,6960.491241816237,6829.180451635495,1919,7385,1643,7336,3016355.47,1080573.85,3012822.02,1086570.78,3008680.38,1092105.39,3013143.27,1086936.22,0,0,0,0,0,0,36,53,36,36,53,36,723,805,723,723,805,723
25fd32b3,b4d8dd4f,486.7011465981661,486.7011465981661,178.5826528091901,178.26189444954846,165.811041314702,10551.0,10246.0,0,0,2916966.99,1044883.92,2916716.93,1045301.47,4245.809145239366,5354.515239328611,1661,4545,1650,5908,2916966.99,1044883.92,2919713.86,1041646.39,2916716.93,1045301.47,2913152.84,1049297.48,0,0,0,0,0,0,88,322,88,88,322,88,809,1059,809,809,1059,809
4f3eb9e9,512943b2,487.6101985196035,487.67197869070486,179.21457054760697,179.695726761008,70.47949216934566,11692.0,10786.0,333,0,3005270.22,1117089.87,3004782.61,1117089.43,5860.2460283679575,6145.922783927544,1214,5910,1652,6680,3005270.45,1116796.89,3005458.44,1122654.12,3004782.61,1117089.43,3004501.27,1110949.95,0,0,0,0,0,0,253,561,253,253,561,253,1188,1596,1188,1188,1596,1188
d40f61d5,df8290be,489.1070918520702,489.1677590562342,177.92217963952254,178.00209852973043,179.08054288926073,11865.0,10874.0,1504,441,2909830.77,1039171.77,2910195.5,1039497.65,5345.018035442033,5224.692773790354,1841,5879,1703,5674,2909166.73,1039885.24,2912802.39,1035967.18,2910259.05,1039434.25,2906846.43,1043390.44,0,0,0,0,0,0,293,607,293,293,607,293,2473,2338,2338,2473,2338,2338
3ef6372a,9dfff011,489.3845237643207,489.3845237643207,155.65584915048555,153.73881686119324,148.66629497489745,17018.0,16838.0,6665,6066,2985109.22,1096526.76,2984935.86,1096069.11,6074.459838512617,5482.7748458059,1939,6665,1748,6066,2981085.98,1101077.87,2985109.22,1096526.76,2986551.03,1090829.64,2984935.86,1096069.11,0,0,0,0,0,0,26,13,13,26,13,13,691,562,562,691,562,562
2e29e833,52f1e77a,491.7138749310224,491.7138749310224,179.2463446117726,179.37730425596877,177.7421002292858,18851.0,17609.0,7253,6052,3023300.59,1114895.81,3022970.91,1115260.63,6780.857058639501,5811.158791652689,1826,7253,1611,6052,3023285.38,1108114.97,3023300.59,1114895.81,3023060.38,1121071.1,3022970.91,1115260.63,0,0,0,0,0,0,12,12,12,12,12,12,579,587,579,579,587,579
4f4afcc6,e45a2a62,492.357078754601,492.3754155112639,178.4722566206212,178.67733111954968,179.1052918423253,11786.0,10712.0,1121,68,2905607.99,1030683.81,2905952.48,1031035.58,6857.580302716064,6301.7364069595415,1539,7183,1690,6696,2905065.79,1031276.6,2909669.98,1026194.49,2905952.7,1031035.87,2901847.72,1035817.19,0,0,0,0,0,0,199,282,199,199,282,199,1954,2002,1954,1954,2002,1954
18d24f7b,6a0ff78e,492.4337446804348,492.53473745503936,179.2170564007373,179.59998437631972,179.69126765936937,10767.0,11384.0,135,739,2907092.7,1037231.95,2906758.43,1036870.35,5887.033119772818,7586.35826613149,1702,6259,1425,7889,2907112.12,1037221.71,2903234.94,1041651.68,2906424.06,1037169.13,2911497.95,1031529.23,0,0,0,0,0,0,366,205,205,366,205,205,1631,1610,1610,1631,1610,1610
699ea575,7b38844c,492.591303414824,492.591303414824,153.70852794173348,154.05348089064665,150.40354382639768,17217.0,16766.0,5473,5196,3011171.72,1104831.78,3011521.83,1105178.29,5283.414944796399,4907.23637698438,1354,5473,1448,5196,3013231.3,1099966.33,3011171.72,1104831.78,3011808.43,1110077.15,3011521.83,1105178.29,0,0,0,0,0,0,24,11,11,24,11,11,706,578,578,706,578,578
4e050c92,84815d5a,494.1558970607338,494.1558970607338,156.28285130021862,156.37471144909927,153.6667714585816,16817.0,16647.0,5235,5285,3012274.35,1105156.37,3012573.8,1104763.28,4899.061557094147,4804.549146319819,1531,5235,1639,5285,3012460.86,1110051.88,3012274.35,1105156.37,3014337.43,1100294.13,3012573.8,1104763.28,0,0,0,0,0,0,8,7,7,8,7,7,566,516,516,566,516,516
198a5607,a612d5a0,494.2678056481135,494.4193083812369,179.88158852056145,179.79465144274906,179.90387502117989,11398.0,11159.0,1107,857,2971779.83,1095773.96,2971448.82,1095406.9,7484.06269820082,6633.5302764137,1843,8093,1831,7159,2972177.06,1095445.9,2967217.81,1101050.99,2971171.16,1095634.05,2975577.07,1090675.05,0,0,0,0,0,0,287,343,287,287,343,287,2254,2169,2169,2254,2169,2169
8d5d46d7,e6c55748,494.9598433205517,494.9755785895077,178.93211223841064,177.5175319042774,177.81141214725685,10751.0,13254.0,42,2648,2907615.16,1032470.8,2907990.52,1032793.43,6858.800647255863,5487.810282735605,1527,7281,1487,5958,2907615.17,1032470.66,2903087.45,1037622.64,2906522.52,1034406.19,2910221.4,1030352.26,0,0,0,0,0,0,260,140,140,260,140,140,3420,3506,3420,3420,3506,3420
373ef48b,b32e4903,495.3275736315279,495.3449474860465,178.63160940224915,178.28015917968463,179.79165083329482,11424.0,11068.0,627,471,2904458.28,1027120.34,2904121.22,1026757.38,4712.863842569529,6929.499926617908,1483,4991,1650,7419,2904213.89,1027398.68,2907411.44,1023936.49,2904181.88,1026696.68,2899603.31,1031898.09,0,0,0,0,0,0,230,642,230,230,642,230,1608,1793,1608,1608,1793,1608
4fbe9c06,f6824bb0,495.3531881394805,495.3624113716869,178.52324115586737,178.71575620225804,179.98137798027193,10550.0,11380.0,111,1053,2907447.35,1038065.28,2907065.74,1037749.45,7370.62957327922,6232.54521951511,1651,7937,1849,6863,2907446.64,1038066.46,2912415.48,1032622.49,2907356.58,1037428.49,2903275.0,1042138.62,0,0,0,0,0,0,356,133,133,356,133,133,1842,1932,1842,1842,1932,1842
944f36b9,c472c0b5,495.9181268114219,495.92102365210553,152.4344746809301,152.00256916533863,107.54997078370612,10420.0,9958.0,0,1,2998625.6,1127700.18,2998697.42,1128190.87,5744.616698066058,4305.275421398527,1405,6034,1813,4866,2998625.6,1127700.18,3000575.79,1122296.72,2998697.44,1128190.87,2995527.79,1131104.41,0,0,0,0,0,0,68,306,68,68,306,68,822,1186,822,822,1186,822
0a57a29c,7cd4bb31,496.1248312670529,496.2033233466826,178.80303792058416,178.82493932546836,177.87831157908806,10816.0,11194.0,104,492,2903855.32,1030791.28,2903488.91,1030456.79,6902.938720407331,7666.736708541895,1373,7193,1520,7958,2903864.38,1030782.87,2899359.54,1036013.26,2903308.28,1030619.81,2908431.83,1024916.47,0,0,0,0,0,0,186,141,141,186,141,141,1375,1393,1375,1375,1393,1375
54a7e3c2,9b5b61c1,498.8331140771158,498.975855227392,179.30393995241567,179.7288823962666,178.83851335195462,11562.0,10876.0,1082,615,2971935.26,1096136.93,2971557.57,1095811.07,7505.197889949235,6618.190595268474,1738,7892,1683,7214,2972461.75,1095660.61,2967524.27,1101312.98,2971476.4,1095891.26,2975890.57,1090960.18,0,0,0,0,0,0,68,84,68,68,84,68,2033,2293,2033,2033,2293,2033
18d24f7b,445af6c2,499.33596005091954,499.3828771594201,179.81579979372984,179.1840974774378,132.43671290442376,10632.0,11215.0,0,918,2907112.12,1037221.71,2907505.83,1037528.84,5887.033119772818,7437.787933102292,1702,6259,1957,7997,2907112.12,1037221.71,2903234.94,1041651.68,2907267.82,1037843.06,2912184.29,1032261.93,0,0,0,0,0,0,8,50,8,8,50,8,1558,1778,1558,1558,1778,1558
0be01c24,eb06a4e7,500.46233224895417,500.4677589018498,178.81789695971597,179.03776296345507,178.1471931281254,17178.0,11930.0,6384,902,3006483.95,1110893.28,3005986.39,1110947.1,5904.570095044939,5825.002030832418,1647,6384,1844,6378,3007171.27,1116757.71,3006483.95,1110893.28,3005950.27,1110571.44,3006508.83,1116369.6,0,0,0,0,0,0,0,0,0,0,0,0,6385,6379,6379,6385,6379,6379
b977be4a,cb879f40,501.2198576472312,501.3065475333324,179.99778736788758,179.3610314314598,154.3499053964168,10718.0,11352.0,0,734,2995286.45,1114620.83,2995753.89,1114801.72,7132.760702483987,7603.243900507182,1578,7494,1589,7903,2995286.45,1114620.83,2997850.03,1107964.68,2995922.42,1114384.03,2993189.47,1121479.12,0,0,0,0,0,0,0,0,0,0,0,0,1649,1631,1631,1649,1631,1631
fc03f21f,fdfd57da,501.9761946547321,501.9761946547321,159.1912875477775,159.00557618258702,155.5693225903548,17258.0,17769.0,6201,7363,3001761.88,1109187.6,3001957.1,1109650.06,5624.851640105861,6678.069077824671,1399,6201,2128,7363,3003822.94,1103953.96,3001761.88,1109187.6,3001877.11,1116327.65,3001957.1,1109650.06,0,0,0,0,0,0,0,0,0,0,0,0,586,522,522,586,522,522
7bb17b96,9df1b1f9,502.4137563800521,502.4259191162498,171.39844798048077,171.1824888055799,179.47068820145648,11733.0,17991.0,153,6349,3012853.42,1109849.67,3013288.07,1110101.66,4980.429094465761,5922.3202245827615,1373,5294,1743,6443,3012842.82,1109865.86,3014451.39,1105152.35,3015970.64,1104927.23,3013241.09,1110183.03,0,0,0,0,0,0,0,0,0,0,0,0,3289,3135,3135,3289,3135,3135
12f0cd90,be063506,502.8282224576371,502.8282224576371,175.0358076552964,175.2459475732828,175.58308703331014,18240.0,17530.0,7430,6538,3000573.77,1109057.27,3000338.1,1108613.09,7120.548587925015,6020.005225886474,1484,7430,2039,6538,2998510.38,1115872.3,3000573.77,1109057.27,3002574.61,1103023.95,3000338.1,1108613.09,0,0,0,0,0,0,0,0,0,0,0,0,578,599,578,578,599,578
8a3da6d1,c9e980e8,504.421995654511,504.421995654511,175.75825553288567,174.70293974035235,177.256970115613,17521.0,17007.0,6333,6261,3007719.41,1110505.68,3007767.65,1111007.79,5752.657403617772,5620.777824936577,1741,6333,1903,6261,3007778.88,1104753.33,3007719.41,1110505.68,3008125.42,1116617.17,3007767.65,1111007.79,0,0,0,0,0,0,0,0,0,0,0,0,499,497,497,499,497,497
1b1c5372,c472c0b5,504.7422649235908,504.7422649235908,152.01429836580115,151.78952223336614,125.96674295760506,10387.0,9957.0,0,0,2998972.7,1127767.79,2998697.44,1128190.87,5498.681105574169,4305.275421398527,1531,5791,1813,4866,2998972.7,1127767.79,3000801.42,1122582.11,2998697.44,1128190.87,2995527.79,1131104.41,0,0,0,0,0,0,0,0,0,0,0,0,787,1057,787,787,1057,787
91db7070,be35c8f2,507.10074107576617,507.1765471710396,179.01708972691625,178.94103378805625,179.9452130547502,13907.0,15667.0,2333,3962,3013878.24,1097800.45,3014355.28,1097972.45,5254.579734383965,5393.966952225271,1573,5645,1672,5897,3013113.24,1099593.4,3015153.97,1094751.29,3015687.26,1094777.64,3013677.97,1099783.4,0,0,0,0,0,0,0,0,0,0,0,0,5646,5898,5646,5646,5898,5646
460f859e,cc08aa63,508.02439596967577,508.0781263743744,177.1637072782372,179.75272455532263,4.7668441121138185,10601.0,11465.0,141,967,2913098.18,1041974.29,2912642.55,1041749.59,4478.858353308407,4482.141922351332,1646,4981,1744,5017,2913099.09,1041972.81,2915980.42,1038543.8,2912816.02,1041323.75,2910105.91,1044893.75,0,0,0,0,0,0,0,0,0,0,0,0,1589,1758,1589,1589,1758,1589
2b06ad65,cbe51de1,508.2310408664635,508.23850355908894,176.3312027698957,176.1410894066803,179.79628571514596,11575.0,11475.0,300,274,3011806.13,1115550.43,3012314.35,1115553.78,5459.600234449329,5050.267890973553,1450,5705,1399,5361,3011810.14,1115425.28,3011674.7,1120883.2,3012322.92,1115649.69,3012771.01,1110619.34,0,0,0,0,0,0,0,0,0,0,0,0,1306,1332,1306,1306,1332,1306
6a0ff78e,cdc60a53,509.89757216524674,509.95343836489405,178.44982943656032,179.34111010529114,179.70070191264548,10771.0,13758.0,126,3243,2906433.66,1037156.45,2906049.12,1036821.6,7586.35826613149,7122.335454975451,1425,7889,1753,7630,2906424.06,1037169.13,2911497.95,1031529.23,2907832.98,1034740.78,2903214.42,1040162.64,0,0,0,0,0,0,0,0,0,0,0,0,3818,4125,3818,3818,4125,3818
16e4a047,91db7070,510.8208634151375,510.82522304629686,179.887596532445,179.5064129335229,103.07351082760852,11356.0,11575.0,0,1,3012880.98,1100048.37,3013113.25,1099593.41,5192.773781727733,5254.579734383965,1553,5683,1573,5645,3012880.98,1100048.37,3010854.87,1104829.56,3013113.24,1099593.4,3015153.97,1094751.29,0,0,0,0,0,0,0,0,0,0,0,0,961,871,871,961,871,871
19871e7f,c70c0e01,510.8414180547883,510.8540387430075,179.65498075959175,179.97823833310687,179.8613211874789,12668.0,12404.0,930,670,3001598.92,1072028.96,3002024.62,1072311.34,6743.9587957298645,5581.4711541762845,1859,7151,1745,6056,3001911.72,1071594.08,2997882.19,1077001.84,3001885.79,1072502.8,3005193.72,1068007.2,0,0,0,0,0,0,0,0,0,0,0,0,1993,2083,1993,1993,2083,1993
09441b8d,729f4217,511.2717309807338,511.3332432965178,178.43899998677773,178.12809239872806,176.0580413221005,11166.0,10737.0,779,42,2908154.9,1038621.64,2907786.92,1038266.69,6799.295443771958,7313.918653416888,1907,7394,1397,7591,2908308.08,1038444.9,2903888.74,1043612.09,2907786.14,1038267.28,2912689.62,1032840.56,0,0,0,0,0,0,0,0,0,0,0,0,1648,1342,1342,1648,1342,1342
3d96d897,e45a2a62,512.6853733039443,512.7264572847412,178.85843650746054,178.80593665786893,179.97484551260612,11266.0,11577.0,550,933,2906008.25,1031814.11,2905624.47,1031474.17,6770.781905821704,6301.7364069595415,1488,7146,1690,6696,2905871.73,1031971.26,2910383.72,1026922.95,2905952.7,1031035.87,2901847.72,1035817.19,0,0,0,0,0,0,0,0,0,0,0,0,1948,1993,1948,1948,1993,1948
ccedb12b,e46f4ef4,513.177676930789,513.177676930789,166.722676211906,166.6072576086936,162.6273754805353,18444.0,20819.0,6426,8929,3019931.54,1087038.56,3019815.13,1087538.36,5867.389359783565,8383.447124786895,2026,6426,1735,8929,3023310.27,1082241.64,3019931.54,1087038.56,3016690.68,1095317.82,3019815.13,1087538.36,0,0,0,0,0,0,0,0,0,0,0,0,508,489,489,508,489,489
521a7819,729f4217,514.6905731602968,514.7780201214015,178.8023618453869,178.71214151178145,179.61795433642268,11163.0,11112.0,788,417,2907500.36,1037806.59,2907899.42,1038131.64,6597.515965308433,7313.918653416888,2024,7223,1397,7591,2907622.96,1037643.45,2903303.06,1042630.0,2907786.14,1038267.28,2912689.62,1032840.56,0,0,0,0,0,0,0,0,0,0,0,0,1831,1480,1480,1831,1480,1480
2e63d9de,e201fd6d,515.15282276218,515.2878773074519,178.57229843414797,179.23226756974248,179.9961710869526,16717.0,13089.0,4947,1241,3024756.14,1093974.55,3025177.96,1094270.27,5954.310226592294,6348.298154009528,1806,6504,1842,6911,3022122.98,1097498.35,3025635.42,1092690.38,3025656.44,1093768.97,3021785.03,1098800.18,0,0,0,0,0,0,0,0,0,0,0,0,6412,6502,6412,6412,6502,6412
13f598d9,4a035ec2,515.3431454867591,515.3720927642,176.05037708223298,176.98702564418994,173.28206010834208,12325.0,16240.0,332,4521,3008571.37,1074090.42,3008106.63,1073867.72,8525.964615414518,4045.496829673486,1628,8933,1934,4521,3008608.53,1074027.45,3004289.01,1081378.22,3005821.68,1077206.14,3008106.63,1073867.72,0,0,0,0,0,0,0,0,0,0,0,0,5177,4522,4522,5177,4522,4522
2075c696,c9578d27,515.7087271901014,515.7087271901014,163.5335403196646,163.3012524692799,165.08895260963968,15312.0,16916.0,5579,6201,2902346.85,1036279.5,2902675.37,1035881.97,4770.253092866386,5814.182087843481,2392,5579,1715,6201,2900375.11,1040623.18,2902346.85,1036279.5,2906480.72,1031486.06,2902675.37,1035881.97,0,0,0,0,0,0,0,0,0,0,0,0,492,485,485,492,485,485
2d2d0c6b,62a6f539,518.5714520678324,518.5875263636897,171.46321352432406,171.16550478488412,25.94778456989448,10309.0,10691.0,1,239,2918852.76,1046293.32,2918485.54,1045927.17,6385.410949476959,4774.469241727227,1922,6966,1560,5252,2918852.77,1046293.32,2923656.06,1042085.96,2918488.01,1045923.03,2915403.3,1049567.22,0,0,0,0,0,0,0,0,0,0,0,0,1406,1375,1375,1406,1375,1375
3e678ea7,67a8da4a,520.9400034552365,520.9400034552365,167.65950479645323,168.11340868383417,168.31915681460487,20670.0,18771.0,8736,6644,3019244.78,1087425.53,3019244.84,1086904.59,8265.469793810686,6126.16546532183,1879,8736,1734,6644,3016370.68,1095175.21,3019244.78,1087425.53,3022553.42,1081748.7,3019244.84,1086904.59,0,0,0,0,0,0,0,0,0,0,0,0,496,521,496,496,521,496
4ed93db6,e7d0c1de,522.0353632660824,522.1011630903289,175.27768526193967,175.35800319564083,126.78537683555612,11343.0,10788.0,633,0,3007341.97,1116792.53,3006820.11,1116806.06,5914.786134172615,5959.511646737575,1839,6495,1744,6454,3007332.06,1116661.89,3007503.19,1122574.2,3006820.11,1116806.06,3006157.85,1110883.46,0,0,0,0,0,0,0,0,0,0,0,0,1541,1388,1388,1541,1388,1388
9f0c7bae,e03b45fd,522.1120266765338,522.1460839649441,152.87257156965998,152.59873743995936,121.93981038592943,12833.0,12105.0,260,0,2949991.16,1014886.54,2949470.88,1014842.84,3874.160648772863,6587.285513176065,1498,4039,1741,7082,2949990.2,1015029.5,2950053.1,1011155.85,2949470.88,1014842.84,2946372.48,1020655.95,0,0,0,0,0,0,0,0,0,0,0,0,1189,1242,1189,1189,1242,1189
593876b6,c2717d4f,522.2427489207212,522.371941436591,177.9995284455448,177.83633429721388,174.16724167931685,17374.0,11978.0,6365,1136,3006319.58,1110884.86,3005797.8,1110906.84,6052.150729294504,6056.582165958083,1524,6365,1961,6681,3006910.23,1116908.12,3006319.58,1110884.86,3005777.26,1110384.44,3006157.57,1116429.07,0,0,0,0,0,0,0,0,0,0,0,0,6366,6682,6366,6366,6682,6366
1619e2ca,ab112491,522.352450458506,522.352450458506,179.55986285056423,179.3035260884326,179.5788132396763,17120.0,18313.0,6001,7177,2996561.58,1091661.66,2997005.93,1091387.06,5510.758228819505,6534.036689489851,1559,6001,1993,7177,2994528.31,1096783.6,2996561.58,1091661.66,2999370.03,1085295.7,2997005.93,1091387.06,0,0,0,0,0,0,0,0,0,0,0,0,528,547,528,528,547,528
8612b37f,b977be4a,522.3574014026899,522.3574014026899,179.3095072569156,178.9640405789128,173.99133171178303,18152.0,18212.0,6806,7494,2998358.75,1107846.1,2997850.03,1107964.68,6405.633661707643,7132.760702483987,1642,6806,1578,7494,3000588.79,1101841.18,2998358.75,1107846.1,2995286.45,1114620.83,2997850.03,1107964.68,0,0,0,0,0,0,0,0,0,0,0,0,602,618,602,602,618,602
3f603129,cbb406b5,523.0810572941351,523.0810572941351,166.58848984092035,165.0156057290841,158.44657244118727,16921.0,18728.0,6598,8134,3006354.92,1130105.94,3005939.9,1129787.55,6254.308792968202,7517.787453054278,1548,6598,1807,8134,3005053.79,1136223.41,3006354.92,1130105.94,3005755.68,1122272.02,3005939.9,1129787.55,0,0,0,0,0,0,0,0,0,0,0,0,717,598,598,717,598,598
8a89da23,a692b17e,523.1172328457764,523.2472838918126,177.89893041710988,177.77046219401777,179.92894851195297,10863.0,11783.0,311,1490,2910289.37,1040737.25,2909900.84,1040386.97,5195.748694432784,4870.136099227756,1640,5574,1843,5408,2910246.93,1040782.71,2913749.47,1036945.0,2910510.89,1039642.6,2907361.94,1043357.75,0,0,0,0,0,0,0,0,0,0,0,0,2209,2421,2209,2209,2421,2209
633774dc,a4f989c2,523.8308161992966,523.9601698601853,179.47167997906934,179.49354084582524,179.951020997267,10798.0,11484.0,414,990,2971853.21,1095277.06,2972179.27,1095687.04,7469.051549333432,6667.706296381311,1739,7971,1639,7023,2971901.19,1095235.43,2966928.48,1100808.48,2971708.26,1096142.24,2976193.14,1091208.26,0,0,0,0,0,0,0,0,0,0,0,0,2100,1952,1952,2100,1952,1952
633774dc,d011f41b,523.8308161992966,523.9601698601853,178.61317006729283,179.9375670747472,179.951020997267,10798.0,11484.0,414,990,2971853.21,1095277.06,2972179.27,1095687.04,7469.051549333432,3556.1900493226217,1739,7971,1639,3905,2971901.19,1095235.43,2966928.48,1100808.48,2971708.26,1096142.24,2974139.41,1093546.86,0,0,0,0,0,0,0,0,0,0,0,0,2100,1952,1952,2100,1952,1952
4fbe9c06,85380836,523.8431461802625,523.8991691155877,178.34692486388565,178.3627813467148,179.81492240507487,11134.0,11866.0,695,1331,2907591.91,1037977.96,2907990.14,1038318.29,7370.62957327922,7733.241335856539,1651,7937,1557,8174,2907446.64,1038066.46,2912415.48,1032622.49,2908570.58,1037635.38,2903524.23,1043495.19,0,0,0,0,0,0,0,0,0,0,0,0,2467,2303,2303,2467,2303,2303
37344c2a,865033f8,524.3301548643593,524.3358179641064,175.5117597094192,176.0191228519181,105.599980017892,10457.0,10363.0,144,0,2917876.62,1044965.73,2917984.7,1045478.8,6355.796779987681,4781.052152664815,1746,6942,1746,5302,2917878.82,1044963.87,2922406.04,1040502.88,2917984.7,1045478.8,2914852.21,1049090.72,0,0,0,0,0,0,0,0,0,0,0,0,1229,1108,1108,1229,1108,1108
1550491d,e7d0c1de,524.7502728919748,524.7949703458269,176.86595570794265,177.36912723843247,179.45923948531134,11851.0,17229.0,405,6441,3005636.59,1110945.48,3006159.04,1110896.4,5765.992040204361,5959.511646737575,1366,5928,1744,6454,3005612.32,1110679.76,3005938.83,1116436.5,3006820.11,1116806.06,3006157.85,1110883.46,0,0,0,0,0,0,0,0,0,0,0,0,5929,6455,5929,5929,6455,5929
24d8997e,aee6393a,525.5330436805203,525.5970541203037,172.80121870410505,172.99427771861752,118.83959010389628,10365.0,11295.0,0,565,2918727.79,1046207.99,2918351.65,1045840.97,4631.9386729101225,6920.686982113914,1746,5187,1281,7145,2918727.79,1046207.99,2915749.09,1049755.13,2918100.14,1046080.67,2923179.74,1041380.29,0,0,0,0,0,0,0,0,0,0,0,0,1683,1468,1468,1683,1468,1468
8f201368,fbd68d27,526.6382064566064,526.7921587305569,178.69271308767546,178.38951307049211,179.6941377131704,12541.0,11124.0,2154,534,2907230.74,1038640.27,2907636.25,1038976.29,7633.366417177954,8148.962381812816,1802,8150,1723,8551,2908282.12,1037378.5,2903330.79,1043188.2,2907556.01,1039139.72,2912981.9,1033059.81,0,0,0,0,0,0,0,0,0,0,0,0,3143,3015,3015,3143,3015,3015
4cd1ac61,ea41324e,527.4749617753705,527.4749617753705,157.74675733766293,157.89690886540208,160.9604848545221,17713.0,17644.0,6708,6838,3003572.88,1110131.12,3003748.36,1110628.55,6057.052040787078,6421.78574868389,2220,6708,1814,6838,3005776.5,1104489.14,3003572.88,1110131.12,3003851.34,1117049.51,3003748.36,1110628.55,0,0,0,0,0,0,0,0,0,0,0,0,535,485,485,535,485,485
884ecb5f,bb2cdd83,527.6333067573358,527.6333067573358,179.17387153271827,179.39826550711365,41.58127678824097,10554.0,11342.0,0,975,2906668.53,1037473.28,2906281.95,1037114.18,7625.947473154013,5061.157626966524,1330,8053,1840,5664,2906668.53,1037473.28,2911748.16,1031785.36,2906533.83,1036828.64,2903217.38,1040651.79,0,0,0,0,0,0,0,0,0,0,0,0,1637,1840,1637,1637,1840,1637
3690a146,e14d641e,527.8006479722287,527.8793147112517,178.2618888400344,178.2504781021966,172.4034050553205,11866.0,10688.0,1540,251,2910414.75,1039554.31,2910796.13,1039919.17,5182.706604786658,4488.409229615861,1688,5760,1794,4977,2909752.96,1040260.13,2913248.84,1036434.0,2910803.18,1039920.84,2907877.52,1043324.71,0,0,0,0,0,0,0,0,0,0,0,0,2369,2251,2251,2369,2251,2251
367456ce,89969c7a,529.2323611606807,529.2393396186817,177.67942502093808,177.79373876797592,179.51110530884816,10528.0,11179.0,227,977,2994970.14,1121736.47,2995472.78,1121902.12,6805.733252310218,5749.955502175672,1743,7311,1370,6316,2994968.11,1121737.55,2997282.57,1115337.45,2995589.6,1121493.57,2993854.73,1126975.56,0,0,0,0,0,0,0,0,0,0,0,0,1798,1844,1798,1798,1844,1798
91abc4c7,ebe69318,530.6030788638739,530.6414934772538,178.82429689482896,178.49017654780172,164.9555295657644,10483.0,11509.0,0,1221,2900536.62,1025532.93,2900926.94,1025892.36,7274.669451102148,6129.093928803715,1939,7786,1742,6717,2900536.62,1025532.93,2895759.2,1031019.01,2900480.24,1026355.25,2904599.33,1021816.65,0,0,0,0,0,0,0,0,0,0,0,0,2002,2080,2002,2002,2080,2002
09441b8d,75cd5f11,531.945730314544,531.9610166165785,178.08310394025648,177.83497758034773,148.6230555753546,12016.0,10568.0,1629,0,2907631.08,1039239.2,2908027.9,1039593.46,6799.295443771958,6013.1508423787245,1907,7394,1464,6409,2908308.08,1038444.9,2903888.74,1043612.09,2908027.9,1039593.46,2912086.94,1035157.0,0,0,0,0,0,0,0,0,0,0,0,0,2477,2264,2264,2477,2264,2264
5a1a8fd8,f40cd091,534.6096837881756,534.6203157380291,177.38951619491328,179.69282432765414,156.0502130324623,11976.0,11378.0,745,0,3000754.79,1101916.61,3000263.77,1101705.17,6349.964629956588,6432.283006499436,1554,6813,1610,6775,3000635.47,1102190.54,3002892.36,1096255.18,3000263.77,1101705.17,2997706.16,1107607.11,0,0,0,0,0,0,0,0,0,0,0,0,1614,1258,1258,1614,1258,1258
cb879f40,eb640a35,534.9389905400212,534.9446723728879,179.55733663717604,179.25165402299888,179.87783662000408,12621.0,16856.0,2003,6723,2995223.11,1115949.26,2994729.61,1115742.82,7603.243900507182,7306.408691169848,1589,7903,1745,7781,2995922.42,1114384.03,2993189.47,1121479.12,2992523.81,1121590.61,2995097.31,1114752.43,0,0,0,0,0,0,0,0,0,0,0,0,7904,7782,7782,7904,7782,7782
45fb3e21,e0f36d98,536.0928289951191,536.0928289951191,174.01515497767545,174.67728512626107,175.0084117032676,16491.0,17490.0,5625,6713,2989709.53,1094878.76,2990055.55,1095288.23,5015.344937858207,6335.086364723105,1977,5625,1738,6713,2991508.92,1090197.32,2989709.53,1094878.76,2988411.61,1101406.3,2990055.55,1095288.23,0,0,0,0,0,0,0,0,0,0,0,0,622,588,588,622,588,588
3ac16ad0,c59b6c4a,538.1371595604923,538.1623387971024,179.41501099893122,178.82859871381635,69.93585875673931,10395.0,9984.0,243,0,2888529.81,1024383.83,2888026.24,1024194.07,6825.571503236877,6838.37910859737,1763,7411,1961,7459,2888537.38,1024390.62,2893355.05,1019555.49,2888026.24,1024194.07,2883249.24,1029087.3,0,0,0,0,0,0,0,0,0,0,0,0,1216,1211,1211,1216,1211,1211
46d24a09,9f0c7bae,539.8428609326,539.8428609326,153.32447509618956,153.0384183719847,128.87180215836332,12269.0,12573.0,0,0,2950215.96,1015519.87,2949990.2,1015029.5,5804.493129852013,3874.160648772863,1674,6122,1498,4039,2950215.96,1015519.87,2947526.24,1020663.56,2949990.2,1015029.5,2950053.1,1011155.85,0,0,0,0,0,0,0,0,0,0,0,0,877,647,647,877,647,647
57796579,c9e6734f,540.2945937170848,540.2945937170848,178.6570464071296,178.31616326063082,96.47549877336444,10428.0,10600.0,0,0,2939731.33,1058679.44,2940234.21,1058877.0,7107.145822410058,6082.933424097373,1732,7621,1653,6387,2939731.33,1058679.44,2935117.1,1064085.03,2940234.21,1058877.0,2944290.83,1054344.24,0,0,0,0,0,0,0,0,0,0,0,0,1183,989,989,1183,989,989
43b06c70,ea41324e,541.1133871012995,541.1133871012995,158.95599120274616,158.63764111629206,160.87212404445708,17869.0,17644.0,6589,6838,3004283.6,1110549.04,3003748.36,1110628.55,6058.52422764822,6421.78574868389,1744,6589,1814,6838,3006368.17,1104860.43,3004283.6,1110549.04,3003851.34,1117049.51,3003748.36,1110628.55,0,0,0,0,0,0,0,0,0,0,0,0,621,792,621,621,792,621
c07fd0cd,c3957531,542.220048042948,542.2295543400975,162.79668613595618,163.26911306296967,45.27212674428663,11722.0,11715.0,19,0,3021391.8,1087297.42,3020875.58,1087131.53,5513.256451979868,6644.7088663462855,1844,6034,1938,7253,3021391.98,1087296.89,3024786.76,1082952.76,3020875.58,1087131.53,3018515.67,1093343.05,0,0,0,0,0,0,0,0,0,0,0,0,1181,1426,1181,1181,1426,1181
26623a50,c96c018a,543.2823682029463,543.3533326483306,168.57061708010082,168.10508903899117,99.86093131588164,10868.0,18520.0,0,7659,3001787.98,1109641.92,3002331.18,1109651.38,6956.805695180804,7240.460835996604,1744,7478,1443,7678,3001787.98,1109641.92,3000364.0,1116451.43,3002283.37,1116872.69,3002331.63,1109632.39,0,0,0,0,0,0,0,0,0,0,0,0,2828,2362,2362,2828,2362,2362
925a7cd1,c2c6fc71,544.4612078008607,544.5176009091432,171.5786902212231,171.57265404705424,163.03952387923124,11523.0,11394.0,267,10,3003410.05,1089986.76,3003952.03,1090038.68,5963.830501590427,8369.117184625973,1984,6500,1721,8839,3003404.4,1089977.65,2999865.54,1094778.04,3003952.04,1090038.77,3009851.18,1084102.25,0,0,0,0,0,0,0,0,0,0,0,0,1142,1032,1032,1142,1032,1032
35b3ef6a,b7fea9ef,545.0827068437541,545.1084634273092,174.20652667776216,173.87574872035265,151.12511257606175,10181.0,10225.0,0,207,2938546.84,1069371.8,2938422.11,1068841.18,5373.822199226487,5033.786921394247,1832,5735,1709,5574,2938546.84,1069371.8,2935036.59,1073440.72,2938423.52,1068838.63,2941310.12,1064714.73,0,0,0,0,0,0,0,0,0,0,0,0,912,1082,912,912,1082,912
9b9e3b49,c9e980e8,545.1775314519286,545.2750535282033,179.0210234368236,178.78735219177892,179.8760346898465,16804.0,12603.0,5660,1857,3008621.34,1115353.08,3008077.82,1115395.56,6300.552131884926,5620.777824936577,1757,6874,1903,6261,3008427.3,1110267.23,3008720.85,1116560.94,3008125.42,1116617.17,3007767.65,1111007.79,0,0,0,0,0,0,0,0,0,0,0,0,6875,6262,6262,6875,6262,6262
593876b6,992c99e8,547.4251704112137,547.5646367325792,175.87061492735933,175.24461971100075,171.48003893336272,11009.0,11862.0,0,1087,3006910.23,1116908.12,3006364.97,1116956.76,6052.150729294504,6198.683409571652,1524,6365,1836,6739,3006910.23,1116908.12,3006319.58,1110884.86,3006331.09,1116403.61,3006490.24,1122600.25,0,0,0,0,0,0,0,0,0,0,0,0,1697,1891,1697,1697,1891,1697
ba48188d,cdc31d65,549.0616406193974,549.0708119176634,176.53206841626312,176.64884444087696,176.47250759696024,17499.0,14054.0,5533,2770,3008537.95,1089425.97,3008947.09,1089792.13,5275.891225461355,6005.198552803956,1368,5533,1768,6607,3011773.22,1085258.47,3008537.95,1089425.97,3007511.33,1091424.51,3011474.02,1086912.36,0,0,0,0,0,0,0,0,0,0,0,0,4410,4660,4410,4410,4660,4410
2be5c96a,b0f53bf4,549.1926621867989,549.257912551122,179.01409451653817,178.18818685293724,179.88318296962038,12785.0,15739.0,1532,4076,2997610.92,1093482.0,2997230.93,1093085.49,5357.99827191108,4056.234603471634,1543,5752,1447,4201,2996847.6,1094333.86,3000621.97,1090530.93,2999945.15,1090240.89,2997137.75,1093168.61,0,0,0,0,0,0,0,0,0,0,0,0,5162,4202,4202,5162,4202,4202
b4f37e6e,b56bc0aa,549.6887814935394,549.8252705181035,179.82021734815552,179.52036586518133,179.94054138964512,11571.0,11380.0,991,1098,2916586.36,1043830.15,2916154.02,1043490.68,4156.215573391354,6767.879007200217,1507,4498,1829,7430,2916184.23,1044345.05,2918845.89,1041152.92,2916436.66,1043146.99,2912118.81,1048358.55,0,0,0,0,0,0,0,0,0,0,0,0,2267,2551,2267,2267,2551,2267
1b1c5372,48c1f673,549.7271914322843,549.7271914322843,152.02465086309454,152.01702401761742,130.16366736187837,10387.0,10021.0,0,0,2998972.7,1127767.79,2998825.85,1128297.54,5498.681105574169,4098.954239083402,1531,5791,1749,4665,2998972.7,1127767.79,3000801.42,1122582.11,2998825.85,1128297.54,2995808.6,1131072.0,0,0,0,0,0,0,0,0,0,0,0,0,734,1053,734,734,1053,734
65a5466a,c472c0b5,550.1613954106657,550.1613954106657,151.75904215849854,151.5864046686499,130.45615105291913,10402.0,10232.0,0,275,2998301.23,1127805.88,2998691.74,1128193.41,5796.944434924329,4305.275421398527,1434,6116,1813,4866,2998301.23,1127805.88,3000204.77,1122330.38,2998697.44,1128190.87,2995527.79,1131104.41,0,0,0,0,0,0,0,0,0,0,0,0,940,1416,940,940,1416,940
d5df0ff5,e7818f7a,552.0093174033024,552.0093174033024,164.6351439459748,166.63507863148078,170.67514714080068,17166.0,17663.0,5489,6828,3015348.91,1119356.78,3014906.58,1119687.02,5302.874590455564,6357.312420237173,1458,5489,1458,6828,3017763.8,1114635.68,3015348.91,1119356.78,3010615.32,1124377.49,3014906.58,1119687.02,0,0,0,0,0,0,0,0,0,0,0,0,470,453,453,470,453,453
999daf80,e85074c5,552.0781538873792,552.0938422042877,172.96409916225443,174.987507259742,31.422997581212943,11266.0,10450.0,923,0,2917549.93,1045453.36,2918025.57,1045733.64,4920.132865899107,6754.748974617945,1875,5438,1561,7235,2917692.62,1045034.95,2914583.97,1048848.61,2918025.57,1045733.64,2922902.56,1041060.14,0,0,0,0,0,0,0,0,0,0,0,0,1673,1402,1402,1673,1402,1402
35b3ef6a,a783cc24,552.8780521053948,552.8780521053948,174.7711072208592,174.66884685600385,172.05435542853948,10181.0,10341.0,0,0,2938546.84,1069371.8,2938430.18,1068831.37,5373.822199226487,3034.894686821841,1832,5735,1386,3274,2938546.84,1069371.8,2935036.59,1073440.72,2938430.18,1068831.37,2940194.94,1066362.32,0,0,0,0,0,0,0,0,0,0,0,0,899,779,779,899,779,779
67847288,86454a6f,554.5033801520235,554.5033801520235,174.8048105590161,174.97944852548335,174.94610233339066,21051.0,21064.0,9173,9099,3005013.03,1081857.63,3004461.28,1081912.82,8677.860477905797,9037.880584877155,1745,9173,1136,9099,3009099.27,1074202.05,3005013.03,1081857.63,3000944.96,1090238.61,3004461.28,1081912.82,0,0,0,0,0,0,0,0,0,0,0,0,595,621,595,595,621,595
7993a768,f88ddb26,555.9280946308769,555.9440709283751,179.88583611728183,179.91576068940196,179.931192389236,14675.0,15758.0,3059,4420,2986217.48,1060928.41,2985661.56,1060931.41,6551.623160080292,6109.798342416895,1560,7046,1595,6584,2986215.62,1058361.24,2986248.63,1064912.78,2985644.93,1064879.98,2985626.32,1058770.21,0,0,0,0,0,0,0,0,0,0,0,0,7047,6585,6585,7047,6585,6585
0bbf5e67,d84b621b,557.104800553697,557.104800553697,179.36450654927236,179.3428858334832,172.33289800832904,16250.0,16309.0,6030,5745,2901254.56,1032191.64,2901124.54,1031649.92,5464.016026275957,5212.810809659228,1733,6030,1752,5745,2897725.21,1036362.87,2901254.56,1032191.64,2904535.56,1027708.05,2901124.54,1031649.92,0,0,0,0,0,0,0,0,0,0,0,0,566,587,566,566,587,566
7a5660b0,e5864244,558.1869744985906,558.2137028055414,163.3624769575284,162.4843522682676,178.14915129379222,12509.0,12226.0,705,240,3020272.67,1087403.53,3020799.28,1087588.61,6358.029614589672,5568.5778687559805,1938,6935,1568,6036,3020325.34,1087212.4,3018066.64,1093155.7,3020801.18,1087588.12,3024186.98,1083167.1,0,0,0,0,0,0,0,0,0,0,0,0,1577,1305,1305,1577,1305,1305
13f598d9,86454a6f,561.6708225465393,561.6708225465393,172.45661526159745,172.36035858370707,174.0234038904064,20926.0,21064.0,8933,9099,3004289.01,1081378.22,3004461.28,1081912.82,8525.964615414518,9037.880584877155,1628,8933,1136,9099,3008608.53,1074027.45,3004289.01,1081378.22,3000944.96,1090238.61,3004461.28,1081912.82,0,0,0,0,0,0,0,0,0,0,0,0,538,501,501,538,501,501
29de15c8,b85f7b06,565.8695413255675,565.8811575761281,177.88031681138688,179.7454765890789,176.32777286187152,11440.0,11388.0,353,128,3012487.12,1115450.37,3011927.89,1115363.94,4710.831428038878,5050.844166275567,1733,5163,1650,5452,3012493.66,1115394.36,3012246.63,1120098.71,3011927.04,1115363.2,3012005.16,1110312.96,0,0,0,0,0,0,0,0,0,0,0,0,1328,1153,1153,1328,1153,1153
26d3a96a,3e678ea7,566.9118379433238,566.9118379433238,166.1529891405024,166.23802298965518,166.16621600056823,18482.0,20670.0,6464,8736,3019706.06,1087095.97,3019244.78,1087425.53,5978.058799217251,8265.469793810686,1744,6464,1879,8736,3023065.81,1082151.35,3019706.06,1087095.97,3016370.68,1095175.21,3019244.78,1087425.53,0,0,0,0,0,0,0,0,0,0,0,0,451,479,451,451,479,451
3f603129,9719aa04,566.9751726484865,567.0835989513338,178.24963733268137,179.8560717946727,169.38971774472023,11585.0,16896.0,1262,6664,3005139.96,1135250.49,3005703.76,1135310.41,6254.308792968202,6075.557659951909,1548,6598,1794,6664,3005053.79,1136223.41,3006354.92,1130105.94,3007148.63,1129409.16,3005703.76,1135310.41,0,0,0,0,0,0,0,0,0,0,0,0,6229,6123,6123,6229,6123,6123
11d0f5ac,ec0d597b,567.9307948153896,567.9307948153896,179.2877161744838,179.44675022558374,20.970751812873853,10437.0,10304.0,0,126,2891720.37,1028545.97,2892288.28,1028541.11,6115.549782685371,5874.540966450033,1495,6377,1836,6451,2891720.37,1028545.97,2887424.28,1032898.39,2892290.41,1028539.66,2896468.85,1024410.39,0,0,0,0,0,0,0,0,0,0,0,0,776,1084,776,776,1084,776
29b24409,5def1ce5,568.131967240034,568.1396019465438,178.62301505260646,179.52932836215803,179.9465171762705,13778.0,10758.0,3248,148,2905778.38,1036595.32,2906205.09,1036970.41,6910.248399884159,7589.48777884925,1830,7416,1554,7996,2907560.77,1034505.75,2903080.61,1039766.9,2906205.48,1036973.65,2911263.45,1031315.27,0,0,0,0,0,0,0,0,0,0,0,0,4076,3900,3900,4076,3900,3900
357c12f9,b7fea9ef,570.122456758143,570.2180658308363,177.27797748587818,176.96661762994125,179.94075785001056,10863.0,15527.0,726,5509,2940810.16,1064432.56,2941271.87,1064767.02,5200.176757091698,5033.786921394247,1691,5769,1709,5574,2940925.86,1064281.12,2937744.89,1068394.91,2938423.52,1068838.63,2941310.12,1064714.73,0,0,0,0,0,0,0,0,0,0,0,0,5770,5575,5575,5770,5575,5575
2cee0cba,368fe682,570.664367382485,570.664367382485,179.29853259972097,179.5575508129002,179.1454962523708,17536.0,17145.0,7334,6415,2898629.66,1031543.31,2898541.35,1030979.52,6809.18119480599,6102.378711764904,1835,7334,1480,6415,2894213.45,1036726.17,2898629.66,1031543.31,2902555.72,1026383.45,2898541.35,1030979.52,0,0,0,0,0,0,0,0,0,0,0,0,539,544,539,539,544,539
310c71a5,d6c320d9,571.4116297380152,571.4697693666851,178.3064157300728,177.62069110165814,179.78664436961296,11107.0,11698.0,592,917,2907187.99,1032314.51,2907617.08,1032691.86,6497.176126595119,6603.282836233758,1743,6987,1494,6945,2907298.67,1032190.03,2903040.49,1037097.29,2907215.88,1033113.57,2911689.11,1028256.25,0,0,0,0,0,0,0,0,0,0,0,0,2023,1901,1901,2023,1901,1901
5d7198fd,fa31da94,572.5496674522375,572.5496674522375,178.63458616126775,176.73082979738624,177.74915351768146,17056.0,17808.0,4796,6680,3017586.28,1108998.16,3017189.49,1109410.92,4716.729348287971,6087.7539746612,1429,4796,1654,6680,3020596.45,1105366.85,3017586.28,1108998.16,3013417.13,1114189.0,3017189.49,1109410.92,0,0,0,0,0,0,0,0,0,0,0,0,430,430,430,430,430,430
49dbc14c,eafb863e,573.192125294847,573.192125294847,179.9088813258882,179.5783618270129,179.8161598621329,15703.0,15807.0,5197,5316,2913367.87,1043006.64,2913934.89,1043090.53,4908.556311880422,4822.536079045854,1326,5197,1749,5316,2910241.17,1046790.51,2913367.87,1043006.64,2917000.88,1039368.09,2913934.89,1043090.53,0,0,0,0,0,0,0,0,0,0,0,0,573,587,573,573,587,573
739a914f,bd4ae5da,573.8201841168126,573.8422054885087,178.31056251176614,178.95930151622716,179.9570116053253,12621.0,17448.0,1949,6447,3008967.9,1116084.66,3008394.79,1116113.2,6628.683788822584,6253.065035788374,1814,7318,1899,6904,3009261.66,1117336.97,3008766.85,1110726.78,3008143.3,1110322.07,3008426.03,1116568.74,0,0,0,0,0,0,0,0,0,0,0,0,6596,6905,6596,6596,6905,6596
30d75030,d543916f,575.7945801240676,575.838754948035,168.8983388583155,171.3390399363416,162.03650173768276,15586.0,12121.0,5008,1718,2991714.42,1118597.6,2992255.93,1118793.32,4744.255146395622,5925.371204456429,1605,5008,1482,6280,2992012.21,1113862.7,2991714.42,1118597.6,2991722.49,1120073.61,2993226.14,1114342.2,0,0,0,0,0,0,0,0,0,0,0,0,2792,3710,2792,2792,3710,2792
7256229b,89969c7a,576.8388088539963,576.8695250227139,177.50823650493933,177.61537725393472,175.29681794052476,10489.0,11049.0,206,847,2996061.18,1121952.57,2995505.85,1121796.52,6485.706295115571,5749.955502175672,1557,6971,1370,6316,2996059.03,1121960.69,2998282.87,1115868.16,2995589.6,1121493.57,2993854.73,1126975.56,0,0,0,0,0,0,0,0,0,0,0,0,1556,1668,1556,1556,1668,1556
c42fe306,d24ff243,577.3918971548128,577.5209804846604,178.5037586548953,178.03125479353176,179.86503042363478,10925.0,11687.0,450,1038,2899758.34,1024787.99,2900196.61,1025163.89,6524.636972583345,6754.3916253427005,1928,7022,1475,7115,2899804.94,1024728.83,2895526.78,1029655.11,2899718.79,1025651.9,2904279.25,1020669.53,0,0,0,0,0,0,0,0,0,0,0,0,2053,1926,1926,2053,1926,1926
b977be4a,c8d9680c,581.0097142907052,581.0227655606988,179.11391365547135,178.73930563780672,179.30023914290285,10997.0,11070.0,279,323,2995301.36,1114563.17,2995861.52,1114717.42,7132.760702483987,7431.688384135842,1578,7494,1460,7740,2995286.45,1114620.83,2997850.03,1107964.68,2995902.05,1114627.68,2993338.6,1121603.26,0,0,0,0,0,0,0,0,0,0,0,0,1360,1336,1336,1360,1336,1336
0dc5e64d,d5df0ff5,581.6036558516047,581.6036558516047,164.10381771601118,165.80987814817394,168.58900943174564,16982.0,17166.0,6190,5489,3015095.45,1119880.25,3015348.91,1119356.78,5884.534711028619,5302.874590455564,1312,6190,1458,5489,3011083.23,1124184.88,3015095.45,1119880.25,3017763.8,1114635.68,3015348.91,1119356.78,0,0,0,0,0,0,0,0,0,0,0,0,434,421,421,434,421,421
c3957531,febb4411,582.1200140861683,582.1623749436802,163.25866920620217,163.12289159196914,178.09214659341768,12839.0,11863.0,1124,216,3020705.91,1087629.45,3021258.59,1087812.23,6644.7088663462855,5640.890817060723,1938,7253,2028,6274,3020875.58,1087131.53,3018515.67,1093343.05,3021267.6,1087810.87,3024705.02,1083338.31,0,0,0,0,0,0,0,0,0,0,0,0,1919,1638,1638,1919,1638,1638
d1ee630d,f40cd091,583.7183383275858,583.7183383275858,177.07529367778437,179.8464270383192,179.41956916453165,18516.0,18153.0,7878,6775,2997140.72,1107752.04,2997706.16,1107607.11,7428.723962835182,6432.283006499436,1589,7878,1610,6775,2994538.54,1114710.1,2997140.72,1107752.04,3000263.77,1101705.17,2997706.16,1107607.11,0,0,0,0,0,0,0,0,0,0,0,0,542,535,535,542,535,535
2ac7cb6b,efde6ac3,584.1007896761699,584.1552523092073,178.50587786891472,178.67497807480908,178.78443246571496,10990.0,10380.0,566,51,2993884.84,1121957.34,2994436.66,1122148.83,6189.236512607947,5738.249387121568,1461,6450,1661,6219,2993987.4,1121640.59,2992034.11,1127513.52,2994436.83,1122149.3,2996389.15,1116753.38,0,0,0,0,0,0,0,0,0,0,0,0,1393,1586,1393,1393,1586,1393
2ac7cb6b,d085e611,584.1007896761699,584.1552523092073,178.43446263620092,178.51836013950705,178.78443246571496,10990.0,10380.0,566,51,2993884.84,1121957.34,2994436.66,1122148.83,6189.236512607947,7368.783170008496,1461,6450,1661,7851,2993987.4,1121640.59,2992034.11,1127513.52,2994436.83,1122149.3,2996952.54,1115223.25,0,0,0,0,0,0,0,0,0,0,0,0,1393,1586,1393,1393,1586,1393
a79fd2e7,c9e980e8,590.4850654336927,590.4850654336927,176.78349735430143,175.90150796763876,179.98837084275843,17426.0,17007.0,6326,6261,3007977.6,1110455.89,3007767.65,1111007.79,5713.523093372293,5620.777824936577,1923,6326,1903,6261,3007934.43,1104742.53,3007977.6,1110455.89,3008125.42,1116617.17,3007767.65,1111007.79,0,0,0,0,0,0,0,0,0,0,0,0,426,432,426,426,432,426
060ab2b8,1131525f,591.5503360662193,591.592640336142,177.86950716348616,177.87476201309428,166.12256560603956,10945.0,10716.0,557,0,2900985.31,1026034.44,2901513.56,1026300.68,7263.5878280638735,5248.376662711882,1560,7817,1389,5547,2901028.92,1025943.05,2896319.2,1031472.81,2901513.56,1026300.68,2905062.8,1022434.37,0,0,0,0,0,0,0,0,0,0,0,0,1312,1034,1034,1312,1034,1034
3ac16ad0,4f69febf,591.5605707786453,591.5650426623388,179.82360955760095,179.80293783234407,51.554414899408336,10152.0,10074.0,0,246,2888537.38,1024390.62,2888823.38,1024908.45,6825.571503236877,6866.527260413126,1763,7411,2139,7598,2888537.38,1024390.62,2893355.05,1019555.49,2888828.01,1024912.59,2883996.43,1029791.63,0,0,0,0,0,0,0,0,0,0,0,0,1248,1332,1248,1248,1332,1248
a0b83014,c36625df,592.7125327677172,592.7125327677172,177.04190391058373,177.12834713524703,176.00762354723068,17468.0,17546.0,6872,6385,3007760.73,1116941.65,3007754.52,1116348.97,6265.824495611256,5851.378503028056,1838,6872,1644,6385,3007914.8,1123205.58,3007760.73,1116941.65,3007308.96,1110514.58,3007754.52,1116348.97,0,0,0,0,0,0,0,0,0,0,0,0,408,411,408,408,411,408
3a0af893,7cbbd047,595.7627454784348,595.7627454784348,179.18590342717252,177.98905128969943,175.28828580045294,16547.0,17975.0,4579,6789,3019518.64,1108789.35,3019139.04,1109248.52,4369.449848688034,6276.279671150615,1653,4579,1669,6789,3022261.73,1105388.24,3019518.64,1108789.35,3015129.85,1114077.4,3019139.04,1109248.52,0,0,0,0,0,0,0,0,0,0,0,0,405,405,405,405,405,405
8bfa881d,c6797dd7,599.9289312076626,599.9289312076626,168.4390579703032,168.52256562821483,163.59977489995987,17456.0,17297.0,5842,6280,3011690.42,1099040.43,3011488.06,1099605.2,5354.583939504499,5543.59134991024,1754,5842,1617,6280,3013530.08,1094011.79,3011690.42,1099040.43,3008578.74,1104324.02,3011488.06,1099605.2,0,0,0,0,0,0,0,0,0,0,0,0,401,411,401,401,411,401
1944513c,6dbe4b60,600.3495308569499,600.4277339530939,179.87013707355567,179.5716460405164,179.7829313163025,13193.0,16178.0,2333,5389,3005494.1,1112193.14,3004893.96,1112209.0,5965.504662918459,6137.639849094888,1877,6598,2025,6672,3005424.58,1110489.44,3005734.86,1116446.87,3005151.23,1117057.91,3004845.89,1110927.87,0,0,0,0,0,0,0,0,0,0,0,0,6599,6673,6599,6599,6673,6599
4654e7de,811f52b3,602.8299345588307,602.8482404387772,178.14063837034678,178.13754288078167,143.51362388432923,10732.0,11750.0,0,1302,2906951.58,1032888.3,2906504.88,1032483.5,6642.247508456801,6104.991928258353,1637,7009,1838,6673,2906951.58,1032888.3,2911431.08,1027983.86,2906987.63,1031921.75,2903018.88,1036560.71,0,0,0,0,0,0,0,0,0,0,0,0,1883,2130,1883,1883,2130,1883
93209a3d,f56d3ace,603.1252720622796,603.1252720622796,154.53295910887854,157.6746631123919,154.6797625481601,18012.0,18122.0,6299,7382,3003235.27,1109703.9,3003211.84,1110306.57,5942.395111080975,6775.222683292404,1603,6299,1951,7382,3005637.06,1104268.51,3003235.27,1109703.9,3003404.25,1117079.06,3003211.84,1110306.57,0,0,0,0,0,0,0,0,0,0,0,0,416,398,398,416,398,398
992c99e8,bd6f0e19,606.7333303022527,606.7492933661648,178.51375723067483,179.04865422958747,179.91443519942553,17164.0,12103.0,6389,1508,3006482.55,1122250.42,3005876.1,1122268.96,6198.683409571652,6455.528022539988,1836,6739,1839,6978,3006331.09,1116403.61,3006490.24,1122600.25,3005988.13,1123257.02,3005655.06,1116810.09,0,0,0,0,0,0,0,0,0,0,0,0,6740,6979,6740,6740,6979,6740
a87433c9,be063506,608.1484148627137,608.1579913969503,178.50988592543465,179.09513871356145,174.61220042311268,11931.0,10992.0,852,0,3003170.13,1103147.24,3002574.61,1103023.95,6852.90333561617,6020.005225886474,1739,7459,2039,6538,3003125.45,1103422.43,3005505.08,1096995.95,3002574.61,1103023.95,3000338.1,1108613.09,0,0,0,0,0,0,0,0,0,0,0,0,1572,1427,1427,1572,1427,1427
06df5958,2ee0235b,611.1626598541188,611.2102201369281,177.8027882056493,178.2463354975021,164.93482072935373,10772.0,11834.0,0,1193,2903605.04,1027075.94,2903125.52,1026697.02,4707.550069123003,6792.672917269032,1530,5038,1700,7255,2903605.04,1027075.94,2906775.06,1023595.71,2903580.22,1026115.63,2899201.99,1031309.04,0,0,0,0,0,0,0,0,0,0,0,0,1759,1976,1759,1759,1976,1759
8ac2f237,c9e980e8,613.7048908067105,613.746860276775,176.83257113305973,176.36728199395338,179.83911987729948,11436.0,11234.0,394,488,3008750.24,1116602.6,3008137.43,1116569.47,6435.867723096994,5620.777824936577,1456,6774,1903,6261,3008754.33,1116485.16,3008808.47,1122920.8,3008125.42,1116617.17,3007767.65,1111007.79,0,0,0,0,0,0,0,0,0,0,0,0,1237,1520,1237,1237,1520,1237
93209a3d,c1d046f4,613.9396199140016,613.9396199140016,156.22139341743346,158.09152741404662,158.58126114967732,18012.0,17977.0,6299,6916,3003235.27,1109703.9,3002669.15,1109941.45,5942.395111080975,6698.863805094217,1603,6299,1404,6916,3005637.06,1104268.51,3003235.27,1109703.9,3002662.01,1116640.31,3002669.15,1109941.45,0,0,0,0,0,0,0,0,0,0,0,0,464,582,464,464,582,464
699ea575,7e208414,613.9942072203738,613.9942072203738,154.59122055687808,154.3565104902374,151.09493244415984,17217.0,17215.0,5473,5731,3011171.72,1104831.78,3010641.31,1105141.06,5283.414944796399,5432.88915253188,1354,5473,1506,5731,3013231.3,1099966.33,3011171.72,1104831.78,3010875.02,1110568.92,3010641.31,1105141.06,0,0,0,0,0,0,0,0,0,0,0,0,436,557,436,436,557,436
3aaa2b30,d60430e6,614.1248352740395,614.2193299631308,175.30082248719373,169.2656710122462,170.3766315508665,13230.0,14708.0,2811,4175,2992111.88,1117681.93,2992715.7,1117793.96,6029.194102672382,3748.143883097292,1685,6395,1665,4175,2991484.34,1120062.5,2992608.53,1114139.04,2993713.9,1114181.18,2992715.7,1117793.96,0,0,0,0,0,0,0,0,0,0,0,0,2981,2083,2083,2981,2083,2083
99529c45,ec0d597b,614.8817853864964,615.005146401292,175.87230433790506,176.1295556981113,176.66393889358193,13192.0,16629.0,2739,6451,2896919.41,1024828.81,2896468.85,1024410.39,7080.573378025215,5874.540966450033,1751,7590,1836,6451,2898356.66,1023115.63,2893691.7,1028442.23,2892290.41,1028539.66,2896468.85,1024410.39,0,0,0,0,0,0,0,0,0,0,0,0,5659,5169,5169,5659,5169,5169
aff4e561,df71d1ff,616.6900136210592,616.7147490531653,179.5720577093729,179.6354675479241,115.16538828927015,10944.0,10393.0,704,0,2883953.88,1020423.01,2884372.11,1020876.21,7240.553306294961,7432.332505425212,1697,7722,1651,7878,2884117.5,1020241.93,2879318.37,1025663.55,2884372.11,1020876.21,2889256.65,1015274.35,0,0,0,0,0,0,0,0,0,0,0,0,1557,1521,1521,1557,1521,1521
877ed19c,e4726608,616.8014109095601,616.8052066090463,177.74084896377943,177.27143100293088,25.746676068624996,10988.0,11195.0,0,22,3012065.98,1115332.04,3011451.96,1115390.55,5040.269735887232,5895.772158971317,1923,5630,1535,6267,3012065.98,1115332.04,3012339.55,1110299.2,3011451.89,1115390.38,3011364.2,1121285.5,0,0,0,0,0,0,0,0,0,0,0,0,1276,1067,1067,1276,1067,1067
7acda2df,9c8375f7,616.9638247093834,617.0054934114079,177.73710958815005,179.33891417411976,179.99032880624887,11820.0,14399.0,1170,3934,2915947.0,1042873.7,2915483.21,1042466.83,4229.725757469197,4897.395622910091,1461,4551,1758,5431,2915565.12,1043659.96,2918148.07,1040310.49,2917657.8,1039851.47,2914516.33,1043608.55,0,0,0,0,0,0,0,0,0,0,0,0,4552,5359,4552,4552,5359,4552
5a5d1982,995ff498,616.9746555573583,617.0062476996535,178.48998872392488,178.72597988165415,87.73516179670091,10731.0,10573.0,188,0,2907404.19,1034470.55,2906802.09,1034335.89,4912.079027102644,5782.489620544004,1552,5445,1601,6126,2907405.34,1034469.25,2910703.12,1030828.76,2906802.09,1034335.89,2903034.23,1038722.28,0,0,0,0,0,0,0,0,0,0,0,0,1065,903,903,1065,903,903
9896fc0b,f439a621,617.183228547157,617.183228547157,179.47962075863464,178.94751459243216,177.9551652014135,10470.0,10392.0,0,0,2929035.86,1055799.35,2928485.46,1055520.11,4756.503984745793,4255.696921410205,1514,5108,1874,4694,2929035.86,1055799.35,2932138.66,1052194.22,2928485.46,1055520.11,2925738.76,1058770.74,0,0,0,0,0,0,0,0,0,0,0,0,997,1140,997,997,1140,997
2cee0cba,2ee0235b,618.4206188348622,618.4206188348622,179.69843987456863,179.86299611507883,179.75970191563854,17536.0,17896.0,7334,7255,2898629.66,1031543.31,2899201.99,1031309.04,6809.18119480599,6792.672917269032,1835,7334,1700,7255,2894213.45,1036726.17,2898629.66,1031543.31,2903580.22,1026115.63,2899201.99,1031309.04,0,0,0,0,0,0,0,0,0,0,0,0,407,411,407,407,411,407
28f4eda9,fa16d114,618.5552273645401,618.5552273645401,179.08582562357958,178.89272413732775,171.07327707797697,10580.0,10669.0,0,0,2888231.99,1024634.36,2888205.32,1024016.38,6671.920953855779,6819.321763379618,1558,6823,1242,6927,2888231.99,1024634.36,2883640.47,1029475.07,2888205.32,1024016.38,2892976.62,1019144.23,0,0,0,0,0,0,0,0,0,0,0,0,608,573,573,608,573,573
2075c696,8bb9c1e6,621.3879709971221,621.3879709971221,163.99552409032128,164.2086021290687,167.57487463312677,15312.0,16900.0,5579,6381,2902346.85,1036279.5,2902952.02,1036138.46,4770.253092866386,5877.506581978289,2392,5579,1836,6381,2900375.11,1040623.18,2902346.85,1036279.5,2906762.86,1031663.8,2902952.02,1036138.46,0,0,0,0,0,0,0,0,0,0,0,0,485,431,431,485,431,431
1aaf1da0,fd8f77fa,621.5492196117,621.5492196117,158.6488030073518,160.160996158928,163.77110083497843,17690.0,17426.0,6320,6755,3004739.06,1110654.64,3004145.16,1110837.96,5835.320754414367,6158.772157662538,1517,6320,1484,6755,3006646.69,1105139.94,3004739.06,1110654.64,3004389.08,1116991.9,3004145.16,1110837.96,0,0,0,0,0,0,0,0,0,0,0,0,506,628,506,506,628,506
0be01c24,c36625df,622.7300619046276,622.8639430884156,177.68242528821926,177.48965433052703,179.96048789530653,12159.0,16998.0,1365,5837,3007051.0,1115874.64,3007670.28,1115809.18,5904.570095044939,5851.378503028056,1647,6384,1644,6385,3007171.27,1116757.71,3006483.95,1110893.28,3007308.96,1110514.58,3007754.52,1116348.97,0,0,0,0,0,0,0,0,0,0,0,0,6385,6386,6385,6385,6386,6385
173ed841,e5864244,622.8915575766164,622.9594629668793,178.35938997060552,177.54427872233651,179.88878657598931,17699.0,13375.0,5493,1389,3020808.9,1086458.17,3021318.6,1086816.22,6004.193497964483,5568.5778687559805,1647,6529,1568,6036,3023696.19,1082413.52,3020183.5,1087282.95,3020801.18,1087588.12,3024186.98,1083167.1,0,0,0,0,0,0,0,0,0,0,0,0,6530,6037,6037,6530,6037,6037
25fd32b3,999daf80,626.2225646683441,626.2249500776006,178.87188953329354,178.38063960883997,175.54929927136106,11226.0,10429.0,675,86,2917242.18,1044599.77,2917691.67,1045035.79,4245.809145239366,4920.132865899107,1661,4545,1875,5438,2916966.99,1044883.92,2919713.86,1041646.39,2917692.62,1045034.95,2914583.97,1048848.61,0,0,0,0,0,0,0,0,0,0,0,0,1434,1434,1434,1434,1434,1434
89f36adf,d463e527,627.4840512711507,627.4840512711507,178.9921691249391,178.85322254874464,177.4898581614958,18378.0,18516.0,7040,6990,3025274.34,1115161.87,3024713.99,1114879.48,6523.953452201982,6259.14405861545,1749,7040,2224,6990,3025475.87,1121682.71,3025274.34,1115161.87,3024630.71,1108620.89,3024713.99,1114879.48,0,0,0,0,0,0,0,0,0,0,0,0,520,541,520,520,541,520
14fee784,6ea22614,627.7407733293041,627.7407733293041,176.03381654382798,176.26403929361948,131.38421496973783,10317.0,9953.0,0,0,2992131.0,1121564.3,2991586.52,1121251.89,6131.682203930574,7229.0973027064065,1496,6405,1923,7893,2992131.0,1121564.3,2990101.06,1127350.22,2991586.52,1121251.89,2994445.86,1114612.31,0,0,0,0,0,0,0,0,0,0,0,0,934,1367,934,934,1367,934
48c1f673,944f36b9,630.0308228174467,630.0309770956683,152.44482717822348,152.23007094958993,112.0832017356258,10025.0,10420.0,4,0,2998825.76,1128297.57,2998625.6,1127700.18,4098.954239083402,5744.616698066058,1749,4665,1405,6034,2998825.85,1128297.54,2995808.6,1131072.0,2998625.6,1127700.18,3000575.79,1122296.72,0,0,0,0,0,0,0,0,0,0,0,0,1127,716,716,1127,716,716
4e050c92,d273674e,630.5394932119914,630.5394932119914,155.28008445746343,155.25519807661072,151.8005223323191,16817.0,16992.0,5235,5737,3012274.35,1105156.37,3011767.85,1104780.82,4899.061557094147,5100.133654033138,1531,5235,1839,5737,3012460.86,1110051.88,3012274.35,1105156.37,3013722.72,1100070.21,3011767.85,1104780.82,0,0,0,0,0,0,0,0,0,0,0,0,483,648,483,483,648,483
153552f5,e161bd0c,630.5592300488157,630.568236196307,172.00517872576347,171.87113191447438,179.98502819318776,11329.0,12234.0,80,778,3003737.86,1090108.2,3003280.85,1089673.75,5947.420052333311,4072.502960649443,1803,6497,1864,4812,3003739.07,1090107.02,3000232.74,1094910.92,3003204.2,1089748.58,3006039.34,1086825.01,0,0,0,0,0,0,0,0,0,0,0,0,1332,1607,1332,1332,1607,1332
bd6f0e19,c2717d4f,630.628686708581,630.628686708581,179.35732925113896,178.3596311841994,179.6668053100841,17573.0,17523.0,6978,6681,3005655.06,1116810.09,3006157.57,1116429.07,6455.528022539988,6056.582165958083,1839,6978,1961,6681,3005988.13,1123257.02,3005655.06,1116810.09,3005777.26,1110384.44,3006157.57,1116429.07,0,0,0,0,0,0,0,0,0,0,0,0,495,507,495,495,507,495
44441e54,699ea575,634.5903176851255,634.5903176851255,154.4561081459563,155.15582338159555,148.8979482350806,17237.0,17217.0,5567,5473,3011706.44,1105173.51,3011171.72,1104831.78,5374.505238670778,5283.414944796399,1211,5567,1354,5473,3011950.3,1110542.48,3011706.44,1105173.51,3013231.3,1099966.33,3011171.72,1104831.78,0,0,0,0,0,0,0,0,0,0,0,0,489,673,489,489,673,489
2be5c96a,ed6436d6,635.1375439226612,635.1375439226612,155.78086236371183,155.09840572662205,156.40905486765087,17005.0,16224.0,5752,5026,3000621.97,1090530.93,3000234.83,1090027.42,5357.99827191108,4396.668303181442,1543,5752,2082,5026,2996847.6,1094333.86,3000621.97,1090530.93,3001779.24,1085910.93,3000234.83,1090027.42,0,0,0,0,0,0,0,0,0,0,0,0,707,515,515,707,515,515
5beded95,726f3dc2,635.6757275527982,635.7256503396193,179.4118291072464,179.88517077100954,177.93365500704996,11144.0,10748.0,541,333,2982921.97,1102563.06,2983402.06,1102979.71,4254.613541145909,8019.989200055435,1722,4778,1896,8618,2982847.3,1102626.64,2985668.24,1099441.67,2983412.22,1102970.9,2978156.63,1109028.87,0,0,0,0,0,0,0,0,0,0,0,0,1392,1437,1392,1392,1437,1392
4936af16,add9c322,636.4432056359379,636.51323458347,179.63983738867742,179.75962054013766,179.81413243877978,11313.0,15553.0,903,5081,2990818.97,1119626.11,2990183.35,1119593.75,5201.742990008285,5176.992832301421,1568,5558,1587,5518,2990829.81,1120179.45,2991103.46,1114984.91,2990450.1,1114860.88,2990145.26,1120028.89,0,0,0,0,0,0,0,0,0,0,0,0,5559,5519,5519,5559,5519,5519
9a6b0392,ae8959c3,638.7302311621014,638.7428117797126,151.8242038447271,151.69339547019783,113.58656309416,10113.0,11179.0,0,1346,2997231.78,1127555.4,2997646.49,1128041.19,5436.205020094431,5993.323190751526,1547,5801,2127,6644,2997231.78,1127555.4,2999044.31,1122430.26,2998178.62,1127577.07,2993749.14,1131614.35,0,0,0,0,0,0,0,0,0,0,0,0,1077,2079,1077,1077,2079,1077
200d233d,a79fd2e7,640.6492204783967,640.6833396460014,149.7550159638845,150.08100098981842,114.6034173402051,11374.0,12106.0,0,1006,3008624.11,1105082.54,3007986.72,1105147.08,5396.728964965756,5713.523093372293,1970,5895,1923,6326,3008624.11,1105082.54,3011307.13,1100400.01,3007934.43,1104742.53,3007977.6,1110455.89,0,0,0,0,0,0,0,0,0,0,0,0,1118,1719,1118,1118,1719,1118
9df1b1f9,cbe51de1,641.3591992792485,641.3591992792485,157.6456367798845,157.26680529291545,153.90109093239803,18085.0,16562.0,6443,5361,3013241.09,1110183.03,3012771.01,1110619.34,5922.3202245827615,5050.267890973553,1743,6443,1399,5361,3015970.64,1104927.23,3013241.09,1110183.03,3012322.92,1115649.69,3012771.01,1110619.34,0,0,0,0,0,0,0,0,0,0,0,0,372,434,372,372,434,372
197f8a5a,4c3df468,641.7493299568013,641.7493299568013,178.96659078199326,178.6687332242145,170.74606824091634,10059.0,10533.0,0,0,2882522.67,1019912.96,2883163.42,1019948.76,7598.561293093517,6601.003749430744,1938,8247,1511,6902,2882522.67,1019912.96,2877826.12,1025886.28,2883163.42,1019948.76,2887336.32,1014834.06,0,0,0,0,0,0,0,0,0,0,0,0,1096,767,767,1096,767,767
7a5660b0,d4f60a28,642.2357813918907,642.2357813918907,163.3087367832742,163.2273819606482,167.20532049892304,11804.0,11544.0,0,0,3020325.34,1087212.4,3020945.84,1087378.07,6358.029614589672,5753.978084855896,1938,6935,1934,6434,3020325.34,1087212.4,3018066.64,1093155.7,3020945.84,1087378.07,3024448.65,1082813.14,0,0,0,0,0,0,0,0,0,0,0,0,1288,1228,1228,1288,1228,1228
460f859e,dd7d638e,642.4652682443214,642.5050017705555,178.79202252395305,179.71327084224518,168.06649236792796,10668.0,11552.0,208,1051,2913098.11,1041975.09,2913481.14,1042490.89,4478.858353308407,5463.2151552451005,1646,4981,1745,6045,2913099.09,1041972.81,2915980.42,1038543.8,2913821.38,1042149.74,2910219.4,1046257.35,0,0,0,0,0,0,0,0,0,0,0,0,1573,1760,1573,1573,1760,1573
1285a37b,6e6d122c,645.9400991578921,645.9400991578921,167.4389833430093,166.0944550866381,167.73376432333282,19408.0,18856.0,7402,7082,3013034.56,1086497.92,3012435.5,1086739.51,6889.553826083416,6754.02407013762,1806,7402,1451,7082,3016347.95,1080457.44,3013034.56,1086497.92,3007977.2,1091813.01,3012435.5,1086739.51,0,0,0,0,0,0,0,0,0,0,0,0,418,383,383,418,383,383
41fb0192,67847288,647.0176320625932,647.0176320625932,174.6768846438031,174.95569663388332,158.94949383089795,16436.0,11878.0,4380,0,3008491.68,1073979.64,3009099.27,1074202.05,4097.232180692386,8677.860477905797,1408,4380,1745,9173,3006235.36,1077399.63,3008491.68,1073979.64,3009099.27,1074202.05,3005013.03,1081857.63,0,0,0,0,0,0,0,0,0,0,0,0,3771,4359,3771,3771,4359,3771
5f4d2a52,7256229b,649.314063069458,649.4153220399745,179.8267030107336,179.40115992781182,179.9467879781522,11744.0,16985.0,1239,6702,2998832.02,1116311.19,2998209.47,1116126.69,6651.887687581794,6485.706295115571,1887,7111,1557,6971,2999189.75,1115602.9,2996890.04,1121844.61,2996059.03,1121960.69,2998282.87,1115868.16,0,0,0,0,0,0,0,0,0,0,0,0,7112,6972,6972,7112,6972,6972
4630ab92,4e050c92,651.4562341402391,651.4562341402391,156.85897221237127,157.02408201241303,153.85039340065848,16657.0,16817.0,5306,5235,3012797.22,1104767.78,3012274.35,1105156.37,4720.30791167261,4899.061557094147,1934,5306,1531,5235,3014485.69,1100359.79,3012797.22,1104767.78,3012460.86,1110051.88,3012274.35,1105156.37,0,0,0,0,0,0,0,0,0,0,0,0,389,471,389,389,471,389
09441b8d,c6c96179,656.0464812801888,656.0685117425309,177.4602044127924,178.00049391779726,49.7460443650447,11154.0,10214.0,767,0,2908160.98,1038615.45,2908628.58,1039075.61,6799.295443771958,5219.747663488987,1907,7394,1809,5812,2908308.08,1038444.9,2903888.74,1043612.09,2908628.58,1039075.61,2912193.71,1035263.05,0,0,0,0,0,0,0,0,0,0,0,0,1616,1543,1543,1616,1543,1543
8050c789,e161bd0c,656.6257884819247,656.7981809503476,179.95174194099025,179.9876848211595,174.63260141531663,16498.0,16094.0,4939,4638,3005484.22,1086425.58,3005902.32,1086931.89,4374.135254481776,4072.502960649443,1863,4939,1864,4812,3008531.99,1083288.04,3005484.22,1086425.58,3003204.2,1089748.58,3006039.34,1086825.01,0,0,0,0,0,0,0,0,0,0,0,0,830,848,830,830,848,830
173ed841,d4f60a28,661.2606399900677,661.2664470543532,178.30564979635113,178.28730841471685,142.75903908438988,18354.0,11544.0,6148,0,3020416.28,1086982.05,3020945.84,1087378.07,6004.193497964483,5753.978084855896,1647,6529,1934,6434,3023696.19,1082413.52,3020183.5,1087282.95,3020945.84,1087378.07,3024448.65,1082813.14,0,0,0,0,0,0,0,0,0,0,0,0,6530,6435,6435,6530,6435,6435
2acc78d4,8a3da6d1,662.2236193311743,662.3491786815206,178.94471743179494,177.13364229733344,179.91979518477217,16405.0,13141.0,5259,1953,3008487.16,1106150.11,3007825.1,1106135.39,5543.28095572478,5752.657403617772,1843,6108,1741,6333,3008523.0,1110844.86,3008478.21,1105301.76,3007778.88,1104753.33,3007719.41,1110505.68,0,0,0,0,0,0,0,0,0,0,0,0,6109,6334,6109,6109,6334,6109
d50c649a,fd8f77fa,662.5954280704693,662.5954280704693,156.94198803082222,158.13451515448733,163.1404573692307,17922.0,17426.0,6547,6755,3003950.74,1110204.53,3004145.16,1110837.96,6123.165558075269,6158.772157662538,1675,6547,1484,6755,3006123.94,1104479.99,3003950.74,1110204.53,3004389.08,1116991.9,3004145.16,1110837.96,0,0,0,0,0,0,0,0,0,0,0,0,385,349,349,385,349,349
76201745,c472c0b5,664.8041120510991,664.8089761729683,153.83033881590055,152.23636410764905,133.0385771086545,10165.0,10163.0,0,206,2998491.96,1127558.41,2998694.03,1128191.76,5546.518833015934,4305.275421398527,1410,5857,1813,4866,2998491.96,1127558.41,3000501.43,1122388.7,2998697.44,1128190.87,2995527.79,1131104.41,0,0,0,0,0,0,0,0,0,0,0,0,717,1072,717,717,1072,717
81fc01c6,e0079ed1,665.5883166792529,665.5971365622263,179.32869982756438,179.8657241249564,179.94280168076338,10530.0,10517.0,421,406,2956689.55,1085689.99,2956162.03,1085284.12,7079.39167246006,4806.681907563404,1746,7654,1786,5256,2956717.84,1085664.41,2952019.95,1090960.41,2956107.93,1085351.49,2959255.3,1081718.55,0,0,0,0,0,0,0,0,0,0,0,0,1456,1306,1306,1456,1306,1306
4cecf7b3,c6797dd7,668.6970408937233,668.8409949308405,178.42464660195293,179.274189063821,179.89929939439602,14031.0,15956.0,2319,4939,3010148.15,1100337.29,3010711.69,1100697.26,7336.175950629676,5543.59134991024,1657,7675,1617,6280,3011081.15,1098578.86,3007404.2,1104927.05,3008578.74,1104324.02,3011488.06,1099605.2,0,0,0,0,0,0,0,0,0,0,0,0,6863,6281,6281,6863,6281,6281
25939962,c6797dd7,668.7346727214893,668.7346727214893,168.4524716336338,168.3671780362893,161.06923792264527,17689.0,17297.0,6070,6280,3011414.26,1098940.55,3011488.06,1099605.2,5515.854599325697,5543.59134991024,1752,6070,1617,6280,3013310.54,1093760.9,3011414.26,1098940.55,3008578.74,1104324.02,3011488.06,1099605.2,0,0,0,0,0,0,0,0,0,0,0,0,355,402,355,355,402,355
2b034622,a85e4bc3,671.4277751928605,671.4277751928605,179.3906243637209,179.18859622285072,145.66434865979633,10516.0,9675.0,1025,0,2859759.05,1041371.5,2860284.47,1041789.53,6377.805495074143,5591.778073940134,1558,6760,1412,5992,2860169.11,1040863.59,2856110.7,1045783.52,2860284.47,1041789.53,2863888.38,1037514.04,0,0,0,0,0,0,0,0,0,0,0,0,1737,1762,1737,1737,1762,1737
42c538a1,eba6605e,673.5753532457504,673.5753532457504,169.7834434870512,168.66232107082433,162.61464214817204,15770.0,16336.0,4761,5718,2907458.31,1020466.86,2906817.69,1020674.97,4540.999000979776,5302.236138875716,1483,4761,1309,5718,2910486.94,1023850.36,2907458.31,1020466.86,2902636.69,1017414.15,2906817.69,1020674.97,0,0,0,0,0,0,0,0,0,0,0,0,529,432,432,529,432,432
5138a660,9df1b1f9,675.2817682270952,675.3091027077623,162.17079768461082,161.88896655063513,161.62512414873007,11683.0,18037.0,0,6395,3012680.87,1109802.8,3013265.08,1110141.48,4671.652293279144,5922.3202245827615,1270,4828,1743,6443,3012680.87,1109802.8,3013461.2,1105196.78,3015970.64,1104927.23,3013241.09,1110183.03,0,0,0,0,0,0,0,0,0,0,0,0,1150,1171,1150,1150,1171,1150
5cdd8dbc,bf39bc20,676.9117805150807,676.9171554925317,176.13251140605936,179.37084148010806,142.37595932504084,11704.0,10457.0,1202,0,2913164.33,1042208.0,2912731.02,1041687.95,5150.603981825638,4528.747450697674,1741,5750,1744,5046,2913703.26,1041861.43,2910171.02,1045610.03,2912731.02,1041687.95,2915607.41,1038189.96,0,0,0,0,0,0,0,0,0,0,0,0,1942,1514,1514,1942,1514,1514
43b06c70,6dbe4b60,677.9986821521841,677.9986821521841,157.02325656360028,157.29287222089445,156.53674076671803,17869.0,17461.0,6589,6672,3004283.6,1110549.04,3004845.89,1110927.87,6058.52422764822,6137.639849094888,1744,6589,2025,6672,3006368.17,1104860.43,3004283.6,1110549.04,3005151.23,1117057.91,3004845.89,1110927.87,0,0,0,0,0,0,0,0,0,0,0,0,596,429,429,596,429,429
940a48d9,d0a0e7b5,679.832706626835,679.8427004093649,179.89131556859772,179.28213108391313,179.9430913616059,14340.0,12470.0,4151,1824,2991399.3,1116477.02,2990719.89,1116453.05,5039.984388090867,5139.048762893827,1664,5626,1607,5422,2991209.76,1120038.72,2991489.95,1115006.53,2990783.75,1114906.27,2990488.32,1120036.82,0,0,0,0,0,0,0,0,0,0,0,0,5627,5423,5423,5627,5423,5423
2075c696,e45a2a62,680.3391014780351,680.3391014780351,163.767283514661,163.7754481597543,165.51423608260646,15312.0,17340.0,5579,6696,2902346.85,1036279.5,2901847.72,1035817.19,4770.253092866386,6301.7364069595415,2392,5579,1690,6696,2900375.11,1040623.18,2902346.85,1036279.5,2905952.7,1031035.87,2901847.72,1035817.19,0,0,0,0,0,0,0,0,0,0,0,0,563,703,563,563,703,563
4caa7289,87aa3730,681.3402727711729,681.3580064838102,178.7244489870346,179.05484384982378,149.9403098850568,10726.0,10759.0,5,80,2904113.99,1031006.28,2904793.91,1031050.25,6545.943853906805,6897.593328842994,1458,6853,1686,7292,2904113.99,1031006.27,2899848.2,1035971.39,2904795.43,1031050.31,2909405.73,1025919.82,0,0,0,0,0,0,0,0,0,0,0,0,745,807,745,745,807,745
2d35f86d,9da441ba,682.3170044047172,682.3170044047172,175.17759567793277,175.123422081236,177.4948478394272,17786.0,18146.0,6627,7282,2999153.43,1108224.45,2999649.11,1108693.34,6226.510667918185,7053.032662372758,1732,6627,1500,7282,3001504.67,1102458.94,2999153.43,1108224.45,2997544.22,1115424.96,2999649.11,1108693.34,0,0,0,0,0,0,0,0,0,0,0,0,541,509,509,541,509,509
3a0af893,a645da9a,683.4161860098172,683.5122039875733,178.54956795204154,178.84221570974768,177.57988001961988,16507.0,18009.0,4539,6765,3019545.42,1108759.71,3020052.95,1109217.39,4369.449848688034,6257.537059139442,1653,4579,1613,6765,3022261.73,1105388.24,3019518.64,1108789.35,3016002.51,1113987.16,3020052.95,1109217.39,0,0,0,0,0,0,0,0,0,0,0,0,753,750,750,753,750,750
177622d7,aaeffccb,684.4516970538775,684.4647520508628,176.91663029659597,177.09531864570857,179.65625465416153,12336.0,15917.0,554,4573,3008716.43,1087621.69,3009226.77,1088077.79,4374.189122066085,3947.0629541596822,1545,4698,1874,4585,3008880.18,1087429.86,3005929.84,1090659.26,3006733.14,1091121.92,3009234.79,1088068.88,0,0,0,0,0,0,0,0,0,0,0,0,4699,4586,4586,4699,4586,4586
1550491d,593876b6,685.6709334660469,685.711744467138,177.645611492916,177.12842123374722,176.6545510951989,11852.0,17374.0,406,6365,3005636.67,1110946.33,3006319.58,1110884.86,5765.992040204361,6052.150729294504,1366,5928,1524,6365,3005612.32,1110679.76,3005938.83,1116436.5,3006910.23,1116908.12,3006319.58,1110884.86,0,0,0,0,0,0,0,0,0,0,0,0,5929,5849,5849,5929,5849,5849
0be01c24,c2717d4f,686.1041520063748,686.1069923856105,176.9154778124088,177.2283193595066,174.52130810334907,17178.0,11993.0,6384,1151,3006483.95,1110893.28,3005798.4,1110920.85,5904.570095044939,6056.582165958083,1647,6384,1961,6681,3007171.27,1116757.71,3006483.95,1110893.28,3005777.26,1110384.44,3006157.57,1116429.07,0,0,0,0,0,0,0,0,0,0,0,0,5811,6682,5811,5811,6682,5811
5aa403d0,65156b96,686.6777611809018,686.7882032329418,179.77800688213836,179.59034571169371,179.9136374261089,13232.0,12752.0,2835,2701,2926613.41,1057182.98,2926110.3,1056715.64,4338.05276984983,4498.479288292521,1584,4701,1825,5045,2928293.68,1055361.95,2925377.44,1058573.53,2924648.14,1058305.41,2927659.3,1054963.37,0,0,0,0,0,0,0,0,0,0,0,0,4702,5046,4702,4702,5046,4702
c8d9680c,eb640a35,687.2949719733235,687.3351849715822,179.55436438645054,178.62992822934592,179.87874098896214,12413.0,16948.0,1666,6815,2995406.53,1115899.94,2994763.46,1115657.38,7431.688384135842,7306.408691169848,1460,7740,1745,7781,2995902.05,1114627.68,2993338.6,1121603.26,2992523.81,1121590.61,2995097.31,1114752.43,0,0,0,0,0,0,0,0,0,0,0,0,7741,7782,7741,7741,7782,7741
4c3168cf,cbe51de1,688.5100026145833,688.5495603075477,175.9244118069456,175.80522101332014,179.8071276876022,11444.0,11472.0,267,271,3011625.84,1115554.93,3012314.35,1115554.99,5586.846155435074,5050.267890973553,1625,5958,1399,5361,3011624.07,1115513.04,3011525.13,1121099.01,3012322.92,1115649.69,3012771.01,1110619.34,0,0,0,0,0,0,0,0,0,0,0,0,1198,1103,1103,1198,1103,1103
796dbd4c,d60430e6,689.7337237658031,689.7353498988405,172.87034741706714,176.3538872179235,175.78295899275923,14429.0,14708.0,4374,4175,2993344.81,1118076.72,2992715.7,1117793.96,7450.274595369134,3748.143883097292,1821,8068,1665,4175,2991901.69,1121551.31,2994761.79,1114671.89,2993713.9,1114181.18,2992715.7,1117793.96,0,0,0,0,0,0,0,0,0,0,0,0,4110,3275,3275,4110,3275,3275
796dbd4c,84633df4,689.8091654942621,689.8214379100316,176.67242615383827,176.800311345793,179.1811720289445,10857.0,10389.0,802,325,2992016.39,1121355.97,2992664.31,1121592.69,7450.274595369134,6124.81230671629,1821,8068,1747,6718,2991901.69,1121551.31,2994761.79,1114671.89,2992666.1,1121587.91,2990647.07,1127370.37,0,0,0,0,0,0,0,0,0,0,0,0,1565,1481,1481,1565,1481,1481
7cbbd047,e2fc7745,689.9455790858091,689.9604137194773,151.83962536211467,151.6902345263369,92.2338916822943,11385.0,11174.0,199,164,3015125.45,1114081.25,3014484.7,1114337.11,6276.279671150615,4753.362250838834,1669,6789,1651,5342,3015129.85,1114077.4,3019139.04,1109248.52,3014484.57,1114336.85,3013533.58,1118994.11,0,0,0,0,0,0,0,0,0,0,0,0,822,1020,822,822,1020,822
19fb4f7b,6e6d122c,690.9035426888627,690.9035426888627,167.95988505122654,167.78801412011347,170.4247834130189,19618.0,18856.0,7922,7082,3013125.52,1086704.58,3012435.5,1086739.51,7124.152976824628,6754.02407013762,2303,7922,1451,7082,3016608.38,1080489.82,3013125.52,1086704.58,3007977.2,1091813.01,3012435.5,1086739.51,0,0,0,0,0,0,0,0,0,0,0,0,444,392,392,444,392,392
9298ad5b,dd6bc5b2,691.097129642746,691.097129642746,179.6466810882382,178.7800808595048,140.02134727729853,10536.0,15818.0,0,5763,2978126.43,1092692.37,2977541.78,1092323.86,5341.744629996959,4962.20736043928,1843,5806,2162,5763,2978126.43,1092692.37,2974929.07,1096971.52,2974547.14,1096280.58,2977541.78,1092323.86,0,0,0,0,0,0,0,0,0,0,0,0,5807,5764,5764,5807,5764,5764
1944513c,e7d0c1de,691.4861850387208,691.5644260660163,176.60117363995815,177.16074171893226,179.91898626456248,11987.0,17203.0,1127,6415,3005473.49,1110991.21,3006161.53,1110922.26,5965.504662918459,5959.511646737575,1877,6598,1744,6454,3005424.58,1110489.44,3005734.86,1116446.87,3006820.11,1116806.06,3006157.85,1110883.46,0,0,0,0,0,0,0,0,0,0,0,0,6508,5367,5367,6508,5367,5367
9da441ba,be063506,693.6478087619884,693.6478087619884,175.5548285649339,175.78596395545702,177.8314543017322,18146.0,17530.0,7282,6538,2999649.11,1108693.34,3000338.1,1108613.09,7053.032662372758,6020.005225886474,1500,7282,2039,6538,2997544.22,1115424.96,2999649.11,1108693.34,3002574.61,1103023.95,3000338.1,1108613.09,0,0,0,0,0,0,0,0,0,0,0,0,475,465,465,475,465,465
4f4afcc6,6ede926a,694.2281493142109,694.2514178595167,178.37999951888057,178.4972940534348,75.05316998221161,10665.0,10778.0,0,187,2905065.79,1031276.6,2904372.36,1031243.32,6857.580302716064,6129.944754759192,1539,7183,1683,6620,2905065.79,1031276.6,2909669.98,1026194.49,2904371.19,1031245.68,2900385.61,1035903.08,0,0,0,0,0,0,0,0,0,0,0,0,715,897,715,715,897,715
155887bb,e161bd0c,695.4120955233467,695.4786973734516,175.30811660129345,176.34752243140454,178.67158262428066,18546.0,14745.0,7061,3289,3005466.7,1088406.43,3004978.21,1087911.48,6388.894492672258,4072.502960649443,1477,7061,1864,4812,3010274.69,1084199.15,3005466.7,1088406.43,3003204.2,1089748.58,3006039.34,1086825.01,0,0,0,0,0,0,0,0,0,0,0,0,2186,2234,2186,2186,2234,2186
861e71df,eb06a4e7,698.7033527900602,698.8091923410906,179.82081828150848,179.328136625081,179.79461974732897,16511.0,12611.0,5738,1583,3006748.12,1111563.91,3006051.58,1111618.85,5762.5805064224905,5825.002030832418,1584,6283,1844,6378,3007309.18,1116754.23,3006738.67,1111019.96,3005950.27,1110571.44,3006508.83,1116369.6,0,0,0,0,0,0,0,0,0,0,0,0,6284,6379,6284,6284,6379,6284
4f4ac5ce,d00e7eb9,699.6922352007422,699.6922352007422,179.80002084778212,178.77276829148025,175.67653483562296,17470.0,17443.0,6898,7320,2895265.97,1029406.54,2894567.81,1029360.26,6514.894941785109,6779.39417436399,1737,6898,1617,7320,2899543.05,1024492.23,2895265.97,1029406.54,2890134.96,1034489.59,2894567.81,1029360.26,0,0,0,0,0,0,0,0,0,0,0,0,412,393,393,412,393,393
2e29e833,660d9546,699.9132972732929,699.9132972732929,179.44509508215904,179.77725239202107,177.87943109229744,18851.0,17750.0,7253,6139,3023300.59,1114895.81,3023939.13,1115182.42,6780.857058639501,5877.068081322664,1826,7253,1408,6139,3023285.38,1108114.97,3023300.59,1114895.81,3024009.23,1121059.07,3023939.13,1115182.42,0,0,0,0,0,0,0,0,0,0,0,0,488,486,486,488,486,486
653612bc,d463e527,700.1901802366892,700.1901802366892,178.96849440356888,178.97304227451613,175.97446835873583,17624.0,18516.0,5945,6990,3024954.93,1115536.91,3024713.99,1114879.48,5730.298324214879,6259.14405861545,1341,5945,2224,6990,3025134.31,1121264.4,3024954.93,1115536.91,3024630.71,1108620.89,3024713.99,1114879.48,0,0,0,0,0,0,0,0,0,0,0,0,309,313,309,309,313,309
2d0c268a,f56d3ace,700.7775802633322,700.873763526838,179.1016543406319,179.08785949856704,179.83312844765084,11543.0,11604.0,873,864,3002654.79,1116941.23,3003338.86,1116789.12,5745.931902363478,6775.222683292404,1739,6288,1951,7382,3002585.95,1116598.81,3002839.16,1122339.16,3003404.25,1117079.06,3003211.84,1110306.57,0,0,0,0,0,0,0,0,0,0,0,0,1740,1807,1740,1740,1807,1740
09ec2ca9,f72b268f,701.6998629041163,701.8183187268434,179.42523846019702,179.62703232836208,179.97708737938734,17441.0,17531.0,6971,7392,3004777.57,1129347.52,3004076.33,1129372.92,7306.016989920134,7444.516178134107,1939,7823,1514,7917,3004554.56,1122895.92,3004835.07,1130196.55,3004259.22,1136290.57,3004048.03,1128849.05,0,0,0,0,0,0,0,0,0,0,0,0,2063,2058,2058,2063,2058,2058
12203f2a,347242c8,703.8681786388405,703.8935256134129,171.4784106509392,170.97219914949963,174.19359259080298,16114.0,12441.0,4990,1529,3013788.78,1118354.92,3014447.33,1118603.4,4450.589122678129,4855.129153225515,1730,4990,1842,5436,3014909.2,1114047.67,3013788.78,1118354.92,3014077.15,1119483.85,3015982.19,1115018.08,0,0,0,0,0,0,0,0,0,0,0,0,1880,2656,1880,1880,2656,1880
347242c8,e2fc7745,703.9832160640556,703.9929949932482,168.43839426821054,168.0901225098377,166.92118121793212,11683.0,16352.0,771,5342,3014176.77,1119280.29,3013533.58,1118994.11,4855.129153225515,4753.362250838834,1842,5436,1651,5342,3014077.15,1119483.85,3015982.19,1115018.08,3014484.57,1114336.85,3013533.58,1118994.11,0,0,0,0,0,0,0,0,0,0,0,0,2353,1509,1509,2353,1509,1509
200d233d,466fc788,704.4599381794958,704.5041662048034,179.59280018555316,179.2469269106757,179.9417894199589,17120.0,13646.0,5746,2222,3011229.0,1100526.79,3010629.37,1100157.05,5396.728964965756,7199.849149982307,1970,5895,1570,7766,3008624.11,1105082.54,3011307.13,1100400.01,3011428.41,1098698.12,3007804.65,1104919.55,0,0,0,0,0,0,0,0,0,0,0,0,5896,6386,5896,5896,6386,5896
b85f7b06,e32da4ec,704.5732277770813,704.5732277770813,179.7299246087081,178.9161762901252,31.10991430146272,11260.0,11342.0,0,0,3011927.04,1115363.2,3011252.11,1115565.42,5050.844166275567,5931.132936674107,1650,5452,1459,6147,3011927.04,1115363.2,3012005.16,1110312.96,3011252.11,1115565.42,3011188.33,1121496.21,0,0,0,0,0,0,0,0,0,0,0,0,969,753,753,969,753,753
28f4eda9,da3bfe4e,705.4105486165406,705.4105486165406,178.34206647518982,178.13159050291208,179.01333031764497,10580.0,10462.0,0,0,2888231.99,1024634.36,2888923.34,1024774.5,6671.920953855779,6803.336420977637,1558,6823,1558,7106,2888231.99,1024634.36,2883640.47,1029475.07,2888923.34,1024774.5,2893746.15,1019975.97,0,0,0,0,0,0,0,0,0,0,0,0,578,722,578,578,722,578
084d66f9,5542c301,707.8277590631124,707.8572650613245,178.858014148029,179.013324596976,146.70048352652586,11118.0,10124.0,893,0,2929801.68,1056421.12,2929211.21,1056030.78,5049.714428014704,4782.9224764049895,1747,5631,1842,5432,2929605.81,1056686.42,2932964.64,1052915.76,2929211.21,1056030.78,2925959.29,1059538.11,0,0,0,0,0,0,0,0,0,0,0,0,1497,1518,1497,1497,1518,1497
da2d4d7c,ed6436d6,708.50179195253,708.5200585019027,175.03364565584343,175.6174929248768,176.7574282254911,15120.0,12954.0,3566,1756,3000722.2,1086717.99,3001384.66,1086969.23,3317.281700444092,4396.668303181442,1453,3566,2082,5026,2999292.44,1089711.34,3000722.2,1086717.99,3001779.24,1085910.93,3000234.83,1090027.42,0,0,0,0,0,0,0,0,0,0,0,0,3567,3981,3567,3567,3981,3567
60e37807,b37fd114,710.7070760869509,710.7328427758773,179.56510430861445,179.65401223782263,179.946204989366,12529.0,11452.0,1771,405,2986320.94,1086637.39,2985661.8,1086371.61,4019.853373905532,9483.632707196082,1942,4640,1625,9785,2986762.85,1085570.85,2985250.19,1089295.24,2985573.67,1086524.7,2989075.54,1077711.29,0,0,0,0,0,0,0,0,0,0,0,0,2622,2280,2280,2622,2280,2280
d9ae59b2,e2fc7745,712.181496530138,712.181496530138,152.66327631178638,152.11206120010488,152.97583409625588,16049.0,16352.0,5149,5342,3013532.12,1119706.29,3013533.58,1118994.11,4676.188558227811,4753.362250838834,1502,5149,1651,5342,3010597.07,1123346.65,3013532.12,1119706.29,3014484.57,1114336.85,3013533.58,1118994.11,0,0,0,0,0,0,0,0,0,0,0,0,338,293,293,338,293,293
48c1f673,65a5466a,712.8325385391479,712.843930534471,151.7693946557919,151.8139064529012,124.53031951744047,10475.0,10402.0,454,0,2998777.85,1128335.94,2998301.23,1127805.88,4098.954239083402,5796.944434924329,1749,4665,1434,6116,2998825.85,1128297.54,2995808.6,1131072.0,2998301.23,1127805.88,3000204.77,1122330.38,0,0,0,0,0,0,0,0,0,0,0,0,1316,762,762,1316,762,762
357c12f9,a783cc24,714.5742316230884,714.6679823528231,177.8425580289753,177.75971576559266,179.79464678046836,12952.0,13487.0,2815,3146,2939537.97,1066051.92,2940120.19,1066466.21,5200.176757091698,3034.894686821841,1691,5769,1386,3274,2940925.86,1064281.12,2937744.89,1068394.91,2938430.18,1068831.37,2940194.94,1066362.32,0,0,0,0,0,0,0,0,0,0,0,0,3842,3275,3275,3842,3275,3275
3df4b19e,e7d0c1de,715.9607321635159,716.0774438566119,174.92289169308674,175.70948719205182,179.84123046638297,11389.0,11608.0,539,820,3006041.9,1116550.52,3006753.5,1116471.62,6174.827059748288,5959.511646737575,1670,6657,1744,6454,3006021.62,1116433.42,3006162.05,1122606.65,3006820.11,1116806.06,3006157.85,1110883.46,0,0,0,0,0,0,0,0,0,0,0,0,1478,1669,1478,1478,1669,1478
20096916,9d072e4c,717.0485585368502,717.1491438326879,178.6198984353812,178.60199280830412,179.437844122519,12398.0,17830.0,1145,6568,3001447.04,1096329.43,3002128.57,1096552.31,6399.40135325162,6532.455022891409,1747,6879,1691,6797,3001648.84,1095686.1,2999593.04,1101746.3,3000251.43,1102569.96,3002200.37,1096335.01,0,0,0,0,0,0,0,0,0,0,0,0,6880,6599,6599,6880,6599,6599
201661b5,d3df146b,717.1449505505361,717.1449505505361,179.54567656158787,179.56629519826825,179.78252140288728,19800.0,18787.0,8135,7251,3026654.02,1114795.96,3027334.62,1115021.97,7466.555124205464,6779.072407379992,2181,8135,1465,7251,3026609.1,1107329.54,3026654.02,1114795.96,3027321.65,1121801.03,3027334.62,1115021.97,0,0,0,0,0,0,0,0,0,0,0,0,513,530,513,513,530,513
86454a6f,ed6436d6,717.2583864968877,717.2817758734041,177.66859408652476,177.58519964747703,179.8728302091182,12360.0,15823.0,395,4625,3001061.89,1089902.95,3000388.06,1089657.16,9037.880584877155,4396.668303181442,1136,9099,2082,5026,3000944.96,1090238.61,3004461.28,1081912.82,3001779.24,1085910.93,3000234.83,1090027.42,0,0,0,0,0,0,0,0,0,0,0,0,4751,5027,4751,4751,5027,4751
a0b83014,da940160,717.7517710881937,717.8600669349235,179.89856767284948,179.82516874095623,178.04138723467915,11781.0,17568.0,1185,6791,3007878.33,1122619.29,3007160.65,1122629.44,6265.824495611256,6238.927720377919,1838,6872,1660,6791,3007914.8,1123205.58,3007760.73,1116941.65,3006996.2,1116392.68,3007160.65,1122629.44,0,0,0,0,0,0,0,0,0,0,0,0,6873,6792,6792,6873,6792,6792
264feceb,2cee0cba,721.2680784562718,721.2680784562718,178.78155840747226,179.959064388914,177.5135616821892,18004.0,17536.0,7407,7334,2899336.93,1031684.72,2898629.66,1031543.31,6883.283920586129,6809.18119480599,1743,7407,1835,7334,2903911.6,1026541.57,2899336.93,1031684.72,2894213.45,1036726.17,2898629.66,1031543.31,0,0,0,0,0,0,0,0,0,0,0,0,414,416,414,414,416,414
c96c018a,fc03f21f,722.8092463436159,722.8092463436159,158.88687915352898,158.52771439800023,156.07351296366764,18539.0,17258.0,7678,6201,3002331.63,1109632.39,3001761.88,1109187.6,7240.460835996604,5624.851640105861,1443,7678,1399,6201,3002283.37,1116872.69,3002331.63,1109632.39,3003822.94,1103953.96,3001761.88,1109187.6,0,0,0,0,0,0,0,0,0,0,0,0,382,536,382,382,536,382
82fcf37c,b7cdcecb,723.2506774972676,723.3499139421842,178.26984974984012,178.53194012993697,179.5803556200754,10620.0,11015.0,68,534,2884494.26,1020617.73,2885075.21,1021048.53,7172.541831073496,7258.097097752251,1383,7396,1452,7619,2884500.23,1020608.8,2879696.56,1025935.16,2884974.58,1021236.51,2889670.6,1015702.31,0,0,0,0,0,0,0,0,0,0,0,0,1002,1201,1002,1002,1201,1002
8648abae,9df1b1f9,725.5392263689203,725.5634310656704,175.16845094878536,175.83195655770967,75.00407129716885,11243.0,17097.0,0,5455,3014357.27,1109630.71,3013705.04,1109312.9,5480.09550950529,5922.3202245827615,1842,6085,1743,6443,3014357.27,1109630.71,3017283.65,1104997.38,3015970.64,1104927.23,3013241.09,1110183.03,0,0,0,0,0,0,0,0,0,0,0,0,3842,3906,3842,3842,3906,3842
368fe682,a0383629,726.2269984656401,726.2269984656401,179.15039448556493,179.38906882579477,176.41291275607537,17145.0,17962.0,6415,7686,2898541.35,1030979.52,2897833.53,1030817.05,6102.378711764904,7232.497558416262,1480,6415,1855,7686,2902555.72,1026383.45,2898541.35,1030979.52,2893157.02,1036334.23,2897833.53,1030817.05,0,0,0,0,0,0,0,0,0,0,0,0,414,446,414,414,446,414
2d196986,8a89da23,728.0810571630914,728.101346860595,178.00191513295982,178.17482562048144,179.82405394449827,11112.0,16105.0,665,5553,2914238.88,1037484.44,2913734.35,1036959.51,7785.726298618226,5195.748694432784,1842,8315,1640,5574,2914375.53,1037361.9,2909330.74,1043292.13,2910246.93,1040782.71,2913749.47,1036945.0,0,0,0,0,0,0,0,0,0,0,0,0,6218,5575,5575,6218,5575,5575
9efc812e,ab94878e,728.3295702495586,728.3574062915607,177.30718969177056,177.43080077795975,174.62899598244377,10740.0,10626.0,0,209,2940614.21,1059284.22,2939990.23,1058908.57,5843.3580905504405,7132.689538315597,1650,6099,1648,7651,2940614.21,1059284.22,2944602.33,1055013.42,2939991.51,1058906.07,2935373.71,1064342.17,0,0,0,0,0,0,0,0,0,0,0,0,816,1063,816,816,1063,816
2075c696,811f52b3,728.4939155543467,728.4939155543467,163.86702722473515,163.8909593179591,165.8075589003024,15312.0,17121.0,5579,6673,2902346.85,1036279.5,2903018.88,1036560.71,4770.253092866386,6104.991928258353,2392,5579,1838,6673,2900375.11,1040623.18,2902346.85,1036279.5,2906987.63,1031921.75,2903018.88,1036560.71,0,0,0,0,0,0,0,0,0,0,0,0,644,494,494,644,494,494
d114d9c2,e149204f,728.9098381144363,728.9436703890865,178.74610567175728,178.66045900601125,179.73880653178855,10893.0,10741.0,297,258,2884847.16,1021024.1,2885384.16,1021516.99,7302.391625686605,7247.1878823239,1337,7542,1452,7548,2884921.9,1020932.05,2880037.83,1026360.75,2885352.3,1021575.58,2890080.39,1016083.14,0,0,0,0,0,0,0,0,0,0,0,0,1117,1186,1117,1117,1186,1117
060ab2b8,a0383629,729.4559247137969,729.4624553049821,179.86432911551034,179.66753144707596,174.987221628103,16685.0,17962.0,6297,7686,2897303.28,1030316.11,2897833.53,1030817.05,7263.5878280638735,7232.497558416262,1560,7817,1855,7686,2901028.92,1025943.05,2896319.2,1031472.81,2893157.02,1036334.23,2897833.53,1030817.05,0,0,0,0,0,0,0,0,0,0,0,0,2172,2126,2126,2172,2126,2126
109d9d70,7cbbd047,729.5363766120919,729.5527948682825,178.6947395095864,178.79874095603918,177.9958337780992,17601.0,17975.0,5595,6789,3018575.32,1108785.44,3019139.04,1109248.52,5495.251660342689,6276.279671150615,1636,5850,1669,6789,3022021.13,1104837.17,3018415.45,1108984.08,3015129.85,1114077.4,3019139.04,1109248.52,0,0,0,0,0,0,0,0,0,0,0,0,949,940,940,949,940,940
37344c2a,e97032ad,732.7323658743982,732.7392891063353,176.26973574251457,177.79276689821756,129.47051698435035,10986.0,10171.0,673,0,2918016.79,1044872.48,2918442.19,1045469.08,6355.796779987681,5042.210241788665,1746,6942,2124,5653,2917878.82,1044963.87,2922406.04,1040502.88,2918442.19,1045469.08,2915088.49,1049234.26,0,0,0,0,0,0,0,0,0,0,0,0,1374,1195,1195,1374,1195,1195
37344c2a,e7c36e81,732.7323658743982,732.7392891063353,175.24065699072742,176.31364046410883,129.47051698435035,10986.0,10171.0,673,0,2918016.79,1044872.48,2918442.19,1045469.08,6355.796779987681,5054.200573038311,1746,6942,2124,5654,2917878.82,1044963.87,2922406.04,1040502.88,2918442.19,1045469.08,2915148.84,1049302.98,0,0,0,0,0,0,0,0,0,0,0,0,1374,1195,1195,1374,1195,1195
27300fd5,73b1447d,733.6494312682257,733.6494312682257,169.65819617414974,167.83299257801147,167.03215796705297,19284.0,18987.0,7385,7521,3012822.02,1086570.78,3012088.38,1086574.5,6960.491241816237,6785.102453913226,1919,7385,1852,7521,3016355.47,1080573.85,3012822.02,1086570.78,3007650.48,1091707.01,3012088.38,1086574.5,0,0,0,0,0,0,0,0,0,0,0,0,415,352,352,415,352,352
739a914f,c908edd0,736.6501655465318,736.7296874700788,175.99245502849294,178.02610407184412,130.73229182990812,12255.0,11045.0,1583,0,3008995.32,1116449.27,3008260.02,1116493.85,6628.683788822584,6448.813408721009,1814,7318,1458,6750,3009261.66,1117336.97,3008766.85,1110726.78,3008260.02,1116493.85,3008290.79,1122942.59,0,0,0,0,0,0,0,0,0,0,0,0,2253,1365,1365,2253,1365,1365
5eae34a8,b32e4903,738.2867473415415,738.302725038966,179.10476229866504,179.78311098194095,179.4995522514024,16755.0,17395.0,6456,6798,2900577.16,1031889.23,2900003.98,1031423.9,6145.848163516507,6929.499926617908,1748,6651,1650,7419,2896712.74,1036414.83,2900700.95,1031738.76,2904181.88,1026696.68,2899603.31,1031898.09,0,0,0,0,0,0,0,0,0,0,0,0,1484,1517,1484,1484,1517,1484
25050f63,c50b42f6,739.3084921057607,739.4397918692656,179.83944078508617,178.43060163752878,179.73625829311337,10608.0,11030.0,340,884,2889083.49,1025354.18,2889689.25,1025778.01,6822.657276787518,7279.126095747983,1031,7154,1906,7919,2889117.77,1025198.87,2884459.11,1030183.4,2889674.09,1026152.49,2894659.32,1020848.42,0,0,0,0,0,0,0,0,0,0,0,0,1089,1501,1089,1089,1501,1089
3e678ea7,94d813a4,741.0842807669256,741.0842807669256,167.73572611332108,168.00399777857476,167.88671041949948,20670.0,18692.0,8736,6590,3019244.78,1087425.53,3018892.24,1086773.67,8265.469793810686,6073.233015956094,1879,8736,1744,6590,3016370.68,1095175.21,3019244.78,1087425.53,3022165.43,1081657.97,3018892.24,1086773.67,0,0,0,0,0,0,0,0,0,0,0,0,342,399,342,342,399,342
b977be4a,cbe62450,742.0792875427668,742.106737942672,178.44200711235914,178.5069600992439,175.72996793119955,11399.0,10699.0,681,95,2995377.35,1114291.9,2996076.56,1114540.47,7132.760702483987,7522.573349678902,1578,7494,1600,7857,2995286.45,1114620.83,2997850.03,1107964.68,2996079.6,1114535.34,2993567.78,1121626.17,0,0,0,0,0,0,0,0,0,0,0,0,1391,1328,1328,1391,1328,1328
699ea575,e748dd88,745.3345391833061,745.3505846913758,177.52134513580876,176.9361291377172,160.65531767280586,11956.0,17862.0,212,6263,3013186.88,1100065.45,3012522.2,1099728.22,5283.414944796399,5866.785313448891,1354,5473,1452,6263,3013231.3,1099966.33,3011171.72,1104831.78,3010003.7,1105026.93,3012522.2,1099728.22,0,0,0,0,0,0,0,0,0,0,0,0,4999,4777,4777,4999,4777,4777
d50c649a,f56d3ace,745.9124423151541,745.9124423151541,157.58443259777223,158.57772443259867,160.90212417274583,17922.0,18122.0,6547,7382,3003950.74,1110204.53,3003211.84,1110306.57,6123.165558075269,6775.222683292404,1675,6547,1951,7382,3006123.94,1104479.99,3003950.74,1110204.53,3003404.25,1117079.06,3003211.84,1110306.57,0,0,0,0,0,0,0,0,0,0,0,0,413,583,413,413,583,413
367456ce,c66be2b8,747.6906921982039,747.753242787791,178.49337730425432,178.1150175219155,179.9021209039676,12764.0,15933.0,2463,5596,2995634.19,1119884.74,2994926.35,1119643.9,6805.733252310218,5502.549570553659,1743,7311,2053,6206,2994968.11,1121737.55,2997282.57,1115337.45,2996440.46,1114990.17,2994705.88,1120212.17,0,0,0,0,0,0,0,0,0,0,0,0,6162,6207,6162,6162,6207,6162
3c3dbcbc,5a1a8fd8,750.108933022367,750.108933022367,177.50376283603558,177.95018219302105,118.47769976185138,18068.0,11231.0,6910,0,2999952.72,1101879.87,3000635.47,1102190.54,6391.854506494901,6349.964629956588,1842,6910,1554,6813,3001962.13,1095812.08,2999952.72,1101879.87,3000635.47,1102190.54,3002892.36,1096255.18,0,0,0,0,0,0,0,0,0,0,0,0,5581,6095,5581,5581,6095,5581
16e4a047,7b38844c,752.6275669279842,752.6275669279842,153.6861956945395,153.61286003884638,153.1529293217931,17039.0,16766.0,5683,5196,3010854.87,1104829.56,3011521.83,1105178.29,5192.773781727733,4907.23637698438,1553,5683,1448,5196,3012880.98,1100048.37,3010854.87,1104829.56,3011808.43,1110077.15,3011521.83,1105178.29,0,0,0,0,0,0,0,0,0,0,0,0,585,382,382,585,382,382
32fe84c9,ff0aea78,753.6352386929846,753.7016466745415,179.87776096073975,179.81954735281894,179.94896258991903,13967.0,13362.0,2703,2104,2984591.42,1070652.96,2983837.79,1070655.77,7660.346489422149,4605.016648319407,1755,8162,1715,4975,2984564.94,1072857.56,2984699.76,1065198.4,2983844.65,1068917.83,2983753.78,1073521.95,0,0,0,0,0,0,0,0,0,0,0,0,5042,4894,4894,5042,4894,4894
5f4d2a52,b95e7121,754.0664917634482,754.1173155419755,176.5759749634453,177.38965711756646,179.94933921360266,11430.0,10987.0,925,186,2998927.2,1116016.22,2998218.36,1115759.0,6651.887687581794,7232.109626415966,1887,7111,1186,7491,2999189.75,1115602.9,2996890.04,1121844.61,2998196.76,1115812.89,3000287.3,1108889.52,0,0,0,0,0,0,0,0,0,0,0,0,1609,1178,1178,1609,1178,1178
c2c6fc71,edf885a3,756.7946802798217,756.8460748395722,179.58062475259587,179.91844784747687,179.97234122464067,16564.0,15775.0,5180,4104,3007274.73,1086696.51,3006729.89,1086171.26,8369.117184625973,4357.021024163295,1721,8839,1746,4862,3003952.04,1090038.77,3009851.18,1084102.25,3009231.66,1083582.65,3006183.23,1086695.64,0,0,0,0,0,0,0,0,0,0,0,0,5051,4863,4863,5051,4863,4863
a959858c,f074d277,758.2105798525387,758.3196337293803,178.9910668126894,178.3940126234283,179.66212090319658,13388.0,15022.0,2312,3073,3019913.19,1107671.89,3020464.66,1108192.24,4978.059434207162,3549.2088616195874,1366,5769,1415,3867,3018829.08,1108762.4,3022159.44,1105062.43,3022360.3,1106190.93,3019939.77,1108786.68,0,0,0,0,0,0,0,0,0,0,0,0,4720,3868,3868,4720,3868,3868
2d0c268a,fdfd57da,758.4106766787326,758.4106766787326,176.78798286844074,177.75532841989107,179.46949869510564,10670.0,10601.0,0,195,3002585.95,1116598.81,3001877.27,1116328.7,5745.931902363478,6678.069077824671,1739,6288,2128,7363,3002585.95,1116598.81,3002839.16,1122339.16,3001877.11,1116327.65,3001957.1,1109650.06,0,0,0,0,0,0,0,0,0,0,0,0,888,1093,888,888,1093,888
0dd99dc5,4a035ec2,758.5125048408429,758.5469741550658,175.13626070210873,175.75297937910372,179.77806340570834,12668.0,16168.0,793,4449,3008710.65,1074331.79,3008068.19,1073928.57,8645.972724598521,4045.496829673486,1840,9181,1934,4521,3008856.68,1074084.5,3004595.84,1081607.67,3005821.68,1077206.14,3008106.63,1073867.72,0,0,0,0,0,0,0,0,0,0,0,0,3901,3156,3156,3901,3156,3156
20402d71,43c7f85a,759.1170314253616,759.128666432777,178.78683113227055,179.19433319337475,179.98803422629567,11141.0,10576.0,782,147,2885278.95,1021389.88,2885829.7,1021912.31,7457.251919909747,7164.986794300557,1558,7929,1506,7483,2885490.98,1021152.32,2880464.49,1026660.95,2885816.29,1021929.64,2890532.64,1016535.84,0,0,0,0,0,0,0,0,0,0,0,0,1427,1342,1342,1427,1342,1342
49dbc14c,5cdd8dbc,759.283807874409,759.3557522662609,176.2698369534071,179.85392692566117,164.82096879751333,15703.0,11985.0,5197,1483,2913367.87,1043006.64,2912941.4,1042378.44,4908.556311880422,5150.603981825638,1326,5197,1741,5750,2910241.17,1046790.51,2913367.87,1043006.64,2913703.26,1041861.43,2910171.02,1045610.03,0,0,0,0,0,0,0,0,0,0,0,0,4670,4887,4670,4670,4887,4670
925a7cd1,9c350a6a,759.8534591615834,759.8534591615834,165.3059177760873,165.214637267045,164.65664586342442,17756.0,18842.0,6500,7793,2999865.54,1094778.04,2999106.41,1094811.19,5963.830501590427,7268.2431030959315,1984,6500,1742,7793,3003404.4,1089977.65,2999865.54,1094778.04,2996418.57,1101564.18,2999106.41,1094811.19,0,0,0,0,0,0,0,0,0,0,0,0,339,429,339,339,429,339
1d78281a,e03b45fd,761.0754438291533,761.0902780876337,164.9089309935396,164.96018563832158,179.65941522551603,12195.0,13481.0,256,1376,2948384.79,1015270.44,2949052.05,1015636.5,6178.834921188686,6587.285513176065,1861,6809,1741,7082,2948383.54,1015267.62,2949769.97,1009246.34,2949470.88,1014842.84,2946372.48,1020655.95,0,0,0,0,0,0,0,0,0,0,0,0,1518,2005,1518,1518,2005,1518
a0b83014,bd4ae5da,762.6833930928939,762.6833930928939,178.81749387774562,177.936616041787,178.6431373674664,17468.0,17905.0,6872,6904,3007760.73,1116941.65,3008426.03,1116568.74,6265.824495611256,6253.065035788374,1838,6872,1899,6904,3007914.8,1123205.58,3007760.73,1116941.65,3008143.3,1110322.07,3008426.03,1116568.74,0,0,0,0,0,0,0,0,0,0,0,0,381,400,381,381,400,381
09053135,8d92cb49,765.0845624503556,765.1513425460372,175.16589997956578,175.7553259984699,179.63319464360617,11274.0,11449.0,292,165,2989789.56,1089316.14,2990492.9,1089617.25,7197.02664036337,4612.258162982885,1808,7714,1250,4838,2989780.15,1089331.95,2992322.2,1082598.81,2990521.22,1089552.76,2988534.3,1093715.1,0,0,0,0,0,0,0,0,0,0,0,0,1198,1015,1015,1198,1015,1015
6d590e26,efde6ac3,765.394348881627,765.4456742320477,178.79893856877226,179.91177830371538,179.8235628001956,17608.0,11738.0,7147,1409,2994063.69,1120979.0,2994769.67,1121274.67,7287.857176495562,5738.249387121568,1746,7841,1661,6219,2996118.79,1114709.61,2993783.44,1121613.16,2994436.83,1122149.3,2996389.15,1116753.38,0,0,0,0,0,0,0,0,0,0,0,0,6024,6220,6024,6024,6220,6024
6d590e26,d085e611,765.394348881627,765.4456742320477,178.7275233360585,179.75516036841069,179.8235628001956,17608.0,11738.0,7147,1409,2994063.69,1120979.0,2994769.67,1121274.67,7287.857176495562,7368.783170008496,1746,7841,1661,7851,2996118.79,1114709.61,2993783.44,1121613.16,2994436.83,1122149.3,2996952.54,1115223.25,0,0,0,0,0,0,0,0,0,0,0,0,7842,7852,7842,7842,7852,7842
c2c4db09,f40cd091,767.115005849668,767.115005849668,177.42248209325243,179.9803673952676,178.16998942626574,18445.0,18153.0,7850,6775,2998194.85,1108198.42,2997706.16,1107607.11,7458.938708858213,6432.283006499436,1812,7850,1610,6775,2995539.8,1115168.82,2998194.85,1108198.42,3000263.77,1101705.17,2997706.16,1107607.11,0,0,0,0,0,0,0,0,0,0,0,0,374,376,374,374,376,374
3f603129,f5d8aab6,767.1195297997492,767.1377332658662,178.75934766154853,179.44527474295992,176.5527465112033,16921.0,11877.0,6598,1704,3006354.92,1130105.94,3007092.79,1130315.75,6254.308792968202,5909.498296852211,1548,6598,2132,6575,3005053.79,1136223.41,3006354.92,1130105.94,3007336.63,1129298.06,3005982.37,1135050.29,0,0,0,0,0,0,0,0,0,0,0,0,4248,4273,4248,2586,2366,2366
90386ee4,d84b621b,767.6068582939105,767.6726584291172,178.6218069863462,179.3769381917892,162.75274285534385,11552.0,10564.0,736,0,2905202.48,1028088.1,2904535.56,1027708.05,4971.631061140723,5212.810809659228,1464,5303,1752,5745,2905005.24,1028477.03,2908167.08,1024640.38,2904535.56,1027708.05,2901124.54,1031649.92,0,0,0,0,0,0,0,0,0,0,0,0,1329,1328,1328,1329,1328,1328
43c7f85a,bf70b410,768.4039008878658,768.404693699902,178.57990085987404,178.71002302360407,142.09661456915796,11132.0,10288.0,703,0,2886078.85,1021635.36,2886676.03,1022118.91,7164.986794300557,7498.256224409531,1506,7483,1653,7999,2885816.29,1021929.64,2890532.64,1016535.84,2886676.03,1022118.91,2881601.93,1027639.54,0,0,0,0,0,0,0,0,0,0,0,0,1365,1591,1365,1365,1591,1365
46a7190b,58850d2c,768.4738705383764,768.5550143611506,175.6870268332373,178.27395596406913,175.9379734253264,17786.0,14085.0,5645,2212,3025715.58,1094858.17,3026480.74,1094929.46,5328.497379731158,6375.333282990024,1431,5645,1923,6917,3025098.71,1100150.84,3025715.58,1094858.17,3026353.98,1093245.4,3026094.24,1099615.44,0,0,0,0,0,0,0,0,0,0,0,0,5003,5353,5003,5003,5353,5003
3ef98781,9e3e364d,769.5900234538976,769.6853198549018,179.35957718578447,179.74489761087202,179.98788777128257,12066.0,11914.0,791,522,3012155.27,1115885.33,3012924.86,1115885.52,5055.338546299344,5510.486648935838,1451,5342,1519,5808,3012168.31,1115377.46,3012051.55,1120431.45,3012924.15,1116138.85,3013112.99,1110631.6,0,0,0,0,0,0,0,0,0,0,0,0,1656,1608,1608,1656,1608,1608
91db7070,d273674e,769.9889995320216,769.99213742754,179.68488713424688,179.84876471136414,163.50825580019767,11776.0,11255.0,202,0,3013129.07,1099579.84,3013722.72,1100070.21,5254.579734383965,5100.133654033138,1573,5645,1839,5737,3013113.24,1099593.4,3015153.97,1094751.29,3013722.72,1100070.21,3011767.85,1104780.82,0,0,0,0,0,0,0,0,0,0,0,0,846,1077,846,846,1077,846
30d75030,4936af16,771.9730259535138,772.0690210075219,179.41683356247745,179.24139860081965,179.9390137090025,14829.0,13168.0,4251,2758,2991743.81,1117842.3,2990974.43,1117779.08,4744.255146395622,5201.742990008285,1605,5008,1568,5558,2992012.21,1113862.7,2991714.42,1118597.6,2990829.81,1120179.45,2991103.46,1114984.91,0,0,0,0,0,0,0,0,0,0,0,0,4200,4163,4163,4200,4163,4163
0be01c24,992c99e8,772.0718857722925,772.1538349968333,174.78656429422335,174.63660477329344,139.41507796406148,11709.0,10775.0,915,0,3007098.57,1116319.53,3006331.09,1116403.61,5904.570095044939,6198.683409571652,1647,6384,1836,6739,3007171.27,1116757.71,3006483.95,1110893.28,3006331.09,1116403.61,3006490.24,1122600.25,0,0,0,0,0,0,0,0,0,0,0,0,1548,1507,1507,1548,1507,1507
4f69febf,eac10e86,772.2548219984711,772.4345435052487,179.4401990427076,179.64027649429573,179.72301113978057,10685.0,10854.0,857,333,2888706.97,1025119.92,2889339.87,1025562.43,6866.527260413126,7205.0677911660205,2139,7598,1434,7500,2888828.01,1024912.59,2883996.43,1029791.63,2889314.12,1025703.62,2894333.65,1020534.74,0,0,0,0,0,0,0,0,0,0,0,0,1488,1053,1053,1488,1053,1053
c2c4db09,c66be2b8,773.2067676890936,773.3162282663078,177.52280919642513,177.19516204310327,179.63558544348558,10838.0,11453.0,243,1116,2995563.38,1115117.7,2996287.54,1115388.7,7458.938708858213,5502.549570553659,1812,7850,2053,6206,2995539.8,1115168.82,2998194.85,1108198.42,2996440.46,1114990.17,2994705.88,1120212.17,0,0,0,0,0,0,0,0,0,0,0,0,1483,1768,1483,1483,1768,1483
521a7819,884ecb5f,773.3218417322503,773.3720431980774,179.13609070652592,179.67386362676672,178.09356471496957,10811.0,11472.0,436,918,2907607.29,1037652.72,2907039.07,1037128.17,6597.515965308433,7625.947473154013,2024,7223,1330,8053,2907622.96,1037643.45,2903303.06,1042630.0,2906668.53,1037473.28,2911748.16,1031785.36,0,0,0,0,0,0,0,0,0,0,0,0,1647,1539,1539,1647,1539,1539
3407f5bf,5542c301,773.7799287261687,773.7947268494738,177.03799525779544,178.05774229288556,179.6010747066318,10692.0,10724.0,279,600,2928553.95,1055592.11,2929147.3,1056088.77,4932.229963870348,4782.9224764049895,1671,5308,1842,5432,2928499.02,1055640.45,2931661.08,1051855.18,2929211.21,1056030.78,2925959.29,1059538.11,0,0,0,0,0,0,0,0,0,0,0,0,1106,1477,1106,1106,1477,1106
1550491d,6dbe4b60,774.5221299615596,774.5606901981226,179.605355005576,179.3632605210164,179.96565885517447,12128.0,17137.0,682,6348,3005644.43,1111208.63,3004871.06,1111250.86,5765.992040204361,6137.639849094888,1366,5928,2025,6672,3005612.32,1110679.76,3005938.83,1116436.5,3005151.23,1117057.91,3004845.89,1110927.87,0,0,0,0,0,0,0,0,0,0,0,0,5929,6438,5929,5929,6438,5929
d24ff243,fb3848a1,774.5465311393897,774.5639274456178,178.1537468651951,178.016229297771,179.98076743707773,11285.0,11303.0,636,916,2899944.96,1025458.15,2900520.04,1025977.0,6754.3916253427005,7285.115310254045,1475,7115,1940,7858,2899718.79,1025651.9,2904279.25,1020669.53,2900771.07,1025715.54,2896027.96,1031245.08,0,0,0,0,0,0,0,0,0,0,0,0,1595,1768,1595,1595,1768,1595
13f598d9,a48640d9,774.9597148882183,775.0097290354595,172.52022323277427,173.40453099695384,153.01204119716928,11993.0,12102.0,0,285,3008608.53,1074027.45,3008135.52,1073413.59,8525.964615414518,6136.5215872591525,1628,8933,2054,6585,3008608.53,1074027.45,3004289.01,1081378.22,3008077.79,1073442.93,3011849.01,1068601.98,0,0,0,0,0,0,0,0,0,0,0,0,769,1018,769,769,1018,769
d9eca87b,f8afa78a,776.1313077048718,776.2070118855086,179.13677633948,179.1877825520425,179.80641814983795,11074.0,10786.0,829,284,2886866.3,1022752.65,2886298.58,1022223.43,7435.705628176633,7063.46538730838,1559,7931,1335,7366,2887109.11,1022510.66,2882032.56,1027943.74,2886250.78,1022271.53,2890994.89,1017038.37,0,0,0,0,0,0,0,0,0,0,0,0,1512,1292,1292,1512,1292,1292
5f6756c5,cbe51de1,777.7800729001349,777.9091137791128,150.19035722671302,149.5373453166221,149.7315960220567,19466.0,15887.0,8063,4686,3013507.95,1111362.92,3012733.32,1111292.99,7402.857078250111,5050.267890973553,2133,8063,1399,5361,3017743.46,1105291.45,3013507.95,1111362.92,3012322.92,1115649.69,3012771.01,1110619.34,0,0,0,0,0,0,0,0,0,0,0,0,413,1216,413,413,1216,413
3e678ea7,be35c8f2,779.4486531517128,779.4676424327066,178.47784275480683,178.77774468407546,179.0069438228576,12177.0,12304.0,243,599,3016373.12,1095166.33,3015635.14,1094915.48,8265.469793810686,5393.966952225271,1879,8736,1672,5897,3016370.68,1095175.21,3019244.78,1087425.53,3015687.26,1094777.64,3013677.97,1099783.4,0,0,0,0,0,0,0,0,0,0,0,0,1231,1257,1231,1231,1257,1231
1590af81,5397ceb1,780.0537259058788,780.0537259058788,179.0796430853379,179.89237554832545,130.0654334057999,11319.0,11170.0,0,0,2991057.51,1090016.23,2990465.23,1089508.6,5014.349640661257,6430.251919738481,1432,5230,1556,6810,2991057.51,1090016.23,2989276.03,1094703.45,2990465.23,1089508.6,2992846.0,1083535.32,0,0,0,0,0,0,0,0,0,0,0,0,628,800,628,628,800,628
739a914f,a6ed2eff,781.6790403355226,781.6901340045207,177.2744060152544,179.0201026726263,178.02585360253178,10900.0,12434.0,228,1602,3009262.83,1117337.98,3010043.73,1117372.87,6628.683788822584,6509.748334505579,1814,7318,1779,7053,3009261.66,1117336.97,3008766.85,1110726.78,3009975.31,1116306.34,3010152.0,1122813.69,0,0,0,0,0,0,0,0,0,0,0,0,1673,2187,1673,1206,2187,1206
264feceb,373ef48b,782.182868963633,782.1927251004275,178.9276674944607,178.31346502669908,179.67920663218055,11202.0,11320.0,605,523,2903817.56,1026655.01,2904393.7,1027184.04,6883.283920586129,4712.863842569529,1743,7407,1483,4991,2903911.6,1026541.57,2899336.93,1031684.72,2904213.89,1027398.68,2907411.44,1023936.49,0,0,0,0,0,0,0,0,0,0,0,0,1396,1231,1231,1396,1231,1231
3e678ea7,ccedb12b,788.2798224617392,788.2798224617392,165.1890450607511,165.17411314390333,161.67198331468322,20670.0,18444.0,8736,6426,3019244.78,1087425.53,3019931.54,1087038.56,8265.469793810686,5867.389359783565,1879,8736,2026,6426,3016370.68,1095175.21,3019244.78,1087425.53,3023310.27,1082241.64,3019931.54,1087038.56,0,0,0,0,0,0,0,0,0,0,0,0,259,227,227,259,227,227
18d24f7b,5def1ce5,788.2877853294955,788.3323442561109,179.3997142415219,179.72272081936288,179.67408224724036,10780.0,11454.0,148,844,2907090.07,1037234.44,2906540.81,1036669.01,5887.033119772818,7589.48777884925,1702,6259,1554,7996,2907112.12,1037221.71,2903234.94,1041651.68,2906205.48,1036973.65,2911263.45,1031315.27,0,0,0,0,0,0,0,0,0,0,0,0,1332,1461,1332,1332,1461,1332
204cc64b,e5864244,788.5269158374579,788.541787415248,177.7138391103689,176.9182022726862,179.93831139698452,17258.0,13518.0,5240,1532,3020766.23,1086233.04,3021401.6,1086700.03,5990.484736997471,5568.5778687559805,1649,6453,1568,6036,3023528.33,1082332.94,3020078.62,1087230.43,3020801.18,1087588.12,3024186.98,1083167.1,0,0,0,0,0,0,0,0,0,0,0,0,5127,5468,5127,5127,5468,5127
b7cdcecb,f2d4c8c9,788.7916635587301,788.926760225408,178.2102859132985,178.7287461998529,122.11750737416136,10481.0,11271.0,0,887,2884974.58,1021236.51,2885517.4,1021808.82,7258.097097752251,7506.568198671069,1452,7619,1659,7907,2884974.58,1021236.51,2889670.6,1015702.31,2885861.33,1021453.59,2880828.16,1027022.77,0,0,0,0,0,0,0,0,0,0,0,0,1300,1464,1300,1300,1464,1300
4630ab92,5138a660,790.5127705483164,790.5127705483164,168.65626084918966,168.83267037408953,173.08535181120376,16657.0,16511.0,5306,4828,3012797.22,1104767.78,3013461.2,1105196.78,4720.30791167261,4671.652293279144,1934,5306,1270,4828,3014485.69,1100359.79,3012797.22,1104767.78,3012680.87,1109802.8,3013461.2,1105196.78,0,0,0,0,0,0,0,0,0,0,0,0,467,402,402,467,402,402
4ed93db6,c9e980e8,790.5445749606987,790.549840617256,178.00852603461828,177.0445654359556,104.70736429325324,11208.0,10746.0,498,0,3007341.83,1116721.8,3008125.42,1116617.17,5914.786134172615,5620.777824936577,1839,6495,1903,6261,3007332.06,1116661.89,3007503.19,1122574.2,3008125.42,1116617.17,3007767.65,1111007.79,0,0,0,0,0,0,0,0,0,0,0,0,1198,1215,1198,1198,1215,1198
4e050c92,9df1b1f9,791.1758182603963,791.1758182603963,150.3735090477924,150.0803781889586,119.89120889837191,11582.0,18085.0,0,6443,3012460.86,1110051.88,3013241.09,1110183.03,4899.061557094147,5922.3202245827615,1531,5235,1743,6443,3012460.86,1110051.88,3012274.35,1105156.37,3015970.64,1104927.23,3013241.09,1110183.03,0,0,0,0,0,0,0,0,0,0,0,0,804,429,429,804,429,429
1e30dedf,65a5466a,793.0103586337667,793.0174283079157,151.74431007906935,151.67160044567296,142.41166544625554,10325.0,10478.0,0,76,2997516.11,1127688.92,2998301.16,1127801.0,5368.016315027349,5796.944434924329,1403,5473,1434,6116,2997516.11,1127688.92,2993563.11,1131320.64,2998301.23,1127805.88,3000204.77,1122330.38,0,0,0,0,0,0,0,0,0,0,0,0,369,795,369,369,795,369
729e9750,beda8696,793.1124516106618,793.1471016148366,179.07367309238467,179.34683314403307,135.9064101054082,10444.0,11154.0,0,981,2886575.16,1022717.07,2887136.44,1023277.42,7104.335159105255,7325.588306648154,1508,7426,1956,7867,2886575.16,1022717.07,2891381.39,1017485.27,2887466.85,1022977.62,2882424.37,1028291.53,0,0,0,0,0,0,0,0,0,0,0,0,1256,1554,1256,1256,1554,1256
5cb483ac,84815d5a,793.3740364415189,793.3740364415189,156.12754489609625,155.5352230169092,158.52160822945086,16775.0,16647.0,5205,5285,3011891.49,1105168.12,3012573.8,1104763.28,4919.682249139511,4804.549146319819,1354,5205,1639,5285,3012092.11,1110083.71,3011891.49,1105168.12,3014337.43,1100294.13,3012573.8,1104763.28,0,0,0,0,0,0,0,0,0,0,0,0,331,250,250,331,250,250
5cb483ac,699ea575,793.8474922806874,793.8823697505655,154.71959396722949,154.21150814111513,152.45071379750962,16775.0,17188.0,5205,5444,3011891.49,1105168.12,3011185.0,1104806.09,4919.682249139511,5283.414944796399,1354,5205,1354,5473,3012092.11,1110083.71,3011891.49,1105168.12,3013231.3,1099966.33,3011171.72,1104831.78,0,0,0,0,0,0,0,0,0,0,0,0,354,582,354,354,582,354
5397ceb1,cd7f1687,796.0435373144097,796.1916325235438,178.74241633323152,178.0554513679431,179.91182708109903,11459.0,11247.0,289,292,2990465.31,1089452.96,2989734.73,1089136.83,6430.251919738481,5462.899114353162,1556,6810,1749,5980,2990465.23,1089508.6,2992846.0,1083535.32,2989736.6,1089119.71,2987603.1,1094148.77,0,0,0,0,0,0,0,0,0,0,0,0,1005,1161,1005,1005,1161,1005
a3518960,fde20ecf,797.5298099760736,797.5298099760736,179.46700916721062,179.31442794258535,179.75946206100366,18418.0,17597.0,6991,6385,3024087.87,1114870.3,3023305.8,1115026.57,6328.907992758245,5743.228855904852,2025,6991,1719,6385,3024034.15,1108541.62,3024087.87,1114870.3,3023407.97,1120768.89,3023305.8,1115026.57,0,0,0,0,0,0,0,0,0,0,0,0,473,476,473,473,476,473
57796579,ce8399b7,797.8463222951639,797.9179757969737,178.14905118079383,178.68534707676514,178.51234905765307,16111.0,10337.0,5683,305,2936381.16,1062619.73,2936977.14,1063150.17,7107.145822410058,2934.95179057505,1732,7621,1933,3547,2939731.33,1058679.44,2935117.1,1064085.03,2936969.6,1063164.07,2938946.19,1060994.5,0,0,0,0,0,0,0,0,0,0,0,0,3968,3548,3548,3968,3548,3548
511e1db0,57796579,797.8753803694435,797.9301780231663,177.81108094822915,177.9462442109472,178.51234905765307,10337.0,16111.0,196,5683,2936977.17,1063150.18,2936381.16,1062619.73,5132.686744629778,7107.145822410058,1824,5644,1732,7621,2936969.97,1063161.18,2940448.98,1059387.46,2939731.33,1058679.44,2935117.1,1064085.03,0,0,0,0,0,0,0,0,0,0,0,0,5542,5669,5542,5542,5669,5542
5fb1c15f,fef8af96,798.4480852254032,798.4695822010723,175.51680045261443,175.18924811044664,177.26318621557718,10829.0,10525.0,584,0,2929839.25,1056594.95,2930432.87,1057128.93,4408.854118577633,4820.547605075552,1997,4856,1242,5067,2929972.36,1056429.02,2926894.21,1059585.44,2930432.87,1057128.93,2933518.39,1053425.25,0,0,0,0,0,0,0,0,0,0,0,0,1210,1067,1067,1210,1067,1067
8bda1a11,bf70b410,799.6209688343409,799.688078002988,179.64460410329983,179.5939889245224,179.98827796894955,11029.0,11041.0,583,753,2887132.53,1022907.19,2886547.1,1022362.52,7121.092570139621,7498.256224409531,1457,7437,1653,7999,2886927.71,1023108.87,2891779.01,1017895.92,2886676.03,1022118.91,2881601.93,1027639.54,0,0,0,0,0,0,0,0,0,0,0,0,1373,1565,1373,1373,1565,1373
a247e7cf,d9eca87b,801.7743329018696,801.8659763326064,179.6803030177865,179.7859294963265,179.20879072819943,11001.0,10660.0,624,415,2887670.39,1023096.7,2887074.59,1022560.17,6860.869622497032,7435.705628176633,1563,7236,1559,7931,2887484.07,1023287.05,2892140.12,1018247.93,2887109.11,1022510.66,2882032.56,1027943.74,0,0,0,0,0,0,0,0,0,0,0,0,1292,1399,1292,1292,1399,1292
a692b17e,d40f61d5,806.2469113737245,806.2831255833911,177.4255477069264,177.0448011878639,179.34231086397068,10983.0,11794.0,690,1433,2910355.21,1039790.57,2909782.16,1039223.43,4870.136099227756,5345.018035442033,1843,5408,1841,5879,2910510.89,1039642.6,2907361.94,1043357.75,2909166.73,1039885.24,2912802.39,1035967.18,0,0,0,0,0,0,0,0,0,0,0,0,2109,2206,2109,2109,2206,2109
b19b0395,c42fe306,806.8458160643459,806.8916612532117,178.50701060607102,177.99978864441232,179.97751838599936,11101.0,11618.0,403,1143,2898747.32,1024651.58,2899343.22,1025195.55,6906.097057788954,6524.636972583345,1383,7195,1928,7022,2898633.07,1024767.78,2903295.67,1019673.24,2899804.94,1024728.83,2895526.78,1029655.11,0,0,0,0,0,0,0,0,0,0,0,0,1661,1863,1661,1661,1863,1661
4f4ac5ce,dafc88c3,806.9315547802647,806.9716014828686,178.86607201479714,178.6622449565863,179.78074658353825,11647.0,11066.0,1075,318,2899056.25,1024995.67,2898467.71,1024443.62,6514.894941785109,6941.638524217601,1737,6898,1615,7186,2899543.05,1024492.23,2895265.97,1029406.54,2898374.34,1024545.48,2903034.31,1019400.48,0,0,0,0,0,0,0,0,0,0,0,0,1771,1656,1656,1771,1656,1656
8bb9c1e6,f9fc81aa,808.1870798274667,808.1962725105369,178.51508093816705,178.43365867612002,178.98319251345922,10749.0,11888.0,230,1200,2906760.91,1031662.91,2906185.37,1031095.53,5877.506581978289,6777.184737042304,1836,6381,1515,7112,2906762.86,1031663.8,2902952.02,1036138.46,2905604.12,1031745.12,2910130.52,1026701.12,0,0,0,0,0,0,0,0,0,0,0,0,1877,1755,1755,1877,1755,1755
999daf80,aee6393a,808.7872348154036,808.925219102638,171.96416300797424,174.2480989878527,164.69692202638325,11432.0,10730.0,1089,0,2917457.4,1045589.73,2918100.14,1046080.67,4920.132865899107,6920.686982113914,1875,5438,1281,7145,2917692.62,1045034.95,2914583.97,1048848.61,2918100.14,1046080.67,2923179.74,1041380.29,0,0,0,0,0,0,0,0,0,0,0,0,1177,843,843,1177,843,843
6a0ff78e,f6824bb0,808.8534606465648,808.8808181679402,178.93480995781405,179.98559615438316,179.91578754788478,11363.0,10907.0,718,580,2906743.24,1036884.3,2907289.66,1037480.68,7586.35826613149,6232.54521951511,1425,7889,1849,6863,2906424.06,1037169.13,2911497.95,1031529.23,2907356.58,1037428.49,2903275.0,1042138.62,0,0,0,0,0,0,0,0,0,0,0,0,1357,1514,1357,1357,1514,1357
1131525f,368fe682,809.4696007263236,809.4951837408566,178.58344179343356,178.15322463437732,179.98934897804884,11061.0,11579.0,345,849,2901598.78,1026221.72,2902182.59,1026782.44,5248.376662711882,6102.378711764904,1389,5547,1480,6415,2901513.56,1026300.68,2905062.8,1022434.37,2902555.72,1026383.45,2898541.35,1030979.52,0,0,0,0,0,0,0,0,0,0,0,0,1497,1511,1497,1497,1511,1497
3d96d897,811f52b3,810.3361599358245,810.3529952433307,178.75869279738623,178.69042549966372,179.69326409822952,11691.0,11103.0,975,655,2906274.45,1031509.56,2906889.84,1032036.76,6770.781905821704,6104.991928258353,1488,7146,1838,6673,2905871.73,1031971.26,2910383.72,1026922.95,2906987.63,1031921.75,2903018.88,1036560.71,0,0,0,0,0,0,0,0,0,0,0,0,1745,1888,1745,1745,1888,1745
48c1f673,76201745,810.9215652577861,810.9265224420484,153.84069131319393,152.46386589190033,136.45869635354714,10204.0,10165.0,183,0,2998821.71,1128299.26,2998491.96,1127558.41,4098.954239083402,5546.518833015934,1749,4665,1410,5857,2998825.85,1128297.54,2995808.6,1131072.0,2998491.96,1127558.41,3000501.43,1122388.7,0,0,0,0,0,0,0,0,0,0,0,0,952,570,570,952,570,570
204cc64b,d4f60a28,810.9653554251831,811.0229201444916,177.66009893611445,177.66123196506663,138.18607250338826,18133.0,11544.0,6115,0,3020259.73,1086945.73,3020945.84,1087378.07,5990.484736997471,5753.978084855896,1649,6453,1934,6434,3023528.33,1082332.94,3020078.62,1087230.43,3020945.84,1087378.07,3024448.65,1082813.14,0,0,0,0,0,0,0,0,0,0,0,0,5173,5468,5173,5173,5468,5173
368131f9,5a5269a9,811.0625002427682,811.0625002427682,179.4850656097787,179.55716317697878,176.2071823803767,17978.0,18740.0,6567,8052,2997074.55,1107371.67,2996266.03,1107435.84,6263.814193875855,7696.807246676925,1577,6567,1540,8052,2999315.4,1101522.4,2997074.55,1107371.67,2993448.05,1114598.23,2996266.03,1107435.84,0,0,0,0,0,0,0,0,0,0,0,0,319,320,319,319,320,319
8a9c8932,ebe69318,816.5674597974669,816.6320922545503,179.2685502120661,178.29953861046093,179.76653050575135,12040.0,11128.0,1323,840,2901278.84,1026721.33,2900690.26,1026155.33,6085.16467256228,6129.093928803715,1681,6343,1742,6717,2902061.81,1025981.51,2898030.1,1030539.42,2900480.24,1026355.25,2904599.33,1021816.65,0,0,0,0,0,0,0,0,0,0,0,0,2103,2354,2103,2103,2354,2103
1b1c5372,ae8959c3,816.5934007206708,816.6233467762437,151.77292172435216,151.5920953799506,14.581668814631431,10402.0,9835.0,15,2,2998972.74,1127767.35,2998178.63,1127577.05,5498.681105574169,5993.323190751526,1531,5791,2127,6644,2998972.7,1127767.79,3000801.42,1122582.11,2998178.62,1127577.07,2993749.14,1131614.35,0,0,0,0,0,0,0,0,0,0,0,0,781,855,781,781,855,781
f2d4c8c9,f8afa78a,816.9512424250655,817.1311974217255,179.91201933409636,179.5642313796524,179.89227706054282,10897.0,11029.0,513,527,2885776.43,1021574.16,2886408.08,1022092.26,7506.568198671069,7063.46538730838,1659,7907,1335,7366,2885861.33,1021453.59,2880828.16,1027022.77,2886250.78,1022271.53,2890994.89,1017038.37,0,0,0,0,0,0,0,0,0,0,0,0,1239,1193,1193,1239,1193,1193
0d99f8e4,8a9c8932,817.1225456441744,817.1225456441744,178.76490978250882,179.77280011758194,177.38129327875168,17955.0,17060.0,7521,6343,2898357.99,1031287.87,2898030.1,1030539.42,7221.091662380481,6085.16467256228,1699,7521,1681,6343,2893691.37,1036798.48,2898357.99,1031287.87,2902061.81,1025981.51,2898030.1,1030539.42,0,0,0,0,0,0,0,0,0,0,0,0,303,326,303,303,326,303
310c71a5,d2f3b1ab,817.8756434810558,817.9323055727625,179.0490268149465,178.40208505270712,170.18911242913495,11823.0,10742.0,1308,0,2906707.82,1032773.97,2906135.93,1032189.28,6497.176126595119,6733.943528512642,1743,6987,1437,7017,2907298.67,1032190.03,2903040.49,1037097.29,2906135.93,1032189.28,2910633.09,1027177.14,0,0,0,0,0,0,0,0,0,0,0,0,1834,1582,1582,1834,1582,1582
73b1447d,ba48188d,820.9695668536443,821.0512852434255,176.97371747013756,176.50439125018875,173.95207149212152,14453.0,17499.0,2987,5533,3009127.91,1089996.88,3008537.95,1089425.97,6785.102453913226,5275.891225461355,1852,7521,1368,5533,3007650.48,1091707.01,3012088.38,1086574.5,3011773.22,1085258.47,3008537.95,1089425.97,0,0,0,0,0,0,0,0,0,0,0,0,3876,3290,3290,3876,3290,3290
1b82b665,5bd25f59,821.1866209943289,821.2031111120493,153.0340398918231,152.65816289458425,174.2002644633438,10410.0,9878.0,207,15,2999681.84,1127415.42,2998878.28,1127584.65,4844.276906742777,5507.915325892467,1558,5363,1910,6119,2999683.78,1127415.58,3001369.92,1122874.22,2998878.2,1127584.36,2994828.06,1131317.12,0,0,0,0,0,0,0,0,0,0,0,0,786,754,754,786,754,754
09053135,261785ee,822.7611442574577,822.7673282888885,179.44642037651025,179.43935250847005,30.618605419333598,10991.0,10633.0,9,0,2989780.06,1089332.16,2989015.37,1089028.54,7197.02664036337,4875.42788991916,1808,7714,1866,5511,2989780.15,1089331.95,2992322.2,1082598.81,2989015.37,1089028.54,2987249.34,1093572.87,0,0,0,0,0,0,0,0,0,0,0,0,1092,1209,1092,1092,1209,1092
6d590e26,b977be4a,822.9402216440968,822.963959478232,177.62585838867363,178.29608012984298,179.97242313822517,10906.0,11014.0,445,296,2996100.57,1114759.94,2995303.29,1114556.04,7287.857176495562,7132.760702483987,1746,7841,1578,7494,2996118.79,1114709.61,2993783.44,1121613.16,2995286.45,1114620.83,2997850.03,1107964.68,0,0,0,0,0,0,0,0,0,0,0,0,1213,1107,1107,1213,1107,1107
18d24f7b,4fbe9c06,823.8568385951606,823.8637958425455,178.8054875987905,178.33014442415833,178.70222640967103,11385.0,10557.0,753,118,2906835.13,1037513.98,2907447.4,1038065.22,5887.033119772818,7370.62957327922,1702,6259,1651,7937,2907112.12,1037221.71,2903234.94,1041651.68,2907446.64,1038066.46,2912415.48,1032622.49,0,0,0,0,0,0,0,0,0,0,0,0,1340,1538,1340,1340,1538,1340
be83e781,d84b621b,824.0818324658886,824.1215222285049,177.47836540777178,178.53314560718454,177.73163097144945,10927.0,10564.0,115,0,2904018.01,1027066.76,2904535.56,1027708.05,4450.330394139369,5212.810809659228,1555,4775,1752,5745,2904004.6,1027076.66,2907061.93,1023842.75,2904535.56,1027708.05,2901124.54,1031649.92,0,0,0,0,0,0,0,0,0,0,0,0,849,983,849,849,983,849
a7744f5b,cdc60a53,824.1449863341762,824.2294108439531,178.416791857081,178.41723007692983,177.5745394870694,11732.0,10724.0,1187,209,2907229.44,1034179.16,2907828.8,1034744.83,5542.818432142501,7122.335454975451,1640,6016,1753,7630,2906749.56,1034714.9,2910459.07,1030596.36,2907832.98,1034740.78,2903214.42,1040162.64,0,0,0,0,0,0,0,0,0,0,0,0,1737,1722,1722,1737,1722,1722
593876b6,c36625df,825.2374946041195,825.3185427457179,178.76647592135498,178.09766926823426,179.42808644985163,12274.0,17019.0,1265,5858,3006856.57,1115950.99,3007672.89,1115830.0,6052.150729294504,5851.378503028056,1524,6365,1644,6385,3006910.23,1116908.12,3006319.58,1110884.86,3007308.96,1110514.58,3007754.52,1116348.97,0,0,0,0,0,0,0,0,0,0,0,0,5314,4647,4647,5314,4647,4647
c3957531,e46f4ef4,826.4743528990272,826.5473039094877,178.92123938902844,179.05747273833745,179.79456502833096,14547.0,19373.0,2832,7483,3020069.7,1089210.9,3019307.74,1088890.78,6644.7088663462855,8383.447124786895,1938,7253,1735,8929,3020875.58,1087131.53,3018515.67,1093343.05,3016690.68,1095317.82,3019815.13,1087538.36,0,0,0,0,0,0,0,0,0,0,0,0,5966,5428,5428,4169,3545,3545
24d8997e,77e4821c,828.8537435516403,828.8798815267829,170.07937481476284,170.01885685722675,179.67923310435836,10679.0,10758.0,314,149,2918725.37,1046218.31,2919392.78,1046709.8,4631.9386729101225,6268.218779206842,1746,5187,1147,6539,2918727.79,1046207.99,2915749.09,1049755.13,2919369.19,1046743.23,2924166.87,1042709.27,0,0,0,0,0,0,0,0,0,0,0,0,1103,684,684,1103,684,684
5d7198fd,a959858c,829.4856558131737,829.5979523236933,177.6664689263179,179.79871714486146,179.34916450540297,13591.0,14317.0,1331,3241,3019878.18,1106413.88,3020504.94,1106957.22,4716.729348287971,4978.059434207162,1429,4796,1366,5769,3020596.45,1105366.85,3017586.28,1108998.16,3018829.08,1108762.4,3022159.44,1105062.43,0,0,0,0,0,0,0,0,0,0,0,0,4385,4886,4385,4385,4886,4385
660d9546,d463e527,831.9739558426609,831.9739558426609,179.9210620442953,179.75852482004592,177.5013036507883,17750.0,18516.0,6139,6990,3023939.13,1115182.42,3024713.99,1114879.48,5877.068081322664,6259.14405861545,1408,6139,2224,6990,3024009.23,1121059.07,3023939.13,1115182.42,3024630.71,1108620.89,3024713.99,1114879.48,0,0,0,0,0,0,0,0,0,0,0,0,335,339,335,335,339,335
14ad5efb,c66be2b8,832.1568857494361,832.1608250813317,179.01930355901675,179.56753638433625,148.006862783357,10854.0,10891.0,0,554,2997226.5,1115279.51,2996426.61,1115050.03,7016.287992557041,5502.549570553659,1510,7351,2053,6206,2997226.5,1115279.51,2999323.97,1108584.07,2996440.46,1114990.17,2994705.88,1120212.17,0,0,0,0,0,0,0,0,0,0,0,0,960,1232,960,960,1232,960
4caa7289,7cd4bb31,832.2098385023501,832.2120324175011,178.73288523076047,179.01087911981148,172.79335545030892,10721.0,11203.0,0,501,2904113.99,1031006.27,2903493.62,1030451.55,6545.943853906805,7666.736708541895,1458,6853,1520,7958,2904113.99,1031006.27,2899848.2,1035971.39,2903308.28,1030619.81,2908431.83,1024916.47,0,0,0,0,0,0,0,0,0,0,0,0,988,1089,988,988,1089,988
2d2d0c6b,e97032ad,833.5746318713345,833.5827399843149,172.90810063913048,173.5449595388639,17.48560711187591,10309.0,11171.0,1,1000,2918852.76,1046293.32,2918176.89,1045805.42,6385.410949476959,5042.210241788665,1922,6966,2124,5653,2918852.77,1046293.32,2923656.06,1042085.96,2918442.19,1045469.08,2915088.49,1049234.26,0,0,0,0,0,0,0,0,0,0,0,0,1273,1531,1273,1273,1531,1273
2d2d0c6b,e7c36e81,833.5746318713345,833.5827399843149,171.8790218873432,172.06583310475506,17.48560711187591,10309.0,11171.0,1,1000,2918852.76,1046293.32,2918176.89,1045805.42,6385.410949476959,5054.200573038311,1922,6966,2124,5654,2918852.77,1046293.32,2923656.06,1042085.96,2918442.19,1045469.08,2915148.84,1049302.98,0,0,0,0,0,0,0,0,0,0,0,0,1273,1531,1273,1273,1531,1273
504c8b08,bf39bc20,833.7957582045811,833.8352250296327,179.06635485716458,178.820432568386,179.929385019425,11148.0,15248.0,680,4791,2914798.31,1037862.75,2915446.23,1038387.55,7455.695849033638,4528.747450697674,1645,8011,1744,5046,2914904.32,1037730.82,2910075.7,1043411.65,2912731.02,1041687.95,2915607.41,1038189.96,0,0,0,0,0,0,0,0,0,0,0,0,5406,5047,5047,5406,5047,5047
739a914f,a79fd2e7,834.4440991462943,834.4440991462943,176.1519889241697,177.7255378447165,179.34601198012876,17990.0,17426.0,7318,6326,3008766.85,1110726.78,3007977.6,1110455.89,6628.683788822584,5713.523093372293,1814,7318,1923,6326,3009261.66,1117336.97,3008766.85,1110726.78,3007934.43,1104742.53,3007977.6,1110455.89,0,0,0,0,0,0,0,0,0,0,0,0,323,347,323,323,347,323
75c20ec7,c2c6fc71,835.0186467980391,835.0994227036073,172.97378983488704,172.58299865398772,174.8461143944124,11526.0,12700.0,101,1316,3005130.06,1090013.6,3004541.28,1089421.49,6585.208338883347,8369.117184625973,1844,7204,1721,8839,3005130.42,1090013.45,3001094.95,1095217.29,3003952.04,1090038.77,3009851.18,1084102.25,0,0,0,0,0,0,0,0,0,0,0,0,1816,1887,1816,1816,1887,1816
56b00794,62a6f539,835.7585547274234,835.775096841216,173.97265048122674,173.67580649258144,167.5133772780056,11366.0,10453.0,678,1,2917896.23,1045332.86,2918488.0,1045923.03,7043.967214098775,4774.469241727227,1228,7292,1560,5252,2917598.87,1045653.1,2922689.25,1040784.27,2918488.01,1045923.03,2915403.3,1049567.22,0,0,0,0,0,0,0,0,0,0,0,0,1264,1368,1264,1264,1368,1264
2fd68f7b,5bd25f59,836.2429532739002,836.2503558144413,152.0412402079713,151.11904469744795,98.6825498319292,10074.0,11719.0,0,1856,2997404.6,1127840.23,2997972.45,1128454.11,5844.750879797963,5507.915325892467,1651,6380,1910,6119,2997404.6,1127840.23,2999343.73,1122326.53,2998878.2,1127584.36,2994828.06,1131317.12,0,0,0,0,0,0,0,0,0,0,0,0,898,1119,898,898,1119,898
c99f9fae,d5df0ff5,836.2883695230988,836.2941090905276,166.67328031388206,168.68986830472923,135.84435950448812,11530.0,11677.0,507,0,3017115.83,1114106.99,3017763.8,1114635.68,7696.491700145073,5302.874590455564,2033,8393,1458,5489,3017075.21,1114148.86,3022065.19,1108289.16,3017763.8,1114635.68,3015348.91,1119356.78,0,0,0,0,0,0,0,0,0,0,0,0,1301,441,441,1301,441,441
24d8997e,e85074c5,836.3871140209095,836.4809508888363,173.80115485838527,173.7336859905069,176.58386805441307,11054.0,10671.0,689,221,2918617.02,1046327.26,2918025.61,1045735.84,4631.9386729101225,6754.748974617945,1746,5187,1561,7235,2918727.79,1046207.99,2915749.09,1049755.13,2918025.57,1045733.64,2922902.56,1041060.14,0,0,0,0,0,0,0,0,0,0,0,0,1161,1191,1161,1161,1191,1161
b0f53bf4,da2d4d7c,836.5041442216702,836.5079100642121,161.73312219132998,161.2927259488083,154.87689445353712,11862.0,11554.0,199,0,2999863.16,1090322.91,2999292.44,1089711.34,4056.234603471634,3317.281700444092,1447,4201,1453,3566,2999945.15,1090240.89,2997137.75,1093168.61,2999292.44,1089711.34,3000722.2,1086717.99,0,0,0,0,0,0,0,0,0,0,0,0,774,604,604,774,604,604
d1ee630d,d60430e6,839.6207641548639,839.6477416152819,174.9404865113457,177.89192537980173,179.96370734568373,11322.0,10974.0,684,441,2994526.0,1114423.46,2993696.0,1114296.72,7428.723962835182,3748.143883097292,1589,7878,1665,4175,2994538.54,1114710.1,2997140.72,1107752.04,2993713.9,1114181.18,2992715.7,1117793.96,0,0,0,0,0,0,0,0,0,0,0,0,1156,1310,1156,1156,1310,1156
89969c7a,efde6ac3,841.0630114325942,841.1549241966284,177.67003212560556,178.07787775502138,98.61227227424364,10202.0,11843.0,0,1514,2995589.6,1121493.57,2994810.06,1121177.81,5749.955502175672,5738.249387121568,1370,6316,1661,6219,2995589.6,1121493.57,2993854.73,1126975.56,2994436.83,1122149.3,2996389.15,1116753.38,0,0,0,0,0,0,0,0,0,0,0,0,1997,2023,1997,1997,2023,1997
89969c7a,d085e611,841.0630114325942,841.1549241966284,177.5986168928919,177.92125981971958,98.61227227424364,10202.0,11843.0,0,1514,2995589.6,1121493.57,2994810.06,1121177.81,5749.955502175672,7368.783170008496,1370,6316,1661,7851,2995589.6,1121493.57,2993854.73,1126975.56,2994436.83,1122149.3,2996952.54,1115223.25,0,0,0,0,0,0,0,0,0,0,0,0,1997,2023,1997,1997,2023,1997
8cc800b3,939d9c34,842.3331272722667,842.3331272722667,177.1070071196479,177.32076825181775,176.9234597424533,18601.0,17246.0,8090,6626,2992582.45,1105970.89,2991896.07,1105482.62,7719.2895033805025,5953.585326179662,1515,8090,1526,6626,2989321.72,1112967.68,2992582.45,1105970.89,2994135.38,1099966.22,2991896.07,1105482.62,0,0,0,0,0,0,0,0,0,0,0,0,416,389,389,416,389,389
29b24409,e6c55748,842.7783771547575,842.7983420134045,178.0383325383374,178.12699302643293,0.9933615244910572,10640.0,11685.0,110,1079,2907561.61,1034503.47,2906928.72,1033946.94,6910.248399884159,5487.810282735605,1830,7416,1487,5958,2907560.77,1034505.75,2903080.61,1039766.9,2906522.52,1034406.19,2910221.4,1030352.26,0,0,0,0,0,0,0,0,0,0,0,0,1611,1653,1611,1611,1653,1611
79507629,c70c0e01,843.071945802961,843.0907085243736,179.9485924672289,179.70442486911494,179.9101967508456,12604.0,12410.0,1120,676,3001326.87,1071838.09,3002027.2,1072307.46,6642.447673696586,5581.4711541762845,2018,7319,1745,6056,3001572.69,1071450.28,2997631.16,1076796.91,3001885.79,1072502.8,3005193.72,1068007.2,0,0,0,0,0,0,0,0,0,0,0,0,1828,1635,1635,1828,1635,1635
0d99f8e4,2ee0235b,844.2654611554365,844.2654611554365,179.8727322289211,179.68789713196838,177.2482883812336,17955.0,17896.0,7521,7255,2898357.99,1031287.87,2899201.99,1031309.04,7221.091662380481,6792.672917269032,1699,7521,1700,7255,2893691.37,1036798.48,2898357.99,1031287.87,2903580.22,1026115.63,2899201.99,1031309.04,0,0,0,0,0,0,0,0,0,0,0,0,235,225,225,235,225,225
75cd5f11,85380836,845.65909786364,845.6601235127949,178.27810885063624,178.22945730373664,147.3003934619758,10568.0,12811.0,0,2276,2908027.9,1039593.46,2907385.47,1039043.53,6013.1508423787245,7733.241335856539,1464,6409,1557,8174,2908027.9,1039593.46,2912086.94,1035157.0,2908570.58,1037635.38,2903524.23,1043495.19,0,0,0,0,0,0,0,0,0,0,0,0,2638,2795,2638,2638,2795,2638
877ed19c,e32da4ec,846.6703025972564,846.6703025972564,177.50477402887253,177.46840409419272,16.68612653461268,10988.0,11342.0,0,0,3012065.98,1115332.04,3011252.11,1115565.42,5040.269735887232,5931.132936674107,1923,5630,1459,6147,3012065.98,1115332.04,3012339.55,1110299.2,3011252.11,1115565.42,3011188.33,1121496.21,0,0,0,0,0,0,0,0,0,0,0,0,871,571,571,871,571,571
203721ab,e737965a,847.3379095733903,847.3437499624448,179.15332374042413,178.63481456094763,179.56923809468444,10993.0,11567.0,418,978,2899248.78,1025151.24,2899867.15,1025730.55,6842.9556468680685,7303.043825652138,1505,7234,1739,7693,2899177.07,1025220.51,2903775.7,1020153.1,2900286.09,1025301.18,2895458.72,1030781.23,0,0,0,0,0,0,0,0,0,0,0,0,1538,1583,1538,1538,1583,1538
200d233d,8a3da6d1,847.4344237164082,847.4475526543287,150.78025778530025,151.2795692171048,118.00145192273474,11374.0,12117.0,0,929,3008624.11,1105082.54,3007777.39,1105117.33,5396.728964965756,5752.657403617772,1970,5895,1741,6333,3008624.11,1105082.54,3011307.13,1100400.01,3007778.88,1104753.33,3007719.41,1110505.68,0,0,0,0,0,0,0,0,0,0,0,0,843,1471,843,843,1471,843
54a7e3c2,a612d5a0,848.0711377000604,848.1818521990798,179.51794083624188,179.78430234638492,179.99811524057847,11301.0,11269.0,821,967,2972111.91,1095947.76,2971523.66,1095336.87,7505.197889949235,6633.5302764137,1738,7892,1831,7159,2972461.75,1095660.61,2967524.27,1101312.98,2971171.16,1095634.05,2975577.07,1090675.05,0,0,0,0,0,0,0,0,0,0,0,0,1598,1765,1598,1598,1765,1598
09441b8d,4fbe9c06,848.2769105663225,848.3053387194298,178.151919953506,177.96830162332614,179.7093935131499,10912.0,11143.0,525,704,2908255.48,1038506.57,2907596.19,1037972.8,6799.295443771958,7370.62957327922,1907,7394,1651,7937,2908308.08,1038444.9,2903888.74,1043612.09,2907446.64,1038066.46,2912415.48,1032622.49,0,0,0,0,0,0,0,0,0,0,0,0,1283,1322,1283,1283,1322,1283
0be01c24,1550491d,848.7504269808596,848.7595909918456,176.56156085977997,176.52040629603985,176.5794853991174,17178.0,11868.0,6384,422,3006483.95,1110893.28,3005637.83,1110960.05,5904.570095044939,5765.992040204361,1647,6384,1366,5928,3007171.27,1116757.71,3006483.95,1110893.28,3005612.32,1110679.76,3005938.83,1116436.5,0,0,0,0,0,0,0,0,0,0,0,0,2915,3333,2915,2915,3333,2915
9ad5410a,c1d046f4,849.0954945116463,849.0954945116463,158.66726173933824,158.1205439773619,161.0477359841901,17240.0,17977.0,5748,6916,3002094.53,1109316.33,3002669.15,1109941.45,5525.224200066538,6698.863805094217,1544,5748,1404,6916,3004110.0,1104171.82,3002094.53,1109316.33,3002662.01,1116640.31,3002669.15,1109941.45,0,0,0,0,0,0,0,0,0,0,0,0,276,199,199,276,199,199
e14d641e,f03f10fe,851.3660097747384,851.4005971339919,178.333348120093,178.2711936561292,179.91206371737596,11390.0,11579.0,953,1055,2910496.78,1040281.75,2909845.27,1039733.7,4488.409229615861,5409.760003225874,1794,4977,1678,5822,2910803.18,1039920.84,2907877.52,1043324.71,2909380.01,1040189.78,2913024.06,1036191.48,0,0,0,0,0,0,0,0,0,0,0,0,2054,2090,2054,2054,2090,2054
1944513c,593876b6,852.4606832576262,852.4771642691097,177.38082942493156,176.92003571424692,177.30890890625497,11964.0,17374.0,1104,6365,3005471.27,1110968.88,3006319.58,1110884.86,5965.504662918459,6052.150729294504,1877,6598,1524,6365,3005424.58,1110489.44,3005734.86,1116446.87,3006910.23,1116908.12,3006319.58,1110884.86,0,0,0,0,0,0,0,0,0,0,0,0,3157,2096,2096,3157,2096,2096
67a8da4a,e46f4ef4,852.5814313014718,852.5814313014718,169.1931359476081,169.54655314862438,169.274548980457,18771.0,20819.0,6644,8929,3019244.84,1086904.59,3019815.13,1087538.36,6126.16546532183,8383.447124786895,1734,6644,1735,8929,3022553.42,1081748.7,3019244.84,1086904.59,3016690.68,1095317.82,3019815.13,1087538.36,0,0,0,0,0,0,0,0,0,0,0,0,336,262,262,336,262,262
1a518997,8f201368,854.5895008132944,854.6013822244133,177.9040676497164,178.1068067396049,179.9398377292355,10600.0,12761.0,222,2374,2907745.95,1039357.64,2907090.25,1038809.57,5991.130536868663,7633.366417177954,1938,6543,1802,8150,2907746.15,1039359.82,2911796.42,1034945.19,2908282.12,1037378.5,2903330.79,1043188.2,0,0,0,0,0,0,0,0,0,0,0,0,2695,2886,2695,2695,2886,2695
264feceb,af7a59ce,856.0080431865097,856.0296558531735,179.73954308938687,178.5330395925902,174.3095907265044,11669.0,10896.0,1072,0,2903498.8,1026930.31,2902974.38,1026253.75,6883.283920586129,4030.0721837830433,1743,7407,1306,4329,2903911.6,1026541.57,2899336.93,1031684.72,2902974.38,1026253.75,2905666.45,1023254.71,0,0,0,0,0,0,0,0,0,0,0,0,1549,1160,1160,1549,1160,1160
49dbc14c,833af382,856.1755176363647,856.1755176363647,179.34820748967385,179.67374793849186,178.37845938374275,15703.0,15867.0,5197,5376,2913367.87,1043006.64,2914178.54,1043282.05,4908.556311880422,4852.259605688892,1326,5197,1749,5376,2910241.17,1046790.51,2913367.87,1043006.64,2917311.73,1039576.98,2914178.54,1043282.05,0,0,0,0,0,0,0,0,0,0,0,0,289,271,271,289,271,271
204cc64b,3e678ea7,856.3604122100486,856.3604122100486,165.18792598424358,165.39720056490185,166.8126557098903,18471.0,20670.0,6453,8736,3020078.62,1087230.43,3019244.78,1087425.53,5990.484736997471,8265.469793810686,1649,6453,1879,8736,3023528.33,1082332.94,3020078.62,1087230.43,3016370.68,1095175.21,3019244.78,1087425.53,0,0,0,0,0,0,0,0,0,0,0,0,189,228,189,189,228,189
87aa3730,e45a2a62,856.5402456975158,856.5943747772204,178.7044635774111,178.93552270335567,178.11109566474263,11870.0,10720.0,1191,76,2905330.22,1030446.97,2905952.36,1031035.7,6897.593328842994,6301.7364069595415,1686,7292,1690,6696,2904795.43,1031050.31,2909405.73,1025919.82,2905952.7,1031035.87,2901847.72,1035817.19,0,0,0,0,0,0,0,0,0,0,0,0,1709,1623,1623,1709,1623,1623
aaeffccb,abf460d2,857.0168638364629,857.0168638364629,175.76671360805688,176.22429811425457,97.18034142732196,15929.0,11591.0,4585,0,3009234.79,1088068.88,3008754.34,1087359.2,3947.0629541596822,4423.980996941393,1874,4585,1546,4762,3006733.14,1091121.92,3009234.79,1088068.88,3008754.34,1087359.2,3005705.47,1090564.82,0,0,0,0,0,0,0,0,0,0,0,0,2156,2686,2156,2156,2686,2156
445af6c2,85380836,857.5009351598629,857.5380981624191,179.3572370588272,179.21673439999446,65.83884549103067,10297.0,11978.0,0,1443,2907267.82,1037843.06,2907917.15,1038403.13,7437.787933102292,7733.241335856539,1957,7997,1557,8174,2907267.82,1037843.06,2912184.29,1032261.93,2908570.58,1037635.38,2903524.23,1043495.19,0,0,0,0,0,0,0,0,0,0,0,0,2083,1944,1944,2083,1944,1944
e737965a,ebe69318,858.187573960459,858.1914278876271,179.15089790273893,178.7990494471524,179.95270372630793,11013.0,11386.0,424,1098,2900213.4,1025399.52,2900846.29,1025979.12,7303.043825652138,6129.093928803715,1739,7693,1742,6717,2900286.09,1025301.18,2895458.72,1030781.23,2900480.24,1026355.25,2904599.33,1021816.65,0,0,0,0,0,0,0,0,0,0,0,0,1523,1742,1523,1523,1742,1523
d2f3b1ab,e45a2a62,858.5564770006362,858.5921567892202,178.7474337268932,179.01485359661692,179.92183576670226,11205.0,11564.0,463,920,2906280.53,1032028.2,2905632.94,1031464.51,6733.943528512642,6301.7364069595415,1437,7017,1690,6696,2906135.93,1032189.28,2910633.09,1027177.14,2905952.7,1031035.87,2901847.72,1035817.19,0,0,0,0,0,0,0,0,0,0,0,0,1412,1626,1412,1412,1626,1412
5aa403d0,9896fc0b,861.4812316003639,861.4812316003639,178.4766679972547,178.27055816215457,174.89460212992907,10397.0,10470.0,0,0,2928293.68,1055361.95,2929035.86,1055799.35,4338.05276984983,4756.503984745793,1584,4701,1514,5108,2928293.68,1055361.95,2925377.44,1058573.53,2929035.86,1055799.35,2932138.66,1052194.22,0,0,0,0,0,0,0,0,0,0,0,0,735,702,702,735,702,702
09ec2ca9,7d57c75d,861.4830431878634,861.5027606460319,179.46336452076943,179.6875170707069,179.85181253516498,16739.0,14631.0,6269,4586,3004748.75,1128646.76,3003887.86,1128678.72,7306.016989920134,5672.721427930417,1939,7823,1742,6146,3004554.56,1122895.92,3004835.07,1130196.55,3004005.64,1132791.73,3003840.94,1127121.4,0,0,0,0,0,0,0,0,0,0,0,0,3585,3580,3580,3585,3580,3580
29b24409,6a0ff78e,862.6555004752104,862.7405000927648,178.44035721182166,179.4065919191157,179.97305157530332,13768.0,10771.0,3238,126,2905784.96,1036587.8,2906433.66,1037156.45,6910.248399884159,7586.35826613149,1830,7416,1425,7889,2907560.77,1034505.75,2903080.61,1039766.9,2906424.06,1037169.13,2911497.95,1031529.23,0,0,0,0,0,0,0,0,0,0,0,0,3074,2890,2890,2764,2552,2552
521a7819,fbd68d27,863.4543810764934,863.4889999296325,179.15606561975244,178.83143121144315,179.9666674829665,11846.0,11273.0,1471,683,2907076.38,1038305.16,2907718.37,1038882.57,6597.515965308433,8148.962381812816,2024,7223,1723,8551,2907622.96,1037643.45,2903303.06,1042630.0,2907556.01,1039139.72,2912981.9,1033059.81,0,0,0,0,0,0,0,0,0,0,0,0,2192,1999,1999,2192,1999,1999
3df4b19e,593876b6,864.4052524714888,864.485750316517,175.7025474780602,175.4687811873664,179.56468129341638,11441.0,11657.0,591,648,3006044.36,1116585.29,3006908.29,1116556.63,6174.827059748288,6052.150729294504,1670,6657,1524,6365,3006021.62,1116433.42,3006162.05,1122606.65,3006910.23,1116908.12,3006319.58,1110884.86,0,0,0,0,0,0,0,0,0,0,0,0,1446,1353,1353,1446,1353,1353
445af6c2,b585b4fa,864.6252462195397,864.6859649605746,179.49092961741025,179.04892644523233,179.92017605311872,11189.0,10719.0,892,259,2907492.02,1037546.92,2906799.44,1037029.32,7437.787933102292,5461.583921070974,1957,7997,1705,5998,2907267.82,1037843.06,2912184.29,1032261.93,2906803.56,1037020.6,2903229.94,1041150.75,0,0,0,0,0,0,0,0,0,0,0,0,1358,1288,1288,1358,1288,1288
729f4217,7c607683,864.9746810744977,865.0078032595934,178.3752034405869,178.197069030013,179.81681609606028,10928.0,10971.0,233,630,2907824.15,1038223.03,2908478.32,1038788.93,7313.918653416888,6430.130361555815,1397,7591,1673,7000,2907786.14,1038267.28,2912689.62,1032840.56,2908573.41,1038688.21,2904399.46,1043579.5,0,0,0,0,0,0,0,0,0,0,0,0,964,1251,964,964,1251,964
47ee27ab,5beded95,867.756440310238,867.7745385179653,179.23281061435256,179.50253218895304,158.72420603408432,10367.0,10895.0,0,292,2983420.07,1103283.37,2982851.33,1102627.98,7655.861499485015,4254.613541145909,1877,8273,1722,4778,2983420.07,1103283.37,2978421.19,1109081.94,2982847.3,1102626.64,2985668.24,1099441.67,0,0,0,0,0,0,0,0,0,0,0,0,1056,910,910,1056,910,910
8a89da23,df8290be,868.3135859814125,868.3268263161744,178.3955623497058,178.7277595358842,158.1151986164874,10552.0,11914.0,0,1481,2910246.93,1040782.71,2909582.99,1040223.11,5195.748694432784,5224.692773790354,1640,5574,1703,5674,2910246.93,1040782.71,2913749.47,1036945.0,2910259.05,1039434.25,2906846.43,1043390.44,0,0,0,0,0,0,0,0,0,0,0,0,1793,1977,1793,1793,1977,1793
a87433c9,fc03f21f,868.3209006467537,868.3823163790089,178.82382359832582,179.06763574602493,109.90669642511745,11079.0,11447.0,0,390,3003125.45,1103422.43,3003804.33,1103963.82,6852.90333561617,5624.851640105861,1739,7459,1399,6201,3003125.45,1103422.43,3005505.08,1096995.95,3003822.94,1103953.96,3001761.88,1109187.6,0,0,0,0,0,0,0,0,0,0,0,0,787,874,787,787,874,787
8d5d46d7,a7744f5b,868.5753600006086,868.6289281964343,179.30109933241548,177.87325076859923,178.5109877673828,10759.0,13254.0,50,2709,2907615.08,1032470.89,2908255.7,1033057.43,6858.800647255863,5542.818432142501,1527,7281,1640,6016,2907615.17,1032470.66,2903087.45,1037622.64,2906749.56,1034714.9,2910459.07,1030596.36,0,0,0,0,0,0,0,0,0,0,0,0,2973,3221,2973,2973,3221,2973
26d3a96a,ee0300f7,868.7703628118836,868.7703628118836,166.56107793268555,166.50963955169138,167.73916508445683,18482.0,17985.0,6464,6160,3019706.06,1087095.97,3018837.38,1087108.5,5978.058799217251,5666.056213646287,1744,6464,1617,6160,3023065.81,1082151.35,3019706.06,1087095.97,3016829.37,1092406.81,3018837.38,1087108.5,0,0,0,0,0,0,0,0,0,0,0,0,206,264,206,206,264,206
ab3ced07,c6797dd7,870.0563019139266,870.0563019139266,168.55805367395757,168.49773289696228,164.80071579333537,17628.0,17297.0,6007,6280,3011112.8,1098820.23,3011488.06,1099605.2,5400.833932875543,5543.59134991024,1758,6007,1617,6280,3012978.88,1093752.02,3011112.8,1098820.23,3008578.74,1104324.02,3011488.06,1099605.2,0,0,0,0,0,0,0,0,0,0,0,0,179,235,179,179,235,179
a0e92ed6,b85f7b06,870.0719355320425,870.0719355320425,179.8889217315814,179.39947463875075,44.37423422899316,11345.0,11260.0,0,0,3011066.01,1115488.31,3011927.04,1115363.2,6271.323894370309,5050.844166275567,1549,6445,1650,5452,3011066.01,1115488.31,3010981.17,1121759.06,3011927.04,1115363.2,3012005.16,1110312.96,0,0,0,0,0,0,0,0,0,0,0,0,517,825,517,517,825,517
cbe51de1,e4726608,870.1221194753584,870.2350250363328,175.76189448190286,175.17285178591675,178.84189502108964,11485.0,11602.0,284,429,3012314.44,1115549.69,3011445.26,1115509.21,5050.267890973553,5895.772158971317,1399,5361,1535,6267,3012322.92,1115649.69,3012771.01,1110619.34,3011451.89,1115390.38,3011364.2,1121285.5,0,0,0,0,0,0,0,0,0,0,0,0,990,1042,990,990,1042,990
729f4217,f6824bb0,870.1930950082349,870.2443478705147,178.81032118913964,178.87554697766032,178.20257801317345,11288.0,10550.0,593,223,2907998.61,1038017.71,2907354.86,1037432.2,7313.918653416888,6232.54521951511,1397,7591,1849,6863,2907786.14,1038267.28,2912689.62,1032840.56,2907356.58,1037428.49,2903275.0,1042138.62,0,0,0,0,0,0,0,0,0,0,0,0,1099,1463,1099,1099,1463,1099
1d78281a,a3f71395,871.7539919610557,871.8461986497709,164.52529271172634,164.9693718348036,174.21630056367775,13027.0,12347.0,1088,0,2948493.37,1014812.39,2947635.85,1014655.5,6178.834921188686,6790.487189370295,1861,6809,1497,7039,2948383.54,1015267.62,2949769.97,1009246.34,2947635.85,1014655.5,2944401.82,1020626.41,0,0,0,0,0,0,0,0,0,0,0,0,1565,712,712,1565,712,712
d63196fe,dc5fbe29,871.7575641200091,871.7633200015508,178.4120971686283,179.2541626031422,152.7744448840061,11718.0,17151.0,0,5853,2926234.68,1019293.66,2925521.09,1018792.91,5568.3171766433725,6107.858915078126,1371,5880,1352,6554,2926234.68,1019293.66,2923136.34,1023920.37,2922389.41,1023201.15,2925927.29,1018222.26,0,0,0,0,0,0,0,0,0,0,0,0,4698,4876,4698,4698,4876,4698
3690a146,764072a5,872.6932249651431,872.7050239913953,178.5754767590626,178.40260345117437,167.60102022878525,11900.0,10508.0,1574,16,2910438.37,1039529.87,2911067.62,1040134.55,5182.706604786658,4169.450928359806,1688,5760,1645,4593,2909752.96,1040260.13,2913248.84,1036434.0,2911067.73,1040134.45,2908332.71,1043281.51,0,0,0,0,0,0,0,0,0,0,0,0,2034,1851,1851,2034,1851,1851
a622ce4d,f40cd091,876.4909734847896,876.4909734847896,177.57763994528958,179.80540410366035,178.73124344963503,18708.0,18153.0,8046,6775,2996830.21,1107637.9,2997706.16,1107607.11,7630.839461501095,6432.283006499436,1749,8046,1610,6775,2994094.67,1114761.56,2996830.21,1107637.9,3000263.77,1101705.17,2997706.16,1107607.11,0,0,0,0,0,0,0,0,0,0,0,0,248,249,248,248,249,248
25fd32b3,2e43c2ea,878.0244316077819,878.1153539825003,179.3916255527416,179.87292642697986,179.19467871255904,10587.0,11998.0,36,1560,2916968.94,1044881.53,2916300.61,1044312.09,4245.809145239366,6797.516712925476,1661,4545,1651,7348,2916966.99,1044883.92,2919713.86,1041646.39,2916948.48,1043528.2,2912606.04,1048757.87,0,0,0,0,0,0,0,0,0,0,0,0,1687,2047,1687,1687,2047,1687
4f3eb9e9,fd8f77fa,880.0000002272727,880.0146049356231,179.5684885292173,179.39234077572098,179.3276716269924,11579.0,10907.0,220,236,3005270.69,1116985.92,3004390.69,1116985.9,5860.2460283679575,6158.772157662538,1214,5910,1484,6755,3005270.45,1116796.89,3005458.44,1122654.12,3004389.08,1116991.9,3004145.16,1110837.96,0,0,0,0,0,0,0,0,0,0,0,0,684,1038,684,684,1038,684
4a335117,b56bc0aa,880.5441029272846,880.6329469763554,179.96797287908947,179.77049623786178,179.83924622107546,11114.0,17478.0,918,7196,2912975.69,1048696.45,2912265.13,1048176.39,6190.512865490306,6767.879007200217,1712,6726,1829,7430,2912761.4,1049034.58,2916708.23,1044265.41,2916436.66,1043146.99,2912118.81,1048358.55,0,0,0,0,0,0,0,0,0,0,0,0,6727,6464,6464,6727,6464,6464
3e678ea7,7a5660b0,880.8898706423962,880.8950564626872,179.53928813708345,179.8310505693209,178.92265587742224,14882.0,18739.0,2948,6935,3017240.13,1092850.99,3018066.64,1093155.7,8265.469793810686,6358.029614589672,1879,8736,1938,6935,3016370.68,1095175.21,3019244.78,1087425.53,3020325.34,1087212.4,3018066.64,1093155.7,0,0,0,0,0,0,0,0,0,0,0,0,6257,6123,6123,6257,6123,6123
3e678ea7,d9d6d94d,882.7443147932469,882.7443147932469,171.13858601682497,168.74743032446395,165.4202588351023,20670.0,18691.0,8736,6659,3019244.78,1087425.53,3018723.96,1086712.8,8265.469793810686,6122.022611760017,1879,8736,1741,6659,3016370.68,1095175.21,3019244.78,1087425.53,3021711.54,1081369.25,3018723.96,1086712.8,0,0,0,0,0,0,0,0,0,0,0,0,190,263,190,190,263,190
3df4b19e,6dbe4b60,885.784257311169,885.8893874519757,178.4515809795683,178.97709943260205,156.88680602855865,11963.0,10789.0,1113,0,3006036.91,1117071.5,3005151.23,1117057.91,6174.827059748288,6137.639849094888,1670,6657,2025,6672,3006021.62,1116433.42,3006162.05,1122606.65,3005151.23,1117057.91,3004845.89,1110927.87,0,0,0,0,0,0,0,0,0,0,0,0,1557,1348,1348,1557,1348,1348
cbe62450,eb640a35,886.8120784585019,886.8249848194654,178.88245784333736,178.39758269078305,179.96577124233465,12415.0,16974.0,1811,6841,2995603.33,1115943.42,2994772.6,1115633.06,7522.573349678902,7306.408691169848,1600,7857,1745,7781,2996079.6,1114535.34,2993567.78,1121626.17,2992523.81,1121590.61,2995097.31,1114752.43,0,0,0,0,0,0,0,0,0,0,0,0,4913,4145,4145,4732,3967,3967
8ac2f237,a0b83014,887.4556616528292,887.5137056970563,179.0730063134154,179.2139973454716,179.94827359272725,15261.0,14010.0,4219,3414,3008768.13,1120368.3,3007881.08,1120395.13,6435.867723096994,6265.824495611256,1456,6774,1838,6872,3008754.33,1116485.16,3008808.47,1122920.8,3007914.8,1123205.58,3007760.73,1116941.65,0,0,0,0,0,0,0,0,0,0,0,0,6134,6873,6134,6134,6873,6134
5f6756c5,7987f2f2,891.0360002265945,891.0424825450107,175.60842171312078,178.68857005330838,178.88980990374552,16676.0,16671.0,5273,5713,3015154.81,1109116.27,3015868.77,1109649.38,7402.857078250111,5028.608841280223,2133,8063,2009,5713,3017743.46,1105291.45,3013507.95,1111362.92,3012684.32,1113541.19,3015868.77,1109649.38,0,0,0,0,0,0,0,0,0,0,0,0,3243,3246,3243,3243,3246,3243
995ff498,eeed308d,891.5907592612537,891.5907592612537,178.1489808146256,178.34896897675858,170.81920231881423,10573.0,10781.0,0,201,2906802.09,1034335.89,2907561.15,1034803.61,5782.489620544004,5022.090489527242,1601,6126,1604,5502,2906802.09,1034335.89,2903034.23,1038722.28,2907564.62,1034802.29,2910958.35,1031100.4,0,0,0,0,0,0,0,0,0,0,0,0,683,762,683,683,762,683
2d35f86d,5a1a8fd8,892.4754923807488,892.4912833749822,178.6328590836654,178.29548315767596,179.51940361890752,11544.0,11498.0,385,267,3001455.16,1102558.54,3000646.02,1102181.97,6226.510667918185,6349.964629956588,1732,6627,1554,6813,3001504.67,1102458.94,2999153.43,1108224.45,3000635.47,1102190.54,3002892.36,1096255.18,0,0,0,0,0,0,0,0,0,0,0,0,907,967,907,907,967,907
4c3df468,aff4e561,892.7987138209468,892.8997821702714,177.6950374414088,177.79196450593676,179.89275054584442,10721.0,11130.0,188,890,2883185.88,1019927.41,2883831.41,1020544.16,6601.003749430744,7240.553306294961,1511,6902,1697,7722,2883163.42,1019948.76,2887336.32,1014834.06,2884117.5,1020241.93,2879318.37,1025663.55,0,0,0,0,0,0,0,0,0,0,0,0,1073,1342,1073,1073,1342,1073
884ecb5f,cdc60a53,893.7470920232764,893.8030177281541,178.6590695290254,179.19278304351735,37.51989866630159,10554.0,13877.0,0,3362,2906668.53,1037473.28,2905972.55,1036912.57,7625.947473154013,7122.335454975451,1330,8053,1753,7630,2906668.53,1037473.28,2911748.16,1031785.36,2907832.98,1034740.78,2903214.42,1040162.64,0,0,0,0,0,0,0,0,0,0,0,0,3447,3788,3447,3447,3788,3447
5beded95,78a4a386,894.0692333371492,894.0923315295786,179.25176471042425,179.73021589392513,169.35951300605802,10842.0,11117.0,239,0,2982848.02,1102630.41,2983284.08,1103410.93,4254.613541145909,6193.981499003629,1722,4778,1127,6245,2982847.3,1102626.64,2985668.24,1099441.67,2983284.08,1103410.93,2979238.18,1108100.93,0,0,0,0,0,0,0,0,0,0,0,0,743,306,306,743,306,306
9d5e14d4,dc7da28f,897.6199236871655,897.6517102973878,179.88847648138062,179.76102206012783,144.95568253264537,10340.0,10089.0,69,0,2891347.35,1028168.77,2890976.5,1027351.34,6125.393122086251,6071.184306212375,1165,6564,1898,6671,2891350.46,1028169.26,2886976.51,1032457.5,2890976.5,1027351.34,2895303.46,1023092.62,0,0,0,0,0,0,0,0,0,0,0,0,611,776,611,611,776,611
26623a50,c1d046f4,901.0751440918748,901.080358957856,168.24978831071326,167.66728404655646,175.31756442866526,11494.0,17977.0,626,6916,3001776.03,1109821.98,3002669.15,1109941.45,6956.805695180804,6698.863805094217,1744,7478,1404,6916,3001787.98,1109641.92,3000364.0,1116451.43,3002662.01,1116640.31,3002669.15,1109941.45,0,0,0,0,0,0,0,0,0,0,0,0,1224,513,513,1224,513,513
53134831,d463e527,903.7650892236755,903.7650892236755,178.7879678088728,178.614916320768,178.29193367609088,18402.0,18516.0,7213,6990,3025582.38,1115129.86,3024713.99,1114879.48,6583.488458924952,6259.14405861545,2088,7213,2224,6990,3025809.2,1121709.44,3025582.38,1115129.86,3024630.71,1108620.89,3024713.99,1114879.48,0,0,0,0,0,0,0,0,0,0,0,0,215,238,215,215,238,215
93209a3d,c96c018a,904.740298483435,904.779973087227,156.542222186821,158.52933240648133,156.3739393714606,18012.0,18477.0,6299,7616,3003235.27,1109703.9,3002330.58,1109694.36,5942.395111080975,7240.460835996604,1603,6299,1443,7678,3005637.06,1104268.51,3003235.27,1109703.9,3002283.37,1116872.69,3002331.63,1109632.39,0,0,0,0,0,0,0,0,0,0,0,0,218,490,218,218,490,218
877ed19c,9df1b1f9,908.9938616404676,908.9938616404676,155.666682298008,155.16822607590126,149.57333051919426,16618.0,18085.0,5630,6443,3012339.55,1110299.2,3013241.09,1110183.03,5040.269735887232,5922.3202245827615,1923,5630,1743,6443,3012065.98,1115332.04,3012339.55,1110299.2,3015970.64,1104927.23,3013241.09,1110183.03,0,0,0,0,0,0,0,0,0,0,0,0,322,140,140,322,140,140
4cd1ac61,fd8f77fa,909.4653286410032,909.4653286410032,156.39578399553878,157.84342124409324,161.88860504425736,17713.0,17426.0,6708,6755,3003572.88,1110131.12,3004145.16,1110837.96,6057.052040787078,6158.772157662538,2220,6708,1484,6755,3005776.5,1104489.14,3003572.88,1110131.12,3004389.08,1116991.9,3004145.16,1110837.96,0,0,0,0,0,0,0,0,0,0,0,0,159,115,115,159,115,115
861e71df,c908edd0,909.5035747593776,909.5841914299996,174.5916491595777,173.95716467368516,177.89696534401537,11527.0,11155.0,754,110,3007348.56,1116456.05,3008256.87,1116502.63,5762.5805064224905,6448.813408721009,1584,6283,1458,6750,3007309.18,1116754.23,3006738.67,1111019.96,3008260.02,1116493.85,3008290.79,1122942.59,0,0,0,0,0,0,0,0,0,0,0,0,1102,840,840,1102,840,840
4cd1ac61,c1d046f4,910.725620370738,910.7323420741512,158.7266628710437,158.70349482385927,162.42224533174664,17713.0,17815.0,6708,6754,3003572.88,1110131.12,3002662.58,1110103.28,6057.052040787078,6698.863805094217,2220,6708,1404,6916,3005776.5,1104489.14,3003572.88,1110131.12,3002662.01,1116640.31,3002669.15,1109941.45,0,0,0,0,0,0,0,0,0,0,0,0,275,602,275,275,602,275
861e71df,c2717d4f,912.0103741184732,912.1189910313956,177.91839913420318,177.51869302113278,179.84278257655498,16558.0,12645.0,5785,1803,3006745.04,1111517.08,3005834.45,1111567.96,5762.5805064224905,6056.582165958083,1584,6283,1961,6681,3007309.18,1116754.23,3006738.67,1111019.96,3005777.26,1110384.44,3006157.57,1116429.07,0,0,0,0,0,0,0,0,0,0,0,0,1714,2222,1714,1714,2222,1714
99529c45,dafc88c3,915.3702879712984,915.4380558511592,179.0433970236003,179.69788907902975,179.92244315218989,12021.0,10840.0,1568,92,2897683.26,1023943.62,2898387.47,1024528.42,7080.573378025215,6941.638524217601,1751,7590,1615,7186,2898356.66,1023115.63,2893691.7,1028442.23,2898374.34,1024545.48,2903034.31,1019400.48,0,0,0,0,0,0,0,0,0,0,0,0,1990,1479,1479,1990,1479,1479
a4cdbb0f,eac10e86,915.5097596420914,915.5097596420914,178.3838745101098,178.35082102397047,129.02920876444244,10509.0,10521.0,0,0,2889916.52,1026393.02,2889314.12,1025703.62,6514.43731545563,7205.0677911660205,1555,6758,1434,7500,2889916.52,1026393.02,2885248.13,1030936.59,2889314.12,1025703.62,2894333.65,1020534.74,0,0,0,0,0,0,0,0,0,0,0,0,504,285,285,504,285,285
9a8ae0d6,c6797dd7,916.639085573104,916.6416366283214,175.0250643668212,174.94999087267934,130.1746044241933,18199.0,11017.0,6653,0,3007761.0,1103909.86,3008578.74,1104324.02,7414.709100355759,5543.59134991024,1541,7834,1617,6280,3010565.05,1098341.73,3007235.75,1104966.96,3008578.74,1104324.02,3011488.06,1099605.2,0,0,0,0,0,0,0,0,0,0,0,0,1610,1915,1610,1610,1915,1610
4f4ac5ce,d24ff243,916.7611005054108,916.7854702163112,178.56561287930865,178.17251059147998,179.88198029970678,11152.0,11545.0,580,896,2899402.1,1024684.04,2900105.83,1025271.59,6514.894941785109,6754.3916253427005,1737,6898,1475,7115,2899543.05,1024492.23,2895265.97,1029406.54,2899718.79,1025651.9,2904279.25,1020669.53,0,0,0,0,0,0,0,0,0,0,0,0,1495,1498,1495,1495,1498,1495
bd6f0e19,d1ecf309,917.4436058963772,917.5982497805472,178.71034566716193,179.41433339539398,179.2008725083921,11647.0,11221.0,1052,791,3005879.74,1122723.98,3004968.16,1122827.54,6455.528022539988,7196.448628490451,1839,6978,1696,7863,3005988.13,1123257.02,3005655.06,1116810.09,3004882.5,1122664.69,3005091.95,1129858.09,0,0,0,0,0,0,0,0,0,0,0,0,900,1244,900,900,1244,900
16e4a047,44441e54,917.4988362388982,917.504478517525,154.4337758987623,154.71520252979528,151.93842867723876,17003.0,17237.0,5647,5567,3010869.83,1104796.83,3011706.44,1105173.51,5192.773781727733,5374.505238670778,1553,5683,1211,5567,3012880.98,1100048.37,3010854.87,1104829.56,3011950.3,1110542.48,3011706.44,1105173.51,0,0,0,0,0,0,0,0,0,0,0,0,396,164,164,396,164,164
310c71a5,e6c55748,917.9971832745146,918.0099986929464,178.5712812059835,177.7529356677049,130.15424658609257,10515.0,13258.0,0,2652,2907298.67,1032190.03,2907993.13,1032790.4,6497.176126595119,5487.810282735605,1743,6987,1487,5958,2907298.67,1032190.03,2903040.49,1037097.29,2906522.52,1034406.19,2910221.4,1030352.26,0,0,0,0,0,0,0,0,0,0,0,0,3043,3021,3021,3043,3021,3021
bd6f0e19,fd3b4faa,918.47153015217,918.4930324179252,178.18223217424793,178.61362823977444,169.39791053204516,10798.0,12070.0,203,1569,3005988.31,1123249.76,3006906.6,1123231.5,6455.528022539988,6389.103942807483,1839,6978,1934,6955,3005988.13,1123257.02,3005655.06,1116810.09,3006861.76,1122221.08,3006988.84,1128608.92,0,0,0,0,0,0,0,0,0,0,0,0,1150,1404,1150,856,790,790
4654e7de,8bb9c1e6,919.5823926652824,919.5823926652824,178.01214150476036,177.8199000696722,144.06132979041593,10732.0,11794.0,0,1275,2906951.58,1032888.3,2906272.33,1032268.42,6642.247508456801,5877.506581978289,1637,7009,1836,6381,2906951.58,1032888.3,2911431.08,1027983.86,2906762.86,1031663.8,2902952.02,1036138.46,0,0,0,0,0,0,0,0,0,0,0,0,1441,1663,1441,1441,1663,1441
4b462989,93f5d2e6,923.2939372704068,923.3173093794456,178.30530501104516,178.65019725218752,178.59582235469608,10447.0,10632.0,95,49,2928840.81,1055855.3,2928213.92,1055177.45,4328.779266178966,4856.322616795864,1632,4737,1480,5170,2928846.44,1055851.94,2925934.36,1059054.77,2928211.63,1055179.12,2931370.91,1051490.92,0,0,0,0,0,0,0,0,0,0,0,0,670,562,562,670,562,562
2ee0235b,be83e781,924.0641517233408,924.0991801751876,176.73981704279382,177.86418252762553,163.35840078848875,11549.0,10812.0,908,0,2903303.21,1026475.04,2904004.6,1027076.66,6792.672917269032,4450.330394139369,1700,7255,1555,4775,2903580.22,1026115.63,2899201.99,1031309.04,2904004.6,1027076.66,2907061.93,1023842.75,0,0,0,0,0,0,0,0,0,0,0,0,1325,799,799,1325,799,799
7cbbd047,f074d277,924.372608042908,924.372608042908,176.70178379636369,176.63874312923969,175.45030946439832,17975.0,15816.0,6789,3867,3019139.04,1109248.52,3019939.77,1108786.68,6276.279671150615,3549.2088616195874,1669,6789,1415,3867,3015129.85,1114077.4,3019139.04,1109248.52,3022360.3,1106190.93,3019939.77,1108786.68,0,0,0,0,0,0,0,0,0,0,0,0,82,80,80,82,80,80
796dbd4c,cb879f40,926.5879845969632,926.610840644532,178.4911669206377,178.0614914111861,179.59208588075597,17080.0,12649.0,7025,2031,2994352.85,1115629.39,2995212.51,1115975.15,7450.274595369134,7603.243900507182,1821,8068,1589,7903,2991901.69,1121551.31,2994761.79,1114671.89,2995922.42,1114384.03,2993189.47,1121479.12,0,0,0,0,0,0,0,0,0,0,0,0,3413,3684,3413,3413,3684,3413
512943b2,d50c649a,926.6791555331667,926.6791555331667,156.58807004921073,157.83112916920115,162.37293685463032,17466.0,17922.0,6680,6547,3004501.27,1110949.95,3003950.74,1110204.53,6145.922783927544,6123.165558075269,1652,6680,1675,6547,3004782.61,1117089.43,3004501.27,1110949.95,3006123.94,1104479.99,3003950.74,1110204.53,0,0,0,0,0,0,0,0,0,0,0,0,90,119,90,90,119,90
00bbac68,c2c6fc71,929.2782283575468,929.3234615568156,179.91753165602782,178.43974523069895,179.98636667534225,19027.0,13654.0,7449,2270,3005868.78,1089446.93,3005234.22,1088768.04,7062.501609727435,8369.117184625973,1545,7558,1721,8839,3010760.08,1084504.51,3005789.15,1089521.36,3003952.04,1090038.77,3009851.18,1084102.25,0,0,0,0,0,0,0,0,0,0,0,0,3089,3358,3089,1595,1674,1595
460f859e,8255c867,934.6870549011344,934.758087742288,179.609057783221,179.9014905329826,179.9395976963084,13630.0,12733.0,3170,2337,2914834.96,1039944.56,2915562.05,1040531.91,4478.858353308407,4819.715449194016,1646,4981,1749,5337,2913099.09,1041972.81,2915980.42,1038543.8,2916734.34,1039133.61,2913658.98,1042844.65,0,0,0,0,0,0,0,0,0,0,0,0,4982,5156,4982,4982,5156,4982
e5c92e59,fa31da94,934.7761795206628,934.7761795206628,176.97370409597374,176.77833543588753,171.5333965191839,17842.0,17808.0,5926,6680,3018019.82,1108981.55,3017189.49,1109410.92,5544.790009414289,6087.7539746612,1632,5926,1654,6680,3021680.69,1104817.09,3018019.82,1108981.55,3013417.13,1114189.0,3017189.49,1109410.92,0,0,0,0,0,0,0,0,0,0,0,0,69,73,69,69,73,69
e2fc7745,fa31da94,937.6640879332429,937.7245508142604,153.24928725820288,153.00285237962345,127.2925289151806,11010.0,12338.0,0,1210,3014484.57,1114336.85,3013802.6,1113693.32,4753.362250838834,6087.7539746612,1651,5342,1654,6680,3014484.57,1114336.85,3013533.58,1118994.11,3013417.13,1114189.0,3017189.49,1109410.92,0,0,0,0,0,0,0,0,0,0,0,0,612,684,612,612,684,612
20402d71,df71d1ff,938.3701518058156,938.4754426727573,178.70710444267348,178.8887173683931,179.54237635181613,10721.0,11343.0,362,950,2885435.93,1021156.91,2884747.2,1020519.58,7457.251919909747,7432.332505425212,1558,7929,1651,7878,2885490.98,1021152.32,2880464.49,1026660.95,2884372.11,1020876.21,2889256.65,1015274.35,0,0,0,0,0,0,0,0,0,0,0,0,1260,1249,1249,1260,1249,1249
30d75030,6ea22614,938.9350604277166,938.9478209676917,160.29957496849448,160.7047807512356,155.54102206140058,15586.0,13048.0,5008,3095,2991714.42,1118597.6,2992555.68,1119014.59,4744.255146395622,7229.0973027064065,1605,5008,1923,7893,2992012.21,1113862.7,2991714.42,1118597.6,2991586.52,1121251.89,2994445.86,1114612.31,0,0,0,0,0,0,0,0,0,0,0,0,151,740,151,151,740,151
6dbe4b60,c2717d4f,940.9951094985162,941.0360062186896,179.25143805294684,178.65534745754962,179.93736736030297,17131.0,12281.0,6342,1439,3004871.39,1111256.85,3005810.95,1111204.9,6137.639849094888,6056.582165958083,2025,6672,1961,6681,3005151.23,1117057.91,3004845.89,1110927.87,3005777.26,1110384.44,3006157.57,1116429.07,0,0,0,0,0,0,0,0,0,0,0,0,2157,2541,2157,1341,1697,1341
796dbd4c,8478df29,943.1115493404624,943.1224769878507,176.71763059443762,176.63731361442916,179.31783311918733,10809.0,10761.0,754,600,2992002.66,1121391.76,2992878.55,1121741.44,7450.274595369134,6120.600535249753,1821,8068,1841,6697,2991901.69,1121551.31,2994761.79,1114671.89,2992926.83,1121638.28,2990904.63,1127415.17,0,0,0,0,0,0,0,0,0,0,0,0,1205,1009,1009,1205,1009,1009
4936af16,f16e25e3,943.6211994225688,943.637701928117,178.1890184482973,178.31198210695464,179.9465681017465,10540.0,10680.0,130,522,2990828.92,1120169.84,2989885.6,1120146.0,5201.742990008285,6029.380352581852,1568,5558,1934,6584,2990829.81,1120179.45,2991103.46,1114984.91,2989887.41,1120072.22,2989380.1,1126080.22,0,0,0,0,0,0,0,0,0,0,0,0,823,891,823,823,891,823
1131525f,fb3848a1,945.3262637841124,945.3462003942878,178.07055014852477,177.77594889138643,120.45147151868396,10731.0,10387.0,15,0,2901513.92,1026300.19,2900771.07,1025715.54,5248.376662711882,7285.115310254045,1389,5547,1940,7858,2901513.56,1026300.68,2905062.8,1022434.37,2900771.07,1025715.54,2896027.96,1031245.08,0,0,0,0,0,0,0,0,0,0,0,0,502,778,502,502,778,502
1a730ac2,8d92cb49,946.2782764600792,946.3089614918296,176.11730053482287,176.56758309540902,179.80928694744398,16685.0,11909.0,5430,625,2991205.93,1090323.51,2990347.75,1089924.8,5863.186025984523,4612.258162982885,1444,6048,1250,4838,2989303.18,1095213.07,2991464.9,1089762.94,2990521.22,1089552.76,2988534.3,1093715.1,0,0,0,0,0,0,0,0,0,0,0,0,953,969,953,953,969,953
811f52b3,d6c320d9,948.8884411771946,948.9136412234536,177.90507893194558,178.11794848736375,178.72618484059606,11745.0,10863.0,1297,82,2906508.22,1032479.77,2907216.25,1033111.5,6104.991928258353,6603.282836233758,1838,6673,1494,6945,2906987.63,1031921.75,2903018.88,1036560.71,2907215.88,1033113.57,2911689.11,1028256.25,0,0,0,0,0,0,0,0,0,0,0,0,1632,1251,1251,1632,1251,1251
1285a37b,73b1447d,949.2739798395028,949.2739798395028,167.89731660995315,166.17395423356493,166.84215184624048,19408.0,18987.0,7402,7521,3013034.56,1086497.92,3012088.38,1086574.5,6889.553826083416,6785.102453913226,1806,7402,1852,7521,3016347.95,1080457.44,3013034.56,1086497.92,3007650.48,1091707.01,3012088.38,1086574.5,0,0,0,0,0,0,0,0,0,0,0,0,90,70,70,90,70,70
56b00794,b4d8dd4f,949.4497914581792,949.4534325073056,175.45578272125775,174.8915871595971,159.90537080073466,10690.0,10246.0,2,0,2917598.89,1045653.04,2916716.93,1045301.47,7043.967214098775,5354.515239328611,1228,7292,1650,5908,2917598.87,1045653.1,2922689.25,1040784.27,2916716.93,1045301.47,2913152.84,1049297.48,0,0,0,0,0,0,0,0,0,0,0,0,335,583,335,335,583,335
173ed841,3e678ea7,949.4863320766686,949.4863320766686,164.54237512400718,164.77112411525152,161.03080573857255,18735.0,20670.0,6529,8736,3020183.5,1087282.95,3019244.78,1087425.53,6004.193497964483,8265.469793810686,1647,6529,1879,8736,3023696.19,1082413.52,3020183.5,1087282.95,3016370.68,1095175.21,3019244.78,1087425.53,0,0,0,0,0,0,0,0,0,0,0,0,68,98,68,68,98,68
7cd4bb31,d84b621b,949.8102413112634,949.8137137880744,178.93594678343197,179.2761518560034,159.9196069378895,10702.0,14138.0,0,3574,2903308.28,1030619.81,2902563.0,1030031.0,7666.736708541895,5212.810809659228,1520,7958,1752,5745,2903308.28,1030619.81,2908431.83,1024916.47,2904535.56,1027708.05,2901124.54,1031649.92,0,0,0,0,0,0,0,0,0,0,0,0,2392,2451,2392,2392,2451,2392
8a9c8932,af7a59ce,952.3122505248416,952.3122505248416,179.58189935999468,178.54420488080444,177.2132442721647,10717.0,10896.0,0,0,2902061.81,1025981.51,2902974.38,1026253.75,6085.16467256228,4030.0721837830433,1681,6343,1306,4329,2902061.81,1025981.51,2898030.1,1030539.42,2902974.38,1026253.75,2905666.45,1023254.71,0,0,0,0,0,0,0,0,0,0,0,0,231,345,231,231,345,231
861e71df,992c99e8,957.4080691639176,957.4240402771984,175.78948561601769,174.92697843491965,163.38075019850683,10776.0,11706.0,3,931,3007309.17,1116754.2,3006353.07,1116804.23,5762.5805064224905,6198.683409571652,1584,6283,1836,6739,3007309.18,1116754.23,3006738.67,1111019.96,3006331.09,1116403.61,3006490.24,1122600.25,0,0,0,0,0,0,0,0,0,0,0,0,666,716,666,666,716,666
460f859e,95c8427f,958.46737930933,958.498065516921,179.8256703556999,179.7295466004754,179.7310728804868,10827.0,14970.0,367,4560,2913112.74,1041953.75,2912370.7,1041347.09,4478.858353308407,7520.341142029421,1646,4981,1716,8050,2913099.09,1041972.81,2915980.42,1038543.8,2914922.43,1038222.06,2910102.0,1043994.32,0,0,0,0,0,0,0,0,0,0,0,0,2734,2514,2514,1379,1340,1340
2d35f86d,c2c4db09,958.933353940796,958.933353940796,178.6658249820046,178.58302622529197,176.30491682599012,17786.0,18445.0,6627,7850,2999153.43,1108224.45,2998194.85,1108198.42,6226.510667918185,7458.938708858213,1732,6627,1812,7850,3001504.67,1102458.94,2999153.43,1108224.45,2995539.8,1115168.82,2998194.85,1108198.42,0,0,0,0,0,0,0,0,0,0,0,0,101,115,101,101,115,101
44441e54,84815d5a,959.4800792615544,959.4800792615544,155.86405907482307,156.4795382573896,155.15547075013592,17237.0,16647.0,5567,5285,3011706.44,1105173.51,3012573.8,1104763.28,5374.505238670778,4804.549146319819,1211,5567,1639,5285,3011950.3,1110542.48,3011706.44,1105173.51,3014337.43,1100294.13,3012573.8,1104763.28,0,0,0,0,0,0,0,0,0,0,0,0,99,56,56,99,56,56
5b7b6324,96ae5806,959.4819861260896,959.5137872901882,179.7120127117649,179.7262277243367,179.99573698566778,14394.0,19360.0,2371,7922,2995338.14,1065756.51,2994420.13,1065477.47,7971.965783926898,10953.102787269809,1633,8196,1688,11526,2996115.52,1063747.16,2993251.57,1071186.92,2991749.47,1072329.33,2995735.73,1062127.36,0,0,0,0,0,0,0,0,0,0,0,0,5978,6028,5978,3406,3421,3406
bd6f0e19,eb06a4e7,960.705289357784,960.705289357784,177.45491010383213,176.55018758025187,160.3460150992704,17573.0,17406.0,6978,6378,3005655.06,1116810.09,3006508.83,1116369.6,6455.528022539988,5825.002030832418,1839,6978,1844,6378,3005988.13,1123257.02,3005655.06,1116810.09,3005950.27,1110571.44,3006508.83,1116369.6,0,0,0,0,0,0,0,0,0,0,0,0,92,208,92,92,208,92
3f603129,4ddde4c1,962.2132927788437,962.2344260108264,178.6524522744252,179.80520757705557,172.4986935587069,16921.0,11859.0,6598,1694,3006354.92,1130105.94,3007296.6,1130303.66,6254.308792968202,5798.0203251196335,1548,6598,1945,6416,3005053.79,1136223.41,3006354.92,1130105.94,3007535.81,1129249.06,3006196.57,1134890.29,0,0,0,0,0,0,0,0,0,0,0,0,338,691,338,338,691,338
1944513c,512943b2,964.0561851884346,964.062315932014,179.6422937581495,178.58375075171472,174.7171869534541,11859.0,17466.0,999,6680,3005462.06,1110870.66,3004501.27,1110949.95,5965.504662918459,6145.922783927544,1877,6598,1652,6680,3005424.58,1110489.44,3005734.86,1116446.87,3004782.61,1117089.43,3004501.27,1110949.95,0,0,0,0,0,0,0,0,0,0,0,0,3362,2969,2969,2756,2309,2309
357c12f9,efe96181,966.4243395113,966.4243395113,175.02939448288635,174.59187816636648,131.5560007213809,10137.0,12197.0,0,2100,2940925.86,1064281.12,2940234.68,1063605.66,5200.176757091698,4882.666518010416,1691,5769,1452,5463,2940925.86,1064281.12,2937744.89,1068394.91,2939206.29,1064731.24,2942516.48,1061141.94,0,0,0,0,0,0,0,0,0,0,0,0,756,477,477,756,477,477
0a57a29c,87aa3730,967.1895609962831,967.200245089054,178.79460167685826,178.86890405547996,141.68516204704778,10712.0,10773.0,0,94,2903864.38,1030782.87,2904794.0,1031049.82,6902.938720407331,6897.593328842994,1373,7193,1686,7292,2903864.38,1030782.87,2899359.54,1036013.26,2904795.43,1031050.31,2909405.73,1025919.82,0,0,0,0,0,0,0,0,0,0,0,0,308,370,308,308,370,308
173ed841,c07fd0cd,968.7944930685004,968.799750258058,177.79944047176568,178.0073717445903,24.41956585241693,18008.0,11703.0,5802,0,3020624.31,1086705.92,3021391.98,1087296.89,6004.193497964483,5513.256451979868,1647,6529,1844,6034,3023696.19,1082413.52,3020183.5,1087282.95,3021391.98,1087296.89,3024786.76,1082952.76,0,0,0,0,0,0,0,0,0,0,0,0,921,1203,921,921,1203,921
1590af81,e0f36d98,974.4840064362584,974.4840064362584,174.22987218234607,175.0682703651913,174.89948689986963,16549.0,17490.0,5230,6713,2989276.03,1094703.45,2990055.55,1095288.23,5014.349640661257,6335.086364723105,1432,5230,1738,6713,2991057.51,1090016.23,2989276.03,1094703.45,2988411.61,1101406.3,2990055.55,1095288.23,0,0,0,0,0,0,0,0,0,0,0,0,76,61,61,76,61,61
a3f71395,eeda36f5,975.7888452428218,975.8383621277686,165.6368447424691,165.8160405402894,169.5610268486686,13610.0,12397.0,1263,0,2947131.49,1015551.4,2946315.02,1015017.04,6790.487189370295,5876.482121584329,1497,7039,1401,6197,2947635.85,1014655.5,2944401.82,1020626.41,2946315.02,1015017.04,2947744.45,1009317.06,0,0,0,0,0,0,0,0,0,0,0,0,508,372,372,508,372,372
368131f9,b977be4a,976.2326006131848,976.2326006131848,179.89787174343866,179.7813325086799,174.56096146000317,17978.0,18212.0,6567,7494,2997074.55,1107371.67,2997850.03,1107964.68,6263.814193875855,7132.760702483987,1577,6567,1578,7494,2999315.4,1101522.4,2997074.55,1107371.67,2995286.45,1114620.83,2997850.03,1107964.68,0,0,0,0,0,0,0,0,0,0,0,0,88,69,69,88,69,69
4936af16,b32902c0,977.4801205650208,977.565201150334,179.81039759571055,179.6799730496219,179.8574112808215,11354.0,15505.0,944,5185,2990822.17,1119585.24,2989850.02,1119483.3,5201.742990008285,5194.085009864558,1568,5558,1929,5736,2990829.81,1120179.45,2991103.46,1114984.91,2990080.74,1114845.0,2989790.33,1120030.96,0,0,0,0,0,0,0,0,0,0,0,0,1364,1441,1364,830,892,830
85380836,c6c96179,977.85661975559,977.901058032164,177.655209323172,178.39497364118614,45.95358220107695,12024.0,10214.0,1489,0,2907887.2,1038437.99,2908628.58,1039075.61,7733.241335856539,5219.747663488987,1557,8174,1809,5812,2908570.58,1037635.38,2903524.23,1043495.19,2908628.58,1039075.61,2912193.71,1035263.05,0,0,0,0,0,0,0,0,0,0,0,0,561,872,561,561,872,561
2d2d0c6b,a85bb86f,978.2449754535684,978.281379767566,173.4445848983706,173.4718518947063,162.0986857357547,10877.0,10113.0,569,0,2918923.32,1046235.33,2919544.44,1046991.09,6385.410949476959,4475.323766902254,1922,6966,2001,5099,2918852.77,1046293.32,2923656.06,1042085.96,2919544.44,1046991.09,2916536.63,1050304.94,0,0,0,0,0,0,0,0,0,0,0,0,786,695,695,786,695,695
6d590e26,eb640a35,978.6580371608673,978.6673104278184,178.0663091196519,178.1867027213822,173.42133053142427,11239.0,17914.0,778,7781,2996052.55,1114965.24,2995097.31,1114752.43,7287.857176495562,7306.408691169848,1746,7841,1745,7781,2996118.79,1114709.61,2993783.44,1121613.16,2992523.81,1121590.61,2995097.31,1114752.43,0,0,0,0,0,0,0,0,0,0,0,0,658,273,273,658,273,273
58850d2c,8c8348e8,979.2529240700763,979.2535745656554,176.10698213295598,178.59749409697395,179.71519678640945,14172.0,17542.0,2299,5580,3026472.11,1095015.99,3025497.73,1094918.42,6375.333282990024,5184.508370299104,1923,6917,1693,5580,3026353.98,1093245.4,3026094.24,1099615.44,3024935.29,1100072.33,3025497.73,1094918.42,0,0,0,0,0,0,0,0,0,0,0,0,1737,1530,1530,1737,1530,1530
0dd99dc5,a48640d9,980.992990087112,980.9959381161514,171.60610685265002,172.17048473186773,170.2272862352714,11875.0,12218.0,0,401,3008856.68,1074084.5,3008177.43,1073376.71,8645.972724598521,6136.5215872591525,1840,9181,2054,6585,3008856.68,1074084.5,3004595.84,1081607.67,3008077.79,1073442.93,3011849.01,1068601.98,0,0,0,0,0,0,0,0,0,0,0,0,463,576,463,463,576,463
a0b83014,fd3b4faa,981.0942788540124,981.136438422284,179.73071003899128,179.58357731770613,179.8547331484298,11798.0,11441.0,1202,940,3007878.1,1122602.51,3006897.06,1122612.83,6265.824495611256,6389.103942807483,1838,6872,1934,6955,3007914.8,1123205.58,3007760.73,1116941.65,3006861.76,1122221.08,3006988.84,1128608.92,0,0,0,0,0,0,0,0,0,0,0,0,1154,969,969,1154,969,969
2075c696,310c71a5,981.5589492743374,981.6101965651818,163.4656904266077,164.38821670366457,169.13338182303875,14866.0,17502.0,5133,6987,2902151.96,1036680.19,2903040.49,1037097.29,4770.253092866386,6497.176126595119,2392,5579,1743,6987,2900375.11,1040623.18,2902346.85,1036279.5,2907298.67,1032190.03,2903040.49,1037097.29,0,0,0,0,0,0,0,0,0,0,0,0,362,94,94,362,94,94
2e43c2ea,7acda2df,982.7130613765618,982.785889041926,177.93324173656333,179.13832996363263,137.11006654088632,11975.0,10650.0,1537,0,2916315.45,1044294.57,2915565.12,1043659.96,6797.516712925476,4229.725757469197,1651,7348,1461,4551,2916948.48,1043528.2,2912606.04,1048757.87,2915565.12,1043659.96,2918148.07,1040310.49,0,0,0,0,0,0,0,0,0,0,0,0,374,155,155,374,155,155
1e30dedf,76201745,984.5385125022708,984.5385125022708,153.8156067364714,152.32155988467213,151.1353770172675,10325.0,10165.0,0,0,2997516.11,1127688.92,2998491.96,1127558.41,5368.016315027349,5546.518833015934,1403,5473,1410,5857,2997516.11,1127688.92,2993563.11,1131320.64,2998491.96,1127558.41,3000501.43,1122388.7,0,0,0,0,0,0,0,0,0,0,0,0,30,158,30,30,158,30
2ac7cb6b,367456ce,985.4914234532534,985.4914234532534,178.5152707642474,178.3908390877636,126.54933304610724,10424.0,10301.0,0,0,2993987.4,1121640.59,2994968.11,1121737.55,6189.236512607947,6805.733252310218,1461,6450,1743,7311,2993987.4,1121640.59,2992034.11,1127513.52,2994968.11,1121737.55,2997282.57,1115337.45,0,0,0,0,0,0,0,0,0,0,0,0,159,494,159,159,494,159
5138a660,84815d5a,987.6239213388168,987.6239213388168,168.08013993703705,168.18329981077574,172.90172986912685,16511.0,16647.0,4828,5285,3013461.2,1105196.78,3012573.8,1104763.28,4671.652293279144,4804.549146319819,1270,4828,1639,5285,3012680.87,1109802.8,3013461.2,1105196.78,3014337.43,1100294.13,3012573.8,1104763.28,0,0,0,0,0,0,0,0,0,0,0,0,53,91,53,53,91,53
4caa7289,4f4afcc6,989.4423390979476,989.4450711887056,178.4922420302448,178.796652266018,178.26885426423644,10726.0,10665.0,5,0,2904113.99,1031006.28,2905065.79,1031276.6,6545.943853906805,6857.580302716064,1458,6853,1539,7183,2904113.99,1031006.27,2899848.2,1035971.39,2905065.79,1031276.6,2909669.98,1026194.49,0,0,0,0,0,0,0,0,0,0,0,0,179,175,175,179,175,175
4630ab92,5cb483ac,990.2620605173328,990.2620605173328,156.70366580824887,156.18459358022295,158.70523017152772,16657.0,16775.0,5306,5205,3012797.22,1104767.78,3011891.49,1105168.12,4720.30791167261,4919.682249139511,1934,5306,1354,5205,3014485.69,1100359.79,3012797.22,1104767.78,3012092.11,1110083.71,3011891.49,1105168.12,0,0,0,0,0,0,0,0,0,0,0,0,14,24,14,14,24,14
1aaf1da0,ea41324e,990.7684833504136,990.8166040695722,159.99977634947595,160.21448378023686,162.90479703708178,17690.0,17622.0,6320,6816,3004739.06,1110654.64,3003748.3,1110650.54,5835.320754414367,6421.78574868389,1517,6320,1814,6838,3006646.69,1105139.94,3004739.06,1110654.64,3003851.34,1117049.51,3003748.36,1110628.55,0,0,0,0,0,0,0,0,0,0,0,0,32,162,32,32,162,32
d1ecf309,f72b268f,990.8200265436444,990.8200265436444,179.95780709884474,179.0409614068214,174.46158861370512,18293.0,16989.0,7863,6850,3005091.95,1129858.09,3004102.72,1129914.2,7196.448628490451,7444.516178134107,1696,7863,1514,7917,3004882.5,1122664.69,3005091.95,1129858.09,3004259.22,1136290.57,3004048.03,1128849.05,0,0,0,0,0,0,0,0,0,0,0,0,99,297,99,99,297,99
3aaa2b30,d0a0e7b5,993.126770659014,993.16302166383,172.54946155737326,175.42018895584405,177.13101836571204,10439.0,15978.0,20,5332,2991484.36,1120061.87,2990497.85,1119947.42,6029.194102672382,5139.048762893827,1685,6395,1607,5422,2991484.34,1120062.5,2992608.53,1114139.04,2990783.75,1114906.27,2990488.32,1120036.82,0,0,0,0,0,0,0,0,0,0,0,0,194,216,194,194,216,194
7cbbd047,e5c92e59,994.199399114858,994.216882978816,178.38336599206178,178.09095328917428,175.82571448911972,17975.0,17298.0,6789,5382,3019139.04,1109248.52,3018395.3,1108588.76,6276.279671150615,5544.790009414289,1669,6789,1632,5926,3015129.85,1114077.4,3019139.04,1109248.52,3021680.69,1104817.09,3018019.82,1108981.55,0,0,0,0,0,0,0,0,0,0,0,0,95,239,95,95,239,95
25050f63,3ac16ad0,995.0480463777373,995.0480463777373,178.1681905932333,178.81512117288935,115.48862125946678,10268.0,10152.0,0,0,2889117.77,1025198.87,2888537.38,1024390.62,6822.657276787518,6825.571503236877,1031,7154,1763,7411,2889117.77,1025198.87,2884459.11,1030183.4,2888537.38,1024390.62,2893355.05,1019555.49,0,0,0,0,0,0,0,0,0,0,0,0,25,124,25,25,124,25
65156b96,f439a621,996.1055149934876,996.1293635367484,178.1782818737486,179.73269785803083,168.42626367603162,15096.0,10530.0,5045,138,2927659.3,1054963.37,2928479.99,1055527.9,4498.479288292521,4255.696921410205,1825,5045,1874,4694,2924648.14,1058305.41,2927659.3,1054963.37,2928485.46,1055520.11,2925738.76,1058770.74,0,0,0,0,0,0,0,0,0,0,0,0,28,253,28,28,253,28
739a914f,e730c32b,998.020256557689,998.118929837834,178.0672003470188,179.82011690307482,179.6614543309564,14860.0,14779.0,4188,3665,3008928.04,1113849.03,3009923.26,1113774.32,6628.683788822584,5907.089995699971,1814,7318,1741,6468,3009261.66,1117336.97,3008766.85,1110726.78,3009827.83,1110667.1,3010069.85,1116569.23,0,0,0,0,0,0,0,0,0,0,0,0,147,130,130,147,130,130
2bff06cf,65156b96,999.5125504964604,999.5615811443934,179.97235111239164,179.7372001714693,179.85496783531707,12676.0,10926.0,2590,875,2924133.89,1057351.52,2924867.54,1058030.33,8629.457003688058,4498.479288292521,1550,9173,1825,5045,2925488.57,1055780.42,2919715.34,1062194.26,2924648.14,1058305.41,2927659.3,1054963.37,0,0,0,0,0,0,0,0,0,0,0,0,87,104,87,87,104,87
86454a6f,b0f53bf4,999.8125996906174,999.8125996906174,159.09817376064882,159.32501922620807,154.74126942921882,11965.0,11663.0,0,0,3000944.96,1090238.61,2999945.15,1090240.89,9037.880584877155,4056.234603471634,1136,9099,1447,4201,3000944.96,1090238.61,3004461.28,1081912.82,2999945.15,1090240.89,2997137.75,1093168.61,0,0,0,0,0,0,0,0,0,0,0,0,1,1,1,1,1,1
