label,split,well_id,kind,view,path,n_rows,n_valid_points,grid_valid_points,tvt_min,tvt_max,gr_mean,gr_std
horizontal:train:000d7d20:prefix,train,000d7d20,horizontal,prefix,data/raw/train/000d7d20__horizontal_well.csv,1000,1000,632,11236.02,11756.12,87.41651479753531,22.006097467781892
horizontal:train:000d7d20:hidden,train,000d7d20,horizontal,hidden,data/raw/train/000d7d20__horizontal_well.csv,2020,2020,31,11734.83,11750.03,97.91243002801158,15.568258958481826
horizontal:train:000d7d20:full,train,000d7d20,horizontal,full,data/raw/train/000d7d20__horizontal_well.csv,3020,3020,632,11236.02,11756.12,94.43696140864859,18.624408306602135
horizontal:train:00bbac68:prefix,train,00bbac68,horizontal,prefix,data/raw/train/00bbac68__horizontal_well.csv,1435,1435,940,11406.63,12225.05,88.92525381605661,21.608172049845837
horizontal:train:00bbac68:hidden,train,00bbac68,horizontal,hidden,data/raw/train/00bbac68__horizontal_well.csv,5182,5182,101,12189.83,12240.01,88.06952898382865,15.696599159265118
horizontal:train:00bbac68:full,train,00bbac68,horizontal,full,data/raw/train/00bbac68__horizontal_well.csv,6617,6617,972,11406.63,12240.01,88.25510630500851,17.15613428634214
horizontal:train:00e12e8b:prefix,train,00e12e8b,horizontal,prefix,data/raw/train/00e12e8b__horizontal_well.csv,1917,1917,1198,10607.53,11604.820000000002,85.00317933222502,41.06545996909524
horizontal:train:00e12e8b:hidden,train,00e12e8b,horizontal,hidden,data/raw/train/00e12e8b__horizontal_well.csv,3883,3883,60,11587.05,11616.64,38.159914210877226,10.019284590482702
horizontal:train:00e12e8b:full,train,00e12e8b,horizontal,full,data/raw/train/00e12e8b__horizontal_well.csv,5800,5800,1221,10607.53,11616.64,53.64242097598476,33.31853709967687
horizontal:train:015fe0d2:prefix,train,015fe0d2,horizontal,prefix,data/raw/train/015fe0d2__horizontal_well.csv,1517,1517,671,11747.26,12241.19,75.0114769039649,21.37654124156301
horizontal:train:015fe0d2:hidden,train,015fe0d2,horizontal,hidden,data/raw/train/015fe0d2__horizontal_well.csv,2920,2920,78,12232.92,12271.53,94.68280935673957,15.388994553391022
horizontal:train:015fe0d2:full,train,015fe0d2,horizontal,full,data/raw/train/015fe0d2__horizontal_well.csv,4437,4437,732,11747.26,12271.53,87.95722645593742,19.978804630590915
horizontal:train:01869cd4:prefix,train,01869cd4,horizontal,prefix,data/raw/train/01869cd4__horizontal_well.csv,866,866,470,11358.27,11745.94,85.2014642417768,24.955958069472597
horizontal:train:01869cd4:hidden,train,01869cd4,horizontal,hidden,data/raw/train/01869cd4__horizontal_well.csv,2716,2716,79,11728.75,11767.75,87.52697932586509,19.288905965888393
horizontal:train:01869cd4:full,train,01869cd4,horizontal,full,data/raw/train/01869cd4__horizontal_well.csv,3582,3582,513,11358.27,11767.75,86.9647526193267,20.82481129599514
horizontal:train:01982c1d:prefix,train,01982c1d,horizontal,prefix,data/raw/train/01982c1d__horizontal_well.csv,1423,1423,822,9927.92,10695.87,72.62315487349346,30.09626361326061
horizontal:train:01982c1d:hidden,train,01982c1d,horizontal,hidden,data/raw/train/01982c1d__horizontal_well.csv,3318,3318,37,10682.86,10700.87,47.30778558626893,8.235680890959033
horizontal:train:01982c1d:full,train,01982c1d,horizontal,full,data/raw/train/01982c1d__horizontal_well.csv,4741,4741,832,9927.92,10700.87,54.90613414052341,21.306286743517802
horizontal:train:028d7b28:prefix,train,028d7b28,horizontal,prefix,data/raw/train/028d7b28__horizontal_well.csv,1289,1289,657,11874.64,12427.92,71.53515262003307,27.183633678400653
horizontal:train:028d7b28:hidden,train,028d7b28,horizontal,hidden,data/raw/train/028d7b28__horizontal_well.csv,4781,4781,53,12410.84,12437.08,49.33857393117094,14.738814765926914
horizontal:train:028d7b28:full,train,028d7b28,horizontal,full,data/raw/train/028d7b28__horizontal_well.csv,6070,6070,675,11874.64,12437.08,54.052147230996866,20.259067194384766
horizontal:train:02e7fe5a:prefix,train,02e7fe5a,horizontal,prefix,data/raw/train/02e7fe5a__horizontal_well.csv,1038,1038,771,11359.12,12178.61,77.62649072995245,19.27850056087384
horizontal:train:02e7fe5a:hidden,train,02e7fe5a,horizontal,hidden,data/raw/train/02e7fe5a__horizontal_well.csv,1856,1856,50,12175.21,12199.39,69.90244208045617,9.41356543808101
horizontal:train:02e7fe5a:full,train,02e7fe5a,horizontal,full,data/raw/train/02e7fe5a__horizontal_well.csv,2894,2894,813,11359.12,12199.39,72.67285068383458,14.277940543855204
horizontal:train:0390d174:prefix,train,0390d174,horizontal,prefix,data/raw/train/0390d174__horizontal_well.csv,960,960,458,10114.85,10620.94,51.578960936323625,25.041945907950595
horizontal:train:0390d174:hidden,train,0390d174,horizontal,hidden,data/raw/train/0390d174__horizontal_well.csv,2215,2215,64,10607.69,10639.09,30.903474616589353,7.2111597376410135
horizontal:train:0390d174:full,train,0390d174,horizontal,full,data/raw/train/0390d174__horizontal_well.csv,3175,3175,494,10114.85,10639.09,37.15496024397357,17.778082758385267
horizontal:train:03a935ae:prefix,train,03a935ae,horizontal,prefix,data/raw/train/03a935ae__horizontal_well.csv,1582,1582,788,12192.18,12837.98,87.5662550166189,20.38064406623565
horizontal:train:03a935ae:hidden,train,03a935ae,horizontal,hidden,data/raw/train/03a935ae__horizontal_well.csv,2673,2673,108,12738.58,12792.15,87.26968609805483,16.533454863617965
horizontal:train:03a935ae:full,train,03a935ae,horizontal,full,data/raw/train/03a935ae__horizontal_well.csv,4255,4255,798,12192.18,12837.98,87.37994979468665,18.06036387871498
horizontal:train:044af7d1:prefix,train,044af7d1,horizontal,prefix,data/raw/train/044af7d1__horizontal_well.csv,850,850,613,11314.19,11850.28,96.61695827919247,28.735457531117735
horizontal:train:044af7d1:hidden,train,044af7d1,horizontal,hidden,data/raw/train/044af7d1__horizontal_well.csv,1541,1541,47,11846.83,11870.03,112.1377512715124,16.49831937914337
horizontal:train:044af7d1:full,train,044af7d1,horizontal,full,data/raw/train/044af7d1__horizontal_well.csv,2391,2391,652,11314.19,11870.03,106.62011260841246,22.894733795190213
horizontal:train:0498acab:prefix,train,0498acab,horizontal,prefix,data/raw/train/0498acab__horizontal_well.csv,967,967,651,10650.9,11400.6,84.10404895805316,21.494466394559232
horizontal:train:0498acab:hidden,train,0498acab,horizontal,hidden,data/raw/train/0498acab__horizontal_well.csv,2521,2521,46,11393.86,11416.25,83.96483884352847,9.94387519481393
horizontal:train:0498acab:full,train,0498acab,horizontal,full,data/raw/train/0498acab__horizontal_well.csv,3488,3488,683,10650.9,11416.25,84.00343293204492,14.126490338730655
horizontal:train:052d64df:prefix,train,052d64df,horizontal,prefix,data/raw/train/052d64df__horizontal_well.csv,1654,1654,1000,10522.89,11445.25,87.54696610395953,25.770702291365637
horizontal:train:052d64df:hidden,train,052d64df,horizontal,hidden,data/raw/train/052d64df__horizontal_well.csv,1772,1772,51,11431.5,11456.35,85.33445146448543,12.140704544678956
horizontal:train:052d64df:full,train,052d64df,horizontal,full,data/raw/train/052d64df__horizontal_well.csv,3426,3426,1022,10522.89,11456.35,86.40260651810193,19.952104598276925
horizontal:train:05948241:prefix,train,05948241,horizontal,prefix,data/raw/train/05948241__horizontal_well.csv,898,898,712,10031.47,10838.61,84.11592936286411,23.675439943622496
horizontal:train:05948241:hidden,train,05948241,horizontal,hidden,data/raw/train/05948241__horizontal_well.csv,1557,1557,31,10826.41,10841.42,81.31386692571425,16.354168954406866
horizontal:train:05948241:full,train,05948241,horizontal,full,data/raw/train/05948241__horizontal_well.csv,2455,2455,719,10031.47,10841.42,82.33881685180818,19.403086640872804
horizontal:train:059c8f24:prefix,train,059c8f24,horizontal,prefix,data/raw/train/059c8f24__horizontal_well.csv,1203,1203,789,9583.12,10306.22,80.38303306950097,20.86501280800589
horizontal:train:059c8f24:hidden,train,059c8f24,horizontal,hidden,data/raw/train/059c8f24__horizontal_well.csv,3534,3534,63,10294.81,10326.13,80.11283131412749,11.814392693365452
horizontal:train:059c8f24:full,train,059c8f24,horizontal,full,data/raw/train/059c8f24__horizontal_well.csv,4737,4737,829,9583.12,10326.13,80.18145126593544,14.652871433605165
horizontal:train:05a0ee4d:prefix,train,05a0ee4d,horizontal,prefix,data/raw/train/05a0ee4d__horizontal_well.csv,1358,1358,849,11144.98,11927.35,100.9825044754002,28.691849370328722
horizontal:train:05a0ee4d:hidden,train,05a0ee4d,horizontal,hidden,data/raw/train/05a0ee4d__horizontal_well.csv,2784,2784,83,11887.87,11929.08,101.06595437880011,16.27000388491961
horizontal:train:05a0ee4d:full,train,05a0ee4d,horizontal,full,data/raw/train/05a0ee4d__horizontal_well.csv,4142,4142,860,11144.98,11929.08,101.03859441530011,21.161944818911124
horizontal:train:060ab2b8:prefix,train,060ab2b8,horizontal,prefix,data/raw/train/060ab2b8__horizontal_well.csv,722,722,612,10017.15,10950.59,87.99915260402894,21.991737276566788
horizontal:train:060ab2b8:hidden,train,060ab2b8,horizontal,hidden,data/raw/train/060ab2b8__horizontal_well.csv,2660,2660,55,10943.63,10970.7,83.54674841132764,12.293000932717492
horizontal:train:060ab2b8:full,train,060ab2b8,horizontal,full,data/raw/train/060ab2b8__horizontal_well.csv,3382,3382,652,10017.15,10970.7,84.49726166594928,15.014446054810842
horizontal:train:06df5958:prefix,train,06df5958,horizontal,prefix,data/raw/train/06df5958__horizontal_well.csv,1404,1404,734,10768.09,11338.8,78.34073357267246,20.09697467216553
horizontal:train:06df5958:hidden,train,06df5958,horizontal,hidden,data/raw/train/06df5958__horizontal_well.csv,2845,2845,23,11332.240000000002,11343.09,77.2319163805603,12.408482409566556
horizontal:train:06df5958:full,train,06df5958,horizontal,full,data/raw/train/06df5958__horizontal_well.csv,4249,4249,742,10768.09,11343.09,77.59830360996145,15.389055034691813
horizontal:train:071d7b45:prefix,train,071d7b45,horizontal,prefix,data/raw/train/071d7b45__horizontal_well.csv,1269,1269,520,10128.63,10530.11,81.26765198935055,18.015258608873808
horizontal:train:071d7b45:hidden,train,071d7b45,horizontal,hidden,data/raw/train/071d7b45__horizontal_well.csv,2717,2717,49,10530.15,10553.96,80.81025764031132,11.617398249990181
horizontal:train:071d7b45:full,train,071d7b45,horizontal,full,data/raw/train/071d7b45__horizontal_well.csv,3986,3986,568,10128.63,10553.96,80.95587566061508,13.977361147352704
horizontal:train:0849b4e2:prefix,train,0849b4e2,horizontal,prefix,data/raw/train/0849b4e2__horizontal_well.csv,1587,1587,1023,11050.65,11948.09,73.49365412548907,22.569953728844187
horizontal:train:0849b4e2:hidden,train,0849b4e2,horizontal,hidden,data/raw/train/0849b4e2__horizontal_well.csv,4153,4153,83,11908.15,11951.15,65.52342492537544,12.462445598450238
horizontal:train:0849b4e2:full,train,0849b4e2,horizontal,full,data/raw/train/0849b4e2__horizontal_well.csv,5740,5740,1031,11050.65,11951.15,67.72704055962289,16.307026754656043
horizontal:train:084d66f9:prefix,train,084d66f9,horizontal,prefix,data/raw/train/084d66f9__horizontal_well.csv,877,877,676,10128.06,11007.1,80.07996311414311,22.852632948451056
horizontal:train:084d66f9:hidden,train,084d66f9,horizontal,hidden,data/raw/train/084d66f9__horizontal_well.csv,1374,1374,87,10983.47,11028.09,71.03361393559356,14.899997874412326
horizontal:train:084d66f9:full,train,084d66f9,horizontal,full,data/raw/train/084d66f9__horizontal_well.csv,2251,2251,720,10128.06,11028.09,74.55811337121682,18.932612507938558
horizontal:train:08fecf00:prefix,train,08fecf00,horizontal,prefix,data/raw/train/08fecf00__horizontal_well.csv,1605,1605,1033,11230.55,12149.94,71.04406062263293,23.29130014057367
horizontal:train:08fecf00:hidden,train,08fecf00,horizontal,hidden,data/raw/train/08fecf00__horizontal_well.csv,4000,4000,33,12139.1,12155.05,62.920241640998775,8.387362262764004
horizontal:train:08fecf00:full,train,08fecf00,horizontal,full,data/raw/train/08fecf00__horizontal_well.csv,5605,5605,1043,11230.55,12155.05,65.2465091638396,14.799715326441348
horizontal:train:09053135:prefix,train,09053135,horizontal,prefix,data/raw/train/09053135__horizontal_well.csv,1432,1432,914,10684.85,11462.56,84.21574921321559,23.313783422924978
horizontal:train:09053135:hidden,train,09053135,horizontal,hidden,data/raw/train/09053135__horizontal_well.csv,3415,3415,52,11460.990000000002,11486.67,76.28690689308043,16.695138295088096
horizontal:train:09053135:full,train,09053135,horizontal,full,data/raw/train/09053135__horizontal_well.csv,4847,4847,962,10684.85,11486.67,78.62940786325447,19.236624594087733
horizontal:train:09441b8d:prefix,train,09441b8d,horizontal,prefix,data/raw/train/09441b8d__horizontal_well.csv,1570,1570,871,10466.0,11219.51,79.70202471369798,18.991366670288695
horizontal:train:09441b8d:hidden,train,09441b8d,horizontal,hidden,data/raw/train/09441b8d__horizontal_well.csv,4845,4845,70,11178.02,11212.75,85.7718913230267,16.59672892425077
horizontal:train:09441b8d:full,train,09441b8d,horizontal,full,data/raw/train/09441b8d__horizontal_well.csv,6415,6415,872,10466.0,11219.51,84.28635888707251,17.4102953074057
horizontal:train:0955cd6c:prefix,train,0955cd6c,horizontal,prefix,data/raw/train/0955cd6c__horizontal_well.csv,1145,1145,747,11439.21,12185.47,79.10772353652938,25.286220045820368
horizontal:train:0955cd6c:hidden,train,0955cd6c,horizontal,hidden,data/raw/train/0955cd6c__horizontal_well.csv,1842,1842,41,12169.98,12190.06,90.19144404899022,12.68985608308549
horizontal:train:0955cd6c:full,train,0955cd6c,horizontal,full,data/raw/train/0955cd6c__horizontal_well.csv,2987,2987,756,11439.21,12190.06,85.94274636343026,19.324627811568195
horizontal:train:09ec2ca9:prefix,train,09ec2ca9,horizontal,prefix,data/raw/train/09ec2ca9__horizontal_well.csv,1220,1220,814,10244.31,11056.25,118.15016483688753,30.39124411912369
horizontal:train:09ec2ca9:hidden,train,09ec2ca9,horizontal,hidden,data/raw/train/09ec2ca9__horizontal_well.csv,2587,2587,40,11039.46,11059.02,111.791183641825,11.6697726507866
horizontal:train:09ec2ca9:full,train,09ec2ca9,horizontal,full,data/raw/train/09ec2ca9__horizontal_well.csv,3807,3807,821,10244.31,11059.02,113.8289974211726,19.933275915167766
horizontal:train:0a57a29c:prefix,train,0a57a29c,horizontal,prefix,data/raw/train/0a57a29c__horizontal_well.csv,889,889,542,10681.71,11200.06,74.78013293307363,16.124562680105704
horizontal:train:0a57a29c:hidden,train,0a57a29c,horizontal,hidden,data/raw/train/0a57a29c__horizontal_well.csv,2736,2736,45,11187.76,11210.09,83.96318880226556,13.435665749524343
horizontal:train:0a57a29c:full,train,0a57a29c,horizontal,full,data/raw/train/0a57a29c__horizontal_well.csv,3625,3625,562,10681.71,11210.09,81.71112351462098,14.683971641132034
horizontal:train:0bbf5e67:prefix,train,0bbf5e67,horizontal,prefix,data/raw/train/0bbf5e67__horizontal_well.csv,984,984,575,10183.13,10972.05,80.85092429380614,17.43782721267212
horizontal:train:0bbf5e67:hidden,train,0bbf5e67,horizontal,hidden,data/raw/train/0bbf5e67__horizontal_well.csv,2031,2031,63,10915.93,10947.06,80.92175531324546,10.859979317077594
horizontal:train:0bbf5e67:full,train,0bbf5e67,horizontal,full,data/raw/train/0bbf5e67__horizontal_well.csv,3015,3015,590,10183.13,10972.05,80.8986383238165,13.367497444193555
horizontal:train:0be01c24:prefix,train,0be01c24,horizontal,prefix,data/raw/train/0be01c24__horizontal_well.csv,1568,1568,873,10548.98,11311.85,81.85404219076932,24.463180392918293
horizontal:train:0be01c24:hidden,train,0be01c24,horizontal,hidden,data/raw/train/0be01c24__horizontal_well.csv,4572,4572,43,11301.68,11322.65,75.66560457156801,8.112317147558398
horizontal:train:0be01c24:full,train,0be01c24,horizontal,full,data/raw/train/0be01c24__horizontal_well.csv,6140,6140,894,10548.98,11322.65,77.24597430884938,14.460782365028741
horizontal:train:0c1b160c:prefix,train,0c1b160c,horizontal,prefix,data/raw/train/0c1b160c__horizontal_well.csv,851,851,444,10593.72,11169.47,104.61768969442069,23.7217565021968
horizontal:train:0c1b160c:hidden,train,0c1b160c,horizontal,hidden,data/raw/train/0c1b160c__horizontal_well.csv,2421,2421,56,11153.72,11180.9,111.14653353987221,17.03831179614513
horizontal:train:0c1b160c:full,train,0c1b160c,horizontal,full,data/raw/train/0c1b160c__horizontal_well.csv,3272,3272,470,10593.72,11180.9,109.44847543703627,19.218712965739368
horizontal:train:0d99f8e4:prefix,train,0d99f8e4,horizontal,prefix,data/raw/train/0d99f8e4__horizontal_well.csv,1038,1038,620,10649.92,11200.01,77.69761251982318,14.998535409906827
horizontal:train:0d99f8e4:hidden,train,0d99f8e4,horizontal,hidden,data/raw/train/0d99f8e4__horizontal_well.csv,2679,2679,46,11180.96,11203.73,86.24390074560213,13.908501234144556
horizontal:train:0d99f8e4:full,train,0d99f8e4,horizontal,full,data/raw/train/0d99f8e4__horizontal_well.csv,3717,3717,627,10649.92,11203.73,83.85728595454522,14.729103214627639
horizontal:train:0dc5e64d:prefix,train,0dc5e64d,horizontal,prefix,data/raw/train/0dc5e64d__horizontal_well.csv,1299,1299,736,10348.58,10865.14,84.65443798133872,43.849060165556644
horizontal:train:0dc5e64d:hidden,train,0dc5e64d,horizontal,hidden,data/raw/train/0dc5e64d__horizontal_well.csv,4823,4823,133,10849.09,10915.05,67.73658786923056,26.768895291409944
horizontal:train:0dc5e64d:full,train,0dc5e64d,horizontal,full,data/raw/train/0dc5e64d__horizontal_well.csv,6122,6122,836,10348.58,10915.05,71.3263113739069,31.9429040845634
horizontal:train:0dc835f3:prefix,train,0dc835f3,horizontal,prefix,data/raw/train/0dc835f3__horizontal_well.csv,809,809,461,10437.3,10687.83,56.75062095149031,20.170423299248135
horizontal:train:0dc835f3:hidden,train,0dc835f3,horizontal,hidden,data/raw/train/0dc835f3__horizontal_well.csv,4280,4280,53,10668.34,10694.58,45.9491168760105,21.449681433185148
horizontal:train:0dc835f3:full,train,0dc835f3,horizontal,full,data/raw/train/0dc835f3__horizontal_well.csv,5089,5089,474,10437.3,10694.58,47.66623552349785,21.615359508306604
horizontal:train:0dd99dc5:prefix,train,0dd99dc5,horizontal,prefix,data/raw/train/0dd99dc5__horizontal_well.csv,1015,1015,679,11884.7,12581.48,89.82479843030269,21.76422124676175
horizontal:train:0dd99dc5:hidden,train,0dd99dc5,horizontal,hidden,data/raw/train/0dd99dc5__horizontal_well.csv,3844,3844,60,12572.14,12601.46,76.89534291623494,16.190254389669985
horizontal:train:0dd99dc5:full,train,0dd99dc5,horizontal,full,data/raw/train/0dd99dc5__horizontal_well.csv,4859,4859,719,11884.7,12601.46,79.59618616521183,18.274093877028104
horizontal:train:0e5e560d:prefix,train,0e5e560d,horizontal,prefix,data/raw/train/0e5e560d__horizontal_well.csv,1362,1362,873,10218.990000000002,11012.59,117.2446409228597,31.689872283111892
horizontal:train:0e5e560d:hidden,train,0e5e560d,horizontal,hidden,data/raw/train/0e5e560d__horizontal_well.csv,2327,2327,51,11004.41,11029.34,126.97501110638056,17.985143312435277
horizontal:train:0e5e560d:full,train,0e5e560d,horizontal,full,data/raw/train/0e5e560d__horizontal_well.csv,3689,3689,907,10218.990000000002,11029.34,123.38250251598876,24.430811654141188
horizontal:train:109d9d70:prefix,train,109d9d70,horizontal,prefix,data/raw/train/109d9d70__horizontal_well.csv,1203,1203,689,11590.81,12229.89,80.40148460456975,17.57461869896024
horizontal:train:109d9d70:hidden,train,109d9d70,horizontal,hidden,data/raw/train/109d9d70__horizontal_well.csv,2473,2473,70,12216.48,12250.89,84.78312744578436,11.979682563320162
horizontal:train:109d9d70:full,train,109d9d70,horizontal,full,data/raw/train/109d9d70__horizontal_well.csv,3676,3676,731,11590.81,12250.89,83.3492002591736,14.207503123721143
horizontal:train:10a1281a:prefix,train,10a1281a,horizontal,prefix,data/raw/train/10a1281a__horizontal_well.csv,1634,1634,848,10482.22,11264.570000000002,87.34245253295785,18.940654731437853
horizontal:train:10a1281a:hidden,train,10a1281a,horizontal,hidden,data/raw/train/10a1281a__horizontal_well.csv,5369,5369,21,11255.63,11265.570000000002,89.22689336761641,13.21645390699876
horizontal:train:10a1281a:full,train,10a1281a,horizontal,full,data/raw/train/10a1281a__horizontal_well.csv,7003,7003,850,10482.22,11265.570000000002,88.78719947587972,14.773610434290427
horizontal:train:10b89021:prefix,train,10b89021,horizontal,prefix,data/raw/train/10b89021__horizontal_well.csv,1230,1230,812,11311.08,12161.18,80.39016198237607,16.365603611511066
horizontal:train:10b89021:hidden,train,10b89021,horizontal,hidden,data/raw/train/10b89021__horizontal_well.csv,2310,2310,39,12123.06,12141.9,76.25345962900172,11.433780159576592
horizontal:train:10b89021:full,train,10b89021,horizontal,full,data/raw/train/10b89021__horizontal_well.csv,3540,3540,819,11311.08,12161.18,77.6907884128013,13.499934482589488
horizontal:train:10be2420:prefix,train,10be2420,horizontal,prefix,data/raw/train/10be2420__horizontal_well.csv,1183,1183,819,9970.88,10824.63,89.7671172416279,25.3155007428072
horizontal:train:10be2420:hidden,train,10be2420,horizontal,hidden,data/raw/train/10be2420__horizontal_well.csv,1581,1581,45,10802.02,10823.87,95.6296993650015,14.409832630597206
horizontal:train:10be2420:full,train,10be2420,horizontal,full,data/raw/train/10be2420__horizontal_well.csv,2764,2764,820,9970.88,10824.63,93.12049724779783,20.03701164308928
horizontal:train:113011eb:prefix,train,113011eb,horizontal,prefix,data/raw/train/113011eb__horizontal_well.csv,755,755,421,12163.79,12534.990000000002,82.47566904206737,18.05332854559566
horizontal:train:113011eb:hidden,train,113011eb,horizontal,hidden,data/raw/train/113011eb__horizontal_well.csv,1626,1626,42,12528.1,12548.58,89.93202498192242,12.66198650930038
horizontal:train:113011eb:full,train,113011eb,horizontal,full,data/raw/train/113011eb__horizontal_well.csv,2381,2381,448,12163.79,12548.58,87.567661800658,14.995829683057902
horizontal:train:1131525f:prefix,train,1131525f,horizontal,prefix,data/raw/train/1131525f__horizontal_well.csv,1111,1111,685,10764.52,11290.240000000002,91.82796092693448,23.814461528854814
horizontal:train:1131525f:hidden,train,1131525f,horizontal,hidden,data/raw/train/1131525f__horizontal_well.csv,2687,2687,47,11290.39,11313.4,98.79207905882801,13.609073071399973
horizontal:train:1131525f:full,train,1131525f,horizontal,full,data/raw/train/1131525f__horizontal_well.csv,3798,3798,732,10764.52,11313.4,96.75491864689181,17.520402968224396
horizontal:train:11d0f5ac:prefix,train,11d0f5ac,horizontal,prefix,data/raw/train/11d0f5ac__horizontal_well.csv,1088,1088,614,10396.33,10919.21,84.37280580632913,16.255008276781385
horizontal:train:11d0f5ac:hidden,train,11d0f5ac,horizontal,hidden,data/raw/train/11d0f5ac__horizontal_well.csv,2910,2910,58,10916.34,10945.1,85.30520194077793,10.453360449837744
horizontal:train:11d0f5ac:full,train,11d0f5ac,horizontal,full,data/raw/train/11d0f5ac__horizontal_well.csv,3998,3998,666,10396.33,10945.1,85.05146332289891,12.313128109286772
horizontal:train:12203f2a:prefix,train,12203f2a,horizontal,prefix,data/raw/train/12203f2a__horizontal_well.csv,1385,1385,932,11224.52,12032.5,80.67978547958988,25.615022215335735
horizontal:train:12203f2a:hidden,train,12203f2a,horizontal,hidden,data/raw/train/12203f2a__horizontal_well.csv,2312,2312,43,12010.64,12031.56,82.02738168562335,17.544409655990606
horizontal:train:12203f2a:full,train,12203f2a,horizontal,full,data/raw/train/12203f2a__horizontal_well.csv,3697,3697,932,11224.52,12032.5,81.52253431062839,20.945724268633032
horizontal:train:122bd617:prefix,train,122bd617,horizontal,prefix,data/raw/train/122bd617__horizontal_well.csv,1350,1350,989,9857.18,10813.01,91.71822481034927,29.021003460816388
horizontal:train:122bd617:hidden,train,122bd617,horizontal,hidden,data/raw/train/122bd617__horizontal_well.csv,3178,3178,82,10795.66,10835.84,87.73700422909808,14.411833442766987
horizontal:train:122bd617:full,train,122bd617,horizontal,full,data/raw/train/122bd617__horizontal_well.csv,4528,4528,1035,9857.18,10835.84,88.9239847469181,20.00489571334148
horizontal:train:125be846:prefix,train,125be846,horizontal,prefix,data/raw/train/125be846__horizontal_well.csv,1381,1381,684,10894.61,11470.87,78.62184729744618,22.111261521396074
horizontal:train:125be846:hidden,train,125be846,horizontal,hidden,data/raw/train/125be846__horizontal_well.csv,4714,4714,55,11432.04,11459.08,81.5744739425593,14.339056436775017
horizontal:train:125be846:full,train,125be846,horizontal,full,data/raw/train/125be846__horizontal_well.csv,6095,6095,686,10894.61,11470.87,80.90547026792414,16.471976825826665
horizontal:train:1285a37b:prefix,train,1285a37b,horizontal,prefix,data/raw/train/1285a37b__horizontal_well.csv,1756,1756,1007,11880.83,12760.31,92.29292661798429,22.554034855974134
horizontal:train:1285a37b:hidden,train,1285a37b,horizontal,hidden,data/raw/train/1285a37b__horizontal_well.csv,5363,5363,22,12745.38,12756.11,86.23381486239488,9.06670738385672
horizontal:train:1285a37b:full,train,1285a37b,horizontal,full,data/raw/train/1285a37b__horizontal_well.csv,7119,7119,1007,11880.83,12760.31,87.72837873973931,13.936435042932024
horizontal:train:1295a25b:prefix,train,1295a25b,horizontal,prefix,data/raw/train/1295a25b__horizontal_well.csv,1072,1072,605,11216.43,11771.75,85.41933865482048,19.21042722061921
horizontal:train:1295a25b:hidden,train,1295a25b,horizontal,hidden,data/raw/train/1295a25b__horizontal_well.csv,3078,3078,66,11739.63,11771.84,83.88209404141571,15.83241425143213
horizontal:train:1295a25b:full,train,1295a25b,horizontal,full,data/raw/train/1295a25b__horizontal_well.csv,4150,4150,609,11216.43,11771.84,84.27918469817952,16.783800568348255
horizontal:train:12f0cd90:prefix,train,12f0cd90,horizontal,prefix,data/raw/train/12f0cd90__horizontal_well.csv,1285,1285,723,10854.83,11396.62,84.64756875162082,23.00904801893749
horizontal:train:12f0cd90:hidden,train,12f0cd90,horizontal,hidden,data/raw/train/12f0cd90__horizontal_well.csv,4214,4214,71,11370.97,11406.14,93.613982530718,16.3366978334961
horizontal:train:12f0cd90:full,train,12f0cd90,horizontal,full,data/raw/train/12f0cd90__horizontal_well.csv,5499,5499,742,10854.83,11406.14,91.51872126391679,18.51031971875248
horizontal:train:137d1e44:prefix,train,137d1e44,horizontal,prefix,data/raw/train/137d1e44__horizontal_well.csv,1215,1215,833,11892.42,12754.28,80.14340223753564,20.49447101536176
horizontal:train:137d1e44:hidden,train,137d1e44,horizontal,hidden,data/raw/train/137d1e44__horizontal_well.csv,2342,2342,106,12739.83,12792.81,84.9734676908721,11.906458164218613
horizontal:train:137d1e44:full,train,137d1e44,horizontal,full,data/raw/train/137d1e44__horizontal_well.csv,3557,3557,909,11892.42,12792.81,83.3236140147957,15.55823056386043
horizontal:train:13ce113d:prefix,train,13ce113d,horizontal,prefix,data/raw/train/13ce113d__horizontal_well.csv,1555,1555,1092,10284.0,11190.53,89.43311752700853,22.540921639724864
horizontal:train:13ce113d:hidden,train,13ce113d,horizontal,hidden,data/raw/train/13ce113d__horizontal_well.csv,2399,2399,30,11181.41,11195.79,88.63791132212323,13.006290538285532
horizontal:train:13ce113d:full,train,13ce113d,horizontal,full,data/raw/train/13ce113d__horizontal_well.csv,3954,3954,1103,10284.0,11195.79,88.95064416193017,17.395579841785533
horizontal:train:13f598d9:prefix,train,13f598d9,horizontal,prefix,data/raw/train/13f598d9__horizontal_well.csv,919,919,582,11871.070000000002,12518.61,83.76124330600182,20.964560255889403
horizontal:train:13f598d9:hidden,train,13f598d9,horizontal,hidden,data/raw/train/13f598d9__horizontal_well.csv,3243,3243,53,12518.72,12544.53,87.55888823021147,12.160986025779488
horizontal:train:13f598d9:full,train,13f598d9,horizontal,full,data/raw/train/13f598d9__horizontal_well.csv,4162,4162,634,11871.070000000002,12544.53,86.72034049226129,14.654810105797322
horizontal:train:14a53cb3:prefix,train,14a53cb3,horizontal,prefix,data/raw/train/14a53cb3__horizontal_well.csv,1630,1630,846,10384.42,11197.08,123.99005921905008,31.698348303837484
horizontal:train:14a53cb3:hidden,train,14a53cb3,horizontal,hidden,data/raw/train/14a53cb3__horizontal_well.csv,6014,6014,42,11180.6,11200.97,126.77845578204592,23.286747636515177
horizontal:train:14a53cb3:full,train,14a53cb3,horizontal,full,data/raw/train/14a53cb3__horizontal_well.csv,7644,7644,854,10384.42,11200.97,126.18386049192516,25.34172141263086
horizontal:train:14ab73fb:prefix,train,14ab73fb,horizontal,prefix,data/raw/train/14ab73fb__horizontal_well.csv,1011,1011,580,10653.3,11312.62,102.51111380621629,26.74255465450985
horizontal:train:14ab73fb:hidden,train,14ab73fb,horizontal,hidden,data/raw/train/14ab73fb__horizontal_well.csv,2154,2154,62,11281.2,11311.490000000002,93.20390962429923,21.133443919101865
horizontal:train:14ab73fb:full,train,14ab73fb,horizontal,full,data/raw/train/14ab73fb__horizontal_well.csv,3165,3165,584,10653.3,11312.62,96.17692176582155,23.47838847461076
horizontal:train:14ad5efb:prefix,train,14ad5efb,horizontal,prefix,data/raw/train/14ad5efb__horizontal_well.csv,1427,1427,739,10850.09,11404.28,86.6825627342787,21.66558635917002
horizontal:train:14ad5efb:hidden,train,14ad5efb,horizontal,hidden,data/raw/train/14ad5efb__horizontal_well.csv,4651,4651,51,11388.37,11413.59,92.56596213271732,11.88461628533193
horizontal:train:14ad5efb:full,train,14ad5efb,horizontal,full,data/raw/train/14ad5efb__horizontal_well.csv,6078,6078,757,10850.09,11413.59,91.18465069119513,14.983563052187177
horizontal:train:14fee784:prefix,train,14fee784,horizontal,prefix,data/raw/train/14fee784__horizontal_well.csv,908,908,578,10344.240000000002,10893.45,80.11176348027467,22.706403095676336
horizontal:train:14fee784:hidden,train,14fee784,horizontal,hidden,data/raw/train/14fee784__horizontal_well.csv,1962,1962,105,10845.71,10897.9,78.96071778806227,16.479590071591055
horizontal:train:14fee784:full,train,14fee784,horizontal,full,data/raw/train/14fee784__horizontal_well.csv,2870,2870,597,10344.240000000002,10897.9,79.32488137291553,18.683160343699853
horizontal:train:153552f5:prefix,train,153552f5,horizontal,prefix,data/raw/train/153552f5__horizontal_well.csv,1560,1560,869,11322.13,12087.59,72.84869754024969,33.07253812784445
horizontal:train:153552f5:hidden,train,153552f5,horizontal,hidden,data/raw/train/153552f5__horizontal_well.csv,3719,3719,35,12074.11,12091.11,40.635254362440996,9.839992463224139
horizontal:train:153552f5:full,train,153552f5,horizontal,full,data/raw/train/153552f5__horizontal_well.csv,5279,5279,876,11322.13,12091.11,50.154665492841,24.646979518924493
horizontal:train:1550491d:prefix,train,1550491d,horizontal,prefix,data/raw/train/1550491d__horizontal_well.csv,1310,1310,575,10952.23,11383.7,85.9912199488975,19.497620969032546
horizontal:train:1550491d:hidden,train,1550491d,horizontal,hidden,data/raw/train/1550491d__horizontal_well.csv,4393,4393,57,11353.490000000002,11383.94,97.91807115741906,12.900939661284841
horizontal:train:1550491d:full,train,1550491d,horizontal,full,data/raw/train/1550491d__horizontal_well.csv,5703,5703,576,10952.23,11383.94,95.17842972603852,15.514408022031668
horizontal:train:155887bb:prefix,train,155887bb,horizontal,prefix,data/raw/train/155887bb__horizontal_well.csv,1231,1231,966,11320.03,12304.29,88.208428624204,20.419334576863232
horizontal:train:155887bb:hidden,train,155887bb,horizontal,hidden,data/raw/train/155887bb__horizontal_well.csv,4070,4070,71,12285.94,12321.1,95.1368563880045,17.765126319039037
horizontal:train:155887bb:full,train,155887bb,horizontal,full,data/raw/train/155887bb__horizontal_well.csv,5301,5301,1000,11320.03,12321.1,93.52793456622777,18.646549275903748
horizontal:train:1590af81:prefix,train,1590af81,horizontal,prefix,data/raw/train/1590af81__horizontal_well.csv,1318,1318,637,10995.25,11457.62,76.31831118615352,17.88271031570593
horizontal:train:1590af81:hidden,train,1590af81,horizontal,hidden,data/raw/train/1590af81__horizontal_well.csv,3008,3008,40,11438.13,11457.37,84.60537322123145,17.980959494276277
horizontal:train:1590af81:full,train,1590af81,horizontal,full,data/raw/train/1590af81__horizontal_well.csv,4326,4326,637,10995.25,11457.62,82.08055866685496,18.35183872752066
horizontal:train:15e154a1:prefix,train,15e154a1,horizontal,prefix,data/raw/train/15e154a1__horizontal_well.csv,899,899,597,10222.41,10928.6,84.81172790720834,31.436140732594794
horizontal:train:15e154a1:hidden,train,15e154a1,horizontal,hidden,data/raw/train/15e154a1__horizontal_well.csv,3119,3119,74,10928.79,10965.7,93.01331328640063,11.979000637636435
horizontal:train:15e154a1:full,train,15e154a1,horizontal,full,data/raw/train/15e154a1__horizontal_well.csv,4018,4018,671,10222.41,10965.7,91.17826469110602,18.552167549636728
horizontal:train:1619e2ca:prefix,train,1619e2ca,horizontal,prefix,data/raw/train/1619e2ca__horizontal_well.csv,1156,1156,704,10777.41,11457.43,79.87800378925971,22.768275217507636
horizontal:train:1619e2ca:hidden,train,1619e2ca,horizontal,hidden,data/raw/train/1619e2ca__horizontal_well.csv,2680,2680,59,11444.45,11473.490000000002,83.5429716597321,17.678712627789157
horizontal:train:1619e2ca:full,train,1619e2ca,horizontal,full,data/raw/train/1619e2ca__horizontal_well.csv,3836,3836,736,10777.41,11473.490000000002,82.43851314610696,19.426815369774697
horizontal:train:16e4a047:prefix,train,16e4a047,horizontal,prefix,data/raw/train/16e4a047__horizontal_well.csv,781,781,637,11160.69,12018.37,85.87417761134097,26.307817295033875
horizontal:train:16e4a047:hidden,train,16e4a047,horizontal,hidden,data/raw/train/16e4a047__horizontal_well.csv,1765,1765,30,11999.98,12014.54,90.45216806504338,11.059599355522277
horizontal:train:16e4a047:full,train,16e4a047,horizontal,full,data/raw/train/16e4a047__horizontal_well.csv,2546,2546,638,11160.69,12018.37,89.04784342076155,17.36539239135871
horizontal:train:173ed841:prefix,train,173ed841,horizontal,prefix,data/raw/train/173ed841__horizontal_well.csv,1195,1195,716,11972.59,12727.42,90.31999171103,19.44398455116278
horizontal:train:173ed841:hidden,train,173ed841,horizontal,hidden,data/raw/train/173ed841__horizontal_well.csv,2981,2981,88,12718.68,12763.96,86.35516774426073,15.861487392241418
horizontal:train:173ed841:full,train,173ed841,horizontal,full,data/raw/train/173ed841__horizontal_well.csv,4176,4176,787,11972.59,12763.96,87.48973782095835,17.058481646651046
horizontal:train:1770d7c6:prefix,train,1770d7c6,horizontal,prefix,data/raw/train/1770d7c6__horizontal_well.csv,1804,1804,1017,11784.08,12579.06,91.6123118147731,19.60502689773448
horizontal:train:1770d7c6:hidden,train,1770d7c6,horizontal,hidden,data/raw/train/1770d7c6__horizontal_well.csv,6907,6907,60,12569.72,12599.15,74.9811146614596,11.868552192626668
horizontal:train:1770d7c6:full,train,1770d7c6,horizontal,full,data/raw/train/1770d7c6__horizontal_well.csv,8711,8711,1057,11784.08,12599.15,78.42534375852968,15.385312694590239
horizontal:train:177622d7:prefix,train,177622d7,horizontal,prefix,data/raw/train/177622d7__horizontal_well.csv,1097,1097,692,11745.83,12296.02,86.22813963541637,22.73915552256535
horizontal:train:177622d7:hidden,train,177622d7,horizontal,hidden,data/raw/train/177622d7__horizontal_well.csv,1378,1378,40,12275.0,12294.52,94.8252464087215,12.098368621501967
horizontal:train:177622d7:full,train,177622d7,horizontal,full,data/raw/train/177622d7__horizontal_well.csv,2475,2475,692,11745.83,12296.02,91.01473080051312,18.13602868948248
horizontal:train:18d24f7b:prefix,train,18d24f7b,horizontal,prefix,data/raw/train/18d24f7b__horizontal_well.csv,1540,1540,847,10554.77,11207.8,85.13849377425139,19.042439971798625
horizontal:train:18d24f7b:hidden,train,18d24f7b,horizontal,hidden,data/raw/train/18d24f7b__horizontal_well.csv,3961,3961,40,11193.64,11213.23,80.50978707898928,13.421693257420982
horizontal:train:18d24f7b:full,train,18d24f7b,horizontal,full,data/raw/train/18d24f7b__horizontal_well.csv,5501,5501,857,10554.77,11213.23,81.80558935324918,15.347432842243615
horizontal:train:19137a89:prefix,train,19137a89,horizontal,prefix,data/raw/train/19137a89__horizontal_well.csv,1399,1399,608,10562.65,11044.66,105.45528234281579,20.60179925587927
horizontal:train:19137a89:hidden,train,19137a89,horizontal,hidden,data/raw/train/19137a89__horizontal_well.csv,5909,5909,83,11041.570000000002,11082.56,128.88190374546022,35.78849510956752
horizontal:train:19137a89:full,train,19137a89,horizontal,full,data/raw/train/19137a89__horizontal_well.csv,7308,7308,684,10562.65,11082.56,124.39725085242524,34.66733070301532
horizontal:train:1944513c:prefix,train,1944513c,horizontal,prefix,data/raw/train/1944513c__horizontal_well.csv,1551,1551,825,10725.34,11333.2,81.19648944716127,21.922177496914262
horizontal:train:1944513c:hidden,train,1944513c,horizontal,hidden,data/raw/train/1944513c__horizontal_well.csv,4545,4545,36,11310.26,11328.03,77.26405574159604,7.663409061910364
horizontal:train:1944513c:full,train,1944513c,horizontal,full,data/raw/train/1944513c__horizontal_well.csv,6096,6096,825,10725.34,11333.2,78.26458144325807,12.999740099693362
horizontal:train:197f8a5a:prefix,train,197f8a5a,horizontal,prefix,data/raw/train/197f8a5a__horizontal_well.csv,957,957,703,10046.070000000002,10949.52,108.0549961404299,31.133706171689372
horizontal:train:197f8a5a:hidden,train,197f8a5a,horizontal,hidden,data/raw/train/197f8a5a__horizontal_well.csv,3019,3019,105,10944.28,10996.44,111.43469030291048,16.040426514056023
horizontal:train:197f8a5a:full,train,197f8a5a,horizontal,full,data/raw/train/197f8a5a__horizontal_well.csv,3976,3976,797,10046.070000000002,10996.44,110.62121763855085,20.75475989725405
horizontal:train:19871e7f:prefix,train,19871e7f,horizontal,prefix,data/raw/train/19871e7f__horizontal_well.csv,1610,1610,889,11723.09,12553.16,76.61017903746645,19.05740460506271
horizontal:train:19871e7f:hidden,train,19871e7f,horizontal,hidden,data/raw/train/19871e7f__horizontal_well.csv,4533,4533,35,12545.820000000002,12563.17,92.53310934376151,14.208806060421637
horizontal:train:19871e7f:full,train,19871e7f,horizontal,full,data/raw/train/19871e7f__horizontal_well.csv,6143,6143,909,11723.09,12563.17,88.35991745166723,17.123003911447388
horizontal:train:198a5607:prefix,train,198a5607,horizontal,prefix,data/raw/train/198a5607__horizontal_well.csv,1505,1505,945,10330.96,11182.62,118.30790048795222,36.76134307350729
horizontal:train:198a5607:hidden,train,198a5607,horizontal,hidden,data/raw/train/198a5607__horizontal_well.csv,4569,4569,48,11147.78,11171.68,111.87884286311159,18.22237739664108
horizontal:train:198a5607:full,train,198a5607,horizontal,full,data/raw/train/198a5607__horizontal_well.csv,6074,6074,946,10330.96,11182.62,113.47181812247695,24.337800811780053
horizontal:train:19fb4f7b:prefix,train,19fb4f7b,horizontal,prefix,data/raw/train/19fb4f7b__horizontal_well.csv,2245,2245,1283,11663.9,12789.34,83.83200873703206,21.60928149338472
horizontal:train:19fb4f7b:hidden,train,19fb4f7b,horizontal,hidden,data/raw/train/19fb4f7b__horizontal_well.csv,5378,5378,68,12741.46,12775.240000000002,75.17118560627696,8.016729667162876
horizontal:train:19fb4f7b:full,train,19fb4f7b,horizontal,full,data/raw/train/19fb4f7b__horizontal_well.csv,7623,7623,1285,11663.9,12789.34,77.72182812609137,14.087134433294699
horizontal:train:1a518997:prefix,train,1a518997,horizontal,prefix,data/raw/train/1a518997__horizontal_well.csv,1413,1413,723,10429.25,11200.63,78.8270439748515,18.536926798810327
horizontal:train:1a518997:hidden,train,1a518997,horizontal,hidden,data/raw/train/1a518997__horizontal_well.csv,2733,2733,31,11200.65,11215.37,73.22825818392612,13.094392335406232
horizontal:train:1a518997:full,train,1a518997,horizontal,full,data/raw/train/1a518997__horizontal_well.csv,4146,4146,753,10429.25,11215.37,75.13638271903889,15.400565395186378
horizontal:train:1a68190b:prefix,train,1a68190b,horizontal,prefix,data/raw/train/1a68190b__horizontal_well.csv,1724,1724,953,11966.5,12796.820000000002,79.14151814500676,18.83811535119103
horizontal:train:1a68190b:hidden,train,1a68190b,horizontal,hidden,data/raw/train/1a68190b__horizontal_well.csv,3241,3241,65,12791.96,12823.96,77.16258323679891,14.778438813182326
horizontal:train:1a68190b:full,train,1a68190b,horizontal,full,data/raw/train/1a68190b__horizontal_well.csv,4965,4965,1007,11966.5,12823.96,77.84973002063583,16.33025642646432
horizontal:train:1a730ac2:prefix,train,1a730ac2,horizontal,prefix,data/raw/train/1a730ac2__horizontal_well.csv,1022,1022,485,10971.86,11387.92,68.59736724423844,17.50578077383604
horizontal:train:1a730ac2:hidden,train,1a730ac2,horizontal,hidden,data/raw/train/1a730ac2__horizontal_well.csv,3230,3230,59,11387.96,11417.12,91.73764163763651,15.005441680632892
horizontal:train:1a730ac2:full,train,1a730ac2,horizontal,full,data/raw/train/1a730ac2__horizontal_well.csv,4252,4252,543,10971.86,11417.12,86.17570362492418,18.50598108140968
horizontal:train:1aaf1da0:prefix,train,1aaf1da0,horizontal,prefix,data/raw/train/1aaf1da0__horizontal_well.csv,1302,1302,828,11158.88,11907.18,103.45868767951589,30.919672714858464
horizontal:train:1aaf1da0:hidden,train,1aaf1da0,horizontal,hidden,data/raw/train/1aaf1da0__horizontal_well.csv,3521,3521,37,11895.27,11913.53,98.86273351139863,17.53159300062114
horizontal:train:1aaf1da0:full,train,1aaf1da0,horizontal,full,data/raw/train/1aaf1da0__horizontal_well.csv,4823,4823,841,11158.88,11913.53,100.10344102267557,22.059740002649505
horizontal:train:1b08ed48:prefix,train,1b08ed48,horizontal,prefix,data/raw/train/1b08ed48__horizontal_well.csv,881,881,551,11544.46,12123.65,83.02862617622068,20.527492749165756
horizontal:train:1b08ed48:hidden,train,1b08ed48,horizontal,hidden,data/raw/train/1b08ed48__horizontal_well.csv,2358,2358,44,12104.05,12125.36,86.64273577789773,12.764432216753574
horizontal:train:1b08ed48:full,train,1b08ed48,horizontal,full,data/raw/train/1b08ed48__horizontal_well.csv,3239,3239,556,11544.46,12125.36,85.65970689272409,15.356241924428621
horizontal:train:1b1c5372:prefix,train,1b1c5372,horizontal,prefix,data/raw/train/1b1c5372__horizontal_well.csv,1332,1332,749,10327.61,10870.66,65.45384950506963,16.912732037722407
horizontal:train:1b1c5372:hidden,train,1b1c5372,horizontal,hidden,data/raw/train/1b1c5372__horizontal_well.csv,2971,2971,93,10835.48,10881.58,72.91894540214045,12.100119546642656
horizontal:train:1b1c5372:full,train,1b1c5372,horizontal,full,data/raw/train/1b1c5372__horizontal_well.csv,4303,4303,773,10327.61,10881.58,70.60811395085103,14.196670833619747
horizontal:train:1b1eba53:prefix,train,1b1eba53,horizontal,prefix,data/raw/train/1b1eba53__horizontal_well.csv,1873,1873,970,11793.02,12726.070000000002,76.50675980713254,22.181620482364895
horizontal:train:1b1eba53:hidden,train,1b1eba53,horizontal,hidden,data/raw/train/1b1eba53__horizontal_well.csv,3896,3896,199,12726.19,12825.070000000002,86.5313698272924,17.139967779871434
horizontal:train:1b1eba53:full,train,1b1eba53,horizontal,full,data/raw/train/1b1eba53__horizontal_well.csv,5769,5769,1168,11793.02,12825.070000000002,83.27671658275099,19.4981047523465
horizontal:train:1b6ba517:prefix,train,1b6ba517,horizontal,prefix,data/raw/train/1b6ba517__horizontal_well.csv,1192,1192,760,11174.38,12063.34,92.66929768334752,21.891739524832346
horizontal:train:1b6ba517:hidden,train,1b6ba517,horizontal,hidden,data/raw/train/1b6ba517__horizontal_well.csv,3801,3801,38,12048.19,12066.7,87.19777171953368,14.367454234882816
horizontal:train:1b6ba517:full,train,1b6ba517,horizontal,full,data/raw/train/1b6ba517__horizontal_well.csv,4993,4993,766,11174.38,12066.7,88.504012246044,16.64323155374497
horizontal:train:1b82b665:prefix,train,1b82b665,horizontal,prefix,data/raw/train/1b82b665__horizontal_well.csv,1267,1267,642,10328.71,10847.28,67.0024265572033,15.414575700001754
horizontal:train:1b82b665:hidden,train,1b82b665,horizontal,hidden,data/raw/train/1b82b665__horizontal_well.csv,3558,3558,38,10834.91,10853.320000000002,72.8249341693125,11.47460791590604
horizontal:train:1b82b665:full,train,1b82b665,horizontal,full,data/raw/train/1b82b665__horizontal_well.csv,4825,4825,654,10328.71,10853.320000000002,71.29599797355243,12.886067690330178
horizontal:train:1bcb2fcf:prefix,train,1bcb2fcf,horizontal,prefix,data/raw/train/1bcb2fcf__horizontal_well.csv,1528,1528,791,11929.01,12562.490000000002,83.8512094384356,19.614480789659858
horizontal:train:1bcb2fcf:hidden,train,1bcb2fcf,horizontal,hidden,data/raw/train/1bcb2fcf__horizontal_well.csv,4224,4224,46,12546.35,12568.8,90.03467941834819,13.972786035444548
horizontal:train:1bcb2fcf:full,train,1bcb2fcf,horizontal,full,data/raw/train/1bcb2fcf__horizontal_well.csv,5752,5752,804,11929.01,12568.8,88.39206082841314,15.907067563110925
horizontal:train:1beca81d:prefix,train,1beca81d,horizontal,prefix,data/raw/train/1beca81d__horizontal_well.csv,1053,1053,686,10759.05,11368.71,85.00764896115192,22.412100852311145
horizontal:train:1beca81d:hidden,train,1beca81d,horizontal,hidden,data/raw/train/1beca81d__horizontal_well.csv,2622,2622,52,11351.7,11376.97,86.09521294533046,16.41580784896629
horizontal:train:1beca81d:full,train,1beca81d,horizontal,full,data/raw/train/1beca81d__horizontal_well.csv,3675,3675,703,10759.05,11376.97,85.78359257108826,18.342072187284252
horizontal:train:1d3fbf02:prefix,train,1d3fbf02,horizontal,prefix,data/raw/train/1d3fbf02__horizontal_well.csv,1120,1120,525,11290.02,11763.2,78.73267891290932,17.845110052278773
horizontal:train:1d3fbf02:hidden,train,1d3fbf02,horizontal,hidden,data/raw/train/1d3fbf02__horizontal_well.csv,1726,1726,31,11751.89,11767.08,82.84741620365422,9.288907201539356
horizontal:train:1d3fbf02:full,train,1d3fbf02,horizontal,full,data/raw/train/1d3fbf02__horizontal_well.csv,2846,2846,533,11290.02,11767.08,81.22812394587689,13.479218193345925
horizontal:train:1d78281a:prefix,train,1d78281a,horizontal,prefix,data/raw/train/1d78281a__horizontal_well.csv,1613,1613,981,11918.4,12783.53,84.88666464198916,18.511996061130148
horizontal:train:1d78281a:hidden,train,1d78281a,horizontal,hidden,data/raw/train/1d78281a__horizontal_well.csv,3886,3886,55,12779.09,12805.9,86.15519034947839,19.303695518161973
horizontal:train:1d78281a:full,train,1d78281a,horizontal,full,data/raw/train/1d78281a__horizontal_well.csv,5499,5499,1026,11918.4,12805.9,85.78309870260075,19.083616701119514
horizontal:train:1e30dedf:prefix,train,1e30dedf,horizontal,prefix,data/raw/train/1e30dedf__horizontal_well.csv,871,871,442,10298.94,10655.44,44.076476062231954,16.417236992001342
horizontal:train:1e30dedf:hidden,train,1e30dedf,horizontal,hidden,data/raw/train/1e30dedf__horizontal_well.csv,2137,2137,51,10626.79,10651.84,39.98821847254749,12.90582255674197
horizontal:train:1e30dedf:full,train,1e30dedf,horizontal,full,data/raw/train/1e30dedf__horizontal_well.csv,3008,3008,448,10298.94,10655.44,41.17201912434775,14.135534649283766
horizontal:train:1e5e3573:prefix,train,1e5e3573,horizontal,prefix,data/raw/train/1e5e3573__horizontal_well.csv,875,875,661,11483.7,12215.12,77.94875014135164,21.98317788923517
horizontal:train:1e5e3573:hidden,train,1e5e3573,horizontal,hidden,data/raw/train/1e5e3573__horizontal_well.csv,2234,2234,61,12208.22,12237.97,82.21524284658483,13.554270686598807
horizontal:train:1e5e3573:full,train,1e5e3573,horizontal,full,data/raw/train/1e5e3573__horizontal_well.csv,3109,3109,707,11483.7,12237.97,81.01447696782026,16.483410658396824
horizontal:train:1f9afacb:prefix,train,1f9afacb,horizontal,prefix,data/raw/train/1f9afacb__horizontal_well.csv,1333,1333,834,11173.1,11952.77,78.87217132475988,25.90470295102614
horizontal:train:1f9afacb:hidden,train,1f9afacb,horizontal,hidden,data/raw/train/1f9afacb__horizontal_well.csv,2980,2980,16,11950.54,11958.08,69.20758325947655,7.926444764299331
horizontal:train:1f9afacb:full,train,1f9afacb,horizontal,full,data/raw/train/1f9afacb__horizontal_well.csv,4313,4313,844,11173.1,11958.08,72.19457511920822,16.45466255026307
horizontal:train:1fdbba44:prefix,train,1fdbba44,horizontal,prefix,data/raw/train/1fdbba44__horizontal_well.csv,1173,1173,587,12337.28,12803.78,81.83231155638245,16.70495930372429
horizontal:train:1fdbba44:hidden,train,1fdbba44,horizontal,hidden,data/raw/train/1fdbba44__horizontal_well.csv,3934,3934,36,12798.35,12816.12,80.06627825186004,18.778535377146415
horizontal:train:1fdbba44:full,train,1fdbba44,horizontal,full,data/raw/train/1fdbba44__horizontal_well.csv,5107,5107,611,12337.28,12816.12,80.47190916358997,18.33808962059803
horizontal:train:1fee2b62:prefix,train,1fee2b62,horizontal,prefix,data/raw/train/1fee2b62__horizontal_well.csv,890,890,627,11747.95,12510.64,90.79821780866821,22.06070917808485
horizontal:train:1fee2b62:hidden,train,1fee2b62,horizontal,hidden,data/raw/train/1fee2b62__horizontal_well.csv,1926,1926,53,12499.1,12524.86,78.88042038074899,12.244095358767588
horizontal:train:1fee2b62:full,train,1fee2b62,horizontal,full,data/raw/train/1fee2b62__horizontal_well.csv,2816,2816,657,11747.95,12524.86,82.64705380079448,16.942631325342216
horizontal:train:20096916:prefix,train,20096916,horizontal,prefix,data/raw/train/20096916__horizontal_well.csv,1076,1076,633,11116.37,11917.42,105.11155115045304,25.877522887199216
horizontal:train:20096916:hidden,train,20096916,horizontal,hidden,data/raw/train/20096916__horizontal_well.csv,2476,2476,45,11890.13,11912.09,111.63929967457808,20.48929897490889
horizontal:train:20096916:full,train,20096916,horizontal,full,data/raw/train/20096916__horizontal_well.csv,3552,3552,633,11116.37,11917.42,109.66186234013028,22.46088314254748
horizontal:train:200d233d:prefix,train,200d233d,horizontal,prefix,data/raw/train/200d233d__horizontal_well.csv,1889,1889,877,11340.43,12056.38,79.98999651276587,18.76801569863847
horizontal:train:200d233d:hidden,train,200d233d,horizontal,hidden,data/raw/train/200d233d__horizontal_well.csv,3619,3619,40,12039.89,12059.31,84.99702789799035,11.186574011095281
horizontal:train:200d233d:full,train,200d233d,horizontal,full,data/raw/train/200d233d__horizontal_well.csv,5508,5508,883,11340.43,12059.31,83.27983794034891,14.44553941338349
horizontal:train:201661b5:prefix,train,201661b5,horizontal,prefix,data/raw/train/201661b5__horizontal_well.csv,2097,2097,1287,11048.2,12192.490000000002,85.2507390686695,23.259532216531124
horizontal:train:201661b5:hidden,train,201661b5,horizontal,hidden,data/raw/train/201661b5__horizontal_well.csv,5561,5561,93,12167.570000000002,12213.54,76.63507819677416,12.585169569173388
horizontal:train:201661b5:full,train,201661b5,horizontal,full,data/raw/train/201661b5__horizontal_well.csv,7658,7658,1330,11048.2,12213.54,78.99431570635429,16.670933683179403
horizontal:train:203721ab:prefix,train,203721ab,horizontal,prefix,data/raw/train/203721ab__horizontal_well.csv,1230,1230,702,10622.67,11203.14,81.12483589862602,14.958382544205719
horizontal:train:203721ab:hidden,train,203721ab,horizontal,hidden,data/raw/train/203721ab__horizontal_well.csv,4556,4556,59,11180.62,11209.59,80.06795828334096,12.616295738586807
horizontal:train:203721ab:full,train,203721ab,horizontal,full,data/raw/train/203721ab__horizontal_well.csv,5786,5786,715,10622.67,11209.59,80.29263154065183,13.156250634358715
horizontal:train:20402d71:prefix,train,20402d71,horizontal,prefix,data/raw/train/20402d71__horizontal_well.csv,1542,1542,801,10286.45,10966.39,106.02268456353106,23.462640773505914
horizontal:train:20402d71:hidden,train,20402d71,horizontal,hidden,data/raw/train/20402d71__horizontal_well.csv,6287,6287,52,10942.14,10967.51,115.67628175230341,17.1390313273655
horizontal:train:20402d71:full,train,20402d71,horizontal,full,data/raw/train/20402d71__horizontal_well.csv,7829,7829,803,10286.45,10967.51,113.77490905271381,18.948761812351847
horizontal:train:2043abc5:prefix,train,2043abc5,horizontal,prefix,data/raw/train/2043abc5__horizontal_well.csv,623,623,425,10898.62,11425.44,84.48025955207187,24.832002021433524
horizontal:train:2043abc5:hidden,train,2043abc5,horizontal,hidden,data/raw/train/2043abc5__horizontal_well.csv,2279,2279,66,11419.61,11452.23,87.69252154035235,13.1710011936385
horizontal:train:2043abc5:full,train,2043abc5,horizontal,full,data/raw/train/2043abc5__horizontal_well.csv,2902,2902,479,10898.62,11452.23,87.00291464211018,16.442347834390368
horizontal:train:204cc64b:prefix,train,204cc64b,horizontal,prefix,data/raw/train/204cc64b__horizontal_well.csv,1248,1248,744,11787.23,12558.33,91.71226548624433,28.7152679145994
horizontal:train:204cc64b:hidden,train,204cc64b,horizontal,hidden,data/raw/train/204cc64b__horizontal_well.csv,3088,3088,54,12543.11,12569.320000000002,48.440381022921834,9.871128144308807
horizontal:train:204cc64b:full,train,204cc64b,horizontal,full,data/raw/train/204cc64b__horizontal_well.csv,4336,4336,766,11787.23,12569.320000000002,60.89501935553864,26.278141840498012
horizontal:train:206b6193:prefix,train,206b6193,horizontal,prefix,data/raw/train/206b6193__horizontal_well.csv,1984,1984,883,10719.490000000002,11472.14,83.33791167757651,21.19650630478704
horizontal:train:206b6193:hidden,train,206b6193,horizontal,hidden,data/raw/train/206b6193__horizontal_well.csv,6267,6267,141,11386.48,11456.55,89.74621218278605,15.09554312931394
horizontal:train:206b6193:full,train,206b6193,horizontal,full,data/raw/train/206b6193__horizontal_well.csv,8251,8251,895,10719.490000000002,11472.14,88.20529978400582,16.988716572115468
horizontal:train:2075c696:prefix,train,2075c696,horizontal,prefix,data/raw/train/2075c696__horizontal_well.csv,2191,2191,1307,10082.98,11199.27,85.50407971526305,22.65477542883979
horizontal:train:2075c696:hidden,train,2075c696,horizontal,hidden,data/raw/train/2075c696__horizontal_well.csv,2930,2930,65,11190.44,11222.56,82.31444738106075,8.977267361778312
horizontal:train:2075c696:full,train,2075c696,horizontal,full,data/raw/train/2075c696__horizontal_well.csv,5121,5121,1353,10082.98,11222.56,83.67911921160895,16.376457677788345
horizontal:train:22c5f93f:prefix,train,22c5f93f,horizontal,prefix,data/raw/train/22c5f93f__horizontal_well.csv,878,878,654,11045.070000000002,11875.55,111.7844933639333,32.791919499122905
horizontal:train:22c5f93f:hidden,train,22c5f93f,horizontal,hidden,data/raw/train/22c5f93f__horizontal_well.csv,2236,2236,53,11852.34,11878.48,114.62565959675234,19.83102816956895
horizontal:train:22c5f93f:full,train,22c5f93f,horizontal,full,data/raw/train/22c5f93f__horizontal_well.csv,3114,3114,662,11045.070000000002,11878.48,113.82458575204616,24.23235221196733
horizontal:train:230eaaa3:prefix,train,230eaaa3,horizontal,prefix,data/raw/train/230eaaa3__horizontal_well.csv,1470,1470,998,10515.75,11432.88,91.78134724943996,25.445686220281992
horizontal:train:230eaaa3:hidden,train,230eaaa3,horizontal,hidden,data/raw/train/230eaaa3__horizontal_well.csv,3804,3804,167,11400.87,11484.240000000002,85.64259349432324,13.638507813085663
horizontal:train:230eaaa3:full,train,230eaaa3,horizontal,full,data/raw/train/230eaaa3__horizontal_well.csv,5274,5274,1102,10515.75,11484.240000000002,87.35362269796784,17.950197689940143
horizontal:train:2364716c:prefix,train,2364716c,horizontal,prefix,data/raw/train/2364716c__horizontal_well.csv,1355,1355,818,10210.01,10967.56,90.03033256137891,25.23593343766431
horizontal:train:2364716c:hidden,train,2364716c,horizontal,hidden,data/raw/train/2364716c__horizontal_well.csv,3048,3048,68,10961.98,10995.46,91.17362741183445,11.633936737304797
horizontal:train:2364716c:full,train,2364716c,horizontal,full,data/raw/train/2364716c__horizontal_well.csv,4403,4403,874,10210.01,10995.46,90.82178445876445,17.028273934530255
horizontal:train:23b9beb0:prefix,train,23b9beb0,horizontal,prefix,data/raw/train/23b9beb0__horizontal_well.csv,1261,1261,633,10893.58,11393.75,71.56534985077066,16.82454803704229
horizontal:train:23b9beb0:hidden,train,23b9beb0,horizontal,hidden,data/raw/train/23b9beb0__horizontal_well.csv,5673,5673,37,11385.55,11403.740000000002,81.92158199185641,13.598988700596962
horizontal:train:23b9beb0:full,train,23b9beb0,horizontal,full,data/raw/train/23b9beb0__horizontal_well.csv,6934,6934,653,10893.58,11403.740000000002,80.03822336337225,14.789731657497978
horizontal:train:24d8997e:prefix,train,24d8997e,horizontal,prefix,data/raw/train/24d8997e__horizontal_well.csv,1622,1622,835,10473.35,11183.39,131.669749526733,26.70835474970104
horizontal:train:24d8997e:hidden,train,24d8997e,horizontal,hidden,data/raw/train/24d8997e__horizontal_well.csv,2930,2930,39,11171.34,11190.25,129.89480264659204,23.74137975529846
horizontal:train:24d8997e:full,train,24d8997e,horizontal,full,data/raw/train/24d8997e__horizontal_well.csv,4552,4552,849,10473.35,11190.25,130.52726394702893,24.85380864714544
horizontal:train:25050f63:prefix,train,25050f63,horizontal,prefix,data/raw/train/25050f63__horizontal_well.csv,1010,1010,949,10252.06,10929.05,115.4250401689467,28.73192390799755
horizontal:train:25050f63:hidden,train,25050f63,horizontal,hidden,data/raw/train/25050f63__horizontal_well.csv,5818,5818,98,10929.23,10977.59,117.3767173125343,17.645224691392894
horizontal:train:25050f63:full,train,25050f63,horizontal,full,data/raw/train/25050f63__horizontal_well.csv,6828,6828,1046,10252.06,10977.59,117.0880245891858,19.694927433041137
horizontal:train:25939962:prefix,train,25939962,horizontal,prefix,data/raw/train/25939962__horizontal_well.csv,921,921,708,11448.27,12257.51,84.34718608360295,24.720949597497455
horizontal:train:25939962:hidden,train,25939962,horizontal,hidden,data/raw/train/25939962__horizontal_well.csv,1630,1630,70,12239.72,12274.45,92.52527758092202,14.664194352626929
horizontal:train:25939962:full,train,25939962,horizontal,full,data/raw/train/25939962__horizontal_well.csv,2551,2551,744,11448.27,12274.45,89.57270123085114,19.32533221103944
horizontal:train:25fd32b3:prefix,train,25fd32b3,horizontal,prefix,data/raw/train/25fd32b3__horizontal_well.csv,1360,1360,694,10672.33,11196.52,117.61975192389437,29.39292856237879
horizontal:train:25fd32b3:hidden,train,25fd32b3,horizontal,hidden,data/raw/train/25fd32b3__horizontal_well.csv,2147,2147,13,11185.0,11191.06,137.18402040704518,26.823016607212594
horizontal:train:25fd32b3:full,train,25fd32b3,horizontal,full,data/raw/train/25fd32b3__horizontal_well.csv,3507,3507,694,10672.33,11196.52,129.5970785373317,29.434170222757455
horizontal:train:261785ee:prefix,train,261785ee,horizontal,prefix,data/raw/train/261785ee__horizontal_well.csv,1413,1413,886,10339.95,11319.490000000002,70.26992205207534,24.021134028813837
horizontal:train:261785ee:hidden,train,261785ee,horizontal,hidden,data/raw/train/261785ee__horizontal_well.csv,2275,2275,76,11282.69,11320.17,51.4397935690172,15.820367619625376
horizontal:train:261785ee:full,train,261785ee,horizontal,full,data/raw/train/261785ee__horizontal_well.csv,3688,3688,888,10339.95,11320.17,58.65426524650125,21.430508993258446
horizontal:train:264feceb:prefix,train,264feceb,horizontal,prefix,data/raw/train/264feceb__horizontal_well.csv,1678,1678,855,10435.77,11209.35,83.65128106062423,17.040793622424122
horizontal:train:264feceb:hidden,train,264feceb,horizontal,hidden,data/raw/train/264feceb__horizontal_well.csv,5422,5422,39,11181.03,11199.91,81.92890387416047,11.615650915409889
horizontal:train:264feceb:full,train,264feceb,horizontal,full,data/raw/train/264feceb__horizontal_well.csv,7100,7100,856,10435.77,11209.35,82.3359671021726,13.122542621136834
horizontal:train:26623a50:prefix,train,26623a50,horizontal,prefix,data/raw/train/26623a50__horizontal_well.csv,1380,1380,839,10575.12,11387.02,95.72931873037876,25.126038726838793
horizontal:train:26623a50:hidden,train,26623a50,horizontal,hidden,data/raw/train/26623a50__horizontal_well.csv,4126,4126,70,11352.33,11386.93,98.17372849373601,16.249011488031975
horizontal:train:26623a50:full,train,26623a50,horizontal,full,data/raw/train/26623a50__horizontal_well.csv,5506,5506,843,10575.12,11387.02,97.56107221450735,18.89994564094406
horizontal:train:26d3a96a:prefix,train,26d3a96a,horizontal,prefix,data/raw/train/26d3a96a__horizontal_well.csv,1182,1182,740,11871.68,12631.8,85.0562153237591,28.036850040759525
horizontal:train:26d3a96a:hidden,train,26d3a96a,horizontal,hidden,data/raw/train/26d3a96a__horizontal_well.csv,3224,3224,78,12608.88,12647.26,66.86907439851622,11.409774386527204
horizontal:train:26d3a96a:full,train,26d3a96a,horizontal,full,data/raw/train/26d3a96a__horizontal_well.csv,4406,4406,771,11871.68,12647.26,71.74814851872436,19.26312063611759
horizontal:train:272abef3:prefix,train,272abef3,horizontal,prefix,data/raw/train/272abef3__horizontal_well.csv,1478,1478,701,10855.88,11455.98,93.59371145147975,26.248283299362477
horizontal:train:272abef3:hidden,train,272abef3,horizontal,hidden,data/raw/train/272abef3__horizontal_well.csv,3942,3942,42,11427.58,11448.23,98.63816230057569,18.146036577711573
horizontal:train:272abef3:full,train,272abef3,horizontal,full,data/raw/train/272abef3__horizontal_well.csv,5420,5420,702,10855.88,11455.98,97.26257219818383,20.794511692545928
horizontal:train:27300fd5:prefix,train,27300fd5,horizontal,prefix,data/raw/train/27300fd5__horizontal_well.csv,1872,1872,1021,11794.58,12561.35,78.6083224035609,31.064852665076817
horizontal:train:27300fd5:hidden,train,27300fd5,horizontal,hidden,data/raw/train/27300fd5__horizontal_well.csv,5265,5265,56,12559.83,12587.45,42.73215937439891,11.945265392804354
horizontal:train:27300fd5:full,train,27300fd5,horizontal,full,data/raw/train/27300fd5__horizontal_well.csv,7137,7137,1073,11794.58,12587.45,52.14230049680206,24.646155435538027
horizontal:train:276b012a:prefix,train,276b012a,horizontal,prefix,data/raw/train/276b012a__horizontal_well.csv,1300,1300,573,11965.77,12419.46,82.8347752372362,25.98159497832512
horizontal:train:276b012a:hidden,train,276b012a,horizontal,hidden,data/raw/train/276b012a__horizontal_well.csv,4063,4063,97,12406.8,12454.93,55.500369222535774,26.795175566936646
horizontal:train:276b012a:full,train,276b012a,horizontal,full,data/raw/train/276b012a__horizontal_well.csv,5363,5363,644,11965.77,12454.93,62.12627409277828,29.065197621382787
horizontal:train:27c3155b:prefix,train,27c3155b,horizontal,prefix,data/raw/train/27c3155b__horizontal_well.csv,1922,1922,1086,11737.42,12756.28,86.70710989981731,28.698841884485788
horizontal:train:27c3155b:hidden,train,27c3155b,horizontal,hidden,data/raw/train/27c3155b__horizontal_well.csv,4787,4787,51,12732.61,12757.37,66.35515613751147,9.095307341054024
horizontal:train:27c3155b:full,train,27c3155b,horizontal,full,data/raw/train/27c3155b__horizontal_well.csv,6709,6709,1088,11737.42,12757.37,72.18560108178809,19.484476391873223
horizontal:train:27ebb9b9:prefix,train,27ebb9b9,horizontal,prefix,data/raw/train/27ebb9b9__horizontal_well.csv,1654,1654,952,11120.89,11938.34,84.10172133505475,28.933318508958404
horizontal:train:27ebb9b9:hidden,train,27ebb9b9,horizontal,hidden,data/raw/train/27ebb9b9__horizontal_well.csv,4522,4522,50,11930.64,11955.02,63.96988484856075,10.047069938286901
horizontal:train:27ebb9b9:full,train,27ebb9b9,horizontal,full,data/raw/train/27ebb9b9__horizontal_well.csv,6176,6176,985,11120.89,11955.02,69.36140971071441,19.431339340751656
horizontal:train:283269ac:prefix,train,283269ac,horizontal,prefix,data/raw/train/283269ac__horizontal_well.csv,1043,1043,749,10538.7,11452.21,85.88460911423125,27.440943136539417
horizontal:train:283269ac:hidden,train,283269ac,horizontal,hidden,data/raw/train/283269ac__horizontal_well.csv,848,848,8,11449.13,11452.75,77.439664410599,11.183698314413762
horizontal:train:283269ac:full,train,283269ac,horizontal,full,data/raw/train/283269ac__horizontal_well.csv,1891,1891,750,10538.7,11452.75,82.09755828996886,22.114610827419874
horizontal:train:28473855:prefix,train,28473855,horizontal,prefix,data/raw/train/28473855__horizontal_well.csv,2261,2261,1327,9864.490000000002,10984.14,91.39915061945665,29.114075948580002
horizontal:train:28473855:hidden,train,28473855,horizontal,hidden,data/raw/train/28473855__horizontal_well.csv,4158,4158,43,10976.88,10998.22,91.50500552932205,10.366469316688665
horizontal:train:28473855:full,train,28473855,horizontal,full,data/raw/train/28473855__horizontal_well.csv,6419,6419,1355,9864.490000000002,10998.22,91.46771966685037,19.18798913548102
horizontal:train:28f4eda9:prefix,train,28f4eda9,horizontal,prefix,data/raw/train/28f4eda9__horizontal_well.csv,1268,1268,516,10545.67,10953.3,107.2104924382485,23.82212748845485
horizontal:train:28f4eda9:hidden,train,28f4eda9,horizontal,hidden,data/raw/train/28f4eda9__horizontal_well.csv,4048,4048,47,10927.48,10950.34,107.23231919599263,17.332263442568603
horizontal:train:28f4eda9:full,train,28f4eda9,horizontal,full,data/raw/train/28f4eda9__horizontal_well.csv,5316,5316,516,10545.67,10953.3,107.22711296408525,19.08177879245436
horizontal:train:29b24409:prefix,train,29b24409,horizontal,prefix,data/raw/train/29b24409__horizontal_well.csv,993,993,567,10684.21,11202.39,72.28653899778868,17.026363246729463
horizontal:train:29b24409:hidden,train,29b24409,horizontal,hidden,data/raw/train/29b24409__horizontal_well.csv,2260,2260,42,11201.33,11221.92,85.60207180343741,10.805116933152988
horizontal:train:29b24409:full,train,29b24409,horizontal,full,data/raw/train/29b24409__horizontal_well.csv,3253,3253,606,10684.21,11221.92,81.53741638505156,14.394662401352566
horizontal:train:29de15c8:prefix,train,29de15c8,horizontal,prefix,data/raw/train/29de15c8__horizontal_well.csv,1657,1657,893,11348.15,11992.54,77.4659861109486,17.292883693774638
horizontal:train:29de15c8:hidden,train,29de15c8,horizontal,hidden,data/raw/train/29de15c8__horizontal_well.csv,3294,3294,20,11982.35,11991.990000000002,83.18136208500802,12.865272977400634
horizontal:train:29de15c8:full,train,29de15c8,horizontal,full,data/raw/train/29de15c8__horizontal_well.csv,4951,4951,893,11348.15,11992.54,81.26854083899377,14.747141495514901
horizontal:train:2ab29395:prefix,train,2ab29395,horizontal,prefix,data/raw/train/2ab29395__horizontal_well.csv,1145,1145,594,11853.56,12216.21,86.1859672127416,23.122489996151565
horizontal:train:2ab29395:hidden,train,2ab29395,horizontal,hidden,data/raw/train/2ab29395__horizontal_well.csv,1188,1188,15,12208.15,12215.17,98.10725555108625,9.951327566511406
horizontal:train:2ab29395:full,train,2ab29395,horizontal,full,data/raw/train/2ab29395__horizontal_well.csv,2333,2333,594,11853.56,12216.21,92.25647323329602,18.663920672711363
horizontal:train:2ac7cb6b:prefix,train,2ac7cb6b,horizontal,prefix,data/raw/train/2ac7cb6b__horizontal_well.csv,1391,1391,709,10349.29,10881.41,82.33182471918244,21.56873141357834
horizontal:train:2ac7cb6b:hidden,train,2ac7cb6b,horizontal,hidden,data/raw/train/2ac7cb6b__horizontal_well.csv,4792,4792,133,10834.09,10899.91,85.34893874261472,15.791372388583964
horizontal:train:2ac7cb6b:full,train,2ac7cb6b,horizontal,full,data/raw/train/2ac7cb6b__horizontal_well.csv,6183,6183,747,10349.29,10899.91,84.67017348196548,17.306447862967236
horizontal:train:2acc78d4:prefix,train,2acc78d4,horizontal,prefix,data/raw/train/2acc78d4__horizontal_well.csv,1097,1097,709,11087.570000000002,11866.41,103.9081099757276,28.85066846050233
horizontal:train:2acc78d4:hidden,train,2acc78d4,horizontal,hidden,data/raw/train/2acc78d4__horizontal_well.csv,1357,1357,67,11857.820000000002,11890.83,115.71693661128911,15.825759647545556
horizontal:train:2acc78d4:full,train,2acc78d4,horizontal,full,data/raw/train/2acc78d4__horizontal_well.csv,2454,2454,758,11087.570000000002,11890.83,110.43809275667991,23.346354993213485
horizontal:train:2b034622:prefix,train,2b034622,horizontal,prefix,data/raw/train/2b034622__horizontal_well.csv,1328,1328,773,9470.04,10072.18,80.32558189029014,19.083827797354264
horizontal:train:2b034622:hidden,train,2b034622,horizontal,hidden,data/raw/train/2b034622__horizontal_well.csv,3587,3587,26,10059.48,10071.89,87.29067496892861,13.13782212796622
horizontal:train:2b034622:full,train,2b034622,horizontal,full,data/raw/train/2b034622__horizontal_well.csv,4915,4915,773,9470.04,10072.18,85.40875358369324,15.294929290007701
horizontal:train:2b06ad65:prefix,train,2b06ad65,horizontal,prefix,data/raw/train/2b06ad65__horizontal_well.csv,1383,1383,675,11448.94,11960.62,69.45266787572324,16.76942806533569
horizontal:train:2b06ad65:hidden,train,2b06ad65,horizontal,hidden,data/raw/train/2b06ad65__horizontal_well.csv,4089,4089,16,11950.070000000002,11957.29,67.71131507665915,7.275417165747258
horizontal:train:2b06ad65:full,train,2b06ad65,horizontal,full,data/raw/train/2b06ad65__horizontal_well.csv,5472,5472,675,11448.94,11960.62,68.15142672159804,10.54517259625029
horizontal:train:2b547943:prefix,train,2b547943,horizontal,prefix,data/raw/train/2b547943__horizontal_well.csv,1263,1263,749,11479.63,12209.740000000002,92.69416283743091,23.5289892502653
horizontal:train:2b547943:hidden,train,2b547943,horizontal,hidden,data/raw/train/2b547943__horizontal_well.csv,2240,2240,39,12207.19,12226.18,91.40732006346846,13.121869849365833
horizontal:train:2b547943:full,train,2b547943,horizontal,full,data/raw/train/2b547943__horizontal_well.csv,3503,3503,782,11479.63,12226.18,91.87128878271328,17.609346113412418
horizontal:train:2be5c96a:prefix,train,2be5c96a,horizontal,prefix,data/raw/train/2be5c96a__horizontal_well.csv,605,605,453,11192.78,11797.59,90.84452996784503,30.932549527980495
horizontal:train:2be5c96a:hidden,train,2be5c96a,horizontal,hidden,data/raw/train/2be5c96a__horizontal_well.csv,950,950,30,11793.76,11808.570000000002,76.86822024299796,9.395234030763008
horizontal:train:2be5c96a:full,train,2be5c96a,horizontal,full,data/raw/train/2be5c96a__horizontal_well.csv,1555,1555,475,11192.78,11808.570000000002,82.30594846391918,21.739971510327678
horizontal:train:2bff06cf:prefix,train,2bff06cf,horizontal,prefix,data/raw/train/2bff06cf__horizontal_well.csv,999,999,775,10166.0,11004.070000000002,81.3752681102619,22.163994176673484
horizontal:train:2bff06cf:hidden,train,2bff06cf,horizontal,hidden,data/raw/train/2bff06cf__horizontal_well.csv,3811,3811,89,11004.18,11048.66,74.95437141746496,11.252882844009982
horizontal:train:2bff06cf:full,train,2bff06cf,horizontal,full,data/raw/train/2bff06cf__horizontal_well.csv,4810,4810,863,10166.0,11048.66,76.28794226904584,14.461655080933667
horizontal:train:2c0c4a4e:prefix,train,2c0c4a4e,horizontal,prefix,data/raw/train/2c0c4a4e__horizontal_well.csv,1802,1802,915,10211.19,10981.41,97.54388689323746,26.524194395996336
horizontal:train:2c0c4a4e:hidden,train,2c0c4a4e,horizontal,hidden,data/raw/train/2c0c4a4e__horizontal_well.csv,4566,4566,41,10960.46,10980.46,108.00637162339466,20.691059483543537
horizontal:train:2c0c4a4e:full,train,2c0c4a4e,horizontal,full,data/raw/train/2c0c4a4e__horizontal_well.csv,6368,6368,915,10211.19,10981.41,105.04572503361085,22.98403510680494
horizontal:train:2cee0cba:prefix,train,2cee0cba,horizontal,prefix,data/raw/train/2cee0cba__horizontal_well.csv,1283,1283,847,10464.68,11246.740000000002,89.35658877979495,18.613253319410187
horizontal:train:2cee0cba:hidden,train,2cee0cba,horizontal,hidden,data/raw/train/2cee0cba__horizontal_well.csv,2917,2917,72,11207.09,11242.52,86.60264309692501,10.655226979870836
horizontal:train:2cee0cba:full,train,2cee0cba,horizontal,full,data/raw/train/2cee0cba__horizontal_well.csv,4200,4200,849,10464.68,11246.740000000002,87.44390793290646,13.648964976483255
horizontal:train:2d0c268a:prefix,train,2d0c268a,horizontal,prefix,data/raw/train/2d0c268a__horizontal_well.csv,1387,1387,797,10541.83,11335.92,86.69288853752879,24.51073176526074
horizontal:train:2d0c268a:hidden,train,2d0c268a,horizontal,hidden,data/raw/train/2d0c268a__horizontal_well.csv,3263,3263,55,11300.36,11327.56,70.32582902378228,8.743632976147383
horizontal:train:2d0c268a:full,train,2d0c268a,horizontal,full,data/raw/train/2d0c268a__horizontal_well.csv,4650,4650,804,10541.83,11335.92,75.2077884959471,16.997538130782416
horizontal:train:2d179ded:prefix,train,2d179ded,horizontal,prefix,data/raw/train/2d179ded__horizontal_well.csv,1593,1593,1000,9721.39,10715.19,81.63340426884707,21.563601293127697
horizontal:train:2d179ded:hidden,train,2d179ded,horizontal,hidden,data/raw/train/2d179ded__horizontal_well.csv,3760,3760,51,10685.97,10710.81,79.35450576813842,11.589344572557746
horizontal:train:2d179ded:full,train,2d179ded,horizontal,full,data/raw/train/2d179ded__horizontal_well.csv,5353,5353,1000,9721.39,10715.19,80.03268348374255,15.29066364389352
horizontal:train:2d196986:prefix,train,2d196986,horizontal,prefix,data/raw/train/2d196986__horizontal_well.csv,1825,1825,948,10426.18,11205.81,116.00854132517996,26.420676726707796
horizontal:train:2d196986:hidden,train,2d196986,horizontal,hidden,data/raw/train/2d196986__horizontal_well.csv,6391,6391,64,11178.41,11209.96,127.83990647479239,20.496258998876883
horizontal:train:2d196986:full,train,2d196986,horizontal,full,data/raw/train/2d196986__horizontal_well.csv,8216,8216,956,10426.18,11209.96,125.21183425010365,22.49500240205796
horizontal:train:2d2d0c6b:prefix,train,2d2d0c6b,horizontal,prefix,data/raw/train/2d2d0c6b__horizontal_well.csv,859,859,549,10596.08,11193.31,116.26128652162578,29.738434042827173
horizontal:train:2d2d0c6b:hidden,train,2d2d0c6b,horizontal,hidden,data/raw/train/2d2d0c6b__horizontal_well.csv,1891,1891,29,11185.68,11199.26,124.74162071852386,16.515902466476643
horizontal:train:2d2d0c6b:full,train,2d2d0c6b,horizontal,full,data/raw/train/2d2d0c6b__horizontal_well.csv,2750,2750,561,10596.08,11199.26,122.09267269120187,21.89208746500013
horizontal:train:2d35f86d:prefix,train,2d35f86d,horizontal,prefix,data/raw/train/2d35f86d__horizontal_well.csv,1369,1369,828,11191.34,11885.35,112.62433919536744,29.760929561207
horizontal:train:2d35f86d:hidden,train,2d35f86d,horizontal,hidden,data/raw/train/2d35f86d__horizontal_well.csv,3655,3655,63,11863.11,11893.88,114.17888632758157,17.440982731929473
horizontal:train:2d35f86d:full,train,2d35f86d,horizontal,full,data/raw/train/2d35f86d__horizontal_well.csv,5024,5024,855,11191.34,11893.88,113.75528461102084,21.52040648174047
horizontal:train:2d9f6cb9:prefix,train,2d9f6cb9,horizontal,prefix,data/raw/train/2d9f6cb9__horizontal_well.csv,1224,1224,496,12200.01,12529.17,81.06237705612203,16.585480871394324
horizontal:train:2d9f6cb9:hidden,train,2d9f6cb9,horizontal,hidden,data/raw/train/2d9f6cb9__horizontal_well.csv,7072,7072,40,12521.34,12540.86,86.94018068682362,10.86772159839738
horizontal:train:2d9f6cb9:full,train,2d9f6cb9,horizontal,full,data/raw/train/2d9f6cb9__horizontal_well.csv,8296,8296,520,12200.01,12540.86,86.07296375770372,12.066990719484204
horizontal:train:2ddad940:prefix,train,2ddad940,horizontal,prefix,data/raw/train/2ddad940__horizontal_well.csv,1294,1294,695,11108.76,11701.37,100.90100637230898,31.579703755037066
horizontal:train:2ddad940:hidden,train,2ddad940,horizontal,hidden,data/raw/train/2ddad940__horizontal_well.csv,4458,4458,50,11688.81,11713.52,85.44796634772037,10.442869197184008
horizontal:train:2ddad940:full,train,2ddad940,horizontal,full,data/raw/train/2ddad940__horizontal_well.csv,5752,5752,719,11108.76,11713.52,88.92436304309896,18.721875843282366
horizontal:train:2e29e833:prefix,train,2e29e833,horizontal,prefix,data/raw/train/2e29e833__horizontal_well.csv,1757,1757,955,11343.75,12151.46,71.59034135215227,20.731331266846638
horizontal:train:2e29e833:hidden,train,2e29e833,horizontal,hidden,data/raw/train/2e29e833__horizontal_well.csv,5185,5185,36,12141.81,12159.46,64.61388339663226,6.369483031271389
horizontal:train:2e29e833:full,train,2e29e833,horizontal,full,data/raw/train/2e29e833__horizontal_well.csv,6942,6942,971,11343.75,12159.46,66.37960460490778,12.177064939566163
horizontal:train:2e43c2ea:prefix,train,2e43c2ea,horizontal,prefix,data/raw/train/2e43c2ea__horizontal_well.csv,1193,1193,691,10449.17,11203.31,122.54663292340992,29.792468324751223
horizontal:train:2e43c2ea:hidden,train,2e43c2ea,horizontal,hidden,data/raw/train/2e43c2ea__horizontal_well.csv,3699,3699,45,11173.45,11195.34,124.88900524092587,23.529282747447727
horizontal:train:2e43c2ea:full,train,2e43c2ea,horizontal,full,data/raw/train/2e43c2ea__horizontal_well.csv,4892,4892,693,10449.17,11203.31,124.3177766688088,25.220663327800278
horizontal:train:2e63d9de:prefix,train,2e63d9de,horizontal,prefix,data/raw/train/2e63d9de__horizontal_well.csv,1573,1573,876,11744.56,12533.92,90.28140484114367,22.920397488841584
horizontal:train:2e63d9de:hidden,train,2e63d9de,horizontal,hidden,data/raw/train/2e63d9de__horizontal_well.csv,3968,3968,84,12512.54,12554.21,98.9407727148137,16.589006391520776
horizontal:train:2e63d9de:full,train,2e63d9de,horizontal,full,data/raw/train/2e63d9de__horizontal_well.csv,5541,5541,916,11744.56,12554.21,96.48251866946396,19.011902253577762
horizontal:train:2ee0235b:prefix,train,2ee0235b,horizontal,prefix,data/raw/train/2ee0235b__horizontal_well.csv,1535,1535,837,10454.83,11191.42,83.29673305555424,16.680387757393135
horizontal:train:2ee0235b:hidden,train,2ee0235b,horizontal,hidden,data/raw/train/2ee0235b__horizontal_well.csv,4903,4903,39,11174.37,11193.43,83.44557577830085,15.418713647165434
horizontal:train:2ee0235b:full,train,2ee0235b,horizontal,full,data/raw/train/2ee0235b__horizontal_well.csv,6438,6438,841,10454.83,11193.43,83.41008749320983,15.728851137356884
horizontal:train:2f19d536:prefix,train,2f19d536,horizontal,prefix,data/raw/train/2f19d536__horizontal_well.csv,1355,1355,744,11732.93,12282.29,90.6379419102513,19.87634181713655
horizontal:train:2f19d536:hidden,train,2f19d536,horizontal,hidden,data/raw/train/2f19d536__horizontal_well.csv,1935,1935,26,12269.53,12281.820000000002,88.73961897844354,10.982723187304215
horizontal:train:2f19d536:full,train,2f19d536,horizontal,full,data/raw/train/2f19d536__horizontal_well.csv,3290,3290,744,11732.93,12282.29,89.52145106737957,15.314240531454919
horizontal:train:2f8e53c3:prefix,train,2f8e53c3,horizontal,prefix,data/raw/train/2f8e53c3__horizontal_well.csv,1175,1175,679,11409.78,11953.43,70.41313540221148,21.42421527319172
horizontal:train:2f8e53c3:hidden,train,2f8e53c3,horizontal,hidden,data/raw/train/2f8e53c3__horizontal_well.csv,1503,1503,23,11945.0,11956.2,67.80817428786082,7.244161388139147
horizontal:train:2f8e53c3:full,train,2f8e53c3,horizontal,full,data/raw/train/2f8e53c3__horizontal_well.csv,2678,2678,684,11409.78,11956.2,68.95112772675627,15.248387517157514
horizontal:train:2fa01aa6:prefix,train,2fa01aa6,horizontal,prefix,data/raw/train/2fa01aa6__horizontal_well.csv,1518,1518,814,11948.71,12736.570000000002,84.83288143537564,22.13356916440555
horizontal:train:2fa01aa6:hidden,train,2fa01aa6,horizontal,hidden,data/raw/train/2fa01aa6__horizontal_well.csv,1311,1311,70,12683.71,12717.95,89.90633134425627,15.60061737418015
horizontal:train:2fa01aa6:full,train,2fa01aa6,horizontal,full,data/raw/train/2fa01aa6__horizontal_well.csv,2829,2829,820,11948.71,12736.570000000002,87.18399236875935,19.54626456222347
horizontal:train:2fd68f7b:prefix,train,2fd68f7b,horizontal,prefix,data/raw/train/2fd68f7b__horizontal_well.csv,965,965,664,10078.54,10813.26,66.97431006401729,20.379824052489933
horizontal:train:2fd68f7b:hidden,train,2fd68f7b,horizontal,hidden,data/raw/train/2fd68f7b__horizontal_well.csv,1826,1826,150,10809.77,10885.76,73.75466282318702,11.491674903951028
horizontal:train:2fd68f7b:full,train,2fd68f7b,horizontal,full,data/raw/train/2fd68f7b__horizontal_well.csv,2791,2791,806,10078.54,10885.76,71.4103273116862,15.504931020753599
horizontal:train:2fe023be:prefix,train,2fe023be,horizontal,prefix,data/raw/train/2fe023be__horizontal_well.csv,1230,1230,784,10570.42,11444.45,85.07494237274238,22.82366775637639
horizontal:train:2fe023be:hidden,train,2fe023be,horizontal,hidden,data/raw/train/2fe023be__horizontal_well.csv,2329,2329,71,11427.04,11461.96,84.31564264097143,14.171063725548597
horizontal:train:2fe023be:full,train,2fe023be,horizontal,full,data/raw/train/2fe023be__horizontal_well.csv,3559,3559,819,10570.42,11461.96,84.57805867639661,17.651547365648597
horizontal:train:30d75030:prefix,train,30d75030,horizontal,prefix,data/raw/train/30d75030__horizontal_well.csv,1406,1406,661,10310.21,10885.83,86.06008233967842,23.362633863258537
horizontal:train:30d75030:hidden,train,30d75030,horizontal,hidden,data/raw/train/30d75030__horizontal_well.csv,2729,2729,108,10839.88,10893.27,90.76192104277821,19.86208226706357
horizontal:train:30d75030:full,train,30d75030,horizontal,full,data/raw/train/30d75030__horizontal_well.csv,4135,4135,690,10310.21,10893.27,89.16318217541225,21.23470122781044
horizontal:train:310c71a5:prefix,train,310c71a5,horizontal,prefix,data/raw/train/310c71a5__horizontal_well.csv,1653,1653,934,10401.06,11182.06,82.03682008090624,18.10847311259147
horizontal:train:310c71a5:hidden,train,310c71a5,horizontal,hidden,data/raw/train/310c71a5__horizontal_well.csv,4393,4393,69,11167.84,11202.23,82.12101952600071,10.567593125727361
horizontal:train:310c71a5:full,train,310c71a5,horizontal,full,data/raw/train/310c71a5__horizontal_well.csv,6046,6046,974,10401.06,11202.23,82.09799906904715,13.068934590623067
horizontal:train:32fe84c9:prefix,train,32fe84c9,horizontal,prefix,data/raw/train/32fe84c9__horizontal_well.csv,1525,1525,849,11431.92,12133.01,87.43871329763564,17.44154504074199
horizontal:train:32fe84c9:hidden,train,32fe84c9,horizontal,hidden,data/raw/train/32fe84c9__horizontal_well.csv,5435,5435,78,12088.94,12127.43,90.54426305805694,15.829222540440293
horizontal:train:32fe84c9:full,train,32fe84c9,horizontal,full,data/raw/train/32fe84c9__horizontal_well.csv,6960,6960,849,11431.92,12133.01,89.86380854876923,16.24709737757616
horizontal:train:33c40295:prefix,train,33c40295,horizontal,prefix,data/raw/train/33c40295__horizontal_well.csv,1597,1597,810,10701.46,11417.740000000002,88.26208821789523,21.408875168677014
horizontal:train:33c40295:hidden,train,33c40295,horizontal,hidden,data/raw/train/33c40295__horizontal_well.csv,3947,3947,47,11394.740000000002,11417.58,94.77560418628022,18.5957121801681
horizontal:train:33c40295:full,train,33c40295,horizontal,full,data/raw/train/33c40295__horizontal_well.csv,5544,5544,811,10701.46,11417.740000000002,92.89932622785474,19.670263632865748
horizontal:train:3407f5bf:prefix,train,3407f5bf,horizontal,prefix,data/raw/train/3407f5bf__horizontal_well.csv,1183,1183,661,10393.87,11025.52,73.11995594916814,17.850692588929185
horizontal:train:3407f5bf:hidden,train,3407f5bf,horizontal,hidden,data/raw/train/3407f5bf__horizontal_well.csv,1964,1964,137,10939.11,11007.86,78.21342537682472,13.984484188765343
horizontal:train:3407f5bf:full,train,3407f5bf,horizontal,full,data/raw/train/3407f5bf__horizontal_well.csv,3147,3147,692,10393.87,11025.52,76.29872110834118,15.745481002872342
horizontal:train:3417285d:prefix,train,3417285d,horizontal,prefix,data/raw/train/3417285d__horizontal_well.csv,1945,1945,1188,11137.85,12164.85,75.7538772919063,16.552551723514767
horizontal:train:3417285d:hidden,train,3417285d,horizontal,hidden,data/raw/train/3417285d__horizontal_well.csv,4914,4914,92,12164.88,12210.62,66.40635744360057,11.151345199690532
horizontal:train:3417285d:full,train,3417285d,horizontal,full,data/raw/train/3417285d__horizontal_well.csv,6859,6859,1279,11137.85,12210.62,69.05702461154847,13.584378122283418
horizontal:train:347242c8:prefix,train,347242c8,horizontal,prefix,data/raw/train/347242c8__horizontal_well.csv,1784,1784,1001,11252.85,12047.18,77.38499947736706,21.04615066781763
horizontal:train:347242c8:hidden,train,347242c8,horizontal,hidden,data/raw/train/347242c8__horizontal_well.csv,3390,3390,21,12032.36,12042.7,78.65523147589818,7.066857541433586
horizontal:train:347242c8:full,train,347242c8,horizontal,full,data/raw/train/347242c8__horizontal_well.csv,5174,5174,1001,11252.85,12047.18,78.21725430439072,13.631278100646343
horizontal:train:353e5502:prefix,train,353e5502,horizontal,prefix,data/raw/train/353e5502__horizontal_well.csv,1824,1824,1050,10353.06,11189.8,115.33271361722247,25.719628611922786
horizontal:train:353e5502:hidden,train,353e5502,horizontal,hidden,data/raw/train/353e5502__horizontal_well.csv,4859,4859,40,11181.5,11201.09,106.73946395586373,15.816983923189023
horizontal:train:353e5502:full,train,353e5502,horizontal,full,data/raw/train/353e5502__horizontal_well.csv,6683,6683,1072,10353.06,11201.09,109.08483091416363,19.41889028454757
horizontal:train:357c12f9:prefix,train,357c12f9,horizontal,prefix,data/raw/train/357c12f9__horizontal_well.csv,1499,1499,888,9814.28,10784.73,81.75839249141877,21.676210991763586
horizontal:train:357c12f9:hidden,train,357c12f9,horizontal,hidden,data/raw/train/357c12f9__horizontal_well.csv,3631,3631,34,10781.55,10797.95,74.03312877103684,11.514842580188924
horizontal:train:357c12f9:full,train,357c12f9,horizontal,full,data/raw/train/357c12f9__horizontal_well.csv,5130,5130,915,9814.28,10797.95,76.2904719127235,15.603998564202561
horizontal:train:3584a6eb:prefix,train,3584a6eb,horizontal,prefix,data/raw/train/3584a6eb__horizontal_well.csv,1475,1475,887,11463.46,12224.01,88.35145577590329,24.975935486111137
horizontal:train:3584a6eb:hidden,train,3584a6eb,horizontal,hidden,data/raw/train/3584a6eb__horizontal_well.csv,3595,3595,28,12210.4,12224.01,96.47276560224134,17.363815408215068
horizontal:train:3584a6eb:full,train,3584a6eb,horizontal,full,data/raw/train/3584a6eb__horizontal_well.csv,5070,5070,887,11463.46,12224.01,94.1100571221923,20.220593071286846
horizontal:train:35b30c7f:prefix,train,35b30c7f,horizontal,prefix,data/raw/train/35b30c7f__horizontal_well.csv,1146,1146,670,10357.320000000002,11003.05,88.65454020019727,22.34346097861462
horizontal:train:35b30c7f:hidden,train,35b30c7f,horizontal,hidden,data/raw/train/35b30c7f__horizontal_well.csv,5327,5327,70,10970.94,11005.45,88.68357985770892,13.874730283027802
horizontal:train:35b30c7f:full,train,35b30c7f,horizontal,full,data/raw/train/35b30c7f__horizontal_well.csv,6473,6473,676,10357.320000000002,11005.45,88.67843858665866,15.710229049773664
horizontal:train:35b3ef6a:prefix,train,35b3ef6a,horizontal,prefix,data/raw/train/35b3ef6a__horizontal_well.csv,1287,1287,703,10145.51,10799.36,74.71564827868373,14.98995000221339
horizontal:train:35b3ef6a:hidden,train,35b3ef6a,horizontal,hidden,data/raw/train/35b3ef6a__horizontal_well.csv,2402,2402,75,10750.6,10787.69,87.51381312189274,11.233273573262613
horizontal:train:35b3ef6a:full,train,35b3ef6a,horizontal,full,data/raw/train/35b3ef6a__horizontal_well.csv,3689,3689,706,10145.51,10799.36,83.0488529285585,14.062798349963858
horizontal:train:367456ce:prefix,train,367456ce,horizontal,prefix,data/raw/train/367456ce__horizontal_well.csv,1151,1151,643,10172.46,10893.34,88.41362169942848,24.82886853817654
horizontal:train:367456ce:hidden,train,367456ce,horizontal,hidden,data/raw/train/367456ce__horizontal_well.csv,3641,3641,48,10869.43,10892.76,96.41643296528026,15.532957318756512
horizontal:train:367456ce:full,train,367456ce,horizontal,full,data/raw/train/367456ce__horizontal_well.csv,4792,4792,643,10172.46,10893.34,94.49422182859507,18.522445348506515
horizontal:train:368131f9:prefix,train,368131f9,horizontal,prefix,data/raw/train/368131f9__horizontal_well.csv,762,762,443,11387.7,11890.42,109.77218810757846,29.264643348842277
horizontal:train:368131f9:hidden,train,368131f9,horizontal,hidden,data/raw/train/368131f9__horizontal_well.csv,1817,1817,80,11871.5,11914.52,111.02720702201789,17.13902710618768
horizontal:train:368131f9:full,train,368131f9,horizontal,full,data/raw/train/368131f9__horizontal_well.csv,2579,2579,492,11387.7,11914.52,110.65639491934132,21.45514875991513
horizontal:train:368fe682:prefix,train,368fe682,horizontal,prefix,data/raw/train/368fe682__horizontal_well.csv,1424,1424,671,10753.59,11289.44,95.52608426825725,24.744303464108732
horizontal:train:368fe682:hidden,train,368fe682,horizontal,hidden,data/raw/train/368fe682__horizontal_well.csv,4758,4758,58,11275.990000000002,11304.63,90.25125890304504,14.336493011267066
horizontal:train:368fe682:full,train,368fe682,horizontal,full,data/raw/train/368fe682__horizontal_well.csv,6182,6182,701,10753.59,11304.63,91.46629470376683,17.4401861569367
horizontal:train:3690a146:prefix,train,3690a146,horizontal,prefix,data/raw/train/3690a146__horizontal_well.csv,1448,1448,840,10397.490000000002,11208.55,83.48112374313908,21.399751703087137
horizontal:train:3690a146:hidden,train,3690a146,horizontal,hidden,data/raw/train/3690a146__horizontal_well.csv,3353,3353,48,11186.23,11209.41,81.1568896980002,16.585309775715743
horizontal:train:3690a146:full,train,3690a146,horizontal,full,data/raw/train/3690a146__horizontal_well.csv,4801,4801,844,10397.490000000002,11209.41,81.85788759372214,18.20348184108749
horizontal:train:37344c2a:prefix,train,37344c2a,horizontal,prefix,data/raw/train/37344c2a__horizontal_well.csv,1515,1515,850,10313.55,11016.71,77.5244679192658,17.350197379298685
horizontal:train:37344c2a:hidden,train,37344c2a,horizontal,hidden,data/raw/train/37344c2a__horizontal_well.csv,4451,4451,81,11012.86,11052.94,74.2654443045017,8.758287699927664
horizontal:train:37344c2a:full,train,37344c2a,horizontal,full,data/raw/train/37344c2a__horizontal_well.csv,5966,5966,923,10313.55,11052.94,75.09303746178759,11.648342183932682
horizontal:train:373ef48b:prefix,train,373ef48b,horizontal,prefix,data/raw/train/373ef48b__horizontal_well.csv,1141,1141,684,10628.490000000002,11183.41,79.15446692988485,18.57160717926762
horizontal:train:373ef48b:hidden,train,373ef48b,horizontal,hidden,data/raw/train/373ef48b__horizontal_well.csv,1902,1902,29,11179.86,11194.17,77.33328691023678,15.923056711275068
horizontal:train:373ef48b:full,train,373ef48b,horizontal,full,data/raw/train/373ef48b__horizontal_well.csv,3043,3043,705,10628.490000000002,11194.17,78.01615460738383,16.98757253569595
horizontal:train:374be387:prefix,train,374be387,horizontal,prefix,data/raw/train/374be387__horizontal_well.csv,929,929,626,9880.94,10715.35,78.15794509402389,15.85243411454975
horizontal:train:374be387:hidden,train,374be387,horizontal,hidden,data/raw/train/374be387__horizontal_well.csv,3899,3899,49,10697.41,10721.320000000002,75.37590029320424,10.555065819172533
horizontal:train:374be387:full,train,374be387,horizontal,full,data/raw/train/374be387__horizontal_well.csv,4828,4828,639,9880.94,10721.320000000002,75.9112191871482,11.812269163632713
horizontal:train:37d36812:prefix,train,37d36812,horizontal,prefix,data/raw/train/37d36812__horizontal_well.csv,1382,1382,836,11502.47,12225.43,85.03489121111674,19.80333118632848
horizontal:train:37d36812:hidden,train,37d36812,horizontal,hidden,data/raw/train/37d36812__horizontal_well.csv,3267,3267,67,12209.63,12243.490000000002,89.98178996262148,15.635414834217883
horizontal:train:37d36812:full,train,37d36812,horizontal,full,data/raw/train/37d36812__horizontal_well.csv,4649,4649,872,11502.47,12243.490000000002,88.51123412812382,17.131449850752176
horizontal:train:38991fd4:prefix,train,38991fd4,horizontal,prefix,data/raw/train/38991fd4__horizontal_well.csv,1360,1360,787,10579.9,11221.48,80.5862026414207,22.1400329201752
horizontal:train:38991fd4:hidden,train,38991fd4,horizontal,hidden,data/raw/train/38991fd4__horizontal_well.csv,3501,3501,58,11193.2,11221.52,78.95178042360173,13.487121200022768
horizontal:train:38991fd4:full,train,38991fd4,horizontal,full,data/raw/train/38991fd4__horizontal_well.csv,4861,4861,787,10579.9,11221.52,79.4090555143719,16.39177353127209
horizontal:train:389ae58f:prefix,train,389ae58f,horizontal,prefix,data/raw/train/389ae58f__horizontal_well.csv,1471,1471,807,10900.5,11707.25,88.9286714899064,22.157607897510747
horizontal:train:389ae58f:hidden,train,389ae58f,horizontal,hidden,data/raw/train/389ae58f__horizontal_well.csv,5200,5200,138,11707.37,11775.87,86.7391716702468,14.48806669307964
horizontal:train:389ae58f:full,train,389ae58f,horizontal,full,data/raw/train/389ae58f__horizontal_well.csv,6671,6671,944,10900.5,11775.87,87.22197098589953,16.513712041605796
horizontal:train:3932faa6:prefix,train,3932faa6,horizontal,prefix,data/raw/train/3932faa6__horizontal_well.csv,1450,1450,861,11084.64,12058.91,89.9595586554351,22.740232892806183
horizontal:train:3932faa6:hidden,train,3932faa6,horizontal,hidden,data/raw/train/3932faa6__horizontal_well.csv,3789,3789,105,12001.85,12053.98,84.41899839208286,25.51186247041757
horizontal:train:3932faa6:full,train,3932faa6,horizontal,full,data/raw/train/3932faa6__horizontal_well.csv,5239,5239,867,11084.64,12058.91,85.95246133956533,24.899506827797055
horizontal:train:398dce4b:prefix,train,398dce4b,horizontal,prefix,data/raw/train/398dce4b__horizontal_well.csv,1204,1204,764,10007.6,10829.13,86.33582249945354,27.307711335429666
horizontal:train:398dce4b:hidden,train,398dce4b,horizontal,hidden,data/raw/train/398dce4b__horizontal_well.csv,1586,1586,50,10809.71,10834.02,88.6456971477429,18.270051107069094
horizontal:train:398dce4b:full,train,398dce4b,horizontal,full,data/raw/train/398dce4b__horizontal_well.csv,2790,2790,774,10007.6,10834.02,87.6488910271191,22.64646810485088
horizontal:train:39b51819:prefix,train,39b51819,horizontal,prefix,data/raw/train/39b51819__horizontal_well.csv,1131,1131,604,10273.320000000002,10991.990000000002,78.55314515616476,18.14539180991208
horizontal:train:39b51819:hidden,train,39b51819,horizontal,hidden,data/raw/train/39b51819__horizontal_well.csv,1869,1869,22,10978.48,10988.8,99.45737353944827,20.90940394140688
horizontal:train:39b51819:full,train,39b51819,horizontal,full,data/raw/train/39b51819__horizontal_well.csv,3000,3000,604,10273.320000000002,10991.990000000002,91.57647943895039,22.341493284375662
horizontal:train:3a0af893:prefix,train,3a0af893,horizontal,prefix,data/raw/train/3a0af893__horizontal_well.csv,926,926,524,11716.0,12191.56,76.29009485879112,18.926502882745698
horizontal:train:3a0af893:hidden,train,3a0af893,horizontal,hidden,data/raw/train/3a0af893__horizontal_well.csv,1412,1412,56,12189.65,12216.820000000002,80.74354985944058,13.190149494899869
horizontal:train:3a0af893:full,train,3a0af893,horizontal,full,data/raw/train/3a0af893__horizontal_well.csv,2338,2338,575,11716.0,12216.820000000002,78.97969214746392,15.864808391226685
horizontal:train:3a223519:prefix,train,3a223519,horizontal,prefix,data/raw/train/3a223519__horizontal_well.csv,1610,1610,916,11877.58,12822.85,78.61975333649931,19.86867045902608
horizontal:train:3a223519:hidden,train,3a223519,horizontal,hidden,data/raw/train/3a223519__horizontal_well.csv,4164,4164,38,12800.91,12819.41,70.32754217777742,16.77857355926134
horizontal:train:3a223519:full,train,3a223519,horizontal,full,data/raw/train/3a223519__horizontal_well.csv,5774,5774,920,11877.58,12822.85,72.63971051264791,18.08103395992123
horizontal:train:3a7dd95d:prefix,train,3a7dd95d,horizontal,prefix,data/raw/train/3a7dd95d__horizontal_well.csv,850,850,505,11452.31,11896.11,83.8885631795045,19.159913500391816
horizontal:train:3a7dd95d:hidden,train,3a7dd95d,horizontal,hidden,data/raw/train/3a7dd95d__horizontal_well.csv,1617,1617,56,11874.08,11901.73,83.7561400434908,13.852372391338946
horizontal:train:3a7dd95d:full,train,3a7dd95d,horizontal,full,data/raw/train/3a7dd95d__horizontal_well.csv,2467,2467,518,11452.31,11901.73,83.80176617466698,15.882752989713282
horizontal:train:3a824aa7:prefix,train,3a824aa7,horizontal,prefix,data/raw/train/3a824aa7__horizontal_well.csv,806,806,516,11671.45,12213.02,91.24290798355338,27.09997693655691
horizontal:train:3a824aa7:hidden,train,3a824aa7,horizontal,hidden,data/raw/train/3a824aa7__horizontal_well.csv,2219,2219,36,12197.06,12214.67,98.50450389921359,17.260872937815684
horizontal:train:3a824aa7:full,train,3a824aa7,horizontal,full,data/raw/train/3a824aa7__horizontal_well.csv,3025,3025,520,11671.45,12214.67,96.56967867342117,20.604372926362135
horizontal:train:3a86fe8d:prefix,train,3a86fe8d,horizontal,prefix,data/raw/train/3a86fe8d__horizontal_well.csv,940,940,551,10905.0,11487.18,78.56644398862858,19.734268096577566
horizontal:train:3a86fe8d:hidden,train,3a86fe8d,horizontal,hidden,data/raw/train/3a86fe8d__horizontal_well.csv,2671,2671,38,11431.85,11450.39,85.76477244627519,16.520811311912013
horizontal:train:3a86fe8d:full,train,3a86fe8d,horizontal,full,data/raw/train/3a86fe8d__horizontal_well.csv,3611,3611,559,10905.0,11487.18,83.89093452044084,17.698652302440845
horizontal:train:3aaa2b30:prefix,train,3aaa2b30,horizontal,prefix,data/raw/train/3aaa2b30__horizontal_well.csv,1368,1368,712,10333.81,10902.34,84.67758871375982,24.409852748621827
horizontal:train:3aaa2b30:hidden,train,3aaa2b30,horizontal,hidden,data/raw/train/3aaa2b30__horizontal_well.csv,3240,3240,68,10882.48,10915.86,87.93816873356052,12.135440926588384
horizontal:train:3aaa2b30:full,train,3aaa2b30,horizontal,full,data/raw/train/3aaa2b30__horizontal_well.csv,4608,4608,739,10333.81,10915.86,86.97018404018218,16.81243384024271
horizontal:train:3ac16ad0:prefix,train,3ac16ad0,horizontal,prefix,data/raw/train/3ac16ad0__horizontal_well.csv,1343,1343,709,10186.740000000002,10972.7,116.11779244626739,27.232150347443604
horizontal:train:3ac16ad0:hidden,train,3ac16ad0,horizontal,hidden,data/raw/train/3ac16ad0__horizontal_well.csv,4222,4222,61,10955.44,10985.26,112.0239887742207,18.481935380201485
horizontal:train:3ac16ad0:full,train,3ac16ad0,horizontal,full,data/raw/train/3ac16ad0__horizontal_well.csv,5565,5565,735,10186.740000000002,10985.26,113.01194534772632,21.004385791743836
horizontal:train:3b21ea64:prefix,train,3b21ea64,horizontal,prefix,data/raw/train/3b21ea64__horizontal_well.csv,1673,1673,935,11704.75,12425.93,73.64444919502672,29.378417076409473
horizontal:train:3b21ea64:hidden,train,3b21ea64,horizontal,hidden,data/raw/train/3b21ea64__horizontal_well.csv,6931,6931,57,12411.29,12439.7,43.80990807003192,13.667985221313435
horizontal:train:3b21ea64:full,train,3b21ea64,horizontal,full,data/raw/train/3b21ea64__horizontal_well.csv,8604,8604,962,11704.75,12439.7,49.611068844336465,21.39471289232243
horizontal:train:3bbe1f5d:prefix,train,3bbe1f5d,horizontal,prefix,data/raw/train/3bbe1f5d__horizontal_well.csv,1129,1129,819,10465.77,11197.52,76.67167513189972,19.879901610263513
horizontal:train:3bbe1f5d:hidden,train,3bbe1f5d,horizontal,hidden,data/raw/train/3bbe1f5d__horizontal_well.csv,3739,3739,44,11189.06,11210.68,85.04661174354803,15.558548751359767
horizontal:train:3bbe1f5d:full,train,3bbe1f5d,horizontal,full,data/raw/train/3bbe1f5d__horizontal_well.csv,4868,4868,845,10465.77,11210.68,83.10427332231737,17.031730640903
horizontal:train:3bfee975:prefix,train,3bfee975,horizontal,prefix,data/raw/train/3bfee975__horizontal_well.csv,732,732,498,11698.41,12176.3,76.79143108791034,24.839236475801588
horizontal:train:3bfee975:hidden,train,3bfee975,horizontal,hidden,data/raw/train/3bfee975__horizontal_well.csv,1415,1415,52,12153.18,12178.58,66.61647957245704,8.169717166844345
horizontal:train:3bfee975:full,train,3bfee975,horizontal,full,data/raw/train/3bfee975__horizontal_well.csv,2147,2147,507,11698.41,12178.58,70.08553616738568,16.661568216980843
horizontal:train:3c3dbcbc:prefix,train,3c3dbcbc,horizontal,prefix,data/raw/train/3c3dbcbc__horizontal_well.csv,1022,1022,763,11053.1,11860.06,112.87088398911051,35.42152232685068
horizontal:train:3c3dbcbc:hidden,train,3c3dbcbc,horizontal,hidden,data/raw/train/3c3dbcbc__horizontal_well.csv,2209,2209,59,11848.65,11877.65,109.12124703367981,18.567041356591627
horizontal:train:3c3dbcbc:full,train,3c3dbcbc,horizontal,full,data/raw/train/3c3dbcbc__horizontal_well.csv,3231,3231,799,11053.1,11877.65,110.30729747269254,25.211153846620356
horizontal:train:3d96d897:prefix,train,3d96d897,horizontal,prefix,data/raw/train/3d96d897__horizontal_well.csv,1419,1419,694,10635.15,11202.66,86.28076821328423,15.961260444321503
horizontal:train:3d96d897:hidden,train,3d96d897,horizontal,hidden,data/raw/train/3d96d897__horizontal_well.csv,5250,5250,25,11195.44,11207.28,82.90192708723848,9.409557062677974
horizontal:train:3d96d897:full,train,3d96d897,horizontal,full,data/raw/train/3d96d897__horizontal_well.csv,6669,6669,704,10635.15,11207.28,83.62086179377003,11.216953781771238
horizontal:train:3df4b19e:prefix,train,3df4b19e,horizontal,prefix,data/raw/train/3df4b19e__horizontal_well.csv,1272,1272,791,10634.740000000002,11383.990000000002,92.0047339049151,25.54522498335822
horizontal:train:3df4b19e:hidden,train,3df4b19e,horizontal,hidden,data/raw/train/3df4b19e__horizontal_well.csv,3518,3518,26,11370.67,11388.27,100.03849364486081,15.148860083874666
horizontal:train:3df4b19e:full,train,3df4b19e,horizontal,full,data/raw/train/3df4b19e__horizontal_well.csv,4790,4790,800,10634.740000000002,11388.27,97.90510274940968,18.82613902541211
horizontal:train:3e011332:prefix,train,3e011332,horizontal,prefix,data/raw/train/3e011332__horizontal_well.csv,2076,2076,1302,10352.31,11429.740000000002,94.24659254923498,20.409634426450996
horizontal:train:3e011332:hidden,train,3e011332,horizontal,hidden,data/raw/train/3e011332__horizontal_well.csv,2674,2674,82,11422.27,11463.240000000002,88.72560057653615,12.633722192804079
horizontal:train:3e011332:full,train,3e011332,horizontal,full,data/raw/train/3e011332__horizontal_well.csv,4750,4750,1369,10352.31,11463.240000000002,91.13856464713042,16.715495167229445
horizontal:train:3e678ea7:prefix,train,3e678ea7,horizontal,prefix,data/raw/train/3e678ea7__horizontal_well.csv,1202,1202,677,11854.46,12533.05,82.05580118626956,19.315910428667678
horizontal:train:3e678ea7:hidden,train,3e678ea7,horizontal,hidden,data/raw/train/3e678ea7__horizontal_well.csv,4164,4164,56,12523.66,12551.12,85.39866572456576,11.072207946093767
horizontal:train:3e678ea7:full,train,3e678ea7,horizontal,full,data/raw/train/3e678ea7__horizontal_well.csv,5366,5366,713,11854.46,12551.12,84.649854100445,13.440661020820677
horizontal:train:3ef6372a:prefix,train,3ef6372a,horizontal,prefix,data/raw/train/3ef6372a__horizontal_well.csv,1844,1844,1063,10548.11,11417.01,88.42207440239578,23.595835787918787
horizontal:train:3ef6372a:hidden,train,3ef6372a,horizontal,hidden,data/raw/train/3ef6372a__horizontal_well.csv,4563,4563,43,11404.070000000002,11425.18,95.26594864555723,16.02327281909976
horizontal:train:3ef6372a:full,train,3ef6372a,horizontal,full,data/raw/train/3ef6372a__horizontal_well.csv,6407,6407,1079,10548.11,11425.18,93.29621177894421,18.780158114708268
horizontal:train:3ef98781:prefix,train,3ef98781,horizontal,prefix,data/raw/train/3ef98781__horizontal_well.csv,1389,1389,602,11493.91,11969.85,68.95076541410019,13.807856759064935
horizontal:train:3ef98781:hidden,train,3ef98781,horizontal,hidden,data/raw/train/3ef98781__horizontal_well.csv,3744,3744,40,11943.98,11963.570000000002,66.54381627520443,6.336297172707364
horizontal:train:3ef98781:full,train,3ef98781,horizontal,full,data/raw/train/3ef98781__horizontal_well.csv,5133,5133,602,11493.91,11969.85,67.19514149513941,9.056487981440178
horizontal:train:3f603129:prefix,train,3f603129,horizontal,prefix,data/raw/train/3f603129__horizontal_well.csv,1092,1092,537,10462.52,10980.38,95.84382395662871,25.27239595732487
horizontal:train:3f603129:hidden,train,3f603129,horizontal,hidden,data/raw/train/3f603129__horizontal_well.csv,3521,3521,89,10974.34,11018.37,123.088256816281,17.068129791139853
horizontal:train:3f603129:full,train,3f603129,horizontal,full,data/raw/train/3f603129__horizontal_well.csv,4613,4613,613,10462.52,11018.37,116.63889182977758,22.531466029924736
horizontal:train:404c4384:prefix,train,404c4384,horizontal,prefix,data/raw/train/404c4384__horizontal_well.csv,1488,1488,874,10083.09,10817.41,91.42755216226062,20.12055323886082
horizontal:train:404c4384:hidden,train,404c4384,horizontal,hidden,data/raw/train/404c4384__horizontal_well.csv,609,609,19,10810.47,10819.35,93.93095145641283,10.209071046256222
horizontal:train:404c4384:full,train,404c4384,horizontal,full,data/raw/train/404c4384__horizontal_well.csv,2097,2097,878,10083.09,10819.35,92.15457656385276,17.855701311003884
horizontal:train:4121c517:prefix,train,4121c517,horizontal,prefix,data/raw/train/4121c517__horizontal_well.csv,1393,1393,957,10078.56,10947.09,112.62696017458056,39.63712287882658
horizontal:train:4121c517:hidden,train,4121c517,horizontal,hidden,data/raw/train/4121c517__horizontal_well.csv,2284,2284,58,10939.75,10968.04,98.35918721283697,13.102767579662181
horizontal:train:4121c517:full,train,4121c517,horizontal,full,data/raw/train/4121c517__horizontal_well.csv,3677,3677,999,10078.56,10968.04,103.7644109647295,27.3814626223603
horizontal:train:41fb0192:prefix,train,41fb0192,horizontal,prefix,data/raw/train/41fb0192__horizontal_well.csv,1336,1336,597,12136.78,12593.8,73.07845683165144,13.364030298284076
horizontal:train:41fb0192:hidden,train,41fb0192,horizontal,hidden,data/raw/train/41fb0192__horizontal_well.csv,2788,2788,17,12593.31,12601.64,68.50983855497213,9.163353633027974
horizontal:train:41fb0192:full,train,41fb0192,horizontal,full,data/raw/train/41fb0192__horizontal_well.csv,4124,4124,612,12136.78,12601.64,69.98987590163642,10.917620131649683
horizontal:train:42669188:prefix,train,42669188,horizontal,prefix,data/raw/train/42669188__horizontal_well.csv,1666,1666,1043,10811.01,11624.16,76.76712750680512,31.176913002236507
horizontal:train:42669188:hidden,train,42669188,horizontal,hidden,data/raw/train/42669188__horizontal_well.csv,3960,3960,76,11586.0,11623.75,47.88639419156892,15.963587344365463
horizontal:train:42669188:full,train,42669188,horizontal,full,data/raw/train/42669188__horizontal_well.csv,5626,5626,1043,10811.01,11624.16,56.43870519462323,25.31918900152068
horizontal:train:42c538a1:prefix,train,42c538a1,horizontal,prefix,data/raw/train/42c538a1__horizontal_well.csv,1208,1208,508,10836.87,11292.97,94.26162172540744,24.14081569261617
horizontal:train:42c538a1:hidden,train,42c538a1,horizontal,hidden,data/raw/train/42c538a1__horizontal_well.csv,2482,2482,86,11276.42,11318.81,89.97615645126842,18.91070892303549
horizontal:train:42c538a1:full,train,42c538a1,horizontal,full,data/raw/train/42c538a1__horizontal_well.csv,3690,3690,562,10836.87,11318.81,91.37909467651502,20.86554978554987
horizontal:train:43b06c70:prefix,train,43b06c70,horizontal,prefix,data/raw/train/43b06c70__horizontal_well.csv,1531,1531,882,11120.93,11903.54,98.07904506695178,27.404782421928275
horizontal:train:43b06c70:hidden,train,43b06c70,horizontal,hidden,data/raw/train/43b06c70__horizontal_well.csv,4047,4047,36,11902.63,11919.85,104.3389949637648,24.250681381705537
horizontal:train:43b06c70:full,train,43b06c70,horizontal,full,data/raw/train/43b06c70__horizontal_well.csv,5578,5578,915,11120.93,11919.85,102.62081940047676,25.310427675047528
horizontal:train:43c7f85a:prefix,train,43c7f85a,horizontal,prefix,data/raw/train/43c7f85a__horizontal_well.csv,871,871,547,10419.02,10976.96,114.93410479960991,21.910769485587092
horizontal:train:43c7f85a:hidden,train,43c7f85a,horizontal,hidden,data/raw/train/43c7f85a__horizontal_well.csv,2963,2963,50,10954.23,10978.5,115.49000651649344,16.73033563208141
horizontal:train:43c7f85a:full,train,43c7f85a,horizontal,full,data/raw/train/43c7f85a__horizontal_well.csv,3834,3834,551,10419.02,10978.5,115.36371794179193,18.039798475752708
horizontal:train:43e16325:prefix,train,43e16325,horizontal,prefix,data/raw/train/43e16325__horizontal_well.csv,1688,1688,886,9951.070000000002,10952.65,75.17628396215466,23.060881506899918
horizontal:train:43e16325:hidden,train,43e16325,horizontal,hidden,data/raw/train/43e16325__horizontal_well.csv,3123,3123,170,10951.75,11036.23,78.7825955959451,13.240707093651396
horizontal:train:43e16325:full,train,43e16325,horizontal,full,data/raw/train/43e16325__horizontal_well.csv,4811,4811,1053,9951.070000000002,11036.23,77.5172756961658,17.4171384739274
horizontal:train:44441e54:prefix,train,44441e54,horizontal,prefix,data/raw/train/44441e54__horizontal_well.csv,993,993,588,11550.85,11973.59,60.66909233413146,17.528364318995894
horizontal:train:44441e54:hidden,train,44441e54,horizontal,hidden,data/raw/train/44441e54__horizontal_well.csv,2573,2573,28,11963.56,11976.91,63.02633028020311,12.687750767958779
horizontal:train:44441e54:full,train,44441e54,horizontal,full,data/raw/train/44441e54__horizontal_well.csv,3566,3566,595,11550.85,11976.91,62.3699261073346,14.241655595583564
horizontal:train:445af6c2:prefix,train,445af6c2,horizontal,prefix,data/raw/train/445af6c2__horizontal_well.csv,1761,1761,1140,10310.51,11223.73,83.34896934207801,18.684996589397798
horizontal:train:445af6c2:hidden,train,445af6c2,horizontal,hidden,data/raw/train/445af6c2__horizontal_well.csv,5070,5070,79,11186.93,11225.990000000002,77.06847770236242,8.102623721125823
horizontal:train:445af6c2:full,train,445af6c2,horizontal,full,data/raw/train/445af6c2__horizontal_well.csv,6831,6831,1145,10310.51,11225.990000000002,78.68755920983409,12.094571444447046
horizontal:train:4463446c:prefix,train,4463446c,horizontal,prefix,data/raw/train/4463446c__horizontal_well.csv,1226,1226,514,10125.76,10529.79,82.5463168566179,17.60837856890904
horizontal:train:4463446c:hidden,train,4463446c,horizontal,hidden,data/raw/train/4463446c__horizontal_well.csv,2612,2612,66,10510.16,10542.53,89.11890383317282,14.459590666737812
horizontal:train:4463446c:full,train,4463446c,horizontal,full,data/raw/train/4463446c__horizontal_well.csv,3838,3838,539,10125.76,10542.53,87.01937500741556,15.83434000374055
horizontal:train:44a94013:prefix,train,44a94013,horizontal,prefix,data/raw/train/44a94013__horizontal_well.csv,1243,1243,692,10422.66,10953.070000000002,86.20702849518337,17.022684536830248
horizontal:train:44a94013:hidden,train,44a94013,horizontal,hidden,data/raw/train/44a94013__horizontal_well.csv,3676,3676,121,10871.44,10931.52,80.34694498311912,11.972470046833374
horizontal:train:44a94013:full,train,44a94013,horizontal,full,data/raw/train/44a94013__horizontal_well.csv,4919,4919,699,10422.66,10953.070000000002,81.82775079842627,13.66847724965523
horizontal:train:45fb3e21:prefix,train,45fb3e21,horizontal,prefix,data/raw/train/45fb3e21__horizontal_well.csv,1358,1358,933,10517.240000000002,11477.09,80.63742972600681,23.606387162964612
horizontal:train:45fb3e21:hidden,train,45fb3e21,horizontal,hidden,data/raw/train/45fb3e21__horizontal_well.csv,1583,1583,81,11428.820000000002,11468.83,83.09774715722244,13.06239702989159
horizontal:train:45fb3e21:full,train,45fb3e21,horizontal,full,data/raw/train/45fb3e21__horizontal_well.csv,2941,2941,941,10517.240000000002,11477.09,81.96170123012594,18.72588078618556
horizontal:train:460f859e:prefix,train,460f859e,horizontal,prefix,data/raw/train/460f859e__horizontal_well.csv,866,866,623,10567.76,11214.27,119.45256409435768,28.753630043436356
horizontal:train:460f859e:hidden,train,460f859e,horizontal,hidden,data/raw/train/460f859e__horizontal_well.csv,1266,1266,120,11183.8,11244.820000000002,128.37170767057515,22.07516164277465
horizontal:train:460f859e:full,train,460f859e,horizontal,full,data/raw/train/460f859e__horizontal_well.csv,2132,2132,685,10567.76,11244.820000000002,124.74882852563881,25.384751172051722
horizontal:train:4630ab92:prefix,train,4630ab92,horizontal,prefix,data/raw/train/4630ab92__horizontal_well.csv,1552,1552,1028,11064.4,12026.48,87.74584388308001,25.33677851585676
horizontal:train:4630ab92:hidden,train,4630ab92,horizontal,hidden,data/raw/train/4630ab92__horizontal_well.csv,2451,2451,50,12003.11,12027.45,94.5151793426964,19.252286282933074
horizontal:train:4630ab92:full,train,4630ab92,horizontal,full,data/raw/train/4630ab92__horizontal_well.csv,4003,4003,1030,11064.4,12027.45,91.89064558468375,22.06161632790192
horizontal:train:463c38f2:prefix,train,463c38f2,horizontal,prefix,data/raw/train/463c38f2__horizontal_well.csv,1358,1358,611,10730.92,11195.45,78.72154959421083,19.073954427343267
horizontal:train:463c38f2:hidden,train,463c38f2,horizontal,hidden,data/raw/train/463c38f2__horizontal_well.csv,3444,3444,41,11172.19,11192.08,90.16302765805362,15.39726672580723
horizontal:train:463c38f2:full,train,463c38f2,horizontal,full,data/raw/train/463c38f2__horizontal_well.csv,4802,4802,611,10730.92,11195.45,86.92739100443045,17.305168129497183
horizontal:train:4654e7de:prefix,train,4654e7de,horizontal,prefix,data/raw/train/4654e7de__horizontal_well.csv,1561,1561,748,10620.98,11220.92,81.97844212417289,14.4959032532839
horizontal:train:4654e7de:hidden,train,4654e7de,horizontal,hidden,data/raw/train/4654e7de__horizontal_well.csv,5103,5103,46,11211.71,11234.02,79.4964756505121,9.654755869016112
horizontal:train:4654e7de:full,train,4654e7de,horizontal,full,data/raw/train/4654e7de__horizontal_well.csv,6664,6664,774,10620.98,11234.02,80.0778606543213,11.03205907639114
horizontal:train:466fc788:prefix,train,466fc788,horizontal,prefix,data/raw/train/466fc788__horizontal_well.csv,1008,1008,780,11141.52,12009.13,88.00254876147804,24.986972658455816
horizontal:train:466fc788:hidden,train,466fc788,horizontal,hidden,data/raw/train/466fc788__horizontal_well.csv,3224,3224,77,11986.5,12024.490000000002,96.5931153965063,15.91175681059367
horizontal:train:466fc788:full,train,466fc788,horizontal,full,data/raw/train/466fc788__horizontal_well.csv,4232,4232,814,11141.52,12024.490000000002,94.54696909024248,18.840934912440645
horizontal:train:46a301e9:prefix,train,46a301e9,horizontal,prefix,data/raw/train/46a301e9__horizontal_well.csv,1110,1110,679,10257.71,10973.64,101.66243630836308,44.703693207110774
horizontal:train:46a301e9:hidden,train,46a301e9,horizontal,hidden,data/raw/train/46a301e9__horizontal_well.csv,4471,4471,38,10955.96,10974.4,56.867339898177775,11.362919045315781
horizontal:train:46a301e9:full,train,46a301e9,horizontal,full,data/raw/train/46a301e9__horizontal_well.csv,5581,5581,681,10257.71,10974.4,65.77659576904423,28.646400883663496
horizontal:train:46a7190b:prefix,train,46a7190b,horizontal,prefix,data/raw/train/46a7190b__horizontal_well.csv,1156,1156,605,11975.01,12500.94,89.26498393992392,19.676732061528664
horizontal:train:46a7190b:hidden,train,46a7190b,horizontal,hidden,data/raw/train/46a7190b__horizontal_well.csv,2487,2487,56,12489.3,12517.06,90.97392850393774,13.540360126838038
horizontal:train:46a7190b:full,train,46a7190b,horizontal,full,data/raw/train/46a7190b__horizontal_well.csv,3643,3643,637,11975.01,12517.06,90.43164469498907,15.76877618238115
horizontal:train:46d24a09:prefix,train,46d24a09,horizontal,prefix,data/raw/train/46d24a09__horizontal_well.csv,1380,1380,736,12162.28,12756.59,87.00112196186801,20.437640731681473
horizontal:train:46d24a09:hidden,train,46d24a09,horizontal,hidden,data/raw/train/46d24a09__horizontal_well.csv,3513,3513,80,12738.92,12779.66,80.67285882084887,14.412592693197679
horizontal:train:46d24a09:full,train,46d24a09,horizontal,full,data/raw/train/46d24a09__horizontal_well.csv,4893,4893,782,12162.28,12779.66,82.45765406601674,16.58469825311695
horizontal:train:46d41ff6:prefix,train,46d41ff6,horizontal,prefix,data/raw/train/46d41ff6__horizontal_well.csv,1138,1138,485,11682.29,12070.7,87.82298397991708,19.281887971335586
horizontal:train:46d41ff6:hidden,train,46d41ff6,horizontal,hidden,data/raw/train/46d41ff6__horizontal_well.csv,5254,5254,51,12053.990000000002,12078.86,96.68476686919807,13.566379101813887
horizontal:train:46d41ff6:full,train,46d41ff6,horizontal,full,data/raw/train/46d41ff6__horizontal_well.csv,6392,6392,502,11682.29,12078.86,95.10705896431669,15.13155299041797
horizontal:train:46dfcfca:prefix,train,46dfcfca,horizontal,prefix,data/raw/train/46dfcfca__horizontal_well.csv,949,949,542,12030.06,12482.81,87.21145394428399,21.396770925148108
horizontal:train:46dfcfca:hidden,train,46dfcfca,horizontal,hidden,data/raw/train/46dfcfca__horizontal_well.csv,1706,1706,87,12482.98,12526.15,89.87767194667875,16.504311124132055
horizontal:train:46dfcfca:full,train,46dfcfca,horizontal,full,data/raw/train/46dfcfca__horizontal_well.csv,2655,2655,628,12030.06,12526.15,88.92466219742353,18.44734924338498
horizontal:train:47222616:prefix,train,47222616,horizontal,prefix,data/raw/train/47222616__horizontal_well.csv,1292,1292,644,11775.81,12214.75,81.66600710253665,22.83907812064117
horizontal:train:47222616:hidden,train,47222616,horizontal,hidden,data/raw/train/47222616__horizontal_well.csv,3574,3574,63,12194.09,12224.91,92.14049194907143,13.864245596168596
horizontal:train:47222616:full,train,47222616,horizontal,full,data/raw/train/47222616__horizontal_well.csv,4866,4866,665,11775.81,12224.91,89.35935047317275,17.351545652904676
horizontal:train:47ee27ab:prefix,train,47ee27ab,horizontal,prefix,data/raw/train/47ee27ab__horizontal_well.csv,1497,1497,787,10697.29,11383.6,71.86973456393123,29.33626637385614
horizontal:train:47ee27ab:hidden,train,47ee27ab,horizontal,hidden,data/raw/train/47ee27ab__horizontal_well.csv,5327,5327,58,11350.04,11378.47,62.70704775543832,8.663870560184519
horizontal:train:47ee27ab:full,train,47ee27ab,horizontal,full,data/raw/train/47ee27ab__horizontal_well.csv,6824,6824,787,10697.29,11383.6,64.71709203332723,16.179274864083332
horizontal:train:481de5fc:prefix,train,481de5fc,horizontal,prefix,data/raw/train/481de5fc__horizontal_well.csv,1313,1313,757,11279.820000000002,12073.69,91.49079036182775,19.337018685960754
horizontal:train:481de5fc:hidden,train,481de5fc,horizontal,hidden,data/raw/train/481de5fc__horizontal_well.csv,3740,3740,50,12049.73,12074.04,79.41871116100313,16.68378068765454
horizontal:train:481de5fc:full,train,481de5fc,horizontal,full,data/raw/train/481de5fc__horizontal_well.csv,5053,5053,758,11279.820000000002,12074.04,82.55558826187048,18.1992052579811
horizontal:train:48c1f673:prefix,train,48c1f673,horizontal,prefix,data/raw/train/48c1f673__horizontal_well.csv,1490,1490,881,10114.13,10854.48,69.33569863534227,19.53371567996831
horizontal:train:48c1f673:hidden,train,48c1f673,horizontal,hidden,data/raw/train/48c1f673__horizontal_well.csv,2812,2812,58,10853.27,10881.91,71.58686229234047,10.151974670878104
horizontal:train:48c1f673:full,train,48c1f673,horizontal,full,data/raw/train/48c1f673__horizontal_well.csv,4302,4302,936,10114.13,10881.91,70.80717055618813,14.165793517502571
horizontal:train:4936af16:prefix,train,4936af16,horizontal,prefix,data/raw/train/4936af16__horizontal_well.csv,943,943,531,10294.1,10871.0,84.30045738302225,26.797297554319027
horizontal:train:4936af16:hidden,train,4936af16,horizontal,hidden,data/raw/train/4936af16__horizontal_well.csv,1760,1760,37,10855.46,10873.35,88.7587911952292,12.617883042659296
horizontal:train:4936af16:full,train,4936af16,horizontal,full,data/raw/train/4936af16__horizontal_well.csv,2703,2703,537,10294.1,10873.35,87.20340503728944,18.93950923209944
horizontal:train:493b5b31:prefix,train,493b5b31,horizontal,prefix,data/raw/train/493b5b31__horizontal_well.csv,2143,2143,1239,11672.990000000002,12702.37,77.90788056961289,37.05034101590016
horizontal:train:493b5b31:hidden,train,493b5b31,horizontal,hidden,data/raw/train/493b5b31__horizontal_well.csv,4451,4451,99,12671.320000000002,12720.46,50.49100665804161,24.662091765912994
horizontal:train:493b5b31:full,train,493b5b31,horizontal,full,data/raw/train/493b5b31__horizontal_well.csv,6594,6594,1275,11672.990000000002,12720.46,59.40128278671878,31.962122808549136
horizontal:train:49dbc14c:prefix,train,49dbc14c,horizontal,prefix,data/raw/train/49dbc14c__horizontal_well.csv,765,765,533,10727.95,11199.1,114.3336121887309,26.092746497724
horizontal:train:49dbc14c:hidden,train,49dbc14c,horizontal,hidden,data/raw/train/49dbc14c__horizontal_well.csv,1263,1263,35,11190.990000000002,11208.09,117.99392388142189,16.730449199266882
horizontal:train:49dbc14c:full,train,49dbc14c,horizontal,full,data/raw/train/49dbc14c__horizontal_well.csv,2028,2028,552,10727.95,11208.09,116.61318500326182,20.839658271350515
horizontal:train:4a035ec2:prefix,train,4a035ec2,horizontal,prefix,data/raw/train/4a035ec2__horizontal_well.csv,1758,1758,1044,11795.22,12615.11,77.86708049103214,16.367116033596705
horizontal:train:4a035ec2:hidden,train,4a035ec2,horizontal,hidden,data/raw/train/4a035ec2__horizontal_well.csv,2363,2363,58,12581.25,12610.09,75.0723686583281,7.784339345562764
horizontal:train:4a035ec2:full,train,4a035ec2,horizontal,full,data/raw/train/4a035ec2__horizontal_well.csv,4121,4121,1044,11795.22,12615.11,76.26458011231833,12.285518476597328
horizontal:train:4a335117:prefix,train,4a335117,horizontal,prefix,data/raw/train/4a335117__horizontal_well.csv,1353,1353,820,10144.21,11189.89,122.63327235648583,31.782562883142365
horizontal:train:4a335117:hidden,train,4a335117,horizontal,hidden,data/raw/train/4a335117__horizontal_well.csv,3573,3573,95,11190.01,11237.240000000002,115.5184740311508,19.853895898399692
horizontal:train:4a335117:full,train,4a335117,horizontal,full,data/raw/train/4a335117__horizontal_well.csv,4926,4926,914,10144.21,11237.240000000002,117.47266041648946,23.94667085132717
horizontal:train:4a8ecc0b:prefix,train,4a8ecc0b,horizontal,prefix,data/raw/train/4a8ecc0b__horizontal_well.csv,1546,1546,1006,11016.75,11869.86,113.1568314521596,31.576390036606387
horizontal:train:4a8ecc0b:hidden,train,4a8ecc0b,horizontal,hidden,data/raw/train/4a8ecc0b__horizontal_well.csv,5693,5693,79,11849.79,11889.01,111.1116331771658,17.176834846498064
horizontal:train:4a8ecc0b:full,train,4a8ecc0b,horizontal,full,data/raw/train/4a8ecc0b__horizontal_well.csv,7239,7239,1044,11016.75,11889.01,111.5484167844514,21.11100159374107
horizontal:train:4b462989:prefix,train,4b462989,horizontal,prefix,data/raw/train/4b462989__horizontal_well.csv,1122,1122,736,10285.43,10976.77,75.39904249133856,18.368553821225305
horizontal:train:4b462989:hidden,train,4b462989,horizontal,hidden,data/raw/train/4b462989__horizontal_well.csv,1874,1874,38,10964.39,10982.94,75.66172927065762,7.868101783118635
horizontal:train:4b462989:full,train,4b462989,horizontal,full,data/raw/train/4b462989__horizontal_well.csv,2996,2996,748,10285.43,10982.94,75.56335324716096,12.848989709577383
horizontal:train:4b831d20:prefix,train,4b831d20,horizontal,prefix,data/raw/train/4b831d20__horizontal_well.csv,2056,2056,1222,11380.6,12565.66,92.59406344899043,19.506962245530403
horizontal:train:4b831d20:hidden,train,4b831d20,horizontal,hidden,data/raw/train/4b831d20__horizontal_well.csv,7028,7028,63,12519.11,12550.13,84.83005906797173,13.861107346428293
horizontal:train:4b831d20:full,train,4b831d20,horizontal,full,data/raw/train/4b831d20__horizontal_well.csv,9084,9084,1222,11380.6,12565.66,86.58730180326174,15.662841774587013
horizontal:train:4c2208f5:prefix,train,4c2208f5,horizontal,prefix,data/raw/train/4c2208f5__horizontal_well.csv,1793,1793,926,11914.89,12678.2,74.0447593660318,25.41311517012515
horizontal:train:4c2208f5:hidden,train,4c2208f5,horizontal,hidden,data/raw/train/4c2208f5__horizontal_well.csv,5181,5181,101,12673.03,12722.77,65.02686383421151,13.61012616160607
horizontal:train:4c2208f5:full,train,4c2208f5,horizontal,full,data/raw/train/4c2208f5__horizontal_well.csv,6974,6974,1016,11914.89,12722.77,67.34534486210853,17.86574655366484
horizontal:train:4c3168cf:prefix,train,4c3168cf,horizontal,prefix,data/raw/train/4c3168cf__horizontal_well.csv,1381,1381,795,11337.02,12002.04,82.248424768909,24.14572768974535
horizontal:train:4c3168cf:hidden,train,4c3168cf,horizontal,hidden,data/raw/train/4c3168cf__horizontal_well.csv,3314,3314,33,11994.68,12010.65,94.01305416626457,15.685594985613557
horizontal:train:4c3168cf:full,train,4c3168cf,horizontal,full,data/raw/train/4c3168cf__horizontal_well.csv,4695,4695,812,11337.02,12010.65,90.55257425194124,19.336337141806194
horizontal:train:4c3df468:prefix,train,4c3df468,horizontal,prefix,data/raw/train/4c3df468__horizontal_well.csv,901,901,499,10466.61,10950.44,109.1461206300973,20.556829115549927
horizontal:train:4c3df468:hidden,train,4c3df468,horizontal,hidden,data/raw/train/4c3df468__horizontal_well.csv,2658,2658,73,10942.570000000002,10978.56,110.85066979688678,18.268462486043298
horizontal:train:4c3df468:full,train,4c3df468,horizontal,full,data/raw/train/4c3df468__horizontal_well.csv,3559,3559,555,10466.61,10978.56,110.41914442479424,18.888582077750797
horizontal:train:4caa7289:prefix,train,4caa7289,horizontal,prefix,data/raw/train/4caa7289__horizontal_well.csv,909,909,522,10692.01,11200.69,75.19497667232896,17.169064838546355
horizontal:train:4caa7289:hidden,train,4caa7289,horizontal,hidden,data/raw/train/4caa7289__horizontal_well.csv,2092,2092,46,11186.09,11208.25,82.80979929970992,14.993400598817324
horizontal:train:4caa7289:full,train,4caa7289,horizontal,full,data/raw/train/4caa7289__horizontal_well.csv,3001,3001,539,10692.01,11208.25,80.50327688441858,16.06988026720885
horizontal:train:4cd1ac61:prefix,train,4cd1ac61,horizontal,prefix,data/raw/train/4cd1ac61__horizontal_well.csv,2027,2027,1150,10886.34,11859.85,105.65372289380127,34.480042405600436
horizontal:train:4cd1ac61:hidden,train,4cd1ac61,horizontal,hidden,data/raw/train/4cd1ac61__horizontal_well.csv,3953,3953,34,11859.92,11876.44,119.16736649083025,26.36963890414652
horizontal:train:4cd1ac61:full,train,4cd1ac61,horizontal,full,data/raw/train/4cd1ac61__horizontal_well.csv,5980,5980,1183,10886.34,11876.44,114.58673846889415,30.059279184376212
horizontal:train:4cecf7b3:prefix,train,4cecf7b3,horizontal,prefix,data/raw/train/4cecf7b3__horizontal_well.csv,1068,1068,563,11504.09,12068.55,78.92027962025084,18.21874083610101
horizontal:train:4cecf7b3:hidden,train,4cecf7b3,horizontal,hidden,data/raw/train/4cecf7b3__horizontal_well.csv,3112,3112,61,12034.43,12064.67,83.83048218661956,13.731001258805202
horizontal:train:4cecf7b3:full,train,4cecf7b3,horizontal,full,data/raw/train/4cecf7b3__horizontal_well.csv,4180,4180,563,11504.09,12068.55,82.57591368401624,15.157873008261125
horizontal:train:4ddde4c1:prefix,train,4ddde4c1,horizontal,prefix,data/raw/train/4ddde4c1__horizontal_well.csv,1840,1840,1088,10042.84,10960.240000000002,118.37385638547543,36.00996035540697
horizontal:train:4ddde4c1:hidden,train,4ddde4c1,horizontal,hidden,data/raw/train/4ddde4c1__horizontal_well.csv,4135,4135,38,10948.98,10967.34,107.7656190906984,11.018475543165225
horizontal:train:4ddde4c1:full,train,4ddde4c1,horizontal,full,data/raw/train/4ddde4c1__horizontal_well.csv,5975,5975,1103,10042.84,10967.34,111.03242354632846,22.523908039788754
horizontal:train:4e050c92:prefix,train,4e050c92,horizontal,prefix,data/raw/train/4e050c92__horizontal_well.csv,1344,1344,694,11504.78,12049.0,84.0489403227788,19.689757563475023
horizontal:train:4e050c92:hidden,train,4e050c92,horizontal,hidden,data/raw/train/4e050c92__horizontal_well.csv,2986,2986,41,12031.3,12051.3,92.1474567486622,10.68557760949414
horizontal:train:4e050c92:full,train,4e050c92,horizontal,full,data/raw/train/4e050c92__horizontal_well.csv,4330,4330,705,11504.78,12051.3,89.6337371005358,14.598428271831498
horizontal:train:4ed93db6:prefix,train,4ed93db6,horizontal,prefix,data/raw/train/4ed93db6__horizontal_well.csv,1757,1757,989,10496.88,11384.63,96.4966341228768,24.696168006700614
horizontal:train:4ed93db6:hidden,train,4ed93db6,horizontal,hidden,data/raw/train/4ed93db6__horizontal_well.csv,4483,4483,30,11360.05,11374.51,100.56866696288628,11.26945151561468
horizontal:train:4ed93db6:full,train,4ed93db6,horizontal,full,data/raw/train/4ed93db6__horizontal_well.csv,6240,6240,989,10496.88,11384.63,99.42210258790281,16.319473820997228
horizontal:train:4f3eb9e9:prefix,train,4f3eb9e9,horizontal,prefix,data/raw/train/4f3eb9e9__horizontal_well.csv,1117,1117,405,11140.42,11357.320000000002,79.94216708939284,19.028222987457394
horizontal:train:4f3eb9e9:hidden,train,4f3eb9e9,horizontal,hidden,data/raw/train/4f3eb9e9__horizontal_well.csv,4463,4463,123,11342.8,11404.12,93.9087440925101,12.447025630456311
horizontal:train:4f3eb9e9:full,train,4f3eb9e9,horizontal,full,data/raw/train/4f3eb9e9__horizontal_well.csv,5580,5580,498,11140.42,11404.12,91.11292572109757,15.087277639837604
horizontal:train:4f4ac5ce:prefix,train,4f4ac5ce,horizontal,prefix,data/raw/train/4f4ac5ce__horizontal_well.csv,951,951,606,10556.87,11198.17,89.3463655559786,20.471101360314222
horizontal:train:4f4ac5ce:hidden,train,4f4ac5ce,horizontal,hidden,data/raw/train/4f4ac5ce__horizontal_well.csv,2073,2073,52,11185.97,11211.33,90.08541798104051,12.688079461520026
horizontal:train:4f4ac5ce:full,train,4f4ac5ce,horizontal,full,data/raw/train/4f4ac5ce__horizontal_well.csv,3024,3024,634,10556.87,11211.33,89.85299772434942,15.564920327486023
horizontal:train:4f4afcc6:prefix,train,4f4afcc6,horizontal,prefix,data/raw/train/4f4afcc6__horizontal_well.csv,1469,1469,742,10617.93,11178.62,79.6444304568118,14.066428337219596
horizontal:train:4f4afcc6:hidden,train,4f4afcc6,horizontal,hidden,data/raw/train/4f4afcc6__horizontal_well.csv,5235,5235,66,11165.71,11198.09,81.13634136788845,11.088755718905396
horizontal:train:4f4afcc6:full,train,4f4afcc6,horizontal,full,data/raw/train/4f4afcc6__horizontal_well.csv,6704,6704,781,10617.93,11198.09,80.80942950506453,11.821781451008945
horizontal:train:4f69febf:prefix,train,4f69febf,horizontal,prefix,data/raw/train/4f69febf__horizontal_well.csv,2049,2049,1280,9828.42,10957.58,116.21020518783764,28.824480081563646
horizontal:train:4f69febf:hidden,train,4f69febf,horizontal,hidden,data/raw/train/4f69febf__horizontal_well.csv,5304,5304,48,10940.15,10963.63,118.81849889659674,17.416979780413474
horizontal:train:4f69febf:full,train,4f69febf,horizontal,full,data/raw/train/4f69febf__horizontal_well.csv,7353,7353,1292,9828.42,10963.63,118.09166715319304,21.253532096013487
horizontal:train:4fbe9c06:prefix,train,4fbe9c06,horizontal,prefix,data/raw/train/4fbe9c06__horizontal_well.csv,766,766,454,10807.4,11208.65,79.93038150638286,16.657610628272693
horizontal:train:4fbe9c06:hidden,train,4fbe9c06,horizontal,hidden,data/raw/train/4fbe9c06__horizontal_well.csv,2423,2423,50,11188.72,11213.45,80.99186336611254,12.038294775606673
horizontal:train:4fbe9c06:full,train,4fbe9c06,horizontal,full,data/raw/train/4fbe9c06__horizontal_well.csv,3189,3189,463,10807.4,11213.45,80.73689469111947,13.30286012164831
horizontal:train:504c8b08:prefix,train,504c8b08,horizontal,prefix,data/raw/train/504c8b08__horizontal_well.csv,1350,1350,820,10387.5,11225.47,117.42669454541898,30.526855729836043
horizontal:train:504c8b08:hidden,train,504c8b08,horizontal,hidden,data/raw/train/504c8b08__horizontal_well.csv,5183,5183,62,11181.48,11211.87,122.9556670498273,23.66915104416577
horizontal:train:504c8b08:full,train,504c8b08,horizontal,full,data/raw/train/504c8b08__horizontal_well.csv,6533,6533,822,10387.5,11225.47,121.81314250047001,25.338535656040303
horizontal:train:511e1db0:prefix,train,511e1db0,horizontal,prefix,data/raw/train/511e1db0__horizontal_well.csv,1683,1683,859,10488.73,11203.89,89.39394837494743,20.494527149257753
horizontal:train:511e1db0:hidden,train,511e1db0,horizontal,hidden,data/raw/train/511e1db0__horizontal_well.csv,3604,3604,22,11178.31,11189.070000000002,99.90135535709707,16.44036739267137
horizontal:train:511e1db0:full,train,511e1db0,horizontal,full,data/raw/train/511e1db0__horizontal_well.csv,5287,5287,859,10488.73,11203.89,96.55655377757033,18.490797521501406
horizontal:train:512943b2:prefix,train,512943b2,horizontal,prefix,data/raw/train/512943b2__horizontal_well.csv,664,664,503,10621.2,11360.28,94.03591204942046,29.130877452843496
horizontal:train:512943b2:hidden,train,512943b2,horizontal,hidden,data/raw/train/512943b2__horizontal_well.csv,1150,1150,34,11348.64,11365.15,105.70977351101672,18.328472845509168
horizontal:train:512943b2:full,train,512943b2,horizontal,full,data/raw/train/512943b2__horizontal_well.csv,1814,1814,514,10621.2,11365.15,101.43665112375106,23.563058971058112
horizontal:train:5138a660:prefix,train,5138a660,horizontal,prefix,data/raw/train/5138a660__horizontal_well.csv,790,790,528,11635.96,12064.6,72.54270267327297,19.628027093120277
horizontal:train:5138a660:hidden,train,5138a660,horizontal,hidden,data/raw/train/5138a660__horizontal_well.csv,2180,2180,29,12053.52,12067.51,82.22717284089116,16.278060703528467
horizontal:train:5138a660:full,train,5138a660,horizontal,full,data/raw/train/5138a660__horizontal_well.csv,2970,2970,534,11635.96,12067.51,79.65116899159204,17.75616739878761
horizontal:train:516088b7:prefix,train,516088b7,horizontal,prefix,data/raw/train/516088b7__horizontal_well.csv,1060,1060,725,10738.72,11468.81,83.11409437676491,25.10027670759639
horizontal:train:516088b7:hidden,train,516088b7,horizontal,hidden,data/raw/train/516088b7__horizontal_well.csv,2710,2710,58,11449.87,11478.56,79.32204080186511,9.985067763465583
horizontal:train:516088b7:full,train,516088b7,horizontal,full,data/raw/train/516088b7__horizontal_well.csv,3770,3770,747,10738.72,11478.56,80.38824154175738,15.865594091603361
horizontal:train:521a7819:prefix,train,521a7819,horizontal,prefix,data/raw/train/521a7819__horizontal_well.csv,1793,1793,1019,10335.77,11225.79,81.78115211892663,21.55606882692489
horizontal:train:521a7819:hidden,train,521a7819,horizontal,hidden,data/raw/train/521a7819__horizontal_well.csv,4379,4379,86,11187.65,11229.79,79.76220407375115,14.86161902373505
horizontal:train:521a7819:full,train,521a7819,horizontal,full,data/raw/train/521a7819__horizontal_well.csv,6172,6172,1027,10335.77,11229.79,80.34871960275304,17.103568524523958
horizontal:train:5254b6db:prefix,train,5254b6db,horizontal,prefix,data/raw/train/5254b6db__horizontal_well.csv,1472,1472,844,11232.41,12042.06,89.78635305314053,22.99015854054898
horizontal:train:5254b6db:hidden,train,5254b6db,horizontal,hidden,data/raw/train/5254b6db__horizontal_well.csv,2554,2554,22,12042.11,12052.36,100.58228199175218,16.29019650451198
horizontal:train:5254b6db:full,train,5254b6db,horizontal,full,data/raw/train/5254b6db__horizontal_well.csv,4026,4026,865,11232.41,12052.36,96.63503723327321,19.713639335379874
horizontal:train:529e88ca:prefix,train,529e88ca,horizontal,prefix,data/raw/train/529e88ca__horizontal_well.csv,1088,1088,725,10155.92,11004.46,119.37722701303107,34.30635164740322
horizontal:train:529e88ca:hidden,train,529e88ca,horizontal,hidden,data/raw/train/529e88ca__horizontal_well.csv,1538,1538,74,10996.240000000002,11032.5,121.80448532821264,17.02195831392044
horizontal:train:529e88ca:full,train,529e88ca,horizontal,full,data/raw/train/529e88ca__horizontal_well.csv,2626,2626,781,10155.92,11032.5,120.79882765611914,25.666147496577263
horizontal:train:52f1e77a:prefix,train,52f1e77a,horizontal,prefix,data/raw/train/52f1e77a__horizontal_well.csv,1521,1521,674,11530.53,12024.5,75.04901347439468,17.717619715356552
horizontal:train:52f1e77a:hidden,train,52f1e77a,horizontal,hidden,data/raw/train/52f1e77a__horizontal_well.csv,4165,4165,47,12024.3,12047.25,76.44302564642277,12.11862898129627
horizontal:train:52f1e77a:full,train,52f1e77a,horizontal,full,data/raw/train/52f1e77a__horizontal_well.csv,5686,5686,720,11530.53,12047.25,76.07012861623375,13.853823937438472
horizontal:train:5305524b:prefix,train,5305524b,horizontal,prefix,data/raw/train/5305524b__horizontal_well.csv,1192,1192,687,10457.81,10975.820000000002,78.68250029397433,15.296954778297112
horizontal:train:5305524b:hidden,train,5305524b,horizontal,hidden,data/raw/train/5305524b__horizontal_well.csv,3162,3162,67,10913.7,10946.55,92.33206080295308,18.076951406689506
horizontal:train:5305524b:full,train,5305524b,horizontal,full,data/raw/train/5305524b__horizontal_well.csv,4354,4354,689,10457.81,10975.820000000002,88.59520363099564,18.396146647749948
horizontal:train:53134831:prefix,train,53134831,horizontal,prefix,data/raw/train/53134831__horizontal_well.csv,1193,1193,780,11293.77,12212.46,71.75075258741687,20.98326691015744
horizontal:train:53134831:hidden,train,53134831,horizontal,hidden,data/raw/train/53134831__horizontal_well.csv,2156,2156,46,12184.22,12206.53,89.80652909284075,13.155383859788365
horizontal:train:53134831:full,train,53134831,horizontal,full,data/raw/train/53134831__horizontal_well.csv,3349,3349,780,11293.77,12212.46,83.37459676349745,18.520888392394696
horizontal:train:5397ceb1:prefix,train,5397ceb1,horizontal,prefix,data/raw/train/5397ceb1__horizontal_well.csv,1463,1463,686,10842.46,11433.070000000002,80.41443283127937,21.440158579578934
horizontal:train:5397ceb1:hidden,train,5397ceb1,horizontal,hidden,data/raw/train/5397ceb1__horizontal_well.csv,4806,4806,66,11386.53,11418.91,93.06411523637902,15.915638728132956
horizontal:train:5397ceb1:full,train,5397ceb1,horizontal,full,data/raw/train/5397ceb1__horizontal_well.csv,6269,6269,686,10842.46,11433.070000000002,90.11205185168278,18.168568654141044
horizontal:train:53f23031:prefix,train,53f23031,horizontal,prefix,data/raw/train/53f23031__horizontal_well.csv,1644,1644,901,10693.22,11393.77,76.24555105333849,19.739928820697124
horizontal:train:53f23031:hidden,train,53f23031,horizontal,hidden,data/raw/train/53f23031__horizontal_well.csv,8199,8199,52,11388.12,11413.39,82.7651427388144,13.421741681050973
horizontal:train:53f23031:full,train,53f23031,horizontal,full,data/raw/train/53f23031__horizontal_well.csv,9843,9843,940,10693.22,11413.39,81.67622587089583,14.867800065049122
horizontal:train:543198e8:prefix,train,543198e8,horizontal,prefix,data/raw/train/543198e8__horizontal_well.csv,1357,1357,830,10256.59,10978.35,76.35690761365908,20.07607177764847
horizontal:train:543198e8:hidden,train,543198e8,horizontal,hidden,data/raw/train/543198e8__horizontal_well.csv,4711,4711,180,10930.34,11020.64,77.00401553471697,13.126933936015531
horizontal:train:543198e8:full,train,543198e8,horizontal,full,data/raw/train/543198e8__horizontal_well.csv,6068,6068,918,10256.59,11020.64,76.85930138691282,14.96623715322443
horizontal:train:54753541:prefix,train,54753541,horizontal,prefix,data/raw/train/54753541__horizontal_well.csv,1336,1336,626,10269.13,10777.98,79.13167703501439,17.525358272732813
horizontal:train:54753541:hidden,train,54753541,horizontal,hidden,data/raw/train/54753541__horizontal_well.csv,2824,2824,142,10755.93,10826.28,83.57985647436229,16.177333893132307
horizontal:train:54753541:full,train,54753541,horizontal,full,data/raw/train/54753541__horizontal_well.csv,4160,4160,723,10269.13,10826.28,82.15130653903324,16.75143281163771
horizontal:train:54a7e3c2:prefix,train,54a7e3c2,horizontal,prefix,data/raw/train/54a7e3c2__horizontal_well.csv,1415,1415,818,10520.91,11159.12,112.22415725376935,34.60203448993763
horizontal:train:54a7e3c2:hidden,train,54a7e3c2,horizontal,hidden,data/raw/train/54a7e3c2__horizontal_well.csv,4034,4034,39,11157.820000000002,11176.88,114.74711552159735,14.940626345268697
horizontal:train:54a7e3c2:full,train,54a7e3c2,horizontal,full,data/raw/train/54a7e3c2__horizontal_well.csv,5449,5449,854,10520.91,11176.88,114.09195201471965,21.849379461569843
horizontal:train:5542c301:prefix,train,5542c301,horizontal,prefix,data/raw/train/5542c301__horizontal_well.csv,1083,1083,633,10300.25,10996.39,80.63755006760623,18.652678980301193
horizontal:train:5542c301:hidden,train,5542c301,horizontal,hidden,data/raw/train/5542c301__horizontal_well.csv,1863,1863,43,10970.05,10991.03,79.52706414445416,14.110093737549338
horizontal:train:5542c301:full,train,5542c301,horizontal,full,data/raw/train/5542c301__horizontal_well.csv,2946,2946,637,10300.25,10996.39,79.93529776793468,15.940295871663082
horizontal:train:5567d551:prefix,train,5567d551,horizontal,prefix,data/raw/train/5567d551__horizontal_well.csv,703,703,402,10881.86,11429.83,81.93120578437522,21.655736305016102
horizontal:train:5567d551:hidden,train,5567d551,horizontal,hidden,data/raw/train/5567d551__horizontal_well.csv,2329,2329,78,11390.41,11429.2,85.12019991891765,9.339735058501576
horizontal:train:5567d551:full,train,5567d551,horizontal,full,data/raw/train/5567d551__horizontal_well.csv,3032,3032,413,10881.86,11429.83,84.3807992340287,13.324872985154375
horizontal:train:55efee7f:prefix,train,55efee7f,horizontal,prefix,data/raw/train/55efee7f__horizontal_well.csv,1452,1452,746,10409.490000000002,11228.11,84.59656116790813,34.19224994875792
horizontal:train:55efee7f:hidden,train,55efee7f,horizontal,hidden,data/raw/train/55efee7f__horizontal_well.csv,4748,4748,124,11183.490000000002,11245.03,77.20710826242912,14.431516469783318
horizontal:train:55efee7f:full,train,55efee7f,horizontal,full,data/raw/train/55efee7f__horizontal_well.csv,6200,6200,780,10409.490000000002,11245.03,78.93767045900258,21.049573887536447
horizontal:train:5663b2b7:prefix,train,5663b2b7,horizontal,prefix,data/raw/train/5663b2b7__horizontal_well.csv,1707,1707,1007,11130.5,12065.21,89.02547628359355,25.78521556782933
horizontal:train:5663b2b7:hidden,train,5663b2b7,horizontal,hidden,data/raw/train/5663b2b7__horizontal_well.csv,4193,4193,88,12027.93,12071.36,81.16260305910401,16.736644038947798
horizontal:train:5663b2b7:full,train,5663b2b7,horizontal,full,data/raw/train/5663b2b7__horizontal_well.csv,5900,5900,1021,11130.5,12071.36,83.43750553269786,20.10341991037798
horizontal:train:5693dde2:prefix,train,5693dde2,horizontal,prefix,data/raw/train/5693dde2__horizontal_well.csv,883,883,535,11757.19,12251.38,73.36195015338804,17.388299875178745
horizontal:train:5693dde2:hidden,train,5693dde2,horizontal,hidden,data/raw/train/5693dde2__horizontal_well.csv,1439,1439,27,12236.37,12249.55,79.76842143546081,9.894989115513717
horizontal:train:5693dde2:full,train,5693dde2,horizontal,full,data/raw/train/5693dde2__horizontal_well.csv,2322,2322,536,11757.19,12251.38,77.33219656807483,13.613507770758206
horizontal:train:56b00794:prefix,train,56b00794,horizontal,prefix,data/raw/train/56b00794__horizontal_well.csv,616,616,317,10585.55,10989.23,69.64521409143991,15.157421227679157
horizontal:train:56b00794:hidden,train,56b00794,horizontal,hidden,data/raw/train/56b00794__horizontal_well.csv,3448,3448,87,10989.26,11032.27,75.43183364242383,11.334741022445291
horizontal:train:56b00794:full,train,56b00794,horizontal,full,data/raw/train/56b00794__horizontal_well.csv,4064,4064,404,10585.55,11032.27,74.55472792308178,12.170976063235214
horizontal:train:57796579:prefix,train,57796579,horizontal,prefix,data/raw/train/57796579__horizontal_well.csv,1635,1635,878,10342.23,11207.070000000002,81.75323622142423,17.434349916696362
horizontal:train:57796579:hidden,train,57796579,horizontal,hidden,data/raw/train/57796579__horizontal_well.csv,5494,5494,60,11185.7,11214.97,80.28825408005513,8.807016294991136
horizontal:train:57796579:full,train,57796579,horizontal,full,data/raw/train/57796579__horizontal_well.csv,7129,7129,894,10342.23,11214.97,80.62424030549187,11.395830573510489
horizontal:train:577eec7c:prefix,train,577eec7c,horizontal,prefix,data/raw/train/577eec7c__horizontal_well.csv,1224,1224,756,9427.83,10070.820000000002,82.18470013856373,20.72605118755922
horizontal:train:577eec7c:hidden,train,577eec7c,horizontal,hidden,data/raw/train/577eec7c__horizontal_well.csv,2985,2985,67,10060.240000000002,10094.35,79.06853466866251,12.056884830354903
horizontal:train:577eec7c:full,train,577eec7c,horizontal,full,data/raw/train/577eec7c__horizontal_well.csv,4209,4209,800,9427.83,10094.35,79.97473246746486,15.166352570151066
horizontal:train:57f05c51:prefix,train,57f05c51,horizontal,prefix,data/raw/train/57f05c51__horizontal_well.csv,1602,1602,963,11799.51,12687.240000000002,80.10865922989733,32.062907447449646
horizontal:train:57f05c51:hidden,train,57f05c51,horizontal,hidden,data/raw/train/57f05c51__horizontal_well.csv,4494,4494,129,12664.14,12727.97,55.15058359125937,19.136387233584603
horizontal:train:57f05c51:full,train,57f05c51,horizontal,full,data/raw/train/57f05c51__horizontal_well.csv,6096,6096,1045,11799.51,12727.97,61.70944795692506,25.706121990134463
horizontal:train:58850d2c:prefix,train,58850d2c,horizontal,prefix,data/raw/train/58850d2c__horizontal_well.csv,1893,1893,1087,11727.36,12537.14,100.055738969231,21.358631675091175
horizontal:train:58850d2c:hidden,train,58850d2c,horizontal,hidden,data/raw/train/58850d2c__horizontal_well.csv,4885,4885,43,12505.490000000002,12526.6,107.16366258703941,16.961023036915904
horizontal:train:58850d2c:full,train,58850d2c,horizontal,full,data/raw/train/58850d2c__horizontal_well.csv,6778,6778,1087,11727.36,12537.14,105.1785195642434,18.571741406392537
horizontal:train:58fa8486:prefix,train,58fa8486,horizontal,prefix,data/raw/train/58fa8486__horizontal_well.csv,1286,1286,709,11273.17,12054.65,89.87525358778325,25.42186964850552
horizontal:train:58fa8486:hidden,train,58fa8486,horizontal,hidden,data/raw/train/58fa8486__horizontal_well.csv,3210,3210,58,12030.56,12058.92,87.36660572989526,13.788590258394855
horizontal:train:58fa8486:full,train,58fa8486,horizontal,full,data/raw/train/58fa8486__horizontal_well.csv,4496,4496,719,11273.17,12058.92,88.08415936540325,17.941094180471502
horizontal:train:591cc951:prefix,train,591cc951,horizontal,prefix,data/raw/train/591cc951__horizontal_well.csv,1847,1847,884,10544.820000000002,11220.12,82.04917849451807,20.50674830818506
horizontal:train:591cc951:hidden,train,591cc951,horizontal,hidden,data/raw/train/591cc951__horizontal_well.csv,4567,4567,62,11182.16,11212.5,78.56300665845885,11.955099991081962
horizontal:train:591cc951:full,train,591cc951,horizontal,full,data/raw/train/591cc951__horizontal_well.csv,6414,6414,884,10544.820000000002,11220.12,79.56689804935398,15.011854650097527
horizontal:train:593876b6:prefix,train,593876b6,horizontal,prefix,data/raw/train/593876b6__horizontal_well.csv,1439,1439,719,10840.83,11369.77,88.47154968410085,20.20136472650523
horizontal:train:593876b6:hidden,train,593876b6,horizontal,hidden,data/raw/train/593876b6__horizontal_well.csv,4668,4668,59,11357.05,11385.9,98.63472752306251,12.479099904473818
horizontal:train:593876b6:full,train,593876b6,horizontal,full,data/raw/train/593876b6__horizontal_well.csv,6107,6107,751,10840.83,11385.9,96.23996529770378,15.290423154308185
horizontal:train:59f8b2e8:prefix,train,59f8b2e8,horizontal,prefix,data/raw/train/59f8b2e8__horizontal_well.csv,1349,1349,746,10800.33,11512.21,77.65938497698443,18.807411318236376
horizontal:train:59f8b2e8:hidden,train,59f8b2e8,horizontal,hidden,data/raw/train/59f8b2e8__horizontal_well.csv,2483,2483,46,11498.37,11521.1,70.04019489439736,11.53257858531325
horizontal:train:59f8b2e8:full,train,59f8b2e8,horizontal,full,data/raw/train/59f8b2e8__horizontal_well.csv,3832,3832,765,10800.33,11521.1,72.7224202131369,14.964728996156966
horizontal:train:5a1a8fd8:prefix,train,5a1a8fd8,horizontal,prefix,data/raw/train/5a1a8fd8__horizontal_well.csv,996,996,631,11349.13,12020.75,85.43940849744223,23.637299280962406
horizontal:train:5a1a8fd8:hidden,train,5a1a8fd8,horizontal,hidden,data/raw/train/5a1a8fd8__horizontal_well.csv,2470,2470,67,11994.17,12027.14,88.71574570854915,15.273379690035197
horizontal:train:5a1a8fd8:full,train,5a1a8fd8,horizontal,full,data/raw/train/5a1a8fd8__horizontal_well.csv,3466,3466,645,11349.13,12027.14,87.77424776790792,18.138231371269374
horizontal:train:5a5269a9:prefix,train,5a5269a9,horizontal,prefix,data/raw/train/5a5269a9__horizontal_well.csv,946,946,568,10838.75,11407.16,87.74207503450292,21.771401971767506
horizontal:train:5a5269a9:hidden,train,5a5269a9,horizontal,hidden,data/raw/train/5a5269a9__horizontal_well.csv,3495,3495,47,11393.68,11416.28,88.68804749424585,9.922506707777641
horizontal:train:5a5269a9:full,train,5a5269a9,horizontal,full,data/raw/train/5a5269a9__horizontal_well.csv,4441,4441,587,10838.75,11416.28,88.48654108872528,13.364182429752441
horizontal:train:5a5d1982:prefix,train,5a5d1982,horizontal,prefix,data/raw/train/5a5d1982__horizontal_well.csv,1103,1103,584,10722.59,11202.990000000002,78.74606137828384,19.132271227904635
horizontal:train:5a5d1982:hidden,train,5a5d1982,horizontal,hidden,data/raw/train/5a5d1982__horizontal_well.csv,2788,2788,48,11190.56,11213.88,76.88662473775037,13.013282495630772
horizontal:train:5a5d1982:full,train,5a5d1982,horizontal,full,data/raw/train/5a5d1982__horizontal_well.csv,3891,3891,606,10722.59,11213.88,77.41372795402086,15.02686866356249
horizontal:train:5a63b5d1:prefix,train,5a63b5d1,horizontal,prefix,data/raw/train/5a63b5d1__horizontal_well.csv,941,941,578,10757.03,11513.11,79.02515934691651,19.841041135689036
horizontal:train:5a63b5d1:hidden,train,5a63b5d1,horizontal,hidden,data/raw/train/5a63b5d1__horizontal_well.csv,2821,2821,65,11481.67,11513.25,79.53391177166189,11.363749078253045
horizontal:train:5a63b5d1:full,train,5a63b5d1,horizontal,full,data/raw/train/5a63b5d1__horizontal_well.csv,3762,3762,584,10757.03,11513.25,79.40665604819422,13.976821142635387
horizontal:train:5aa03df7:prefix,train,5aa03df7,horizontal,prefix,data/raw/train/5aa03df7__horizontal_well.csv,1599,1599,965,10386.320000000002,11330.19,90.33269149058873,23.46297826126047
horizontal:train:5aa03df7:hidden,train,5aa03df7,horizontal,hidden,data/raw/train/5aa03df7__horizontal_well.csv,3254,3254,83,11318.08,11358.92,91.36918108587264,10.633517430501835
horizontal:train:5aa03df7:full,train,5aa03df7,horizontal,full,data/raw/train/5aa03df7__horizontal_well.csv,4853,4853,1023,10386.320000000002,11358.92,91.02767132637152,16.04492686840725
horizontal:train:5aa403d0:prefix,train,5aa403d0,horizontal,prefix,data/raw/train/5aa403d0__horizontal_well.csv,865,865,607,10307.01,10960.64,71.86661593643603,20.571219714857484
horizontal:train:5aa403d0:hidden,train,5aa403d0,horizontal,hidden,data/raw/train/5aa403d0__horizontal_well.csv,1312,1312,59,10960.86,10991.0,77.52624498791101,10.027208732004617
horizontal:train:5aa403d0:full,train,5aa403d0,horizontal,full,data/raw/train/5aa403d0__horizontal_well.csv,2177,2177,666,10307.01,10991.0,75.27747184619035,15.375554157321599
horizontal:train:5aef5c6c:prefix,train,5aef5c6c,horizontal,prefix,data/raw/train/5aef5c6c__horizontal_well.csv,763,763,524,10554.87,11323.15,86.58215062298616,21.067634038959532
horizontal:train:5aef5c6c:hidden,train,5aef5c6c,horizontal,hidden,data/raw/train/5aef5c6c__horizontal_well.csv,1090,1090,84,11292.89,11335.21,86.61833561874435,14.288025459371086
horizontal:train:5aef5c6c:full,train,5aef5c6c,horizontal,full,data/raw/train/5aef5c6c__horizontal_well.csv,1853,1853,553,10554.87,11335.21,86.60343591460862,17.402499034081213
horizontal:train:5b7b6324:prefix,train,5b7b6324,horizontal,prefix,data/raw/train/5b7b6324__horizontal_well.csv,841,841,547,12026.58,12526.45,85.48948411744837,20.821922957771157
horizontal:train:5b7b6324:hidden,train,5b7b6324,horizontal,hidden,data/raw/train/5b7b6324__horizontal_well.csv,3018,3018,83,12515.070000000002,12555.81,79.36377513086447,10.867189578936383
horizontal:train:5b7b6324:full,train,5b7b6324,horizontal,full,data/raw/train/5b7b6324__horizontal_well.csv,3859,3859,606,12026.58,12555.81,80.69876379573024,13.901061202409293
horizontal:train:5bd25f59:prefix,train,5bd25f59,horizontal,prefix,data/raw/train/5bd25f59__horizontal_well.csv,1836,1836,1127,9849.97,10803.98,71.24090131562622,21.98085887546689
horizontal:train:5bd25f59:hidden,train,5bd25f59,horizontal,hidden,data/raw/train/5bd25f59__horizontal_well.csv,4118,4118,26,10792.990000000002,10805.7,70.07817240286157,14.205581349982047
horizontal:train:5bd25f59:full,train,5bd25f59,horizontal,full,data/raw/train/5bd25f59__horizontal_well.csv,5954,5954,1130,9849.97,10805.7,70.43671628660961,16.995531433869004
horizontal:train:5beded95:prefix,train,5beded95,horizontal,prefix,data/raw/train/5beded95__horizontal_well.csv,1030,1030,700,10654.67,11412.820000000002,83.78227572503457,27.18491725260287
horizontal:train:5beded95:hidden,train,5beded95,horizontal,hidden,data/raw/train/5beded95__horizontal_well.csv,1151,1151,53,11387.21,11412.89,84.82951477674,9.015893891749233
horizontal:train:5beded95:full,train,5beded95,horizontal,full,data/raw/train/5beded95__horizontal_well.csv,2181,2181,703,10654.67,11412.89,84.33494521082685,19.8035634995831
horizontal:train:5cb483ac:prefix,train,5cb483ac,horizontal,prefix,data/raw/train/5cb483ac__horizontal_well.csv,1246,1246,590,11524.570000000002,12001.48,88.42833104998296,22.77042143153563
horizontal:train:5cb483ac:hidden,train,5cb483ac,horizontal,hidden,data/raw/train/5cb483ac__horizontal_well.csv,3392,3392,41,11990.37,12010.59,92.28272455093605,13.21754457045993
horizontal:train:5cb483ac:full,train,5cb483ac,horizontal,full,data/raw/train/5cb483ac__horizontal_well.csv,4638,4638,608,11524.570000000002,12010.59,91.2472406565446,16.431108477185145
horizontal:train:5cdd8dbc:prefix,train,5cdd8dbc,horizontal,prefix,data/raw/train/5cdd8dbc__horizontal_well.csv,1281,1281,791,10485.79,11202.41,128.97859253979058,33.10731062620803
horizontal:train:5cdd8dbc:hidden,train,5cdd8dbc,horizontal,hidden,data/raw/train/5cdd8dbc__horizontal_well.csv,2327,2327,98,11177.990000000002,11226.44,121.95247265733657,23.407522282736956
horizontal:train:5cdd8dbc:full,train,5cdd8dbc,horizontal,full,data/raw/train/5cdd8dbc__horizontal_well.csv,3608,3608,839,10485.79,11226.44,124.44705679520342,27.456243132144987
horizontal:train:5d11dfb5:prefix,train,5d11dfb5,horizontal,prefix,data/raw/train/5d11dfb5__horizontal_well.csv,1356,1356,849,11395.990000000002,12223.13,91.18062928738583,22.03290373907262
horizontal:train:5d11dfb5:hidden,train,5d11dfb5,horizontal,hidden,data/raw/train/5d11dfb5__horizontal_well.csv,2972,2972,92,12195.35,12241.35,90.56676520945443,15.711337432603244
horizontal:train:5d11dfb5:full,train,5d11dfb5,horizontal,full,data/raw/train/5d11dfb5__horizontal_well.csv,4328,4328,886,11395.990000000002,12241.35,90.75909415808543,17.935537444235912
horizontal:train:5d7198fd:prefix,train,5d7198fd,horizontal,prefix,data/raw/train/5d7198fd__horizontal_well.csv,1366,1366,433,11984.38,12241.42,82.0810036983955,20.242503956978915
horizontal:train:5d7198fd:hidden,train,5d7198fd,horizontal,hidden,data/raw/train/5d7198fd__horizontal_well.csv,3229,3229,68,12213.81,12248.28,80.62978337022174,10.197149281022032
horizontal:train:5d7198fd:full,train,5d7198fd,horizontal,full,data/raw/train/5d7198fd__horizontal_well.csv,4595,4595,447,11984.38,12248.28,81.0612016440597,13.975805106602117
horizontal:train:5def1ce5:prefix,train,5def1ce5,horizontal,prefix,data/raw/train/5def1ce5__horizontal_well.csv,1505,1505,724,10621.05,11183.3,77.57511050845955,13.96673348848508
horizontal:train:5def1ce5:hidden,train,5def1ce5,horizontal,hidden,data/raw/train/5def1ce5__horizontal_well.csv,6268,6268,56,11172.66,11200.01,79.92598035723319,10.52197900611268
horizontal:train:5def1ce5:full,train,5def1ce5,horizontal,full,data/raw/train/5def1ce5__horizontal_well.csv,7773,7773,757,10621.05,11200.01,79.470807435272,11.309648155297086
horizontal:train:5eae34a8:prefix,train,5eae34a8,horizontal,prefix,data/raw/train/5eae34a8__horizontal_well.csv,994,994,620,10182.15,10896.97,82.37423835016934,16.979487042656576
horizontal:train:5eae34a8:hidden,train,5eae34a8,horizontal,hidden,data/raw/train/5eae34a8__horizontal_well.csv,2628,2628,52,10885.27,10911.08,84.75899372066631,14.19688301350225
horizontal:train:5eae34a8:full,train,5eae34a8,horizontal,full,data/raw/train/5eae34a8__horizontal_well.csv,3622,3622,648,10182.15,10911.08,84.10453573108211,15.049633042081625
horizontal:train:5f4d2a52:prefix,train,5f4d2a52,horizontal,prefix,data/raw/train/5f4d2a52__horizontal_well.csv,1713,1713,955,10071.570000000002,10879.95,93.30388268772023,28.927772688068924
horizontal:train:5f4d2a52:hidden,train,5f4d2a52,horizontal,hidden,data/raw/train/5f4d2a52__horizontal_well.csv,4101,4101,176,10865.21,10959.12,91.38066494758549,27.877235188188887
horizontal:train:5f4d2a52:full,train,5f4d2a52,horizontal,full,data/raw/train/5f4d2a52__horizontal_well.csv,5814,5814,1100,10071.570000000002,10959.12,91.94730959651064,28.204457667263437
horizontal:train:5f6756c5:prefix,train,5f6756c5,horizontal,prefix,data/raw/train/5f6756c5__horizontal_well.csv,2051,2051,1085,11252.23,12238.22,85.7957305620489,22.533178403296112
horizontal:train:5f6756c5:hidden,train,5f6756c5,horizontal,hidden,data/raw/train/5f6756c5__horizontal_well.csv,5739,5739,43,12196.37,12217.71,88.6282097244513,13.402317446569036
horizontal:train:5f6756c5:full,train,5f6756c5,horizontal,full,data/raw/train/5f6756c5__horizontal_well.csv,7790,7790,1085,11252.23,12238.22,87.8824568666737,16.35751554856732
horizontal:train:5f75f796:prefix,train,5f75f796,horizontal,prefix,data/raw/train/5f75f796__horizontal_well.csv,1325,1325,862,11915.1,12769.39,81.29847194884012,21.220699803604287
horizontal:train:5f75f796:hidden,train,5f75f796,horizontal,hidden,data/raw/train/5f75f796__horizontal_well.csv,2772,2772,45,12769.44,12791.35,75.59663039528867,9.476574618715556
horizontal:train:5f75f796:full,train,5f75f796,horizontal,full,data/raw/train/5f75f796__horizontal_well.csv,4097,4097,906,11915.1,12791.35,77.4406479833911,14.612043145930762
horizontal:train:5fb1c15f:prefix,train,5fb1c15f,horizontal,prefix,data/raw/train/5fb1c15f__horizontal_well.csv,1213,1213,793,10209.59,11012.490000000002,78.0814587756715,17.66143419234956
horizontal:train:5fb1c15f:hidden,train,5fb1c15f,horizontal,hidden,data/raw/train/5fb1c15f__horizontal_well.csv,1362,1362,49,11011.4,11035.320000000002,86.88203638285196,17.67584671737502
horizontal:train:5fb1c15f:full,train,5fb1c15f,horizontal,full,data/raw/train/5fb1c15f__horizontal_well.csv,2575,2575,839,10209.59,11035.320000000002,82.7363662323627,18.206958928421972
horizontal:train:5fffa282:prefix,train,5fffa282,horizontal,prefix,data/raw/train/5fffa282__horizontal_well.csv,1790,1790,1009,10528.54,11438.39,88.54719197945403,23.886235010013138
horizontal:train:5fffa282:hidden,train,5fffa282,horizontal,hidden,data/raw/train/5fffa282__horizontal_well.csv,3865,3865,22,11425.34,11435.87,89.64607325789879,21.987700211149072
horizontal:train:5fffa282:full,train,5fffa282,horizontal,full,data/raw/train/5fffa282__horizontal_well.csv,5655,5655,1009,10528.54,11438.39,89.29823992661389,22.611682430563633
horizontal:train:60e37807:prefix,train,60e37807,horizontal,prefix,data/raw/train/60e37807__horizontal_well.csv,1904,1904,1082,10502.29,11424.490000000002,91.5602055920461,22.849247362069132
horizontal:train:60e37807:hidden,train,60e37807,horizontal,hidden,data/raw/train/60e37807__horizontal_well.csv,2629,2629,95,11418.22,11465.15,83.84811420290164,13.116003741578123
horizontal:train:60e37807:full,train,60e37807,horizontal,full,data/raw/train/60e37807__horizontal_well.csv,4533,4533,1163,10502.29,11465.15,87.08743077138412,18.26345231664266
horizontal:train:61f27424:prefix,train,61f27424,horizontal,prefix,data/raw/train/61f27424__horizontal_well.csv,1909,1909,1229,11031.88,12146.66,87.66924314588549,23.74062005993223
horizontal:train:61f27424:hidden,train,61f27424,horizontal,hidden,data/raw/train/61f27424__horizontal_well.csv,5744,5744,23,12140.17,12151.05,68.26968388528167,7.262758562635593
horizontal:train:61f27424:full,train,61f27424,horizontal,full,data/raw/train/61f27424__horizontal_well.csv,7653,7653,1238,11031.88,12151.05,73.10880039233676,15.831644907459147
horizontal:train:62569ae3:prefix,train,62569ae3,horizontal,prefix,data/raw/train/62569ae3__horizontal_well.csv,1363,1363,836,11282.65,11952.04,70.52793097207623,24.855759011376534
horizontal:train:62569ae3:hidden,train,62569ae3,horizontal,hidden,data/raw/train/62569ae3__horizontal_well.csv,2467,2467,44,11935.4,11957.06,63.7166709208053,6.4299596688031295
horizontal:train:62569ae3:full,train,62569ae3,horizontal,full,data/raw/train/62569ae3__horizontal_well.csv,3830,3830,846,11282.65,11957.06,66.14062586855525,16.035213826351196
horizontal:train:62a6f539:prefix,train,62a6f539,horizontal,prefix,data/raw/train/62a6f539__horizontal_well.csv,865,865,598,10551.95,11200.51,120.14556768602316,32.285144625791766
horizontal:train:62a6f539:hidden,train,62a6f539,horizontal,hidden,data/raw/train/62a6f539__horizontal_well.csv,1108,1108,41,11184.59,11204.73,122.07890080032345,24.433331000453027
horizontal:train:62a6f539:full,train,62a6f539,horizontal,full,data/raw/train/62a6f539__horizontal_well.csv,1973,1973,610,10551.95,11204.73,121.23129150287299,28.16299996569252
horizontal:train:633774dc:prefix,train,633774dc,horizontal,prefix,data/raw/train/633774dc__horizontal_well.csv,1342,1342,815,10389.69,11164.2,105.80603790421301,33.14338077635329
horizontal:train:633774dc:hidden,train,633774dc,horizontal,hidden,data/raw/train/633774dc__horizontal_well.csv,3963,3963,87,11142.1,11184.86,114.10791789127225,18.958946884505032
horizontal:train:633774dc:full,train,633774dc,horizontal,full,data/raw/train/633774dc__horizontal_well.csv,5305,5305,860,10389.69,11184.86,112.00780046570515,23.65207690697315
horizontal:train:63559d57:prefix,train,63559d57,horizontal,prefix,data/raw/train/63559d57__horizontal_well.csv,1100,1100,710,11481.820000000002,12142.48,66.40936066876705,21.388473953669838
horizontal:train:63559d57:hidden,train,63559d57,horizontal,hidden,data/raw/train/63559d57__horizontal_well.csv,1389,1389,41,12129.67,12149.61,60.45834372021449,7.665957630220865
horizontal:train:63559d57:full,train,63559d57,horizontal,full,data/raw/train/63559d57__horizontal_well.csv,2489,2489,724,11481.820000000002,12149.61,63.08836326356839,15.611036158115972
horizontal:train:647f2a41:prefix,train,647f2a41,horizontal,prefix,data/raw/train/647f2a41__horizontal_well.csv,1835,1835,977,11021.570000000002,11897.48,101.91735444220433,24.78695991197856
horizontal:train:647f2a41:hidden,train,647f2a41,horizontal,hidden,data/raw/train/647f2a41__horizontal_well.csv,2195,2195,44,11880.72,11901.86,100.22784186355881,12.911246330287502
horizontal:train:647f2a41:full,train,647f2a41,horizontal,full,data/raw/train/647f2a41__horizontal_well.csv,4030,4030,986,11021.570000000002,11901.86,100.99713605259467,19.268070285811486
horizontal:train:65156b96:prefix,train,65156b96,horizontal,prefix,data/raw/train/65156b96__horizontal_well.csv,1742,1742,986,10227.04,11046.56,74.2469424179506,17.005536750612233
horizontal:train:65156b96:hidden,train,65156b96,horizontal,hidden,data/raw/train/65156b96__horizontal_well.csv,3059,3059,65,11024.53,11056.320000000002,70.58354840383373,7.973730418748948
horizontal:train:65156b96:full,train,65156b96,horizontal,full,data/raw/train/65156b96__horizontal_well.csv,4801,4801,1006,10227.04,11056.320000000002,71.9127782252442,12.1878148815235
horizontal:train:653612bc:prefix,train,653612bc,horizontal,prefix,data/raw/train/653612bc__horizontal_well.csv,1275,1275,584,11535.66,11960.2,60.77055730894878,13.666648817742002
horizontal:train:653612bc:hidden,train,653612bc,horizontal,hidden,data/raw/train/653612bc__horizontal_well.csv,4441,4441,14,11959.15,11965.28,60.836765829158956,5.9374227525286
horizontal:train:653612bc:full,train,653612bc,horizontal,full,data/raw/train/653612bc__horizontal_well.csv,5716,5716,595,11535.66,11965.28,60.821997483590735,8.309781505273085
horizontal:train:656a067b:prefix,train,656a067b,horizontal,prefix,data/raw/train/656a067b__horizontal_well.csv,1529,1529,907,10173.41,11020.21,116.75923239754343,33.83169861642243
horizontal:train:656a067b:hidden,train,656a067b,horizontal,hidden,data/raw/train/656a067b__horizontal_well.csv,2428,2428,80,11001.59,11041.2,119.58228139230539,16.414610004563738
horizontal:train:656a067b:full,train,656a067b,horizontal,full,data/raw/train/656a067b__horizontal_well.csv,3957,3957,949,10173.41,11041.2,118.49144441656846,24.68781367609676
horizontal:train:65a5466a:prefix,train,65a5466a,horizontal,prefix,data/raw/train/65a5466a__horizontal_well.csv,1209,1209,632,10328.45,10846.070000000002,64.10463372203519,17.945607901034805
horizontal:train:65a5466a:hidden,train,65a5466a,horizontal,hidden,data/raw/train/65a5466a__horizontal_well.csv,3397,3397,74,10835.53,10871.77,72.10101562530073,10.688349966221105
horizontal:train:65a5466a:full,train,65a5466a,horizontal,full,data/raw/train/65a5466a__horizontal_well.csv,4606,4606,684,10328.45,10871.77,70.00209558165156,13.459728708903592
horizontal:train:660d9546:prefix,train,660d9546,horizontal,prefix,data/raw/train/660d9546__horizontal_well.csv,1245,1245,619,11566.15,12012.35,72.99801854225522,17.145930161503347
horizontal:train:660d9546:hidden,train,660d9546,horizontal,hidden,data/raw/train/660d9546__horizontal_well.csv,3747,3747,46,11990.44,12012.79,86.39380150426175,11.53760189722626
horizontal:train:660d9546:full,train,660d9546,horizontal,full,data/raw/train/660d9546__horizontal_well.csv,4992,4992,620,11566.15,12012.79,83.05290611409785,14.381535950297838
horizontal:train:6767c111:prefix,train,6767c111,horizontal,prefix,data/raw/train/6767c111__horizontal_well.csv,780,780,445,10359.78,11039.52,112.41895971035511,28.232441179341997
horizontal:train:6767c111:hidden,train,6767c111,horizontal,hidden,data/raw/train/6767c111__horizontal_well.csv,3513,3513,82,11039.65,11079.78,115.1976627377355,25.834140969680803
horizontal:train:6767c111:full,train,6767c111,horizontal,full,data/raw/train/6767c111__horizontal_well.csv,4293,4293,526,10359.78,11079.78,114.69279705840711,26.3079898104013
horizontal:train:67847288:prefix,train,67847288,horizontal,prefix,data/raw/train/67847288__horizontal_well.csv,940,940,595,11940.5,12542.05,79.90146091297596,19.724366971634662
horizontal:train:67847288:hidden,train,67847288,horizontal,hidden,data/raw/train/67847288__horizontal_well.csv,3964,3964,50,12517.29,12541.87,85.8584104439112,12.893064181019762
horizontal:train:67847288:full,train,67847288,horizontal,full,data/raw/train/67847288__horizontal_well.csv,4904,4904,595,11940.5,12542.05,84.71658080298967,14.643744732730111
horizontal:train:67a8da4a:prefix,train,67a8da4a,horizontal,prefix,data/raw/train/67a8da4a__horizontal_well.csv,1504,1504,819,11941.87,12692.63,91.82603952068402,19.816128403256943
horizontal:train:67a8da4a:hidden,train,67a8da4a,horizontal,hidden,data/raw/train/67a8da4a__horizontal_well.csv,3988,3988,57,12662.67,12690.46,89.90872252074357,12.661025343518057
horizontal:train:67a8da4a:full,train,67a8da4a,horizontal,full,data/raw/train/67a8da4a__horizontal_well.csv,5492,5492,819,11941.87,12692.63,90.43378529712932,14.98898923366624
horizontal:train:684a6fc1:prefix,train,684a6fc1,horizontal,prefix,data/raw/train/684a6fc1__horizontal_well.csv,899,899,603,10222.76,10928.93,83.9832938635906,31.129075072862772
horizontal:train:684a6fc1:hidden,train,684a6fc1,horizontal,hidden,data/raw/train/684a6fc1__horizontal_well.csv,4887,4887,77,10929.12,10967.05,93.52773549925935,14.727447330493174
horizontal:train:684a6fc1:full,train,684a6fc1,horizontal,full,data/raw/train/684a6fc1__horizontal_well.csv,5786,5786,679,10222.76,10967.05,92.04476746772352,18.593373555347682
horizontal:train:698930d1:prefix,train,698930d1,horizontal,prefix,data/raw/train/698930d1__horizontal_well.csv,1696,1696,980,10188.19,11035.240000000002,117.58952365850239,30.467677315484597
horizontal:train:698930d1:hidden,train,698930d1,horizontal,hidden,data/raw/train/698930d1__horizontal_well.csv,4035,4035,62,11029.61,11059.85,122.18873278071452,18.457704448435045
horizontal:train:698930d1:full,train,698930d1,horizontal,full,data/raw/train/698930d1__horizontal_well.csv,5731,5731,1030,10188.19,11059.85,120.8276686258948,22.781198562446505
horizontal:train:699ea575:prefix,train,699ea575,horizontal,prefix,data/raw/train/699ea575__horizontal_well.csv,891,891,443,11536.42,11991.84,81.67823593619565,24.248848715433606
horizontal:train:699ea575:hidden,train,699ea575,horizontal,hidden,data/raw/train/699ea575__horizontal_well.csv,2263,2263,51,11985.97,12010.76,89.11540721576034,11.291440160359238
horizontal:train:699ea575:full,train,699ea575,horizontal,full,data/raw/train/699ea575__horizontal_well.csv,3154,3154,481,11536.42,12010.76,87.01441811934559,16.395158999561865
horizontal:train:69c1bdad:prefix,train,69c1bdad,horizontal,prefix,data/raw/train/69c1bdad__horizontal_well.csv,1321,1321,743,10683.47,11435.45,83.05471152604315,25.842476788332235
horizontal:train:69c1bdad:hidden,train,69c1bdad,horizontal,hidden,data/raw/train/69c1bdad__horizontal_well.csv,1605,1605,67,11396.42,11429.73,85.25891622453369,12.467308306068519
horizontal:train:69c1bdad:full,train,69c1bdad,horizontal,full,data/raw/train/69c1bdad__horizontal_well.csv,2926,2926,747,10683.47,11435.45,84.26378484835256,19.696951562939468
horizontal:train:69e41fa6:prefix,train,69e41fa6,horizontal,prefix,data/raw/train/69e41fa6__horizontal_well.csv,1060,1060,624,11563.78,12053.15,74.71329428874834,18.41685103130059
horizontal:train:69e41fa6:hidden,train,69e41fa6,horizontal,hidden,data/raw/train/69e41fa6__horizontal_well.csv,3208,3208,34,12039.09,12055.75,68.5249204999801,10.314594024956946
horizontal:train:69e41fa6:full,train,69e41fa6,horizontal,full,data/raw/train/69e41fa6__horizontal_well.csv,4268,4268,629,11563.78,12055.75,70.06186431818404,13.090279729446817
horizontal:train:6a0ff78e:prefix,train,6a0ff78e,horizontal,prefix,data/raw/train/6a0ff78e__horizontal_well.csv,1355,1355,690,10701.34,11206.01,76.58590136717598,13.895959279999493
horizontal:train:6a0ff78e:hidden,train,6a0ff78e,horizontal,hidden,data/raw/train/6a0ff78e__horizontal_well.csv,6205,6205,88,11187.83,11231.58,83.60108676617511,10.996377297622132
horizontal:train:6a0ff78e:full,train,6a0ff78e,horizontal,full,data/raw/train/6a0ff78e__horizontal_well.csv,7560,7560,741,10701.34,11231.58,82.34373541489947,11.87840421243095
horizontal:train:6a8fa194:prefix,train,6a8fa194,horizontal,prefix,data/raw/train/6a8fa194__horizontal_well.csv,1526,1526,879,11311.15,11990.05,95.43988483155493,21.86474427785207
horizontal:train:6a8fa194:hidden,train,6a8fa194,horizontal,hidden,data/raw/train/6a8fa194__horizontal_well.csv,2848,2848,32,11988.93,12004.7,97.12706957494443,14.099088514345503
horizontal:train:6a8fa194:full,train,6a8fa194,horizontal,full,data/raw/train/6a8fa194__horizontal_well.csv,4374,4374,908,11311.15,12004.7,96.53844499368874,17.229829632163305
horizontal:train:6ae68655:prefix,train,6ae68655,horizontal,prefix,data/raw/train/6ae68655__horizontal_well.csv,1458,1458,884,11387.98,12130.23,70.74739216512963,13.221435904567146
horizontal:train:6ae68655:hidden,train,6ae68655,horizontal,hidden,data/raw/train/6ae68655__horizontal_well.csv,3368,3368,33,12117.740000000002,12133.59,66.3066892210572,9.956104658115576
horizontal:train:6ae68655:full,train,6ae68655,horizontal,full,data/raw/train/6ae68655__horizontal_well.csv,4826,4826,891,11387.98,12133.59,67.64828575907161,11.231492917655997
horizontal:train:6d1d74e1:prefix,train,6d1d74e1,horizontal,prefix,data/raw/train/6d1d74e1__horizontal_well.csv,1129,1129,514,10528.14,10963.89,110.01040572672808,22.70814299023914
horizontal:train:6d1d74e1:hidden,train,6d1d74e1,horizontal,hidden,data/raw/train/6d1d74e1__horizontal_well.csv,4040,4040,81,10938.19,10978.17,117.29250486455888,18.40599787314685
horizontal:train:6d1d74e1:full,train,6d1d74e1,horizontal,full,data/raw/train/6d1d74e1__horizontal_well.csv,5169,5169,544,10528.14,10978.17,115.70196705712786,19.65876059874776
horizontal:train:6d590e26:prefix,train,6d590e26,horizontal,prefix,data/raw/train/6d590e26__horizontal_well.csv,1410,1410,826,10579.070000000002,11374.69,93.31118336136588,26.871553530575255
horizontal:train:6d590e26:hidden,train,6d590e26,horizontal,hidden,data/raw/train/6d590e26__horizontal_well.csv,4071,4071,65,11363.990000000002,11395.89,94.1692356189355,16.3590981865397
horizontal:train:6d590e26:full,train,6d590e26,horizontal,full,data/raw/train/6d590e26__horizontal_well.csv,5481,5481,869,10579.070000000002,11395.89,93.94849967965924,19.613050255573885
horizontal:train:6d6d93af:prefix,train,6d6d93af,horizontal,prefix,data/raw/train/6d6d93af__horizontal_well.csv,1133,1133,556,10941.95,11542.75,77.2115153742011,14.094400231093555
horizontal:train:6d6d93af:hidden,train,6d6d93af,horizontal,hidden,data/raw/train/6d6d93af__horizontal_well.csv,2029,2029,103,11470.84,11522.17,79.46386366473816,20.056019274525823
horizontal:train:6d6d93af:full,train,6d6d93af,horizontal,full,data/raw/train/6d6d93af__horizontal_well.csv,3162,3162,581,10941.95,11542.75,78.65680780984299,18.178554260729733
horizontal:train:6dbe4b60:prefix,train,6dbe4b60,horizontal,prefix,data/raw/train/6dbe4b60__horizontal_well.csv,1221,1221,672,10619.070000000002,11408.83,90.45267328447103,21.096778189797718
horizontal:train:6dbe4b60:hidden,train,6dbe4b60,horizontal,hidden,data/raw/train/6dbe4b60__horizontal_well.csv,2324,2324,44,11391.26,11413.19,89.67779323957863,9.699236177772894
horizontal:train:6dbe4b60:full,train,6dbe4b60,horizontal,full,data/raw/train/6dbe4b60__horizontal_well.csv,3545,3545,680,10619.070000000002,11413.19,89.9446842226008,14.666453878877455
horizontal:train:6e6d122c:prefix,train,6e6d122c,horizontal,prefix,data/raw/train/6e6d122c__horizontal_well.csv,1241,1241,687,11729.03,12264.320000000002,77.25783114156589,20.172691418686675
horizontal:train:6e6d122c:hidden,train,6e6d122c,horizontal,hidden,data/raw/train/6e6d122c__horizontal_well.csv,4014,4014,60,12255.92,12285.7,84.27081297768812,11.214274377050637
horizontal:train:6e6d122c:full,train,6e6d122c,horizontal,full,data/raw/train/6e6d122c__horizontal_well.csv,5255,5255,729,11729.03,12285.7,82.61465494559914,14.178627188377952
horizontal:train:6e9ccd38:prefix,train,6e9ccd38,horizontal,prefix,data/raw/train/6e9ccd38__horizontal_well.csv,1281,1281,506,10372.05,10690.94,73.23582553529343,14.218504672102794
horizontal:train:6e9ccd38:hidden,train,6e9ccd38,horizontal,hidden,data/raw/train/6e9ccd38__horizontal_well.csv,7960,7960,91,10669.7,10714.42,83.18998433944425,15.46474394650829
horizontal:train:6e9ccd38:full,train,6e9ccd38,horizontal,full,data/raw/train/6e9ccd38__horizontal_well.csv,9241,9241,553,10372.05,10714.42,81.81012529517228,15.679977339497983
horizontal:train:6ea22614:prefix,train,6ea22614,horizontal,prefix,data/raw/train/6ea22614__horizontal_well.csv,1196,1196,840,9958.55,10869.39,89.88681665208709,29.825519624271504
horizontal:train:6ea22614:hidden,train,6ea22614,horizontal,hidden,data/raw/train/6ea22614__horizontal_well.csv,3307,3307,50,10853.19,10877.59,88.31248765004776,12.134601757428076
horizontal:train:6ea22614:full,train,6ea22614,horizontal,full,data/raw/train/6ea22614__horizontal_well.csv,4503,4503,856,9958.55,10877.59,88.73063055176641,18.571238174973992
horizontal:train:6ede926a:prefix,train,6ede926a,horizontal,prefix,data/raw/train/6ede926a__horizontal_well.csv,1160,1160,619,10649.1,11220.31,77.48438616630949,15.634098516771912
horizontal:train:6ede926a:hidden,train,6ede926a,horizontal,hidden,data/raw/train/6ede926a__horizontal_well.csv,3165,3165,47,11185.54,11208.73,85.07055233292692,13.824509348026387
horizontal:train:6ede926a:full,train,6ede926a,horizontal,full,data/raw/train/6ede926a__horizontal_well.csv,4325,4325,620,10649.1,11220.31,83.03588117610006,14.721078646128097
horizontal:train:708caea9:prefix,train,708caea9,horizontal,prefix,data/raw/train/708caea9__horizontal_well.csv,1678,1678,957,10130.12,11032.23,118.25553734080299,35.4215345956883
horizontal:train:708caea9:hidden,train,708caea9,horizontal,hidden,data/raw/train/708caea9__horizontal_well.csv,5127,5127,101,11014.11,11064.740000000002,116.02793346768017,19.24540905713952
horizontal:train:708caea9:full,train,708caea9,horizontal,full,data/raw/train/708caea9__horizontal_well.csv,6805,6805,1022,10130.12,11064.740000000002,116.57722359245608,24.276762239527763
horizontal:train:70925e23:prefix,train,70925e23,horizontal,prefix,data/raw/train/70925e23__horizontal_well.csv,1980,1980,1219,11723.79,12710.42,94.37595107412169,19.760801470928808
horizontal:train:70925e23:hidden,train,70925e23,horizontal,hidden,data/raw/train/70925e23__horizontal_well.csv,5245,5245,54,12678.78,12705.6,88.93010193822,17.402777231737463
horizontal:train:70925e23:full,train,70925e23,horizontal,full,data/raw/train/70925e23__horizontal_well.csv,7225,7225,1221,11723.79,12710.42,90.42252841421798,18.2420511708312
horizontal:train:70e1788b:prefix,train,70e1788b,horizontal,prefix,data/raw/train/70e1788b__horizontal_well.csv,1961,1961,1154,9729.56,10675.34,85.06255829309089,23.353630933510406
horizontal:train:70e1788b:hidden,train,70e1788b,horizontal,hidden,data/raw/train/70e1788b__horizontal_well.csv,8917,8917,52,10661.84,10687.4,76.30229756328622,12.574615473830788
horizontal:train:70e1788b:full,train,70e1788b,horizontal,full,data/raw/train/70e1788b__horizontal_well.csv,10878,10878,1178,9729.56,10687.4,77.88152823906734,15.468537079529199
horizontal:train:71642c7d:prefix,train,71642c7d,horizontal,prefix,data/raw/train/71642c7d__horizontal_well.csv,1767,1767,1154,11842.8,12826.62,88.0280257465998,18.661877079012424
horizontal:train:71642c7d:hidden,train,71642c7d,horizontal,hidden,data/raw/train/71642c7d__horizontal_well.csv,3398,3398,51,12821.12,12846.06,76.65039199302043,12.084745632877228
horizontal:train:71642c7d:full,train,71642c7d,horizontal,full,data/raw/train/71642c7d__horizontal_well.csv,5165,5165,1193,11842.8,12846.06,80.54279835169898,15.632010328438453
horizontal:train:71ccf778:prefix,train,71ccf778,horizontal,prefix,data/raw/train/71ccf778__horizontal_well.csv,1840,1840,1077,11118.740000000002,11989.7,92.02860880300794,22.379221411484856
horizontal:train:71ccf778:hidden,train,71ccf778,horizontal,hidden,data/raw/train/71ccf778__horizontal_well.csv,2574,2574,26,11974.86,11987.37,85.47545128688935,7.955097854253834
horizontal:train:71ccf778:full,train,71ccf778,horizontal,full,data/raw/train/71ccf778__horizontal_well.csv,4414,4414,1077,11118.740000000002,11989.7,88.20717077707019,16.003627863364848
horizontal:train:7224331b:prefix,train,7224331b,horizontal,prefix,data/raw/train/7224331b__horizontal_well.csv,580,580,392,11644.240000000002,12182.19,89.12036234739928,21.228831399251824
horizontal:train:7224331b:hidden,train,7224331b,horizontal,hidden,data/raw/train/7224331b__horizontal_well.csv,1767,1767,35,12165.04,12182.070000000002,95.08658027078307,15.274878505864912
horizontal:train:7224331b:full,train,7224331b,horizontal,full,data/raw/train/7224331b__horizontal_well.csv,2347,2347,399,11644.240000000002,12182.19,93.61218470386251,17.136361990521074
horizontal:train:722cf0d8:prefix,train,722cf0d8,horizontal,prefix,data/raw/train/722cf0d8__horizontal_well.csv,2044,2044,1240,9929.03,10952.08,120.98355042081738,28.183629834417385
horizontal:train:722cf0d8:hidden,train,722cf0d8,horizontal,hidden,data/raw/train/722cf0d8__horizontal_well.csv,4949,4949,68,10920.95,10954.29,108.35245429941247,17.67534921544902
horizontal:train:722cf0d8:full,train,722cf0d8,horizontal,full,data/raw/train/722cf0d8__horizontal_well.csv,6993,6993,1245,9929.03,10954.29,112.0444263389022,22.05167421050015
horizontal:train:7256229b:prefix,train,7256229b,horizontal,prefix,data/raw/train/7256229b__horizontal_well.csv,648,648,459,10156.65,10896.59,84.48233486871608,25.503735389632848
horizontal:train:7256229b:hidden,train,7256229b,horizontal,hidden,data/raw/train/7256229b__horizontal_well.csv,1818,1818,51,10886.61,10911.490000000002,88.35622626895324,11.907927256699697
horizontal:train:7256229b:full,train,7256229b,horizontal,full,data/raw/train/7256229b__horizontal_well.csv,2466,2466,489,10156.65,10911.490000000002,87.33826940465734,16.684233444830227
horizontal:train:726f3dc2:prefix,train,726f3dc2,horizontal,prefix,data/raw/train/726f3dc2__horizontal_well.csv,1294,1294,802,10594.28,11446.19,92.0448330428911,27.365204261345813
horizontal:train:726f3dc2:hidden,train,726f3dc2,horizontal,hidden,data/raw/train/726f3dc2__horizontal_well.csv,4260,4260,46,11423.38,11445.93,84.72277971752948,15.52103956104197
horizontal:train:726f3dc2:full,train,726f3dc2,horizontal,full,data/raw/train/726f3dc2__horizontal_well.csv,5554,5554,802,10594.28,11446.19,86.4287100385626,19.204911830351488
horizontal:train:7271dd80:prefix,train,7271dd80,horizontal,prefix,data/raw/train/7271dd80__horizontal_well.csv,1355,1355,1094,10108.45,11000.93,85.94333417037156,28.385584924822822
horizontal:train:7271dd80:hidden,train,7271dd80,horizontal,hidden,data/raw/train/7271dd80__horizontal_well.csv,4157,4157,27,10970.6,10983.41,98.52974738112921,10.752524537086405
horizontal:train:7271dd80:full,train,7271dd80,horizontal,full,data/raw/train/7271dd80__horizontal_well.csv,5512,5512,1095,10108.45,11000.93,95.43566358204055,17.738047120157695
horizontal:train:727a3a10:prefix,train,727a3a10,horizontal,prefix,data/raw/train/727a3a10__horizontal_well.csv,1660,1660,893,11911.73,12763.92,94.17609618581604,21.584947627962787
horizontal:train:727a3a10:hidden,train,727a3a10,horizontal,hidden,data/raw/train/727a3a10__horizontal_well.csv,2947,2947,38,12719.68,12738.19,86.11720799806255,14.065821527284749
horizontal:train:727a3a10:full,train,727a3a10,horizontal,full,data/raw/train/727a3a10__horizontal_well.csv,4607,4607,898,11911.73,12763.92,89.02099666567071,17.589920874975004
horizontal:train:729665c0:prefix,train,729665c0,horizontal,prefix,data/raw/train/729665c0__horizontal_well.csv,1457,1457,744,11293.51,11872.42,104.22176452944447,26.364063372652293
horizontal:train:729665c0:hidden,train,729665c0,horizontal,hidden,data/raw/train/729665c0__horizontal_well.csv,1897,1897,53,11847.69,11873.5,108.7737772928945,16.65335502072677
horizontal:train:729665c0:full,train,729665c0,horizontal,full,data/raw/train/729665c0__horizontal_well.csv,3354,3354,746,11293.51,11873.5,106.79635254741247,21.538101526290422
horizontal:train:729e9750:prefix,train,729e9750,horizontal,prefix,data/raw/train/729e9750__horizontal_well.csv,729,729,481,10401.990000000002,10959.53,109.7563496249858,22.3390681217537
horizontal:train:729e9750:hidden,train,729e9750,horizontal,hidden,data/raw/train/729e9750__horizontal_well.csv,2533,2533,56,10948.11,10975.55,111.8645045346557,18.773532748151773
horizontal:train:729e9750:full,train,729e9750,horizontal,full,data/raw/train/729e9750__horizontal_well.csv,3262,3262,513,10401.990000000002,10975.55,111.39336875012188,19.646290829744743
horizontal:train:729f4217:prefix,train,729f4217,horizontal,prefix,data/raw/train/729f4217__horizontal_well.csv,885,885,539,10755.93,11224.85,73.47550484565048,15.562119020311048
horizontal:train:729f4217:hidden,train,729f4217,horizontal,hidden,data/raw/train/729f4217__horizontal_well.csv,2911,2911,43,11203.65,11224.56,87.72142139917959,14.049729479516621
horizontal:train:729f4217:full,train,729f4217,horizontal,full,data/raw/train/729f4217__horizontal_well.csv,3796,3796,541,10755.93,11224.85,84.40012631227937,15.624336464253473
horizontal:train:72dd8501:prefix,train,72dd8501,horizontal,prefix,data/raw/train/72dd8501__horizontal_well.csv,1211,1211,789,11250.13,12020.95,85.08439759003718,26.58324412920689
horizontal:train:72dd8501:hidden,train,72dd8501,horizontal,hidden,data/raw/train/72dd8501__horizontal_well.csv,2352,2352,37,12008.61,12026.64,93.49897881984477,13.0628413287944
horizontal:train:72dd8501:full,train,72dd8501,horizontal,full,data/raw/train/72dd8501__horizontal_well.csv,3563,3563,800,11250.13,12026.64,90.63901309733649,19.201854139971346
horizontal:train:73348914:prefix,train,73348914,horizontal,prefix,data/raw/train/73348914__horizontal_well.csv,1268,1268,555,12396.4,12751.070000000002,82.35622311813145,16.93192877838366
horizontal:train:73348914:hidden,train,73348914,horizontal,hidden,data/raw/train/73348914__horizontal_well.csv,3271,3271,43,12740.83,12762.12,85.6094668036184,11.892456486785205
horizontal:train:73348914:full,train,73348914,horizontal,full,data/raw/train/73348914__horizontal_well.csv,4539,4539,577,12396.4,12762.12,84.70065142728056,13.569835655150488
horizontal:train:739a914f:prefix,train,739a914f,horizontal,prefix,data/raw/train/739a914f__horizontal_well.csv,1184,1184,714,10724.39,11388.740000000002,83.94719349678694,21.965349218474916
horizontal:train:739a914f:hidden,train,739a914f,horizontal,hidden,data/raw/train/739a914f__horizontal_well.csv,3171,3171,68,11359.7,11392.97,104.97261923887939,21.752062672539306
horizontal:train:739a914f:full,train,739a914f,horizontal,full,data/raw/train/739a914f__horizontal_well.csv,4355,4355,723,10724.39,11392.97,99.25640705090295,23.731792261697464
horizontal:train:73b1447d:prefix,train,73b1447d,horizontal,prefix,data/raw/train/73b1447d__horizontal_well.csv,1430,1430,836,11415.63,12314.4,93.85295236492051,23.289230692541555
horizontal:train:73b1447d:hidden,train,73b1447d,horizontal,hidden,data/raw/train/73b1447d__horizontal_well.csv,3491,3491,105,12269.33,12321.54,86.37677987076351,20.193986154547876
horizontal:train:73b1447d:full,train,73b1447d,horizontal,full,data/raw/train/73b1447d__horizontal_well.csv,4921,4921,853,11415.63,12321.54,88.54929087800686,21.410987233066233
horizontal:train:74b6186b:prefix,train,74b6186b,horizontal,prefix,data/raw/train/74b6186b__horizontal_well.csv,762,762,516,9995.59,10800.5,86.69637006666906,25.65326267562279
horizontal:train:74b6186b:hidden,train,74b6186b,horizontal,hidden,data/raw/train/74b6186b__horizontal_well.csv,1224,1224,23,10800.53,10811.6,98.96095725580307,11.952995585498849
horizontal:train:74b6186b:full,train,74b6186b,horizontal,full,data/raw/train/74b6186b__horizontal_well.csv,1986,1986,538,9995.59,10811.6,94.25520930105982,19.393944304934642
horizontal:train:75c20ec7:prefix,train,75c20ec7,horizontal,prefix,data/raw/train/75c20ec7__horizontal_well.csv,850,850,544,11368.45,12238.48,86.15126628514214,23.541383361958886
horizontal:train:75c20ec7:hidden,train,75c20ec7,horizontal,hidden,data/raw/train/75c20ec7__horizontal_well.csv,1828,1828,66,12191.91,12224.59,94.11089949841926,14.652633996785116
horizontal:train:75c20ec7:full,train,75c20ec7,horizontal,full,data/raw/train/75c20ec7__horizontal_well.csv,2678,2678,549,11368.45,12238.48,91.58450359427978,18.335291363481257
horizontal:train:75cd5f11:prefix,train,75cd5f11,horizontal,prefix,data/raw/train/75cd5f11__horizontal_well.csv,1222,1222,647,10629.7,11215.04,79.72962819083527,20.048361705214212
horizontal:train:75cd5f11:hidden,train,75cd5f11,horizontal,hidden,data/raw/train/75cd5f11__horizontal_well.csv,3574,3574,41,11204.5,11224.55,82.9396260474142,9.022256221360871
horizontal:train:75cd5f11:full,train,75cd5f11,horizontal,full,data/raw/train/75cd5f11__horizontal_well.csv,4796,4796,666,10629.7,11224.55,82.12173251514993,12.846349680991393
horizontal:train:75d20a82:prefix,train,75d20a82,horizontal,prefix,data/raw/train/75d20a82__horizontal_well.csv,1707,1707,1001,11065.12,12065.28,92.43608604726205,26.773059852916774
horizontal:train:75d20a82:hidden,train,75d20a82,horizontal,hidden,data/raw/train/75d20a82__horizontal_well.csv,4301,4301,88,12027.89,12071.73,82.48406983007231,17.00306005785308
horizontal:train:75d20a82:full,train,75d20a82,horizontal,full,data/raw/train/75d20a82__horizontal_well.csv,6008,6008,1013,11065.12,12071.73,85.31164833918399,20.754891096070907
horizontal:train:76201745:prefix,train,76201745,horizontal,prefix,data/raw/train/76201745__horizontal_well.csv,842,842,467,10179.65,10618.98,52.39803363183984,28.08893722454342
horizontal:train:76201745:hidden,train,76201745,horizontal,hidden,data/raw/train/76201745__horizontal_well.csv,2255,2255,60,10601.070000000002,10630.38,36.508063454780235,15.145724692209924
horizontal:train:76201745:full,train,76201745,horizontal,full,data/raw/train/76201745__horizontal_well.csv,3097,3097,491,10179.65,10630.38,40.82816513029983,20.772976523881205
horizontal:train:764072a5:prefix,train,764072a5,horizontal,prefix,data/raw/train/764072a5__horizontal_well.csv,918,918,596,10471.21,11182.96,81.60942748881838,20.422106027415
horizontal:train:764072a5:hidden,train,764072a5,horizontal,hidden,data/raw/train/764072a5__horizontal_well.csv,1062,1062,30,11175.820000000002,11190.4,82.3363980923911,9.098587251263792
horizontal:train:764072a5:full,train,764072a5,horizontal,full,data/raw/train/764072a5__horizontal_well.csv,1980,1980,611,10471.21,11190.4,81.9993480852801,15.423981549960036
horizontal:train:77b0d905:prefix,train,77b0d905,horizontal,prefix,data/raw/train/77b0d905__horizontal_well.csv,1467,1467,856,11478.3,12213.98,90.56789144641706,21.856013280423113
horizontal:train:77b0d905:hidden,train,77b0d905,horizontal,hidden,data/raw/train/77b0d905__horizontal_well.csv,3107,3107,40,12206.1,12225.55,89.96828508572234,12.3816321467218
horizontal:train:77b0d905:full,train,77b0d905,horizontal,full,data/raw/train/77b0d905__horizontal_well.csv,4574,4574,879,11478.3,12225.55,90.16059434045326,16.044324576817452
horizontal:train:77e4821c:prefix,train,77e4821c,horizontal,prefix,data/raw/train/77e4821c__horizontal_well.csv,721,721,577,10687.02,11184.66,115.83967305044378,26.651950711321845
horizontal:train:77e4821c:hidden,train,77e4821c,horizontal,hidden,data/raw/train/77e4821c__horizontal_well.csv,1980,1980,81,11183.9,11224.14,122.13753830254696,24.156324109438856
horizontal:train:77e4821c:full,train,77e4821c,horizontal,full,data/raw/train/77e4821c__horizontal_well.csv,2701,2701,656,10687.02,11224.14,120.45639767064529,25.00273410581227
horizontal:train:7850c72e:prefix,train,7850c72e,horizontal,prefix,data/raw/train/7850c72e__horizontal_well.csv,2132,2132,1266,11817.75,12877.3,99.9100830804094,24.188476135265073
horizontal:train:7850c72e:hidden,train,7850c72e,horizontal,hidden,data/raw/train/7850c72e__horizontal_well.csv,5236,5236,92,12848.64,12893.89,95.73383396814066,17.19224029126768
horizontal:train:7850c72e:full,train,7850c72e,horizontal,full,data/raw/train/7850c72e__horizontal_well.csv,7368,7368,1299,11817.75,12893.89,96.9422708719622,19.568642288500214
horizontal:train:78a4a386:prefix,train,78a4a386,horizontal,prefix,data/raw/train/78a4a386__horizontal_well.csv,974,974,258,11221.54,11380.47,57.3799899540441,13.67487129344239
horizontal:train:78a4a386:hidden,train,78a4a386,horizontal,hidden,data/raw/train/78a4a386__horizontal_well.csv,3975,3975,39,11359.96,11378.94,65.80341251308566,8.930788004412937
horizontal:train:78a4a386:full,train,78a4a386,horizontal,full,data/raw/train/78a4a386__horizontal_well.csv,4949,4949,258,11221.54,11380.47,64.14562031819649,10.586842263828046
horizontal:train:79507629:prefix,train,79507629,horizontal,prefix,data/raw/train/79507629__horizontal_well.csv,1638,1638,943,11516.81,12560.5,88.81364027407933,18.757931564178026
horizontal:train:79507629:hidden,train,79507629,horizontal,hidden,data/raw/train/79507629__horizontal_well.csv,4745,4745,46,12536.69,12559.14,82.94355528868797,11.6163214849067
horizontal:train:79507629:full,train,79507629,horizontal,full,data/raw/train/79507629__horizontal_well.csv,6383,6383,943,11516.81,12560.5,84.44993147638516,14.042023064223125
horizontal:train:796dbd4c:prefix,train,796dbd4c,horizontal,prefix,data/raw/train/796dbd4c__horizontal_well.csv,1324,1324,801,9995.66,10897.95,87.88804029599237,27.91177134771963
horizontal:train:796dbd4c:hidden,train,796dbd4c,horizontal,hidden,data/raw/train/796dbd4c__horizontal_well.csv,3744,3744,39,10888.22,10907.17,88.29003438585569,12.418314597204741
horizontal:train:796dbd4c:full,train,796dbd4c,horizontal,full,data/raw/train/796dbd4c__horizontal_well.csv,5068,5068,819,9995.66,10907.17,88.18501461967988,17.818153012112816
horizontal:train:7987f2f2:prefix,train,7987f2f2,horizontal,prefix,data/raw/train/7987f2f2__horizontal_well.csv,1156,1156,800,11341.69,12224.38,80.04764411175728,21.46832862428127
horizontal:train:7987f2f2:hidden,train,7987f2f2,horizontal,hidden,data/raw/train/7987f2f2__horizontal_well.csv,1994,1994,86,12192.89,12235.41,83.78182260770556,13.36079205875943
horizontal:train:7987f2f2:full,train,7987f2f2,horizontal,full,data/raw/train/7987f2f2__horizontal_well.csv,3150,3150,823,11341.69,12235.41,82.41143837236709,16.893148026094828
horizontal:train:7993a768:prefix,train,7993a768,horizontal,prefix,data/raw/train/7993a768__horizontal_well.csv,1444,1444,807,11439.17,12157.98,76.96894204078065,16.24290052417533
horizontal:train:7993a768:hidden,train,7993a768,horizontal,hidden,data/raw/train/7993a768__horizontal_well.csv,4393,4393,40,12153.17,12172.3,67.01882323611405,7.863787024112865
horizontal:train:7993a768:full,train,7993a768,horizontal,full,data/raw/train/7993a768__horizontal_well.csv,5837,5837,836,11439.17,12172.3,69.48035682424812,11.41240480060044
horizontal:train:7a5660b0:prefix,train,7a5660b0,horizontal,prefix,data/raw/train/7a5660b0__horizontal_well.csv,1850,1850,1088,11839.68,12735.01,77.93239899726098,17.6434937230954
horizontal:train:7a5660b0:hidden,train,7a5660b0,horizontal,hidden,data/raw/train/7a5660b0__horizontal_well.csv,4828,4828,62,12704.34,12735.01,74.95888640415303,5.513353218311574
horizontal:train:7a5660b0:full,train,7a5660b0,horizontal,full,data/raw/train/7a5660b0__horizontal_well.csv,6678,6678,1088,11839.68,12735.01,75.78263577481036,10.487336580805687
horizontal:train:7acda2df:prefix,train,7acda2df,horizontal,prefix,data/raw/train/7acda2df__horizontal_well.csv,1271,1271,552,10739.79,11195.44,119.19367239969102,27.343890817774817
horizontal:train:7acda2df:hidden,train,7acda2df,horizontal,hidden,data/raw/train/7acda2df__horizontal_well.csv,2740,2740,76,11173.570000000002,11210.77,115.97926316457372,18.8212131243473
horizontal:train:7acda2df:full,train,7acda2df,horizontal,full,data/raw/train/7acda2df__horizontal_well.csv,4011,4011,583,10739.79,11210.77,116.99784061105444,21.935146742304923
horizontal:train:7b2c7b3c:prefix,train,7b2c7b3c,horizontal,prefix,data/raw/train/7b2c7b3c__horizontal_well.csv,1598,1598,736,10882.28,11423.73,87.82323226992071,20.3499931248448
horizontal:train:7b2c7b3c:hidden,train,7b2c7b3c,horizontal,hidden,data/raw/train/7b2c7b3c__horizontal_well.csv,2480,2480,41,11409.66,11429.41,94.1220891413126,11.759360485050703
horizontal:train:7b2c7b3c:full,train,7b2c7b3c,horizontal,full,data/raw/train/7b2c7b3c__horizontal_well.csv,4078,4078,748,10882.28,11429.41,91.65382693422966,15.99461337656364
horizontal:train:7b38844c:prefix,train,7b38844c,horizontal,prefix,data/raw/train/7b38844c__horizontal_well.csv,1393,1393,653,11554.68,12040.34,79.11575812945196,16.081323801466404
horizontal:train:7b38844c:hidden,train,7b38844c,horizontal,hidden,data/raw/train/7b38844c__horizontal_well.csv,3186,3186,61,12024.68,12054.47,87.4635260865847,11.273362152288799
horizontal:train:7b38844c:full,train,7b38844c,horizontal,full,data/raw/train/7b38844c__horizontal_well.csv,4579,4579,681,11554.68,12054.47,84.92401074168714,13.485149951102697
horizontal:train:7bb17b96:prefix,train,7bb17b96,horizontal,prefix,data/raw/train/7bb17b96__horizontal_well.csv,905,905,483,11548.43,12022.79,82.5272802078936,22.312778530591928
horizontal:train:7bb17b96:hidden,train,7bb17b96,horizontal,hidden,data/raw/train/7bb17b96__horizontal_well.csv,2167,2167,63,12009.26,12040.35,94.2643532845623,13.551779385877367
horizontal:train:7bb17b96:full,train,7bb17b96,horizontal,full,data/raw/train/7bb17b96__horizontal_well.csv,3072,3072,518,11548.43,12040.35,90.80665434758795,17.45976059254641
horizontal:train:7c607683:prefix,train,7c607683,horizontal,prefix,data/raw/train/7c607683__horizontal_well.csv,1267,1267,873,10470.45,11226.97,77.12893317726684,20.80798119845157
horizontal:train:7c607683:hidden,train,7c607683,horizontal,hidden,data/raw/train/7c607683__horizontal_well.csv,3390,3390,55,11189.68,11216.7,84.19955072734334,13.245788369064977
horizontal:train:7c607683:full,train,7c607683,horizontal,full,data/raw/train/7c607683__horizontal_well.csv,4657,4657,873,10470.45,11226.97,82.27589334363131,15.981677770035642
horizontal:train:7cbbd047:prefix,train,7cbbd047,horizontal,prefix,data/raw/train/7cbbd047__horizontal_well.csv,1491,1491,843,11277.63,12014.6,81.64021795736069,25.245173747305074
horizontal:train:7cbbd047:hidden,train,7cbbd047,horizontal,hidden,data/raw/train/7cbbd047__horizontal_well.csv,4269,4269,63,12006.06,12036.96,94.12597310986814,14.483179138180612
horizontal:train:7cbbd047:full,train,7cbbd047,horizontal,full,data/raw/train/7cbbd047__horizontal_well.csv,5760,5760,888,11277.63,12036.96,90.89398336466178,18.717512859840507
horizontal:train:7cd4bb31:prefix,train,7cd4bb31,horizontal,prefix,data/raw/train/7cd4bb31__horizontal_well.csv,1228,1228,675,10673.67,11196.89,74.78941142628109,16.174876353090436
horizontal:train:7cd4bb31:hidden,train,7cd4bb31,horizontal,hidden,data/raw/train/7cd4bb31__horizontal_well.csv,4254,4254,55,11179.990000000002,11206.92,79.9557208675977,12.037517930610768
horizontal:train:7cd4bb31:full,train,7cd4bb31,horizontal,full,data/raw/train/7cd4bb31__horizontal_well.csv,5482,5482,695,10673.67,11206.92,78.79843739551875,13.254752019227874
horizontal:train:7d50373e:prefix,train,7d50373e,horizontal,prefix,data/raw/train/7d50373e__horizontal_well.csv,1186,1186,609,10690.63,11226.8,80.24102682441132,16.823767860486004
horizontal:train:7d50373e:hidden,train,7d50373e,horizontal,hidden,data/raw/train/7d50373e__horizontal_well.csv,3665,3665,38,11199.42,11218.05,81.28837032375753,13.051650464474035
horizontal:train:7d50373e:full,train,7d50373e,horizontal,full,data/raw/train/7d50373e__horizontal_well.csv,4851,4851,612,10690.63,11226.8,81.03230984339791,14.074805973010596
horizontal:train:7d57c75d:prefix,train,7d57c75d,horizontal,prefix,data/raw/train/7d57c75d__horizontal_well.csv,1655,1655,919,10083.46,10810.75,97.32678554531414,40.50033316974298
horizontal:train:7d57c75d:hidden,train,7d57c75d,horizontal,hidden,data/raw/train/7d57c75d__horizontal_well.csv,3960,3960,70,10789.97,10832.71,67.24992491824783,17.57830519786834
horizontal:train:7d57c75d:full,train,7d57c75d,horizontal,full,data/raw/train/7d57c75d__horizontal_well.csv,5615,5615,957,10083.46,10832.71,76.1149657620225,29.82331730712269
horizontal:train:7e208414:prefix,train,7e208414,horizontal,prefix,data/raw/train/7e208414__horizontal_well.csv,1419,1419,664,11526.62,12032.94,84.37172399595583,19.025504286343207
horizontal:train:7e208414:hidden,train,7e208414,horizontal,hidden,data/raw/train/7e208414__horizontal_well.csv,3835,3835,23,12023.25,12034.5,93.74235416226777,10.624624329473892
horizontal:train:7e208414:full,train,7e208414,horizontal,full,data/raw/train/7e208414__horizontal_well.csv,5254,5254,667,11526.62,12034.5,91.21153493767763,14.0522743780168
horizontal:train:7e721392:prefix,train,7e721392,horizontal,prefix,data/raw/train/7e721392__horizontal_well.csv,1171,1171,718,10567.14,11516.37,79.88165948878715,21.25378958113632
horizontal:train:7e721392:hidden,train,7e721392,horizontal,hidden,data/raw/train/7e721392__horizontal_well.csv,2672,2672,107,11461.13,11514.12,76.27275228964245,13.9331468103885
horizontal:train:7e721392:full,train,7e721392,horizontal,full,data/raw/train/7e721392__horizontal_well.csv,3843,3843,732,10567.14,11516.37,77.3724219045783,16.59465057988717
horizontal:train:7ff89f8f:prefix,train,7ff89f8f,horizontal,prefix,data/raw/train/7ff89f8f__horizontal_well.csv,1808,1808,1082,9631.19,10683.92,85.46935349946082,22.960818021336966
horizontal:train:7ff89f8f:hidden,train,7ff89f8f,horizontal,hidden,data/raw/train/7ff89f8f__horizontal_well.csv,5790,5790,83,10668.43,10709.4,84.45026545278898,13.909891410331534
horizontal:train:7ff89f8f:full,train,7ff89f8f,horizontal,full,data/raw/train/7ff89f8f__horizontal_well.csv,7598,7598,1134,9631.19,10709.4,84.6927649511284,16.525226871237155
horizontal:train:8050c789:prefix,train,8050c789,horizontal,prefix,data/raw/train/8050c789__horizontal_well.csv,1388,1388,795,11657.69,12291.17,82.66296535704834,21.47137235630985
horizontal:train:8050c789:hidden,train,8050c789,horizontal,hidden,data/raw/train/8050c789__horizontal_well.csv,2311,2311,60,12266.52,12295.98,87.28473174123643,12.61718435291067
horizontal:train:8050c789:full,train,8050c789,horizontal,full,data/raw/train/8050c789__horizontal_well.csv,3699,3699,805,11657.69,12295.98,85.55047606639106,16.65705117097055
horizontal:train:807f0298:prefix,train,807f0298,horizontal,prefix,data/raw/train/807f0298__horizontal_well.csv,1300,1300,775,10413.4,11038.490000000002,108.49879594058626,29.745799768675358
horizontal:train:807f0298:hidden,train,807f0298,horizontal,hidden,data/raw/train/807f0298__horizontal_well.csv,2093,2093,75,11024.28,11061.33,124.30342721249308,15.710737855387002
horizontal:train:807f0298:full,train,807f0298,horizontal,full,data/raw/train/807f0298__horizontal_well.csv,3393,3393,821,10413.4,11061.33,118.24801293206902,23.4585091522374
horizontal:train:811f52b3:prefix,train,811f52b3,horizontal,prefix,data/raw/train/811f52b3__horizontal_well.csv,1752,1752,996,10349.39,11217.66,87.35954335137616,17.9904768515563
horizontal:train:811f52b3:hidden,train,811f52b3,horizontal,hidden,data/raw/train/811f52b3__horizontal_well.csv,4506,4506,32,11212.25,11228.17,82.67184152341636,8.824355980112651
horizontal:train:811f52b3:full,train,811f52b3,horizontal,full,data/raw/train/811f52b3__horizontal_well.csv,6258,6258,1017,10349.39,11228.17,83.9842182576103,12.292687667091243
horizontal:train:81bf5923:prefix,train,81bf5923,horizontal,prefix,data/raw/train/81bf5923__horizontal_well.csv,1737,1737,952,12031.39,12788.35,92.18732017223485,23.813801540951996
horizontal:train:81bf5923:hidden,train,81bf5923,horizontal,hidden,data/raw/train/81bf5923__horizontal_well.csv,4165,4165,108,12720.06,12773.61,92.30189006999856,14.935043513924235
horizontal:train:81bf5923:full,train,81bf5923,horizontal,full,data/raw/train/81bf5923__horizontal_well.csv,5902,5902,953,12031.39,12788.35,92.26817134542799,18.00866771190324
horizontal:train:81fc01c6:prefix,train,81fc01c6,horizontal,prefix,data/raw/train/81fc01c6__horizontal_well.csv,1532,1532,846,9969.61,10794.89,89.03408074607438,23.229848393588128
horizontal:train:81fc01c6:hidden,train,81fc01c6,horizontal,hidden,data/raw/train/81fc01c6__horizontal_well.csv,4864,4864,87,10791.61,10834.36,91.91738268538295,11.078523186743816
horizontal:train:81fc01c6:full,train,81fc01c6,horizontal,full,data/raw/train/81fc01c6__horizontal_well.csv,6396,6396,925,9969.61,10834.36,91.22676064488566,14.970102362065216
horizontal:train:8255c867:prefix,train,8255c867,horizontal,prefix,data/raw/train/8255c867__horizontal_well.csv,1408,1408,855,10267.36,11151.14,124.92767934447123,28.342608433010575
horizontal:train:8255c867:hidden,train,8255c867,horizontal,hidden,data/raw/train/8255c867__horizontal_well.csv,2764,2764,85,11151.18,11193.2,124.49022398198125,20.345098385709868
horizontal:train:8255c867:full,train,8255c867,horizontal,full,data/raw/train/8255c867__horizontal_well.csv,4172,4172,939,10267.36,11193.2,124.63785992406798,23.35330903216291
horizontal:train:82aab6d2:prefix,train,82aab6d2,horizontal,prefix,data/raw/train/82aab6d2__horizontal_well.csv,1525,1525,834,11383.990000000002,12173.55,94.64450709485345,20.73325548888911
horizontal:train:82aab6d2:hidden,train,82aab6d2,horizontal,hidden,data/raw/train/82aab6d2__horizontal_well.csv,3567,3567,58,12132.240000000002,12160.59,70.58618436816704,6.355558254595405
horizontal:train:82aab6d2:full,train,82aab6d2,horizontal,full,data/raw/train/82aab6d2__horizontal_well.csv,5092,5092,836,11383.990000000002,12173.55,77.79139688941544,16.68732819906055
horizontal:train:82fcf37c:prefix,train,82fcf37c,horizontal,prefix,data/raw/train/82fcf37c__horizontal_well.csv,821,821,390,10502.94,10955.61,106.67827287846526,18.887339363929204
horizontal:train:82fcf37c:hidden,train,82fcf37c,horizontal,hidden,data/raw/train/82fcf37c__horizontal_well.csv,2716,2716,34,10951.77,10968.62,112.62117292942371,17.422351245866793
horizontal:train:82fcf37c:full,train,82fcf37c,horizontal,full,data/raw/train/82fcf37c__horizontal_well.csv,3537,3537,416,10502.94,10968.62,111.24172115056115,17.949386440370976
horizontal:train:833af382:prefix,train,833af382,horizontal,prefix,data/raw/train/833af382__horizontal_well.csv,1355,1355,743,10473.75,11176.0,135.13892891859172,35.00934619511663
horizontal:train:833af382:hidden,train,833af382,horizontal,hidden,data/raw/train/833af382__horizontal_well.csv,2577,2577,59,11146.91,11175.86,120.59953331758322,18.75031570241583
horizontal:train:833af382:full,train,833af382,horizontal,full,data/raw/train/833af382__horizontal_well.csv,3932,3932,745,10473.75,11176.0,125.60993032657775,26.467596381524533
horizontal:train:8382f4b6:prefix,train,8382f4b6,horizontal,prefix,data/raw/train/8382f4b6__horizontal_well.csv,950,950,601,10900.71,11427.89,87.22404633040877,25.227059668214753
horizontal:train:8382f4b6:hidden,train,8382f4b6,horizontal,hidden,data/raw/train/8382f4b6__horizontal_well.csv,1709,1709,117,11344.35,11402.63,96.82827102288591,16.25591779309953
horizontal:train:8382f4b6:full,train,8382f4b6,horizontal,full,data/raw/train/8382f4b6__horizontal_well.csv,2659,2659,617,10900.71,11427.89,93.39690078676209,20.454749966131267
horizontal:train:84633df4:prefix,train,84633df4,horizontal,prefix,data/raw/train/84633df4__horizontal_well.csv,1039,1039,734,10027.77,10878.570000000002,95.80746274375684,28.85449743367231
horizontal:train:84633df4:hidden,train,84633df4,horizontal,hidden,data/raw/train/84633df4__horizontal_well.csv,2148,2148,31,10868.72,10883.27,86.3809661697615,12.03623003814262
horizontal:train:84633df4:full,train,84633df4,horizontal,full,data/raw/train/84633df4__horizontal_well.csv,3187,3187,746,10027.77,10883.27,89.45411644914059,19.712880784996063
horizontal:train:8478df29:prefix,train,8478df29,horizontal,prefix,data/raw/train/8478df29__horizontal_well.csv,985,985,738,10098.73,10928.93,91.64248978035461,28.55008880354352
horizontal:train:8478df29:hidden,train,8478df29,horizontal,hidden,data/raw/train/8478df29__horizontal_well.csv,1622,1622,36,10903.8,10921.6,86.76649327786147,12.115996195125668
horizontal:train:8478df29:full,train,8478df29,horizontal,full,data/raw/train/8478df29__horizontal_well.csv,2607,2607,740,10098.73,10928.93,88.60878578072138,20.121959622617123
horizontal:train:84815d5a:prefix,train,84815d5a,horizontal,prefix,data/raw/train/84815d5a__horizontal_well.csv,1364,1364,950,11062.59,11942.31,76.52493645493605,27.99197561542653
horizontal:train:84815d5a:hidden,train,84815d5a,horizontal,hidden,data/raw/train/84815d5a__horizontal_well.csv,2631,2631,69,11942.33,11976.68,67.66988213873165,11.17639690287426
horizontal:train:84815d5a:full,train,84815d5a,horizontal,full,data/raw/train/84815d5a__horizontal_well.csv,3995,3995,1018,11062.59,11976.68,70.69323485144825,19.16820500221803
horizontal:train:84c3b497:prefix,train,84c3b497,horizontal,prefix,data/raw/train/84c3b497__horizontal_well.csv,1328,1328,715,10984.68,11518.75,77.27514800973218,18.08695935124512
horizontal:train:84c3b497:hidden,train,84c3b497,horizontal,hidden,data/raw/train/84c3b497__horizontal_well.csv,4363,4363,128,11500.69,11564.05,66.00955960383486,24.277846465294513
horizontal:train:84c3b497:full,train,84c3b497,horizontal,full,data/raw/train/84c3b497__horizontal_well.csv,5691,5691,807,10984.68,11564.05,68.63839485300578,23.471603078886552
horizontal:train:85380836:prefix,train,85380836,horizontal,prefix,data/raw/train/85380836__horizontal_well.csv,882,882,456,10781.21,11216.96,74.38068460222321,15.917442978005022
horizontal:train:85380836:hidden,train,85380836,horizontal,hidden,data/raw/train/85380836__horizontal_well.csv,3893,3893,55,11190.89,11218.02,86.68900917788272,14.010656819181436
horizontal:train:85380836:full,train,85380836,horizontal,full,data/raw/train/85380836__horizontal_well.csv,4775,4775,459,10781.21,11218.02,84.41551341333161,15.154323229391753
horizontal:train:8612b37f:prefix,train,8612b37f,horizontal,prefix,data/raw/train/8612b37f__horizontal_well.csv,796,796,453,11263.65,11881.570000000002,106.59286525673964,25.03510301758383
horizontal:train:8612b37f:hidden,train,8612b37f,horizontal,hidden,data/raw/train/8612b37f__horizontal_well.csv,2157,2157,92,11874.11,11919.36,111.6561844391473,17.12513776420115
horizontal:train:8612b37f:full,train,8612b37f,horizontal,full,data/raw/train/8612b37f__horizontal_well.csv,2953,2953,529,11263.65,11919.36,110.29133443264664,19.703083257854384
horizontal:train:861e71df:prefix,train,861e71df,horizontal,prefix,data/raw/train/861e71df__horizontal_well.csv,1468,1468,1015,10495.53,11398.37,89.5750166233629,26.439769999014274
horizontal:train:861e71df:hidden,train,861e71df,horizontal,hidden,data/raw/train/861e71df__horizontal_well.csv,3987,3987,41,11371.740000000002,11391.75,108.83873049743514,22.321587595574098
horizontal:train:861e71df:full,train,861e71df,horizontal,full,data/raw/train/861e71df__horizontal_well.csv,5455,5455,1015,10495.53,11398.37,103.6546549764199,25.00565633549752
horizontal:train:86454a6f:prefix,train,86454a6f,horizontal,prefix,data/raw/train/86454a6f__horizontal_well.csv,312,312,134,12060.39,12193.09,71.39931400555538,18.13421533015349
horizontal:train:86454a6f:hidden,train,86454a6f,horizontal,hidden,data/raw/train/86454a6f__horizontal_well.csv,1499,1499,176,12178.05,12274.63,84.15757840859524,13.661737822290597
horizontal:train:86454a6f:full,train,86454a6f,horizontal,full,data/raw/train/86454a6f__horizontal_well.csv,1811,1811,281,12060.39,12274.63,81.95957813595666,15.308624489183632
horizontal:train:8648abae:prefix,train,8648abae,horizontal,prefix,data/raw/train/8648abae__horizontal_well.csv,1768,1768,1067,11095.58,12028.46,91.95030296287926,24.610079817530597
horizontal:train:8648abae:hidden,train,8648abae,horizontal,hidden,data/raw/train/8648abae__horizontal_well.csv,4031,4031,43,12007.4,12028.33,90.69698604765885,14.012003326690392
horizontal:train:8648abae:full,train,8648abae,horizontal,full,data/raw/train/8648abae__horizontal_well.csv,5799,5799,1067,11095.58,12028.46,91.07909749896248,17.929378542694142
horizontal:train:865033f8:prefix,train,865033f8,horizontal,prefix,data/raw/train/865033f8__horizontal_well.csv,1054,1054,712,10424.490000000002,11194.25,127.457683042547,30.521469179373106
horizontal:train:865033f8:hidden,train,865033f8,horizontal,hidden,data/raw/train/865033f8__horizontal_well.csv,1213,1213,39,11182.77,11202.15,125.82599049002101,22.807540612950483
horizontal:train:865033f8:full,train,865033f8,horizontal,full,data/raw/train/865033f8__horizontal_well.csv,2267,2267,727,10424.490000000002,11202.15,126.58461596437584,26.685352405569976
horizontal:train:87695469:prefix,train,87695469,horizontal,prefix,data/raw/train/87695469__horizontal_well.csv,1040,1040,693,9267.54,10096.98,82.1029710202592,16.244668893153737
horizontal:train:87695469:hidden,train,87695469,horizontal,hidden,data/raw/train/87695469__horizontal_well.csv,3913,3913,53,10083.35,10109.35,71.88055879094667,13.40613164935307
horizontal:train:87695469:full,train,87695469,horizontal,full,data/raw/train/87695469__horizontal_well.csv,4953,4953,718,9267.54,10109.35,74.02699705431935,14.653715079388936
horizontal:train:877ed19c:prefix,train,877ed19c,horizontal,prefix,data/raw/train/877ed19c__horizontal_well.csv,1490,1490,911,10578.88,11366.990000000002,90.32686129237076,24.115889707784092
horizontal:train:877ed19c:hidden,train,877ed19c,horizontal,hidden,data/raw/train/877ed19c__horizontal_well.csv,2581,2581,26,11353.91,11366.4,95.54502833579281,12.103758162437765
horizontal:train:877ed19c:full,train,877ed19c,horizontal,full,data/raw/train/877ed19c__horizontal_well.csv,4071,4071,911,10578.88,11366.990000000002,93.6351612528405,17.66517435553067
horizontal:train:87aa3730:prefix,train,87aa3730,horizontal,prefix,data/raw/train/87aa3730__horizontal_well.csv,1418,1418,726,10624.09,11224.7,79.76027807595854,13.416237144393936
horizontal:train:87aa3730:hidden,train,87aa3730,horizontal,hidden,data/raw/train/87aa3730__horizontal_well.csv,4303,4303,49,11192.45,11216.64,78.95121717528207,14.044688659083928
horizontal:train:87aa3730:full,train,87aa3730,horizontal,full,data/raw/train/87aa3730__horizontal_well.csv,5721,5721,728,10624.09,11224.7,79.15175001170212,13.895963349250879
horizontal:train:884ecb5f:prefix,train,884ecb5f,horizontal,prefix,data/raw/train/884ecb5f__horizontal_well.csv,1260,1260,692,10636.75,11186.35,77.79392547914675,14.640967885454735
horizontal:train:884ecb5f:hidden,train,884ecb5f,horizontal,hidden,data/raw/train/884ecb5f__horizontal_well.csv,6462,6462,92,11168.39,11213.88,82.65901338392239,11.118302086083027
horizontal:train:884ecb5f:full,train,884ecb5f,horizontal,full,data/raw/train/884ecb5f__horizontal_well.csv,7722,7722,747,10636.75,11213.88,81.86517619666296,11.901883217209791
horizontal:train:8902c3f6:prefix,train,8902c3f6,horizontal,prefix,data/raw/train/8902c3f6__horizontal_well.csv,958,958,530,10203.31,10766.36,80.34660533858312,19.05404190679752
horizontal:train:8902c3f6:hidden,train,8902c3f6,horizontal,hidden,data/raw/train/8902c3f6__horizontal_well.csv,2563,2563,44,10763.06,10784.39,84.76798280718327,15.654660578246881
horizontal:train:8902c3f6:full,train,8902c3f6,horizontal,full,data/raw/train/8902c3f6__horizontal_well.csv,3521,3521,567,10203.31,10784.39,83.56500648939887,16.76432152943098
horizontal:train:896d15b9:prefix,train,896d15b9,horizontal,prefix,data/raw/train/896d15b9__horizontal_well.csv,798,798,515,11476.25,11955.97,84.44746712868093,24.878068166364574
horizontal:train:896d15b9:hidden,train,896d15b9,horizontal,hidden,data/raw/train/896d15b9__horizontal_well.csv,1446,1446,98,11942.35,11990.84,80.00141753289743,21.183881780778766
horizontal:train:896d15b9:full,train,896d15b9,horizontal,full,data/raw/train/896d15b9__horizontal_well.csv,2244,2244,585,11476.25,11990.84,81.58249934102363,22.667124818963423
horizontal:train:8995c945:prefix,train,8995c945,horizontal,prefix,data/raw/train/8995c945__horizontal_well.csv,1381,1381,857,10274.87,10994.94,112.83702230721124,29.948239392641195
horizontal:train:8995c945:hidden,train,8995c945,horizontal,hidden,data/raw/train/8995c945__horizontal_well.csv,5909,5909,60,10986.85,11016.75,121.9634065472274,11.56713284176529
horizontal:train:8995c945:full,train,8995c945,horizontal,full,data/raw/train/8995c945__horizontal_well.csv,7290,7290,900,10274.87,11016.75,120.23452635031897,17.063044694789863
horizontal:train:89969c7a:prefix,train,89969c7a,horizontal,prefix,data/raw/train/89969c7a__horizontal_well.csv,989,989,815,10016.98,10906.21,90.66643732212185,28.643177344153923
horizontal:train:89969c7a:hidden,train,89969c7a,horizontal,hidden,data/raw/train/89969c7a__horizontal_well.csv,3059,3059,51,10896.86,10922.1,86.93909227745944,11.113793337113432
horizontal:train:89969c7a:full,train,89969c7a,horizontal,full,data/raw/train/89969c7a__horizontal_well.csv,4048,4048,847,10016.98,10922.1,87.84975044178036,17.214833640274694
horizontal:train:89f1085d:prefix,train,89f1085d,horizontal,prefix,data/raw/train/89f1085d__horizontal_well.csv,1108,1108,490,12441.63,12823.51,95.51786810311714,19.847525028941774
horizontal:train:89f1085d:hidden,train,89f1085d,horizontal,hidden,data/raw/train/89f1085d__horizontal_well.csv,4007,4007,88,12769.53,12813.1,88.09952900153452,14.407933588921894
horizontal:train:89f1085d:full,train,89f1085d,horizontal,full,data/raw/train/89f1085d__horizontal_well.csv,5115,5115,498,12441.63,12823.51,89.7064732292087,16.040285699419094
horizontal:train:89f36adf:prefix,train,89f36adf,horizontal,prefix,data/raw/train/89f36adf__horizontal_well.csv,1058,1058,771,11512.990000000002,12229.31,75.77528077581194,22.531766561580994
horizontal:train:89f36adf:hidden,train,89f36adf,horizontal,hidden,data/raw/train/89f36adf__horizontal_well.csv,2070,2070,38,12223.4,12242.12,86.24885946720276,11.733532747157286
horizontal:train:89f36adf:full,train,89f36adf,horizontal,full,data/raw/train/89f36adf__horizontal_well.csv,3128,3128,796,11512.990000000002,12242.12,82.70632549805586,16.952224197653763
horizontal:train:89fdb2f2:prefix,train,89fdb2f2,horizontal,prefix,data/raw/train/89fdb2f2__horizontal_well.csv,1047,1047,649,11418.55,11952.06,71.00057325512692,22.212037988195608
horizontal:train:89fdb2f2:hidden,train,89fdb2f2,horizontal,hidden,data/raw/train/89fdb2f2__horizontal_well.csv,945,945,13,11950.38,11956.73,71.44900820764197,5.142380653726742
horizontal:train:89fdb2f2:full,train,89fdb2f2,horizontal,full,data/raw/train/89fdb2f2__horizontal_well.csv,1992,1992,658,11418.55,11956.73,71.2133097160339,16.489816376689983
horizontal:train:8a3da6d1:prefix,train,8a3da6d1,horizontal,prefix,data/raw/train/8a3da6d1__horizontal_well.csv,1281,1281,911,11192.25,12007.81,76.32626426657453,22.943733490694047
horizontal:train:8a3da6d1:hidden,train,8a3da6d1,horizontal,hidden,data/raw/train/8a3da6d1__horizontal_well.csv,2479,2479,52,11994.92,12020.75,91.93644296578528,33.13454478585469
horizontal:train:8a3da6d1:full,train,8a3da6d1,horizontal,full,data/raw/train/8a3da6d1__horizontal_well.csv,3760,3760,936,11192.25,12020.75,86.61818793554885,30.95050382304416
horizontal:train:8a89da23:prefix,train,8a89da23,horizontal,prefix,data/raw/train/8a89da23__horizontal_well.csv,1390,1390,676,10562.97,11196.62,77.70529925067366,19.27127543662172
horizontal:train:8a89da23:hidden,train,8a89da23,horizontal,hidden,data/raw/train/8a89da23__horizontal_well.csv,3347,3347,76,11195.52,11232.81,84.55246935214002,11.027240740120416
horizontal:train:8a89da23:full,train,8a89da23,horizontal,full,data/raw/train/8a89da23__horizontal_well.csv,4737,4737,749,10562.97,11232.81,82.54327229893373,14.304376325451821
horizontal:train:8a9c8932:prefix,train,8a9c8932,horizontal,prefix,data/raw/train/8a9c8932__horizontal_well.csv,1610,1610,738,10773.47,11284.4,85.35160542601044,17.614163893509716
horizontal:train:8a9c8932:hidden,train,8a9c8932,horizontal,hidden,data/raw/train/8a9c8932__horizontal_well.csv,4452,4452,20,11277.43,11286.990000000002,86.00534564693424,12.044846153598805
horizontal:train:8a9c8932:full,train,8a9c8932,horizontal,full,data/raw/train/8a9c8932__horizontal_well.csv,6062,6062,743,10773.47,11286.990000000002,85.83171949126164,13.748882713043889
horizontal:train:8ac2f237:prefix,train,8ac2f237,horizontal,prefix,data/raw/train/8ac2f237__horizontal_well.csv,1374,1374,646,10824.26,11370.320000000002,94.55886659608502,23.766195105123348
horizontal:train:8ac2f237:hidden,train,8ac2f237,horizontal,hidden,data/raw/train/8ac2f237__horizontal_well.csv,5094,5094,92,11319.5,11364.8,93.97940696424446,14.01215987237276
horizontal:train:8ac2f237:full,train,8ac2f237,horizontal,full,data/raw/train/8ac2f237__horizontal_well.csv,6468,6468,654,10824.26,11370.320000000002,94.10250182110114,16.573339643963596
horizontal:train:8b12bab6:prefix,train,8b12bab6,horizontal,prefix,data/raw/train/8b12bab6__horizontal_well.csv,952,952,652,10990.06,11862.08,107.07151998702659,31.724039607592204
horizontal:train:8b12bab6:hidden,train,8b12bab6,horizontal,hidden,data/raw/train/8b12bab6__horizontal_well.csv,2184,2184,64,11853.53,11885.23,113.2214935870596,16.154964487998434
horizontal:train:8b12bab6:full,train,8b12bab6,horizontal,full,data/raw/train/8b12bab6__horizontal_well.csv,3136,3136,698,10990.06,11885.23,111.354537315621,22.25468228406795
horizontal:train:8b5be31b:prefix,train,8b5be31b,horizontal,prefix,data/raw/train/8b5be31b__horizontal_well.csv,929,929,636,10023.09,10856.1,84.39210450331733,23.57786145967545
horizontal:train:8b5be31b:hidden,train,8b5be31b,horizontal,hidden,data/raw/train/8b5be31b__horizontal_well.csv,2274,2274,65,10814.98,10847.01,86.07109399236101,13.986212323243347
horizontal:train:8b5be31b:full,train,8b5be31b,horizontal,full,data/raw/train/8b5be31b__horizontal_well.csv,3203,3203,646,10023.09,10856.1,85.58411889547634,17.340606985052222
horizontal:train:8b95d6d1:prefix,train,8b95d6d1,horizontal,prefix,data/raw/train/8b95d6d1__horizontal_well.csv,862,862,621,10271.92,10780.38,76.74760335324196,19.715187626277892
horizontal:train:8b95d6d1:hidden,train,8b95d6d1,horizontal,hidden,data/raw/train/8b95d6d1__horizontal_well.csv,801,801,34,10759.16,10775.64,92.30967628454444,12.96606675671049
horizontal:train:8b95d6d1:full,train,8b95d6d1,horizontal,full,data/raw/train/8b95d6d1__horizontal_well.csv,1663,1663,622,10271.92,10780.38,84.24322597379114,18.517887256433212
horizontal:train:8b9d8326:prefix,train,8b9d8326,horizontal,prefix,data/raw/train/8b9d8326__horizontal_well.csv,963,963,727,11565.53,12247.81,88.15927152111756,24.053797889137737
horizontal:train:8b9d8326:hidden,train,8b9d8326,horizontal,hidden,data/raw/train/8b9d8326__horizontal_well.csv,2118,2118,45,12232.87,12255.22,96.08673089584731,16.310976452157796
horizontal:train:8b9d8326:full,train,8b9d8326,horizontal,full,data/raw/train/8b9d8326__horizontal_well.csv,3081,3081,741,11565.53,12255.22,93.60891740092205,19.42261739530381
horizontal:train:8bb9c1e6:prefix,train,8bb9c1e6,horizontal,prefix,data/raw/train/8bb9c1e6__horizontal_well.csv,1635,1635,902,10410.240000000002,11187.68,89.91440949321053,19.50556788741171
horizontal:train:8bb9c1e6:hidden,train,8bb9c1e6,horizontal,hidden,data/raw/train/8bb9c1e6__horizontal_well.csv,3995,3995,29,11172.78,11187.13,82.23337962969485,10.70372493983913
horizontal:train:8bb9c1e6:full,train,8bb9c1e6,horizontal,full,data/raw/train/8bb9c1e6__horizontal_well.csv,5630,5630,902,10410.240000000002,11187.68,84.46401618863769,14.280982490956752
horizontal:train:8bda1a11:prefix,train,8bda1a11,horizontal,prefix,data/raw/train/8bda1a11__horizontal_well.csv,807,807,468,10403.95,10968.740000000002,111.62373239993511,24.13329180289887
horizontal:train:8bda1a11:hidden,train,8bda1a11,horizontal,hidden,data/raw/train/8bda1a11__horizontal_well.csv,2708,2708,94,10942.4,10988.76,113.20043550488721,18.71505360686331
horizontal:train:8bda1a11:full,train,8bda1a11,horizontal,full,data/raw/train/8bda1a11__horizontal_well.csv,3515,3515,510,10403.95,10988.76,112.83844420881428,20.099615917539
horizontal:train:8bfa881d:prefix,train,8bfa881d,horizontal,prefix,data/raw/train/8bfa881d__horizontal_well.csv,1165,1165,738,11434.56,12189.42,85.3915291561649,25.14313201121538
horizontal:train:8bfa881d:hidden,train,8bfa881d,horizontal,hidden,data/raw/train/8bfa881d__horizontal_well.csv,2212,2212,115,12178.23,12235.0,87.94845821186702,14.529279604939862
horizontal:train:8bfa881d:full,train,8bfa881d,horizontal,full,data/raw/train/8bfa881d__horizontal_well.csv,3377,3377,830,11434.56,12235.0,87.0663669030447,18.916681203209972
horizontal:train:8c167025:prefix,train,8c167025,horizontal,prefix,data/raw/train/8c167025__horizontal_well.csv,1513,1513,755,10143.71,10771.61,78.80331384952231,20.123551147958803
horizontal:train:8c167025:hidden,train,8c167025,horizontal,hidden,data/raw/train/8c167025__horizontal_well.csv,4655,4655,62,10761.06,10791.33,81.14552714233704,15.830670004402753
horizontal:train:8c167025:full,train,8c167025,horizontal,full,data/raw/train/8c167025__horizontal_well.csv,6168,6168,795,10143.71,10791.33,80.57098617086677,17.014312221956775
horizontal:train:8c8348e8:prefix,train,8c8348e8,horizontal,prefix,data/raw/train/8c8348e8__horizontal_well.csv,1414,1414,754,11834.05,12446.69,79.99756483857462,22.125607675638847
horizontal:train:8c8348e8:hidden,train,8c8348e8,horizontal,hidden,data/raw/train/8c8348e8__horizontal_well.csv,2693,2693,39,12432.14,12451.21,68.46550571837216,9.947602074620304
horizontal:train:8c8348e8:full,train,8c8348e8,horizontal,full,data/raw/train/8c8348e8__horizontal_well.csv,4107,4107,763,11834.05,12451.21,72.43588107653292,16.231236891454913
horizontal:train:8cc21f01:prefix,train,8cc21f01,horizontal,prefix,data/raw/train/8cc21f01__horizontal_well.csv,1298,1298,772,10922.05,11762.95,96.74981663588459,26.10027567468192
horizontal:train:8cc21f01:hidden,train,8cc21f01,horizontal,hidden,data/raw/train/8cc21f01__horizontal_well.csv,2643,2643,39,11741.490000000002,11760.3,83.13969656167784,13.150714433748584
horizontal:train:8cc21f01:full,train,8cc21f01,horizontal,full,data/raw/train/8cc21f01__horizontal_well.csv,3941,3941,773,10922.05,11762.95,87.6222989104016,19.525968440896552
horizontal:train:8cc800b3:prefix,train,8cc800b3,horizontal,prefix,data/raw/train/8cc800b3__horizontal_well.csv,1438,1438,730,10297.13,10911.96,85.86621996896417,21.40909589782406
horizontal:train:8cc800b3:hidden,train,8cc800b3,horizontal,hidden,data/raw/train/8cc800b3__horizontal_well.csv,6317,6317,42,10889.85,10910.3,91.81462334467601,11.618513051743381
horizontal:train:8cc800b3:full,train,8cc800b3,horizontal,full,data/raw/train/8cc800b3__horizontal_well.csv,7755,7755,730,10297.13,10911.96,90.71161830866394,14.152544002147689
horizontal:train:8d5d46d7:prefix,train,8d5d46d7,horizontal,prefix,data/raw/train/8d5d46d7__horizontal_well.csv,1389,1389,715,10576.84,11213.46,75.7536775525723,18.401374550405073
horizontal:train:8d5d46d7:hidden,train,8d5d46d7,horizontal,hidden,data/raw/train/8d5d46d7__horizontal_well.csv,4130,4130,54,11207.76,11234.43,79.95873931353003,8.030018125230944
horizontal:train:8d5d46d7:full,train,8d5d46d7,horizontal,full,data/raw/train/8d5d46d7__horizontal_well.csv,5519,5519,757,10576.84,11234.43,78.90042607091898,11.696291459097894
horizontal:train:8d92cb49:prefix,train,8d92cb49,horizontal,prefix,data/raw/train/8d92cb49__horizontal_well.csv,1108,1108,588,10980.53,11435.38,83.31908665098403,20.191311623458734
horizontal:train:8d92cb49:hidden,train,8d92cb49,horizontal,hidden,data/raw/train/8d92cb49__horizontal_well.csv,2783,2783,47,11402.29,11425.73,94.73411630306599,14.626439020935498
horizontal:train:8d92cb49:full,train,8d92cb49,horizontal,full,data/raw/train/8d92cb49__horizontal_well.csv,3891,3891,588,10980.53,11435.38,91.483575862432,17.194351406743852
horizontal:train:8f201368:prefix,train,8f201368,horizontal,prefix,data/raw/train/8f201368__horizontal_well.csv,982,982,552,10690.51,11199.64,77.16261223381626,16.02402075771325
horizontal:train:8f201368:hidden,train,8f201368,horizontal,hidden,data/raw/train/8f201368__horizontal_well.csv,3208,3208,92,11168.02,11213.42,81.97807132299968,14.871943408896048
horizontal:train:8f201368:full,train,8f201368,horizontal,full,data/raw/train/8f201368__horizontal_well.csv,4190,4190,580,10690.51,11213.42,80.84948401379249,15.286525518017859
horizontal:train:90386ee4:prefix,train,90386ee4,horizontal,prefix,data/raw/train/90386ee4__horizontal_well.csv,1031,1031,627,10669.23,11183.54,80.19434195542058,20.863461780229343
horizontal:train:90386ee4:hidden,train,90386ee4,horizontal,hidden,data/raw/train/90386ee4__horizontal_well.csv,1910,1910,46,11183.44,11205.8,78.4852206754602,16.125808022875283
horizontal:train:90386ee4:full,train,90386ee4,horizontal,full,data/raw/train/90386ee4__horizontal_well.csv,2941,2941,672,10669.23,11205.8,79.08437199801686,17.94825520183641
horizontal:train:91abc4c7:prefix,train,91abc4c7,horizontal,prefix,data/raw/train/91abc4c7__horizontal_well.csv,1092,1092,673,10077.21,10968.84,91.28182494348358,20.40708325522752
horizontal:train:91abc4c7:hidden,train,91abc4c7,horizontal,hidden,data/raw/train/91abc4c7__horizontal_well.csv,2275,2275,46,10950.01,10972.27,86.07890109104669,14.443397989055534
horizontal:train:91abc4c7:full,train,91abc4c7,horizontal,full,data/raw/train/91abc4c7__horizontal_well.csv,3367,3367,681,10077.21,10972.27,87.76633585399918,16.791384587104368
horizontal:train:91b301ce:prefix,train,91b301ce,horizontal,prefix,data/raw/train/91b301ce__horizontal_well.csv,1714,1714,883,10398.56,11050.06,74.22816695807627,17.194528796869964
horizontal:train:91b301ce:hidden,train,91b301ce,horizontal,hidden,data/raw/train/91b301ce__horizontal_well.csv,5607,5607,244,10920.76,11042.6,73.37391664879398,13.812918149058536
horizontal:train:91b301ce:full,train,91b301ce,horizontal,full,data/raw/train/91b301ce__horizontal_well.csv,7321,7321,918,10398.56,11050.06,73.57391460400636,14.679112475075234
horizontal:train:91db7070:prefix,train,91db7070,horizontal,prefix,data/raw/train/91db7070__horizontal_well.csv,1268,1268,756,11409.990000000002,12029.02,87.20564513368672,23.72871389658641
horizontal:train:91db7070:hidden,train,91db7070,horizontal,hidden,data/raw/train/91db7070__horizontal_well.csv,2714,2714,125,12029.48,12091.570000000002,93.8140620302201,14.944868776472422
horizontal:train:91db7070:full,train,91db7070,horizontal,full,data/raw/train/91db7070__horizontal_well.csv,3982,3982,881,11409.990000000002,12091.570000000002,91.70972435447817,18.466178757021105
horizontal:train:925a7cd1:prefix,train,925a7cd1,horizontal,prefix,data/raw/train/925a7cd1__horizontal_well.csv,1732,1732,856,11298.59,12096.44,68.15275347482905,33.880164596290626
horizontal:train:925a7cd1:hidden,train,925a7cd1,horizontal,hidden,data/raw/train/925a7cd1__horizontal_well.csv,3728,3728,21,12086.75,12096.44,40.480515448993245,8.612422744143764
horizontal:train:925a7cd1:full,train,925a7cd1,horizontal,full,data/raw/train/925a7cd1__horizontal_well.csv,5460,5460,856,11298.59,12096.44,49.258595350229065,24.096069723255233
horizontal:train:9283ae69:prefix,train,9283ae69,horizontal,prefix,data/raw/train/9283ae69__horizontal_well.csv,1235,1235,781,10213.67,10985.2,79.23315077186895,19.081916772015834
horizontal:train:9283ae69:hidden,train,9283ae69,horizontal,hidden,data/raw/train/9283ae69__horizontal_well.csv,2085,2085,28,10976.64,10991.7,74.40769056704659,8.559499192092325
horizontal:train:9283ae69:full,train,9283ae69,horizontal,full,data/raw/train/9283ae69__horizontal_well.csv,3320,3320,791,10213.67,10991.7,76.20270362516575,13.671104427315038
horizontal:train:9298ad5b:prefix,train,9298ad5b,horizontal,prefix,data/raw/train/9298ad5b__horizontal_well.csv,1203,1203,774,10404.11,11148.64,120.10038427988017,31.947627661164233
horizontal:train:9298ad5b:hidden,train,9298ad5b,horizontal,hidden,data/raw/train/9298ad5b__horizontal_well.csv,1972,1972,86,11135.4,11178.05,115.50639659040469,18.66216578014942
horizontal:train:9298ad5b:full,train,9298ad5b,horizontal,full,data/raw/train/9298ad5b__horizontal_well.csv,3175,3175,833,10404.11,11178.05,117.24704767400755,24.657741134207765
horizontal:train:9314ff13:prefix,train,9314ff13,horizontal,prefix,data/raw/train/9314ff13__horizontal_well.csv,1681,1681,800,11386.88,11996.95,95.67841440441059,20.92535974395713
horizontal:train:9314ff13:hidden,train,9314ff13,horizontal,hidden,data/raw/train/9314ff13__horizontal_well.csv,2634,2634,31,11984.72,11999.37,90.13654225878287,10.350411233862765
horizontal:train:9314ff13:full,train,9314ff13,horizontal,full,data/raw/train/9314ff13__horizontal_well.csv,4315,4315,805,11386.88,11999.37,92.29549639013865,15.597475680908472
horizontal:train:93209a3d:prefix,train,93209a3d,horizontal,prefix,data/raw/train/93209a3d__horizontal_well.csv,888,888,520,11293.52,11871.76,102.99483684675322,27.129023245715818
horizontal:train:93209a3d:hidden,train,93209a3d,horizontal,hidden,data/raw/train/93209a3d__horizontal_well.csv,2044,2044,37,11871.86,11890.23,117.22980487234548,16.900016522235642
horizontal:train:93209a3d:full,train,93209a3d,horizontal,full,data/raw/train/93209a3d__horizontal_well.csv,2932,2932,556,11293.52,11890.23,112.91853215518111,21.559142153941465
horizontal:train:939d9c34:prefix,train,939d9c34,horizontal,prefix,data/raw/train/939d9c34__horizontal_well.csv,928,928,790,10864.490000000002,11861.94,110.52651054209761,31.979241283204843
horizontal:train:939d9c34:hidden,train,939d9c34,horizontal,hidden,data/raw/train/939d9c34__horizontal_well.csv,2883,2883,136,11824.41,11891.93,106.22252279327677,16.381428225073503
horizontal:train:939d9c34:full,train,939d9c34,horizontal,full,data/raw/train/939d9c34__horizontal_well.csv,3811,3811,856,10864.490000000002,11891.93,107.27056809133653,21.34115525391183
horizontal:train:93f5d2e6:prefix,train,93f5d2e6,horizontal,prefix,data/raw/train/93f5d2e6__horizontal_well.csv,1192,1192,624,10515.2,11038.240000000002,70.05246355975528,17.67749413461337
horizontal:train:93f5d2e6:hidden,train,93f5d2e6,horizontal,hidden,data/raw/train/93f5d2e6__horizontal_well.csv,2454,2454,97,10989.95,11038.19,68.08189991022877,12.052588262237338
horizontal:train:93f5d2e6:full,train,93f5d2e6,horizontal,full,data/raw/train/93f5d2e6__horizontal_well.csv,3646,3646,628,10515.2,11038.240000000002,68.72614342921824,14.170113355995484
horizontal:train:940a48d9:prefix,train,940a48d9,horizontal,prefix,data/raw/train/940a48d9__horizontal_well.csv,1285,1285,796,10092.72,10923.6,85.00998959882654,26.856685717038335
horizontal:train:940a48d9:hidden,train,940a48d9,horizontal,hidden,data/raw/train/940a48d9__horizontal_well.csv,3297,3297,50,10899.48,10924.01,83.77199069513127,11.170011294066338
horizontal:train:940a48d9:full,train,940a48d9,horizontal,full,data/raw/train/940a48d9__horizontal_well.csv,4582,4582,798,10092.72,10924.01,84.11918157056739,17.098756930018894
horizontal:train:940e709a:prefix,train,940e709a,horizontal,prefix,data/raw/train/940e709a__horizontal_well.csv,1212,1212,780,10347.04,11045.44,74.92931999532897,21.05183798079569
horizontal:train:940e709a:hidden,train,940e709a,horizontal,hidden,data/raw/train/940e709a__horizontal_well.csv,2064,2064,26,11027.13,11039.65,74.30210708719119,11.478598080447709
horizontal:train:940e709a:full,train,940e709a,horizontal,full,data/raw/train/940e709a__horizontal_well.csv,3276,3276,780,10347.04,11045.44,74.53415288837037,15.718286188698727
horizontal:train:9426ec1e:prefix,train,9426ec1e,horizontal,prefix,data/raw/train/9426ec1e__horizontal_well.csv,1241,1241,635,11547.34,12019.06,80.02171581683987,20.269094813540914
horizontal:train:9426ec1e:hidden,train,9426ec1e,horizontal,hidden,data/raw/train/9426ec1e__horizontal_well.csv,2147,2147,37,12001.03,12018.84,90.2826231343019,11.958015776854609
horizontal:train:9426ec1e:full,train,9426ec1e,horizontal,full,data/raw/train/9426ec1e__horizontal_well.csv,3388,3388,635,11547.34,12019.06,86.5241266818313,16.295460971828124
horizontal:train:94467f50:prefix,train,94467f50,horizontal,prefix,data/raw/train/94467f50__horizontal_well.csv,1448,1448,826,9713.81,10778.070000000002,85.64140508508666,22.441898126757458
horizontal:train:94467f50:hidden,train,94467f50,horizontal,hidden,data/raw/train/94467f50__horizontal_well.csv,2366,2366,85,10731.98,10774.21,89.9705498796177,19.974800915103078
horizontal:train:94467f50:full,train,94467f50,horizontal,full,data/raw/train/94467f50__horizontal_well.csv,3814,3814,835,9713.81,10778.070000000002,88.3269731458786,21.050793738698335
horizontal:train:944f36b9:prefix,train,944f36b9,horizontal,prefix,data/raw/train/944f36b9__horizontal_well.csv,1187,1187,652,10355.97,10850.3,61.12470079660013,17.201999956690294
horizontal:train:944f36b9:hidden,train,944f36b9,horizontal,hidden,data/raw/train/944f36b9__horizontal_well.csv,3897,3897,25,10849.0,10861.01,65.14992849156476,10.138463372198633
horizontal:train:944f36b9:full,train,944f36b9,horizontal,full,data/raw/train/944f36b9__horizontal_well.csv,5084,5084,673,10355.97,10861.01,64.2101280836334,12.27914491037704
horizontal:train:94d813a4:prefix,train,94d813a4,horizontal,prefix,data/raw/train/94d813a4__horizontal_well.csv,1378,1378,862,11923.76,12740.53,92.95384404613853,21.795863360055836
horizontal:train:94d813a4:hidden,train,94d813a4,horizontal,hidden,data/raw/train/94d813a4__horizontal_well.csv,3459,3459,114,12679.14,12740.58,96.56072712316359,14.29849866809656
horizontal:train:94d813a4:full,train,94d813a4,horizontal,full,data/raw/train/94d813a4__horizontal_well.csv,4837,4837,867,11923.76,12740.58,95.5331718450696,16.857982233532024
horizontal:train:95b559e7:prefix,train,95b559e7,horizontal,prefix,data/raw/train/95b559e7__horizontal_well.csv,1558,1558,875,11181.23,11940.9,68.1362619780916,20.258773617062594
horizontal:train:95b559e7:hidden,train,95b559e7,horizontal,hidden,data/raw/train/95b559e7__horizontal_well.csv,2014,2014,57,11940.97,11969.05,68.05668921219255,15.168755593877552
horizontal:train:95b559e7:full,train,95b559e7,horizontal,full,data/raw/train/95b559e7__horizontal_well.csv,3572,3572,931,11181.23,11969.05,68.09139648242511,17.571165745678503
horizontal:train:95c8427f:prefix,train,95c8427f,horizontal,prefix,data/raw/train/95c8427f__horizontal_well.csv,1490,1490,953,10401.13,11218.6,127.83120456858059,30.508389755782684
horizontal:train:95c8427f:hidden,train,95c8427f,horizontal,hidden,data/raw/train/95c8427f__horizontal_well.csv,5069,5069,81,11178.16,11218.08,122.68975075144996,22.018295211504245
horizontal:train:95c8427f:full,train,95c8427f,horizontal,full,data/raw/train/95c8427f__horizontal_well.csv,6559,6559,954,10401.13,11218.6,123.85772852054963,24.305424347690682
horizontal:train:96936c22:prefix,train,96936c22,horizontal,prefix,data/raw/train/96936c22__horizontal_well.csv,1460,1460,784,11387.37,12094.7,71.83111519781154,33.531439907501785
horizontal:train:96936c22:hidden,train,96936c22,horizontal,hidden,data/raw/train/96936c22__horizontal_well.csv,2669,2669,30,12082.990000000002,12097.61,41.57536288657185,8.039980385392456
horizontal:train:96936c22:full,train,96936c22,horizontal,full,data/raw/train/96936c22__horizontal_well.csv,4129,4129,790,11387.37,12097.61,52.273691386065664,25.467331500875247
horizontal:train:96ae5806:prefix,train,96ae5806,horizontal,prefix,data/raw/train/96ae5806__horizontal_well.csv,758,758,509,11340.41,12120.820000000002,89.29542012530442,20.515946964961806
horizontal:train:96ae5806:hidden,train,96ae5806,horizontal,hidden,data/raw/train/96ae5806__horizontal_well.csv,4404,4404,53,12099.490000000002,12125.4,78.65952400192974,13.487632434514113
horizontal:train:96ae5806:full,train,96ae5806,horizontal,full,data/raw/train/96ae5806__horizontal_well.csv,5162,5162,525,11340.41,12125.4,80.22132354891113,15.204659698419722
horizontal:train:96b7eea1:prefix,train,96b7eea1,horizontal,prefix,data/raw/train/96b7eea1__horizontal_well.csv,1130,1130,731,10323.69,11126.92,113.48283725975566,35.69551017377742
horizontal:train:96b7eea1:hidden,train,96b7eea1,horizontal,hidden,data/raw/train/96b7eea1__horizontal_well.csv,2662,2662,31,11127.04,11142.61,128.37993665291012,20.926800081288526
horizontal:train:96b7eea1:full,train,96b7eea1,horizontal,full,data/raw/train/96b7eea1__horizontal_well.csv,3792,3792,761,10323.69,11142.61,123.94066389070959,27.08415859191055
horizontal:train:9719aa04:prefix,train,9719aa04,horizontal,prefix,data/raw/train/9719aa04__horizontal_well.csv,1731,1731,916,10157.78,10964.4,106.6555827696434,29.510808795938278
horizontal:train:9719aa04:hidden,train,9719aa04,horizontal,hidden,data/raw/train/9719aa04__horizontal_well.csv,4661,4661,48,10948.43,10972.06,103.03878009472763,10.200491198825205
horizontal:train:9719aa04:full,train,9719aa04,horizontal,full,data/raw/train/9719aa04__horizontal_well.csv,6392,6392,931,10157.78,10972.06,104.0182365137325,17.72846392884454
horizontal:train:974802e7:prefix,train,974802e7,horizontal,prefix,data/raw/train/974802e7__horizontal_well.csv,763,763,476,9454.19,10094.51,80.36839693735807,18.259781773110795
horizontal:train:974802e7:hidden,train,974802e7,horizontal,hidden,data/raw/train/974802e7__horizontal_well.csv,2526,2526,109,10072.61,10126.28,83.34834962453554,14.136778116295272
horizontal:train:974802e7:full,train,974802e7,horizontal,full,data/raw/train/974802e7__horizontal_well.csv,3289,3289,544,9454.19,10126.28,82.65704409084249,15.245235449003008
horizontal:train:97cd5bf9:prefix,train,97cd5bf9,horizontal,prefix,data/raw/train/97cd5bf9__horizontal_well.csv,744,744,485,10092.84,10823.75,89.7162093502753,22.169041103052233
horizontal:train:97cd5bf9:hidden,train,97cd5bf9,horizontal,hidden,data/raw/train/97cd5bf9__horizontal_well.csv,1265,1265,52,10814.92,10840.71,81.69228807586487,15.7558004880976
horizontal:train:97cd5bf9:full,train,97cd5bf9,horizontal,full,data/raw/train/97cd5bf9__horizontal_well.csv,2009,2009,519,10092.84,10840.71,84.66381491915077,18.797114366130998
horizontal:train:98177ced:prefix,train,98177ced,horizontal,prefix,data/raw/train/98177ced__horizontal_well.csv,1951,1951,1160,11703.43,12686.490000000002,80.6733295611079,36.31434039789513
horizontal:train:98177ced:hidden,train,98177ced,horizontal,hidden,data/raw/train/98177ced__horizontal_well.csv,4559,4559,45,12650.67,12672.54,50.62013354583912,14.152693536869734
horizontal:train:98177ced:full,train,98177ced,horizontal,full,data/raw/train/98177ced__horizontal_well.csv,6510,6510,1164,11703.43,12686.490000000002,59.626859417696174,26.926653937606734
horizontal:train:9896fc0b:prefix,train,9896fc0b,horizontal,prefix,data/raw/train/9896fc0b__horizontal_well.csv,1007,1007,609,10384.240000000002,10977.98,75.27140378846563,19.859766117927723
horizontal:train:9896fc0b:hidden,train,9896fc0b,horizontal,hidden,data/raw/train/9896fc0b__horizontal_well.csv,2167,2167,107,10934.18,10986.89,73.53761750660556,13.955273753100322
horizontal:train:9896fc0b:full,train,9896fc0b,horizontal,full,data/raw/train/9896fc0b__horizontal_well.csv,3174,3174,636,10384.240000000002,10986.89,74.08768769747924,16.085589292822668
horizontal:train:98bc6f66:prefix,train,98bc6f66,horizontal,prefix,data/raw/train/98bc6f66__horizontal_well.csv,984,984,641,10216.72,10947.37,110.04133756735281,23.774458921027406
horizontal:train:98bc6f66:hidden,train,98bc6f66,horizontal,hidden,data/raw/train/98bc6f66__horizontal_well.csv,3472,3472,53,10946.820000000002,10973.23,108.88522179045577,15.911566816362749
horizontal:train:98bc6f66:full,train,98bc6f66,horizontal,full,data/raw/train/98bc6f66__horizontal_well.csv,4456,4456,692,10216.72,10973.23,109.14052204280468,17.953160397843696
horizontal:train:992c99e8:prefix,train,992c99e8,horizontal,prefix,data/raw/train/992c99e8__horizontal_well.csv,1336,1336,836,10562.42,11394.47,93.79975442827126,26.041393162577243
horizontal:train:992c99e8:hidden,train,992c99e8,horizontal,hidden,data/raw/train/992c99e8__horizontal_well.csv,3047,3047,62,11363.48,11393.87,98.50431909781261,15.702867033423528
horizontal:train:992c99e8:full,train,992c99e8,horizontal,full,data/raw/train/992c99e8__horizontal_well.csv,4383,4383,838,10562.42,11394.47,97.07030166716984,19.565784255243344
horizontal:train:992ce078:prefix,train,992ce078,horizontal,prefix,data/raw/train/992ce078__horizontal_well.csv,1701,1701,906,11185.47,12006.43,95.37021249069437,20.789918487610585
horizontal:train:992ce078:hidden,train,992ce078,horizontal,hidden,data/raw/train/992ce078__horizontal_well.csv,2768,2768,23,11978.78,11989.96,85.56967968281975,8.30855698871198
horizontal:train:992ce078:full,train,992ce078,horizontal,full,data/raw/train/992ce078__horizontal_well.csv,4469,4469,906,11185.47,12006.43,89.2999786996456,15.16289871244672
horizontal:train:99529c45:prefix,train,99529c45,horizontal,prefix,data/raw/train/99529c45__horizontal_well.csv,987,987,685,10374.65,11162.55,94.28956305945313,20.150265904023637
horizontal:train:99529c45:hidden,train,99529c45,horizontal,hidden,data/raw/train/99529c45__horizontal_well.csv,2529,2529,61,11125.37,11155.7,88.55920911761926,10.578721738879667
horizontal:train:99529c45:full,train,99529c45,horizontal,full,data/raw/train/99529c45__horizontal_well.csv,3516,3516,693,10374.65,11162.55,90.16781530094974,14.181153321310358
horizontal:train:995ff498:prefix,train,995ff498,horizontal,prefix,data/raw/train/995ff498__horizontal_well.csv,941,941,636,10570.18,11214.95,81.5836685200835,18.66151787950333
horizontal:train:995ff498:hidden,train,995ff498,horizontal,hidden,data/raw/train/995ff498__horizontal_well.csv,1979,1979,55,11196.89,11224.2,84.71291506513846,11.69667102226892
horizontal:train:995ff498:full,train,995ff498,horizontal,full,data/raw/train/995ff498__horizontal_well.csv,2920,2920,654,10570.18,11224.2,83.70448321620123,14.390606881793113
horizontal:train:999daf80:prefix,train,999daf80,horizontal,prefix,data/raw/train/999daf80__horizontal_well.csv,1710,1710,794,10467.16,11147.45,119.66823698568103,33.875691256721986
horizontal:train:999daf80:hidden,train,999daf80,horizontal,hidden,data/raw/train/999daf80__horizontal_well.csv,3277,3277,25,11141.43,11153.73,123.60608121645667,15.84410827429147
horizontal:train:999daf80:full,train,999daf80,horizontal,full,data/raw/train/999daf80__horizontal_well.csv,4987,4987,806,10467.16,11153.73,122.25582783072852,23.705296207860506
horizontal:train:9a6b0392:prefix,train,9a6b0392,horizontal,prefix,data/raw/train/9a6b0392__horizontal_well.csv,882,882,553,10012.61,10626.66,61.66192030332715,29.245881330993477
horizontal:train:9a6b0392:hidden,train,9a6b0392,horizontal,hidden,data/raw/train/9a6b0392__horizontal_well.csv,2115,2115,39,10610.79,10630.23,32.34816876888221,3.8755925423311934
horizontal:train:9a6b0392:full,train,9a6b0392,horizontal,full,data/raw/train/9a6b0392__horizontal_well.csv,2997,2997,560,10012.61,10630.23,40.97503858982997,20.99474096127101
horizontal:train:9a8ae0d6:prefix,train,9a8ae0d6,horizontal,prefix,data/raw/train/9a8ae0d6__horizontal_well.csv,862,862,580,11356.81,11962.16,73.09849472993788,21.710283256816723
horizontal:train:9a8ae0d6:hidden,train,9a8ae0d6,horizontal,hidden,data/raw/train/9a8ae0d6__horizontal_well.csv,3077,3077,55,11937.45,11964.27,60.45332652564582,7.407175671618081
horizontal:train:9a8ae0d6:full,train,9a8ae0d6,horizontal,full,data/raw/train/9a8ae0d6__horizontal_well.csv,3939,3939,587,11356.81,11964.27,63.22056059320097,13.16586483109523
horizontal:train:9a95e33f:prefix,train,9a95e33f,horizontal,prefix,data/raw/train/9a95e33f__horizontal_well.csv,1606,1606,1024,10613.2,11506.64,85.36697452171933,22.232809904763315
horizontal:train:9a95e33f:hidden,train,9a95e33f,horizontal,hidden,data/raw/train/9a95e33f__horizontal_well.csv,5459,5459,107,11447.62,11500.42,82.80579879546265,20.53601101466219
horizontal:train:9a95e33f:full,train,9a95e33f,horizontal,full,data/raw/train/9a95e33f__horizontal_well.csv,7065,7065,1025,10613.2,11506.64,83.38799953380209,20.961306714356766
horizontal:train:9ab94eeb:prefix,train,9ab94eeb,horizontal,prefix,data/raw/train/9ab94eeb__horizontal_well.csv,1090,1090,729,10143.36,10991.36,84.13182997779184,20.084980635792206
horizontal:train:9ab94eeb:hidden,train,9ab94eeb,horizontal,hidden,data/raw/train/9ab94eeb__horizontal_well.csv,2066,2066,51,10966.94,10991.87,78.59120265488983,8.782266605535266
horizontal:train:9ab94eeb:full,train,9ab94eeb,horizontal,full,data/raw/train/9ab94eeb__horizontal_well.csv,3156,3156,733,10143.36,10991.87,80.50479067198843,14.027004353142868
horizontal:train:9ad5410a:prefix,train,9ad5410a,horizontal,prefix,data/raw/train/9ad5410a__horizontal_well.csv,1418,1418,578,11431.34,11922.0,102.13381759726087,24.891056248307088
horizontal:train:9ad5410a:hidden,train,9ad5410a,horizontal,hidden,data/raw/train/9ad5410a__horizontal_well.csv,3868,3868,40,11887.5,11906.9,116.2047394637683,17.44362344254022
horizontal:train:9ad5410a:full,train,9ad5410a,horizontal,full,data/raw/train/9ad5410a__horizontal_well.csv,5286,5286,578,11431.34,11922.0,112.43013348444413,20.681428131009923
horizontal:train:9ae248be:prefix,train,9ae248be,horizontal,prefix,data/raw/train/9ae248be__horizontal_well.csv,1086,1086,557,12348.87,12762.11,78.48867764907446,16.581440015508864
horizontal:train:9ae248be:hidden,train,9ae248be,horizontal,hidden,data/raw/train/9ae248be__horizontal_well.csv,3583,3583,53,12746.11,12772.0,82.18149679279868,16.91918114613891
horizontal:train:9ae248be:full,train,9ae248be,horizontal,full,data/raw/train/9ae248be__horizontal_well.csv,4669,4669,577,12348.87,12772.0,81.32255449464394,16.913340553067616
horizontal:train:9af1ffd0:prefix,train,9af1ffd0,horizontal,prefix,data/raw/train/9af1ffd0__horizontal_well.csv,1782,1782,952,9987.34,10816.44,93.00745924618627,24.48386988259376
horizontal:train:9af1ffd0:hidden,train,9af1ffd0,horizontal,hidden,data/raw/train/9af1ffd0__horizontal_well.csv,3333,3333,66,10781.4,10814.2,91.03151257806142,9.360890386225249
horizontal:train:9af1ffd0:full,train,9af1ffd0,horizontal,full,data/raw/train/9af1ffd0__horizontal_well.csv,5115,5115,953,9987.34,10816.44,91.71990690115008,16.33489638534452
horizontal:train:9b5b61c1:prefix,train,9b5b61c1,horizontal,prefix,data/raw/train/9b5b61c1__horizontal_well.csv,1399,1399,872,10360.52,11133.2,116.38817002595263,32.20304694266804
horizontal:train:9b5b61c1:hidden,train,9b5b61c1,horizontal,hidden,data/raw/train/9b5b61c1__horizontal_well.csv,5012,5012,39,11128.15,11147.09,120.6561072882791,16.252217226736924
horizontal:train:9b5b61c1:full,train,9b5b61c1,horizontal,full,data/raw/train/9b5b61c1__horizontal_well.csv,6411,6411,902,10360.52,11147.09,119.72476362426494,20.878306130845406
horizontal:train:9b9e3b49:prefix,train,9b9e3b49,horizontal,prefix,data/raw/train/9b9e3b49__horizontal_well.csv,1090,1090,792,11090.91,11921.1,98.82024867810821,26.319167309321195
horizontal:train:9b9e3b49:hidden,train,9b9e3b49,horizontal,hidden,data/raw/train/9b9e3b49__horizontal_well.csv,2162,2162,57,11894.47,11922.4,102.49802843152078,12.10839745060491
horizontal:train:9b9e3b49:full,train,9b9e3b49,horizontal,full,data/raw/train/9b9e3b49__horizontal_well.csv,3252,3252,797,11090.91,11922.4,101.26531627554914,18.239060204168624
horizontal:train:9bd2bba3:prefix,train,9bd2bba3,horizontal,prefix,data/raw/train/9bd2bba3__horizontal_well.csv,1589,1589,885,11706.71,12524.19,86.07706299641023,16.608734317941696
horizontal:train:9bd2bba3:hidden,train,9bd2bba3,horizontal,hidden,data/raw/train/9bd2bba3__horizontal_well.csv,7159,7159,46,12524.23,12546.64,83.300836078393,10.74665791730622
horizontal:train:9bd2bba3:full,train,9bd2bba3,horizontal,full,data/raw/train/9bd2bba3__horizontal_well.csv,8748,8748,930,11706.71,12546.64,83.80511415026422,12.07328766702424
horizontal:train:9c211c53:prefix,train,9c211c53,horizontal,prefix,data/raw/train/9c211c53__horizontal_well.csv,843,843,542,9463.08,10092.63,79.20504014585002,19.274125317736807
horizontal:train:9c211c53:hidden,train,9c211c53,horizontal,hidden,data/raw/train/9c211c53__horizontal_well.csv,3776,3776,51,10063.08,10088.08,81.81495349288537,14.310080193576619
horizontal:train:9c211c53:full,train,9c211c53,horizontal,full,data/raw/train/9c211c53__horizontal_well.csv,4619,4619,549,9463.08,10092.63,81.33862594329653,15.369485018489842
horizontal:train:9c350a6a:prefix,train,9c350a6a,horizontal,prefix,data/raw/train/9c350a6a__horizontal_well.csv,1098,1098,658,10590.17,11399.240000000002,81.00760455982655,25.274514276593944
horizontal:train:9c350a6a:hidden,train,9c350a6a,horizontal,hidden,data/raw/train/9c350a6a__horizontal_well.csv,3335,3335,88,11386.23,11429.29,88.8541675202503,16.03505328896699
horizontal:train:9c350a6a:full,train,9c350a6a,horizontal,full,data/raw/train/9c350a6a__horizontal_well.csv,4433,4433,719,10590.17,11429.29,86.91066963382006,19.056036977046027
horizontal:train:9c8375f7:prefix,train,9c8375f7,horizontal,prefix,data/raw/train/9c8375f7__horizontal_well.csv,1388,1388,840,10342.19,11209.46,126.80542139893771,30.22473415398858
horizontal:train:9c8375f7:hidden,train,9c8375f7,horizontal,hidden,data/raw/train/9c8375f7__horizontal_well.csv,2656,2656,41,11189.64,11209.320000000002,113.62101465020226,18.44506473020478
horizontal:train:9c8375f7:full,train,9c8375f7,horizontal,full,data/raw/train/9c8375f7__horizontal_well.csv,4044,4044,841,10342.19,11209.46,118.1462264620828,24.00376181063151
horizontal:train:9d072e4c:prefix,train,9d072e4c,horizontal,prefix,data/raw/train/9d072e4c__horizontal_well.csv,1483,1483,714,11464.27,12018.9,86.70413798054796,24.07466517841053
horizontal:train:9d072e4c:hidden,train,9d072e4c,horizontal,hidden,data/raw/train/9d072e4c__horizontal_well.csv,4360,4360,55,12004.570000000002,12031.55,94.08128038942998,18.73933794852073
horizontal:train:9d072e4c:full,train,9d072e4c,horizontal,full,data/raw/train/9d072e4c__horizontal_well.csv,5843,5843,739,11464.27,12031.55,92.20890281072518,20.48038836244375
horizontal:train:9d3ec64c:prefix,train,9d3ec64c,horizontal,prefix,data/raw/train/9d3ec64c__horizontal_well.csv,1261,1261,945,10089.5,10811.14,90.16194059560006,28.65844724665694
horizontal:train:9d3ec64c:hidden,train,9d3ec64c,horizontal,hidden,data/raw/train/9d3ec64c__horizontal_well.csv,2766,2766,44,10795.73,10817.2,93.57361708593764,13.700069891477666
horizontal:train:9d3ec64c:full,train,9d3ec64c,horizontal,full,data/raw/train/9d3ec64c__horizontal_well.csv,4027,4027,957,10089.5,10817.2,92.50529723137699,19.713019706579374
horizontal:train:9d4272e3:prefix,train,9d4272e3,horizontal,prefix,data/raw/train/9d4272e3__horizontal_well.csv,913,913,602,11763.2,12503.44,85.08914746642242,20.709037937961494
horizontal:train:9d4272e3:hidden,train,9d4272e3,horizontal,hidden,data/raw/train/9d4272e3__horizontal_well.csv,1866,1866,55,12500.21,12527.12,79.05299896001831,8.634278137971243
horizontal:train:9d4272e3:full,train,9d4272e3,horizontal,full,data/raw/train/9d4272e3__horizontal_well.csv,2779,2779,649,11763.2,12527.12,81.0360876920611,14.106483513959216
horizontal:train:9d5e14d4:prefix,train,9d5e14d4,horizontal,prefix,data/raw/train/9d5e14d4__horizontal_well.csv,737,737,616,10236.03,10964.68,89.74945523911431,18.0164103781155
horizontal:train:9d5e14d4:hidden,train,9d5e14d4,horizontal,hidden,data/raw/train/9d5e14d4__horizontal_well.csv,2366,2366,81,10923.85,10964.66,93.26266198962941,13.751273811357056
horizontal:train:9d5e14d4:full,train,9d5e14d4,horizontal,full,data/raw/train/9d5e14d4__horizontal_well.csv,3103,3103,626,10236.03,10964.68,92.42823292900111,14.950388884977855
horizontal:train:9da441ba:prefix,train,9da441ba,horizontal,prefix,data/raw/train/9da441ba__horizontal_well.csv,1143,1143,647,10902.89,11350.9,80.85736497915444,23.17032721484507
horizontal:train:9da441ba:hidden,train,9da441ba,horizontal,hidden,data/raw/train/9da441ba__horizontal_well.csv,4594,4594,65,11345.320000000002,11377.96,100.08742835866774,11.922391296282425
horizontal:train:9da441ba:full,train,9da441ba,horizontal,full,data/raw/train/9da441ba__horizontal_well.csv,5737,5737,700,10902.89,11377.96,96.2561642061867,16.7266756994284
horizontal:train:9dede370:prefix,train,9dede370,horizontal,prefix,data/raw/train/9dede370__horizontal_well.csv,1334,1334,833,11364.37,12201.56,95.1208086925376,21.18324824887431
horizontal:train:9dede370:hidden,train,9dede370,horizontal,hidden,data/raw/train/9dede370__horizontal_well.csv,3734,3734,77,12201.62,12239.490000000002,88.47466282987904,15.564379887504511
horizontal:train:9dede370:full,train,9dede370,horizontal,full,data/raw/train/9dede370__horizontal_well.csv,5068,5068,909,11364.37,12239.490000000002,90.224062707698,17.46900164518195
horizontal:train:9def2eb2:prefix,train,9def2eb2,horizontal,prefix,data/raw/train/9def2eb2__horizontal_well.csv,1569,1569,806,10725.68,11438.84,81.1409973794033,18.57066010474447
horizontal:train:9def2eb2:hidden,train,9def2eb2,horizontal,hidden,data/raw/train/9def2eb2__horizontal_well.csv,5260,5260,53,11424.52,11450.35,82.75113982437522,12.83827362610342
horizontal:train:9def2eb2:full,train,9def2eb2,horizontal,full,data/raw/train/9def2eb2__horizontal_well.csv,6829,6829,829,10725.68,11450.35,82.38120081483342,14.375225675220406
horizontal:train:9df1b1f9:prefix,train,9df1b1f9,horizontal,prefix,data/raw/train/9df1b1f9__horizontal_well.csv,764,764,543,11134.14,12019.85,86.88806668242898,23.917264116548342
horizontal:train:9df1b1f9:hidden,train,9df1b1f9,horizontal,hidden,data/raw/train/9df1b1f9__horizontal_well.csv,1478,1478,47,11986.48,12009.86,94.4922373668256,12.141862536398875
horizontal:train:9df1b1f9:full,train,9df1b1f9,horizontal,full,data/raw/train/9df1b1f9__horizontal_well.csv,2242,2242,544,11134.14,12019.85,91.90098562602319,17.4673394445123
horizontal:train:9dfff011:prefix,train,9dfff011,horizontal,prefix,data/raw/train/9dfff011__horizontal_well.csv,1243,1243,709,10494.89,11419.15,89.0615402278593,22.21144519776276
horizontal:train:9dfff011:hidden,train,9dfff011,horizontal,hidden,data/raw/train/9dfff011__horizontal_well.csv,2709,2709,32,11409.85,11425.740000000002,91.70606323903701,10.551222204313346
horizontal:train:9dfff011:full,train,9dfff011,horizontal,full,data/raw/train/9dfff011__horizontal_well.csv,3952,3952,722,10494.89,11425.740000000002,90.87429651259623,15.264031336675119
horizontal:train:9e3e364d:prefix,train,9e3e364d,horizontal,prefix,data/raw/train/9e3e364d__horizontal_well.csv,742,742,447,10893.33,11398.14,84.14619911874858,18.830043905459707
horizontal:train:9e3e364d:hidden,train,9e3e364d,horizontal,hidden,data/raw/train/9e3e364d__horizontal_well.csv,2065,2065,44,11391.19,11412.27,89.28636649242127,8.914790351432769
horizontal:train:9e3e364d:full,train,9e3e364d,horizontal,full,data/raw/train/9e3e364d__horizontal_well.csv,2807,2807,476,10893.33,11412.27,87.92761900711129,12.543141834321935
horizontal:train:9efc812e:prefix,train,9efc812e,horizontal,prefix,data/raw/train/9efc812e__horizontal_well.csv,1621,1621,699,10614.97,11188.44,80.11868818677017,18.38920657969809
horizontal:train:9efc812e:hidden,train,9efc812e,horizontal,hidden,data/raw/train/9efc812e__horizontal_well.csv,4348,4348,56,11154.23,11181.29,88.1458573024346,16.763006877277647
horizontal:train:9efc812e:full,train,9efc812e,horizontal,full,data/raw/train/9efc812e__horizontal_well.csv,5969,5969,700,10614.97,11188.44,85.96592077429052,17.58604990264871
horizontal:train:9f0c7bae:prefix,train,9f0c7bae,horizontal,prefix,data/raw/train/9f0c7bae__horizontal_well.csv,1194,1194,483,12444.08,12792.68,76.43234009376998,14.857332205218869
horizontal:train:9f0c7bae:hidden,train,9f0c7bae,horizontal,hidden,data/raw/train/9f0c7bae__horizontal_well.csv,1728,1728,26,12791.03,12803.68,77.85464866003002,11.433054951511496
horizontal:train:9f0c7bae:full,train,9f0c7bae,horizontal,full,data/raw/train/9f0c7bae__horizontal_well.csv,2922,2922,505,12444.08,12803.68,77.27345891734882,12.961104363063532
horizontal:train:9ffce529:prefix,train,9ffce529,horizontal,prefix,data/raw/train/9ffce529__horizontal_well.csv,1192,1192,788,11465.3,12054.87,84.36150819118431,28.580486078975106
horizontal:train:9ffce529:hidden,train,9ffce529,horizontal,hidden,data/raw/train/9ffce529__horizontal_well.csv,3068,3068,64,12030.89,12062.28,89.61222229198255,18.667871346099588
horizontal:train:9ffce529:full,train,9ffce529,horizontal,full,data/raw/train/9ffce529__horizontal_well.csv,4260,4260,803,11465.3,12062.28,88.14300839335544,22.024909380049937
horizontal:train:a0383629:prefix,train,a0383629,horizontal,prefix,data/raw/train/a0383629__horizontal_well.csv,1017,1017,640,10485.070000000002,11200.6,78.61876641094912,16.426902164560996
horizontal:train:a0383629:hidden,train,a0383629,horizontal,hidden,data/raw/train/a0383629__horizontal_well.csv,2644,2644,35,11184.990000000002,11202.21,81.09285787755225,9.212406653778316
horizontal:train:a0383629:full,train,a0383629,horizontal,full,data/raw/train/a0383629__horizontal_well.csv,3661,3661,643,10485.070000000002,11202.21,80.40557270368296,11.725235345846745
horizontal:train:a056d01e:prefix,train,a056d01e,horizontal,prefix,data/raw/train/a056d01e__horizontal_well.csv,1472,1472,810,10983.64,11730.37,87.23429655325002,20.96447240358476
horizontal:train:a056d01e:hidden,train,a056d01e,horizontal,hidden,data/raw/train/a056d01e__horizontal_well.csv,4789,4789,85,11705.46,11748.39,88.09245964403539,14.2865552596679
horizontal:train:a056d01e:full,train,a056d01e,horizontal,full,data/raw/train/a056d01e__horizontal_well.csv,6261,6261,846,10983.64,11748.39,87.89070016956869,16.11157685085416
horizontal:train:a08d9e63:prefix,train,a08d9e63,horizontal,prefix,data/raw/train/a08d9e63__horizontal_well.csv,1298,1298,712,10407.4,10999.19,76.69968039058598,21.22507785005491
horizontal:train:a08d9e63:hidden,train,a08d9e63,horizontal,hidden,data/raw/train/a08d9e63__horizontal_well.csv,2742,2742,73,10989.91,11025.96,75.03815698848726,16.37641115420679
horizontal:train:a08d9e63:full,train,a08d9e63,horizontal,full,data/raw/train/a08d9e63__horizontal_well.csv,4040,4040,766,10407.4,11025.96,75.5719830716368,18.09322995145556
horizontal:train:a0b83014:prefix,train,a0b83014,horizontal,prefix,data/raw/train/a0b83014__horizontal_well.csv,949,949,714,10460.94,11399.06,89.9697875730859,24.93415487707842
horizontal:train:a0b83014:hidden,train,a0b83014,horizontal,hidden,data/raw/train/a0b83014__horizontal_well.csv,2260,2260,53,11396.490000000002,11422.72,84.85234310541203,9.179541135139315
horizontal:train:a0b83014:full,train,a0b83014,horizontal,full,data/raw/train/a0b83014__horizontal_well.csv,3209,3209,761,10460.94,11422.72,86.36572883299773,15.768901080325413
horizontal:train:a0e92ed6:prefix,train,a0e92ed6,horizontal,prefix,data/raw/train/a0e92ed6__horizontal_well.csv,1096,1096,549,11561.63,11966.64,63.20356637198431,17.631682309328724
horizontal:train:a0e92ed6:hidden,train,a0e92ed6,horizontal,hidden,data/raw/train/a0e92ed6__horizontal_well.csv,2449,2449,66,11933.27,11966.070000000002,63.979191490128166,8.658198801511555
horizontal:train:a0e92ed6:full,train,a0e92ed6,horizontal,full,data/raw/train/a0e92ed6__horizontal_well.csv,3545,3545,551,11561.63,11966.64,63.73939314612657,12.16672690085644
horizontal:train:a15bc102:prefix,train,a15bc102,horizontal,prefix,data/raw/train/a15bc102__horizontal_well.csv,969,969,624,10082.0,10954.02,96.51050367115455,29.554742338712167
horizontal:train:a15bc102:hidden,train,a15bc102,horizontal,hidden,data/raw/train/a15bc102__horizontal_well.csv,1413,1413,15,10943.34,10950.75,86.40108314113753,7.130692699473955
horizontal:train:a15bc102:full,train,a15bc102,horizontal,full,data/raw/train/a15bc102__horizontal_well.csv,2382,2382,624,10082.0,10954.02,90.51360559856259,20.252365705506218
horizontal:train:a247e7cf:prefix,train,a247e7cf,horizontal,prefix,data/raw/train/a247e7cf__horizontal_well.csv,738,738,458,10383.33,10976.45,119.1550802262986,21.483306954162583
horizontal:train:a247e7cf:hidden,train,a247e7cf,horizontal,hidden,data/raw/train/a247e7cf__horizontal_well.csv,2458,2458,31,10966.48,10981.51,111.27707269201298,15.746652111552175
horizontal:train:a247e7cf:full,train,a247e7cf,horizontal,full,data/raw/train/a247e7cf__horizontal_well.csv,3196,3196,468,10383.33,10981.51,113.09621210387242,17.55837286728177
horizontal:train:a2e8e7f6:prefix,train,a2e8e7f6,horizontal,prefix,data/raw/train/a2e8e7f6__horizontal_well.csv,862,862,618,10271.78,10779.97,76.62446524955982,19.68355548778799
horizontal:train:a2e8e7f6:hidden,train,a2e8e7f6,horizontal,hidden,data/raw/train/a2e8e7f6__horizontal_well.csv,2471,2471,73,10759.18,10794.84,83.9783865698484,14.441300522444099
horizontal:train:a2e8e7f6:full,train,a2e8e7f6,horizontal,full,data/raw/train/a2e8e7f6__horizontal_well.csv,3333,3333,648,10271.78,10794.84,82.0764723249973,16.284541766290506
horizontal:train:a3518960:prefix,train,a3518960,horizontal,prefix,data/raw/train/a3518960__horizontal_well.csv,1963,1963,1233,11054.62,12147.93,73.62385307270402,22.372564745906917
horizontal:train:a3518960:hidden,train,a3518960,horizontal,hidden,data/raw/train/a3518960__horizontal_well.csv,4780,4780,48,12134.61,12157.93,58.8663440601757,7.807260607976669
horizontal:train:a3518960:full,train,a3518960,horizontal,full,data/raw/train/a3518960__horizontal_well.csv,6743,6743,1253,11054.62,12157.93,63.16250158525253,15.2926626986784
horizontal:train:a3f71395:prefix,train,a3f71395,horizontal,prefix,data/raw/train/a3f71395__horizontal_well.csv,1290,1290,658,12223.17,12775.59,80.40542473878504,16.282143985142486
horizontal:train:a3f71395:hidden,train,a3f71395,horizontal,hidden,data/raw/train/a3f71395__horizontal_well.csv,5107,5107,78,12751.12,12789.45,76.1181262417045,15.138225438258182
horizontal:train:a3f71395:full,train,a3f71395,horizontal,full,data/raw/train/a3f71395__horizontal_well.csv,6397,6397,686,12223.17,12789.45,76.98269010933525,15.471686016688778
horizontal:train:a4719920:prefix,train,a4719920,horizontal,prefix,data/raw/train/a4719920__horizontal_well.csv,672,672,411,10885.18,11440.43,77.565073242845,19.83711222993134
horizontal:train:a4719920:hidden,train,a4719920,horizontal,hidden,data/raw/train/a4719920__horizontal_well.csv,2093,2093,51,11427.9,11453.070000000002,87.55990462745382,11.700536688651539
horizontal:train:a4719920:full,train,a4719920,horizontal,full,data/raw/train/a4719920__horizontal_well.csv,2765,2765,436,10885.18,11453.070000000002,85.13078105043496,14.752836984975579
horizontal:train:a48640d9:prefix,train,a48640d9,horizontal,prefix,data/raw/train/a48640d9__horizontal_well.csv,1854,1854,1025,11718.31,12512.43,84.93669090372299,19.34317546614792
horizontal:train:a48640d9:hidden,train,a48640d9,horizontal,hidden,data/raw/train/a48640d9__horizontal_well.csv,3903,3903,56,12509.75,12537.15,90.74797934879955,12.433924437585876
horizontal:train:a48640d9:full,train,a48640d9,horizontal,full,data/raw/train/a48640d9__horizontal_well.csv,5757,5757,1074,11718.31,12537.15,88.87649614970766,15.25392268183081
horizontal:train:a4cdbb0f:prefix,train,a4cdbb0f,horizontal,prefix,data/raw/train/a4cdbb0f__horizontal_well.csv,1473,1473,741,10427.84,10976.93,111.07173203677334,19.641051726023356
horizontal:train:a4cdbb0f:hidden,train,a4cdbb0f,horizontal,hidden,data/raw/train/a4cdbb0f__horizontal_well.csv,5007,5007,84,10944.44,10985.85,110.05324118484512,15.254246187378593
horizontal:train:a4cdbb0f:full,train,a4cdbb0f,horizontal,full,data/raw/train/a4cdbb0f__horizontal_well.csv,6480,6480,759,10427.84,10985.85,110.28475924424177,16.360663917402903
horizontal:train:a4f989c2:prefix,train,a4f989c2,horizontal,prefix,data/raw/train/a4f989c2__horizontal_well.csv,1565,1565,786,10572.9,11170.570000000002,110.19795169894077,25.193900980306587
horizontal:train:a4f989c2:hidden,train,a4f989c2,horizontal,hidden,data/raw/train/a4f989c2__horizontal_well.csv,5127,5127,44,11150.34,11172.06,121.3681696963742,20.74888987977984
horizontal:train:a4f989c2:full,train,a4f989c2,horizontal,full,data/raw/train/a4f989c2__horizontal_well.csv,6692,6692,789,10572.9,11172.06,118.75588769308919,22.374772591847254
horizontal:train:a5aa7973:prefix,train,a5aa7973,horizontal,prefix,data/raw/train/a5aa7973__horizontal_well.csv,1406,1406,869,10128.56,10960.5,111.68589193339865,34.06810636934082
horizontal:train:a5aa7973:hidden,train,a5aa7973,horizontal,hidden,data/raw/train/a5aa7973__horizontal_well.csv,2762,2762,72,10930.93,10966.38,107.66655082098329,14.179612911829775
horizontal:train:a5aa7973:full,train,a5aa7973,horizontal,full,data/raw/train/a5aa7973__horizontal_well.csv,4168,4168,881,10128.56,10966.38,109.02240341312725,22.986255454789134
horizontal:train:a5e6f7dc:prefix,train,a5e6f7dc,horizontal,prefix,data/raw/train/a5e6f7dc__horizontal_well.csv,857,857,546,10702.26,11406.63,90.99779141189751,26.209927217829403
horizontal:train:a5e6f7dc:hidden,train,a5e6f7dc,horizontal,hidden,data/raw/train/a5e6f7dc__horizontal_well.csv,2719,2719,41,11386.04,11406.02,90.4048969421487,12.181885049870894
horizontal:train:a5e6f7dc:full,train,a5e6f7dc,horizontal,full,data/raw/train/a5e6f7dc__horizontal_well.csv,3576,3576,550,10702.26,11406.63,90.54698602508347,16.659246650248114
horizontal:train:a612d5a0:prefix,train,a612d5a0,horizontal,prefix,data/raw/train/a612d5a0__horizontal_well.csv,1754,1754,937,10419.87,11145.740000000002,116.3491661458728,30.903306956089438
horizontal:train:a612d5a0:hidden,train,a612d5a0,horizontal,hidden,data/raw/train/a612d5a0__horizontal_well.csv,5078,5078,55,11145.78,11173.11,118.39922718900523,18.524103235867614
horizontal:train:a612d5a0:full,train,a612d5a0,horizontal,full,data/raw/train/a612d5a0__horizontal_well.csv,6832,6832,992,10419.87,11173.11,117.87290882400899,22.38374670199837
horizontal:train:a622ce4d:prefix,train,a622ce4d,horizontal,prefix,data/raw/train/a622ce4d__horizontal_well.csv,1087,1087,605,10791.14,11401.13,88.91595955066681,23.369946546480204
horizontal:train:a622ce4d:hidden,train,a622ce4d,horizontal,hidden,data/raw/train/a622ce4d__horizontal_well.csv,3468,3468,60,11393.240000000002,11422.72,89.03475797744319,9.714002760999877
horizontal:train:a622ce4d:full,train,a622ce4d,horizontal,full,data/raw/train/a622ce4d__horizontal_well.csv,4555,4555,648,10791.14,11422.72,89.00640805649786,14.218989861350977
horizontal:train:a645da9a:prefix,train,a645da9a,horizontal,prefix,data/raw/train/a645da9a__horizontal_well.csv,1431,1431,847,11265.93,12023.28,85.79233570532588,24.30205188855799
horizontal:train:a645da9a:hidden,train,a645da9a,horizontal,hidden,data/raw/train/a645da9a__horizontal_well.csv,4142,4142,54,12013.88,12040.38,102.99618705356856,21.002779580044887
horizontal:train:a645da9a:full,train,a645da9a,horizontal,full,data/raw/train/a645da9a__horizontal_well.csv,5573,5573,881,11265.93,12040.38,98.57868996414899,23.15126705908151
horizontal:train:a692b17e:prefix,train,a692b17e,horizontal,prefix,data/raw/train/a692b17e__horizontal_well.csv,745,745,518,10345.820000000002,11179.98,84.27304812105285,20.17324570378398
horizontal:train:a692b17e:hidden,train,a692b17e,horizontal,hidden,data/raw/train/a692b17e__horizontal_well.csv,1435,1435,70,11167.09,11201.45,78.86148669150175,12.549679653760483
horizontal:train:a692b17e:full,train,a692b17e,horizontal,full,data/raw/train/a692b17e__horizontal_well.csv,2180,2180,562,10345.820000000002,11201.45,80.71085057453642,15.790355821521738
horizontal:train:a6b8ac67:prefix,train,a6b8ac67,horizontal,prefix,data/raw/train/a6b8ac67__horizontal_well.csv,1464,1464,811,12040.55,12752.41,87.97393725349525,19.786256422579054
horizontal:train:a6b8ac67:hidden,train,a6b8ac67,horizontal,hidden,data/raw/train/a6b8ac67__horizontal_well.csv,5051,5051,62,12743.1,12773.51,79.11731731648011,15.410291531491106
horizontal:train:a6b8ac67:full,train,a6b8ac67,horizontal,full,data/raw/train/a6b8ac67__horizontal_well.csv,6515,6515,853,12040.55,12773.51,81.10750789020078,16.90421559653915
horizontal:train:a6ed2eff:prefix,train,a6ed2eff,horizontal,prefix,data/raw/train/a6ed2eff__horizontal_well.csv,1067,1067,674,10472.570000000002,11317.15,85.45435499250432,26.462417885808495
horizontal:train:a6ed2eff:hidden,train,a6ed2eff,horizontal,hidden,data/raw/train/a6ed2eff__horizontal_well.csv,2308,2308,70,11301.570000000002,11335.85,73.67468399782547,9.098912990761256
horizontal:train:a6ed2eff:full,train,a6ed2eff,horizontal,full,data/raw/train/a6ed2eff__horizontal_well.csv,3375,3375,715,10472.570000000002,11335.85,77.39880516858764,17.549981495813537
horizontal:train:a6f967fb:prefix,train,a6f967fb,horizontal,prefix,data/raw/train/a6f967fb__horizontal_well.csv,2277,2277,1345,11508.97,12685.43,99.50816160616462,27.24629057358822
horizontal:train:a6f967fb:hidden,train,a6f967fb,horizontal,hidden,data/raw/train/a6f967fb__horizontal_well.csv,4474,4474,45,12656.06,12677.91,88.06019551652902,21.288470126030706
horizontal:train:a6f967fb:full,train,a6f967fb,horizontal,full,data/raw/train/a6f967fb__horizontal_well.csv,6751,6751,1345,11508.97,12685.43,91.92140404653941,24.083652961821734
horizontal:train:a76db406:prefix,train,a76db406,horizontal,prefix,data/raw/train/a76db406__horizontal_well.csv,1762,1762,864,9935.17,10788.36,78.37038865488677,18.443452603907147
horizontal:train:a76db406:hidden,train,a76db406,horizontal,hidden,data/raw/train/a76db406__horizontal_well.csv,4614,4614,32,10770.19,10785.740000000002,86.47687117110033,15.813405422541942
horizontal:train:a76db406:full,train,a76db406,horizontal,full,data/raw/train/a76db406__horizontal_well.csv,6376,6376,864,9935.17,10788.36,84.23665439042776,16.97361890722577
horizontal:train:a7744f5b:prefix,train,a7744f5b,horizontal,prefix,data/raw/train/a7744f5b__horizontal_well.csv,1430,1430,745,10541.81,11203.37,81.95870860588401,19.549017242917074
horizontal:train:a7744f5b:hidden,train,a7744f5b,horizontal,hidden,data/raw/train/a7744f5b__horizontal_well.csv,3639,3639,60,11196.26,11225.91,83.4659110630463,11.751017900888254
horizontal:train:a7744f5b:full,train,a7744f5b,horizontal,full,data/raw/train/a7744f5b__horizontal_well.csv,5069,5069,790,10541.81,11225.91,83.04071881334379,14.401474931520537
horizontal:train:a783cc24:prefix,train,a783cc24,horizontal,prefix,data/raw/train/a783cc24__horizontal_well.csv,1267,1267,665,10310.89,10778.33,78.17564572418904,19.972309465216103
horizontal:train:a783cc24:hidden,train,a783cc24,horizontal,hidden,data/raw/train/a783cc24__horizontal_well.csv,1669,1669,112,10713.94,10769.69,79.2610276815553,12.270654491626843
horizontal:train:a783cc24:full,train,a783cc24,horizontal,full,data/raw/train/a783cc24__horizontal_well.csv,2936,2936,666,10310.89,10778.33,78.7926424840134,16.062990078170515
horizontal:train:a79fd2e7:prefix,train,a79fd2e7,horizontal,prefix,data/raw/train/a79fd2e7__horizontal_well.csv,1366,1366,910,11113.88,11976.59,71.49553128845874,24.172468346763814
horizontal:train:a79fd2e7:hidden,train,a79fd2e7,horizontal,hidden,data/raw/train/a79fd2e7__horizontal_well.csv,2092,2092,56,11943.39,11970.94,62.53297476766767,9.008688212972432
horizontal:train:a79fd2e7:full,train,a79fd2e7,horizontal,full,data/raw/train/a79fd2e7__horizontal_well.csv,3458,3458,911,11113.88,11976.59,66.07341785829826,17.294831277886477
horizontal:train:a7fc3e6b:prefix,train,a7fc3e6b,horizontal,prefix,data/raw/train/a7fc3e6b__horizontal_well.csv,764,764,571,10240.1,10948.52,91.99168234130116,26.846815610836387
horizontal:train:a7fc3e6b:hidden,train,a7fc3e6b,horizontal,hidden,data/raw/train/a7fc3e6b__horizontal_well.csv,1743,1743,67,10947.88,10980.9,97.78076392068407,16.462637972886245
horizontal:train:a7fc3e6b:full,train,a7fc3e6b,horizontal,full,data/raw/train/a7fc3e6b__horizontal_well.csv,2507,2507,636,10240.1,10980.9,96.01656035999459,20.37581465954369
horizontal:train:a85bb86f:prefix,train,a85bb86f,horizontal,prefix,data/raw/train/a85bb86f__horizontal_well.csv,1691,1691,997,10244.93,11147.46,119.74022036847064,31.65600513497335
horizontal:train:a85bb86f:hidden,train,a85bb86f,horizontal,hidden,data/raw/train/a85bb86f__horizontal_well.csv,2642,2642,39,11141.96,11161.09,114.42717759493353,17.32494824156095
horizontal:train:a85bb86f:full,train,a85bb86f,horizontal,full,data/raw/train/a85bb86f__horizontal_well.csv,4333,4333,1024,10244.93,11161.09,116.50064986127352,24.100084967276654
horizontal:train:a85e4bc3:prefix,train,a85e4bc3,horizontal,prefix,data/raw/train/a85e4bc3__horizontal_well.csv,766,766,419,9546.8,10084.1,80.55740272166433,15.327556640886844
horizontal:train:a85e4bc3:hidden,train,a85e4bc3,horizontal,hidden,data/raw/train/a85e4bc3__horizontal_well.csv,2301,2301,64,10062.71,10093.820000000002,85.8039440871275,14.041728149332902
horizontal:train:a85e4bc3:full,train,a85e4bc3,horizontal,full,data/raw/train/a85e4bc3__horizontal_well.csv,3067,3067,446,9546.8,10093.820000000002,84.49359172783673,14.551963958069306
horizontal:train:a87433c9:prefix,train,a87433c9,horizontal,prefix,data/raw/train/a87433c9__horizontal_well.csv,1023,1023,703,11067.45,11907.0,68.75526005284354,18.32360841483868
horizontal:train:a87433c9:hidden,train,a87433c9,horizontal,hidden,data/raw/train/a87433c9__horizontal_well.csv,2395,2395,42,11879.37,11900.2,73.25169518470499,8.917678958745373
horizontal:train:a87433c9:full,train,a87433c9,horizontal,full,data/raw/train/a87433c9__horizontal_well.csv,3418,3418,708,11067.45,11907.0,71.90592188456037,12.6670457211761
horizontal:train:a8ed028a:prefix,train,a8ed028a,horizontal,prefix,data/raw/train/a8ed028a__horizontal_well.csv,1702,1702,907,12061.12,12826.64,85.52700237026829,21.615290501341388
horizontal:train:a8ed028a:hidden,train,a8ed028a,horizontal,hidden,data/raw/train/a8ed028a__horizontal_well.csv,5275,5275,75,12822.55,12859.44,81.58469670044677,15.994027812080095
horizontal:train:a8ed028a:full,train,a8ed028a,horizontal,full,data/raw/train/a8ed028a__horizontal_well.csv,6977,6977,973,12061.12,12859.44,82.54640004716259,17.613861510186872
horizontal:train:a959858c:prefix,train,a959858c,horizontal,prefix,data/raw/train/a959858c__horizontal_well.csv,824,824,815,10969.97,12133.85,82.76281818694088,23.358605596561983
horizontal:train:a959858c:hidden,train,a959858c,horizontal,hidden,data/raw/train/a959858c__horizontal_well.csv,1700,1700,156,12134.38,12224.91,80.95704357678711,13.57579442014717
horizontal:train:a959858c:full,train,a959858c,horizontal,full,data/raw/train/a959858c__horizontal_well.csv,2524,2524,971,10969.97,12224.91,81.54656745902432,17.406280762954772
horizontal:train:a9c9b150:prefix,train,a9c9b150,horizontal,prefix,data/raw/train/a9c9b150__horizontal_well.csv,1097,1097,690,10329.26,11159.06,109.42969194334768,31.62377294387102
horizontal:train:a9c9b150:hidden,train,a9c9b150,horizontal,hidden,data/raw/train/a9c9b150__horizontal_well.csv,1804,1804,12,11156.52,11162.18,116.28694277024181,13.291211047959449
horizontal:train:a9c9b150:full,train,a9c9b150,horizontal,full,data/raw/train/a9c9b150__horizontal_well.csv,2901,2901,696,10329.26,11162.18,113.69390445341904,22.34012260098294
horizontal:train:aa95015b:prefix,train,aa95015b,horizontal,prefix,data/raw/train/aa95015b__horizontal_well.csv,1025,1025,647,10745.820000000002,11350.490000000002,88.4231392457004,26.936106240678008
horizontal:train:aa95015b:hidden,train,aa95015b,horizontal,hidden,data/raw/train/aa95015b__horizontal_well.csv,2819,2819,52,11340.570000000002,11366.19,96.11874043247406,11.655393591539282
horizontal:train:aa95015b:full,train,aa95015b,horizontal,full,data/raw/train/aa95015b__horizontal_well.csv,3844,3844,678,10745.820000000002,11366.19,94.06671358116215,17.454901044086533
horizontal:train:aaaf3c03:prefix,train,aaaf3c03,horizontal,prefix,data/raw/train/aaaf3c03__horizontal_well.csv,1613,1613,840,11219.3,12002.3,99.81193441358594,21.864303293418757
horizontal:train:aaaf3c03:hidden,train,aaaf3c03,horizontal,hidden,data/raw/train/aaaf3c03__horizontal_well.csv,2831,2831,98,11972.22,12020.37,89.8513103234249,13.586364540873554
horizontal:train:aaaf3c03:full,train,aaaf3c03,horizontal,full,data/raw/train/aaaf3c03__horizontal_well.csv,4444,4444,876,11219.3,12020.37,93.46663135344961,17.721277351553773
horizontal:train:aaeffccb:prefix,train,aaeffccb,horizontal,prefix,data/raw/train/aaeffccb__horizontal_well.csv,1032,1032,703,11566.58,12213.04,85.45875472709801,25.51706870848698
horizontal:train:aaeffccb:hidden,train,aaeffccb,horizontal,hidden,data/raw/train/aaeffccb__horizontal_well.csv,1062,1062,30,12204.78,12219.37,98.37578324869875,14.905181841415233
horizontal:train:aaeffccb:full,train,aaeffccb,horizontal,full,data/raw/train/aaeffccb__horizontal_well.csv,2094,2094,716,11566.58,12219.37,92.00979784550297,21.800773202926347
horizontal:train:ab112491:prefix,train,ab112491,horizontal,prefix,data/raw/train/ab112491__horizontal_well.csv,1883,1883,1210,11287.43,12288.39,95.86052584612256,21.361587203782474
horizontal:train:ab112491:hidden,train,ab112491,horizontal,hidden,data/raw/train/ab112491__horizontal_well.csv,4966,4966,89,12275.69,12319.27,97.91118029028345,13.174730350771803
horizontal:train:ab112491:full,train,ab112491,horizontal,full,data/raw/train/ab112491__horizontal_well.csv,6849,6849,1272,11287.43,12319.27,97.34739253756702,15.87912960678237
horizontal:train:ab18d3fc:prefix,train,ab18d3fc,horizontal,prefix,data/raw/train/ab18d3fc__horizontal_well.csv,1269,1269,845,11549.25,12282.02,83.65095967174902,23.35307064998281
horizontal:train:ab18d3fc:hidden,train,ab18d3fc,horizontal,hidden,data/raw/train/ab18d3fc__horizontal_well.csv,3907,3907,75,12255.92,12292.990000000002,84.18129006997783,12.340739144395181
horizontal:train:ab18d3fc:full,train,ab18d3fc,horizontal,full,data/raw/train/ab18d3fc__horizontal_well.csv,5176,5176,867,11549.25,12292.990000000002,84.05126895804732,15.770712597171425
horizontal:train:ab3ced07:prefix,train,ab3ced07,horizontal,prefix,data/raw/train/ab3ced07__horizontal_well.csv,1223,1223,772,11455.27,12250.08,86.82667002412813,22.771586770011766
horizontal:train:ab3ced07:hidden,train,ab3ced07,horizontal,hidden,data/raw/train/ab3ced07__horizontal_well.csv,2163,2163,54,12202.1,12228.59,95.24586974264403,13.301322444192733
horizontal:train:ab3ced07:full,train,ab3ced07,horizontal,full,data/raw/train/ab3ced07__horizontal_well.csv,3386,3386,772,11455.27,12250.08,92.20491249050436,17.795251675094466
horizontal:train:ab6fe95d:prefix,train,ab6fe95d,horizontal,prefix,data/raw/train/ab6fe95d__horizontal_well.csv,1554,1554,780,9409.81,10066.59,81.41095888073045,21.006980095818967
horizontal:train:ab6fe95d:hidden,train,ab6fe95d,horizontal,hidden,data/raw/train/ab6fe95d__horizontal_well.csv,4116,4116,50,10058.52,10083.17,86.28058800532037,13.485700964334445
horizontal:train:ab6fe95d:full,train,ab6fe95d,horizontal,full,data/raw/train/ab6fe95d__horizontal_well.csv,5670,5670,813,9409.81,10083.17,84.94594891191424,16.052565274575784
horizontal:train:ab94878e:prefix,train,ab94878e,horizontal,prefix,data/raw/train/ab94878e__horizontal_well.csv,1554,1554,856,10366.15,11172.76,94.79388581296365,21.522692883164837
horizontal:train:ab94878e:hidden,train,ab94878e,horizontal,hidden,data/raw/train/ab94878e__horizontal_well.csv,5758,5758,44,11167.76,11189.6,89.01638507039166,12.303230174092372
horizontal:train:ab94878e:full,train,ab94878e,horizontal,full,data/raw/train/ab94878e__horizontal_well.csv,7312,7312,889,10366.15,11189.6,90.24426200610786,14.941015981331661
horizontal:train:abf460d2:prefix,train,abf460d2,horizontal,prefix,data/raw/train/abf460d2__horizontal_well.csv,981,981,670,11510.05,12096.27,71.93923995120905,29.749639557586086
horizontal:train:abf460d2:hidden,train,abf460d2,horizontal,hidden,data/raw/train/abf460d2__horizontal_well.csv,1343,1343,53,12083.27,12109.27,49.24196756731686,8.770535855042136
horizontal:train:abf460d2:full,train,abf460d2,horizontal,full,data/raw/train/abf460d2__horizontal_well.csv,2324,2324,696,11510.05,12109.27,58.82287299270337,23.317582783690757
horizontal:train:ac6f01d5:prefix,train,ac6f01d5,horizontal,prefix,data/raw/train/ac6f01d5__horizontal_well.csv,1698,1698,998,11722.96,12523.62,89.806123086811,25.339382927695716
horizontal:train:ac6f01d5:hidden,train,ac6f01d5,horizontal,hidden,data/raw/train/ac6f01d5__horizontal_well.csv,4869,4869,66,12499.83,12532.52,89.61894792177851,13.586913328178248
horizontal:train:ac6f01d5:full,train,ac6f01d5,horizontal,full,data/raw/train/ac6f01d5__horizontal_well.csv,6567,6567,1016,11722.96,12532.52,89.66734497221631,17.404009011589658
horizontal:train:ad2133a8:prefix,train,ad2133a8,horizontal,prefix,data/raw/train/ad2133a8__horizontal_well.csv,1114,1114,642,11366.0,12076.28,94.48623508645363,19.943286375751786
horizontal:train:ad2133a8:hidden,train,ad2133a8,horizontal,hidden,data/raw/train/ad2133a8__horizontal_well.csv,4084,4084,98,12027.97,12076.59,82.78665397843129,13.171750351747276
horizontal:train:ad2133a8:full,train,ad2133a8,horizontal,full,data/raw/train/ad2133a8__horizontal_well.csv,5198,5198,648,11366.0,12076.59,85.29402861374042,15.639719693213124
horizontal:train:add9c322:prefix,train,add9c322,horizontal,prefix,data/raw/train/add9c322__horizontal_well.csv,849,849,580,10234.44,10888.42,86.89008855046139,28.719609405833314
horizontal:train:add9c322:hidden,train,add9c322,horizontal,hidden,data/raw/train/add9c322__horizontal_well.csv,1633,1633,46,10864.8,10887.41,87.77579526588679,9.840320196073035
horizontal:train:add9c322:full,train,add9c322,horizontal,full,data/raw/train/add9c322__horizontal_well.csv,2482,2482,582,10234.44,10888.42,87.47282790029607,18.601740717255456
horizontal:train:ae069086:prefix,train,ae069086,horizontal,prefix,data/raw/train/ae069086__horizontal_well.csv,1959,1959,1184,10231.08,11205.75,88.65075084095128,26.116508558972996
horizontal:train:ae069086:hidden,train,ae069086,horizontal,hidden,data/raw/train/ae069086__horizontal_well.csv,4738,4738,75,11176.6,11214.76,77.81737067207114,13.135555303063224
horizontal:train:ae069086:full,train,ae069086,horizontal,full,data/raw/train/ae069086__horizontal_well.csv,6697,6697,1208,10231.08,11214.76,80.98634062142699,18.5977980471945
horizontal:train:ae0784a8:prefix,train,ae0784a8,horizontal,prefix,data/raw/train/ae0784a8__horizontal_well.csv,937,937,521,11656.21,12068.58,86.04155162751847,21.700851269387474
horizontal:train:ae0784a8:hidden,train,ae0784a8,horizontal,hidden,data/raw/train/ae0784a8__horizontal_well.csv,3327,3327,51,12066.35,12091.29,88.13867626062834,17.859208190491405
horizontal:train:ae0784a8:full,train,ae0784a8,horizontal,full,data/raw/train/ae0784a8__horizontal_well.csv,4264,4264,567,11656.21,12091.29,87.67784000799608,18.790995811962613
horizontal:train:ae35f33a:prefix,train,ae35f33a,horizontal,prefix,data/raw/train/ae35f33a__horizontal_well.csv,1197,1197,736,11745.65,12679.47,80.00096724525334,23.492462013856606
horizontal:train:ae35f33a:hidden,train,ae35f33a,horizontal,hidden,data/raw/train/ae35f33a__horizontal_well.csv,3319,3319,42,12667.44,12687.87,65.9442877342936,7.058191685305064
horizontal:train:ae35f33a:full,train,ae35f33a,horizontal,full,data/raw/train/ae35f33a__horizontal_well.csv,4516,4516,753,11745.65,12687.87,69.67011709094079,14.879131417276426
horizontal:train:ae8959c3:prefix,train,ae8959c3,horizontal,prefix,data/raw/train/ae8959c3__horizontal_well.csv,1925,1925,1249,9798.98,10871.7,73.60408620469605,21.213664863009395
horizontal:train:ae8959c3:hidden,train,ae8959c3,horizontal,hidden,data/raw/train/ae8959c3__horizontal_well.csv,4206,4206,69,10869.46,10903.67,83.64425223051182,26.436083561174538
horizontal:train:ae8959c3:full,train,ae8959c3,horizontal,full,data/raw/train/ae8959c3__horizontal_well.csv,6131,6131,1313,9798.98,10903.67,80.49185953768922,25.346537849418635
horizontal:train:aed44918:prefix,train,aed44918,horizontal,prefix,data/raw/train/aed44918__horizontal_well.csv,563,563,337,12440.89,12774.61,83.38252915416187,19.207323933634484
horizontal:train:aed44918:hidden,train,aed44918,horizontal,hidden,data/raw/train/aed44918__horizontal_well.csv,814,814,33,12771.0,12787.23,92.2863489128954,12.135684859887357
horizontal:train:aed44918:full,train,aed44918,horizontal,full,data/raw/train/aed44918__horizontal_well.csv,1377,1377,362,12440.89,12787.23,88.64593458888163,16.033033210285346
horizontal:train:aee6393a:prefix,train,aee6393a,horizontal,prefix,data/raw/train/aee6393a__horizontal_well.csv,636,636,260,10636.68,11006.25,74.66228025719217,16.32314555623822
horizontal:train:aee6393a:hidden,train,aee6393a,horizontal,hidden,data/raw/train/aee6393a__horizontal_well.csv,3018,3018,29,11002.79,11016.83,77.77723393744496,11.553659953497537
horizontal:train:aee6393a:full,train,aee6393a,horizontal,full,data/raw/train/aee6393a__horizontal_well.csv,3654,3654,281,10636.68,11016.83,77.235058091621,12.570762712874622
horizontal:train:af7a59ce:prefix,train,af7a59ce,horizontal,prefix,data/raw/train/af7a59ce__horizontal_well.csv,1055,1055,589,10856.4,11316.81,85.41773883511446,20.626091927657264
horizontal:train:af7a59ce:hidden,train,af7a59ce,horizontal,hidden,data/raw/train/af7a59ce__horizontal_well.csv,2160,2160,23,11308.79,11319.96,95.95104311905837,18.65287404428986
horizontal:train:af7a59ce:full,train,af7a59ce,horizontal,full,data/raw/train/af7a59ce__horizontal_well.csv,3215,3215,595,10856.4,11319.96,92.49454668995703,19.945530755007145
horizontal:train:aff4e561:prefix,train,aff4e561,horizontal,prefix,data/raw/train/aff4e561__horizontal_well.csv,1176,1176,707,10198.63,10940.68,114.02393548055608,25.96546362781123
horizontal:train:aff4e561:hidden,train,aff4e561,horizontal,hidden,data/raw/train/aff4e561__horizontal_well.csv,3889,3889,42,10940.76,10961.72,105.67848235279635,15.5689467944288
horizontal:train:aff4e561:full,train,aff4e561,horizontal,full,data/raw/train/aff4e561__horizontal_well.csv,5065,5065,749,10198.63,10961.72,107.6161433356681,18.843230318377234
horizontal:train:b04b58a3:prefix,train,b04b58a3,horizontal,prefix,data/raw/train/b04b58a3__horizontal_well.csv,1706,1706,794,10126.66,10751.15,77.5343362290542,16.820192869994642
horizontal:train:b04b58a3:hidden,train,b04b58a3,horizontal,hidden,data/raw/train/b04b58a3__horizontal_well.csv,3236,3236,64,10741.4,10772.84,77.97989687617118,10.417132461775788
horizontal:train:b04b58a3:full,train,b04b58a3,horizontal,full,data/raw/train/b04b58a3__horizontal_well.csv,4942,4942,838,10126.66,10772.84,77.82608739337442,12.99099450167451
horizontal:train:b0d42b0d:prefix,train,b0d42b0d,horizontal,prefix,data/raw/train/b0d42b0d__horizontal_well.csv,780,780,471,10592.89,11065.59,92.34364450794534,29.457915645962018
horizontal:train:b0d42b0d:hidden,train,b0d42b0d,horizontal,hidden,data/raw/train/b0d42b0d__horizontal_well.csv,2183,2183,67,11059.11,11092.04,83.60572655490978,10.819224429621878
horizontal:train:b0d42b0d:full,train,b0d42b0d,horizontal,full,data/raw/train/b0d42b0d__horizontal_well.csv,2963,2963,524,10592.89,11092.04,85.90595470319454,18.151764269726744
horizontal:train:b0f53bf4:prefix,train,b0f53bf4,horizontal,prefix,data/raw/train/b0f53bf4__horizontal_well.csv,1053,1053,487,11862.35,12224.22,88.45065371486976,23.786915646143626
horizontal:train:b0f53bf4:hidden,train,b0f53bf4,horizontal,hidden,data/raw/train/b0f53bf4__horizontal_well.csv,1996,1996,39,12198.2,12216.87,96.60566217840638,13.19033032297111
horizontal:train:b0f53bf4:full,train,b0f53bf4,horizontal,full,data/raw/train/b0f53bf4__horizontal_well.csv,3049,3049,487,11862.35,12224.22,93.78925551651591,18.009537337681884
horizontal:train:b19b0395:prefix,train,b19b0395,horizontal,prefix,data/raw/train/b19b0395__horizontal_well.csv,1316,1316,656,10688.87,11207.240000000002,82.75363250242887,16.46495526969617
horizontal:train:b19b0395:hidden,train,b19b0395,horizontal,hidden,data/raw/train/b19b0395__horizontal_well.csv,5594,5594,53,11183.47,11209.26,82.15410748593199,15.392407843610203
horizontal:train:b19b0395:full,train,b19b0395,horizontal,full,data/raw/train/b19b0395__horizontal_well.csv,6910,6910,661,10688.87,11209.26,82.26828620108539,15.604133604242792
horizontal:train:b1efb8a4:prefix,train,b1efb8a4,horizontal,prefix,data/raw/train/b1efb8a4__horizontal_well.csv,1498,1498,742,11391.35,12017.59,91.75269510024224,24.348381732003414
horizontal:train:b1efb8a4:hidden,train,b1efb8a4,horizontal,hidden,data/raw/train/b1efb8a4__horizontal_well.csv,5688,5688,40,12013.18,12032.56,100.31300465162234,16.374090000541177
horizontal:train:b1efb8a4:full,train,b1efb8a4,horizontal,full,data/raw/train/b1efb8a4__horizontal_well.csv,7186,7186,772,11391.35,12032.56,98.52851485090326,18.651978704820554
horizontal:train:b32902c0:prefix,train,b32902c0,horizontal,prefix,data/raw/train/b32902c0__horizontal_well.csv,1218,1218,831,10077.5,10939.86,88.10444338854776,27.847222840817203
horizontal:train:b32902c0:hidden,train,b32902c0,horizontal,hidden,data/raw/train/b32902c0__horizontal_well.csv,1741,1741,51,10913.42,10941.35,88.62344685522181,9.892125155463013
horizontal:train:b32902c0:full,train,b32902c0,horizontal,full,data/raw/train/b32902c0__horizontal_well.csv,2959,2959,834,10077.5,10941.35,88.40981176822993,19.412431083931775
horizontal:train:b32e4903:prefix,train,b32e4903,horizontal,prefix,data/raw/train/b32e4903__horizontal_well.csv,1424,1424,699,10580.990000000002,11186.63,92.84850905701906,22.101382280330466
horizontal:train:b32e4903:hidden,train,b32e4903,horizontal,hidden,data/raw/train/b32e4903__horizontal_well.csv,5535,5535,46,11175.2,11197.66,80.89133788885043,12.195294386741258
horizontal:train:b32e4903:full,train,b32e4903,horizontal,full,data/raw/train/b32e4903__horizontal_well.csv,6959,6959,721,10580.990000000002,11197.66,83.33809916826876,15.540789082820359
horizontal:train:b3388334:prefix,train,b3388334,horizontal,prefix,data/raw/train/b3388334__horizontal_well.csv,1427,1427,894,10642.52,11481.61,84.78314298043662,23.056253254782455
horizontal:train:b3388334:hidden,train,b3388334,horizontal,hidden,data/raw/train/b3388334__horizontal_well.csv,4587,4587,115,11448.28,11506.240000000002,88.01545980039852,24.834737455127488
horizontal:train:b3388334:full,train,b3388334,horizontal,full,data/raw/train/b3388334__horizontal_well.csv,6014,6014,942,10642.52,11506.240000000002,87.24849669729149,24.463137772685492
horizontal:train:b37fd114:prefix,train,b37fd114,horizontal,prefix,data/raw/train/b37fd114__horizontal_well.csv,1454,1454,756,10831.23,11388.65,74.91721124335845,23.191176122646784
horizontal:train:b37fd114:hidden,train,b37fd114,horizontal,hidden,data/raw/train/b37fd114__horizontal_well.csv,7496,7496,108,11363.63,11416.78,80.87278186205491,18.089527128456748
horizontal:train:b37fd114:full,train,b37fd114,horizontal,full,data/raw/train/b37fd114__horizontal_well.csv,8950,8950,813,10831.23,11416.78,79.90525117159852,19.138199860482278
horizontal:train:b38e3116:prefix,train,b38e3116,horizontal,prefix,data/raw/train/b38e3116__horizontal_well.csv,1667,1667,862,11227.96,12012.8,85.21787382928012,18.73328867885899
horizontal:train:b38e3116:hidden,train,b38e3116,horizontal,hidden,data/raw/train/b38e3116__horizontal_well.csv,5867,5867,50,12007.83,12032.6,102.01025483223027,17.397206670423127
horizontal:train:b38e3116:full,train,b38e3116,horizontal,full,data/raw/train/b38e3116__horizontal_well.csv,7534,7534,901,11227.96,12032.6,98.29471207514003,19.02449676092813
horizontal:train:b4d8dd4f:prefix,train,b4d8dd4f,horizontal,prefix,data/raw/train/b4d8dd4f__horizontal_well.csv,1398,1398,894,10426.98,11205.3,123.13900005048923,31.45450250583449
horizontal:train:b4d8dd4f:hidden,train,b4d8dd4f,horizontal,hidden,data/raw/train/b4d8dd4f__horizontal_well.csv,3847,3847,106,11177.26,11231.96,132.65250510855347,24.735938842125453
horizontal:train:b4d8dd4f:full,train,b4d8dd4f,horizontal,full,data/raw/train/b4d8dd4f__horizontal_well.csv,5245,5245,947,10426.98,11231.96,130.11677964217142,27.02192013619191
horizontal:train:b4f37e6e:prefix,train,b4f37e6e,horizontal,prefix,data/raw/train/b4f37e6e__horizontal_well.csv,1136,1136,667,10663.17,11179.72,124.22041282111886,29.411888491831466
horizontal:train:b4f37e6e:hidden,train,b4f37e6e,horizontal,hidden,data/raw/train/b4f37e6e__horizontal_well.csv,1942,1942,71,11178.39,11213.35,127.86026474618748,26.95827875855948
horizontal:train:b4f37e6e:full,train,b4f37e6e,horizontal,full,data/raw/train/b4f37e6e__horizontal_well.csv,3078,3078,735,10663.17,11213.35,126.51690159255593,27.944232717608063
horizontal:train:b56bc0aa:prefix,train,b56bc0aa,horizontal,prefix,data/raw/train/b56bc0aa__horizontal_well.csv,1558,1558,888,10343.17,11204.6,128.93452204279308,28.74576088022243
horizontal:train:b56bc0aa:hidden,train,b56bc0aa,horizontal,hidden,data/raw/train/b56bc0aa__horizontal_well.csv,4345,4345,32,11191.23,11206.47,120.42741655187632,18.70966275479438
horizontal:train:b56bc0aa:full,train,b56bc0aa,horizontal,full,data/raw/train/b56bc0aa__horizontal_well.csv,5903,5903,892,10343.17,11206.47,122.67272747087488,22.131744006381563
horizontal:train:b585b4fa:prefix,train,b585b4fa,horizontal,prefix,data/raw/train/b585b4fa__horizontal_well.csv,1487,1487,874,10467.34,11238.71,74.20721331681362,21.20056667697872
horizontal:train:b585b4fa:hidden,train,b585b4fa,horizontal,hidden,data/raw/train/b585b4fa__horizontal_well.csv,3786,3786,75,11209.06,11245.8,78.55238502142159,12.629249612339914
horizontal:train:b585b4fa:full,train,b585b4fa,horizontal,full,data/raw/train/b585b4fa__horizontal_well.csv,5273,5273,890,10467.34,11245.8,77.32703506413881,15.655415168950851
horizontal:train:b5aa9634:prefix,train,b5aa9634,horizontal,prefix,data/raw/train/b5aa9634__horizontal_well.csv,1378,1378,573,12155.27,12548.03,84.22929453387906,18.893535528366474
horizontal:train:b5aa9634:hidden,train,b5aa9634,horizontal,hidden,data/raw/train/b5aa9634__horizontal_well.csv,7018,7018,75,12508.3,12545.36,83.16829125393639,13.500075243278985
horizontal:train:b5aa9634:full,train,b5aa9634,horizontal,full,data/raw/train/b5aa9634__horizontal_well.csv,8396,8396,574,12155.27,12548.03,83.34242923866258,14.528643505101066
horizontal:train:b7974e66:prefix,train,b7974e66,horizontal,prefix,data/raw/train/b7974e66__horizontal_well.csv,977,977,524,11575.98,12128.29,77.25026305670363,17.956817533319754
horizontal:train:b7974e66:hidden,train,b7974e66,horizontal,hidden,data/raw/train/b7974e66__horizontal_well.csv,2627,2627,39,12108.77,12127.92,82.05469627207601,15.770639891288573
horizontal:train:b7974e66:full,train,b7974e66,horizontal,full,data/raw/train/b7974e66__horizontal_well.csv,3604,3604,524,11575.98,12128.29,80.75227361629945,16.530656893559637
horizontal:train:b7cdcecb:prefix,train,b7cdcecb,horizontal,prefix,data/raw/train/b7cdcecb__horizontal_well.csv,897,897,556,10379.45,10956.66,112.00179376473537,22.502340262028284
horizontal:train:b7cdcecb:hidden,train,b7cdcecb,horizontal,hidden,data/raw/train/b7cdcecb__horizontal_well.csv,3542,3542,52,10956.69,10982.09,116.55316503063473,21.36878313176006
horizontal:train:b7cdcecb:full,train,b7cdcecb,horizontal,full,data/raw/train/b7cdcecb__horizontal_well.csv,4439,4439,607,10379.45,10982.09,115.6334578836395,21.679808882063774
horizontal:train:b7fea9ef:prefix,train,b7fea9ef,horizontal,prefix,data/raw/train/b7fea9ef__horizontal_well.csv,1411,1411,803,10177.09,10778.320000000002,80.09939439560023,20.4074017595853
horizontal:train:b7fea9ef:hidden,train,b7fea9ef,horizontal,hidden,data/raw/train/b7fea9ef__horizontal_well.csv,3323,3323,37,10751.28,10769.59,93.80711629804958,12.628559164782908
horizontal:train:b7fea9ef:full,train,b7fea9ef,horizontal,full,data/raw/train/b7fea9ef__horizontal_well.csv,4734,4734,803,10177.09,10778.320000000002,89.72143915306522,16.594822145024462
horizontal:train:b85f7b06:prefix,train,b85f7b06,horizontal,prefix,data/raw/train/b85f7b06__horizontal_well.csv,1363,1363,698,10808.79,11404.37,87.62506111995872,19.536664232585625
horizontal:train:b85f7b06:hidden,train,b85f7b06,horizontal,hidden,data/raw/train/b85f7b06__horizontal_well.csv,3036,3036,21,11391.44,11401.4,88.5255803118822,9.682903912089413
horizontal:train:b85f7b06:full,train,b85f7b06,horizontal,full,data/raw/train/b85f7b06__horizontal_well.csv,4399,4399,698,10808.79,11404.37,88.24656061227053,13.533029578327513
horizontal:train:b881d27e:prefix,train,b881d27e,horizontal,prefix,data/raw/train/b881d27e__horizontal_well.csv,1094,1094,626,10591.83,11199.55,79.82936037264047,19.809271268551665
horizontal:train:b881d27e:hidden,train,b881d27e,horizontal,hidden,data/raw/train/b881d27e__horizontal_well.csv,1978,1978,56,11169.84,11197.31,82.10563683316433,12.17024318988766
horizontal:train:b881d27e:full,train,b881d27e,horizontal,full,data/raw/train/b881d27e__horizontal_well.csv,3072,3072,626,10591.83,11199.55,81.29500973426683,15.37206154524172
horizontal:train:b8c49c1a:prefix,train,b8c49c1a,horizontal,prefix,data/raw/train/b8c49c1a__horizontal_well.csv,1593,1593,1042,9839.990000000002,10787.44,85.13697212443763,25.26742037827825
horizontal:train:b8c49c1a:hidden,train,b8c49c1a,horizontal,hidden,data/raw/train/b8c49c1a__horizontal_well.csv,3336,3336,65,10766.01,10798.15,76.90888812596289,12.001358366468645
horizontal:train:b8c49c1a:full,train,b8c49c1a,horizontal,full,data/raw/train/b8c49c1a__horizontal_well.csv,4929,4929,1063,9839.990000000002,10798.15,79.56811673411266,17.85019482774808
horizontal:train:b95e7121:prefix,train,b95e7121,horizontal,prefix,data/raw/train/b95e7121__horizontal_well.csv,1123,1123,717,10864.23,11360.92,78.27067124374385,24.98888224316772
horizontal:train:b95e7121:hidden,train,b95e7121,horizontal,hidden,data/raw/train/b95e7121__horizontal_well.csv,5886,5886,24,11355.9,11367.3,98.69527224849465,16.934030006898865
horizontal:train:b95e7121:full,train,b95e7121,horizontal,full,data/raw/train/b95e7121__horizontal_well.csv,7009,7009,730,10864.23,11367.3,95.42279016426933,19.924753215849915
horizontal:train:b977be4a:prefix,train,b977be4a,horizontal,prefix,data/raw/train/b977be4a__horizontal_well.csv,1303,1303,666,10837.04,11387.65,85.70804548469403,24.261378919477774
horizontal:train:b977be4a:hidden,train,b977be4a,horizontal,hidden,data/raw/train/b977be4a__horizontal_well.csv,4457,4457,110,11368.09,11422.33,95.63985297419606,17.12036953682288
horizontal:train:b977be4a:full,train,b977be4a,horizontal,full,data/raw/train/b977be4a__horizontal_well.csv,5760,5760,736,10837.04,11422.33,93.39312638412295,19.422194249681016
horizontal:train:ba48188d:prefix,train,ba48188d,horizontal,prefix,data/raw/train/ba48188d__horizontal_well.csv,1181,1181,555,11778.490000000002,12275.31,92.34168206349855,18.004886771888366
horizontal:train:ba48188d:hidden,train,ba48188d,horizontal,hidden,data/raw/train/ba48188d__horizontal_well.csv,3429,3429,210,12167.76,12272.75,87.94800803396153,13.30134350454265
horizontal:train:ba48188d:full,train,ba48188d,horizontal,full,data/raw/train/ba48188d__horizontal_well.csv,4610,4610,593,11778.490000000002,12275.31,89.07358916820954,14.775896825130209
horizontal:train:bb2cdd83:prefix,train,bb2cdd83,horizontal,prefix,data/raw/train/bb2cdd83__horizontal_well.csv,1565,1565,900,10380.17,11216.48,82.89009529805249,18.897225176052412
horizontal:train:bb2cdd83:hidden,train,bb2cdd83,horizontal,hidden,data/raw/train/bb2cdd83__horizontal_well.csv,3273,3273,26,11211.1,11223.740000000002,81.64965843956114,6.961194007147722
horizontal:train:bb2cdd83:full,train,bb2cdd83,horizontal,full,data/raw/train/bb2cdd83__horizontal_well.csv,4838,4838,914,10380.17,11223.740000000002,82.05091591858945,12.191648257571558
horizontal:train:bb337fa0:prefix,train,bb337fa0,horizontal,prefix,data/raw/train/bb337fa0__horizontal_well.csv,538,538,357,10890.14,11430.34,86.32313958921263,22.56975718871429
horizontal:train:bb337fa0:hidden,train,bb337fa0,horizontal,hidden,data/raw/train/bb337fa0__horizontal_well.csv,2276,2276,75,11424.47,11461.39,84.87221541281981,13.470125524380226
horizontal:train:bb337fa0:full,train,bb337fa0,horizontal,full,data/raw/train/bb337fa0__horizontal_well.csv,2814,2814,419,10890.14,11461.39,85.14961314092903,15.635520491969071
horizontal:train:bb682ebd:prefix,train,bb682ebd,horizontal,prefix,data/raw/train/bb682ebd__horizontal_well.csv,1462,1462,905,10147.740000000002,11016.98,116.12722097415592,32.16625290500812
horizontal:train:bb682ebd:hidden,train,bb682ebd,horizontal,hidden,data/raw/train/bb682ebd__horizontal_well.csv,2947,2947,73,11016.5,11052.45,118.69237384546534,15.660194428263415
horizontal:train:bb682ebd:full,train,bb682ebd,horizontal,full,data/raw/train/bb682ebd__horizontal_well.csv,4409,4409,976,10147.740000000002,11052.45,117.8417833492407,22.54926646341375
horizontal:train:bc4381e2:prefix,train,bc4381e2,horizontal,prefix,data/raw/train/bc4381e2__horizontal_well.csv,1170,1170,827,11208.21,12132.27,75.98371841777437,18.567760637243666
horizontal:train:bc4381e2:hidden,train,bc4381e2,horizontal,hidden,data/raw/train/bc4381e2__horizontal_well.csv,2074,2074,42,12127.27,12147.76,72.38396568984297,11.063474918399205
horizontal:train:bc4381e2:full,train,bc4381e2,horizontal,full,data/raw/train/bc4381e2__horizontal_well.csv,3244,3244,858,11208.21,12147.76,73.682273547944,14.338290417363337
horizontal:train:bcebcc5f:prefix,train,bcebcc5f,horizontal,prefix,data/raw/train/bcebcc5f__horizontal_well.csv,899,899,597,10224.240000000002,10928.53,85.46230909683553,31.67728381904948
horizontal:train:bcebcc5f:hidden,train,bcebcc5f,horizontal,hidden,data/raw/train/bcebcc5f__horizontal_well.csv,3221,3221,77,10928.71,10966.36,95.13698431371444,13.470391636064507
horizontal:train:bcebcc5f:full,train,bcebcc5f,horizontal,full,data/raw/train/bcebcc5f__horizontal_well.csv,4120,4120,673,10224.240000000002,10966.36,93.02593260983723,19.410873099027945
horizontal:train:bd2c2f34:prefix,train,bd2c2f34,horizontal,prefix,data/raw/train/bd2c2f34__horizontal_well.csv,883,883,587,9984.44,10699.87,81.71225506472781,17.112551518932346
horizontal:train:bd2c2f34:hidden,train,bd2c2f34,horizontal,hidden,data/raw/train/bd2c2f34__horizontal_well.csv,3636,3636,50,10675.78,10700.52,81.23112234365769,8.363695345282862
horizontal:train:bd2c2f34:full,train,bd2c2f34,horizontal,full,data/raw/train/bd2c2f34__horizontal_well.csv,4519,4519,589,9984.44,10700.52,81.32513433584731,10.655491138309493
horizontal:train:bd4ae5da:prefix,train,bd4ae5da,horizontal,prefix,data/raw/train/bd4ae5da__horizontal_well.csv,902,902,607,10966.91,11877.71,107.26037262069441,27.116251428693566
horizontal:train:bd4ae5da:hidden,train,bd4ae5da,horizontal,hidden,data/raw/train/bd4ae5da__horizontal_well.csv,1647,1647,45,11855.41,11877.7,117.17384770491499,17.691212312874566
horizontal:train:bd4ae5da:full,train,bd4ae5da,horizontal,full,data/raw/train/bd4ae5da__horizontal_well.csv,2549,2549,607,10966.91,11877.71,113.66582317530852,22.020232269028988
horizontal:train:bd6f0e19:prefix,train,bd6f0e19,horizontal,prefix,data/raw/train/bd6f0e19__horizontal_well.csv,1829,1829,965,10600.15,11358.03,92.08163187499208,22.626099735377633
horizontal:train:bd6f0e19:hidden,train,bd6f0e19,horizontal,hidden,data/raw/train/bd6f0e19__horizontal_well.csv,3845,3845,34,11345.64,11361.88,93.32610072647397,9.285768054738623
horizontal:train:bd6f0e19:full,train,bd6f0e19,horizontal,full,data/raw/train/bd6f0e19__horizontal_well.csv,5674,5674,973,10600.15,11361.88,92.92494924086236,14.959677194768283
horizontal:train:bd8f847e:prefix,train,bd8f847e,horizontal,prefix,data/raw/train/bd8f847e__horizontal_well.csv,1096,1096,681,12301.8,12803.35,78.34743640518566,18.52971720672808
horizontal:train:bd8f847e:hidden,train,bd8f847e,horizontal,hidden,data/raw/train/bd8f847e__horizontal_well.csv,3976,3976,50,12788.76,12813.28,85.10822131925951,15.225423925576141
horizontal:train:bd8f847e:full,train,bd8f847e,horizontal,full,data/raw/train/bd8f847e__horizontal_well.csv,5072,5072,701,12301.8,12813.28,83.64729461069781,16.237550841871776
horizontal:train:be063506:prefix,train,be063506,horizontal,prefix,data/raw/train/be063506__horizontal_well.csv,1507,1507,921,10985.62,11887.94,103.37177500126684,29.092156038731066
horizontal:train:be063506:hidden,train,be063506,horizontal,hidden,data/raw/train/be063506__horizontal_well.csv,3375,3375,34,11857.58,11874.02,114.57068068632233,18.314269081166408
horizontal:train:be063506:full,train,be063506,horizontal,full,data/raw/train/be063506__horizontal_well.csv,4882,4882,925,10985.62,11887.94,111.11374687489698,22.801222975956033
horizontal:train:be35c8f2:prefix,train,be35c8f2,horizontal,prefix,data/raw/train/be35c8f2__horizontal_well.csv,1401,1401,845,11804.33,12553.94,84.76245537547302,23.894227540160333
horizontal:train:be35c8f2:hidden,train,be35c8f2,horizontal,hidden,data/raw/train/be35c8f2__horizontal_well.csv,2638,2638,35,12537.81,12555.240000000002,87.33425632828101,15.242164027151297
horizontal:train:be35c8f2:full,train,be35c8f2,horizontal,full,data/raw/train/be35c8f2__horizontal_well.csv,4039,4039,848,11804.33,12555.240000000002,86.44218078114459,18.742336601891342
horizontal:train:be83e781:prefix,train,be83e781,horizontal,prefix,data/raw/train/be83e781__horizontal_well.csv,1089,1089,599,10625.36,11186.37,81.53620691704147,22.195961784338223
horizontal:train:be83e781:hidden,train,be83e781,horizontal,hidden,data/raw/train/be83e781__horizontal_well.csv,1543,1543,32,11175.88,11191.51,81.57280779246186,20.92672813143158
horizontal:train:be83e781:full,train,be83e781,horizontal,full,data/raw/train/be83e781__horizontal_well.csv,2632,2632,609,10625.36,11191.51,81.55766404119558,21.46099173977175
horizontal:train:beda8696:prefix,train,beda8696,horizontal,prefix,data/raw/train/beda8696__horizontal_well.csv,990,990,612,10150.94,10954.91,112.51722485152176,22.965435746940344
horizontal:train:beda8696:hidden,train,beda8696,horizontal,hidden,data/raw/train/beda8696__horizontal_well.csv,2798,2798,98,10923.27,10972.22,112.77950545883141,14.996342219833684
horizontal:train:beda8696:full,train,beda8696,horizontal,full,data/raw/train/beda8696__horizontal_well.csv,3788,3788,649,10150.94,10972.22,112.71095799282386,17.434675439890977
horizontal:train:bf39bc20:prefix,train,bf39bc20,horizontal,prefix,data/raw/train/bf39bc20__horizontal_well.csv,1069,1069,714,10552.26,11202.89,119.0726265442369,31.54551459085543
horizontal:train:bf39bc20:hidden,train,bf39bc20,horizontal,hidden,data/raw/train/bf39bc20__horizontal_well.csv,1267,1267,69,11185.22,11219.04,126.85069168167631,18.85329754531872
horizontal:train:bf39bc20:full,train,bf39bc20,horizontal,full,data/raw/train/bf39bc20__horizontal_well.csv,2336,2336,747,10552.26,11219.04,123.29129457896967,25.752468993969373
horizontal:train:bf70b410:prefix,train,bf70b410,horizontal,prefix,data/raw/train/bf70b410__horizontal_well.csv,1277,1277,679,10276.63,10982.9,107.33900483551723,19.054679625284404
horizontal:train:bf70b410:hidden,train,bf70b410,horizontal,hidden,data/raw/train/bf70b410__horizontal_well.csv,3682,3682,97,10936.990000000002,10985.17,104.19836145762645,13.307543479955026
horizontal:train:bf70b410:full,train,bf70b410,horizontal,full,data/raw/train/bf70b410__horizontal_well.csv,4959,4959,689,10276.63,10985.17,105.00711354344347,15.062245625778203
horizontal:train:bffe3082:prefix,train,bffe3082,horizontal,prefix,data/raw/train/bffe3082__horizontal_well.csv,1043,1043,617,11334.33,11900.28,107.61476592565603,25.790529666862977
horizontal:train:bffe3082:hidden,train,bffe3082,horizontal,hidden,data/raw/train/bffe3082__horizontal_well.csv,3943,3943,77,11884.990000000002,11922.81,110.52414824209849,20.141308032276566
horizontal:train:bffe3082:full,train,bffe3082,horizontal,full,data/raw/train/bffe3082__horizontal_well.csv,4986,4986,664,11334.33,11922.81,109.91554700743151,21.479103248436807
horizontal:train:c03b9305:prefix,train,c03b9305,horizontal,prefix,data/raw/train/c03b9305__horizontal_well.csv,1131,1131,674,9961.13,10822.42,68.28529581824138,16.160998410728432
horizontal:train:c03b9305:hidden,train,c03b9305,horizontal,hidden,data/raw/train/c03b9305__horizontal_well.csv,2058,2058,45,10794.95,10817.070000000002,79.35418301663348,12.059959371169853
horizontal:train:c03b9305:full,train,c03b9305,horizontal,full,data/raw/train/c03b9305__horizontal_well.csv,3189,3189,675,9961.13,10822.42,75.42852876094786,14.646868494017681
horizontal:train:c03d4aed:prefix,train,c03d4aed,horizontal,prefix,data/raw/train/c03d4aed__horizontal_well.csv,1573,1573,853,12081.06,12796.990000000002,82.17028027997196,13.163441419794747
horizontal:train:c03d4aed:hidden,train,c03d4aed,horizontal,hidden,data/raw/train/c03d4aed__horizontal_well.csv,3785,3785,59,12789.56,12818.25,79.5901065673168,13.286507235035039
horizontal:train:c03d4aed:full,train,c03d4aed,horizontal,full,data/raw/train/c03d4aed__horizontal_well.csv,5358,5358,896,12081.06,12818.25,80.34759317612728,13.302492581105048
horizontal:train:c03fba65:prefix,train,c03fba65,horizontal,prefix,data/raw/train/c03fba65__horizontal_well.csv,1328,1328,854,9869.12,10835.7,93.66710077287078,25.429004547001806
horizontal:train:c03fba65:hidden,train,c03fba65,horizontal,hidden,data/raw/train/c03fba65__horizontal_well.csv,1807,1807,70,10770.5,10805.59,89.86421925283695,10.0790406491628
horizontal:train:c03fba65:full,train,c03fba65,horizontal,full,data/raw/train/c03fba65__horizontal_well.csv,3135,3135,869,9869.12,10835.7,91.47513684728828,18.330372790026356
horizontal:train:c07fd0cd:prefix,train,c07fd0cd,horizontal,prefix,data/raw/train/c07fd0cd__horizontal_well.csv,1259,1259,845,11722.08,12533.12,83.22150084896516,27.22619220657951
horizontal:train:c07fd0cd:hidden,train,c07fd0cd,horizontal,hidden,data/raw/train/c07fd0cd__horizontal_well.csv,2159,2159,31,12523.96,12538.94,47.060025147808545,10.31499784502558
horizontal:train:c07fd0cd:full,train,c07fd0cd,horizontal,full,data/raw/train/c07fd0cd__horizontal_well.csv,3418,3418,858,11722.08,12538.94,60.37988995405669,25.386917956391194
horizontal:train:c1708b88:prefix,train,c1708b88,horizontal,prefix,data/raw/train/c1708b88__horizontal_well.csv,733,733,579,10596.16,11366.23,85.85686179585427,22.561199685024548
horizontal:train:c1708b88:hidden,train,c1708b88,horizontal,hidden,data/raw/train/c1708b88__horizontal_well.csv,2269,2269,77,11331.19,11369.16,88.25676065128081,17.137336185585447
horizontal:train:c1708b88:full,train,c1708b88,horizontal,full,data/raw/train/c1708b88__horizontal_well.csv,3002,3002,587,10596.16,11369.16,87.67077602069199,18.636681143589847
horizontal:train:c1d046f4:prefix,train,c1d046f4,horizontal,prefix,data/raw/train/c1d046f4__horizontal_well.csv,1391,1391,652,10973.740000000002,11425.92,81.19035275295812,21.467931357610166
horizontal:train:c1d046f4:hidden,train,c1d046f4,horizontal,hidden,data/raw/train/c1d046f4__horizontal_well.csv,5433,5433,43,11373.3,11394.67,91.64262450628252,18.26210368371521
horizontal:train:c1d046f4:full,train,c1d046f4,horizontal,full,data/raw/train/c1d046f4__horizontal_well.csv,6824,6824,652,10973.740000000002,11425.92,89.51203980392698,19.421561043396313
horizontal:train:c2717d4f:prefix,train,c2717d4f,horizontal,prefix,data/raw/train/c2717d4f__horizontal_well.csv,1666,1666,933,10585.62,11320.23,84.57126086056616,21.730921546308437
horizontal:train:c2717d4f:hidden,train,c2717d4f,horizontal,hidden,data/raw/train/c2717d4f__horizontal_well.csv,4568,4568,44,11312.320000000002,11333.78,72.29591572138061,8.392068740148641
horizontal:train:c2717d4f:full,train,c2717d4f,horizontal,full,data/raw/train/c2717d4f__horizontal_well.csv,6234,6234,961,10585.62,11333.78,75.57642983781999,14.398431320643349
horizontal:train:c2c4db09:prefix,train,c2c4db09,horizontal,prefix,data/raw/train/c2c4db09__horizontal_well.csv,1445,1445,893,10694.97,11383.9,91.57333576454218,27.701917586362637
horizontal:train:c2c4db09:hidden,train,c2c4db09,horizontal,hidden,data/raw/train/c2c4db09__horizontal_well.csv,4627,4627,59,11370.66,11399.570000000002,97.75363009777142,14.794765483009293
horizontal:train:c2c4db09:full,train,c2c4db09,horizontal,full,data/raw/train/c2c4db09__horizontal_well.csv,6072,6072,924,10694.97,11399.570000000002,96.28285847202764,18.877104831292414
horizontal:train:c2c6fc71:prefix,train,c2c6fc71,horizontal,prefix,data/raw/train/c2c6fc71__horizontal_well.csv,1200,1200,665,11455.570000000002,12079.38,67.13108496733823,31.1342413366754
horizontal:train:c2c6fc71:hidden,train,c2c6fc71,horizontal,hidden,data/raw/train/c2c6fc71__horizontal_well.csv,4390,4390,50,12072.66,12096.89,44.826389568902975,9.186351664628603
horizontal:train:c2c6fc71:full,train,c2c6fc71,horizontal,full,data/raw/train/c2c6fc71__horizontal_well.csv,5590,5590,700,11455.570000000002,12096.89,49.61451738252056,18.92702862104084
horizontal:train:c36625df:prefix,train,c36625df,horizontal,prefix,data/raw/train/c36625df__horizontal_well.csv,522,522,424,11075.88,11875.13,111.86934584698541,31.84905660333653
horizontal:train:c36625df:hidden,train,c36625df,horizontal,hidden,data/raw/train/c36625df__horizontal_well.csv,1094,1094,42,11854.65,11875.02,120.26273268659224,17.948729577984047
horizontal:train:c36625df:full,train,c36625df,horizontal,full,data/raw/train/c36625df__horizontal_well.csv,1616,1616,427,11075.88,11875.13,117.55150253171927,23.688786709535407
horizontal:train:c3957531:prefix,train,c3957531,horizontal,prefix,data/raw/train/c3957531__horizontal_well.csv,1861,1861,1071,11748.51,12672.97,93.10177738585278,21.765712740793504
horizontal:train:c3957531:hidden,train,c3957531,horizontal,hidden,data/raw/train/c3957531__horizontal_well.csv,5115,5115,92,12642.88,12688.490000000002,96.95153486239396,13.379697969260777
horizontal:train:c3957531:full,train,c3957531,horizontal,full,data/raw/train/c3957531__horizontal_well.csv,6976,6976,1102,11748.51,12688.490000000002,95.92452817319626,16.14128041025253
horizontal:train:c42fe306:prefix,train,c42fe306,horizontal,prefix,data/raw/train/c42fe306__horizontal_well.csv,1064,1064,698,10085.69,10984.39,90.60990916638059,19.170267334036854
horizontal:train:c42fe306:hidden,train,c42fe306,horizontal,hidden,data/raw/train/c42fe306__horizontal_well.csv,2062,2062,62,10959.95,10990.66,87.06422189952448,10.14200360654483
horizontal:train:c42fe306:full,train,c42fe306,horizontal,full,data/raw/train/c42fe306__horizontal_well.csv,3126,3126,710,10085.69,10990.66,88.27107130833284,13.991365016754905
horizontal:train:c43812e2:prefix,train,c43812e2,horizontal,prefix,data/raw/train/c43812e2__horizontal_well.csv,713,713,545,11344.78,12194.570000000002,98.74636666385626,20.632276308287633
horizontal:train:c43812e2:hidden,train,c43812e2,horizontal,hidden,data/raw/train/c43812e2__horizontal_well.csv,2097,2097,44,12180.48,12201.87,95.53523859541926,12.105259140701202
horizontal:train:c43812e2:full,train,c43812e2,horizontal,full,data/raw/train/c43812e2__horizontal_well.csv,2810,2810,560,11344.78,12201.87,96.35001948965257,14.809499614219218
horizontal:train:c472c0b5:prefix,train,c472c0b5,horizontal,prefix,data/raw/train/c472c0b5__horizontal_well.csv,1521,1521,844,10106.8,10796.13,61.82723199225005,21.472374510627485
horizontal:train:c472c0b5:hidden,train,c472c0b5,horizontal,hidden,data/raw/train/c472c0b5__horizontal_well.csv,2959,2959,30,10796.15,10810.52,71.2008713160792,12.770137741420376
horizontal:train:c472c0b5:full,train,c472c0b5,horizontal,full,data/raw/train/c472c0b5__horizontal_well.csv,4480,4480,873,10106.8,10810.52,68.01843707243094,16.850773901655018
horizontal:train:c47e0767:prefix,train,c47e0767,horizontal,prefix,data/raw/train/c47e0767__horizontal_well.csv,1669,1669,867,11420.88,12159.92,78.18772152598352,22.555943825355346
horizontal:train:c47e0767:hidden,train,c47e0767,horizontal,hidden,data/raw/train/c47e0767__horizontal_well.csv,3710,3710,64,12153.5,12185.23,73.9146958948846,9.52438276416209
horizontal:train:c47e0767:full,train,c47e0767,horizontal,full,data/raw/train/c47e0767__horizontal_well.csv,5379,5379,917,11420.88,12185.23,75.24053336993649,14.977860487198672
horizontal:train:c50b42f6:prefix,train,c50b42f6,horizontal,prefix,data/raw/train/c50b42f6__horizontal_well.csv,1526,1526,951,10079.12,10971.36,113.74925267395926,25.85158599725828
horizontal:train:c50b42f6:hidden,train,c50b42f6,horizontal,hidden,data/raw/train/c50b42f6__horizontal_well.csv,4907,4907,61,10959.58,10989.52,116.8231572734679,19.303393202523797
horizontal:train:c50b42f6:full,train,c50b42f6,horizontal,full,data/raw/train/c50b42f6__horizontal_well.csv,6433,6433,988,10079.12,10989.52,116.09398295062472,21.08248281665671
horizontal:train:c593337f:prefix,train,c593337f,horizontal,prefix,data/raw/train/c593337f__horizontal_well.csv,1291,1291,676,11455.09,12125.2,85.18554505593006,20.21509332093911
horizontal:train:c593337f:hidden,train,c593337f,horizontal,hidden,data/raw/train/c593337f__horizontal_well.csv,3598,3598,98,12076.54,12124.89,89.0574812021824,12.806101209016356
horizontal:train:c593337f:full,train,c593337f,horizontal,full,data/raw/train/c593337f__horizontal_well.csv,4889,4889,683,11455.09,12125.2,88.03504930101411,15.215566375117485
horizontal:train:c59b6c4a:prefix,train,c59b6c4a,horizontal,prefix,data/raw/train/c59b6c4a__horizontal_well.csv,1677,1677,1038,10013.34,10945.43,110.61382767763449,29.91481265035281
horizontal:train:c59b6c4a:hidden,train,c59b6c4a,horizontal,hidden,data/raw/train/c59b6c4a__horizontal_well.csv,4679,4679,83,10903.97,10944.88,104.5475631107725,13.04700963412971
horizontal:train:c59b6c4a:full,train,c59b6c4a,horizontal,full,data/raw/train/c59b6c4a__horizontal_well.csv,6356,6356,1039,10013.34,10945.43,106.14811781162642,19.198259671445438
horizontal:train:c66be2b8:prefix,train,c66be2b8,horizontal,prefix,data/raw/train/c66be2b8__horizontal_well.csv,1649,1649,936,10478.34,11383.570000000002,93.33440235014928,26.67713673693202
horizontal:train:c66be2b8:hidden,train,c66be2b8,horizontal,hidden,data/raw/train/c66be2b8__horizontal_well.csv,2927,2927,98,11325.73,11373.88,88.17960858578225,17.993263403584315
horizontal:train:c66be2b8:full,train,c66be2b8,horizontal,full,data/raw/train/c66be2b8__horizontal_well.csv,4576,4576,940,10478.34,11383.570000000002,90.0371817757825,21.671865071024794
horizontal:train:c6797dd7:prefix,train,c6797dd7,horizontal,prefix,data/raw/train/c6797dd7__horizontal_well.csv,1184,1184,916,11328.68,12033.740000000002,82.9061903144135,24.79245420278183
horizontal:train:c6797dd7:hidden,train,c6797dd7,horizontal,hidden,data/raw/train/c6797dd7__horizontal_well.csv,3967,3967,45,12026.44,12048.46,90.27867099289276,11.193417141216086
horizontal:train:c6797dd7:full,train,c6797dd7,horizontal,full,data/raw/train/c6797dd7__horizontal_well.csv,5151,5151,946,11328.68,12048.46,88.58404526520502,15.728983054910769
horizontal:train:c6b782a4:prefix,train,c6b782a4,horizontal,prefix,data/raw/train/c6b782a4__horizontal_well.csv,1303,1303,777,10547.12,11232.39,79.27623770256133,22.127419397187772
horizontal:train:c6b782a4:hidden,train,c6b782a4,horizontal,hidden,data/raw/train/c6b782a4__horizontal_well.csv,3545,3545,51,11194.88,11220.06,81.65680854309491,15.4729791780801
horizontal:train:c6b782a4:full,train,c6b782a4,horizontal,full,data/raw/train/c6b782a4__horizontal_well.csv,4848,4848,780,10547.12,11232.39,81.01698102551751,17.543541615991117
horizontal:train:c6c96179:prefix,train,c6c96179,horizontal,prefix,data/raw/train/c6c96179__horizontal_well.csv,1436,1436,857,10290.7,11117.92,75.5896161185603,23.003041970258252
horizontal:train:c6c96179:hidden,train,c6c96179,horizontal,hidden,data/raw/train/c6c96179__horizontal_well.csv,2474,2474,37,11114.05,11132.75,62.26189260426329,8.455643449069925
horizontal:train:c6c96179:full,train,c6c96179,horizontal,full,data/raw/train/c6c96179__horizontal_well.csv,3910,3910,885,10290.7,11132.75,67.15667801769821,16.758595115642713
horizontal:train:c70c0e01:prefix,train,c70c0e01,horizontal,prefix,data/raw/train/c70c0e01__horizontal_well.csv,623,623,473,11840.490000000002,12588.14,87.10950534623113,19.306946820183395
horizontal:train:c70c0e01:hidden,train,c70c0e01,horizontal,hidden,data/raw/train/c70c0e01__horizontal_well.csv,1292,1292,55,12566.98,12593.9,80.78120537620947,12.290123451715331
horizontal:train:c70c0e01:full,train,c70c0e01,horizontal,full,data/raw/train/c70c0e01__horizontal_well.csv,1915,1915,492,11840.490000000002,12593.9,82.83996823851939,15.23041541606984
horizontal:train:c84c65be:prefix,train,c84c65be,horizontal,prefix,data/raw/train/c84c65be__horizontal_well.csv,1050,1050,634,9283.29,10060.61,82.01900900529259,17.835249827076503
horizontal:train:c84c65be:hidden,train,c84c65be,horizontal,hidden,data/raw/train/c84c65be__horizontal_well.csv,4763,4763,75,10039.02,10076.05,87.2241280284189,10.476856967273203
horizontal:train:c84c65be:full,train,c84c65be,horizontal,full,data/raw/train/c84c65be__horizontal_well.csv,5813,5813,666,9283.29,10076.05,86.28392934025743,12.304684622005821
horizontal:train:c8d9680c:prefix,train,c8d9680c,horizontal,prefix,data/raw/train/c8d9680c__horizontal_well.csv,1131,1131,597,10862.15,11387.570000000002,84.89554839190939,23.03321640308985
horizontal:train:c8d9680c:hidden,train,c8d9680c,horizontal,hidden,data/raw/train/c8d9680c__horizontal_well.csv,3859,3859,117,11357.46,11421.05,90.86131957138001,12.468744441343569
horizontal:train:c8d9680c:full,train,c8d9680c,horizontal,full,data/raw/train/c8d9680c__horizontal_well.csv,4990,4990,666,10862.15,11421.05,89.50915780705509,15.707208638902642
horizontal:train:c908edd0:prefix,train,c908edd0,horizontal,prefix,data/raw/train/c908edd0__horizontal_well.csv,1393,1393,644,10837.06,11358.8,89.23106716759091,18.986271320204427
horizontal:train:c908edd0:hidden,train,c908edd0,horizontal,hidden,data/raw/train/c908edd0__horizontal_well.csv,5037,5037,65,11329.06,11360.84,90.97310151475004,11.99193699318986
horizontal:train:c908edd0:full,train,c908edd0,horizontal,full,data/raw/train/c908edd0__horizontal_well.csv,6430,6430,649,10837.06,11360.84,90.59570589335148,13.829733678256519
horizontal:train:c9578d27:prefix,train,c9578d27,horizontal,prefix,data/raw/train/c9578d27__horizontal_well.csv,1192,1192,599,10557.92,11221.820000000002,81.56454283218218,17.419943182713318
horizontal:train:c9578d27:hidden,train,c9578d27,horizontal,hidden,data/raw/train/c9578d27__horizontal_well.csv,1911,1911,72,11210.81,11246.39,79.95209996245539,10.305731782787015
horizontal:train:c9578d27:full,train,c9578d27,horizontal,full,data/raw/train/c9578d27__horizontal_well.csv,3103,3103,648,10557.92,11246.39,80.57151082314321,13.512744512578005
horizontal:train:c96c018a:prefix,train,c96c018a,horizontal,prefix,data/raw/train/c96c018a__horizontal_well.csv,1338,1338,739,10746.65,11350.5,83.10390129979135,21.72103985613202
horizontal:train:c96c018a:hidden,train,c96c018a,horizontal,hidden,data/raw/train/c96c018a__horizontal_well.csv,5771,5771,49,11345.39,11369.58,97.18934176917408,14.99100027614419
horizontal:train:c96c018a:full,train,c96c018a,horizontal,full,data/raw/train/c96c018a__horizontal_well.csv,7109,7109,777,10746.65,11369.58,94.5382910801835,17.365064399460167
horizontal:train:c99f9fae:prefix,train,c99f9fae,horizontal,prefix,data/raw/train/c99f9fae__horizontal_well.csv,1963,1963,1163,11194.76,12192.5,80.76914445253398,20.16905914463208
horizontal:train:c99f9fae:hidden,train,c99f9fae,horizontal,hidden,data/raw/train/c99f9fae__horizontal_well.csv,6118,6118,55,12162.54,12189.61,89.66680904632625,11.556594491663175
horizontal:train:c99f9fae:full,train,c99f9fae,horizontal,full,data/raw/train/c99f9fae__horizontal_well.csv,8081,8081,1163,11194.76,12192.5,87.5054285739077,14.645402713328712
horizontal:train:c9e6734f:prefix,train,c9e6734f,horizontal,prefix,data/raw/train/c9e6734f__horizontal_well.csv,1588,1588,777,10582.71,11217.990000000002,78.07756694491461,16.618486622252544
horizontal:train:c9e6734f:hidden,train,c9e6734f,horizontal,hidden,data/raw/train/c9e6734f__horizontal_well.csv,4487,4487,66,11184.42,11216.84,79.31445901119251,12.791059438124348
horizontal:train:c9e6734f:full,train,c9e6734f,horizontal,full,data/raw/train/c9e6734f__horizontal_well.csv,6075,6075,777,10582.71,11217.990000000002,78.99113644308562,13.904331252267642
horizontal:train:c9e980e8:prefix,train,c9e980e8,horizontal,prefix,data/raw/train/c9e980e8__horizontal_well.csv,1595,1595,890,10432.08,11398.9,88.5384678272175,24.097235361170522
horizontal:train:c9e980e8:hidden,train,c9e980e8,horizontal,hidden,data/raw/train/c9e980e8__horizontal_well.csv,3710,3710,32,11378.29,11394.03,98.96438004299769,9.200036354815273
horizontal:train:c9e980e8:full,train,c9e980e8,horizontal,full,data/raw/train/c9e980e8__horizontal_well.csv,5305,5305,890,10432.08,11398.9,95.82972783109017,16.01981024935935
horizontal:train:c9fedcf3:prefix,train,c9fedcf3,horizontal,prefix,data/raw/train/c9fedcf3__horizontal_well.csv,1610,1610,863,11380.570000000002,12122.05,87.98039942057547,21.48964982413869
horizontal:train:c9fedcf3:hidden,train,c9fedcf3,horizontal,hidden,data/raw/train/c9fedcf3__horizontal_well.csv,3304,3304,32,12122.06,12137.43,83.25321770571743,8.038215455566622
horizontal:train:c9fedcf3:full,train,c9fedcf3,horizontal,full,data/raw/train/c9fedcf3__horizontal_well.csv,4914,4914,894,11380.570000000002,12137.43,84.80200943565667,14.130454676470427
horizontal:train:cad13e8f:prefix,train,cad13e8f,horizontal,prefix,data/raw/train/cad13e8f__horizontal_well.csv,1962,1962,1168,11700.96,12756.78,85.56532420313373,30.09108474080482
horizontal:train:cad13e8f:hidden,train,cad13e8f,horizontal,hidden,data/raw/train/cad13e8f__horizontal_well.csv,4616,4616,50,12728.46,12752.990000000002,65.28124679743551,6.881496909327116
horizontal:train:cad13e8f:full,train,cad13e8f,horizontal,full,data/raw/train/cad13e8f__horizontal_well.csv,6578,6578,1171,11700.96,12756.78,71.33131670773955,19.7337298256413
horizontal:train:cb34231f:prefix,train,cb34231f,horizontal,prefix,data/raw/train/cb34231f__horizontal_well.csv,1838,1838,1074,11816.92,12763.84,101.23946282280171,29.72177529106672
horizontal:train:cb34231f:hidden,train,cb34231f,horizontal,hidden,data/raw/train/cb34231f__horizontal_well.csv,5008,5008,37,12747.61,12765.5,87.20306157202126,16.408685077367846
horizontal:train:cb34231f:full,train,cb34231f,horizontal,full,data/raw/train/cb34231f__horizontal_well.csv,6846,6846,1078,11816.92,12765.5,90.9715257115092,21.744472151665693
horizontal:train:cb879f40:prefix,train,cb879f40,horizontal,prefix,data/raw/train/cb879f40__horizontal_well.csv,1200,1200,687,10250.77,10832.34,78.40896360707166,25.772063086097692
horizontal:train:cb879f40:hidden,train,cb879f40,horizontal,hidden,data/raw/train/cb879f40__horizontal_well.csv,3912,3912,58,10815.15,10843.27,69.87301502381645,9.980741263269172
horizontal:train:cb879f40:full,train,cb879f40,horizontal,full,data/raw/train/cb879f40__horizontal_well.csv,5112,5112,709,10250.77,10843.27,71.87675882270264,15.659997626980456
horizontal:train:cbb406b5:prefix,train,cbb406b5,horizontal,prefix,data/raw/train/cbb406b5__horizontal_well.csv,1068,1068,675,10538.64,11416.54,89.27719414235946,22.8000771151634
horizontal:train:cbb406b5:hidden,train,cbb406b5,horizontal,hidden,data/raw/train/cbb406b5__horizontal_well.csv,3095,3095,63,11393.2,11424.14,88.9610530742821,10.979487848862142
horizontal:train:cbb406b5:full,train,cbb406b5,horizontal,full,data/raw/train/cbb406b5__horizontal_well.csv,4163,4163,690,10538.64,11424.14,89.04215772494425,14.933368404534834
horizontal:train:cbe51de1:prefix,train,cbe51de1,horizontal,prefix,data/raw/train/cbe51de1__horizontal_well.csv,1223,1223,593,11584.12,12192.21,74.48417138366337,18.33141635652302
horizontal:train:cbe51de1:hidden,train,cbe51de1,horizontal,hidden,data/raw/train/cbe51de1__horizontal_well.csv,3779,3779,62,12190.21,12220.3,78.93437351066446,13.310549459143774
horizontal:train:cbe51de1:full,train,cbe51de1,horizontal,full,data/raw/train/cbe51de1__horizontal_well.csv,5002,5002,650,11584.12,12220.3,77.84628930408262,14.82137250151282
horizontal:train:cbe62450:prefix,train,cbe62450,horizontal,prefix,data/raw/train/cbe62450__horizontal_well.csv,1416,1416,766,10234.65,10830.76,74.05936421063775,23.720578889440368
horizontal:train:cbe62450:hidden,train,cbe62450,horizontal,hidden,data/raw/train/cbe62450__horizontal_well.csv,3878,3878,82,10806.23,10846.740000000002,69.09557755385335,10.615814953648051
horizontal:train:cbe62450:full,train,cbe62450,horizontal,full,data/raw/train/cbe62450__horizontal_well.csv,5294,5294,799,10234.65,10846.740000000002,70.42325452892072,15.4232890972401
horizontal:train:cc08aa63:prefix,train,cc08aa63,horizontal,prefix,data/raw/train/cc08aa63__horizontal_well.csv,1253,1253,760,10484.26,11193.17,119.70859562621335,31.595986062387002
horizontal:train:cc08aa63:hidden,train,cc08aa63,horizontal,hidden,data/raw/train/cc08aa63__horizontal_well.csv,1727,1727,44,11193.26,11214.86,123.26955194611685,13.6683126251222
horizontal:train:cc08aa63:full,train,cc08aa63,horizontal,full,data/raw/train/cc08aa63__horizontal_well.csv,2980,2980,804,10484.26,11214.86,121.77227735925813,23.04597577715808
horizontal:train:cc8a1d57:prefix,train,cc8a1d57,horizontal,prefix,data/raw/train/cc8a1d57__horizontal_well.csv,1521,1521,761,11379.22,12061.64,91.22666637423194,24.712208263726254
horizontal:train:cc8a1d57:hidden,train,cc8a1d57,horizontal,hidden,data/raw/train/cc8a1d57__horizontal_well.csv,5482,5482,79,12015.89,12054.76,83.03163271688477,16.989556203884902
horizontal:train:cc8a1d57:full,train,cc8a1d57,horizontal,full,data/raw/train/cc8a1d57__horizontal_well.csv,7003,7003,763,11379.22,12061.64,84.81153364403386,19.235639333037245
horizontal:train:ccedb12b:prefix,train,ccedb12b,horizontal,prefix,data/raw/train/ccedb12b__horizontal_well.csv,1295,1295,846,11862.27,12670.12,91.30166163155621,25.431771064723893
horizontal:train:ccedb12b:hidden,train,ccedb12b,horizontal,hidden,data/raw/train/ccedb12b__horizontal_well.csv,2396,2396,72,12652.76,12688.53,92.5872396704913,12.603735893452924
horizontal:train:ccedb12b:full,train,ccedb12b,horizontal,full,data/raw/train/ccedb12b__horizontal_well.csv,3691,3691,885,11862.27,12688.53,92.13619020952653,18.17743833492928
horizontal:train:cd7f1687:prefix,train,cd7f1687,horizontal,prefix,data/raw/train/cd7f1687__horizontal_well.csv,900,900,662,10623.62,11451.69,83.5085948085151,22.432339290912804
horizontal:train:cd7f1687:hidden,train,cd7f1687,horizontal,hidden,data/raw/train/cd7f1687__horizontal_well.csv,1269,1269,39,11432.69,11451.5,83.35004993232704,12.484647286237353
horizontal:train:cd7f1687:full,train,cd7f1687,horizontal,full,data/raw/train/cd7f1687__horizontal_well.csv,2169,2169,662,10623.62,11451.69,83.41583618800674,17.32046257817239
horizontal:train:cda7eb37:prefix,train,cda7eb37,horizontal,prefix,data/raw/train/cda7eb37__horizontal_well.csv,1528,1528,771,11383.06,12064.37,89.76501077923716,22.898286535347626
horizontal:train:cda7eb37:hidden,train,cda7eb37,horizontal,hidden,data/raw/train/cda7eb37__horizontal_well.csv,4936,4936,65,12049.01,12080.92,87.80160091470994,16.46096715035904
horizontal:train:cda7eb37:full,train,cda7eb37,horizontal,full,data/raw/train/cda7eb37__horizontal_well.csv,6464,6464,804,11383.06,12080.92,88.2657237911019,18.2085693173484
horizontal:train:cdc31d65:prefix,train,cdc31d65,horizontal,prefix,data/raw/train/cdc31d65__horizontal_well.csv,998,998,692,11488.1,12090.43,77.09316617942294,30.94089674644868
horizontal:train:cdc31d65:hidden,train,cdc31d65,horizontal,hidden,data/raw/train/cdc31d65__horizontal_well.csv,2665,2665,55,12080.45,12107.47,45.49455739844271,10.459174645756931
horizontal:train:cdc31d65:full,train,cdc31d65,horizontal,full,data/raw/train/cdc31d65__horizontal_well.csv,3663,3663,726,11488.1,12107.47,54.10373336443187,23.20216754181398
horizontal:train:cdc60a53:prefix,train,cdc60a53,horizontal,prefix,data/raw/train/cdc60a53__horizontal_well.csv,911,911,588,10672.09,11208.47,80.20780330383369,18.218777371109
horizontal:train:cdc60a53:hidden,train,cdc60a53,horizontal,hidden,data/raw/train/cdc60a53__horizontal_well.csv,2628,2628,63,11188.240000000002,11218.92,83.77796208094443,13.679813278792116
horizontal:train:cdc60a53:full,train,cdc60a53,horizontal,full,data/raw/train/cdc60a53__horizontal_well.csv,3539,3539,609,10672.09,11218.92,82.85894127112586,15.061351672353053
horizontal:train:ce55ba43:prefix,train,ce55ba43,horizontal,prefix,data/raw/train/ce55ba43__horizontal_well.csv,591,591,395,10963.73,11445.29,79.69495279724886,20.590412376409084
horizontal:train:ce55ba43:hidden,train,ce55ba43,horizontal,hidden,data/raw/train/ce55ba43__horizontal_well.csv,1473,1473,53,11432.65,11458.36,85.82974544161328,14.70214465433634
horizontal:train:ce55ba43:full,train,ce55ba43,horizontal,full,data/raw/train/ce55ba43__horizontal_well.csv,2064,2064,421,10963.73,11458.36,84.07312603617754,16.832948542463026
horizontal:train:ce8399b7:prefix,train,ce8399b7,horizontal,prefix,data/raw/train/ce8399b7__horizontal_well.csv,1784,1784,1045,10237.27,11204.39,95.2801861683287,24.137028555740233
horizontal:train:ce8399b7:hidden,train,ce8399b7,horizontal,hidden,data/raw/train/ce8399b7__horizontal_well.csv,1555,1555,17,11179.04,11187.13,103.90412385247319,19.32971509685881
horizontal:train:ce8399b7:full,train,ce8399b7,horizontal,full,data/raw/train/ce8399b7__horizontal_well.csv,3339,3339,1045,10237.27,11204.39,99.29642549113335,22.445226014506467
horizontal:train:cf50c9d1:prefix,train,cf50c9d1,horizontal,prefix,data/raw/train/cf50c9d1__horizontal_well.csv,1424,1424,707,10651.92,11227.05,81.84725827506996,19.042930624439148
horizontal:train:cf50c9d1:hidden,train,cf50c9d1,horizontal,hidden,data/raw/train/cf50c9d1__horizontal_well.csv,4075,4075,90,11179.35,11223.77,85.07663000018711,17.88157210553037
horizontal:train:cf50c9d1:full,train,cf50c9d1,horizontal,full,data/raw/train/cf50c9d1__horizontal_well.csv,5499,5499,707,10651.92,11227.05,84.24036425431208,18.24435813795655
horizontal:train:d00e7eb9:prefix,train,d00e7eb9,horizontal,prefix,data/raw/train/d00e7eb9__horizontal_well.csv,961,961,688,10170.78,10932.16,91.38503922109004,19.684901194974028
horizontal:train:d00e7eb9:hidden,train,d00e7eb9,horizontal,hidden,data/raw/train/d00e7eb9__horizontal_well.csv,2927,2927,34,10917.83,10934.39,95.71653828747054,11.994482331899086
horizontal:train:d00e7eb9:full,train,d00e7eb9,horizontal,full,data/raw/train/d00e7eb9__horizontal_well.csv,3888,3888,693,10170.78,10934.39,94.64591827646446,14.407512795779704
horizontal:train:d011f41b:prefix,train,d011f41b,horizontal,prefix,data/raw/train/d011f41b__horizontal_well.csv,1565,1565,786,10572.9,11169.75,106.70042138761177,24.394281468503166
horizontal:train:d011f41b:hidden,train,d011f41b,horizontal,hidden,data/raw/train/d011f41b__horizontal_well.csv,2165,2165,45,11149.070000000002,11170.97,108.41291272523904,12.706198863534581
horizontal:train:d011f41b:full,train,d011f41b,horizontal,full,data/raw/train/d011f41b__horizontal_well.csv,3730,3730,789,10572.9,11170.97,107.69440094417023,18.54997918274601
horizontal:train:d07aed8f:prefix,train,d07aed8f,horizontal,prefix,data/raw/train/d07aed8f__horizontal_well.csv,1340,1340,778,11749.240000000002,12375.27,71.89194311932044,30.75085597545307
horizontal:train:d07aed8f:hidden,train,d07aed8f,horizontal,hidden,data/raw/train/d07aed8f__horizontal_well.csv,1980,1980,20,12375.31,12384.86,40.129579568272874,5.265391674960409
horizontal:train:d07aed8f:full,train,d07aed8f,horizontal,full,data/raw/train/d07aed8f__horizontal_well.csv,3320,3320,797,11749.240000000002,12384.86,52.94932871237039,25.3187264565547
horizontal:train:d085e611:prefix,train,d085e611,horizontal,prefix,data/raw/train/d085e611__horizontal_well.csv,941,941,559,10221.13,10922.04,88.24228176167942,24.170495113323476
horizontal:train:d085e611:hidden,train,d085e611,horizontal,hidden,data/raw/train/d085e611__horizontal_well.csv,3212,3212,74,10899.08,10935.52,87.35797793091832,11.46201804070431
horizontal:train:d085e611:full,train,d085e611,horizontal,full,data/raw/train/d085e611__horizontal_well.csv,4153,4153,589,10221.13,10935.52,87.55834631636168,15.300970276964645
horizontal:train:d0a0e7b5:prefix,train,d0a0e7b5,horizontal,prefix,data/raw/train/d0a0e7b5__horizontal_well.csv,1416,1416,675,10374.96,10910.39,77.46559242836678,19.101340026233224
horizontal:train:d0a0e7b5:hidden,train,d0a0e7b5,horizontal,hidden,data/raw/train/d0a0e7b5__horizontal_well.csv,3285,3285,37,10902.62,10920.61,81.91654458845903,10.468505260757814
horizontal:train:d0a0e7b5:full,train,d0a0e7b5,horizontal,full,data/raw/train/d0a0e7b5__horizontal_well.csv,4701,4701,695,10374.96,10920.61,80.57586212543187,13.807624045826302
horizontal:train:d0a43760:prefix,train,d0a43760,horizontal,prefix,data/raw/train/d0a43760__horizontal_well.csv,1431,1431,742,10625.23,11187.81,76.86922713364224,17.70842579199165
horizontal:train:d0a43760:hidden,train,d0a43760,horizontal,hidden,data/raw/train/d0a43760__horizontal_well.csv,3990,3990,23,11177.43,11188.320000000002,90.9528733073196,16.981668475049315
horizontal:train:d0a43760:full,train,d0a43760,horizontal,full,data/raw/train/d0a43760__horizontal_well.csv,5421,5421,743,10625.23,11188.320000000002,87.2351648264983,18.26389079163126
horizontal:train:d0cb63ae:prefix,train,d0cb63ae,horizontal,prefix,data/raw/train/d0cb63ae__horizontal_well.csv,1255,1255,809,10251.88,11044.66,112.71560645144689,32.94801279097799
horizontal:train:d0cb63ae:hidden,train,d0cb63ae,horizontal,hidden,data/raw/train/d0cb63ae__horizontal_well.csv,3324,3324,85,11007.81,11050.01,113.2951750981381,18.846891296807307
horizontal:train:d0cb63ae:full,train,d0cb63ae,horizontal,full,data/raw/train/d0cb63ae__horizontal_well.csv,4579,4579,821,10251.88,11050.01,113.1363284828078,23.567964581582558
horizontal:train:d114d9c2:prefix,train,d114d9c2,horizontal,prefix,data/raw/train/d114d9c2__horizontal_well.csv,891,891,414,10480.17,10965.9,96.35263278931177,20.93608744395131
horizontal:train:d114d9c2:hidden,train,d114d9c2,horizontal,hidden,data/raw/train/d114d9c2__horizontal_well.csv,3310,3310,48,10949.86,10973.67,109.1235194734776,19.959433966268776
horizontal:train:d114d9c2:full,train,d114d9c2,horizontal,full,data/raw/train/d114d9c2__horizontal_well.csv,4201,4201,430,10480.17,10973.67,106.41491199059455,20.835184125888595
horizontal:train:d1457cc5:prefix,train,d1457cc5,horizontal,prefix,data/raw/train/d1457cc5__horizontal_well.csv,1022,1022,728,9765.92,10708.9,69.25031635204446,18.185513288348943
horizontal:train:d1457cc5:hidden,train,d1457cc5,horizontal,hidden,data/raw/train/d1457cc5__horizontal_well.csv,4928,4928,53,10691.03,10717.3,83.64759691657726,13.617888003838054
horizontal:train:d1457cc5:full,train,d1457cc5,horizontal,full,data/raw/train/d1457cc5__horizontal_well.csv,5950,5950,744,9765.92,10717.3,81.17465225490457,15.48827529709766
horizontal:train:d1ecf309:prefix,train,d1ecf309,horizontal,prefix,data/raw/train/d1ecf309__horizontal_well.csv,1217,1217,899,10126.34,11042.52,123.6667685855043,33.53240695594513
horizontal:train:d1ecf309:hidden,train,d1ecf309,horizontal,hidden,data/raw/train/d1ecf309__horizontal_well.csv,2863,2863,54,11032.43,11058.88,113.49800555904238,19.42726963563832
horizontal:train:d1ecf309:full,train,d1ecf309,horizontal,full,data/raw/train/d1ecf309__horizontal_well.csv,4080,4080,932,10126.34,11058.88,116.5311880598277,24.93755707838663
horizontal:train:d1ee630d:prefix,train,d1ee630d,horizontal,prefix,data/raw/train/d1ee630d__horizontal_well.csv,1075,1075,658,10724.85,11345.820000000002,87.7993354014462,27.96978145823561
horizontal:train:d1ee630d:hidden,train,d1ee630d,horizontal,hidden,data/raw/train/d1ee630d__horizontal_well.csv,3603,3603,39,11345.86,11365.06,96.33494355059112,11.527516567364119
horizontal:train:d1ee630d:full,train,d1ee630d,horizontal,full,data/raw/train/d1ee630d__horizontal_well.csv,4678,4678,696,10724.85,11365.06,94.37346882627928,17.17602682052659
horizontal:train:d217e0c5:prefix,train,d217e0c5,horizontal,prefix,data/raw/train/d217e0c5__horizontal_well.csv,1633,1633,956,10615.3,11442.47,87.444433117822,24.983121262829258
horizontal:train:d217e0c5:hidden,train,d217e0c5,horizontal,hidden,data/raw/train/d217e0c5__horizontal_well.csv,3331,3331,37,11424.240000000002,11442.16,88.00429598951996,13.281350035776901
horizontal:train:d217e0c5:full,train,d217e0c5,horizontal,full,data/raw/train/d217e0c5__horizontal_well.csv,4964,4964,956,10615.3,11442.47,87.8201186991326,17.993418446753786
horizontal:train:d24ff243:prefix,train,d24ff243,horizontal,prefix,data/raw/train/d24ff243__horizontal_well.csv,1261,1261,758,10601.13,11210.08,78.31872122012571,17.86626440290302
horizontal:train:d24ff243:hidden,train,d24ff243,horizontal,hidden,data/raw/train/d24ff243__horizontal_well.csv,4154,4154,33,11200.47,11216.5,90.72557825738221,12.969856529274821
horizontal:train:d24ff243:full,train,d24ff243,horizontal,full,data/raw/train/d24ff243__horizontal_well.csv,5415,5415,771,10601.13,11216.5,87.83637295286134,15.19460562523984
horizontal:train:d273674e:prefix,train,d273674e,horizontal,prefix,data/raw/train/d273674e__horizontal_well.csv,1510,1510,960,10893.77,11955.27,77.56354486720589,25.130595377355352
horizontal:train:d273674e:hidden,train,d273674e,horizontal,hidden,data/raw/train/d273674e__horizontal_well.csv,3093,3093,39,11947.08,11965.76,66.24584782760704,8.239581479553708
horizontal:train:d273674e:full,train,d273674e,horizontal,full,data/raw/train/d273674e__horizontal_well.csv,4603,4603,981,10893.77,11965.76,69.95858354991732,16.763996310454264
horizontal:train:d2f3b1ab:prefix,train,d2f3b1ab,horizontal,prefix,data/raw/train/d2f3b1ab__horizontal_well.csv,1217,1217,729,10630.570000000002,11157.09,78.81385885337141,17.152115672280825
horizontal:train:d2f3b1ab:hidden,train,d2f3b1ab,horizontal,hidden,data/raw/train/d2f3b1ab__horizontal_well.csv,4248,4248,97,11141.2,11189.02,82.79340818187262,11.6954397836515
horizontal:train:d2f3b1ab:full,train,d2f3b1ab,horizontal,full,data/raw/train/d2f3b1ab__horizontal_well.csv,5465,5465,793,10630.570000000002,11189.02,81.90720296086879,13.212821418988675
horizontal:train:d3df146b:prefix,train,d3df146b,horizontal,prefix,data/raw/train/d3df146b__horizontal_well.csv,1152,1152,619,11598.14,12209.54,82.78476714035573,23.115062021572328
horizontal:train:d3df146b:hidden,train,d3df146b,horizontal,hidden,data/raw/train/d3df146b__horizontal_well.csv,4084,4084,56,12207.53,12235.18,89.86574099580494,10.833647172455805
horizontal:train:d3df146b:full,train,d3df146b,horizontal,full,data/raw/train/d3df146b__horizontal_well.csv,5236,5236,670,11598.14,12235.18,88.30781855854796,14.754835376238582
horizontal:train:d40f61d5:prefix,train,d40f61d5,horizontal,prefix,data/raw/train/d40f61d5__horizontal_well.csv,1555,1555,838,10423.13,11205.09,81.83787245262518,20.790948030108204
horizontal:train:d40f61d5:hidden,train,d40f61d5,horizontal,hidden,data/raw/train/d40f61d5__horizontal_well.csv,3416,3416,35,11191.820000000002,11209.09,80.68847216643857,14.900399143025789
horizontal:train:d40f61d5:full,train,d40f61d5,horizontal,full,data/raw/train/d40f61d5__horizontal_well.csv,4971,4971,846,10423.13,11209.09,81.04802103890289,16.97269797434993
horizontal:train:d41beaf2:prefix,train,d41beaf2,horizontal,prefix,data/raw/train/d41beaf2__horizontal_well.csv,1419,1419,774,10582.62,11226.02,78.2337777975998,20.042161445412187
horizontal:train:d41beaf2:hidden,train,d41beaf2,horizontal,hidden,data/raw/train/d41beaf2__horizontal_well.csv,3397,3397,67,11196.54,11229.27,74.76844026830629,10.141074292162433
horizontal:train:d41beaf2:full,train,d41beaf2,horizontal,full,data/raw/train/d41beaf2__horizontal_well.csv,4816,4816,782,10582.62,11229.27,75.7894772189017,13.90648043304945
horizontal:train:d463e527:prefix,train,d463e527,horizontal,prefix,data/raw/train/d463e527__horizontal_well.csv,2142,2142,1320,11083.05,12217.79,74.31330929843634,18.45368886749717
horizontal:train:d463e527:hidden,train,d463e527,horizontal,hidden,data/raw/train/d463e527__horizontal_well.csv,4493,4493,64,12198.42,12230.01,84.92623240821885,15.912226031320063
horizontal:train:d463e527:full,train,d463e527,horizontal,full,data/raw/train/d463e527__horizontal_well.csv,6635,6635,1344,11083.05,12230.01,81.5000257313305,17.49337843626239
horizontal:train:d4f60a28:prefix,train,d4f60a28,horizontal,prefix,data/raw/train/d4f60a28__horizontal_well.csv,1297,1297,820,11699.62,12549.63,69.9337089435879,27.333869396491025
horizontal:train:d4f60a28:hidden,train,d4f60a28,horizontal,hidden,data/raw/train/d4f60a28__horizontal_well.csv,2821,2821,39,12533.19,12551.97,42.74049808538764,8.760181300659731
horizontal:train:d4f60a28:full,train,d4f60a28,horizontal,full,data/raw/train/d4f60a28__horizontal_well.csv,4118,4118,825,11699.62,12551.97,51.30523691080915,21.152706329633407
horizontal:train:d50c649a:prefix,train,d50c649a,horizontal,prefix,data/raw/train/d50c649a__horizontal_well.csv,1328,1328,743,11305.86,11924.73,96.4426891814594,28.11995958612007
horizontal:train:d50c649a:hidden,train,d50c649a,horizontal,hidden,data/raw/train/d50c649a__horizontal_well.csv,3256,3256,38,11910.64,11929.13,105.57511861207873,14.469160336777245
horizontal:train:d50c649a:full,train,d50c649a,horizontal,full,data/raw/train/d50c649a__horizontal_well.csv,4584,4584,752,11305.86,11929.13,102.9294235239761,19.873221675735437
horizontal:train:d543916f:prefix,train,d543916f,horizontal,prefix,data/raw/train/d543916f__horizontal_well.csv,919,919,556,10321.18,10879.21,81.99619802914674,23.705653159010335
horizontal:train:d543916f:hidden,train,d543916f,horizontal,hidden,data/raw/train/d543916f__horizontal_well.csv,2294,2294,51,10870.83,10898.52,95.59159953462007,12.112889052037552
horizontal:train:d543916f:full,train,d543916f,horizontal,full,data/raw/train/d543916f__horizontal_well.csv,3213,3213,593,10321.18,10898.52,91.70296773146724,17.413678598477514
horizontal:train:d5df0ff5:prefix,train,d5df0ff5,horizontal,prefix,data/raw/train/d5df0ff5__horizontal_well.csv,1440,1440,656,11630.3,12063.98,71.37919470812626,13.475611774935222
horizontal:train:d5df0ff5:hidden,train,d5df0ff5,horizontal,hidden,data/raw/train/d5df0ff5__horizontal_well.csv,3890,3890,51,12034.16,12058.94,75.88939625632648,6.7031057228055495
horizontal:train:d5df0ff5:full,train,d5df0ff5,horizontal,full,data/raw/train/d5df0ff5__horizontal_well.csv,5330,5330,656,11630.3,12063.98,74.67088026581834,9.266283236570704
horizontal:train:d60430e6:prefix,train,d60430e6,horizontal,prefix,data/raw/train/d60430e6__horizontal_well.csv,1275,1275,754,10516.27,11216.25,86.85369984422934,24.91858005238907
horizontal:train:d60430e6:hidden,train,d60430e6,horizontal,hidden,data/raw/train/d60430e6__horizontal_well.csv,1493,1493,40,11189.5,11208.89,87.92176183002796,14.335261052262611
horizontal:train:d60430e6:full,train,d60430e6,horizontal,full,data/raw/train/d60430e6__horizontal_well.csv,2768,2768,756,10516.27,11216.25,87.4297896364249,19.928416908882653
horizontal:train:d63196fe:prefix,train,d63196fe,horizontal,prefix,data/raw/train/d63196fe__horizontal_well.csv,1225,1225,723,11455.92,12062.29,90.17594040218489,21.65553272219846
horizontal:train:d63196fe:hidden,train,d63196fe,horizontal,hidden,data/raw/train/d63196fe__horizontal_well.csv,3695,3695,66,12025.54,12058.13,89.48044445213964,12.431589265532494
horizontal:train:d63196fe:full,train,d63196fe,horizontal,full,data/raw/train/d63196fe__horizontal_well.csv,4920,4920,725,11455.92,12062.29,89.65361163482366,15.261708723249058
horizontal:train:d6c320d9:prefix,train,d6c320d9,horizontal,prefix,data/raw/train/d6c320d9__horizontal_well.csv,1443,1443,666,10626.13,11169.79,78.80657036537245,14.558524067457737
horizontal:train:d6c320d9:hidden,train,d6c320d9,horizontal,hidden,data/raw/train/d6c320d9__horizontal_well.csv,5251,5251,39,11165.42,11185.34,80.94857377759244,10.290312079818744
horizontal:train:d6c320d9:full,train,d6c320d9,horizontal,full,data/raw/train/d6c320d9__horizontal_well.csv,6694,6694,697,10626.13,11185.34,80.48683028732752,11.38109583109763
horizontal:train:d6dd7330:prefix,train,d6dd7330,horizontal,prefix,data/raw/train/d6dd7330__horizontal_well.csv,1407,1407,697,11380.05,11955.12,67.74380579073042,18.671553296163438
horizontal:train:d6dd7330:hidden,train,d6dd7330,horizontal,hidden,data/raw/train/d6dd7330__horizontal_well.csv,5770,5770,75,11932.88,11969.83,62.866419252170175,7.3441088488779975
horizontal:train:d6dd7330:full,train,d6dd7330,horizontal,full,data/raw/train/d6dd7330__horizontal_well.csv,7177,7177,728,11380.05,11969.83,63.82259632612227,10.745109663036875
horizontal:train:d7ba4f9d:prefix,train,d7ba4f9d,horizontal,prefix,data/raw/train/d7ba4f9d__horizontal_well.csv,1283,1283,669,12008.08,12607.65,74.58527573279916,20.01809491366711
horizontal:train:d7ba4f9d:hidden,train,d7ba4f9d,horizontal,hidden,data/raw/train/d7ba4f9d__horizontal_well.csv,4053,4053,31,12597.29,12612.52,63.79932382512057,8.785776371152595
horizontal:train:d7ba4f9d:full,train,d7ba4f9d,horizontal,full,data/raw/train/d7ba4f9d__horizontal_well.csv,5336,5336,679,12008.08,12612.52,66.3927226814833,13.275079597785302
horizontal:train:d7eb0be8:prefix,train,d7eb0be8,horizontal,prefix,data/raw/train/d7eb0be8__horizontal_well.csv,1731,1731,1003,11953.16,12730.83,83.78073745142979,24.930142520685823
horizontal:train:d7eb0be8:hidden,train,d7eb0be8,horizontal,hidden,data/raw/train/d7eb0be8__horizontal_well.csv,5141,5141,113,12727.41,12783.73,88.88449622480039,16.355304606978734
horizontal:train:d7eb0be8:full,train,d7eb0be8,horizontal,full,data/raw/train/d7eb0be8__horizontal_well.csv,6872,6872,1108,11953.16,12783.73,87.59890157452325,19.01521256326996
horizontal:train:d84b621b:prefix,train,d84b621b,horizontal,prefix,data/raw/train/d84b621b__horizontal_well.csv,1480,1480,856,10433.4,11230.64,85.17576508637978,19.867265132743857
horizontal:train:d84b621b:hidden,train,d84b621b,horizontal,hidden,data/raw/train/d84b621b__horizontal_well.csv,2713,2713,55,11178.4,11205.47,80.11342050050258,13.063559220973627
horizontal:train:d84b621b:full,train,d84b621b,horizontal,full,data/raw/train/d84b621b__horizontal_well.csv,4193,4193,859,10433.4,11230.64,81.90027239344279,15.987267972173935
horizontal:train:d90aa14c:prefix,train,d90aa14c,horizontal,prefix,data/raw/train/d90aa14c__horizontal_well.csv,1096,1096,627,10125.01,10937.12,91.01309206089483,19.616431145856545
horizontal:train:d90aa14c:hidden,train,d90aa14c,horizontal,hidden,data/raw/train/d90aa14c__horizontal_well.csv,6147,6147,98,10892.02,10940.84,85.92443049578661,11.584934153077944
horizontal:train:d90aa14c:full,train,d90aa14c,horizontal,full,data/raw/train/d90aa14c__horizontal_well.csv,7243,7243,639,10125.01,10940.84,86.69443920424425,13.245963979506543
horizontal:train:d924e971:prefix,train,d924e971,horizontal,prefix,data/raw/train/d924e971__horizontal_well.csv,1756,1756,1044,11269.8,12029.45,88.7557405512754,24.065114746874997
horizontal:train:d924e971:hidden,train,d924e971,horizontal,hidden,data/raw/train/d924e971__horizontal_well.csv,2978,2978,139,12029.51,12098.320000000002,88.83308355184403,20.095012127235222
horizontal:train:d924e971:full,train,d924e971,horizontal,full,data/raw/train/d924e971__horizontal_well.csv,4734,4734,1182,11269.8,12098.320000000002,88.80439442869266,21.652784735418077
horizontal:train:d9ae59b2:prefix,train,d9ae59b2,horizontal,prefix,data/raw/train/d9ae59b2__horizontal_well.csv,908,908,448,10384.73,11043.23,109.93091610492972,28.039263684972266
horizontal:train:d9ae59b2:hidden,train,d9ae59b2,horizontal,hidden,data/raw/train/d9ae59b2__horizontal_well.csv,2074,2074,27,11026.26,11039.68,118.73097863289415,15.942901707535695
horizontal:train:d9ae59b2:full,train,d9ae59b2,horizontal,full,data/raw/train/d9ae59b2__horizontal_well.csv,2982,2982,449,10384.73,11043.23,116.05141566327922,20.79842195488969
horizontal:train:d9d6d94d:prefix,train,d9d6d94d,horizontal,prefix,data/raw/train/d9d6d94d__horizontal_well.csv,1437,1437,686,12044.43,12635.8,74.75015355013971,23.158878850864394
horizontal:train:d9d6d94d:hidden,train,d9d6d94d,horizontal,hidden,data/raw/train/d9d6d94d__horizontal_well.csv,4120,4120,66,12608.83,12641.33,62.23007280212109,12.309187119093052
horizontal:train:d9d6d94d:full,train,d9d6d94d,horizontal,full,data/raw/train/d9d6d94d__horizontal_well.csv,5557,5557,698,12044.43,12641.33,65.46767511180308,16.765443748323975
horizontal:train:d9eca87b:prefix,train,d9eca87b,horizontal,prefix,data/raw/train/d9eca87b__horizontal_well.csv,810,810,512,10258.41,10985.69,111.13458484912594,20.10945428599884
horizontal:train:d9eca87b:hidden,train,d9eca87b,horizontal,hidden,data/raw/train/d9eca87b__horizontal_well.csv,2630,2630,166,10901.58,10984.59,111.39006724890652,17.442679307136487
horizontal:train:d9eca87b:full,train,d9eca87b,horizontal,full,data/raw/train/d9eca87b__horizontal_well.csv,3440,3440,549,10258.41,10985.69,111.32991005593495,18.106325304227735
horizontal:train:da2d4d7c:prefix,train,da2d4d7c,horizontal,prefix,data/raw/train/da2d4d7c__horizontal_well.csv,1254,1254,612,11814.72,12255.68,86.92031069608598,18.96563795503934
horizontal:train:da2d4d7c:hidden,train,da2d4d7c,horizontal,hidden,data/raw/train/da2d4d7c__horizontal_well.csv,1437,1437,24,12246.78,12258.75,87.74596218831962,14.321282134397277
horizontal:train:da2d4d7c:full,train,da2d4d7c,horizontal,full,data/raw/train/da2d4d7c__horizontal_well.csv,2691,2691,618,11814.72,12258.75,87.36121043385621,16.652636143335105
horizontal:train:da3bfe4e:prefix,train,da3bfe4e,horizontal,prefix,data/raw/train/da3bfe4e__horizontal_well.csv,974,974,518,10448.2,10999.81,113.22152316685852,23.614853111192716
horizontal:train:da3bfe4e:hidden,train,da3bfe4e,horizontal,hidden,data/raw/train/da3bfe4e__horizontal_well.csv,2305,2305,97,10948.23,10996.2,113.78877016407051,17.3030048010534
horizontal:train:da3bfe4e:full,train,da3bfe4e,horizontal,full,data/raw/train/da3bfe4e__horizontal_well.csv,3279,3279,532,10448.2,10999.81,113.6202741057343,19.395291839508168
horizontal:train:da3cf798:prefix,train,da3cf798,horizontal,prefix,data/raw/train/da3cf798__horizontal_well.csv,1027,1027,664,9982.37,10779.490000000002,82.71987756288935,18.124666274988485
horizontal:train:da3cf798:hidden,train,da3cf798,horizontal,hidden,data/raw/train/da3cf798__horizontal_well.csv,2820,2820,52,10779.6,10805.17,74.80875808320494,11.094142912196464
horizontal:train:da3cf798:full,train,da3cf798,horizontal,full,data/raw/train/da3cf798__horizontal_well.csv,3847,3847,715,9982.37,10805.17,76.9207205749221,13.79013171249935
horizontal:train:da940160:prefix,train,da940160,horizontal,prefix,data/raw/train/da940160__horizontal_well.csv,1287,1287,867,10510.13,11367.19,90.77304136195642,25.80922646862702
horizontal:train:da940160:hidden,train,da940160,horizontal,hidden,data/raw/train/da940160__horizontal_well.csv,3203,3203,41,11367.240000000002,11387.11,103.00373206260453,17.594982975407817
horizontal:train:da940160:full,train,da940160,horizontal,full,data/raw/train/da940160__horizontal_well.csv,4490,4490,907,10510.13,11387.11,99.49796392636085,21.032509301776305
horizontal:train:dafc88c3:prefix,train,dafc88c3,horizontal,prefix,data/raw/train/dafc88c3__horizontal_well.csv,1544,1544,643,10714.14,11198.76,82.02533383522925,14.573793997603735
horizontal:train:dafc88c3:hidden,train,dafc88c3,horizontal,hidden,data/raw/train/dafc88c3__horizontal_well.csv,5295,5295,42,11187.86,11208.6,83.37549183480903,10.687542975695344
horizontal:train:dafc88c3:full,train,dafc88c3,horizontal,full,data/raw/train/dafc88c3__horizontal_well.csv,6839,6839,662,10714.14,11208.6,83.07067476340224,11.692129521402714
horizontal:train:dbee6c86:prefix,train,dbee6c86,horizontal,prefix,data/raw/train/dbee6c86__horizontal_well.csv,1653,1653,982,11739.36,12592.01,81.22092254170471,15.78705586694699
horizontal:train:dbee6c86:hidden,train,dbee6c86,horizontal,hidden,data/raw/train/dbee6c86__horizontal_well.csv,6996,6996,38,12583.64,12602.23,77.20861556066103,8.341706878723082
horizontal:train:dbee6c86:full,train,dbee6c86,horizontal,full,data/raw/train/dbee6c86__horizontal_well.csv,8649,8649,1002,11739.36,12602.23,77.97544911825905,10.315377955244287
horizontal:train:dc5fbe29:prefix,train,dc5fbe29,horizontal,prefix,data/raw/train/dc5fbe29__horizontal_well.csv,1081,1081,865,11281.4,12049.02,96.94019687958237,28.13732181289788
horizontal:train:dc5fbe29:hidden,train,dc5fbe29,horizontal,hidden,data/raw/train/dc5fbe29__horizontal_well.csv,3285,3285,59,12024.12,12053.0,90.85339051430837,16.033433140255095
horizontal:train:dc5fbe29:full,train,dc5fbe29,horizontal,full,data/raw/train/dc5fbe29__horizontal_well.csv,4366,4366,874,11281.4,12053.0,92.36045365697014,19.908456485257478
horizontal:train:dc7da28f:prefix,train,dc7da28f,horizontal,prefix,data/raw/train/dc7da28f__horizontal_well.csv,1698,1698,988,10085.86,10955.19,89.72664656935382,22.79918990161646
horizontal:train:dc7da28f:hidden,train,dc7da28f,horizontal,hidden,data/raw/train/dc7da28f__horizontal_well.csv,4482,4482,54,10948.98,10975.41,84.71682447276382,12.342126744412738
horizontal:train:dc7da28f:full,train,dc7da28f,horizontal,full,data/raw/train/dc7da28f__horizontal_well.csv,6180,6180,1029,10085.86,10975.41,86.09330957308902,16.071582061211128
horizontal:train:dc7f9757:prefix,train,dc7f9757,horizontal,prefix,data/raw/train/dc7f9757__horizontal_well.csv,1125,1125,797,10210.05,11063.1,117.6000340539641,31.62622478477658
horizontal:train:dc7f9757:hidden,train,dc7f9757,horizontal,hidden,data/raw/train/dc7f9757__horizontal_well.csv,1746,1746,38,11035.06,11053.51,115.3489521678194,15.80728554044303
horizontal:train:dc7f9757:full,train,dc7f9757,horizontal,full,data/raw/train/dc7f9757__horizontal_well.csv,2871,2871,801,10210.05,11063.1,116.23103754640276,23.347404301273667
horizontal:train:dd168de0:prefix,train,dd168de0,horizontal,prefix,data/raw/train/dd168de0__horizontal_well.csv,1726,1726,942,10280.1,11018.59,79.24586281711385,18.96485776930261
horizontal:train:dd168de0:hidden,train,dd168de0,horizontal,hidden,data/raw/train/dd168de0__horizontal_well.csv,3024,3024,30,10996.8,11011.64,90.9090674477617,10.601890594858427
horizontal:train:dd168de0:full,train,dd168de0,horizontal,full,data/raw/train/dd168de0__horizontal_well.csv,4750,4750,942,10280.1,11018.59,86.67102719670946,15.2877988412357
horizontal:train:dd64382d:prefix,train,dd64382d,horizontal,prefix,data/raw/train/dd64382d__horizontal_well.csv,961,961,656,9994.59,10835.78,86.49973631983926,24.13712745299544
horizontal:train:dd64382d:hidden,train,dd64382d,horizontal,hidden,data/raw/train/dd64382d__horizontal_well.csv,1167,1167,32,10822.94,10838.59,84.69115639298165,9.158023731111243
horizontal:train:dd64382d:full,train,dd64382d,horizontal,full,data/raw/train/dd64382d__horizontal_well.csv,2128,2128,661,9994.59,10838.59,85.50790700844695,17.60413322770461
horizontal:train:dd6bc5b2:prefix,train,dd6bc5b2,horizontal,prefix,data/raw/train/dd6bc5b2__horizontal_well.csv,2053,2053,1261,10047.17,11152.320000000002,110.87769128500271,35.55245977251103
horizontal:train:dd6bc5b2:hidden,train,dd6bc5b2,horizontal,hidden,data/raw/train/dd6bc5b2__horizontal_well.csv,3173,3173,51,11140.62,11165.740000000002,110.22896195300154,26.977150892333725
horizontal:train:dd6bc5b2:full,train,dd6bc5b2,horizontal,full,data/raw/train/dd6bc5b2__horizontal_well.csv,5226,5226,1287,10047.17,11165.740000000002,110.48381103807588,30.635174800098888
horizontal:train:dd7d638e:prefix,train,dd7d638e,horizontal,prefix,data/raw/train/dd7d638e__horizontal_well.csv,1315,1315,788,10426.44,11195.66,131.00257068726114,40.70926890502242
horizontal:train:dd7d638e:hidden,train,dd7d638e,horizontal,hidden,data/raw/train/dd7d638e__horizontal_well.csv,2702,2702,47,11185.08,11207.78,115.37819929903152,18.948860406309233
horizontal:train:dd7d638e:full,train,dd7d638e,horizontal,full,data/raw/train/dd7d638e__horizontal_well.csv,4017,4017,813,10426.44,11207.78,120.49297360212387,28.944529728607243
horizontal:train:ddc790ff:prefix,train,ddc790ff,horizontal,prefix,data/raw/train/ddc790ff__horizontal_well.csv,1014,1014,652,10425.67,11314.96,82.9083141695349,24.0802202135828
horizontal:train:ddc790ff:hidden,train,ddc790ff,horizontal,hidden,data/raw/train/ddc790ff__horizontal_well.csv,2772,2772,32,11304.67,11319.83,72.78014537677065,9.97745262592289
horizontal:train:ddc790ff:full,train,ddc790ff,horizontal,full,data/raw/train/ddc790ff__horizontal_well.csv,3786,3786,662,10425.67,11319.83,75.49276110732083,15.757705861607201
horizontal:train:df71d1ff:prefix,train,df71d1ff,horizontal,prefix,data/raw/train/df71d1ff__horizontal_well.csv,1011,1011,590,10293.4,10958.95,107.40654105662429,17.74073362409012
horizontal:train:df71d1ff:hidden,train,df71d1ff,horizontal,hidden,data/raw/train/df71d1ff__horizontal_well.csv,2668,2668,78,10931.65,10970.05,113.52012756743711,19.008783084592366
horizontal:train:df71d1ff:full,train,df71d1ff,horizontal,full,data/raw/train/df71d1ff__horizontal_well.csv,3679,3679,612,10293.4,10970.05,111.84009604734149,18.867338800157935
horizontal:train:df73b8f3:prefix,train,df73b8f3,horizontal,prefix,data/raw/train/df73b8f3__horizontal_well.csv,819,819,544,11782.7,12561.22,89.14383926785773,21.501942123426566
horizontal:train:df73b8f3:hidden,train,df73b8f3,horizontal,hidden,data/raw/train/df73b8f3__horizontal_well.csv,1828,1828,92,12514.29,12559.81,82.05434360157105,16.139771280500934
horizontal:train:df73b8f3:full,train,df73b8f3,horizontal,full,data/raw/train/df73b8f3__horizontal_well.csv,2647,2647,570,11782.7,12561.22,84.24788230602468,18.26698589011498
horizontal:train:df8290be:prefix,train,df8290be,horizontal,prefix,data/raw/train/df8290be__horizontal_well.csv,839,839,566,10511.55,11228.14,82.73013420930411,18.135512624464678
horizontal:train:df8290be:hidden,train,df8290be,horizontal,hidden,data/raw/train/df8290be__horizontal_well.csv,1437,1437,78,11205.47,11244.16,78.42723277752363,13.11023443987938
horizontal:train:df8290be:full,train,df8290be,horizontal,full,data/raw/train/df8290be__horizontal_well.csv,2276,2276,599,10511.55,11244.16,80.0134077780789,15.299316219252363
horizontal:train:e0079ed1:prefix,train,e0079ed1,horizontal,prefix,data/raw/train/e0079ed1__horizontal_well.csv,1400,1400,713,10357.98,10958.18,90.2161321355799,22.59936598648521
horizontal:train:e0079ed1:hidden,train,e0079ed1,horizontal,hidden,data/raw/train/e0079ed1__horizontal_well.csv,2361,2361,43,10954.38,10975.36,94.54025272073214,10.92155426031902
horizontal:train:e0079ed1:full,train,e0079ed1,horizontal,full,data/raw/train/e0079ed1__horizontal_well.csv,3761,3761,748,10357.98,10975.36,92.93063591158213,16.41231046565517
horizontal:train:e03b45fd:prefix,train,e03b45fd,horizontal,prefix,data/raw/train/e03b45fd__horizontal_well.csv,1369,1369,871,12032.27,12806.3,85.89168459264808,17.440298891631222
horizontal:train:e03b45fd:hidden,train,e03b45fd,horizontal,hidden,data/raw/train/e03b45fd__horizontal_well.csv,2957,2957,150,12765.85,12841.61,81.48683342318667,17.057947433304076
horizontal:train:e03b45fd:full,train,e03b45fd,horizontal,full,data/raw/train/e03b45fd__horizontal_well.csv,4326,4326,941,12032.27,12841.61,82.8807865556399,17.301585318644804
horizontal:train:e0f36d98:prefix,train,e0f36d98,horizontal,prefix,data/raw/train/e0f36d98__horizontal_well.csv,1110,1110,660,10704.92,11358.16,74.47428802898943,26.50854748905125
horizontal:train:e0f36d98:hidden,train,e0f36d98,horizontal,hidden,data/raw/train/e0f36d98__horizontal_well.csv,2520,2520,58,11345.29,11374.5,64.86029047348431,8.962311977181097
horizontal:train:e0f36d98:full,train,e0f36d98,horizontal,full,data/raw/train/e0f36d98__horizontal_well.csv,3630,3630,695,10704.92,11374.5,67.80010790781233,17.036973587590413
horizontal:train:e149204f:prefix,train,e149204f,horizontal,prefix,data/raw/train/e149204f__horizontal_well.csv,871,871,471,10453.29,10965.53,110.25679348720945,22.14532216651406
horizontal:train:e149204f:hidden,train,e149204f,horizontal,hidden,data/raw/train/e149204f__horizontal_well.csv,2439,2439,34,10956.28,10973.08,109.6636621416166,17.277846757259194
horizontal:train:e149204f:full,train,e149204f,horizontal,full,data/raw/train/e149204f__horizontal_well.csv,3310,3310,486,10453.29,10973.08,109.81973990657471,18.683866398871547
horizontal:train:e14d641e:prefix,train,e14d641e,horizontal,prefix,data/raw/train/e14d641e__horizontal_well.csv,787,787,534,10448.39,11231.84,79.36116474696315,18.67546909160236
horizontal:train:e14d641e:hidden,train,e14d641e,horizontal,hidden,data/raw/train/e14d641e__horizontal_well.csv,1096,1096,40,11216.08,11235.72,77.28021269581257,9.550035283189015
horizontal:train:e14d641e:full,train,e14d641e,horizontal,full,data/raw/train/e14d641e__horizontal_well.csv,1883,1883,542,10448.39,11235.72,78.14994677135984,14.138882619297432
horizontal:train:e161bd0c:prefix,train,e161bd0c,horizontal,prefix,data/raw/train/e161bd0c__horizontal_well.csv,1222,1222,909,11337.61,12218.56,87.54114396340044,24.70342552066739
horizontal:train:e161bd0c:hidden,train,e161bd0c,horizontal,hidden,data/raw/train/e161bd0c__horizontal_well.csv,1358,1358,37,12211.8,12230.09,89.35001603518938,14.536542467020785
horizontal:train:e161bd0c:full,train,e161bd0c,horizontal,full,data/raw/train/e161bd0c__horizontal_well.csv,2580,2580,933,11337.61,12230.09,88.49325569731106,20.027130806869298
horizontal:train:e201fd6d:prefix,train,e201fd6d,horizontal,prefix,data/raw/train/e201fd6d__horizontal_well.csv,1287,1287,787,11716.740000000002,12523.43,94.8700845540889,22.787751448358033
horizontal:train:e201fd6d:hidden,train,e201fd6d,horizontal,hidden,data/raw/train/e201fd6d__horizontal_well.csv,3671,3671,82,12487.68,12528.21,96.25966835879063,16.08820359118559
horizontal:train:e201fd6d:full,train,e201fd6d,horizontal,full,data/raw/train/e201fd6d__horizontal_well.csv,4958,4958,801,11716.740000000002,12528.21,95.89895953332652,18.077873133452442
horizontal:train:e25f1537:prefix,train,e25f1537,horizontal,prefix,data/raw/train/e25f1537__horizontal_well.csv,1426,1426,805,9981.72,10788.72,81.44044932342642,19.709500735297173
horizontal:train:e25f1537:hidden,train,e25f1537,horizontal,hidden,data/raw/train/e25f1537__horizontal_well.csv,2402,2402,63,10765.21,10795.95,82.97006297976321,13.58996306285644
horizontal:train:e25f1537:full,train,e25f1537,horizontal,full,data/raw/train/e25f1537__horizontal_well.csv,3828,3828,821,9981.72,10795.95,82.40025392178613,16.159974648055254
horizontal:train:e2fc7745:prefix,train,e2fc7745,horizontal,prefix,data/raw/train/e2fc7745__horizontal_well.csv,1493,1493,885,11192.66,11981.44,78.54058371599359,21.076393058178052
horizontal:train:e2fc7745:hidden,train,e2fc7745,horizontal,hidden,data/raw/train/e2fc7745__horizontal_well.csv,3461,3461,71,11979.69,12014.37,83.48678817642808,11.254997828651907
horizontal:train:e2fc7745:full,train,e2fc7745,horizontal,full,data/raw/train/e2fc7745__horizontal_well.csv,4954,4954,951,11192.66,12014.37,81.996137538675,15.083887880229215
horizontal:train:e32da4ec:prefix,train,e32da4ec,horizontal,prefix,data/raw/train/e32da4ec__horizontal_well.csv,1103,1103,602,11512.7,11989.33,69.11786540983121,19.003005596979815
horizontal:train:e32da4ec:hidden,train,e32da4ec,horizontal,hidden,data/raw/train/e32da4ec__horizontal_well.csv,3083,3083,66,11981.820000000002,12014.63,84.05358403512179,14.67491933055079
horizontal:train:e32da4ec:full,train,e32da4ec,horizontal,full,data/raw/train/e32da4ec__horizontal_well.csv,4186,4186,660,11512.7,12014.63,80.11806142554332,17.23520839923793
horizontal:train:e3b34f5b:prefix,train,e3b34f5b,horizontal,prefix,data/raw/train/e3b34f5b__horizontal_well.csv,1235,1235,626,10327.81,10967.320000000002,96.17960436535827,21.884910748828695
horizontal:train:e3b34f5b:hidden,train,e3b34f5b,horizontal,hidden,data/raw/train/e3b34f5b__horizontal_well.csv,3966,3966,62,10946.09,10976.320000000002,96.01284926392809,13.874046002645102
horizontal:train:e3b34f5b:full,train,e3b34f5b,horizontal,full,data/raw/train/e3b34f5b__horizontal_well.csv,5201,5201,647,10327.81,10976.320000000002,96.05244598576357,16.140489334652813
horizontal:train:e45a2a62:prefix,train,e45a2a62,horizontal,prefix,data/raw/train/e45a2a62__horizontal_well.csv,822,822,562,10566.18,11219.92,82.16577179788199,19.052319340874313
horizontal:train:e45a2a62:hidden,train,e45a2a62,horizontal,hidden,data/raw/train/e45a2a62__horizontal_well.csv,1790,1790,97,11204.31,11252.27,78.045571478544,11.806019996578824
horizontal:train:e45a2a62:full,train,e45a2a62,horizontal,full,data/raw/train/e45a2a62__horizontal_well.csv,2612,2612,628,10566.18,11252.27,79.34220419772312,14.608669499615754
horizontal:train:e46f4ef4:prefix,train,e46f4ef4,horizontal,prefix,data/raw/train/e46f4ef4__horizontal_well.csv,1117,1117,727,11748.94,12492.61,88.4378309717733,23.11413099794855
horizontal:train:e46f4ef4:hidden,train,e46f4ef4,horizontal,hidden,data/raw/train/e46f4ef4__horizontal_well.csv,4404,4404,45,12476.1,12498.21,95.85355590312739,13.909218917634915
horizontal:train:e46f4ef4:full,train,e46f4ef4,horizontal,full,data/raw/train/e46f4ef4__horizontal_well.csv,5521,5521,738,11748.94,12498.21,94.3532181475899,16.470910595128775
horizontal:train:e4726608:prefix,train,e4726608,horizontal,prefix,data/raw/train/e4726608__horizontal_well.csv,1198,1198,729,11393.41,11958.91,71.71391263416842,23.944738486014998
horizontal:train:e4726608:hidden,train,e4726608,horizontal,hidden,data/raw/train/e4726608__horizontal_well.csv,3055,3055,49,11944.73,11968.320000000002,65.65196132587727,8.602580087629137
horizontal:train:e4726608:full,train,e4726608,horizontal,full,data/raw/train/e4726608__horizontal_well.csv,4253,4253,748,11393.41,11968.320000000002,67.35951309341378,14.902929829109713
horizontal:train:e5864244:prefix,train,e5864244,horizontal,prefix,data/raw/train/e5864244__horizontal_well.csv,1181,1181,737,11999.0,12725.62,85.91565379268415,22.240823159414333
horizontal:train:e5864244:hidden,train,e5864244,horizontal,hidden,data/raw/train/e5864244__horizontal_well.csv,2847,2847,107,12725.68,12778.63,81.01448772787141,18.491249440249998
horizontal:train:e5864244:full,train,e5864244,horizontal,full,data/raw/train/e5864244__horizontal_well.csv,4028,4028,843,11999.0,12778.63,82.45149793704316,19.791002806742156
horizontal:train:e5c92e59:prefix,train,e5c92e59,horizontal,prefix,data/raw/train/e5c92e59__horizontal_well.csv,1190,1190,676,11536.52,12205.0,80.51101525049383,18.86095933689241
horizontal:train:e5c92e59:hidden,train,e5c92e59,horizontal,hidden,data/raw/train/e5c92e59__horizontal_well.csv,2639,2639,54,12188.25,12215.23,84.09785661936442,14.633685051592492
horizontal:train:e5c92e59:full,train,e5c92e59,horizontal,full,data/raw/train/e5c92e59__horizontal_well.csv,3829,3829,700,11536.52,12215.23,82.98311615737536,16.15255459172889
horizontal:train:e5ff9fd2:prefix,train,e5ff9fd2,horizontal,prefix,data/raw/train/e5ff9fd2__horizontal_well.csv,1095,1095,748,10874.65,11781.37,92.06618329080821,23.987676753535776
horizontal:train:e5ff9fd2:hidden,train,e5ff9fd2,horizontal,hidden,data/raw/train/e5ff9fd2__horizontal_well.csv,953,953,34,11759.71,11776.23,77.22706309701883,10.217565748074348
horizontal:train:e5ff9fd2:full,train,e5ff9fd2,horizontal,full,data/raw/train/e5ff9fd2__horizontal_well.csv,2048,2048,748,10874.65,11781.37,85.1610653490693,20.273574517279204
horizontal:train:e6c55748:prefix,train,e6c55748,horizontal,prefix,data/raw/train/e6c55748__horizontal_well.csv,1400,1400,739,10595.66,11224.98,81.0735232313293,16.39776352484633
horizontal:train:e6c55748:hidden,train,e6c55748,horizontal,hidden,data/raw/train/e6c55748__horizontal_well.csv,3872,3872,61,11199.02,11229.03,75.24211440479617,15.608227032387589
horizontal:train:e6c55748:full,train,e6c55748,horizontal,full,data/raw/train/e6c55748__horizontal_well.csv,5272,5272,747,10595.66,11229.03,76.79066758331408,16.029956328396484
horizontal:train:e730c32b:prefix,train,e730c32b,horizontal,prefix,data/raw/train/e730c32b__horizontal_well.csv,961,961,654,10458.36,11378.740000000002,88.66614352900865,24.81753883081601
horizontal:train:e730c32b:hidden,train,e730c32b,horizontal,hidden,data/raw/train/e730c32b__horizontal_well.csv,1750,1750,39,11364.41,11384.41,96.73096613505314,12.698849161774652
horizontal:train:e730c32b:full,train,e730c32b,horizontal,full,data/raw/train/e730c32b__horizontal_well.csv,2711,2711,666,10458.36,11384.41,93.87213377636307,18.365967353591216
horizontal:train:e737965a:prefix,train,e737965a,horizontal,prefix,data/raw/train/e737965a__horizontal_well.csv,842,842,577,10279.76,10936.83,84.95496394567068,19.158465061973725
horizontal:train:e737965a:hidden,train,e737965a,horizontal,hidden,data/raw/train/e737965a__horizontal_well.csv,2246,2246,61,10919.25,10949.65,83.01944238746745,11.615850334733906
horizontal:train:e737965a:full,train,e737965a,horizontal,full,data/raw/train/e737965a__horizontal_well.csv,3088,3088,604,10279.76,10949.65,83.5471979418739,14.105403111047714
horizontal:train:e748dd88:prefix,train,e748dd88,horizontal,prefix,data/raw/train/e748dd88__horizontal_well.csv,1406,1406,694,11471.01,12028.62,83.47718214832183,20.441153039366263
horizontal:train:e748dd88:hidden,train,e748dd88,horizontal,hidden,data/raw/train/e748dd88__horizontal_well.csv,4647,4647,39,12015.77,12035.17,93.1824075768448,10.255809386873297
horizontal:train:e748dd88:full,train,e748dd88,horizontal,full,data/raw/train/e748dd88__horizontal_well.csv,6053,6053,707,11471.01,12035.17,90.9280631273977,13.950032612903422
horizontal:train:e7818f7a:prefix,train,e7818f7a,horizontal,prefix,data/raw/train/e7818f7a__horizontal_well.csv,1334,1334,698,10374.46,11023.17,103.89591440967777,28.076589251533413
horizontal:train:e7818f7a:hidden,train,e7818f7a,horizontal,hidden,data/raw/train/e7818f7a__horizontal_well.csv,3840,3840,50,11007.6,11032.0,118.57286849124912,18.93993680876576
horizontal:train:e7818f7a:full,train,e7818f7a,horizontal,full,data/raw/train/e7818f7a__horizontal_well.csv,5174,5174,716,10374.46,11032.0,114.7887446518954,22.598605485760814
horizontal:train:e7c36e81:prefix,train,e7c36e81,horizontal,prefix,data/raw/train/e7c36e81__horizontal_well.csv,1318,1318,959,10248.37,11191.06,123.43556552882939,32.25882919234309
horizontal:train:e7c36e81:hidden,train,e7c36e81,horizontal,hidden,data/raw/train/e7c36e81__horizontal_well.csv,1280,1280,44,11178.86,11200.44,131.48732076515358,23.781121286255882
horizontal:train:e7c36e81:full,train,e7c36e81,horizontal,full,data/raw/train/e7c36e81__horizontal_well.csv,2598,2598,978,10248.37,11200.44,127.40255810099838,28.683891037217744
horizontal:train:e7d0c1de:prefix,train,e7d0c1de,horizontal,prefix,data/raw/train/e7d0c1de__horizontal_well.csv,1681,1681,876,10556.51,11319.23,84.0462734019719,22.1456003685942
horizontal:train:e7d0c1de:hidden,train,e7d0c1de,horizontal,hidden,data/raw/train/e7d0c1de__horizontal_well.csv,4538,4538,35,11304.67,11321.740000000002,74.94106892408095,7.643890179419425
horizontal:train:e7d0c1de:full,train,e7d0c1de,horizontal,full,data/raw/train/e7d0c1de__horizontal_well.csv,6219,6219,881,10556.51,11321.740000000002,77.40221199006177,13.840178894719795
horizontal:train:e85074c5:prefix,train,e85074c5,horizontal,prefix,data/raw/train/e85074c5__horizontal_well.csv,882,882,452,10403.37,10995.97,73.86199084782989,16.01048682576843
horizontal:train:e85074c5:hidden,train,e85074c5,horizontal,hidden,data/raw/train/e85074c5__horizontal_well.csv,3157,3157,35,10992.320000000002,11009.33,76.39032941071464,15.526938074599583
horizontal:train:e85074c5:full,train,e85074c5,horizontal,full,data/raw/train/e85074c5__horizontal_well.csv,4039,4039,479,10403.37,11009.33,75.83821388398417,15.668664260216389
horizontal:train:e97032ad:prefix,train,e97032ad,horizontal,prefix,data/raw/train/e97032ad__horizontal_well.csv,1318,1318,955,10237.15,11191.09,122.6592857887286,32.05595512250672
horizontal:train:e97032ad:hidden,train,e97032ad,horizontal,hidden,data/raw/train/e97032ad__horizontal_well.csv,1601,1601,33,11191.28,11207.56,115.78982972306859,17.09279572956661
horizontal:train:e97032ad:full,train,e97032ad,horizontal,full,data/raw/train/e97032ad__horizontal_well.csv,2919,2919,988,10237.15,11207.56,118.89155740191063,25.217266800723422
horizontal:train:e9949a23:prefix,train,e9949a23,horizontal,prefix,data/raw/train/e9949a23__horizontal_well.csv,1318,1318,815,11157.21,12054.89,96.24358213238884,26.744309228801665
horizontal:train:e9949a23:hidden,train,e9949a23,horizontal,hidden,data/raw/train/e9949a23__horizontal_well.csv,2693,2693,98,12025.820000000002,12074.51,90.8066240516879,16.33926692680954
horizontal:train:e9949a23:full,train,e9949a23,horizontal,full,data/raw/train/e9949a23__horizontal_well.csv,4011,4011,854,11157.21,12074.51,92.59318868653304,20.513376062323672
horizontal:train:ea0b99b7:prefix,train,ea0b99b7,horizontal,prefix,data/raw/train/ea0b99b7__horizontal_well.csv,819,819,520,11852.88,12525.02,82.17253426062157,21.7168402935765
horizontal:train:ea0b99b7:hidden,train,ea0b99b7,horizontal,hidden,data/raw/train/ea0b99b7__horizontal_well.csv,4516,4516,56,12515.37,12542.96,86.96922831319812,11.070761865874976
horizontal:train:ea0b99b7:full,train,ea0b99b7,horizontal,full,data/raw/train/ea0b99b7__horizontal_well.csv,5335,5335,556,11852.88,12542.96,86.23286609594221,13.384219416147443
horizontal:train:ea3a0e38:prefix,train,ea3a0e38,horizontal,prefix,data/raw/train/ea3a0e38__horizontal_well.csv,1073,1073,682,10237.11,10981.35,95.91447849324281,24.893139915366
horizontal:train:ea3a0e38:hidden,train,ea3a0e38,horizontal,hidden,data/raw/train/ea3a0e38__horizontal_well.csv,4331,4331,68,10933.0,10966.490000000002,92.12391040486939,11.786456641374672
horizontal:train:ea3a0e38:full,train,ea3a0e38,horizontal,full,data/raw/train/ea3a0e38__horizontal_well.csv,5404,5404,688,10237.11,10981.35,92.87655281027736,15.383845527750156
horizontal:train:ea41324e:prefix,train,ea41324e,horizontal,prefix,data/raw/train/ea41324e__horizontal_well.csv,1404,1404,788,10671.1,11356.48,88.27272649307582,23.67773484578645
horizontal:train:ea41324e:hidden,train,ea41324e,horizontal,hidden,data/raw/train/ea41324e__horizontal_well.csv,3299,3299,42,11343.45,11363.98,100.70472736237431,17.825837446703755
horizontal:train:ea41324e:full,train,ea41324e,horizontal,full,data/raw/train/ea41324e__horizontal_well.csv,4703,4703,803,10671.1,11363.98,96.9933666946101,20.558015043735033
horizontal:train:eabc711b:prefix,train,eabc711b,horizontal,prefix,data/raw/train/eabc711b__horizontal_well.csv,1276,1276,786,10956.5,11871.27,104.61286169644603,28.36355953359212
horizontal:train:eabc711b:hidden,train,eabc711b,horizontal,hidden,data/raw/train/eabc711b__horizontal_well.csv,3031,3031,75,11847.070000000002,11884.21,111.87480759393013,19.01960226979498
horizontal:train:eabc711b:full,train,eabc711b,horizontal,full,data/raw/train/eabc711b__horizontal_well.csv,4307,4307,814,10956.5,11884.21,109.72336971020833,22.447918671148038
horizontal:train:eac10e86:prefix,train,eac10e86,horizontal,prefix,data/raw/train/eac10e86__horizontal_well.csv,1246,1246,731,10401.03,10952.52,103.79184223227611,21.047706484367264
horizontal:train:eac10e86:hidden,train,eac10e86,horizontal,hidden,data/raw/train/eac10e86__horizontal_well.csv,4438,4438,36,10937.01,10954.61,111.0971160566271,10.143039066626216
horizontal:train:eac10e86:full,train,eac10e86,horizontal,full,data/raw/train/eac10e86__horizontal_well.csv,5684,5684,735,10401.03,10954.61,109.49571366656,13.65923832985938
horizontal:train:eafb863e:prefix,train,eafb863e,horizontal,prefix,data/raw/train/eafb863e__horizontal_well.csv,1272,1272,705,10589.14,11189.63,126.69696819142385,28.085090702437565
horizontal:train:eafb863e:hidden,train,eafb863e,horizontal,hidden,data/raw/train/eafb863e__horizontal_well.csv,2371,2371,72,11189.65,11226.06,121.44812808788983,14.330181314869996
horizontal:train:eafb863e:full,train,eafb863e,horizontal,full,data/raw/train/eafb863e__horizontal_well.csv,3643,3643,776,10589.14,11226.06,123.28082767935162,20.379469653599983
horizontal:train:eb06a4e7:prefix,train,eb06a4e7,horizontal,prefix,data/raw/train/eb06a4e7__horizontal_well.csv,1767,1767,955,10478.61,11373.76,91.63828245534299,20.99386943200018
horizontal:train:eb06a4e7:hidden,train,eb06a4e7,horizontal,hidden,data/raw/train/eb06a4e7__horizontal_well.csv,4381,4381,62,11353.95,11384.41,99.43748473020113,16.46816356265352
horizontal:train:eb06a4e7:full,train,eb06a4e7,horizontal,full,data/raw/train/eb06a4e7__horizontal_well.csv,6148,6148,976,10478.61,11384.41,97.19591179271345,18.231468437995456
horizontal:train:eb640a35:prefix,train,eb640a35,horizontal,prefix,data/raw/train/eb640a35__horizontal_well.csv,1085,1085,727,10139.04,10868.93,84.25634209233966,27.48988485750084
horizontal:train:eb640a35:hidden,train,eb640a35,horizontal,hidden,data/raw/train/eb640a35__horizontal_well.csv,2993,2993,63,10853.12,10884.14,87.59854417317632,14.978479189931836
horizontal:train:eb640a35:full,train,eb640a35,horizontal,full,data/raw/train/eb640a35__horizontal_well.csv,4078,4078,757,10139.04,10884.14,86.70931188830438,19.180852129573115
horizontal:train:eb934281:prefix,train,eb934281,horizontal,prefix,data/raw/train/eb934281__horizontal_well.csv,1650,1650,952,11136.03,11955.36,72.08142821846272,24.373614782573753
horizontal:train:eb934281:hidden,train,eb934281,horizontal,hidden,data/raw/train/eb934281__horizontal_well.csv,4938,4938,22,11937.7,11947.83,46.24637459342927,8.463470222834193
horizontal:train:eb934281:full,train,eb934281,horizontal,full,data/raw/train/eb934281__horizontal_well.csv,6588,6588,952,11136.03,11955.36,52.716902596056045,18.104630136865932
horizontal:train:eba6605e:prefix,train,eba6605e,horizontal,prefix,data/raw/train/eba6605e__horizontal_well.csv,1119,1119,900,10542.23,11280.41,96.94800534644394,26.432356931923586
horizontal:train:eba6605e:hidden,train,eba6605e,horizontal,hidden,data/raw/train/eba6605e__horizontal_well.csv,3412,3412,54,11280.320000000002,11306.92,91.96739247602734,19.710996040598413
horizontal:train:eba6605e:full,train,eba6605e,horizontal,full,data/raw/train/eba6605e__horizontal_well.csv,4531,4531,953,10542.23,11306.92,93.19743127584994,21.673303014336415
horizontal:train:ebe69318:prefix,train,ebe69318,horizontal,prefix,data/raw/train/ebe69318__horizontal_well.csv,1507,1507,1092,10294.6,11178.59,83.58686663016395,21.844965408049553
horizontal:train:ebe69318:hidden,train,ebe69318,horizontal,hidden,data/raw/train/ebe69318__horizontal_well.csv,3806,3806,37,11169.15,11187.39,81.68279218160995,15.618010784565554
horizontal:train:ebe69318:full,train,ebe69318,horizontal,full,data/raw/train/ebe69318__horizontal_well.csv,5313,5313,1110,10294.6,11187.39,82.22287126950208,17.63029906583128
horizontal:train:ec0d597b:prefix,train,ec0d597b,horizontal,prefix,data/raw/train/ec0d597b__horizontal_well.csv,1684,1684,952,10100.76,10941.75,88.52756548650085,21.64969766498052
horizontal:train:ec0d597b:hidden,train,ec0d597b,horizontal,hidden,data/raw/train/ec0d597b__horizontal_well.csv,4305,4305,90,10927.69,10971.97,80.32705647351838,10.275996784112815
horizontal:train:ec0d597b:full,train,ec0d597b,horizontal,full,data/raw/train/ec0d597b__horizontal_well.csv,5989,5989,1013,10100.76,10971.97,82.63289337080715,14.875793988272411
horizontal:train:ec13af42:prefix,train,ec13af42,horizontal,prefix,data/raw/train/ec13af42__horizontal_well.csv,1109,1109,662,11665.88,12214.43,89.53261430227555,25.73652612742464
horizontal:train:ec13af42:hidden,train,ec13af42,horizontal,hidden,data/raw/train/ec13af42__horizontal_well.csv,2452,2452,60,12205.990000000002,12235.6,91.19068799359485,15.51826299144566
horizontal:train:ec13af42:full,train,ec13af42,horizontal,full,data/raw/train/ec13af42__horizontal_well.csv,3561,3561,704,11665.88,12235.6,90.67431514224042,19.305175356280483
horizontal:train:ecdab904:prefix,train,ecdab904,horizontal,prefix,data/raw/train/ecdab904__horizontal_well.csv,1898,1898,1022,11232.98,12196.21,74.06940245469391,19.494522002122114
horizontal:train:ecdab904:hidden,train,ecdab904,horizontal,hidden,data/raw/train/ecdab904__horizontal_well.csv,5715,5715,61,12169.8,12200.23,67.44474087233621,9.41253013562721
horizontal:train:ecdab904:full,train,ecdab904,horizontal,full,data/raw/train/ecdab904__horizontal_well.csv,7613,7613,1030,11232.98,12200.23,69.0963378358611,13.018003216744942
horizontal:train:ecdaf714:prefix,train,ecdaf714,horizontal,prefix,data/raw/train/ecdaf714__horizontal_well.csv,1574,1574,856,10301.070000000002,11040.14,76.54349071242352,15.913944046862293
horizontal:train:ecdaf714:hidden,train,ecdaf714,horizontal,hidden,data/raw/train/ecdaf714__horizontal_well.csv,6307,6307,64,11008.25,11040.11,76.92120182061444,9.762948166091466
horizontal:train:ecdaf714:full,train,ecdaf714,horizontal,full,data/raw/train/ecdaf714__horizontal_well.csv,7881,7881,856,10301.070000000002,11040.14,76.84576503793555,11.264171618214514
horizontal:train:ed6436d6:prefix,train,ed6436d6,horizontal,prefix,data/raw/train/ed6436d6__horizontal_well.csv,1999,1999,1149,11262.92,12230.97,86.42506509332883,21.15673091404273
horizontal:train:ed6436d6:hidden,train,ed6436d6,horizontal,hidden,data/raw/train/ed6436d6__horizontal_well.csv,2845,2845,12,12229.03,12234.36,104.67746788572605,17.8838951648007
horizontal:train:ed6436d6:full,train,ed6436d6,horizontal,full,data/raw/train/ed6436d6__horizontal_well.csv,4844,4844,1156,11262.92,12234.36,97.14514889687345,21.291073487320503
horizontal:train:ed6e6e54:prefix,train,ed6e6e54,horizontal,prefix,data/raw/train/ed6e6e54__horizontal_well.csv,1284,1284,553,11554.64,11954.89,65.49495617862812,15.887908514590347
horizontal:train:ed6e6e54:hidden,train,ed6e6e54,horizontal,hidden,data/raw/train/ed6e6e54__horizontal_well.csv,5543,5543,87,11937.05,11980.11,62.56466223699003,9.810542290873226
horizontal:train:ed6e6e54:full,train,ed6e6e54,horizontal,full,data/raw/train/ed6e6e54__horizontal_well.csv,6827,6827,603,11554.64,11980.11,63.1157824099889,11.266391200709188
horizontal:train:edf885a3:prefix,train,edf885a3,horizontal,prefix,data/raw/train/edf885a3__horizontal_well.csv,1613,1613,899,11522.35,12281.66,92.87239902933409,22.521019501762154
horizontal:train:edf885a3:hidden,train,edf885a3,horizontal,hidden,data/raw/train/edf885a3__horizontal_well.csv,2741,2741,51,12276.18,12301.04,89.40927142755574,16.849107072054203
horizontal:train:edf885a3:full,train,edf885a3,horizontal,full,data/raw/train/edf885a3__horizontal_well.csv,4354,4354,938,11522.35,12301.04,90.69223532780113,19.220185408502203
horizontal:train:ee0300f7:prefix,train,ee0300f7,horizontal,prefix,data/raw/train/ee0300f7__horizontal_well.csv,1411,1411,1001,11687.09,12528.47,89.95893677266689,25.319098851783867
horizontal:train:ee0300f7:hidden,train,ee0300f7,horizontal,hidden,data/raw/train/ee0300f7__horizontal_well.csv,2869,2869,74,12528.490000000002,12565.05,86.52463481835386,15.102739844205955
horizontal:train:ee0300f7:full,train,ee0300f7,horizontal,full,data/raw/train/ee0300f7__horizontal_well.csv,4280,4280,1074,11687.09,12565.05,87.65683109347903,19.15312584996467
horizontal:train:ee288beb:prefix,train,ee288beb,horizontal,prefix,data/raw/train/ee288beb__horizontal_well.csv,1203,1203,691,10411.87,11033.820000000002,113.6662211241999,30.91095477388223
horizontal:train:ee288beb:hidden,train,ee288beb,horizontal,hidden,data/raw/train/ee288beb__horizontal_well.csv,3125,3125,120,11006.42,11066.17,120.4797719588343,20.97260363442624
horizontal:train:ee288beb:full,train,ee288beb,horizontal,full,data/raw/train/ee288beb__horizontal_well.csv,4328,4328,759,10411.87,11066.17,118.58589449717414,24.3411694885935
horizontal:train:ee4aecac:prefix,train,ee4aecac,horizontal,prefix,data/raw/train/ee4aecac__horizontal_well.csv,1167,1167,527,11326.52,11753.39,88.68459984311122,19.16802038390041
horizontal:train:ee4aecac:hidden,train,ee4aecac,horizontal,hidden,data/raw/train/ee4aecac__horizontal_well.csv,4326,4326,41,11746.47,11766.89,82.58736154415851,11.936318479972618
horizontal:train:ee4aecac:full,train,ee4aecac,horizontal,full,data/raw/train/ee4aecac__horizontal_well.csv,5493,5493,554,11326.52,11766.89,83.88273330728937,14.017286809499229
horizontal:train:eeda36f5:prefix,train,eeda36f5,horizontal,prefix,data/raw/train/eeda36f5__horizontal_well.csv,1326,1326,573,12367.58,12845.96,80.94668705671623,15.175758008902823
horizontal:train:eeda36f5:hidden,train,eeda36f5,horizontal,hidden,data/raw/train/eeda36f5__horizontal_well.csv,4618,4618,28,12804.21,12817.41,92.75497170051301,18.06054092091914
horizontal:train:eeda36f5:full,train,eeda36f5,horizontal,full,data/raw/train/eeda36f5__horizontal_well.csv,5944,5944,577,12367.58,12845.96,90.12075476954489,18.137271599504743
horizontal:train:eeed308d:prefix,train,eeed308d,horizontal,prefix,data/raw/train/eeed308d__horizontal_well.csv,853,853,471,10740.2,11195.86,73.20502426484464,13.958189584633669
horizontal:train:eeed308d:hidden,train,eeed308d,horizontal,hidden,data/raw/train/eeed308d__horizontal_well.csv,1696,1696,46,11185.35,11207.76,91.13970610367458,14.719295046813277
horizontal:train:eeed308d:full,train,eeed308d,horizontal,full,data/raw/train/eeed308d__horizontal_well.csv,2549,2549,495,10740.2,11207.76,85.13802559817363,16.76220854783117
horizontal:train:ef04658e:prefix,train,ef04658e,horizontal,prefix,data/raw/train/ef04658e__horizontal_well.csv,1420,1420,811,9970.94,10775.22,77.52528841715879,18.341035562518073
horizontal:train:ef04658e:hidden,train,ef04658e,horizontal,hidden,data/raw/train/ef04658e__horizontal_well.csv,3408,3408,59,10775.29,10804.51,73.10586254900737,13.123630576784402
horizontal:train:ef04658e:full,train,ef04658e,horizontal,full,data/raw/train/ef04658e__horizontal_well.csv,4828,4828,870,9970.94,10804.51,74.40569368669897,14.985597340286448
horizontal:train:ef8e3ed0:prefix,train,ef8e3ed0,horizontal,prefix,data/raw/train/ef8e3ed0__horizontal_well.csv,883,883,591,11625.59,12120.11,87.57886591087377,20.811095249859658
horizontal:train:ef8e3ed0:hidden,train,ef8e3ed0,horizontal,hidden,data/raw/train/ef8e3ed0__horizontal_well.csv,2627,2627,67,12097.7,12130.58,90.92003787411336,10.975707386032274
horizontal:train:ef8e3ed0:full,train,ef8e3ed0,horizontal,full,data/raw/train/ef8e3ed0__horizontal_well.csv,3510,3510,614,11625.59,12130.58,90.07950942866022,14.185090150904786
horizontal:train:efde6ac3:prefix,train,efde6ac3,horizontal,prefix,data/raw/train/efde6ac3__horizontal_well.csv,941,941,561,10222.570000000002,10922.18,90.25039438323307,24.720538418383878
horizontal:train:efde6ac3:hidden,train,efde6ac3,horizontal,hidden,data/raw/train/efde6ac3__horizontal_well.csv,2702,2702,54,10885.990000000002,10912.71,87.3310590825702,10.987628671983146
horizontal:train:efde6ac3:full,train,efde6ac3,horizontal,full,data/raw/train/efde6ac3__horizontal_well.csv,3643,3643,568,10222.570000000002,10922.18,88.08513388847847,15.780586299274205
horizontal:train:efe96181:prefix,train,efe96181,horizontal,prefix,data/raw/train/efe96181__horizontal_well.csv,1140,1140,883,9900.02,10804.63,73.61743043421984,21.19156198714616
horizontal:train:efe96181:hidden,train,efe96181,horizontal,hidden,data/raw/train/efe96181__horizontal_well.csv,3322,3322,62,10761.23,10791.59,84.15273515691219,19.98055025227793
horizontal:train:efe96181:full,train,efe96181,horizontal,full,data/raw/train/efe96181__horizontal_well.csv,4462,4462,889,9900.02,10804.63,81.46106160606743,20.810421237504006
horizontal:train:f0188a48:prefix,train,f0188a48,horizontal,prefix,data/raw/train/f0188a48__horizontal_well.csv,1723,1723,815,10800.83,11415.53,81.62780297568335,19.076811304562543
horizontal:train:f0188a48:hidden,train,f0188a48,horizontal,hidden,data/raw/train/f0188a48__horizontal_well.csv,4114,4114,57,11390.14,11418.03,91.90758045378372,19.70522501852531
horizontal:train:f0188a48:full,train,f0188a48,horizontal,full,data/raw/train/f0188a48__horizontal_well.csv,5837,5837,820,10800.83,11418.03,88.87313526023105,20.077037464266198
horizontal:train:f021b650:prefix,train,f021b650,horizontal,prefix,data/raw/train/f021b650__horizontal_well.csv,1361,1361,952,11231.84,12135.12,89.30379084062659,26.9726903644878
horizontal:train:f021b650:hidden,train,f021b650,horizontal,hidden,data/raw/train/f021b650__horizontal_well.csv,2264,2264,26,12123.09,12135.47,72.9385491296541,15.973861785323466
horizontal:train:f021b650:full,train,f021b650,horizontal,full,data/raw/train/f021b650__horizontal_well.csv,3625,3625,953,11231.84,12135.47,79.08285091410474,22.255610755023397
horizontal:train:f03f10fe:prefix,train,f03f10fe,horizontal,prefix,data/raw/train/f03f10fe__horizontal_well.csv,1418,1418,712,10596.12,11233.62,76.66414826130637,15.095387331445485
horizontal:train:f03f10fe:hidden,train,f03f10fe,horizontal,hidden,data/raw/train/f03f10fe__horizontal_well.csv,3197,3197,50,11188.87,11213.64,77.89073864827883,14.622246086313954
horizontal:train:f03f10fe:full,train,f03f10fe,horizontal,full,data/raw/train/f03f10fe__horizontal_well.csv,4615,4615,717,10596.12,11233.62,77.51385778831633,14.780073632859978
horizontal:train:f053a1b9:prefix,train,f053a1b9,horizontal,prefix,data/raw/train/f053a1b9__horizontal_well.csv,1621,1621,994,11469.13,12278.75,86.7518791626701,19.913487885430044
horizontal:train:f053a1b9:hidden,train,f053a1b9,horizontal,hidden,data/raw/train/f053a1b9__horizontal_well.csv,3148,3148,44,12255.9,12277.37,89.19701999645547,9.40566597486727
horizontal:train:f053a1b9:full,train,f053a1b9,horizontal,full,data/raw/train/f053a1b9__horizontal_well.csv,4769,4769,994,11469.13,12278.75,88.36590796215769,13.947244422781605
horizontal:train:f074d277:prefix,train,f074d277,horizontal,prefix,data/raw/train/f074d277__horizontal_well.csv,1212,1212,733,11450.22,12010.88,85.26363238647083,18.0918117472244
horizontal:train:f074d277:hidden,train,f074d277,horizontal,hidden,data/raw/train/f074d277__horizontal_well.csv,1780,1780,49,12007.81,12031.84,91.0236040414927,11.807162463064763
horizontal:train:f074d277:full,train,f074d277,horizontal,full,data/raw/train/f074d277__horizontal_well.csv,2992,2992,775,11450.22,12031.84,88.69035349139693,14.950615588416362
horizontal:train:f07d7037:prefix,train,f07d7037,horizontal,prefix,data/raw/train/f07d7037__horizontal_well.csv,2050,2050,1193,11174.85,12126.0,86.92959916245387,22.00353941054952
horizontal:train:f07d7037:hidden,train,f07d7037,horizontal,hidden,data/raw/train/f07d7037__horizontal_well.csv,5322,5322,33,12124.27,12140.65,86.6289777354076,8.549163504737434
horizontal:train:f07d7037:full,train,f07d7037,horizontal,full,data/raw/train/f07d7037__horizontal_well.csv,7372,7372,1222,11174.85,12140.65,86.71257430695465,13.6899847434663
horizontal:train:f08774c3:prefix,train,f08774c3,horizontal,prefix,data/raw/train/f08774c3__horizontal_well.csv,1617,1617,911,11203.490000000002,12049.570000000002,97.3285775721179,25.877099788898764
horizontal:train:f08774c3:hidden,train,f08774c3,horizontal,hidden,data/raw/train/f08774c3__horizontal_well.csv,3604,3604,74,12023.9,12060.63,92.46500804552443,19.132652274324922
horizontal:train:f08774c3:full,train,f08774c3,horizontal,full,data/raw/train/f08774c3__horizontal_well.csv,5221,5221,935,11203.490000000002,12060.63,93.97130797360366,21.56694401002482
horizontal:train:f140c2fa:prefix,train,f140c2fa,horizontal,prefix,data/raw/train/f140c2fa__horizontal_well.csv,1518,1518,819,11154.64,12058.25,91.77948866657708,21.78094293860638
horizontal:train:f140c2fa:hidden,train,f140c2fa,horizontal,hidden,data/raw/train/f140c2fa__horizontal_well.csv,3210,3210,47,12036.12,12058.79,94.49018941735801,14.549564814651543
horizontal:train:f140c2fa:full,train,f140c2fa,horizontal,full,data/raw/train/f140c2fa__horizontal_well.csv,4728,4728,820,11154.64,12058.79,93.61987559762758,17.252301047198465
horizontal:train:f16e25e3:prefix,train,f16e25e3,horizontal,prefix,data/raw/train/f16e25e3__horizontal_well.csv,1359,1359,711,10114.79,10891.77,88.75229711538395,23.924204253088924
horizontal:train:f16e25e3:hidden,train,f16e25e3,horizontal,hidden,data/raw/train/f16e25e3__horizontal_well.csv,2588,2588,25,10875.47,10887.26,89.474951556061,11.52585119178962
horizontal:train:f16e25e3:full,train,f16e25e3,horizontal,full,data/raw/train/f16e25e3__horizontal_well.csv,3947,3947,711,10114.79,10891.77,89.2261328621466,16.861079678319157
horizontal:train:f2d4c8c9:prefix,train,f2d4c8c9,horizontal,prefix,data/raw/train/f2d4c8c9__horizontal_well.csv,1065,1065,554,10357.03,10938.16,109.01985571711317,22.32336401006934
horizontal:train:f2d4c8c9:hidden,train,f2d4c8c9,horizontal,hidden,data/raw/train/f2d4c8c9__horizontal_well.csv,2736,2736,32,10921.91,10937.3,108.74199155465463,18.79577824207688
horizontal:train:f2d4c8c9:full,train,f2d4c8c9,horizontal,full,data/raw/train/f2d4c8c9__horizontal_well.csv,3801,3801,554,10357.03,10938.16,108.81984615423852,19.84788885105399
horizontal:train:f321a31c:prefix,train,f321a31c,horizontal,prefix,data/raw/train/f321a31c__horizontal_well.csv,1358,1358,662,12080.16,12547.5,82.17821893602057,21.292612462905094
horizontal:train:f321a31c:hidden,train,f321a31c,horizontal,hidden,data/raw/train/f321a31c__horizontal_well.csv,4939,4939,71,12525.39,12560.58,86.47825581298989,12.811153127466145
horizontal:train:f321a31c:full,train,f321a31c,horizontal,full,data/raw/train/f321a31c__horizontal_well.csv,6297,6297,688,12080.16,12560.58,85.55091738533794,15.153625363594086
horizontal:train:f40cd091:prefix,train,f40cd091,horizontal,prefix,data/raw/train/f40cd091__horizontal_well.csv,699,699,422,11338.92,11904.02,103.85137269600366,24.959772187189856
horizontal:train:f40cd091:hidden,train,f40cd091,horizontal,hidden,data/raw/train/f40cd091__horizontal_well.csv,1744,1744,54,11884.56,11910.93,111.98980026501414,21.613753624476946
horizontal:train:f40cd091:full,train,f40cd091,horizontal,full,data/raw/train/f40cd091__horizontal_well.csv,2443,2443,440,11338.92,11910.93,109.66120392005371,22.918800664814373
horizontal:train:f439a621:prefix,train,f439a621,horizontal,prefix,data/raw/train/f439a621__horizontal_well.csv,1238,1238,732,10313.92,11033.87,77.03809211162421,19.42745243490668
horizontal:train:f439a621:hidden,train,f439a621,horizontal,hidden,data/raw/train/f439a621__horizontal_well.csv,1415,1415,48,11008.45,11032.01,73.40863366850952,9.288507469949732
horizontal:train:f439a621:full,train,f439a621,horizontal,full,data/raw/train/f439a621__horizontal_well.csv,2653,2653,732,10313.92,11033.87,75.10228973808208,15.013907625949475
horizontal:train:f49fdea3:prefix,train,f49fdea3,horizontal,prefix,data/raw/train/f49fdea3__horizontal_well.csv,1552,1552,877,11348.39,12105.5,84.22400487872058,15.502313239290686
horizontal:train:f49fdea3:hidden,train,f49fdea3,horizontal,hidden,data/raw/train/f49fdea3__horizontal_well.csv,5087,5087,36,12101.070000000002,12118.25,77.29337952651207,13.778244758380849
horizontal:train:f49fdea3:full,train,f49fdea3,horizontal,full,data/raw/train/f49fdea3__horizontal_well.csv,6639,6639,903,11348.39,12118.25,78.91355282770616,14.499827331119455
horizontal:train:f4d12d23:prefix,train,f4d12d23,horizontal,prefix,data/raw/train/f4d12d23__horizontal_well.csv,1470,1470,849,10375.23,11224.51,117.2753519492602,27.288631562602603
horizontal:train:f4d12d23:hidden,train,f4d12d23,horizontal,hidden,data/raw/train/f4d12d23__horizontal_well.csv,2636,2636,50,11177.55,11202.16,123.5516430933973,20.874051363010466
horizontal:train:f4d12d23:full,train,f4d12d23,horizontal,full,data/raw/train/f4d12d23__horizontal_well.csv,4106,4106,851,10375.23,11224.51,121.30465137837501,23.566617698510765
horizontal:train:f56d3ace:prefix,train,f56d3ace,horizontal,prefix,data/raw/train/f56d3ace__horizontal_well.csv,1289,1289,792,10464.33,11315.53,84.39213445435702,25.31522411255531
horizontal:train:f56d3ace:hidden,train,f56d3ace,horizontal,hidden,data/raw/train/f56d3ace__horizontal_well.csv,3281,3281,37,11309.12,11326.98,75.13866779983854,8.30469010836884
horizontal:train:f56d3ace:full,train,f56d3ace,horizontal,full,data/raw/train/f56d3ace__horizontal_well.csv,4570,4570,815,10464.33,11326.98,77.74867185184607,15.735743338055316
horizontal:train:f5859199:prefix,train,f5859199,horizontal,prefix,data/raw/train/f5859199__horizontal_well.csv,872,872,585,11466.7,12263.02,92.68817969977557,20.0191404662898
horizontal:train:f5859199:hidden,train,f5859199,horizontal,hidden,data/raw/train/f5859199__horizontal_well.csv,1898,1898,55,12241.240000000002,12268.19,89.0762624790012,14.09229046920758
horizontal:train:f5859199:full,train,f5859199,horizontal,full,data/raw/train/f5859199__horizontal_well.csv,2770,2770,597,11466.7,12268.19,90.21329923586592,16.280391221413577
horizontal:train:f5d8aab6:prefix,train,f5d8aab6,horizontal,prefix,data/raw/train/f5d8aab6__horizontal_well.csv,2040,2040,1175,10071.84,11050.320000000002,117.03452687920037,30.065826004612237
horizontal:train:f5d8aab6:hidden,train,f5d8aab6,horizontal,hidden,data/raw/train/f5d8aab6__horizontal_well.csv,3739,3739,49,11019.53,11043.67,120.71780954879908,13.364104693978943
horizontal:train:f5d8aab6:full,train,f5d8aab6,horizontal,full,data/raw/train/f5d8aab6__horizontal_well.csv,5779,5779,1175,10071.84,11050.320000000002,119.41760248079747,20.922466183174688
horizontal:train:f631da6e:prefix,train,f631da6e,horizontal,prefix,data/raw/train/f631da6e__horizontal_well.csv,832,832,588,10579.86,11173.56,105.68628402668978,30.355490356574656
horizontal:train:f631da6e:hidden,train,f631da6e,horizontal,hidden,data/raw/train/f631da6e__horizontal_well.csv,1774,1774,42,11153.570000000002,11173.93,111.79773581435133,14.309482948579648
horizontal:train:f631da6e:full,train,f631da6e,horizontal,full,data/raw/train/f631da6e__horizontal_well.csv,2606,2606,590,10579.86,11173.93,109.84657392358598,21.016491291056276
horizontal:train:f6824bb0:prefix,train,f6824bb0,horizontal,prefix,data/raw/train/f6824bb0__horizontal_well.csv,1645,1645,966,10312.14,11225.11,81.7188325774738,20.89410334174094
horizontal:train:f6824bb0:hidden,train,f6824bb0,horizontal,hidden,data/raw/train/f6824bb0__horizontal_well.csv,4255,4255,76,11190.7,11228.14,82.29683951612374,14.464869019323341
horizontal:train:f6824bb0:full,train,f6824bb0,horizontal,full,data/raw/train/f6824bb0__horizontal_well.csv,5900,5900,972,10312.14,11228.14,82.13568334424592,16.51310425607375
horizontal:train:f6bc699b:prefix,train,f6bc699b,horizontal,prefix,data/raw/train/f6bc699b__horizontal_well.csv,1248,1248,788,10243.69,10982.820000000002,92.71071067177567,25.265439095941606
horizontal:train:f6bc699b:hidden,train,f6bc699b,horizontal,hidden,data/raw/train/f6bc699b__horizontal_well.csv,2483,2483,59,10976.990000000002,11006.06,85.4281568795754,13.994243161093772
horizontal:train:f6bc699b:full,train,f6bc699b,horizontal,full,data/raw/train/f6bc699b__horizontal_well.csv,3731,3731,834,10243.69,11006.06,87.86413306093856,18.858953339348393
horizontal:train:f6d009f4:prefix,train,f6d009f4,horizontal,prefix,data/raw/train/f6d009f4__horizontal_well.csv,1139,1139,1104,10011.95,11001.490000000002,122.7282899958784,39.49728437688896
horizontal:train:f6d009f4:hidden,train,f6d009f4,horizontal,hidden,data/raw/train/f6d009f4__horizontal_well.csv,4545,4545,170,11001.77,11086.25,124.18503153612292,28.21076614092123
horizontal:train:f6d009f4:full,train,f6d009f4,horizontal,full,data/raw/train/f6d009f4__horizontal_well.csv,5684,5684,1274,10011.95,11086.25,123.8931193942618,30.811049374396188
horizontal:train:f72b268f:prefix,train,f72b268f,horizontal,prefix,data/raw/train/f72b268f__horizontal_well.csv,1335,1335,656,10523.52,11037.92,108.13507870426426,21.583531247119847
horizontal:train:f72b268f:hidden,train,f72b268f,horizontal,hidden,data/raw/train/f72b268f__horizontal_well.csv,6104,6104,66,11029.4,11062.23,117.63267754536722,14.263072738842068
horizontal:train:f72b268f:full,train,f72b268f,horizontal,full,data/raw/train/f72b268f__horizontal_well.csv,7439,7439,704,10523.52,11062.23,115.9282422109308,16.242254278441788
horizontal:train:f8662c22:prefix,train,f8662c22,horizontal,prefix,data/raw/train/f8662c22__horizontal_well.csv,982,982,556,11178.31,11710.23,84.33840212471696,21.12910220548545
horizontal:train:f8662c22:hidden,train,f8662c22,horizontal,hidden,data/raw/train/f8662c22__horizontal_well.csv,2674,2674,55,11704.73,11731.58,91.8452118961655,13.164312978665203
horizontal:train:f8662c22:full,train,f8662c22,horizontal,full,data/raw/train/f8662c22__horizontal_well.csv,3656,3656,599,11178.31,11731.58,89.82888607681033,16.054126506691166
horizontal:train:f88ddb26:prefix,train,f88ddb26,horizontal,prefix,data/raw/train/f88ddb26__horizontal_well.csv,1527,1527,957,11433.48,12199.36,72.99371106120037,16.313035584249022
horizontal:train:f88ddb26:hidden,train,f88ddb26,horizontal,hidden,data/raw/train/f88ddb26__horizontal_well.csv,4804,4804,159,12108.18,12186.77,73.92297358348698,11.360375328731129
horizontal:train:f88ddb26:full,train,f88ddb26,horizontal,full,data/raw/train/f88ddb26__horizontal_well.csv,6331,6331,959,11433.48,12199.36,73.69884092331772,12.73866217014918
horizontal:train:f8afa78a:prefix,train,f8afa78a,horizontal,prefix,data/raw/train/f8afa78a__horizontal_well.csv,828,828,496,10493.19,10977.06,112.5705526082494,20.389434105637807
horizontal:train:f8afa78a:hidden,train,f8afa78a,horizontal,hidden,data/raw/train/f8afa78a__horizontal_well.csv,3062,3062,52,10967.98,10993.69,105.54328839954047,18.58169744456104
horizontal:train:f8afa78a:full,train,f8afa78a,horizontal,full,data/raw/train/f8afa78a__horizontal_well.csv,3890,3890,529,10493.19,10993.69,107.03906597404202,19.197624419413607
horizontal:train:f8f59188:prefix,train,f8f59188,horizontal,prefix,data/raw/train/f8f59188__horizontal_well.csv,876,876,615,10371.03,11308.97,82.84626193606435,27.82733534665186
horizontal:train:f8f59188:hidden,train,f8f59188,horizontal,hidden,data/raw/train/f8f59188__horizontal_well.csv,1715,1715,37,11306.21,11323.98,73.95313667651286,8.98984511819367
horizontal:train:f8f59188:full,train,f8f59188,horizontal,full,data/raw/train/f8f59188__horizontal_well.csv,2591,2591,645,10371.03,11323.98,76.95984363419988,18.248245256051316
horizontal:train:f9fc81aa:prefix,train,f9fc81aa,horizontal,prefix,data/raw/train/f9fc81aa__horizontal_well.csv,1455,1455,722,10621.86,11181.13,81.36474501910665,15.660545768291025
horizontal:train:f9fc81aa:hidden,train,f9fc81aa,horizontal,hidden,data/raw/train/f9fc81aa__horizontal_well.csv,5231,5231,63,11166.86,11197.97,79.34224974195233,11.776257810154066
horizontal:train:f9fc81aa:full,train,f9fc81aa,horizontal,full,data/raw/train/f9fc81aa__horizontal_well.csv,6686,6686,756,10621.86,11197.97,79.78238294988826,12.750250078750941
horizontal:train:fa16d114:prefix,train,fa16d114,horizontal,prefix,data/raw/train/fa16d114__horizontal_well.csv,680,680,319,10639.63,10957.820000000002,111.30985669647748,19.98972874063896
horizontal:train:fa16d114:hidden,train,fa16d114,horizontal,hidden,data/raw/train/fa16d114__horizontal_well.csv,2777,2777,81,10922.21,10963.16,106.61920686313404,18.22002728530811
horizontal:train:fa16d114:full,train,fa16d114,horizontal,full,data/raw/train/fa16d114__horizontal_well.csv,3457,3457,331,10639.63,10963.16,107.54186867588311,18.67476795041028
horizontal:train:fa31da94:prefix,train,fa31da94,horizontal,prefix,data/raw/train/fa31da94__horizontal_well.csv,892,892,650,11429.36,12208.55,77.16426152472671,20.9593023427498
horizontal:train:fa31da94:hidden,train,fa31da94,horizontal,hidden,data/raw/train/fa31da94__horizontal_well.csv,1533,1533,36,12179.58,12196.91,89.26891759341837,13.990259337950665
horizontal:train:fa31da94:full,train,fa31da94,horizontal,full,data/raw/train/fa31da94__horizontal_well.csv,2425,2425,651,11429.36,12208.55,84.81640080443982,17.87149626307848
horizontal:train:fa667be2:prefix,train,fa667be2,horizontal,prefix,data/raw/train/fa667be2__horizontal_well.csv,1259,1259,676,12080.09,12590.25,83.35668358079593,18.979084526934663
horizontal:train:fa667be2:hidden,train,fa667be2,horizontal,hidden,data/raw/train/fa667be2__horizontal_well.csv,6381,6381,48,12566.75,12590.22,79.7584262922482,10.446559887741527
horizontal:train:fa667be2:full,train,fa667be2,horizontal,full,data/raw/train/fa667be2__horizontal_well.csv,7640,7640,680,12080.09,12590.25,80.35138518312277,12.340479393936484
horizontal:train:fae0c593:prefix,train,fae0c593,horizontal,prefix,data/raw/train/fae0c593__horizontal_well.csv,1687,1687,942,10069.95,10889.490000000002,98.07312688574115,30.94887235085593
horizontal:train:fae0c593:hidden,train,fae0c593,horizontal,hidden,data/raw/train/fae0c593__horizontal_well.csv,4262,4262,65,10855.740000000002,10887.570000000002,98.80378733603507,14.708448466890143
horizontal:train:fae0c593:full,train,fae0c593,horizontal,full,data/raw/train/fae0c593__horizontal_well.csv,5949,5949,945,10069.95,10889.490000000002,98.59658878507761,20.657146055479064
horizontal:train:fb03ae90:prefix,train,fb03ae90,horizontal,prefix,data/raw/train/fb03ae90__horizontal_well.csv,1514,1514,900,10672.62,11504.09,84.26429800752916,20.46416887681856
horizontal:train:fb03ae90:hidden,train,fb03ae90,horizontal,hidden,data/raw/train/fb03ae90__horizontal_well.csv,5344,5344,102,11427.4,11478.16,74.75285367392524,12.273963236713119
horizontal:train:fb03ae90:full,train,fb03ae90,horizontal,full,data/raw/train/fb03ae90__horizontal_well.csv,6858,6858,910,10672.62,11504.09,76.85263884760217,15.013560039132127
horizontal:train:fb0904bd:prefix,train,fb0904bd,horizontal,prefix,data/raw/train/fb0904bd__horizontal_well.csv,1055,1055,601,10150.03,10972.18,97.91577977025148,27.742085572626596
horizontal:train:fb0904bd:hidden,train,fb0904bd,horizontal,hidden,data/raw/train/fb0904bd__horizontal_well.csv,1456,1456,11,10964.05,10969.12,86.74990096025981,12.393957095506892
horizontal:train:fb0904bd:full,train,fb0904bd,horizontal,full,data/raw/train/fb0904bd__horizontal_well.csv,2511,2511,601,10150.03,10972.18,91.44125983900977,21.04288980688967
horizontal:train:fb3848a1:prefix,train,fb3848a1,horizontal,prefix,data/raw/train/fb3848a1__horizontal_well.csv,1043,1043,684,10038.94,10940.76,86.824269945826,22.302342155994697
horizontal:train:fb3848a1:hidden,train,fb3848a1,horizontal,hidden,data/raw/train/fb3848a1__horizontal_well.csv,2333,2333,45,10931.87,10954.240000000002,86.0363005304907,12.892319026881893
horizontal:train:fb3848a1:full,train,fb3848a1,horizontal,full,data/raw/train/fb3848a1__horizontal_well.csv,3376,3376,710,10038.94,10954.240000000002,86.27974013362895,16.390906493678877
horizontal:train:fb73b13a:prefix,train,fb73b13a,horizontal,prefix,data/raw/train/fb73b13a__horizontal_well.csv,1477,1477,820,10034.19,10797.61,104.11926240506972,46.83644708684287
horizontal:train:fb73b13a:hidden,train,fb73b13a,horizontal,hidden,data/raw/train/fb73b13a__horizontal_well.csv,3375,3375,63,10787.070000000002,10818.09,58.97931295108748,13.7696357478675
horizontal:train:fb73b13a:full,train,fb73b13a,horizontal,full,data/raw/train/fb73b13a__horizontal_well.csv,4852,4852,861,10034.19,10818.09,72.72038989740481,35.08719326104055
horizontal:train:fba7683c:prefix,train,fba7683c,horizontal,prefix,data/raw/train/fba7683c__horizontal_well.csv,1616,1616,980,10978.94,11857.38,99.41590684553545,26.951412568894625
horizontal:train:fba7683c:hidden,train,fba7683c,horizontal,hidden,data/raw/train/fba7683c__horizontal_well.csv,400,400,21,11852.98,11862.92,102.1224977525314,14.20517076529815
horizontal:train:fba7683c:full,train,fba7683c,horizontal,full,data/raw/train/fba7683c__horizontal_well.csv,2016,2016,991,10978.94,11862.92,99.95292885089181,24.969142525158244
horizontal:train:fbd68d27:prefix,train,fbd68d27,horizontal,prefix,data/raw/train/fbd68d27__horizontal_well.csv,1560,1560,823,10585.03,11231.59,78.27088046049347,15.799409218940038
horizontal:train:fbd68d27:hidden,train,fbd68d27,horizontal,hidden,data/raw/train/fbd68d27__horizontal_well.csv,5104,5104,79,11195.68,11234.63,81.79239835715087,16.22369769434791
horizontal:train:fbd68d27:full,train,fbd68d27,horizontal,full,data/raw/train/fbd68d27__horizontal_well.csv,6664,6664,829,10585.03,11234.63,80.96803342335953,16.194170763169552
horizontal:train:fc03f21f:prefix,train,fc03f21f,horizontal,prefix,data/raw/train/fc03f21f__horizontal_well.csv,1306,1306,1027,11010.43,11893.320000000002,111.00992328703418,33.13697238482377
horizontal:train:fc03f21f:hidden,train,fc03f21f,horizontal,hidden,data/raw/train/fc03f21f__horizontal_well.csv,4453,4453,57,11859.97,11887.88,104.85995232676403,20.197375286735355
horizontal:train:fc03f21f:full,train,fc03f21f,horizontal,full,data/raw/train/fc03f21f__horizontal_well.csv,5759,5759,1029,11010.43,11893.320000000002,106.25461495467043,23.897059274764395
horizontal:train:fc0d20b2:prefix,train,fc0d20b2,horizontal,prefix,data/raw/train/fc0d20b2__horizontal_well.csv,896,896,482,10374.95,10799.1,78.95932081843732,16.722095584347045
horizontal:train:fc0d20b2:hidden,train,fc0d20b2,horizontal,hidden,data/raw/train/fc0d20b2__horizontal_well.csv,2065,2065,49,10773.22,10796.95,74.55880232288298,12.84986859035605
horizontal:train:fc0d20b2:full,train,fc0d20b2,horizontal,full,data/raw/train/fc0d20b2__horizontal_well.csv,2961,2961,487,10374.95,10799.1,75.89040130026113,14.277824720049459
horizontal:train:fcfcc902:prefix,train,fcfcc902,horizontal,prefix,data/raw/train/fcfcc902__horizontal_well.csv,1818,1818,1022,10623.89,11440.36,91.69866305210094,22.624195170226002
horizontal:train:fcfcc902:hidden,train,fcfcc902,horizontal,hidden,data/raw/train/fcfcc902__horizontal_well.csv,2660,2660,36,11397.98,11415.62,86.83362261563207,9.797871348123923
horizontal:train:fcfcc902:full,train,fcfcc902,horizontal,full,data/raw/train/fcfcc902__horizontal_well.csv,4478,4478,1022,10623.89,11440.36,88.80875515549371,16.448021898194437
horizontal:train:fd3b4faa:prefix,train,fd3b4faa,horizontal,prefix,data/raw/train/fd3b4faa__horizontal_well.csv,856,856,612,10465.22,11343.740000000002,91.33909958587894,27.733904846948796
horizontal:train:fd3b4faa:hidden,train,fd3b4faa,horizontal,hidden,data/raw/train/fd3b4faa__horizontal_well.csv,2258,2258,46,11333.06,11355.28,89.32308994339115,13.131068766678508
horizontal:train:fd3b4faa:full,train,fd3b4faa,horizontal,full,data/raw/train/fd3b4faa__horizontal_well.csv,3114,3114,636,10465.22,11355.28,89.87726600439616,18.364987046228222
horizontal:train:fd710aea:prefix,train,fd710aea,horizontal,prefix,data/raw/train/fd710aea__horizontal_well.csv,1505,1505,866,11426.95,12164.72,79.52937605964033,23.457747137146157
horizontal:train:fd710aea:hidden,train,fd710aea,horizontal,hidden,data/raw/train/fd710aea__horizontal_well.csv,3131,3131,33,12159.93,12175.87,71.94996464840426,8.05527495833516
horizontal:train:fd710aea:full,train,fd710aea,horizontal,full,data/raw/train/fd710aea__horizontal_well.csv,4636,4636,889,11426.95,12175.87,74.41049402155143,15.33142599993073
horizontal:train:fd8f77fa:prefix,train,fd8f77fa,horizontal,prefix,data/raw/train/fd8f77fa__horizontal_well.csv,953,953,712,10523.54,11389.17,89.44621046486586,24.19475801702579
horizontal:train:fd8f77fa:hidden,train,fd8f77fa,horizontal,hidden,data/raw/train/fd8f77fa__horizontal_well.csv,2605,2605,85,11380.18,11421.98,91.18576968347644,11.618210844991285
horizontal:train:fd8f77fa:full,train,fd8f77fa,horizontal,full,data/raw/train/fd8f77fa__horizontal_well.csv,3558,3558,778,10523.54,11421.98,90.71983378259509,16.00673363316959
horizontal:train:fde20ecf:prefix,train,fde20ecf,horizontal,prefix,data/raw/train/fde20ecf__horizontal_well.csv,1385,1385,846,11188.12,12023.39,83.19058567074211,21.2698514725803
horizontal:train:fde20ecf:hidden,train,fde20ecf,horizontal,hidden,data/raw/train/fde20ecf__horizontal_well.csv,3272,3272,49,12023.39,12047.7,76.10917989209563,11.222457989055233
horizontal:train:fde20ecf:full,train,fde20ecf,horizontal,full,data/raw/train/fde20ecf__horizontal_well.csv,4657,4657,894,11188.12,12047.7,78.21520243953503,15.281116093833463
horizontal:train:fdfd57da:prefix,train,fdfd57da,horizontal,prefix,data/raw/train/fdfd57da__horizontal_well.csv,1426,1426,1059,10386.52,11368.36,96.63665065038671,29.46881332296241
horizontal:train:fdfd57da:hidden,train,fdfd57da,horizontal,hidden,data/raw/train/fdfd57da__horizontal_well.csv,2333,2333,32,11360.1,11375.43,101.2686149107121,16.44833101332325
horizontal:train:fdfd57da:full,train,fdfd57da,horizontal,full,data/raw/train/fdfd57da__horizontal_well.csv,3759,3759,1073,10386.52,11375.43,99.51145049591456,22.414331812757553
horizontal:train:febb4411:prefix,train,febb4411,horizontal,prefix,data/raw/train/febb4411__horizontal_well.csv,1977,1977,1158,11695.84,12613.23,80.47886094278074,29.90198190507301
horizontal:train:febb4411:hidden,train,febb4411,horizontal,hidden,data/raw/train/febb4411__horizontal_well.csv,4098,4098,64,12583.39,12615.16,62.4363277521243,7.093919229478892
horizontal:train:febb4411:full,train,febb4411,horizontal,full,data/raw/train/febb4411__horizontal_well.csv,6075,6075,1162,11695.84,12615.16,68.30794719540458,19.909491234146387
horizontal:train:fef8af96:prefix,train,fef8af96,horizontal,prefix,data/raw/train/fef8af96__horizontal_well.csv,922,922,643,10499.9,11042.3,72.58002423023916,19.242083693864828
horizontal:train:fef8af96:hidden,train,fef8af96,horizontal,hidden,data/raw/train/fef8af96__horizontal_well.csv,2491,2491,178,10954.44,11043.2,78.17747402760128,12.574566936325624
horizontal:train:fef8af96:full,train,fef8af96,horizontal,full,data/raw/train/fef8af96__horizontal_well.csv,3413,3413,660,10499.9,11043.2,76.66535896367866,14.886401850344702
horizontal:train:ff0aea78:prefix,train,ff0aea78,horizontal,prefix,data/raw/train/ff0aea78__horizontal_well.csv,1453,1453,831,10976.98,11744.71,90.91723440738608,22.49307855970651
horizontal:train:ff0aea78:hidden,train,ff0aea78,horizontal,hidden,data/raw/train/ff0aea78__horizontal_well.csv,1773,1773,79,11720.65,11760.08,90.04463442798033,15.467500963082143
horizontal:train:ff0aea78:full,train,ff0aea78,horizontal,full,data/raw/train/ff0aea78__horizontal_well.csv,3226,3226,862,10976.98,11760.08,90.4376560554064,18.961864122902455
horizontal:train:ff8bb73a:prefix,train,ff8bb73a,horizontal,prefix,data/raw/train/ff8bb73a__horizontal_well.csv,1676,1676,969,10378.28,11212.0,83.57611751969438,19.82143945010148
horizontal:train:ff8bb73a:hidden,train,ff8bb73a,horizontal,hidden,data/raw/train/ff8bb73a__horizontal_well.csv,5617,5617,89,11184.03,11227.820000000002,78.2323592745952,9.423324480021645
horizontal:train:ff8bb73a:full,train,ff8bb73a,horizontal,full,data/raw/train/ff8bb73a__horizontal_well.csv,7293,7293,1001,10378.28,11227.820000000002,79.46040518420527,12.795943352593945
horizontal:train:ffefef30:prefix,train,ffefef30,horizontal,prefix,data/raw/train/ffefef30__horizontal_well.csv,1291,1291,846,11988.96,12762.570000000002,82.25373815551076,20.17981900601297
horizontal:train:ffefef30:hidden,train,ffefef30,horizontal,hidden,data/raw/train/ffefef30__horizontal_well.csv,3259,3259,44,12750.37,12772.06,76.43587858616804,16.96313591764472
horizontal:train:ffefef30:full,train,ffefef30,horizontal,full,data/raw/train/ffefef30__horizontal_well.csv,4550,4550,866,11988.96,12772.06,78.08661632331561,18.12530815251126
horizontal:test:000d7d20:prefix,test,000d7d20,horizontal,prefix,data/raw/test/000d7d20__horizontal_well.csv,1000,1000,632,11236.02,11756.12,87.41651479753531,22.006097467781892
horizontal:test:00bbac68:prefix,test,00bbac68,horizontal,prefix,data/raw/test/00bbac68__horizontal_well.csv,1435,1435,940,11406.63,12225.05,88.92525381605661,21.608172049845837
horizontal:test:00e12e8b:prefix,test,00e12e8b,horizontal,prefix,data/raw/test/00e12e8b__horizontal_well.csv,1917,1917,1198,10607.53,11604.820000000002,85.00317933222502,41.06545996909524
