episode_id,well,rows,episode_sse,actual_mean_error_ft,actual_rmse_ft,current_mean_error_ft,current_rmse_ft,exact_mean_position_mean_error_ft,exact_mean_position_rmse_ft,boundary_normalized_mean_error_ft,boundary_normalized_rmse_ft,exact_mean_plus_boundary_mean_error_ft,exact_mean_plus_boundary_rmse_ft,momentum_one_mean_error_ft,momentum_one_rmse_ft,exact_mean_plus_momentum_one_mean_error_ft,exact_mean_plus_momentum_one_rmse_ft,boundary_plus_momentum_one_mean_error_ft,boundary_plus_momentum_one_rmse_ft,all_three_corrections_mean_error_ft,all_three_corrections_rmse_ft,position_quantization_episode_mean_effect_ft,position_quantization_onset_effect_ft,position_quantization_preceding128_effect_change_ft,position_quantization_episode_sign_matches_actual,position_quantization_onset_sign_matches_actual,position_quantization_episode_anchor_safe_fraction,position_quantization_onset_anchor_safe,rate_boundary_episode_mean_effect_ft,rate_boundary_onset_effect_ft,rate_boundary_preceding128_effect_change_ft,rate_boundary_episode_sign_matches_actual,rate_boundary_onset_sign_matches_actual,rate_boundary_episode_anchor_safe_fraction,rate_boundary_onset_anchor_safe,rate_mean_reversion_episode_mean_effect_ft,rate_mean_reversion_onset_effect_ft,rate_mean_reversion_preceding128_effect_change_ft,rate_mean_reversion_episode_sign_matches_actual,rate_mean_reversion_onset_sign_matches_actual,rate_mean_reversion_episode_anchor_safe_fraction,rate_mean_reversion_onset_anchor_safe,all_transition_components_episode_mean_effect_ft,all_transition_components_onset_effect_ft,all_transition_components_preceding128_effect_change_ft,all_transition_components_episode_sign_matches_actual,all_transition_components_onset_sign_matches_actual,all_transition_components_episode_anchor_safe_fraction,all_transition_components_onset_anchor_safe
000d7d20:000,000d7d20,242,25728.70604174894,10.309940082644415,10.311011934561275,-16.982472427363884,16.989273982857547,-67.09871651650079,67.11355967959018,-17.028844533253054,17.03572191880832,-66.7772325319257,66.79213256163891,-18.985987230649464,18.995122273183764,-56.37144871243599,56.388429120656305,-16.383209855266788,16.39354096984396,-37.35960009351644,37.37382066786927,50.116244089136906,48.74878188020739,1.198686820025614,True,True,1.0,True,0.04637210588917087,0.04148338442064414,0.004032919930978096,True,True,1.0,True,2.003514803285582,1.8464304295666807,0.12878408167489397,True,True,1.0,True,20.377127666152557,19.682602012324423,0.4343382263505191,True,True,1.0,True
000d7d20:001,000d7d20,271,28101.87872624924,10.182964944649308,10.183170894645459,-21.184890431473168,21.19906806034839,-77.46503222122196,77.48334042379241,-21.254202246216046,21.26845876528873,-77.14013717146821,77.15851569594615,-23.927914555775608,23.944306896790998,-66.58633823435254,66.60723888053238,-21.277817138998895,21.296599295265995,-45.1859836805252,45.20610491823365,56.28014178974878,54.871560460516775,1.0598038591706427,True,True,0.915129151291513,True,0.0693118147428792,0.06403809884250222,0.003869447997203679,True,True,1.0,True,2.7430241243024396,2.5732450725154195,0.12334928428208514,True,True,1.0,True,24.00109324905203,23.184164093026993,0.45687065873789834,True,True,1.0,True
00bbac68:000,00bbac68,295,34466.32885199924,10.797291525423608,10.80902461175959,-22.799076399275762,22.82273096894409,-109.91733760794351,109.94440720825152,-22.941865147735783,22.965616736515763,-109.38976708877743,109.41696561046508,-28.6589142337351,28.684759645543323,-93.94557522436686,93.97708643310807,-24.0141923733486,24.049426591867295,-57.11963461017452,57.1588056953617,87.11826120866775,84.04819852067703,4.3407021394396,True,True,0.0,False,0.1427887484600217,0.1301421111656964,0.01945035979770182,True,True,1.0,True,5.859837834459337,5.442784266142553,0.6480923874241853,True,True,1.0,True,34.32055821089875,31.82258819981871,3.803072793272804,True,True,0.3898305084745763,True
00e12e8b:000,00e12e8b,933,165598.22933950217,-13.282504823151212,13.322539682836474,-13.329916624808785,13.841004617519475,-17.380811961857198,19.973081177556455,-13.255792203159636,13.75761477555704,-17.157705090346212,19.709968025630257,-11.128439566853295,11.498794288081509,-9.837469799809988,11.79548215747386,-9.802000247614693,9.996234664092169,-6.033095637920963,7.048984541019194,4.050895337048413,-3.1792671464718296,-1.3727404670698888,False,True,1.0,True,-0.0741244216491491,-0.004688197055656929,-0.004556386580588878,True,True,1.0,True,-2.2014770579554903,-0.5130941627830907,-0.41321555552895006,True,True,1.0,True,-7.296820986887822,-4.729583907444976,-2.6588256356699276,True,True,1.0,True
00e12e8b:001,00e12e8b,197,24368.34492199984,11.110842639593868,11.121923500239374,-15.24613633431007,15.26593586537062,-61.08034834346622,61.10003640566997,-15.088279018211878,15.108281703808931,-60.37103391573433,60.3907736201832,-13.300769329102845,13.324471357102025,-43.02167994084643,43.04384572756366,-5.493163184616158,5.5230040176385,-19.034306217417157,19.043322889554688,45.83421200915615,43.48136702811826,4.801445030916511,True,True,1.0,True,-0.15785731609819056,-0.16168233859934844,0.008447392543530441,False,False,1.0,True,-1.9453670052072236,-2.1267837668165157,0.42714972834073706,False,False,1.0,True,3.7881698831070905,3.1319551434298774,2.461811104316439,True,True,1.0,True
015fe0d2:000,015fe0d2,858,180721.51100599708,14.42931468531457,14.513136522083064,28.93232511377712,29.387412231363943,113.28659831389542,113.84246511553219,28.912285499604998,29.372118327130153,112.50620917108476,113.0657607265983,31.298967497624908,31.865943997423752,93.10976876688731,93.77602241003525,20.638884864999547,21.508056245731392,50.49973400800852,51.362740038076694,-84.3542732001183,-75.36975196435196,-3.310709775376381,False,False,0.0,False,0.020039614172127223,0.05657011511721066,-0.012990227309273905,True,True,1.0,True,-2.3666423838477852,-1.1760094544242747,-0.4231215033578337,False,False,1.0,True,-21.56740889423139,-16.06200615029229,-2.091093706239917,False,False,0.9475524475524476,True
01869cd4:000,01869cd4,363,51637.1434737481,11.8943209366389,11.926905883326123,47.195059107580256,47.22493657492403,116.72136228528812,116.79919321672307,47.090934508888296,47.121229794738525,115.94094084479613,116.01927043760124,47.422078190284395,47.46468061263181,96.5467619709718,96.63933339876249,34.14912497089197,34.2096279431101,54.14637277334091,54.25652554958246,-69.52630317770787,-65.9359515201304,0.07467850262582942,False,False,0.0,False,0.10412459869195737,0.11855629184901773,0.0007190492087829625,True,True,1.0,True,-0.22701908270413917,0.24225684449447726,0.030771391740927356,False,True,1.0,True,-6.951313665760654,-4.796000037635167,1.180945277956198,False,False,1.0,True
01869cd4:001,01869cd4,477,191492.0704134984,19.525186582809127,20.036239202255935,70.81818674522557,70.99447424288341,177.77658853802572,177.95393575424518,70.87692930064551,71.05391744158847,176.99285168052734,177.17098086677015,76.43774403429275,76.62831705051182,157.38819933925168,157.58817647217134,65.14736659001076,65.39099411308368,106.95507374557933,107.21198522539659,-106.95840179280015,-103.00304818671066,-1.0519679569351865,False,False,0.0,False,-0.058742555419948474,-0.042567783915728796,-0.004036891674331855,False,False,1.0,True,-5.61955728906717,-5.085905966481732,-0.1310042353343306,False,False,1.0,True,-36.13688700035377,-33.123630565540225,-0.48967373960658733,False,False,0.0,False
028d7b28:000,028d7b28,4839,4907248.151781209,29.297103223806428,31.844996024626454,70.29924473206957,75.0455019496723,158.21616191598415,169.50087954030917,70.39297913825136,75.17506889991773,157.72885768437277,169.02447879440538,75.10722432894127,81.09839855553106,143.39448601656784,155.14393497142248,70.41701224008098,76.53667329632489,116.3049760648144,126.23235071704323,-87.91691718391458,-19.829282939899713,-4.287711687404226,False,False,0.2109940070262451,True,-0.09373440618179436,0.07035379871922487,0.012411842984874966,False,True,0.5949576358751808,True,-4.807979596871706,2.139463460940533,0.08080917622282868,False,True,0.5556933250671626,True,-46.00573133274483,-5.814209249354462,-1.8451997604261123,False,False,0.3725976441413515,True
02e7fe5a:000,02e7fe5a,652,182329.435948252,-16.350089723926477,16.722630599094174,-37.31521053059009,37.59447487437539,-75.87525068230916,76.07243492900673,-37.26051224746109,37.540578568781754,-75.34769506312742,75.5462447546102,-36.40560958969468,36.70501499610088,-59.90422132060985,60.15255370151812,-25.23593515888866,25.6394451196155,-23.070526993311503,23.557672648602548,38.56004015171907,38.086356670059104,-0.5185507024707476,False,False,1.0,True,-0.05469828312900699,-0.05644722760007426,-0.0020666659711423563,True,True,1.0,True,-0.9096009408954132,-0.9610957497970958,-0.07141664393930114,True,True,1.0,True,-14.244683537278586,-13.418009658962546,-1.1011451316917373,True,True,1.0,True
0498acab:000,0498acab,278,35377.465595750655,-11.261519784172764,11.280827562209774,3.169793280799901,3.311981363730943,31.2495964065989,31.333962740565987,3.1426528466395376,3.286020861207621,31.017237901389798,31.10141108736479,2.7118140088189144,2.8912285348959843,22.885843613721622,22.976363605677466,1.2052420858050197,1.4855169993993438,15.463213992325109,15.524883914553696,-28.079803125799,-24.744571501752944,-4.1479586196383025,True,True,1.0,True,0.027140434160363505,0.030981413588961004,-0.004441585717358976,False,False,1.0,True,0.4579792719809866,0.6872010889910598,-0.29544629661540966,False,False,1.0,True,-12.293420711525208,-10.562672649783053,-2.5922146775010333,True,True,1.0,True
059c8f24:000,059c8f24,293,67888.23761975138,-15.045462457338038,15.221710471953676,77.41578002890098,77.48208554934382,200.93856052807595,201.01151934153162,77.7836082358057,77.84998190201208,200.78186367695213,200.85487946024614,91.12094022857555,91.18863346627302,195.31950189598737,195.39456858151837,99.03000095812087,99.10788064801248,181.48556947792108,181.56810717110906,-123.52278049917497,-127.27498773460684,2.958794013255101,True,True,0.0,False,-0.3678282069047056,-0.38349394383476465,0.01216143240162637,True,True,0.0,False,-13.705160199674559,-14.22657790597259,0.40416995724990556,True,True,0.0,False,-104.06978944902006,-107.92580619355249,3.056996131537744,True,True,0.0,False
05a0ee4d:000,05a0ee4d,287,37155.848026748594,11.358712543553795,11.378175825264007,-13.444035212922923,13.541976441812846,-86.95788101680111,86.98250089246083,-13.069873104383946,13.169368914043394,-85.34085085334465,85.36588277849157,-12.079286353095485,12.150612926090044,-60.86801183872119,60.90069338895244,5.767833872801099,5.961500113351931,-8.539331397318088,8.619390276010327,73.51384580387818,68.09128440809945,4.337287013060632,True,True,0.0,False,-0.37416210853897697,-0.39651999805391824,0.016114498874230776,False,False,1.0,True,-1.3647488598274382,-2.120778690208681,0.5471142764799879,False,False,1.0,True,-4.904703815604834,-8.223061564329328,2.3097528354737733,False,False,1.0,True
05a0ee4d:001,05a0ee4d,445,56288.003823251376,-11.234428089887778,11.246772702959083,-36.29414123024231,36.305065612258886,-126.20108119643298,126.27157425076821,-35.984294415488215,35.995296400966915,-124.56973493913142,124.64112462937992,-37.02572449685826,37.040525240088414,-99.54746902017818,99.63513235302923,-16.69627210820535,16.72781154630478,-36.969064384211904,37.09390115717155,89.90693996619069,83.55323089428202,-0.08139889275480527,False,False,0.0,False,-0.3098468147540945,-0.33680839570479293,-0.0007420105575874913,True,True,1.0,True,0.7315832666159479,-0.15387798486699467,-0.03171394071978284,False,True,1.0,True,0.6749231539695879,-3.5373581053918315,-1.4444785404975846,False,True,1.0,True
084d66f9:000,084d66f9,713,1147993.0776084906,36.24009957924244,40.12590768934824,43.57014711255705,45.50470321450563,101.17434323228692,102.6297728368368,43.63160187820016,45.568343345750854,100.8504250639457,102.31027493583731,46.390581599621896,48.36366151461269,90.34076159413067,91.95809034981905,43.397999181938026,45.57677163630703,69.70382395913963,71.5787777187654,-57.60419611972987,-52.26099360875742,-1.5307090289752523,False,False,0.27349228611500703,True,-0.061454765643101116,-0.040698242522921646,-0.005449189726277837,False,False,1.0,True,-2.820434487064843,-2.145196632200168,-0.1752799552432407,False,False,1.0,True,-26.133676846582564,-22.545816463783922,-0.806138033129173,False,False,1.0,True
08fecf00:000,08fecf00,1658,300726.5013797421,13.390917671893671,13.467704778552914,21.802399737049015,22.005106304002204,48.766731743557436,49.5281332511264,21.712454384813537,21.91649293259774,48.303764008503535,49.06405733510397,19.786203747296312,20.049422727278902,34.74517903893985,35.543488680796,14.442644630699595,14.596858134081248,16.223371333601875,16.47661322932287,-26.96433200650842,-14.956066362394267,-2.4461537484712608,False,False,1.0,True,0.08994535223548014,0.09133237096830271,0.005349096960344468,True,True,1.0,True,2.0161959897526986,2.4664335809611657,0.011285564756690292,True,True,1.0,True,5.57902840344714,5.576417612968726,-0.1487485591951554,True,True,1.0,True
08fecf00:001,08fecf00,246,43065.22173924936,13.146388211382012,13.23109507897281,51.78512791464071,51.829617236085035,133.8271922070311,133.87484677961592,51.894537038040234,51.93916926013611,133.29929609135192,133.34713887035736,56.39158357559769,56.43995430067079,117.82314046011962,117.87720236891708,50.599466669871425,50.66024983869182,78.82292741198532,78.89518513423778,-82.04206429239038,-79.78839813704326,-2.128672073384223,False,False,0.0,False,-0.10940912339952123,-0.10037272072986525,-0.008441887926892377,False,False,1.0,True,-4.606455660956981,-4.308284313976401,-0.2779290321213921,False,False,1.0,True,-27.03779949734461,-25.12878205260131,-1.742911804238247,False,False,1.0,True
09053135:000,09053135,2792,1186981.539321516,-20.38964971346719,20.618842219794583,6.413422602653284,12.178461328765216,42.25329931142155,48.849127004374246,6.331354138954832,12.140737745574667,41.85154158853336,48.44291368097182,4.7724946911633515,12.017285353358181,29.616591223051884,36.74679783284274,0.12237082229375637,9.011205113828648,13.718120147188648,19.099520235218083,-35.83987670876826,-7.510654290752427,-2.6466380718666187,True,True,0.910458452722063,True,0.08206846369845455,0.0247234596972703,0.01249839772208361,False,False,1.0,True,1.6409279114899329,1.3328613670983032,0.37975738105888013,False,False,1.0,True,-7.304697544535365,-1.5258488055769703,-0.5011099145631306,True,True,1.0,True
09441b8d:000,09441b8d,716,103898.94486475136,-11.988943435754267,12.046171930990921,-21.784231988787614,21.987776235658767,-86.39880303514886,86.68830408209469,-21.778404992823774,21.984077975921124,-85.87832581009337,86.1693523637069,-22.972760331102,23.23626496038392,-70.78061887263746,71.12295243278419,-15.962826748410137,16.32796477845183,-41.960605042788885,42.317686520262086,64.61457104636125,58.002812486724,-0.06559356495199609,False,False,0.0,False,-0.005826995963842459,-0.030660946471471107,-0.0013912296253693057,True,True,1.0,True,1.1885283423143795,0.38172724901778565,-0.05009927702121786,False,False,1.0,True,20.17637305400127,16.484321940391965,-1.2651354959216405,False,False,1.0,True
09441b8d:001,09441b8d,1851,701356.5972215094,-19.25828254997312,19.46553003786582,-48.6028248949779,49.73781324002131,-137.71237653933986,139.44968806011144,-48.696993780674376,49.83945204315885,-137.18539117463743,138.92915342188925,-53.06844053605666,54.423917939190815,-121.77710456866293,123.72784749427979,-46.79462614524619,48.53254540353918,-86.03746854265019,88.25315019097644,89.10955164436196,73.19467491761861,3.6040248145327496,False,False,0.0,False,0.09416888569647937,0.02969356427092862,0.015334323144998052,False,False,1.0,True,4.465615641078766,2.3545375333123957,0.505071469297036,False,False,1.0,True,37.434643647672296,26.104659871651165,2.7469656542762095,False,False,0.46731496488384655,True
09ec2ca9:000,09ec2ca9,2162,324965.7671390063,-12.223706290471906,12.260013882427712,-27.733306074722126,28.399561687758986,-72.88964394153454,74.77076258627855,-27.84086538879792,28.5131218211853,-72.74159741810276,74.62464887198408,-31.6794660509455,32.540755794726856,-67.60148119925518,69.5662488586409,-33.604607175780416,34.60658087388576,-59.23984356549975,61.0036812676145,45.15633786681242,24.94173890651109,2.127633120955579,False,False,0.877890841813136,True,0.10755931407578985,0.033865695162603515,0.005631751486362191,False,False,1.0,True,3.9461599762233655,1.4567735838227236,0.20894954542745836,False,False,1.0,True,31.506537490777617,15.555626268240303,1.4373739210241183,False,False,1.0,True
0c1b160c:000,0c1b160c,233,26554.641591249547,-10.669452789699486,10.675599226580426,2.2488965321879677,2.3918747651329975,41.42737881722499,41.49571715728769,2.1854282555281697,2.3336834727228877,40.943947751948514,41.01280459844303,1.3209601003715328,1.6322387312027813,26.95448516871546,27.048113349052834,-3.81914513541207,3.914296794298974,7.38646998765274,7.547410194795379,-39.17848228503703,-36.20937894684721,-3.765859209024711,True,True,1.0,True,0.06346827665979793,0.0715543306159816,-0.009638154868298443,False,False,1.0,True,0.9279364318164349,1.2212700551699527,-0.3679921937164181,False,False,1.0,True,-5.137573455464772,-3.6398530910464615,-2.0405797740040725,True,True,1.0,True
0c1b160c:001,0c1b160c,211,22877.737963249583,10.409869668246351,10.412746919234447,50.287431229825344,50.29439721560538,128.35022842197762,128.36277069234959,50.365484975854905,50.372500795031165,127.82276402899761,127.83535716021538,54.00010849917329,54.00859284252231,112.38732781572259,112.40156993213316,47.51495088842826,47.52559908911011,76.00275168510068,76.01856803609827,-78.06279719215227,-76.37805808714438,-3.2257314110138395,False,False,0.0,False,-0.07805374602956026,-0.07141289606261125,-0.013379168292885879,False,False,1.0,True,-3.712677269347947,-3.495287301742792,-0.441212437397553,False,False,1.0,True,-25.715320455275332,-24.459292812183776,-2.668969515718345,False,False,1.0,True
0dc5e64d:000,0dc5e64d,486,72944.50468475168,-12.209359053498083,12.25118661295366,14.193548777384047,14.450599356301009,49.44195304264349,49.875157827364106,14.227511830425007,14.485593355557548,49.350671231857326,49.78304376505454,16.18184839118917,16.47336901812335,45.617244360754526,46.0449092773421,16.809873765092394,17.121162310533414,42.850392402333064,43.22665802658653,-35.24840426525944,-27.535689186579475,-5.111016384062168,True,True,1.0,True,-0.033963053040960076,-0.016441871519418783,-0.009119720138187404,True,True,1.0,True,-1.9882996138051234,-1.2094137850617699,-0.49893117001192877,True,True,1.0,True,-28.65684362494902,-22.47474043836337,-4.270659694548158,True,True,1.0,True
0dc5e64d:001,0dc5e64d,162,19253.4737564998,10.891580246913522,10.901770655961531,61.69330566942434,61.69659547095878,162.07974588200432,162.08355319069992,61.9905859619731,61.993775516459564,161.92391814080904,161.92772859664126,72.76873717709059,72.76962193363175,156.52412404287585,156.5280372963325,79.8065976902141,79.80666121857409,145.5151536768456,145.5186909392519,-100.38644021257997,-97.24859248896792,-5.208090586695107,False,False,0.0,False,-0.29728029254875976,-0.2819192765873595,-0.02854741606824973,False,False,1.0,True,-11.07543150766625,-10.556263127855345,-0.9805082149123336,False,False,0.15432098765432098,True,-83.82184800742128,-80.85189859075217,-4.925903446757729,False,False,0.0,False
0dc835f3:000,0dc835f3,131,14913.745161249944,10.664980916030515,10.669835186651428,-1.8706878477303772,1.9095477926275126,-20.4917614047611,20.5150784486467,-1.792894060359408,1.832828518884508,-20.22740802507374,20.25041723328066,0.25702120438267273,0.42792383077862184,-10.996415248803958,11.018284055786298,2.174024497323965,2.1861453857150743,-4.984863146664835,4.992028559078974,18.621073557030723,17.128490956871246,3.356587407473853,True,True,1.0,True,-0.07779378737096931,-0.07286589336945326,-0.010843871314136777,False,False,1.0,True,-2.12770905211305,-2.0865483403649705,-0.09996309183770791,False,False,1.0,True,3.1141752989344575,2.8475707844463614,0.9158068376818846,True,True,1.0,True
0dc835f3:001,0dc835f3,183,21386.166480749027,10.803336065573523,10.810379165829989,-7.631400738412221,7.680210571786572,-35.76287877930046,35.83050218589478,-7.531581896409949,7.581127395387781,-35.35753749483365,35.425326545878995,-5.444332060978287,5.524388100060317,-23.16480956753946,23.249229339305437,-1.6111579522957336,1.799916618920906,-10.74298548237874,10.827896860676315,28.131478040888236,25.586313269330276,3.5081527798774914,True,True,1.0,True,-0.0998188420022724,-0.10153639521013247,6.152920468593948e-05,False,False,1.0,True,-2.187068677433935,-2.338088888383936,0.16022907953993126,False,False,1.0,True,3.111584743966519,2.051117495953804,1.3283141095344035,True,True,1.0,True
0dc835f3:002,0dc835f3,477,82712.44637474883,13.09973689727454,13.168194830094627,-21.14557113880403,21.362694387055654,-69.79621352271857,70.14959805153042,-21.093306721657356,21.312717656576375,-69.30675343451605,69.6617316128533,-20.932169025367166,21.218675237628368,-55.156075397594094,55.57248213603065,-15.493676300698745,15.84380672365452,-34.59695256590755,35.01442921473301,48.650642383914544,40.6297027913879,5.035744963099205,True,True,0.8406708595387841,True,-0.0522644171466768,-0.07789836517622462,0.014489515691820998,False,False,1.0,True,-0.213402113436866,-1.153625904538785,0.5751986461928027,False,False,1.0,True,13.45138142710352,8.37654713847951,3.292842762775763,True,True,1.0,True
0dd99dc5:000,0dd99dc5,525,115242.08255075169,-14.764050476190588,14.815826965380584,-83.4311659890586,83.44614282940204,-218.5157483837321,218.54139129332432,-83.64633972549522,83.66138482088952,-217.73179952342184,217.75753471758864,-93.11267435987541,93.12962761757235,-198.0962994769761,198.1245745241859,-86.53212563593982,86.55417904911535,-143.13667515692694,143.17045134499944,135.0845823946735,131.61974025822747,2.227898947765425,False,False,0.0,False,0.21517373643663068,0.20158201869526238,0.008876562866134918,False,False,1.0,True,9.681508370816799,9.232703368406874,0.293546240989599,False,False,0.0,False,59.70550916786837,56.69324969178524,1.9807120081532048,False,False,0.0,False
0e5e560d:000,0e5e560d,2689,557325.9491865125,-14.153448121978597,14.39657655767772,-20.711361235520197,22.11095188888526,-38.08857415571027,44.80933578324661,-20.319099871632393,21.710671269487765,-36.931410543133055,43.61163199315881,-15.911312434033137,17.467242149883695,-20.09348292734391,26.509925345290863,-7.6685021733781475,8.445063431280653,3.142218479261223,5.561465872576654,17.37721292019008,-6.068022190816919,-3.350805259133267,False,True,1.0,True,-0.39226136388780375,-0.039354433512926335,-0.035278608282169444,True,True,1.0,True,-4.800048801487059,-0.8211134815264813,-0.6458776084273268,True,True,1.0,True,-23.853579714781418,-8.170386410894935,-5.13453172429945,True,True,1.0,True
109d9d70:000,109d9d70,2679,1094433.2109150137,-20.030939156401768,20.21195277690892,-47.33182532783834,50.33199135411605,-102.63057627654864,108.49973719961702,-46.84227426166415,49.88621042860765,-101.06091887883322,106.99382682174445,-42.96421531577709,46.92180941797963,-77.59975860556713,84.5654800342518,-25.19534139675355,29.44937062405035,-31.247295555033748,38.16304453336963,55.298750948710286,20.560561235501154,1.5842182664127904,False,False,0.3658081373646883,True,-0.4895510661741832,-0.5211147002737562,-0.01793364509831008,True,True,1.0,True,-4.367610012061253,-6.929636762548398,-0.2162409582233522,True,True,1.0,True,-16.084529772804583,-22.8336505674215,-2.249224733432129,True,True,1.0,True
10a1281a:000,10a1281a,3087,774389.6578620134,-15.494479429867331,15.838405487632741,-43.47346786052174,44.54204748270391,-107.05561684355095,109.65007409640835,-43.19613462442216,44.2763871145985,-106.01938467378447,108.6371281294073,-38.09553357960454,39.88831280072457,-65.70697447504283,69.4892791395083,-10.522890356008219,13.504904476339933,8.458794422178746,13.655326150321288,63.582148983029214,36.31349856353336,4.600597583323179,False,False,0.3624878522837707,True,-0.27733323609959026,-0.3142725354900904,0.0037040907009213697,True,True,1.0,True,-5.377934280917196,-8.856628403422292,0.4696033680920664,True,True,1.0,True,-51.93226228270048,-49.40291413950035,0.990252002107809,True,True,1.0,True
113011eb:000,113011eb,1866,2224378.117111483,33.952270632368574,34.526176573186504,34.52084528010382,35.57519093201951,84.19655904379711,87.1878756118441,34.47208053567573,35.537127728182895,83.72002289551642,86.71718150312589,34.252763980994075,35.69107147481084,69.82238927001808,73.08413298021433,29.11181426713056,30.555874851967726,49.44786875627173,52.03331791575247,-49.6757137636933,-23.557027110657145,-2.369752748771134,False,False,0.5969989281886388,True,0.048764744428095065,0.10184265180396324,0.0041421317218919285,True,True,1.0,True,0.2680812991097464,2.5939541836705757,-0.010741776113718515,True,True,1.0,True,-14.927023476167914,-1.5450281661560439,-0.12736846688494552,False,False,1.0,True
1131525f:000,1131525f,195,23256.810939999617,10.908671794871704,10.920883532398062,20.3993135001282,20.40281198519864,67.38415640478138,67.39648671351289,20.415559831397648,20.419083390494468,67.06429198745863,67.07666739654954,21.509268607001502,21.513864892791798,56.71988416550082,56.73392891205146,18.04700382363779,18.05278520872797,38.46216830153506,38.47424987520625,-46.98484290465317,-45.57696370431586,1.9229733923457388,False,False,1.0,True,-0.016246331269445736,-0.011070838198065758,0.008432033464487176,False,False,1.0,True,-1.1099551068732978,-0.9419030321569153,0.282924620230915,False,False,1.0,True,-18.062854801406857,-17.232149447456322,2.73134991185907,False,False,1.0,True
11d0f5ac:000,11d0f5ac,3537,2154349.551780273,-24.532942182640788,24.679738597723958,-48.61143972406277,50.47794591828741,-87.38878645765384,94.20362240402389,-48.5454584285963,50.433513770466284,-86.89181213755845,93.72876463146538,-47.467367820318344,50.10017404712764,-72.38363343513907,80.02212768783684,-39.71946094491616,42.626742715121395,-46.19153795810732,53.06188839968208,38.77734673359108,8.334602716016889,-1.815623109076114,False,False,0.7478088775798699,True,-0.06598129546647778,-0.12812068057610304,-0.02027291643935314,True,True,1.0,True,-1.1440719037444265,-3.6824592032280634,-0.5278626507624722,True,True,1.0,True,-2.4199017659554554,-12.637032766566335,-4.097341102929931,True,True,1.0,True
12203f2a:000,12203f2a,210,51169.15842475095,-15.545097619047764,15.609697600065182,-36.458724387848385,36.50326652761512,-99.15937044729093,99.17926069621515,-36.29958606629304,36.3443381224394,-98.38723997585885,98.40726270851077,-34.62420552155306,34.67147898188763,-79.33433973928068,79.35813240758871,-22.764381458994034,22.822303318627178,-42.65298378072251,42.67705657152173,62.70064605944254,62.4286127050691,0.26011335070325003,False,False,0.0,False,-0.15913832155534433,-0.15938827381069132,-0.00022756379257771187,True,True,1.0,True,-1.8345188662953227,-1.8374928155699308,-0.0127874801382859,True,True,1.0,True,6.194259392874128,7.042985367013898,-1.2005723976180889,False,False,1.0,True
122bd617:000,122bd617,2076,1455414.989466016,-25.607104527938496,26.477668904377406,-49.613189495514135,51.16698047031229,-109.1970704711205,111.38824195873616,-49.38254639817388,50.95177962584247,-108.07682013957428,110.28803885355894,-48.31144152978304,50.19889699860499,-85.7081661036232,88.38312374416167,-31.4182652655322,33.72826869623491,-37.61779395288443,40.706380069464174,59.58388097560635,44.401998284638466,2.3803851426891924,False,False,0.27215799614643543,True,-0.23064309734025087,-0.2802098713982559,0.004761913303809706,True,True,1.0,True,-1.3017479657310982,-2.9348613438942266,0.1856815967566945,True,True,1.0,True,-11.995395542629701,-13.8660498455356,0.11099146700871643,True,True,1.0,True
125be846:000,125be846,957,234746.24512349628,15.494258098223488,15.661860746786132,-8.143522626800808,8.366389615895393,-58.17329282855117,58.693770104826754,-7.993688355538882,8.22363887172837,-57.4446683514555,57.96842826115897,-5.937389787704553,6.40736777346371,-39.60329032251007,40.24746908261994,2.710513613907024,3.17163060406084,-12.545708128156033,13.055725351614505,50.029770201750374,38.82442138012448,4.929280262718748,True,True,0.7335423197492164,True,-0.14983427126192575,-0.1705534501816146,0.005099008836623398,False,False,1.0,True,-2.2061328390962545,-3.1075950321410346,0.3784035634071188,False,False,1.0,True,4.402185501355225,1.1158336913595122,2.449189061331708,True,True,1.0,True
1285a37b:000,1285a37b,697,98213.95407950238,-11.836032998565424,11.87053270676894,-13.925737028760581,14.153340574684316,-43.44697901996237,43.8307247664463,-13.829361631335216,14.058763509098565,-43.009799056170785,43.39365378926985,-11.690996166045975,11.99211110728939,-30.10418196936233,30.537133936988493,-7.274206473942509,7.566305036159702,-15.131080283609288,15.388979222962261,29.521241991201784,25.065901259251405,1.9914345965808025,False,False,1.0,True,-0.09637539742536601,-0.09246529216034105,-0.004278980370145291,True,True,1.0,True,-2.234740862714605,-2.302501512758681,-0.01330727572349133,True,True,1.0,True,1.2053432548487069,2.1513758001256065,-0.21455391878043883,False,False,1.0,True
12f0cd90:000,12f0cd90,1234,261752.8283652474,13.98349959481355,14.564249550310985,116.50856273460978,117.02945430340455,253.28502762089855,253.81999026124097,116.22806654997905,116.75110734691214,252.24270595947624,252.77986370505715,118.58916627006555,119.19534529557403,210.78274759809102,211.41805670250952,85.34691613533275,86.04116978603643,120.36222319859382,121.075995111924,-136.77646488628875,-123.73523053547615,-1.3008997152155644,False,False,0.0,False,0.2804961846307362,0.30552780732796236,-0.0021934508586127777,True,True,0.0,False,-2.0806035354557677,0.42388057255448075,-0.2033031680603017,False,True,0.0,False,-3.8536604639840366,2.918162476049474,0.256256130638576,False,True,0.0,False
137d1e44:000,137d1e44,2544,2106730.609946269,-28.090455778302026,28.77702865348564,-56.714197316740766,57.958079748174924,-97.33016723784131,101.42512137232849,-56.67054379873061,57.92773913229545,-96.8163851237811,100.92810422552772,-56.264217047670506,57.971110407807686,-81.8960966803851,86.56278234509315,-48.91969234206706,50.87260797512874,-53.73187711965018,58.329598919221596,40.61596992110056,17.70379215451794,-0.07383114181902783,False,False,0.7338836477987422,True,-0.04365351801014431,-0.12152007145959942,-0.005247604918622528,True,True,1.0,True,-0.44998026907024957,-3.0668018008636864,-0.138000707320316,True,True,1.0,True,-2.9823201970905786,-13.621543346258477,-1.8678807317191968,True,True,1.0,True
13f598d9:000,13f598d9,403,59967.33258475091,-12.182008684863614,12.198455398372438,-94.4454623151373,94.45822093788942,-216.392997616158,216.4238425195764,-94.81669476684615,94.82953742883619,-216.06592496734478,216.09681654298285,-107.21588326452226,107.23145108385583,-205.36289748051814,205.39539434405117,-112.68254198605787,112.7026786555471,-176.84826662372626,176.8839841395003,121.94753530102072,119.86751806739267,-0.07989348008959496,False,False,0.0,False,0.371232451708845,0.36264196594129317,-0.0003067093075515004,False,False,1.0,True,12.770420949384972,12.485164552217611,-0.010246769614241202,False,False,0.5483870967741935,True,82.402804308589,80.5009577097153,-0.20440567171135626,False,False,0.0,False
14fee784:000,14fee784,965,862803.2300447569,-29.097588082901684,29.901448316851543,-67.23541393475539,67.67844466707501,-153.81055062268305,154.43659609991204,-67.21198723208389,67.65773299667393,-153.0278932289904,153.65706811367258,-69.79925156352206,70.31450546401962,-133.50634681793397,134.2226544707258,-57.8050063039504,58.45884213210164,-87.29780648400747,88.1577123276277,86.57513668792765,78.44611683271614,-0.1270945787164237,False,False,0.0,False,-0.02342670267151174,-0.057630711680758395,-0.0007388075173366815,True,True,1.0,True,2.5638376287666733,1.4431912808959169,-0.030432236999331508,False,False,1.0,True,20.062392549252067,14.967297342631355,-1.0881990210473305,False,False,0.8642487046632125,True
153552f5:000,153552f5,2383,552496.153772763,-14.831110574905765,15.226588404804735,-27.808276469766756,28.755205611827087,-76.91940574502479,79.59509783390507,-27.768087087927373,28.725229613094474,-76.43528382033679,79.1164549719713,-27.778592643159726,29.08054030909057,-62.315283025448636,65.2484057192826,-22.28210557108585,23.48857853449246,-40.07420877814738,42.10066082515267,49.111129275258044,21.718743928582626,3.255111795671837,False,False,0.7087704574066302,True,-0.040189381839380374,-0.091732002380013,-0.0028967007328901673,True,True,1.0,True,-0.029683826607023796,-2.320280175725202,0.08490852349132183,True,True,1.0,True,12.265932308380627,0.3633868255492416,0.9875565202382859,False,False,1.0,True
153552f5:001,153552f5,557,111457.42088900197,-14.01121184919224,14.14577992078657,-47.43946521021901,47.56118131648382,-138.49934642849334,138.6602314643704,-47.55821225725471,47.680576059077964,-137.9722324606558,138.13371871782633,-52.72494037828291,52.86457557662481,-122.56200656054374,122.74277779452399,-47.483364608136085,47.655587623460036,-87.20077159745804,87.404481344962,91.05988121827433,84.24389897086803,3.8066617253771255,False,False,0.0,False,0.11874704703569776,0.08969399845409498,0.01623756681328814,False,False,1.0,True,5.2854751680639,4.325600818907333,0.5360565548216982,False,False,1.0,True,39.76130638723904,34.254517377605225,3.129702606029241,False,False,0.10412926391382406,True
1550491d:000,1550491d,2092,1396498.0642997366,24.726703871892788,25.83683602428076,-3.367037206767151,10.858762461768622,-45.50143416509225,51.81580214626739,-2.9217617042759745,10.703548637348858,-44.11032942763761,50.50352341403825,1.5459312239027898,10.787370259102287,-23.905056036214514,32.05744890274364,12.158131095166052,13.992403442745928,6.1022839554738235,11.559417128201861,42.1343969583251,16.65969388420126,3.68040679726073,True,True,0.7715105162523901,True,-0.4452755024911766,-0.29734332366933813,-0.05603245776910626,False,False,1.0,True,-4.912968430669941,-4.1079107664209005,-0.6172377276107,False,False,1.0,True,-9.469321162240975,-4.864881209843588,-0.6441766686039045,False,False,1.0,True
1590af81:000,1590af81,971,169533.7727280039,-12.972371781668537,13.213519148522339,-39.902020118279616,40.06441710947143,-99.98062581356201,100.45811071866812,-39.481012525378574,39.64706682419216,-98.36156046334615,98.84612662158897,-36.98392124258465,37.23406832669862,-73.80696542780275,74.41928763551095,-18.80539430927603,19.138183548615608,-19.973453319671165,20.851332189674064,60.07860569528239,49.382188246609076,1.9191487076386693,False,False,0.3274974253347065,True,-0.4210075929010434,-0.45782894948752073,0.0044273932526266435,True,True,1.0,True,-2.9180988756949646,-4.135197228393736,0.1579395878361538,True,True,1.0,True,-19.928566798608454,-23.50740800292806,-0.3163810964797449,True,True,1.0,True
15e154a1:000,15e154a1,215,29143.45685425077,-11.61001627906992,11.64263553121862,-5.5167970467327105,5.622525237208549,44.36950629495885,44.3885763814586,-5.50730538659914,5.613135506964453,44.06369027367509,44.0828315626122,-4.750920452249269,4.871020006274218,34.162900279341336,34.185395386918216,-7.098363197616159,7.163811905234576,19.670802026315698,19.689783036231287,-49.88630334169156,-47.94387456734694,-4.2375096024698,True,True,1.0,True,-0.00949166013357002,-0.00300885313845356,-0.015403206982227857,True,True,1.0,True,-0.7658765944834413,-0.5443233406112995,-0.5324827494532656,True,True,1.0,True,-25.18759907304841,-24.092336927209544,-3.1614824505704746,True,True,1.0,True
15e154a1:001,15e154a1,462,75808.4213412518,-12.72280627705643,12.809664011231192,28.846710542036078,28.88148500324379,124.17764053372898,124.19732743099819,29.040088622147994,29.07467030919335,123.85068741000465,123.8704257274858,35.671617745918056,35.70136899956483,113.16548806564867,113.18702320917852,35.58758570666642,35.61702449430389,87.18014331332412,87.20167319358329,-95.33092999169287,-91.38184323655332,-3.0622341465386853,True,True,0.0,False,-0.19337808011191732,-0.17683525209940854,-0.012615592711881618,True,True,1.0,True,-6.824907203881984,-6.276426909445945,-0.41756220532442967,True,True,1.0,True,-58.33343277128806,-54.87747263988422,-2.7590259439039073,True,True,0.0,False
173ed841:000,173ed841,3558,2152878.1780905225,-23.901991849353703,24.598394142795307,-56.94766205090292,58.71303033416502,-111.8822167639263,116.49501952446619,-56.81155657623867,58.59412519371578,-111.14174631395016,115.76932051348008,-55.277367623443425,57.61589782461577,-92.80994047193931,97.86738248247967,-44.63312553360572,46.72440189843374,-58.610427795275875,62.1316700595497,54.93455471302338,25.26091230188831,4.549577716739805,False,False,0.5418774592467679,True,-0.1361054746642389,-0.18280385574871616,-0.012031000735078123,True,True,1.0,True,-1.6702944274594895,-3.942159923250074,0.02208453267303412,True,True,1.0,True,1.662765744372957,-1.4869730423597503,1.5797246715319488,False,True,1.0,True
1770d7c6:000,1770d7c6,1317,680103.683477009,-22.058552771450433,22.724517773346438,-75.75656789082782,75.80363106979257,-208.4673260956387,208.76755532855924,-76.00149240297901,76.04948974627183,-207.6833940137572,207.98475400949982,-86.22834662558688,86.31110166080545,-188.051680988714,188.3842479324596,-81.1757562630265,81.31943880762705,-134.0805410857752,134.48269043803393,132.7107582048109,116.7494219524906,3.7800096147002478,False,False,0.0,False,0.2449245121511817,0.17487320679538243,0.01640424620200065,False,False,0.9886104783599089,True,10.47177873475905,8.130177545113838,0.5469539915120549,False,False,0.40774487471526194,True,58.32397319494736,43.90759641696786,3.402646576249026,False,False,0.0,False
177622d7:000,177622d7,262,58424.7208567511,-14.686891221374193,14.933021053151272,-21.055807491507448,21.197979066518933,-76.06084399853387,76.1300297193864,-21.117159682199286,21.25923646859466,-75.74114340025591,75.81057870465334,-23.60649436563496,23.742615168509076,-65.40246106048203,65.48108991984736,-21.65370025302549,21.796323055479814,-47.20405400437362,47.28703287791175,55.005036507026425,53.29664004026745,2.465109488017333,False,False,1.0,True,0.061352190691837775,0.05530653380083095,0.008947572308898089,False,False,1.0,True,2.550686874127511,2.3552650050187367,0.29266711834316084,False,False,1.0,True,26.148246512866166,25.224331511020864,1.6401576883381495,False,False,1.0,True
19137a89:000,19137a89,1174,191584.57564200443,-12.741625212947335,12.774567993842505,5.8384512685658985,7.7094457546702735,41.55525076427694,43.63327462556437,5.672188406917104,7.584941229338569,40.91681638981312,43.0033486542534,2.800700491565235,6.099169816365115,25.03911848071025,27.655119413130365,-3.3070783706271563,5.227030750070625,6.118322342904722,9.081271417630148,-35.716799495711044,-20.889499706510833,-3.684960339727695,True,True,1.0,True,0.16626286164879442,0.14889824769670668,0.015398044484754791,False,False,1.0,True,3.037750777000663,3.3888901068585255,0.11692152985779103,False,False,1.0,True,-0.2798710743388242,2.202043831919582,-0.6043097772089823,True,False,1.0,True
19137a89:001,19137a89,242,33979.7937969991,11.820371900826284,11.849572610941703,54.47375932822287,54.479032462575695,175.12769205632617,175.13654440153257,54.60135699437422,54.606642843946176,174.34392941474437,174.3528213053978,61.57116547858701,61.57681713432657,154.7365803201417,154.74656729335538,53.23888522219176,53.24625759791523,104.09594256460467,104.10702019465312,-120.65393272810329,-118.60642252118487,-2.296839876757076,False,False,0.0,False,-0.12759766615135584,-0.11942977928265464,-0.00917040124477353,False,False,1.0,True,-7.097406150364143,-6.828558651281128,-0.30164763620268786,False,False,1.0,True,-49.6221832363818,-48.03094498918654,-1.7779883834264183,False,False,0.0,False
197f8a5a:000,197f8a5a,1415,905893.9134085109,-23.821390106007232,25.30232623013527,-42.792332639543055,43.2271658982134,-65.41598550929704,66.03846495069638,-42.53864629807497,42.97235744639208,-64.71213165826525,65.33434100799313,-37.06632986154822,37.45717283338472,-47.41436361838548,48.059558832227424,-25.54188495452981,25.957323552699734,-22.641154719251404,22.80382118486017,22.62365286975399,19.33091276697087,-0.6259953041790141,False,False,1.0,True,-0.253686341468078,-0.19543500560394023,-0.017146396570751676,True,True,1.0,True,-5.72600277799483,-4.496087100467776,-0.3874898452504567,True,True,1.0,True,-20.151177920291644,-10.496504546768847,-3.477934718503093,True,True,1.0,True
197f8a5a:001,197f8a5a,3289,1494671.6524920198,-20.96700577683201,21.317730238635114,-63.30136270267818,63.95455352333754,-128.36600061460263,130.14397908448058,-63.18680699547113,63.84764685472313,-127.58457822441228,129.37277569776901,-62.34890391274183,63.24812256678456,-108.10663059134629,110.17939454398378,-46.63771626627046,47.762196123518805,-61.62355893547687,63.699727265175945,65.06463791192444,44.552174594982716,2.805218848081495,False,False,0.3137731833384007,True,-0.11455570720704814,-0.19353593236519373,0.009807444412217592,True,True,1.0,True,-0.9524587899363374,-3.505006500225136,0.32052840624237433,True,True,1.0,True,-1.6778037672013015,-10.408821831961177,1.318598377481976,True,True,1.0,True
19871e7f:000,19871e7f,3461,605834.7306372655,-13.140733747472,13.230500806298174,-32.88316783387089,34.08657187038889,-94.6602443620096,99.22584493887045,-32.81118198956362,34.03675027907523,-93.89564063817674,98.4902110996855,-33.00372430164597,34.93229445221608,-74.96537307964273,80.39950917614557,-22.966012865562497,25.410890038412717,-36.333273533981675,41.87029335234862,61.777076528138714,27.38627003588772,1.891243666956143,False,False,0.4073967061542907,True,-0.07198584430727133,-0.1760890976220253,-0.002412085106698214,True,True,1.0,True,0.12055646777507921,-3.5148645370172744,0.018614368133057724,False,True,1.0,True,3.45010570011078,-9.98114199192969,-0.6065219429328863,False,True,1.0,True
19fb4f7b:000,19fb4f7b,1005,201724.20555024585,14.098336815920247,14.167589863401538,9.250839100886509,9.986737791299895,-12.24109868549622,15.373583846249627,9.274521552813992,10.00593049031383,-12.128472634605755,15.246546076245174,10.160449986301263,10.83271407984316,-6.927042647109914,10.288871229006116,10.862866000517686,11.380209101993572,-4.103451601904531,7.056241793934703,21.491937786382728,10.507837369679692,3.984304666675598,True,True,1.0,True,-0.023682451927482754,-0.0036460927676671417,-0.003035789801288047,False,False,1.0,True,-0.9096108854147535,-0.5439546661636996,-0.25443675577116664,False,False,1.0,True,13.35429070279104,8.471310048431405,2.8699860359265585,True,True,1.0,True
1a68190b:000,1a68190b,2155,688815.2715535084,-17.358773549884102,17.878362812891382,1.2262412400790534,7.651925480307498,36.72214080411094,41.871259536248914,1.1477380453539345,7.660349384304215,36.310019314564514,41.470647007077595,-0.18209157402329734,8.443724834188133,23.867746484221115,30.02467096848206,-4.470949673822768,8.775994659304653,8.592457824715574,14.83417938070357,-35.495899564031895,-10.494237619137493,-4.822393699989334,True,True,0.8923433874709977,True,0.07850319472511912,0.059424437529742136,0.018282553530298173,False,False,1.0,True,1.4083328141023508,2.041800222135862,0.26505895409536606,False,False,1.0,True,-7.36621658463652,0.009487092274866882,-2.4086929313762084,True,False,1.0,True
1aaf1da0:000,1aaf1da0,223,25794.056142000954,-10.748775784753562,10.754925066816105,-46.22606240655327,46.274526259008184,-95.17920669538901,95.28200664149986,-46.082904166038134,46.13188535654649,-94.43228138454879,94.53570250206268,-44.26878834258555,44.333801809055736,-76.14751145744452,76.26939093147935,-34.98183293183469,35.053190292890484,-46.655127618487434,46.78761220129164,48.95314428883575,44.79529554642613,4.148139032664403,False,False,1.0,True,-0.14315824051513193,-0.15759181180328596,0.012262065469258232,True,True,1.0,True,-1.957274063967714,-2.4722794618246553,0.44710139112066827,True,True,1.0,True,0.42906521193417,-2.123969470463635,2.179965099980109,False,True,1.0,True
1aaf1da0:001,1aaf1da0,134,15693.200300750388,-10.813078358209086,10.821896094503346,-85.81548992536807,85.82126439241222,-194.94813061718105,194.95679373384075,-85.91497043857936,85.9207777672142,-194.16481395911705,194.17351158326034,-91.889730728912,91.89640641256204,-174.59886338577596,174.60849631761812,-82.35408652279428,82.36217929931153,-126.65983877192751,126.67050699973709,109.13264069181301,107.78791303338221,1.7969632013573573,False,False,0.0,False,0.09948051321129268,0.09407390072010458,0.006999974877544446,False,False,1.0,True,6.074240803543931,5.896822262211572,0.22782861297127965,False,False,1.0,True,40.84434884655944,39.83649825123939,1.1143869882616855,False,False,0.0,False
1b1c5372:000,1b1c5372,2159,2627157.9320644806,33.22281936081506,34.88323626517267,59.49289981418209,61.87973620197743,119.54695828003754,123.13209411223596,59.37350581808425,61.77682361517221,118.78217919790947,122.38546230846877,58.164360389576245,61.027718680081065,99.90791476416732,104.00954885313176,47.37994957892833,50.4968977276932,63.7151639808061,67.67698250566427,-60.05405846585545,-40.43824714044058,-2.903567499215569,False,False,0.5182955071792497,True,0.11939399609783516,0.18019152677334205,-0.004362080795544898,True,True,1.0,True,1.3285394246058486,3.4166992635819042,-0.20594221582177852,True,True,1.0,True,-4.222264166624022,1.789969067380298,-0.667333952824265,False,True,1.0,True
1b1eba53:000,1b1eba53,4263,1575651.561072772,-18.63004046446179,19.225269024202518,-46.84958367189371,48.44639919159065,-12.47034013605543,21.137122751180623,-46.77373131804816,48.3653039697523,-12.47034013605543,21.137122751180623,-43.61796552937017,45.12570402070092,-12.47034013605543,21.137122751180623,-40.65084638302132,42.2190636523323,-12.47034013605543,21.137122751180623,-34.379243535838285,-15.217948248788161,-4.909789183704561,True,True,0.7339901477832512,True,-0.07585235384554799,-0.0028825792669522343,-0.0025291806232417002,True,True,1.0,True,-3.231618142523549,-0.614814102775199,-0.3729860133571492,True,True,1.0,True,-34.379243535838285,-15.217948248788161,-4.909789183704561,True,True,0.7339901477832512,True
1b6ba517:000,1b6ba517,1023,715830.5269380083,-24.353062561094966,26.452534575577985,-59.308676660847645,59.88656506038825,-168.18969030831138,168.7914809337893,-59.31088420503443,59.892075600740824,-167.05680102669044,167.66265497899622,-64.21836745226743,64.85963482020789,-144.13061661257694,144.83185434055312,-49.792692475225735,50.721976962925304,-79.94392093774066,81.04883932374265,108.88101364746375,98.50958010871182,0.9845199269038858,False,False,0.0,False,0.00220754418677788,-0.04017186409691931,0.003799467445787741,False,True,1.0,True,4.909690791419778,3.507378752929071,0.12389743399398867,False,False,1.0,True,20.635244276893,12.042734057034977,0.4481776557149715,False,False,0.6774193548387096,True
1b82b665:000,1b82b665,2028,605280.9385705112,-16.94539891518753,17.27605282660106,30.017696235438496,31.48513346860998,82.202584195166,85.36214943339671,29.58610761027719,31.08367415410941,80.63491368783232,83.83845009499693,26.529896887647187,28.623627897223564,57.29279335420053,61.26690618987487,11.293828276374239,13.982851903344633,13.224019125225812,18.210260240720903,-52.1848879597275,-26.664405262514265,-4.381463290532338,True,True,0.5369822485207101,True,0.4315886251613101,0.4557013792982616,0.013119322931743227,False,False,1.0,True,3.4877993477913103,5.267378902452037,-0.06739278566055873,False,False,1.0,True,16.793677110212684,20.62060360589021,-0.7248074242688745,False,False,1.0,True
1bcb2fcf:000,1bcb2fcf,590,169898.3744055028,-16.065937288135746,16.969482798541762,-51.361128038438295,51.7180653603152,-134.4590444246642,134.68105238497887,-51.507168104537435,51.86384156250635,-134.13282495761146,134.35535718378114,-56.74059214134882,57.08614248579582,-123.50475874357505,123.74536640980388,-55.97349823144361,56.327990402306334,-100.19001212227246,100.44623125425079,83.09791638622589,80.12599429190414,3.395954068555511,False,False,0.0,False,0.14604006609914272,0.13468401987847756,0.014505820823615068,False,False,1.0,True,5.37946410291052,5.011251396590524,0.47981126622107695,False,False,1.0,True,48.82888408383417,46.890383478224976,2.8890785927269462,False,False,0.0,False
1beca81d:000,1beca81d,241,39280.902744251216,-12.694678423236716,12.766804521648652,5.795153628699936,5.985128571245018,27.861190320864562,27.967920078538327,5.806539727894644,5.996434282629073,27.767572371953616,27.874199154947075,6.505115845251137,6.687224462257925,23.978693204328266,24.090251258155153,6.588395862351676,6.77039190501328,21.136938302597432,21.238079231985374,-22.066036692164626,-19.45466089986803,-3.1538738327471947,True,True,1.0,True,-0.011386099194708878,-0.006211664274815121,-0.005556107571464963,True,True,1.0,True,-0.7099622165512011,-0.48141901372036955,-0.2656102883920539,True,True,1.0,True,-15.341784673897497,-13.478242475219304,-2.3296449718054646,True,True,1.0,True
1beca81d:001,1beca81d,229,28272.254815000564,-11.094973799126748,11.111238815411308,11.479001478977752,11.500856522522335,39.96759860886335,39.99464745390219,11.503952895597042,11.525830238894873,39.84571725037521,39.87272690924543,12.745780605310125,12.768197234105298,35.40476791052351,35.43202349734861,12.926746617856578,12.949019237701782,30.889198312335086,30.91021901092896,-28.488597129885598,-26.66741333063692,-1.9649844697978551,True,True,1.0,True,-0.024951416619290297,-0.020335132072432316,-0.00425336316038738,True,True,1.0,True,-1.266779126332373,-1.092829698603964,-0.17174715786677552,True,True,1.0,True,-19.410196833357336,-18.210971266466004,-1.2303192459148704,True,True,1.0,True
1beca81d:002,1beca81d,720,98357.59172175266,-11.661463194444604,11.687932506658823,16.651968257589328,17.030462704090972,52.30222844664992,52.80265285669316,16.698083311714015,17.078166200866676,52.159925065350954,52.66105462613556,18.66573277418349,19.08853484886545,47.20510145455436,47.738864101145,18.957822367864292,19.424751408907543,40.47848614811191,40.98001850637638,-35.650260189060596,-30.027300554404064,-0.3148472860593756,True,True,1.0,True,-0.04611505412468786,-0.027201987113585346,0.0006945773675397504,True,True,1.0,True,-2.0137645165941622,-1.3676413686498563,0.010878855742703308,True,True,1.0,True,-23.826517890522577,-19.80597691858202,0.33229917181597557,True,True,1.0,True
1beca81d:003,1beca81d,167,38708.15819649936,15.050005988023825,15.224499283134136,52.36350296067768,52.373909419840565,136.19355222895757,136.21014836586903,52.607742384245995,52.618187948779735,136.0369491404703,136.05356423062395,60.95091992339017,60.96253416886658,130.585973951943,130.60326740367665,66.55736702231069,66.57094814160763,117.81225653854281,117.83041171001517,-83.8300492682799,-82.059018260823,-2.047624530052417,False,False,0.0,False,-0.24423942356831563,-0.23703971657050715,-0.008105238159259898,False,False,1.0,True,-8.587416962712492,-8.349069275896909,-0.2673554830780631,False,False,1.0,True,-65.44875357786513,-63.778794032003134,-1.8826970035388513,False,False,0.0,False
1d3fbf02:000,1d3fbf02,2078,776699.7494434881,18.744692974013336,19.33320299231366,12.266830476864367,12.46203795525493,26.273312018279352,29.152835227662933,12.179011122905136,12.37475870400963,25.89509600438937,28.764711147335518,9.845367205115231,10.155214899062614,14.223257120603918,17.472831042058885,5.813127173047388,5.959737561690477,1.1485816363259733,4.033954379289501,-14.006481541414981,3.152959933540842,-0.9157565578134381,False,True,1.0,True,0.08781935395923024,0.04003543303224433,0.014903227633112692,True,True,1.0,True,2.421463271749136,1.9692776012689137,0.41703858322944143,True,True,1.0,True,11.118248840538394,10.523247850462212,1.3528370920994348,True,True,1.0,True
1d78281a:000,1d78281a,2175,769037.1530685097,-18.325086896551845,18.80373101970414,11.884298578044035,15.927299439475105,58.89290959402889,62.8613133786134,11.742479195180218,15.837163517100144,58.17537387526483,62.17006977553023,9.916388080393133,15.188481020274134,40.49153547871553,45.430993028629295,1.2950251812070486,9.78942281207666,12.577179190074883,18.050113392889113,-47.008611015984854,-21.394104774246443,-4.225510724520063,True,True,0.6937931034482758,True,0.1418193828638164,0.16152191472610866,0.009857341970928246,False,False,1.0,True,1.9679104976509008,3.536808937349633,-0.035067600509137264,False,False,1.0,True,-0.6928806120308482,6.034531299734226,-1.2800129165952967,True,False,1.0,True
1e30dedf:000,1e30dedf,634,597734.8057942545,-28.462216876971734,30.70503831986497,-91.14695681827786,91.65750806708861,-212.36514482833857,212.8052809309859,-90.76740464020759,91.28174849509168,-210.73702454405617,211.18041682798898,-92.95524367740335,93.51036062874623,-185.86085141639012,186.35687655892926,-69.47365960031061,70.1705620951305,-126.80692566233589,127.34289505362617,121.21818801006071,113.29463990213117,3.4114277160169877,False,False,0.0,False,-0.3795521780702927,-0.4114153567861649,0.013010563012358034,True,True,0.0,False,1.8082868591254622,0.7669008276643581,0.4255146928189788,False,False,0.0,False,35.65996884405803,31.407314346050043,1.7260893690709054,False,False,0.0,False
1e5e3573:000,1e5e3573,467,57066.66026524904,11.037607066381064,11.054339237853341,33.49092981245936,33.523089930511944,82.94101871997584,83.00995879889214,33.3593687809153,33.39194882818821,82.15814392962797,82.22772937719657,31.56735416256663,31.612640392453745,62.62432383609222,62.714599806824495,16.841251630596314,16.925720903067145,16.087702915635408,16.303461253849054,-49.45008890751649,-45.90349887271259,0.17941893617717142,False,False,1.0,True,0.13156103154406804,0.14543178404710488,0.000841994644360966,True,True,1.0,True,1.923575649892734,2.3743797168208403,0.03278648097148107,True,True,1.0,True,17.403226896823956,19.57511724619326,1.0161026333062182,True,True,1.0,True
1fdbba44:000,1fdbba44,261,29799.23735600131,-10.680747126437016,10.685191771937,-27.103921429362934,27.163521708951738,-57.86325857218959,58.03800161697239,-26.907213121075593,26.967151448720777,-57.262587001231935,57.437517180291884,-23.42833719360949,23.506794924726975,-42.203097607589655,42.39830483939433,-17.85566657143369,17.920558060300188,-26.590032155384982,26.747091265477998,30.75933714282665,26.115740813516823,2.322978320691618,False,False,1.0,True,-0.19670830828734018,-0.1928541113029496,-0.009826102566876216,True,True,1.0,True,-3.6755842357534427,-3.8572352586234047,-0.08693116014546831,True,True,1.0,True,-0.5138892739779499,-2.3447003892215434,-0.5836865624787606,True,True,1.0,True
1fdbba44:001,1fdbba44,475,57145.98487375252,-10.957432631579186,10.96847011101918,-37.59042620726974,37.751601640947584,-82.01797785137391,82.39782970313694,-37.402730802940326,37.56545658179118,-81.32748355314749,81.70856844753783,-34.77572843473261,34.99009771461696,-64.3964183722226,64.82334805625624,-27.291937694157436,27.492023552224463,-42.22227656581307,42.573346448390765,44.42755164410415,37.35718079270737,4.021476174444615,False,False,0.9494736842105264,True,-0.18769540432941684,-0.19714795444451738,0.0009887350297503872,True,True,1.0,True,-2.8146977725371336,-3.341090196321602,0.21923097761828103,True,True,1.0,True,4.631850358543318,1.9699942495626601,1.423547009462709,False,False,1.0,True
1fdbba44:002,1fdbba44,2321,769664.3375742633,-17.931507324429287,18.210132749609688,-87.10825856008901,88.33119013991075,-185.2834639816598,187.98535866240016,-87.11754122979634,88.3525806412175,-184.50711274171286,187.2188988357305,-91.25521246848002,92.84639783238748,-165.25112369736277,168.21606069305244,-80.05113930325679,81.7780918661365,-124.1464854382391,126.888428293742,98.17520542157077,68.38817105152702,5.188156991051073,False,False,0.0,False,0.009282669707347618,-0.11585683004523162,0.019563791056498303,False,True,0.6329168461869884,True,4.146953908391021,-0.02233962302125292,0.703439366465318,False,True,0.4864282636794485,True,37.03822687815009,18.69268397750966,3.38375682268088,False,False,0.26928048255062476,True
1fee2b62:000,1fee2b62,2532,908494.2861085146,-18.79855015797804,18.942149041526932,-39.612991577343344,40.01565085831166,-90.95493337904097,92.95388192347477,-39.56817257726907,39.97828640783385,-90.43897812360424,92.44649701558977,-39.36538784914605,40.035730505607404,-75.45179096937433,77.74315818273055,-31.64686299598192,32.414269772999795,-46.61022987827778,48.55777707088422,51.34194180169763,27.30437288549365,-0.5311669433813222,False,False,0.5481832543443917,True,-0.04481900007428017,-0.12751726570058963,-0.006324313153527328,True,True,1.0,True,-0.24760372819728102,-3.0199196369449055,-0.18197854983372963,True,True,1.0,True,6.997238300934434,-5.343737504785167,-2.2520552529567794,False,True,1.0,True
200d233d:000,200d233d,497,137806.38970249827,16.574812877263476,16.651619681976758,23.366817829515156,23.38200140181198,78.2592704904123,78.2935669996526,23.31568065385851,23.33107025079186,77.73476375598062,77.76926480167555,23.1314164726947,23.153034228316745,62.46843096111675,62.509779362200774,14.271004749006913,14.29655451773078,30.942700460333683,30.974780100823235,-54.892452660897135,-53.75322641187813,2.130180049822229,False,False,0.7867203219315896,True,0.051137175656644676,0.05495166791661177,0.009002379487355938,True,True,1.0,True,0.23540135682045552,0.34972664117049135,0.30483114603521244,True,True,1.0,True,-7.575882630818526,-8.082678744654913,3.075057592815938,False,False,1.0,True
201661b5:000,201661b5,555,157709.6122724981,16.59054594594585,16.857089415259406,-3.711207490376061,4.585880866008908,-13.568239703850695,14.003386907992432,-3.701359884915655,4.574259581356697,-13.542406292922884,13.974492818685931,-3.0472992320269876,3.9470789266621273,-11.632581848414981,11.978894314832703,-2.8112826430664164,3.649008520016061,-11.05391695592437,11.327459253247337,9.857032213474636,4.302005112713232,3.9167206260008243,True,True,1.0,True,-0.009847605460405855,-0.0027618213152891258,-0.0026538742076809285,False,False,1.0,True,-0.6639082583490735,-0.508178814619896,-0.3994967171602184,False,False,1.0,True,7.342709465548309,3.3972426239179185,3.388646472880282,True,True,1.0,True
20402d71:000,20402d71,638,78981.48894849747,11.103912225705155,11.126339794530377,-21.436704729102754,21.53672829486352,-85.72740466052285,85.86979254587465,-21.513185655172414,21.613961726571254,-85.40076793951937,85.5436910430672,-24.42561762169472,24.548617486557276,-74.74365258967127,74.90616895204325,-21.222440617787576,21.394249968225008,-50.342737604717165,50.53831420361353,64.29069993142008,57.95651764802278,2.7861480550036504,True,True,0.0,False,0.07648092606965709,0.050325425350820296,0.01127577705301519,True,True,1.0,True,2.988912892591965,2.1255818308145535,0.37095746733029955,True,True,1.0,True,28.906032875614407,23.517340604426863,2.3541674392781715,True,True,1.0,True
20402d71:001,20402d71,145,18943.852633749542,11.424010344827447,11.43010321664246,-24.80884437444897,24.811403792765166,-96.11481341990815,96.11566083446876,-24.91319546788287,24.91574649946836,-95.78775344191278,95.78860374923771,-28.70874908802645,28.711028972309602,-85.0878377684983,85.08879484422722,-25.259147172412447,25.261794784856583,-57.40850255276574,57.40989433443164,71.30596904545918,71.48649649684194,-0.9649125105079293,True,True,0.0,False,0.10435109343389772,0.10504571272758767,-0.003739971147297183,True,True,1.0,True,3.899904713577479,3.9229686818325717,-0.12378257212367316,True,True,1.0,True,32.59965817831677,32.87164044200472,-1.1363660709721444,True,True,1.0,True
2043abc5:000,2043abc5,6666,5590564.292660054,-27.959216171617303,28.95977401068736,-61.018837086840186,67.14114375523366,-126.6217428404939,145.9004833181348,-60.99543152804636,67.17139563787008,-125.93786478829327,145.24091533758093,-62.93238512166652,70.93694078268653,-108.68688142929797,128.94350447177925,-54.63617045963938,63.13034763985575,-73.35847677534541,90.87701832380506,65.6029057536537,-5.632936992662508,-2.486728482239414,False,True,0.40999099909991,True,-0.02340555879382522,-0.016663789063386503,-0.014104934818533366,True,True,0.9843984398439845,True,1.9135480348263363,-1.0672297683668148,-0.686146148294938,False,True,0.8394839483948395,True,12.339639688505226,-8.438114657757978,-4.310358358347003,False,True,0.708970897089709,True
206b6193:000,206b6193,2705,487214.5578145123,-13.31149168207041,13.420740946272476,-15.93735767574402,16.95610333619019,-102.01875781091057,104.86249244799234,-15.924182199701173,16.967216675784,-101.2407799141812,104.10425433050221,-18.125227770688156,19.85992020844744,-81.91452091169621,85.35070879606216,-8.12815456256429,11.629281057582212,-39.221345977558556,43.34074884958456,86.08140013516655,53.58582999682403,4.900902230718202,False,False,0.030683918669131238,True,-0.01317547604284907,-0.1394258145483036,0.018235141866171034,True,True,1.0,True,2.187870094944135,-1.956848984471435,0.6369724089872761,False,True,1.0,True,23.283988301814535,3.1733153932436835,3.1392850816737337,False,False,0.6473197781885397,True
22c5f93f:000,22c5f93f,931,156107.71622575363,-12.8993399570356,12.949033208596283,-22.87549238681012,23.351874988948513,-52.57283098413088,53.449869502410785,-22.84777170236314,23.327704405302764,-52.26902813051517,53.14923127078798,-22.571819064539138,23.164177530101536,-42.41222099396003,43.43023054013403,-18.783941979168002,19.47097859903221,-27.99332848145078,28.993379995491573,29.697338597320766,23.71277138309415,-2.5653207322902745,False,False,1.0,True,-0.02772068444698027,-0.043712361926736776,-0.01503694739403727,True,True,1.0,True,-0.30367332227098043,-0.8678140786942095,-0.46887131636867707,True,True,1.0,True,5.117836094640662,3.0270525158466626,-3.818680009777381,False,False,1.0,True
22c5f93f:001,22c5f93f,163,20164.56010800068,-11.085693251533936,11.12245286426495,-34.491970639954616,34.51000928159552,-83.55054493106626,83.587466649882,-34.53883513741182,34.556992162305995,-83.22898352311692,83.26603497127832,-36.66740293349939,36.68966320997226,-72.82040170862022,72.8621739816139,-33.67343717942448,33.70165957279217,-53.77791509118417,53.82493189727633,49.05857429111164,46.137135260534706,3.8715322419520817,False,False,1.0,True,0.04686449745720312,0.033825773100033985,0.01604512974336103,False,False,1.0,True,2.1754322935447723,1.7405392855871469,0.5307875459529896,False,False,1.0,True,19.285944451229554,16.812853851202817,3.122985315045298,False,False,1.0,True
230eaaa3:000,230eaaa3,324,46988.768007999846,12.00350617283948,12.042718204503746,25.31382942480238,25.330836809895978,19.905561839461324,19.994171341693843,25.145653362835866,25.162343920975296,19.524083284724327,19.609924678483466,20.696936921993963,20.709363435348365,8.675029546362033,8.723526850610297,17.077599235996864,17.08692262500829,1.532502782566407,1.5880146676356963,5.408267585341053,5.911527659458443,1.7410480054913933,True,True,1.0,True,0.168176061966514,0.1369906152413023,0.0343741362230503,True,True,1.0,True,4.616892502808415,4.014270189047238,0.7841492254065088,True,True,1.0,True,23.78132664223597,20.309911939952144,4.879162344348515,True,True,1.0,True
261785ee:000,261785ee,776,156708.49257325294,-14.13099033505168,14.21069786211848,-27.879077825184314,28.219083899831073,-98.64037275363161,99.16110040054765,-27.42138253163395,27.770123674858816,-97.02503671007061,97.55359842627077,-24.448622911172155,24.962343086406726,-72.59491255202818,73.26740422795625,-6.514381223325651,7.845938947739046,-20.562979096618456,21.688168831791973,70.7612949284473,62.24195673031136,1.5052938943208574,False,False,0.0,False,-0.4576952935503611,-0.4863434562830662,0.0025908006118697813,True,True,1.0,True,-3.4304549140121554,-4.385745840598247,0.09914382886563544,True,True,1.0,True,-7.316098728565856,-9.859303622115476,-0.7777965015029622,True,True,1.0,True
26623a50:000,26623a50,2244,429326.7447210088,-13.475647950089273,13.831922453248417,-60.005692373986115,61.05277714610253,-178.83703196148363,181.02658563309498,-59.61581111503055,60.68272893932138,-177.20479078810422,179.4139057857908,-60.6176538215201,62.12165951765062,-152.1157372558813,154.6604719166548,-41.22666578077952,43.48102517495365,-86.15164947927275,89.21122124588898,118.83133958749752,89.28719355801331,3.0967805242180475,False,False,0.0,False,-0.38988125895556797,-0.5131873833670397,0.011642371673588059,True,True,0.8270944741532977,True,0.6119614475339878,-3.4379737870767713,0.3788438823339675,False,True,0.6987522281639929,True,26.14595710528663,6.718609595855014,1.4535128093375533,False,False,0.3591800356506239,True
272abef3:000,272abef3,221,23229.23758550099,-10.25147511312239,10.252300831159006,58.63030616808359,58.63555463760628,142.22582138599358,142.23737300451552,58.828770765950544,58.834054881323645,141.89994693912274,141.9115232821475,65.76969155953756,65.77605873974441,131.2936542583946,131.30605166461976,66.23266831001379,66.23992705478328,108.65890521856959,108.67035790722842,-83.59551521790999,-81.58820401737466,-3.5310758863215597,True,True,0.0,False,-0.19846459786695625,-0.19050750196947774,-0.014813205913014826,True,True,1.0,True,-7.139385391453976,-6.878901863610736,-0.48893379050059593,True,True,1.0,True,-50.02859905048601,-48.43367040825615,-3.0191610708407097,True,True,0.0,False
27300fd5:000,27300fd5,647,277864.2403649966,19.80429829984531,20.723551713406483,-11.201977566278332,13.106268431978068,-11.572629368946917,12.663980738444245,-11.189710178931115,13.089675617351613,-11.548787254892249,12.63307574691338,-10.280281314343283,11.987501323482704,-9.418561076788318,10.153435811409837,-10.022968141263101,11.634727875872581,-8.963457728623927,9.573670427900542,0.3706518026685846,0.709469040233671,0.7021967442578898,True,True,1.0,True,-0.012267387347218217,-2.9897637432441115e-07,-2.9897637432441115e-07,False,False,1.0,True,-0.9216962519350502,-0.024674386837432394,-0.02466343779087765,False,False,1.0,True,-2.2385198376544055,0.6222312511235941,0.6149989551486215,False,True,1.0,True
27300fd5:001,27300fd5,571,72057.96731774781,11.217331873905257,11.23370330182633,-31.361520056352735,31.409919729069767,-56.592919951175,56.980977172547725,-31.335321410782086,31.3845350253612,-56.31766999355166,56.706065470347404,-30.770917523044332,30.85388622409226,-47.19724865041838,47.61691511303904,-28.50662860668934,28.5994555231905,-36.53109760252485,36.877802779665544,25.23139989482226,17.05165993657465,2.7258170996392437,True,True,1.0,True,-0.026198645570648917,-0.04755365395430999,0.003771875413804082,False,False,1.0,True,-0.5906025333084048,-1.415146075818484,0.19212238122236158,False,False,1.0,True,5.169577546172124,-0.115454185024646,1.2947951711121277,True,False,1.0,True
27300fd5:002,27300fd5,673,71687.35861699774,10.318121842496126,10.320809387570256,-60.820081942003796,60.92398630817378,-118.45132630649067,118.79269763559944,-60.907580084045556,61.01265553311858,-118.12731258410763,118.46953757581464,-64.07330011431864,64.21754801425166,-107.61361114143234,107.98516365895686,-62.07240412104439,62.25498500023017,-86.91523812020328,87.29179838296174,57.63124436448689,49.06694539199634,0.6735553972375783,True,True,0.3551263001485884,True,0.08749814204176319,0.05242083638222539,0.002134113679858274,True,True,1.0,True,3.253218172314835,2.0997598045214545,0.06583317231161345,True,True,1.0,True,26.095156178199485,19.17186674414006,-0.03996433408065059,True,True,1.0,True
27300fd5:003,27300fd5,313,45583.82192599932,12.019597444089364,12.067941573486511,-69.37928076408426,69.38651581490741,-153.7475625924327,153.76444817129112,-69.58884477532425,69.5960639649797,-153.4210980203343,153.4380180032563,-76.71052102757537,76.71785490976501,-142.7770957627443,142.79516147958333,-77.58019130748285,77.58813594324162,-118.93860368895706,118.95540007783765,84.36828182834847,79.71214801933274,5.213943152451975,True,True,0.0,False,0.20956401123999713,0.1869987310092256,0.026300258745322935,True,True,1.0,True,7.331240263491118,6.571081564796259,0.8903102227668569,True,True,1.0,True,49.55932292487281,45.39850219063737,4.774144340335624,True,True,0.0,False
276b012a:000,276b012a,2012,1457607.0329042668,-24.185407306163192,26.915734725200227,12.899142027054666,14.929170962153986,60.5701290672437,63.45316114886212,12.481833744161083,14.533201963126425,59.769851070612575,62.6154919344495,5.3709584048115655,8.609828982098145,43.80158119747427,46.08842951053485,-3.5791371286962033,6.0835883525589045,25.116120688002983,25.5907094576584,-47.67098704018904,-18.654436369355608,-5.137849348191594,True,True,0.35685884691848907,True,0.4173082828935845,0.14278943994395377,0.05564220520682284,False,False,1.0,True,7.528183622243099,4.138010065204071,1.1571672115478577,False,False,1.0,True,-12.216978660948318,-10.502212706654973,-1.934766759561171,True,True,1.0,True
276b012a:001,276b012a,1029,148592.50742225355,-11.97221914480092,12.016853544827626,37.6340919037936,37.70675881704747,99.74341915188562,99.78798609039248,37.10286122273233,37.176567311266766,98.62394902562592,98.66882493911659,28.58077928656128,28.675408381241052,76.31989286813247,76.36939609941693,8.414086000509096,8.49268174080706,30.266365482922826,30.291667138462074,-62.109327248092015,-61.345776638389,-0.5698742086606217,True,True,0.0,False,0.5312306810612711,0.5286717906510603,0.0003607346225180663,False,False,1.0,True,9.053312617232319,8.951604998817857,0.006944341092093964,False,False,1.0,True,7.367726420870773,1.4367037442789297,1.4302529856176989,False,False,1.0,True
276b012a:002,276b012a,502,72719.03471600164,-12.02133665338659,12.03572328081838,41.90250194955754,41.905235107952315,115.19145741030844,115.21923446384808,41.413106694320085,41.415787997429504,114.06018808917446,114.08823053666974,34.18144626817458,34.18340267119133,91.26561364905075,91.29988426716706,11.487799113874393,11.492318785700462,35.430044323078185,35.46120735558616,-73.2889554607509,-67.41878858572454,-2.7244015284268244,True,True,0.0,False,0.48939525523745764,0.5137488549680711,-0.010968618789775064,False,False,1.0,True,7.721055681382959,8.519057196721405,-0.35701801899267593,False,False,1.0,True,6.472457626479352,10.459071936682449,-1.6524996802509122,False,False,1.0,True
27c3155b:000,27c3155b,1330,208102.9108254945,12.487101503759233,12.508731110873365,48.70713433100403,48.895042688586294,95.87544360902233,96.61701692221366,48.8862493423014,49.07617787656487,95.87544360902233,96.61701692221366,54.822506800209695,55.079394900003194,95.87544360902233,96.61701692221366,61.74295907703493,62.09591278250881,95.87544360902233,96.61701692221366,-47.1683092780183,-34.32954739876186,-3.1260456082491146,False,False,0.8654135338345864,True,-0.17911501129736526,-0.12658202667626028,-0.012984559896722203,False,False,1.0,True,-6.1153724692056635,-4.37122740855375,-0.4317408923743642,False,False,1.0,True,-47.1683092780183,-34.32954739876186,-3.1260456082491146,False,False,0.8654135338345864,True
27ebb9b9:000,27ebb9b9,168,22950.897174499754,-11.652815476190415,11.688134290020207,-77.11039268894794,77.11545583095294,-158.58645891659674,158.58941097023143,-77.35969861255386,77.3647482895464,-158.25948027688523,158.26243841039758,-85.72777595551933,85.7324181539502,-147.5714437740961,147.57461376508357,-86.71030196863077,86.71494472733099,-121.3644342853103,121.36808516072313,81.47606622764879,81.12450422656548,-0.1462230075030675,False,False,0.0,False,0.24930592360590795,0.24796027104821405,-0.000572507864490035,False,False,1.0,True,8.61738326657139,8.573532699709176,-0.019826493617074448,False,False,1.0,True,44.254041596362356,44.068142809685014,-0.41498016793593706,False,False,0.0,False
29de15c8:000,29de15c8,1327,377708.84735024313,16.737365109268872,16.871089037996043,-19.474824807973185,20.049242360088943,-65.1300124008792,66.00360434131214,-19.49950775078167,20.07785616448905,-64.81697534435963,65.69329714471804,-20.81680994173731,21.509989497661365,-54.682194701140816,55.666349101558886,-18.286773915577374,19.036400133475272,-38.086440431659334,38.94709976824584,45.655187592906,31.561810631817934,2.2832728872799635,True,True,1.0,True,0.024682942808487856,-0.024189055873648613,0.005869240623724181,True,False,1.0,True,1.3419851337641255,-0.3077518286281702,0.21304535817580472,True,False,1.0,True,18.61161562368615,9.418515780327652,1.10998672021924,True,True,1.0,True
2b034622:000,2b034622,771,108778.72153600265,-11.859691309987172,11.878040072927144,-38.46725246635975,38.56138251961444,-107.75394805270342,108.00490264456496,-38.394423074779205,38.489924154617654,-106.97501553544106,107.22765591444504,-38.58801741624177,38.725243299782086,-87.64729980398843,87.9479929225116,-27.48303198332052,27.664822371638888,-46.5189060144905,46.84412645058604,69.28669558634368,61.70597425740743,1.328078260035909,False,False,0.0,False,-0.07282939158054332,-0.10209649535136123,0.00430279364445596,True,True,1.0,True,0.12076494988201462,-0.8264405958743737,0.13489805108110886,False,True,1.0,True,8.051653548130739,3.8746305957338336,0.017429019691917347,False,False,1.0,True
2b034622:001,2b034622,1139,254700.974774255,-14.872920544337287,14.953864513667106,-50.25929560697026,50.52813570948529,-142.91696912955177,143.45361230898644,-50.28502714805041,50.556835509223966,-142.13394203073278,142.6734842634907,-53.6207718230065,53.97813570865577,-122.58673247710888,123.2080544865265,-43.202144569929395,43.69526355918264,-75.29360676395045,76.04560501128383,92.65767352258149,79.25798445662622,4.135859364441785,False,False,0.0,False,0.02573154108015046,-0.03168403224481153,0.017984670450459816,False,True,1.0,True,3.3614762160362375,1.4673657019156963,0.5936879782275355,False,False,1.0,True,25.03431115698019,14.936179602134871,3.2271744399895397,False,False,0.7489025460930641,True
2be5c96a:000,2be5c96a,647,102870.66762849884,12.536808346213226,12.609377268451583,20.583952001808452,20.79107829970149,53.39039860534694,53.89343427299558,20.41323729246122,20.622766618858915,52.70329068049905,53.20881978989291,17.332435036479943,17.626827486418872,35.83847751069375,36.45531787058977,10.379782403494383,10.682101564719261,13.835383046649381,14.398405085733843,-32.80644660353849,-25.29855429670897,-2.360267717507668,False,False,1.0,True,0.17071470934723465,0.17550511871922936,0.004332728742156178,True,True,1.0,True,3.251516965328509,3.6638649705073476,-0.010536702880926896,True,True,1.0,True,6.7485689551590715,8.151937579372316,0.33116213558423624,True,True,1.0,True
2be5c96a:001,2be5c96a,532,84612.63385924869,12.557713345864562,12.611356162075039,42.06213087838322,42.136823837222245,110.67007111922014,110.85588546942138,42.00049504079677,42.07619510506599,109.89357807568541,110.08058326584231,42.603576586310176,42.7091551602903,90.6719345453761,90.89265821876495,32.58010081885903,32.71339849332829,51.5017059074432,51.74410499151369,-68.60794024083692,-61.33375766020981,-3.9778724543484714,False,False,0.0,False,0.061635837586450214,0.09045246920868522,-0.01577572753012646,True,True,1.0,True,-0.5414457079269576,0.4000606168228842,-0.519634031201349,False,True,1.0,True,-9.439575029059986,-4.739346498474333,-2.5912092320886586,False,False,1.0,True
2bff06cf:000,2bff06cf,1069,295208.335201754,-16.129057530402363,16.617873750023083,-82.14653518726386,82.47454141077394,-144.45247071572055,145.50638886075717,-81.72501941174563,82.05822580449907,-142.83957371458422,143.90391444630052,-79.63438250659605,80.11009795711337,-118.47222311792562,119.70328793759066,-61.24098134837833,61.69857199573851,-66.94672862827046,68.18353930865506,62.30593552845669,47.83454933059329,2.497629149855129,False,False,0.3086997193638915,True,-0.4215157755182244,-0.4751834032776969,0.005065803114121081,True,True,1.0,True,-2.5121526806678083,-4.353462378794575,0.20081111071158375,True,True,1.0,True,-15.199806558993398,-21.11128139163702,0.025593721999030095,True,True,1.0,True
2bff06cf:001,2bff06cf,3298,1202585.4082122706,-18.907794875682395,19.095570562404813,-135.35442111947046,136.75957260382296,-264.7185601240584,268.1308686680184,-135.2341227761456,136.6548803741198,-263.0850961793905,266.5180922144404,-142.91193139879434,144.73221731135882,-237.92030076440489,241.6943506586036,-123.34695731287414,125.64311793862542,-167.95679993072204,172.0493160159377,129.3641390045879,82.92550063507406,5.181077557201206,False,False,0.0,False,-0.12029834332486802,-0.32776603814636474,0.02454407007462578,True,True,0.20709520921770772,True,7.55751027932388,0.6663624805732979,0.82242607750959,False,False,0.15191024863553668,True,32.60237881125159,-1.9643404749913316,3.681454820192812,False,True,0.10400242571255307,True
2d0c268a:000,2d0c268a,414,49450.50309249915,10.920550724637584,10.929119801874155,-0.5427679729283855,1.3453658389034095,-35.381088011927524,35.502243083869985,-0.4404745233337558,1.3037246127417272,-35.01064329187433,35.13079845374729,1.6190283895239455,2.0124640325129457,-23.55576489544069,23.670354468945384,4.997920062316855,5.063915025461944,-13.057710630412002,13.088326708969628,34.838320038999136,30.131068807964766,4.95597540232302,True,True,1.0,True,-0.10229344959462972,-0.09652717238350306,-0.007397524876068928,False,False,1.0,True,-2.161796362452331,-2.25486816233024,0.12013676621063496,False,False,1.0,True,12.514942657483617,11.404886970316511,2.6004921837884467,True,True,1.0,True
2d196986:000,2d196986,1835,745933.5995130121,-19.678156403269927,20.161927586054183,-13.094201977791455,14.002032102461182,-37.61218551158544,39.53025677503092,-13.107807830145857,14.018492473056687,-37.50367065342698,39.416799469641,-13.882134794631973,14.917385850607227,-33.36844648727932,35.240285342835904,-13.725473829059029,14.789569873525876,-29.14988007784967,30.599451770422412,24.517983533793974,12.170529920471381,2.8153798517159885,False,False,1.0,True,0.013605852354402677,-0.0032450053349748487,8.388888090848923e-06,False,True,1.0,True,0.7879328168405211,-0.08459649794895086,0.09610888925271865,False,True,1.0,True,16.05567810005821,9.163039911567466,2.004914810822811,False,False,1.0,True
2d196986:001,2d196986,795,95814.94824425149,-10.973554088050397,10.978248834720675,-25.381184303018582,25.517645302251353,-81.42525797196997,81.6708494439781,-25.50178242663046,25.63908831378107,-81.26989310021285,81.51591068718992,-29.831827281808877,29.99337611697088,-75.8921536843044,76.15339332370334,-31.659288998401188,31.851310609175407,-65.29116672246816,65.54927437321946,56.044073668951384,49.903368098675855,1.711462962000951,False,False,0.5911949685534591,True,0.1205981236118761,0.09672902788224746,0.0064606085452396655,False,False,1.0,True,4.450642978790294,3.668508205197213,0.2109147322953504,False,False,1.0,True,39.909982419449584,34.722938160159174,1.3541092699579167,False,False,1.0,True
2d35f86d:000,2d35f86d,2531,1780140.9049477691,-26.16970900829726,26.520463945439918,-63.498964440681235,65.3581171969829,-148.23420968109104,152.59415344422584,-63.559321825270324,65.4372514087311,-147.71391943628606,152.0868858684939,-66.92669652576733,69.39551849575993,-132.58303445237482,137.35834159443573,-61.52974110462118,64.46339152114933,-102.01916580054166,106.70287262356855,84.73524524040981,52.53342341748794,1.3000031591927836,False,False,0.11062821019359936,True,0.06035738458909847,-0.06846480408785283,0.0020567426672641886,False,True,1.0,True,3.4277320850861,-0.8446233155555092,0.07912262200989062,False,True,1.0,True,38.52020135986044,16.716768885849888,-0.23980921502698038,False,False,0.47925721058870013,True
2ddad940:000,2ddad940,1384,221421.08354774505,12.582019869942055,12.648570355702986,41.01226984223777,41.71745255355047,91.33864490827973,93.2564772683062,41.05021889502402,41.76321228290079,91.01750890093025,92.94119597334758,42.745113408753916,43.71608854677725,80.61280192117141,82.7453013649174,39.76479867924724,40.999991227961495,61.28568688271077,63.52248665011256,-50.32637506604196,-34.524780984162135,-0.5369650026696036,False,False,0.6473988439306358,True,-0.037949052786246815,0.024797306177788414,-0.0007312942852877313,False,True,1.0,True,-1.732843566516143,0.33436492162582,-0.024193315734009957,False,True,1.0,True,-20.27341704047301,-8.551495662419256,0.4143739593891951,False,False,1.0,True
2ddad940:001,2ddad940,495,73169.76750299832,12.093979797979664,12.158030766833473,78.08761104887436,78.10516211124049,180.96070319840766,181.01379436892367,78.35704734296837,78.37470340984689,180.63379741525483,180.68698354923248,87.52691448376154,87.54849168539519,169.95358373984456,170.00999407521252,90.13781030005289,90.1654624115376,144.32895488362848,144.38644322141124,-102.8730921495333,-97.75980973643163,-1.9798454652864166,False,False,0.0,False,-0.26943629409400854,-0.24873230297816917,-0.007802196376360371,False,False,1.0,True,-9.439303434887174,-8.755397920493124,-0.2564085675840033,False,False,1.0,True,-66.24134383475412,-61.702198383178256,-1.6487614579582441,False,False,0.0,False
2e63d9de:000,2e63d9de,3428,3188203.650574222,28.6530972870477,30.496684071781374,28.833808163324075,31.615254073549266,63.77906316481567,66.35968355517976,28.624912280091106,31.424299767541093,63.044272321728734,65.63752037192077,24.35195500162096,27.625524078208972,44.8533438307922,47.90025466399663,12.440818895800748,15.626304137481942,11.755306978981158,13.434933750893837,-34.945255001491596,-23.29289164572583,0.9621516470215283,False,False,1.0,True,0.208895883232973,0.17390434678782185,0.022615467671130318,True,True,1.0,True,4.481853161703116,4.068690845322635,0.5036033369415236,True,True,1.0,True,17.078501184342922,2.214608863767353,3.9735781292292813,True,True,1.0,True
2f8e53c3:000,2f8e53c3,273,29062.13099524878,10.314562271062051,10.317688321047916,25.17980047361518,25.19513284603569,56.99814756509211,57.04275099759449,25.161905501316127,25.17740343591477,56.69079672020477,56.73553697848198,25.03300468656396,25.054046785533583,46.745538029638084,46.7961723501417,21.738587937215158,21.76170193478257,31.948661753213578,31.991434304958712,-31.81834709147693,-29.41754542293711,-1.3562570985359343,False,False,1.0,True,0.017894972299053243,0.025534184833304607,-0.0031564626206090907,True,True,1.0,True,0.14679578705122184,0.4031261725722288,-0.11105916869382781,True,True,1.0,True,-6.768861279598397,-5.42761174595762,-0.28824492118110356,False,False,1.0,True
2fd68f7b:000,2fd68f7b,211,22710.262156501067,-10.373819905213512,10.3745638077669,-23.968088492941995,23.979997027100254,29.594826780008056,29.753047077218728,-24.392086495516384,24.403683846198835,28.67005207571117,28.831241501844502,-29.58393081045092,29.59579342302978,10.692075355994998,11.022620480304768,-39.79198185685324,39.79369378289217,-10.217343337760578,10.333983062465897,-53.56291527295005,-49.501456291092836,-5.199605842357414,True,True,0.0,False,0.42399800257439096,0.41639031365593837,0.019142629691486945,False,False,1.0,True,5.615842317508926,5.739005347013517,-0.02278946157093742,False,False,1.0,True,-13.750745155181416,-12.337072145426646,-1.819524589649518,True,True,1.0,True
33c40295:000,33c40295,1155,250594.50117799485,14.622865800865647,14.729729667744891,0.6858067776000776,6.484015917020128,-13.474047394663453,17.285597027655864,0.7125931016335592,6.4746253459283984,-13.366550709434948,17.159678939889453,1.7953625285021921,6.509398331378958,-8.393132628438206,12.259811607429048,2.5980118114734023,6.288618703555733,-5.655902600731523,8.933004561173798,14.15985417226353,7.01943188806581,2.8272705824128934,True,True,1.0,True,-0.0267863240334816,-0.0009330451430287212,-0.000908087224161136,False,False,1.0,True,-1.1095557509021146,-0.3257368825161393,-0.2143154417462938,False,False,1.0,True,6.341709378331601,5.906113885786908,2.017870177551231,True,True,1.0,True
33c40295:001,33c40295,161,17667.150085249523,10.471357142857002,10.475392663818248,-59.53920675973441,59.54193955985084,-136.50431552326495,136.50774270665252,-59.685135528079705,59.68787505607225,-136.1804719686104,136.18390537326604,-64.8878620835284,64.89078070850258,-125.67655369060438,125.6801805535057,-64.53346621524656,64.53616598563828,-105.21566222288376,105.21830836967597,76.96510876353052,75.97286334839555,3.8933414759903826,True,True,0.0,False,0.145928768345296,0.14217341834410036,0.01645932757674018,True,True,1.0,True,5.348655323793994,5.227324404106184,0.5438865481410176,True,True,1.0,True,45.676455463149345,45.06953714909287,3.241932407487184,True,True,0.0,False
33c40295:002,33c40295,258,31043.78684699945,10.959965116278973,10.96926411483141,-64.2097469083295,64.21854184037227,-149.56512917620168,149.59641984967556,-64.38863919723042,64.39754854978692,-149.2392215734087,149.27057735576366,-70.63289018275997,70.64562093989007,-138.63093072499618,138.66448083734736,-70.6531941031951,70.67008555884983,-115.93891150617482,115.9725176868268,85.35538226787214,82.31882347122155,2.3018836105420633,True,True,0.0,False,0.17889228890091136,0.1663733823261282,0.00903744838797138,True,True,1.0,True,6.423143274430462,6.010712584418798,0.29522095242100477,True,True,1.0,True,51.729164597845305,49.17205343698879,1.7894862963057676,True,True,0.0,False
3407f5bf:000,3407f5bf,1685,2050555.578123484,29.314112759643752,34.88476645524637,44.76439000568936,49.15425154772556,76.33935561735184,81.08377064466954,44.32208400633703,48.75714823894143,74.75335793135622,79.58021161856831,39.7003938859915,44.83155130527101,51.041568537744986,57.475008271165706,23.43089558028563,29.80430889430522,4.949725574060555,19.64082572403848,-31.574965611662474,-14.227201220479401,-0.8432783696734987,False,False,1.0,True,0.44230599935232473,0.46886529566472746,0.009144209383521229,True,True,1.0,True,5.063996119697855,6.382959611968545,0.14330782744218595,True,True,1.0,True,39.8146644316288,40.48532582267762,2.4376947329983523,True,True,1.0,True
347242c8:000,347242c8,1699,301065.8662407432,13.223133313713793,13.311716821380811,39.19749979701837,40.034890032966594,99.14652027915464,101.06783107668615,39.09295280513768,39.94036834708405,98.39629480719651,100.32716143842146,38.73034839290846,39.87020879260786,79.95527227354694,82.1597357542338,29.399469764491336,30.577910223384325,48.10614549102813,49.943287503332165,-59.94902048213627,-38.720100462782284,-5.097213626211669,False,False,0.3478516774573278,True,0.10454699188069798,0.16131356297046295,-0.006229606342458283,True,True,1.0,True,0.46715140410991524,2.5816888256013044,-0.42086745261985925,True,True,1.0,True,-8.90864569400976,-0.15084712598763872,-2.662210321825114,False,False,1.0,True
353e5502:000,353e5502,4309,4234761.444008798,-31.032109886284704,31.349183077861724,-50.62107833718182,54.06762994504366,-127.85154325978984,136.0397391000041,-50.692152468435594,54.17174565751028,-127.33663890952933,135.55031182865122,-54.254179326716226,58.75773160186561,-112.32810934804264,121.3550537563375,-49.21492857058538,54.55505507967898,-81.29066662196502,90.07959400756931,77.23046492260801,32.87569389774035,4.089570685842773,False,False,0.27709445346948247,True,0.0710741312537703,-0.08354132092244981,0.005946747403868358,False,True,1.0,True,3.6331009895344124,-1.6239729011431336,0.3200401305239211,False,True,0.964492921791599,True,30.6695882847832,5.249993350216755,2.101016818161952,False,False,0.5722905546530518,True
35b3ef6a:000,35b3ef6a,2356,552698.4592839879,15.020153225806272,15.316392387152089,-21.64651246721877,25.516006968321005,-98.32852078592781,103.72290587996213,-21.55560763597673,25.471813766471524,-97.58967123009745,103.00921741773396,-21.884899434149265,26.946797414175766,-79.38830301799348,85.54931775803732,-12.709798834811721,19.095984781749838,-48.1976483281072,53.8648719647405,76.68200831870902,39.55906068438526,4.691700837613098,True,True,0.19015280135823429,True,-0.09090483124203727,-0.17524398639579886,-0.004300372824218357,False,False,1.0,True,0.2383869669304918,-3.363948987771437,0.18419489083498775,True,False,1.0,True,26.551135860888426,7.903260671113458,1.9181845950479328,True,True,0.5623938879456706,True
368131f9:000,368131f9,755,150460.40448200365,-13.87525033112601,14.116844688161505,-19.23982987797082,19.609077510270367,-30.167224075725397,31.16396694152495,-19.130952963047786,19.50084934351863,-29.799562061384346,30.795721815994597,-16.161057289070513,16.601314093380584,-18.39618869703386,19.58849668194352,-12.31638442793112,12.674848201312688,-7.806925272174559,8.844500565849287,10.927394197754579,6.283801975881943,0.8445733858843596,False,False,1.0,True,-0.10887691492303171,-0.08787275453323673,-0.0133130879712553,True,True,1.0,True,-3.0787725889003057,-2.83951306004019,-0.26275038432868314,True,True,1.0,True,-11.43290460579626,-9.431920995761175,-1.5794627356099227,True,True,1.0,True
368131f9:001,368131f9,2964,3094055.6200667773,-30.88599139676128,32.30910729697623,-67.38723781057737,70.91964579224124,-125.79608442776423,132.81636663509767,-67.41477952432953,70.97213381326526,-125.27999769987147,132.323420666786,-69.48708469608961,73.82035146153292,-110.27474555884037,118.05344887679932,-62.81858980191962,67.68700232954902,-80.77341367247065,88.60172489340789,58.40884661718687,26.721023610256452,1.839422374850983,False,False,0.3647098515519568,True,0.027541713752170235,-0.09312255162512884,0.0018736586935119703,False,True,1.0,True,2.099846885512255,-1.9691026801410771,0.1010604706225422,False,True,1.0,True,13.386175861893285,-4.835434976974284,0.05803649749941542,False,True,0.8589743589743589,True
3690a146:000,3690a146,552,89985.32216249783,12.727731884057818,12.767806701839575,10.20791720854328,10.273425708501765,8.595214856100961,9.11776794140791,10.182195320302252,10.24651707747461,8.52119026389966,9.032108493306723,8.800313875522187,8.837910815395398,4.23169247482014,4.46883900860567,8.329054720258382,8.359514450168843,2.9583582209874213,3.069462410552738,1.61270235244232,3.620904445855558,1.5459293519015773,True,True,1.0,True,0.025721888241028813,0.0028024143666698365,0.002719504720516852,True,True,1.0,True,1.4076033330210935,0.512347663858236,0.38994115604873514,True,True,1.0,True,7.24955898755586,5.044708814883052,2.6463613683681615,True,True,1.0,True
37344c2a:000,37344c2a,1381,172450.97995224452,11.163605720492217,11.174703120344548,11.04236907087556,11.146439467973135,25.12803487271431,25.479431743482436,10.976834357445195,11.081674682148314,24.84564816412095,25.196612707898836,9.145268677289964,9.286048490506811,15.523600595458237,15.923276144469165,5.259450586781203,5.327927923707789,3.5673169901179778,3.659137567026633,-14.085665801838747,-9.776171501762292,0.4043284114013659,False,False,1.0,True,0.06553471343036592,0.05961923319773632,0.009006171423607157,True,True,1.0,True,1.897100393585597,1.870642772737483,0.22764283604374214,True,True,1.0,True,7.4750520807575835,4.903686044510323,1.9414834803665144,True,True,1.0,True
37344c2a:001,37344c2a,1624,802708.8864355098,-21.085944581280938,22.23238338455475,3.024723973146301,8.150645441378717,40.129299440314206,40.60530353916838,3.046089060522786,8.151158930053185,39.803088814484724,40.28287431415437,4.041969449906738,8.352450752598497,29.17149552866326,29.816122391735338,-1.3488577575487002,6.754501093532999,5.496886253249872,7.448271564140134,-37.104575467167905,-26.920660167275855,-4.662767498244648,True,True,1.0,True,-0.021365087376484845,0.026453866452357033,-0.021745087564340793,True,False,1.0,True,-1.0172454767604362,0.5725839609276591,-0.7277904629172554,True,False,1.0,True,-2.4721622801035705,4.8032301091297995,-4.062093759333948,True,False,1.0,True
37d36812:000,37d36812,386,50135.3431780013,-11.352634715026058,11.39667972487157,-37.08041390638093,37.093999151854646,-45.67432590857775,45.78264044608334,-36.938063318549354,36.951757201297745,-45.21850229812305,45.327026954377786,-33.17077816533969,33.189420241257274,-31.897761193596516,32.023960304024584,-26.814449793196072,26.831452403261544,-15.474158171026943,15.563239808996139,8.59391200219682,4.546154326068063,-0.28427505587387714,False,False,1.0,True,-0.14235058783157906,-0.14835758159279067,-0.008595775769208558,True,True,1.0,True,-3.90963574104124,-4.193588855685448,-0.21573529842680728,True,True,1.0,True,-21.60625573535399,-22.866794509753163,-2.2834738967158046,True,True,1.0,True
37d36812:001,37d36812,289,37251.49725525092,-11.31678027681675,11.353321733221113,-46.34534938317443,46.36496189136677,-75.87233596713232,75.94882618375084,-46.26388549473246,46.28373172852039,-75.35826138093068,75.43518172959949,-44.558424851230654,44.58644554669003,-60.494295725336066,60.58633983460327,-36.813545902616596,36.84704975849659,-34.54221487002961,34.64455759918967,29.52698658395789,25.850471882040438,3.1622548395989725,False,False,1.0,True,-0.08146388844196953,-0.0950527602872171,0.011092159806139534,True,True,1.0,True,-1.7869245319437748,-2.234100830148236,0.3676375765080593,True,True,1.0,True,-11.80313451314482,-14.127978935790452,1.869453704875923,True,True,1.0,True
38991fd4:000,38991fd4,4360,1764986.8346599776,19.51307545871546,20.119977489750536,-21.166212098235935,26.02012664865571,-78.92599820668582,91.16424885392624,-20.974037430256235,25.886278026829565,-77.9633606831532,90.23146198748672,-19.41979857729473,26.124996308246352,-58.71637742417359,71.95506880748084,-8.988619138002084,16.33529805676202,-24.19134384167523,34.780097672898314,57.75978610844989,9.164172090326247,3.106634472947917,True,True,0.4896788990825688,True,-0.1921746679797006,-0.05833898593846243,-0.031245028472767444,False,False,1.0,True,-1.7464135209412022,-1.730897123572504,-0.6823196498171455,False,False,1.0,True,3.025131743439298,2.3134554173157085,0.08960048036351509,True,True,0.9577981651376147,True
389ae58f:000,389ae58f,593,81306.03808224801,11.679419055649097,11.709384115370677,2.636253755110239,2.6550712913177437,95.49180072618068,95.5672968814359,3.212352319881705,3.2274433998602885,96.0189828040199,96.0940751880277,21.593405176789314,21.600996364444523,111.43403864915598,111.49938127701432,52.02972471384737,52.05397147415225,146.98769568069656,147.05780632140696,-92.85554697107044,-84.8290026946288,-1.4091363251754956,False,False,0.0,False,-0.5760985647714658,-0.5403935360282048,-0.005726836057874607,False,False,1.0,True,-18.957151421679075,-17.749748906526293,-0.19397501382445625,False,False,1.0,True,-144.35144192558636,-134.9560333458303,-2.077527316461783,False,False,0.0,False
389ae58f:001,389ae58f,447,187086.9210937468,19.870175615212343,20.458225078537158,20.100569372355235,20.783240299314205,142.2123377510438,142.35067244723746,20.799205212886854,21.460582213062253,142.74033005598855,142.87815385154067,43.15901234360987,43.49647014138755,158.23056864203105,158.35496274898665,81.28011959194575,81.47749413770431,199.02802881305345,199.13464530785956,-122.11176837868857,-120.73207056555839,-2.5890047075299663,False,False,0.0,False,-0.6986358405316195,-0.693252876146289,-0.0106447936668701,False,False,1.0,True,-23.058442971254635,-22.879814317800992,-0.3542944689743308,False,False,0.0,False,-178.92745944069821,-177.1084555787529,-2.867581723801777,False,False,0.0,False
3932faa6:000,3932faa6,1021,378485.3903382541,-19.11258325171411,19.253588656126635,-54.54536798374599,54.57023397803028,-125.80493460166134,125.90741006115054,-54.63896241141506,54.66400799087225,-125.27728966244901,125.38020137775747,-58.94159814637107,58.97402471592122,-109.82541287432258,109.94333351277065,-50.906842315375386,50.98079573625995,-72.45917854270851,72.69815648028425,71.25956661791537,73.10845227465325,4.8632122627786885,False,False,0.0,False,0.09359442766907973,0.10150710066409374,0.02404419030426652,False,False,1.0,True,4.396230162625088,4.669552433420904,0.8111287950450787,False,False,1.0,True,17.913810558962524,21.71512283708398,4.273697410169916,False,False,1.0,True
3a0af893:000,3a0af893,268,33745.75630300115,-11.196399253731535,11.221274487802235,-37.83396575071539,37.90502376502642,-60.21296031947249,60.35367217176382,-37.64996314535027,37.721222861597816,-59.60833886076079,59.749026014542544,-33.68374998062702,33.76577469353103,-44.47035720333497,44.62235826644464,-28.142882483685046,28.214110908805768,-28.632606286038413,28.741325237301684,22.378994568757093,19.97750404645376,0.735290101976716,False,False,1.0,True,-0.18400260536512164,-0.17745927703435882,-0.012997434163480648,True,True,1.0,True,-4.150215770088373,-4.128083968889769,-0.23656007880163088,True,True,1.0,True,-9.20135946467698,-8.727474554545552,-2.161850063366728,True,True,1.0,True
3a0af893:001,3a0af893,288,33607.11882175125,-10.795074652777979,10.802378663875258,-48.91395910902761,48.93502142459938,-88.33024036005173,88.40281435011593,-48.74418244053544,48.76546029525612,-87.6074208472828,87.68024600605746,-45.81408093402122,45.84285869150795,-69.93639809058898,70.01738801786547,-37.57058288938466,37.595373998545085,-44.25973615741588,44.316232714262135,39.41628125102413,35.95215417664622,3.003639542410383,False,False,1.0,True,-0.16977666849216652,-0.17699970505964302,0.004235659163896344,True,True,1.0,True,-3.0998781750063875,-3.390123096167372,0.21128637969013653,True,True,1.0,True,-4.654222951611725,-5.745573653912288,0.7379476889327634,True,True,1.0,True
3a0af893:002,3a0af893,493,57319.77674275149,-10.773224137931177,10.782731361962162,-54.398050299655296,54.4168186601827,-105.49896548398831,105.63512707127829,-54.262057162320765,54.28120767194856,-104.74309560784587,104.87988795066748,-52.49283407543062,52.52600807493331,-86.20308823250532,86.35713063071506,-43.01111776753398,43.040606745911546,-54.656850956210384,54.76846278026736,51.10091518433302,45.169904171891176,3.3315435144104413,False,False,0.8377281947261663,True,-0.13599313733453422,-0.1547732564540638,0.009207106859321357,True,True,1.0,True,-1.905216224224677,-2.5444895166401693,0.3332818647268141,True,True,1.0,True,0.2588006565550871,-2.312402036423009,1.3963211969239637,False,True,1.0,True
3a223519:000,3a223519,959,157832.9826967459,12.621484358706828,12.828904680611625,58.50166803977758,58.6316482359139,130.72915461865446,131.263380877251,58.4216659489061,58.55404439907455,129.9475637203954,130.48488540931646,58.69483024903279,58.90706289797279,110.4885334999895,111.11319206732058,46.62618541234085,46.93016047896017,66.26373841329665,67.00666816235785,-72.22748657887688,-58.66866349283191,-1.7863231249721139,False,False,0.0,False,0.080002090871471,0.13661669558496214,-0.006672571616945788,True,True,1.0,True,-0.19316220925521654,1.6651491712073039,-0.21334537350594474,False,True,1.0,True,-7.762070373519079,2.285851067461408,-0.6685678261492285,False,True,1.0,True
3a824aa7:000,3a824aa7,2084,753823.5262952603,-18.750448896353298,19.01892589943415,-28.8579486688252,30.651239600527788,-76.20551891857896,79.49283162544984,-28.895802564153637,30.70254161511682,-75.88786369370847,79.18600096439336,-30.648847090198394,32.866167339162544,-65.58842612285967,69.28595073502387,-27.837558900352356,30.457925693632305,-47.03434423236326,50.81192265583352,47.34757024975376,28.41564946569997,4.156320593867349,False,False,0.6967370441458733,True,0.03785389532843976,-0.03038294005636999,0.013941552198957652,False,True,1.0,True,1.7908984213731969,-0.47985938973033626,0.49826960957580013,False,True,1.0,True,18.17639556353807,6.156743540726893,2.9895099128880247,False,False,1.0,True
3b21ea64:000,3b21ea64,301,35690.8304967493,10.883347176079628,10.889177549146746,-10.432759619505662,10.63090161021827,-17.33958459532423,17.606330584141848,-10.363390086480468,10.561155542885999,-17.12388775057857,17.388374173535404,-8.021487475656027,8.239927473187363,-8.958537113048667,9.25198127400093,-6.383413107934975,6.576577110531842,-4.413928698597791,4.630156188842514,6.9068249758185685,5.250939871530136,1.071328152947899,True,True,1.0,True,-0.06936953302519339,-0.05353348904645827,-0.01523025728056382,False,False,1.0,True,-2.4112721438496343,-2.1074576081955456,-0.3503134946549835,False,False,1.0,True,-6.01883092090787,-4.815167772723726,-1.3304358280765882,False,False,1.0,True
3b21ea64:001,3b21ea64,128,16523.186527999642,11.323046874999875,11.361663379540744,-25.682481020398356,25.758884721391972,-76.12404989355964,76.15047034631367,-25.663933688770783,25.74037801128318,-75.60925100119415,75.6358295327803,-26.237426517362366,26.311652030229368,-60.72186866878515,60.75404758385632,-19.75130815176854,19.83857526686949,-34.54937980768557,34.59059842204052,50.44156887316129,50.39830346720191,2.0451012486209947,True,True,1.0,True,-0.01854733162757327,-0.018195018854385125,0.0068002300831722096,False,False,1.0,True,0.5549454969640095,0.5689009827783593,0.22212848281560582,True,True,1.0,True,8.866898787287212,9.405247396276536,0.813651386391939,True,True,1.0,True
3b21ea64:002,3b21ea64,713,92189.82009499776,11.356099579242501,11.37094918670948,-42.29556691239737,42.60348536174651,-97.40392418817143,97.82944759684533,-42.293658025829394,42.603392081296526,-96.88229028875739,97.3098788041216,-43.38120878773754,43.74170617760827,-81.73894500796278,82.23492753802653,-36.186610041133385,36.612157810013436,-52.264599773435215,52.81316837917858,55.108357275774075,50.4989079255738,0.08166411943057028,True,True,0.5469845722300141,True,-0.001908886567976945,-0.01897534999443451,-0.000655208346870495,False,False,1.0,True,1.0856418753401706,0.5373000685194711,-0.02667854310493567,True,True,1.0,True,9.969032861037844,8.143614641974636,-1.0668895473681914,True,True,1.0,True
3b21ea64:003,3b21ea64,1857,378454.5034667423,13.984310446957306,14.275814197818326,-63.8754116902869,64.4009495771014,-152.97402530136884,154.0694722755616,-64.01401263973162,64.54350659315743,-152.44658187784447,153.54573354631395,-69.58215069431685,70.2324684047378,-137.00773504187504,138.22463033873578,-64.27484036912107,65.09449708218072,-100.02852243920466,101.35926193956685,89.09861361108192,68.78400271523424,3.667184465304672,True,True,0.0,False,0.1386009494447133,0.0532998050803144,0.015467047211132012,True,True,1.0,True,5.706739004029951,2.890642213249521,0.509295989659222,True,True,1.0,True,36.15311074891776,19.80324964717147,2.9274844981246133,True,True,0.4114162627894453,True
3b21ea64:004,3b21ea64,255,27506.12648274878,10.379045098038985,10.385911740306971,-73.59111265111069,73.59456395111084,-189.16363506224116,189.16424253606928,-73.83749196927414,73.84092287656195,-188.6356315622275,188.6362407306423,-82.85865149373765,82.86146032254595,-173.1431305923862,173.14379287073416,-79.96953088143574,79.97174045205773,-131.887962318759,131.88846536214447,115.57252241113044,115.94838846580751,1.7196018295981048,True,True,0.0,False,0.2463793181634423,0.24782805994072987,0.006761075419490226,True,True,1.0,True,9.267538842626948,9.315651549741233,0.22312830366536218,True,True,1.0,True,58.2968496676483,58.891052989954915,1.483545812921875,True,True,0.0,False
3bfee975:000,3bfee975,1047,311310.185661506,-17.001223495702167,17.24341674031395,6.2280425652592015,7.826631084389112,30.288219252318566,31.9079401948617,5.731680627205577,7.434607955020413,28.788254590374244,30.466644526396514,0.3906745961870487,4.863336065458497,6.918042846065157,11.153202061586201,-13.070902102309935,13.449230547267637,-27.174724406247933,27.338793072476008,-24.060176687059364,-10.293664905851983,-4.021641490058755,True,True,1.0,True,0.4963619380536244,0.47463674619211815,0.01718782366879168,False,False,1.0,True,5.837367969072153,6.263743960063948,0.023620824023964815,False,False,1.0,True,33.402766971507134,33.85911785152348,-0.22136666161713947,False,False,1.0,True
3e678ea7:000,3e678ea7,1057,194027.8907502528,-13.492661778618833,13.548605193766237,-5.4666777436638645,5.954589597074667,14.486073420418611,15.614774532144658,-5.505487088039128,5.987758756105702,14.305848059952536,15.427376944040935,-6.551323022692974,6.953297728384492,7.366492694640822,8.659068012347944,-8.008932604848908,8.213590333116638,2.103130706731931,3.1515301174792083,-19.952751164082475,-12.070637747339788,-3.326193888349735,True,True,1.0,True,0.038809344375263205,0.01800102271590731,0.006159628494060598,False,False,1.0,True,1.0846452790291092,0.8681211401199107,0.09001187595822557,False,False,1.0,True,-7.569808450395795,-6.334834778561344,-1.73612578466782,True,True,1.0,True
3e678ea7:001,3e678ea7,3719,1697170.0645462205,21.088287039526566,21.362377841080004,31.96292437174734,32.841666902706415,95.31132327897622,97.60399739336151,32.046365751251145,32.93463648565463,94.98512543813645,97.28524340749776,35.311952148616875,36.50472671429838,84.34397105988197,86.90936204258259,31.589840447680718,33.214831373972494,59.52020431323127,62.2729281988049,-63.34839890722887,-43.50174627217348,1.3012814746161894,False,False,0.35896746437214305,True,-0.08344137950380225,-0.005547482422116445,0.005599501069809776,False,False,1.0,True,-3.349027776869529,-0.8075740426338598,0.18953171495559218,False,False,1.0,True,-27.557279941483927,-13.969260628537086,2.037064423380798,False,False,0.9144931433180963,True
4121c517:000,4121c517,238,56888.37969700105,-15.357638655462331,15.460491759629907,-61.72066562096584,61.76636787699232,-133.17322915721215,133.22740984426196,-61.64697407833164,61.69293806991405,-132.3945412791691,132.44902165658445,-62.73146621322302,62.783334485404296,-113.0821664667772,113.14496669416916,-50.95141712084774,51.01334307888513,-72.40272891467023,72.47408145329875,71.45256353624632,69.67235989386609,-0.01552332628671138,False,False,0.0,False,-0.07369154263420462,-0.08052628849145549,-0.000636083366771345,True,True,1.0,True,1.0108005922571817,0.7911931524777174,-0.02826384081527067,False,False,1.0,True,10.682063293704392,9.934828184314028,-1.2085851230312983,False,False,1.0,True
43b06c70:000,43b06c70,462,65308.94907750206,-11.873008658008846,11.88954842034023,-14.606959146082756,14.668091346261484,-11.903214636985023,12.343065958333353,-14.535370270110635,14.593886735538785,-11.702237522804703,12.122100581498538,-12.713899773247784,12.735113227127647,-6.288872107804924,6.392551287086663,-11.941003708773103,11.94983083239773,-4.191019607483917,4.194683647132119,-2.703744509097734,-4.637094195952159,-1.8921232165976107,True,True,1.0,True,-0.07158887597212188,-0.0180248094311537,-0.016117209250296582,True,True,1.0,True,-1.8930593728349723,-0.7717492402516655,-0.5604901319329656,True,True,1.0,True,-10.415939538598838,-6.955282010039809,-3.681412508831272,True,True,1.0,True
43b06c70:001,43b06c70,3683,2518023.5201447704,-24.132794868313983,26.14743137086821,-50.776234495587296,55.21756399654557,-112.59908447031971,124.18203248313607,-50.56050688623739,55.06050066751943,-111.53624076835817,123.18710878403111,-49.71601535286362,55.869617292077756,-90.4495192448261,103.6239972395583,-37.08166705369095,43.82020404334606,-50.09529405814667,62.92262056358189,61.8228499747324,14.093110977102697,0.7969041448795906,False,False,0.42926961715992396,True,-0.21572760934990612,-0.26996734054955596,-0.02582909202646988,True,True,0.9174585935378767,True,-1.060219142723673,-4.718601487296837,-0.41830162133919657,True,True,0.8916644040184633,True,-0.6809404374406316,-13.630241665625363,-2.908802756928708,True,True,0.8199837089329352,True
4463446c:000,4463446c,175,21668.48147199938,11.115965714285558,11.127438794516497,30.071300434696873,30.087070421322778,101.99011732742548,101.99341117177103,29.817725013485646,29.83359487663154,100.87180312229974,100.87512272056507,28.31878322933101,28.334282657356813,78.62397644709503,78.62777544496805,11.912349613564148,11.931043473680434,33.73657494560239,33.73711259811804,-71.9188168927286,-72.11358498132722,0.17273436071809556,False,False,0.0,False,0.25357542121122867,0.2520108576227358,0.002146344117136323,True,True,1.0,True,1.7525172053658649,1.696944670216908,0.07489796640584245,True,True,1.0,True,-3.6652745109055207,-4.9745867703604745,1.908241883822484,False,False,1.0,True
44a94013:000,44a94013,407,55924.50645850084,-11.702894348894441,11.722058256773268,-11.18440637192339,11.349593038734,-52.895159658270195,53.094871661450505,-11.08585520754559,11.253166275961608,-52.44913797098005,52.64921148325376,-8.89227980102497,9.141556762956101,-39.35383528662061,39.58137843402632,-4.320679195783798,4.697879062810638,-23.82439657026782,24.00161570044564,41.71075328634681,36.986889565292586,2.3943366164658073,False,False,1.0,True,-0.09855116437780045,-0.10489476637667394,-0.0002946937529486604,True,True,1.0,True,-2.292126570898422,-2.6203183269644796,0.08708140373346396,True,True,1.0,True,12.63999019834443,10.953705125413762,0.3277993747487926,False,False,1.0,True
463c38f2:000,463c38f2,998,157107.12107449517,12.513531062124056,12.546791024182406,-13.894479073152697,15.240495744788609,-50.15203988082794,51.249949758376346,-13.40959680813314,14.796826750428766,-48.647059339386814,49.76554552151435,-8.213031258336402,10.355079010254652,-26.688721927798095,28.277514654674498,3.99047104113008,5.905408738949029,7.742294168841599,8.63708363820952,36.25756080767525,27.05144921658757,2.6929505869193235,True,True,1.0,True,-0.48488226501955684,-0.4655405840549065,-0.0143082682898239,False,False,1.0,True,-5.681447814816295,-5.7924041665573895,-0.08876667835465923,False,False,1.0,True,-21.636773241994295,-18.283451319653977,-1.0543379431601352,False,False,1.0,True
46d41ff6:000,46d41ff6,871,274377.1949994963,17.614959816302985,17.748633782562738,86.39542287824389,86.40987337738397,233.7420472911684,233.8440420838278,86.82627595061454,86.84094847940952,233.41497305260953,233.51711067774113,101.25145874119647,101.27540823653308,222.71136478352523,222.81839821083813,109.38518735756611,109.4266114511242,193.92069728814508,194.03724065238615,-147.3466244129245,-135.04933862899088,-4.845923087477786,False,False,0.0,False,-0.4308530723706459,-0.3744289507922076,-0.023107918441382935,False,False,0.1285878300803674,True,-14.856035862952602,-12.955798299823073,-0.7807078478872427,False,False,0.0,False,-107.5252744099012,-95.56647298633288,-4.728673996471116,False,False,0.0,False
46dfcfca:000,46dfcfca,258,53263.474671000986,-14.12046124031021,14.368283691665816,-12.011312250079712,12.202817249982685,30.99295219048676,30.995770187812436,-12.030473205456298,12.220426695271302,30.669146809806925,30.67200054547332,-12.37030741044876,12.518386513270848,20.166732521809127,20.171490827253074,-17.49548723587487,17.587462416151286,-0.27525065086528644,0.8204676738245416,-43.00426444056647,-40.645652970029914,-2.146064667904284,True,True,1.0,True,0.019160955376585402,0.02847417049270007,-0.00820871254290978,False,False,1.0,True,0.35899516036904744,0.6630791499719635,-0.26690175635121705,False,False,1.0,True,-11.736061599214425,-10.00226407027003,-1.4786164596771414,True,True,1.0,True
47222616:000,47222616,531,57777.790949501374,-10.428743879472817,10.43117438985675,-17.171153159405648,17.22349206287262,-37.28098470723776,37.52669672788675,-17.31906843623787,17.372465774873834,-37.525044766299985,37.771319300429006,-22.32099514025923,22.403354731632472,-45.922113508149444,46.16542297265626,-27.770983637647277,27.92850761865722,-54.14893828474518,54.477531617814435,20.109831547832105,15.67393330269806,1.6696365437055647,False,False,1.0,True,0.14791527683221892,0.11604899935628055,0.015138078288146062,False,False,1.0,True,5.149841980853583,4.219796499064614,0.42151998392364476,False,False,1.0,True,36.97778512533952,29.532347655462218,3.2368936727943947,False,False,1.0,True
47222616:001,47222616,2066,2290674.374248521,-32.72557938044545,33.297875113159385,-47.64874699260045,48.29364586521674,-100.13002364622791,101.58627431401136,-47.96745989709376,48.613804101306684,-100.450648590299,101.90330493650423,-58.31059743576598,59.01306468191896,-110.8493558252622,112.20092591553987,-75.01105024135572,75.94053495976438,-130.4765230296019,132.02840628757698,52.48127665362746,38.74460450586412,1.4026228200727928,False,False,0.6592449177153921,True,0.3187129044933155,0.25731073528186243,0.007521147328588995,False,False,1.0,True,10.661850443165532,8.605568102722827,0.2422925340488291,False,False,1.0,True,82.82777603700147,62.88798533415684,2.4617271016741142,False,False,0.17086156824782187,True
481de5fc:000,481de5fc,311,45736.52119925093,-12.073683279742891,12.126943931981552,-53.84253852920564,53.89452458844194,-140.58773071774863,140.679068859691,-53.96576602412576,54.018136453452456,-140.05990878154734,140.15158969288115,-59.085456818539,59.14954927054189,-124.59217333658489,124.695080982402,-53.422665046396304,53.51066391532363,-86.29807238360124,86.43096764641419,86.745192188543,82.24655863139014,3.214325505441593,False,False,0.0,False,0.1232274949201137,0.1037799956429808,0.013377257861066028,False,False,1.0,True,5.242918289333356,4.595759247296883,0.442682919494473,False,False,1.0,True,32.4555338543956,28.44885035321022,2.7747698851599125,False,False,0.6913183279742765,True
48c1f673:000,48c1f673,2200,771434.3342217644,-18.591994772727446,18.725703460772895,-47.44265904793464,50.275840072162175,-86.72631793944599,94.46480429621828,-47.03577707465423,49.87756634133176,-85.3781327989587,93.13285157503043,-43.286316321146714,46.62684832892249,-65.82194837944283,73.79310884252425,-32.60838076449506,34.85999611908542,-37.49688615569825,42.89526488347719,39.28365889151136,8.894599371009463,1.280573368876503,False,False,0.6977272727272728,True,-0.4068819732804158,-0.2197443178974936,-0.05069518484015134,True,True,1.0,True,-4.156342726787925,-3.2644685617633513,-0.6595342373639141,True,True,1.0,True,-9.94577289223639,-7.936675029810431,-2.9354048422155756,True,True,1.0,True
493b5b31:000,493b5b31,624,120708.67952825176,-13.783670673077022,13.908393030105623,-3.6558877373374186,4.613190492553734,11.700237893180937,12.06820177130309,-3.8534804601745876,4.780499466034814,11.074594425526657,11.47375741360617,-8.093954693101258,8.68980353580517,-4.49946382196985,5.935913649067012,-14.258825989920929,14.908327217448395,-21.842282387245234,22.82411487696588,-15.356125630518354,-13.993032658878292,-2.1728304826865497,True,True,1.0,True,0.1975927228371691,0.17169295153689745,0.011257993062827154,False,False,1.0,True,4.438066955763839,3.9378561702324077,0.1262229190524522,False,False,1.0,True,18.186394649907815,12.936980450587725,0.790609287110783,False,False,1.0,True
493b5b31:001,493b5b31,1601,828862.2395472617,-21.842382573391795,22.75335860125413,5.747433507496698,8.639237587331097,50.44008390073348,53.469082097634725,5.626854244366261,8.5943155631435,49.66059188017592,52.733257623499384,4.248671866169205,9.030295691318658,30.29505453784826,35.02743719689431,-9.652927952227516,12.578997257441978,-12.100582456976296,18.661433747548962,-44.69265039323678,-23.72553253805927,-5.307947308838266,True,True,0.6264834478450968,True,0.12057926313043675,0.2071594612316403,-0.0249116336908628,False,False,1.0,True,1.498761641327494,4.344117155073036,-0.8522729355099727,False,False,1.0,True,17.848015964472996,31.869616651369142,-3.8600719121768634,False,False,1.0,True
49dbc14c:000,49dbc14c,3439,1052031.449051486,17.388013375981274,17.490340864841077,21.249043078502343,24.850412218838475,49.9921323551252,59.50393624673654,21.11477935719306,24.739320971484283,49.37185930240835,58.89133851372266,18.707201676266774,23.28958118414076,33.64558896076344,44.12840598975883,11.487816233151298,15.647148956513096,10.177483264050297,18.986319062666134,-28.74308927662286,-2.062511124451703,0.3946923279418115,False,False,0.9296307066007561,True,0.13426372130928,0.031309991392845404,0.019764402239161427,True,True,1.0,True,2.5418414022355686,1.414449582423913,0.6179767446410551,True,True,1.0,True,11.071559814452046,3.4405277537662187,2.8692702664338867,True,True,1.0,True
4a335117:000,4a335117,3270,2107712.280172522,-24.024719877675984,25.388192734576215,3.84809568142522,13.24077750301461,48.496754683770384,56.540447304394576,3.7808516373548846,13.231413136483859,48.108720500877425,56.13804335750408,1.9994145411434698,13.634675033321402,36.21252354547375,44.4655590296628,-2.586007595518384,11.557560473245644,20.165889510167485,25.974367868989887,-44.64865900234517,-12.58248919318794,-4.918618813373541,True,True,0.5868501529051988,True,0.06724404407033516,0.007787243343045702,0.006662352630883106,False,False,1.0,True,1.8486811402817505,1.0565578088899201,0.5802341924299981,False,False,1.0,True,-16.31779382874226,-10.032506994841242,-3.396693079106626,True,True,1.0,True
4a8ecc0b:000,4a8ecc0b,2114,654388.347295261,-17.36048320719031,17.594028337980042,-72.81877333136542,73.07502180495631,-168.4479178316744,169.33267199560228,-73.31043696071916,73.56560555774384,-169.0676706506203,169.9492486330031,-128.1600450783973,128.4943629848927,-230.4549541255864,231.16448926411348,-207.9396483103156,208.70004530357707,-330.3776314974035,331.5782487563719,95.62914450030898,75.34339511672988,4.062363655002628,False,False,0.0,False,0.49166362935373065,0.47680344282525766,0.0032427063306386117,False,False,1.0,True,55.34127174703187,49.106381817426154,1.3650904574096785,False,False,0.0,False,257.5588581660381,215.98715246376378,7.333991603421964,False,False,0.0,False
4b462989:000,4b462989,424,52333.63941350171,-11.099259433962446,11.10983325001615,-49.91674464059358,50.02112344102679,-117.57046490871043,117.80290900737138,-49.62220376663154,49.72817097051648,-116.47279374994532,116.70695447100977,-46.861590354738205,47.01175712238541,-94.84263203008572,95.1144907332301,-33.591120976712475,33.74861416115878,-56.22821906295354,56.49425624921243,67.65372026811687,61.9597890022269,1.5222251075429085,False,False,0.0,False,-0.294540873962038,-0.3126525613879494,0.0014629038741986733,True,True,1.0,True,-3.0551542858553824,-3.6973592774284043,0.07417434329363459,True,True,1.0,True,6.311474422359969,4.072588676830492,-0.7695917374585406,False,False,1.0,True
4b831d20:000,4b831d20,1218,456607.8235642565,-18.115720443349893,19.3619025557461,-67.35167332137426,67.54401410993046,-225.50375026428907,225.89583551737425,-67.73944430495236,67.93330389327895,-224.97574378805712,225.3687471785849,-81.27491295053673,81.51570956383709,-209.48236616543133,209.9042597919207,-83.91822942449429,84.24671130764172,-167.93474699443976,168.42092489318392,158.1520769429148,144.56020072540923,3.983337014082281,False,False,0.0,False,0.3877709835781094,0.32982596804322384,0.017476763985541766,False,False,0.06239737274220033,True,13.923239629162468,11.992082324597504,0.583873833376856,False,False,0.0,False,100.58307367306548,88.02214898768034,3.714854798532542,False,False,0.0,False
4c2208f5:000,4c2208f5,4913,7612031.245126793,-37.797379299816946,39.36197662170222,-41.635297809989325,42.584879412439804,-46.85221370727003,48.96071274251322,-41.42669216693198,42.37380837132698,-46.17784130360582,48.26948130454978,-36.57714078713644,37.516815109499966,-29.191848408885214,31.10198381816528,-24.843646745695967,25.734417540447858,1.7420826745197215,8.214758398487934,5.216915897280707,-4.956981969789922,-1.2753829248158581,False,True,1.0,True,-0.20860564305734255,-0.04662986407493008,-0.024670890741617768,True,True,1.0,True,-5.058157022852879,-1.8941821288899519,-0.717635642944515,True,True,1.0,True,-43.37738048450905,-11.272206285209904,-3.8766511988123966,True,True,1.0,True
4c3df468:000,4c3df468,3413,3487454.005810724,29.15204321711092,31.96583844308007,51.1883374256649,58.75837316628134,154.8337934045269,165.14509672215607,51.194950486920014,58.82164207239692,154.06510639988363,164.41868060672095,54.488722716083856,63.57460267471271,135.0213400485478,146.50343563906637,45.12314728468928,55.953733787427915,95.29718694728324,107.15495908777316,-103.64545597886199,-51.636376376427506,-3.3475267004996567,False,False,0.026955757398183417,True,-0.006613061255106805,0.17967856195900822,-0.004114629720788798,False,True,0.7787869909170817,True,-3.3003852904189506,3.200960301415762,-0.2288310354215355,False,True,0.6738939349545854,True,-44.10884952161832,-11.554755657016358,-0.9933752957840625,False,False,0.33343099912100793,True
4caa7289:000,4caa7289,5099,8185301.076377558,-36.9613700725634,40.0658926684552,-33.190977240168394,38.4670101257302,-79.58015863003506,90.59519462437997,-33.21752172297739,38.52465757816865,-79.31295347806628,90.32820570932263,-34.40959535361308,40.77924182333728,-70.26178979576723,81.59118479916405,-32.22180367370126,39.034847487278675,-54.88106188986769,64.4067493625834,46.389181389866685,6.188677976249892,3.056793977973939,False,False,0.6960188272210237,True,0.026544482808996794,-0.0017559717925905716,-0.001625458922717371,False,True,1.0,True,1.2186181134446927,-0.38162364611525845,-0.23332447216671426,False,True,1.0,True,21.69008464969929,4.723499578212795,2.1123260587919503,False,False,0.8888017258285938,True
4cd1ac61:000,4cd1ac61,605,73572.55933650269,-11.018147107438214,11.027580699926565,-11.106468858960314,11.242341285846367,-7.903295566351764,9.284748686850378,-10.994565834009393,11.124535602128555,-7.621244864670864,8.971214589355352,-8.373674837606945,8.425507151256726,-0.7131948881023036,2.2739946933472517,-7.068971351926579,7.075211123413652,2.578038294134525,2.616170794715904,-3.2031732926085517,-7.279603100374516,-3.4493895516370685,True,True,1.0,True,-0.11190302495092172,-0.033588090973353246,-0.028385646588503732,True,True,1.0,True,-2.732794021353369,-1.216492844714594,-0.8357122212582908,True,True,1.0,True,-13.68450715309484,-10.155667314580569,-5.47566210059631,True,True,1.0,True
4cd1ac61:001,4cd1ac61,1413,549627.8611967602,-19.520865888181365,19.722560129419573,-84.41348004586582,84.86823970683042,-177.0564301630779,178.3329934364749,-84.31485045263757,84.7755918925703,-175.92966128234417,177.21383609881605,-87.41924363424091,88.04765792330184,-153.34376780156023,154.79057611093614,-72.18236684959962,72.93140466083642,-102.42367305602001,103.88925731398955,92.64295011721207,70.0200087012854,4.476771500079849,False,False,0.0,False,-0.09862959322824248,-0.1928793866900378,0.017716175823807134,True,True,1.0,True,3.0057635883750913,-0.10229349988185277,0.5929230515394011,False,True,1.0,True,18.010193010154186,2.9468866436527605,2.7372356056966964,False,False,0.5548478414720452,True
4cecf7b3:000,4cecf7b3,304,41979.97940699867,11.732756578947189,11.751256848653336,-4.301294074415505,4.387271577721369,-19.77426737293596,19.82743923397824,-4.269557669893988,4.3554380292923245,-19.6392751140708,19.691383779603797,-3.321426379392045,3.4127793818256205,-13.711343070333442,13.745782834687086,-2.443879430603416,2.530800930756592,-10.44935519254686,10.456795130565638,15.472973298520454,12.632561189202534,4.223389351189326,True,True,1.0,True,-0.031736404521516784,-0.024924846653448185,-0.005139350694662426,False,False,1.0,True,-0.9798676950234602,-0.9304453301156173,0.027505595551701845,False,False,1.0,True,6.148061118131355,5.273199156818009,2.5743917792278808,True,True,1.0,True
4cecf7b3:001,4cecf7b3,153,17864.749883249642,10.799820261437798,10.805696235428359,-15.147032576522571,15.284495873541417,-34.604476251020735,34.652454483698854,-15.085136995673606,15.222822652140373,-34.34763816267694,34.39572322227096,-13.597378807582714,13.740159198301882,-25.66448476408417,25.721330021371017,-10.697077176021171,10.846400459738677,-16.654583972740344,16.709694398958614,19.457443674498162,19.8638334808511,-0.033172006045788294,True,True,1.0,True,-0.06189558084896418,-0.057380843807550264,-0.005942376128587057,False,False,1.0,True,-1.549653768939856,-1.424496906263812,-0.14551156536617782,False,False,1.0,True,1.5075513962177736,2.729511019799247,-1.4657168167013879,True,True,1.0,True
4cecf7b3:002,4cecf7b3,2754,1251775.250567235,19.616873456789996,21.319706045251454,-28.741422058300085,30.014660159770376,-77.16419654869306,80.76281252199705,-28.782917280026673,30.06978554468545,-76.8492739746001,80.45856227379997,-30.768620030252407,32.51821385303713,-66.61592726126567,70.62363598049407,-27.808701573963297,29.95518846129946,-48.16611129125618,51.98363595654347,48.422774490392975,19.162492303279578,-0.22769107854583126,True,True,0.6594045025417574,True,0.04149522172658508,-0.06777589543526119,-0.005198007233047974,True,False,1.0,True,2.027197971952322,-1.7077835249310738,-0.13917058331389853,True,False,1.0,True,19.424689232956098,-0.2195697604365705,-1.5498156913763523,True,False,0.8681917211328976,True
4cecf7b3:003,4cecf7b3,346,70323.98064374796,14.092747109826385,14.256524785878563,-68.81025928870775,68.81102924327227,-171.056166787094,171.0965975011222,-69.09570906365992,69.09641328755376,-170.72912983085965,170.76963781175854,-79.02758288736652,79.02904780283926,-160.0332310779719,160.0764187887345,-81.21592724330486,81.2232871629034,-132.98823965864167,133.0359929781707,102.24590749838627,95.41252754504785,5.215776268427362,True,True,0.0,False,0.28544977495217566,0.2517928500092239,0.026647613953173277,True,True,1.0,True,10.217323598658757,9.076467254602903,0.9076090534417744,True,True,0.4421965317919075,True,64.1779803699339,57.620665056405414,4.992934968939153,True,True,0.0,False
4ddde4c1:000,4ddde4c1,232,31244.0912162507,-11.584579741379441,11.604861350597767,-44.30778228126193,44.315267563157946,-115.40813006456533,115.43156422700248,-44.41562723160444,44.42319792651052,-115.08412421218178,115.1076168310538,-48.56920278311988,48.57956444555744,-104.57271327495747,104.59819150815298,-47.313100940986885,47.326036322940034,-83.97796656425886,84.00208290004109,71.10034778330339,68.68304907621496,1.7353000687726308,False,False,0.0,False,0.10784495034251199,0.09827838503406383,0.006444929234930896,False,False,1.0,True,4.26142050185795,3.948624496253615,0.20815922715883062,False,False,1.0,True,39.670184282996935,37.804442627410026,1.082364969270202,False,False,1.0,True
4ddde4c1:001,4ddde4c1,217,40998.95204425056,-13.626882488479353,13.745372416807436,-59.39907761644868,59.44760988947756,-150.91561193108322,150.94463733501735,-59.591343973865555,59.63980584597827,-150.58917546364924,150.61826231188044,-66.44171957818735,66.4876531699613,-139.94723458452495,139.97842293026616,-67.00988055220817,67.05576293724998,-116.19086519194623,116.22372196850375,91.51653431463453,90.41658430064308,2.6669654082579655,False,False,0.0,False,0.1922663574168753,0.1880375059936341,0.010803801475049113,False,False,1.0,True,7.042641961738671,6.905075423133894,0.3553408232583024,False,False,1.0,True,56.79178757549756,56.03658870766776,2.2312987494387926,False,False,0.0,False
4e050c92:000,4e050c92,212,23892.415716498857,10.61094339622616,10.616029113299783,16.851903573354534,16.867532024276137,40.46726559027275,40.52210854339212,16.756506989080595,16.772280189347896,40.041863487298286,40.09677843178628,14.597950359248419,14.620298825662061,27.412344484908385,27.477000810155545,10.498525076737824,10.519253849244315,13.610159387254695,13.660780628087464,-23.61536201691822,-21.082064211052057,-3.6436573887840495,False,False,1.0,True,0.09539658427394108,0.09770530379682896,-0.002264403168737772,True,True,1.0,True,2.2539532141061174,2.4081542297262786,-0.21287711546756327,True,True,1.0,True,3.2417441860998397,4.123209824756486,-1.538246949781751,True,True,1.0,True
4e050c92:001,4e050c92,996,212126.6408327456,14.333011546184585,14.593784809053387,40.71511349392311,41.06473769604422,91.70379934427142,92.1359776997974,40.69123671739037,41.042534918988665,91.18485137321761,91.6190497487454,41.03883366000529,41.43531538674338,76.13994633832526,76.64063139902606,34.27399877836826,34.69384824061744,47.890570086567145,48.354689731155126,-50.988685850348304,-45.0033575424186,-2.8207666576545307,False,False,0.8684738955823293,True,0.023876776532744996,0.0440881233462278,-0.009500371003014152,True,True,1.0,True,-0.3237201660821772,0.32556432916135236,-0.3157180223533942,False,True,1.0,True,-7.17545659264403,-5.490834987396738,-1.499918184854323,False,False,1.0,True
4ed93db6:000,4ed93db6,3574,1202875.0144705193,-18.0750649132626,18.345644685399336,-22.228117605568112,23.0504369864273,-75.97528387267288,78.9610036917762,-22.33204021534126,23.165501815071803,-75.83357973607387,78.81986741800004,-26.32064935207387,27.511744331802973,-70.83647853243531,73.88714274453245,-28.018287053792825,29.454943121468027,-62.63741126981293,65.17716299342096,53.74716626710476,23.564452220924068,3.5482403341120516,False,False,0.44795747062115276,True,0.10392260977314496,0.00852682256117987,0.006086505205530557,False,False,1.0,True,4.092531746505757,0.6720047396684095,0.3015232369853038,False,False,1.0,True,40.40929366424483,18.010577116790955,2.715022381997187,False,False,0.7728035814213766,True
4f4afcc6:000,4f4afcc6,348,46262.56980849824,11.491612068965292,11.529892410163136,53.07671440219388,53.12675929477198,115.82047689776776,115.93353941477278,53.05591090798538,53.10644912223549,115.2957720324655,115.40932183800142,53.83578779193409,53.90203807829803,100.02069044451477,100.15007454476428,45.9848847573738,46.07114704490716,68.34531816505756,68.49291059883382,-62.743762495573876,-57.793750834662205,-3.1296230879470386,False,False,0.0,False,0.02080349420850388,0.04143204186948424,-0.012450972748411004,True,True,1.0,True,-0.7590733897402071,-0.08137844170050812,-0.40629531190097623,False,False,1.0,True,-15.268603762863671,-11.443978380315457,-2.226731079073943,False,False,1.0,True
4f4afcc6:001,4f4afcc6,1357,380329.0251224944,16.46064038319811,16.741324376333377,68.94284496495693,69.13888991200025,161.24122528608103,161.76618766955144,69.04600494814729,69.24418625547543,160.71360396633804,161.24026228452306,73.78932124747618,74.05524653182583,145.2627994788902,145.8431606755714,67.96488050039812,68.31661594664253,107.86242963869593,108.48924908313052,-92.29838032112411,-79.1717479003637,-2.607578753359121,False,False,0.0,False,-0.103159983190361,-0.04858076751588669,-0.010444987883602153,False,False,1.0,True,-4.846476282519256,-3.0452505701814516,-0.3419073501336243,False,False,1.0,True,-38.919584673738996,-28.439379033496152,-1.9768821204033884,False,False,0.25128960943257184,True
516088b7:000,516088b7,348,48679.07819775038,-11.789794540229932,11.827189379316847,-38.96468544482942,38.99249749941887,-79.26111204641968,79.34186687814471,-38.653920592732334,38.68213633398399,-78.16893839376569,78.25049525601703,-34.48979475692056,34.529211856050786,-56.68779789110616,56.78872456694306,-20.732598332669845,20.772081510084167,-19.305316374073655,19.40130168116443,40.29642660159026,37.410994940888486,-0.6266849217208801,False,False,1.0,True,-0.31076485209708976,-0.3172372459102917,-0.007104596528733964,True,True,1.0,True,-4.4748906879088635,-4.714279519872434,-0.2050603479565325,True,True,1.0,True,-19.659369070755766,-19.61431378281668,-2.9690534830788238,True,True,1.0,True
516088b7:001,516088b7,523,79688.40165824897,12.293628107074484,12.34373852605892,-66.98869585928945,67.0192333065085,-185.16999023744762,185.2257679450063,-66.9984637421802,67.02926197974298,-184.03717870934042,184.09329858978265,-73.14059568297112,73.17776011434496,-161.12207006173193,161.18601734707235,-58.447045076414966,58.49879672556701,-98.44844739817488,98.5277006458918,118.18129437815816,111.59025043674774,4.092545002797124,True,True,0.0,False,0.00976788289075519,-0.01926894574171456,0.01802859864255879,True,False,1.0,True,6.15189982368167,5.184000828498029,0.6005976321030175,True,True,1.0,True,31.459751538885428,25.940346437730113,3.5052032146322745,True,True,0.0,False
521a7819:000,521a7819,828,264196.09454025526,-17.635663647343176,17.862738000235087,-38.225626157683614,38.51822105929869,-137.73793132642115,138.04641253557594,-37.87152946377275,38.16906226262673,-136.1043229696431,136.4164694658482,-38.29536859577003,38.66441257394172,-110.94728162497321,111.32742768297538,-18.19454151664229,18.950884582783335,-43.18633890930865,43.84998066485875,99.51230516873757,91.84233696953925,2.12205606214593,False,False,0.0,False,-0.35409669391085713,-0.3854072999693017,0.008228091604905785,True,True,1.0,True,0.06974243808641967,-0.9548956763519527,0.26613351879132097,False,True,1.0,True,4.960712751625042,0.28912907084486505,1.0366142414804926,False,False,1.0,True
529e88ca:000,529e88ca,2099,2038179.811283266,-29.733632444021094,31.161261325185418,-82.40017139913479,87.94020552721177,-147.93280807677536,157.13565006477657,-81.8678306857549,87.45372374721576,-146.41524372045768,155.67438146097618,-77.78274780797388,84.48593043108038,-124.05018255241792,134.1055261747121,-60.402247124241526,66.07164318653325,-85.42500243876889,94.44037851760316,65.53263667764058,33.90972200744545,1.716229752268191,False,False,0.34206765126250593,True,-0.5323407133798977,-0.5143507242537453,-0.026062763074151007,True,True,0.7308242020009529,True,-4.617423591160921,-6.556859919088311,-0.3146654601459886,True,True,0.7308242020009529,True,3.024831039634114,-2.86110548141005,-2.3742841279308777,False,True,0.6760362077179609,True
52f1e77a:000,52f1e77a,3113,3857558.370352467,33.86123289431401,35.201947654190946,22.269431743468044,24.627065741862584,75.56633615908856,79.90194772620578,22.554453151448826,24.91276360987952,75.86965694728377,80.19719445477622,32.473608764647985,34.89443340613304,85.79792591558706,89.85901494730925,46.09248315741842,49.464608968824614,102.41790358644687,107.26209351154276,-53.29690441562051,-31.294471701685325,-1.5229192158531077,False,False,0.6164471570831995,True,-0.28502140798077963,-0.1559072359395941,-0.014270978250351618,False,False,1.0,True,-10.204177021179936,-6.130243045659881,-0.39461152468538785,False,False,1.0,True,-80.14847184297882,-45.332920453587576,-3.0838252754838322,False,False,0.38869257950530034,True
5305524b:000,5305524b,291,54047.98216049925,13.472185567010213,13.62834903642992,-12.422135192075975,12.71427287614556,-64.68318053911457,64.78682489135446,-12.22046504317665,12.51776196006968,-63.93280928875343,64.03742499797417,-8.972516272969434,9.393873126188554,-45.55249586354159,45.689878678820236,0.8339457063912644,2.6979416620594963,-15.340247315070851,15.572059912199578,52.2610453470386,50.14514452291769,1.7447142872188124,True,True,0.6597938144329897,True,-0.20167014889932372,-0.20657330851827282,0.0029818079492542893,False,False,1.0,True,-3.4496189191065407,-3.6215042093808734,0.1164156884096883,False,False,1.0,True,2.9181121229948768,2.8543811905146868,-0.20173406323738163,True,True,1.0,True
53134831:000,53134831,4896,3630875.5328937154,26.620673508986787,27.232340971543064,27.459196437771443,31.01031545468077,44.04882855925646,54.942131425855656,27.307687756300087,30.877881230750795,43.41074270631465,54.33001904058307,24.159318160582504,28.57424907816091,27.23975396581881,39.823457153222414,14.510381342592826,18.175331408924784,-1.1873292952361725,14.635172641925486,-16.589632121485018,5.215239178383854,2.1982691737521236,False,True,1.0,True,0.15150868147135396,0.007335655382121331,0.006870609528050409,True,True,1.0,True,3.2998782771889363,0.7120353304962919,0.518992742356204,True,True,1.0,True,28.646525733007614,7.0451093261290225,3.6275102094841714,True,True,1.0,True
5397ceb1:000,5397ceb1,1257,275621.4617005062,-14.765746221161661,14.807743295182666,52.42536994785005,52.557338991688106,152.3749684285334,152.7270700051928,52.59444304274453,52.727843529299314,151.84767649253487,152.20096661194603,59.44227682765217,59.619557053281625,136.42239992550788,136.8129777362782,55.5312568000403,55.7556759658822,100.27668905344555,100.66829301744498,-99.94959848068339,-84.73803724603567,-5.004043406737765,True,True,0.0,False,-0.1690730948944766,-0.10213551711422042,-0.02400086447778449,True,True,1.0,True,-7.016906879802117,-4.79468873314363,-0.8041498670063447,True,True,1.0,True,-47.8513191055955,-35.491200174459664,-4.280887213040842,True,True,0.0,False
543198e8:000,543198e8,2139,1629079.162472266,-26.40447709209926,27.597243278866184,-51.62738396003604,54.012044696668816,-87.13136378260714,92.26657752786835,-51.33090419176837,53.727489503982085,-86.16227948401618,91.30623263926758,-46.76093075689053,49.61292791402604,-67.11837137886529,72.55127223541383,-36.57145964472239,38.8013781885492,-39.612227780277095,43.17503035816962,35.503979822571104,13.43237009769291,-0.5772748533545382,False,False,0.8153342683496961,True,-0.29647976826767986,-0.22179403436166467,-0.03619201075161982,True,True,1.0,True,-4.866453203145509,-4.730626269978529,-0.6552039643229364,True,True,1.0,True,-12.015156179758945,-8.083020283862425,-4.374091585226779,True,True,1.0,True
543198e8:001,543198e8,1139,490381.1309347568,-20.123809920983476,20.74937469962887,-114.83125405562983,115.03862182344848,-241.29426826300724,241.63324851084275,-114.86817621736846,115.07671296485549,-240.16173740693185,240.50230025830217,-121.86131948750679,122.10000933682322,-217.27434947543475,217.64935460778483,-105.62964641419848,105.9195873627343,-156.78812950967946,157.1852596595164,126.4630142073774,116.63914666055643,3.346661751236752,False,False,0.0,False,0.036922161738631165,-0.004647976174965152,0.013914252602262422,False,True,0.0,False,7.03006543187695,5.655855154760502,0.4575794817210408,False,False,0.0,False,41.95687545404966,35.226762141905056,2.4949317940154287,False,False,0.0,False
54753541:000,54753541,2024,1994375.043769013,-27.619927371541618,31.3904948020495,19.662362261497456,21.155088658832724,65.18900687306694,65.58923124024894,19.630987772019523,21.10649747082343,64.67883422858417,65.08043874408114,19.796526257041005,20.710037222799972,49.887735283545396,50.33950779665201,13.153537196939041,14.403897965366133,23.49556350654863,23.613777694664837,-45.52664461156949,-27.089186876102758,-3.2018862248914957,True,True,0.732707509881423,True,0.031374489477937154,0.09117293156850792,-0.006498922326500178,False,False,1.0,True,-0.13416399554354827,1.8981844051686494,-0.2687314175418578,True,False,1.0,True,-3.8332012450511725,4.126809250257793,-1.4018642152659595,True,False,1.0,True
54a7e3c2:000,54a7e3c2,417,59193.45626225238,-11.891034772182493,11.914307971588288,-19.008277425173965,19.074290879933727,-21.314379847641803,21.69517097636626,-18.869168340570805,18.93429369908707,-20.921203940813495,21.297746083973003,-15.319284397062475,15.379785525113897,-9.850419069462047,10.250469341452865,-12.344626998347533,12.372330337123204,-2.3263099093279944,2.57804559130022,2.3061024224678377,-0.7728099449323054,-0.08309042312248494,False,True,1.0,True,-0.139109084603161,-0.10657634573908581,-0.026468472948181443,True,True,1.0,True,-3.68899302811149,-3.172495487202468,-0.5633822752970445,True,True,1.0,True,-16.681967515845972,-14.65299612445233,-3.2106700200656633,True,True,1.0,True
54a7e3c2:001,54a7e3c2,799,219126.06653450328,-16.427244055068964,16.560507122770524,-64.37191082014795,64.47439478133298,-147.29729240744248,147.5820640117121,-64.38852159390302,64.49219057449723,-146.5140024555661,146.80027626493003,-67.57970333556956,67.72083951380432,-126.94886362991058,127.27756870017534,-56.95534236947238,57.149833313485146,-78.94256074995091,79.34917951503368,82.92538158729454,76.62983528692712,1.5337253169564065,False,False,0.0,False,0.016610773755076098,-0.01019008351067896,0.006137250398751348,False,True,1.0,True,3.207792515421612,2.3251729505409457,0.1988061777283292,False,False,1.0,True,14.570649929802958,10.38749488112444,0.7446125663173007,False,False,1.0,True
5542c301:000,5542c301,255,44385.52293925112,-13.072978431372722,13.193213189802286,-59.4259149236093,59.44767996280334,-145.339901010956,145.37449296712614,-59.37623612227087,59.398181127613626,-144.56275571695616,144.59751370214929,-61.235211078785845,61.261718725663606,-125.31664375113064,125.35578821608324,-50.130988355866066,50.16142348966382,-85.81397696623783,85.85033619885273,85.91398608734671,83.26877428517764,1.4037084470855916,False,False,0.0,False,-0.049678801338428884,-0.05973674770029902,0.004717335144960089,True,True,1.0,True,1.8092961551765505,1.4839952062011434,0.1484888493851031,False,False,1.0,True,26.388062042628537,24.926961477829536,0.12449950029804313,False,False,0.9176470588235294,True
5567d551:000,5567d551,2342,314708.6545055084,-11.53568018787377,11.59206740357149,-28.978490050204673,30.12324584578963,-80.5153771023375,83.56854509066503,-28.9007685364172,30.06165429203689,-80.01403321749531,83.0791538462556,-27.344846769603027,29.05842728009739,-65.45617579353208,68.94858504333205,-20.219828920841923,22.285268965751328,-40.55451529039511,43.602984976089076,51.53688705213281,28.661939052461094,-1.1709167735170922,False,False,0.5969257045260461,True,-0.07772151378747268,-0.13832854732208943,-0.012722174700684263,True,True,1.0,True,-1.6336432806016474,-3.818364693210242,-0.34295225804635265,True,True,1.0,True,11.576025240190441,2.0960935937055183,-3.2118190461333143,False,False,1.0,True
5567d551:001,5567d551,1682,476854.82530925726,-16.08182015457802,16.837596395674325,-80.33583857220829,81.38743550645049,-209.01442942927812,210.6914666556745,-80.57353352831863,81.6314046108646,-208.48646761657577,210.16771186268275,-89.14948382844477,90.4022813190516,-193.00050131784133,194.81446029892285,-87.22016182138148,88.82379062899147,-152.68897731314456,154.8044925725503,128.6785908570698,105.06919455502612,2.4770970240351744,False,False,0.0,False,0.2376949561103423,0.1347898664389504,0.009934853593222215,False,False,0.7104637336504162,True,8.813645256236471,5.380366475172195,0.32744054361683084,False,False,0.4994054696789536,True,72.35313874093626,50.773633289238205,2.068612802235293,False,False,0.0,False
55efee7f:000,55efee7f,1551,507725.89335249097,17.868052869116532,18.092923932390516,-7.881299918816492,11.159447480492112,-70.57269926947112,72.75712321407003,-7.507977452364171,10.90094430197494,-69.57757105109808,71.78436845860293,1.815008068789062,8.641349890634462,-33.399170815272996,36.68728825248052,21.205266752862308,21.799313733520567,13.323982143809454,14.359801251487008,62.69139935065462,41.36947716678151,4.878581912362279,True,True,0.16956802063185042,True,-0.3733224664523202,-0.3565513351750269,-0.014487295573417214,False,False,1.0,True,-9.696307987605554,-10.15313738284567,-0.2624972214180161,False,False,1.0,True,-21.205282062625944,-18.74712554108919,0.1522729275857273,False,False,1.0,True
55efee7f:001,55efee7f,1103,1157777.4314637615,-30.858316863100807,32.39849105347256,-67.61033907305666,68.61446011920727,-153.6699873479005,154.37016012466586,-67.2583445589193,68.26846795323216,-152.6292739018839,153.33410128226382,-59.98891421367373,61.202785986654916,-111.7093896825446,112.63608486491094,-29.12952906449497,30.987628266492294,-33.331999971534,34.84253531775188,86.05964827484385,81.39278276967707,0.7426915080268373,False,False,0.0,False,-0.3519945141373466,-0.359648492110864,0.0008878594417183194,True,True,1.0,True,-7.6214248593829215,-8.261109062288597,0.04980545083526522,True,True,1.0,True,-34.278339101522654,-30.491138093335394,-1.5680766232107999,True,True,1.0,True
5663b2b7:000,5663b2b7,303,36174.78563599941,10.913541254125322,10.926515065287067,12.934417169510029,12.93733337066308,-7.341432359591876,7.353645185477854,12.998727263980106,13.00157803857762,-7.122498164396171,7.134699979195787,14.987875654123075,14.989436728787181,0.710540671524838,0.8073034350651095,17.36538555199756,17.37025851428546,7.394819183494595,7.450585348850459,20.275849529101905,19.05038011677425,0.5099373368211673,True,True,1.0,True,-0.06431009447007556,-0.05946291891814326,-0.0071084882565628504,False,False,1.0,True,-2.0534584846130444,-1.9851591711067158,-0.14751858603813162,False,False,1.0,True,5.539597986015434,6.116071007274513,-1.0875264866062935,True,True,1.0,True
5663b2b7:001,5663b2b7,416,64239.45436225201,-12.383078125000194,12.426655434744902,-53.08792217227961,53.18192445321588,-106.02367744331764,106.27432552555686,-53.128865833290895,53.22390705382986,-105.69757631529112,105.9489810558043,-54.763104442447634,54.89411955590016,-95.07733046193587,95.35571796549038,-49.95319739052442,50.135878669293945,-72.0265794303767,72.3541086598506,52.93575527103803,46.45800965558374,3.176550809712353,False,False,0.4807692307692308,True,0.04094366101128344,0.012111880290831323,0.013027158507611603,False,False,1.0,True,1.6751822701680226,0.7149491061227309,0.4286911896451784,False,False,1.0,True,18.93865725809708,13.207046344328774,2.670629660566192,False,False,1.0,True
56b00794:000,56b00794,457,58111.933020499055,11.258363238511944,11.27650614572101,-0.15510448315151942,0.5964279237202355,31.524862195516693,31.652801408790435,-0.26711952321720656,0.6361550183551378,31.063563485566654,31.192107114989685,-2.8099716366673686,2.8888251083427052,17.612387863175957,17.788127874719894,-8.255756195819412,8.2698942891289,0.6065454568133307,1.2207046478294017,-31.67996667866821,-27.54045562293686,-0.6840930279977329,False,False,1.0,True,0.11201504006568712,0.11753455758298514,0.004711356936240918,True,True,1.0,True,2.6548671535158492,2.924180507830897,0.08923802395111124,True,True,1.0,True,-0.7616499399648502,0.13068282769927464,1.3021787920970382,False,True,1.0,True
56b00794:001,56b00794,922,110969.63755450428,-10.965646420824505,10.97075769774294,-3.2357032511258943,3.2973467114464956,64.98666966430218,65.004600663758,-3.224203222423187,3.286587504361077,64.46040776841225,64.47846555471641,-1.7588884412596208,1.9003472765351144,49.10117989512617,49.12342820800587,-9.38649180643492,9.392121753060138,15.289392376883407,15.290121620295405,-68.22237291542808,-65.7542874042174,-3.6907530830121686,True,True,0.0,False,-0.011500028702706866,-0.002425764656436513,-0.015380726001239964,True,True,1.0,True,-1.4768148098662732,-1.1941004840391543,-0.5052924220763089,True,True,1.0,True,-18.5250956280093,-18.657777429794805,-2.8340963828541135,True,True,1.0,True
57796579:000,57796579,898,142343.9557044984,12.569572383073426,12.59016283120945,-33.393079517644956,33.546510456025295,-75.17707309237795,75.72090203205617,-33.05941820998595,33.21486369010189,-74.1468357586182,74.69297697889719,-29.050546771811092,29.26699592424452,-54.06784227376621,54.672167061103025,-17.134434895463173,17.284251585960813,-24.649726572807065,24.931456737960108,41.783993574733,30.293237775937087,5.1956870415160665,True,True,1.0,True,-0.3336613076590038,-0.33365236954887223,-0.021157683557248674,False,False,1.0,True,-4.342532745833863,-4.9183281134974095,0.026909995533060282,False,False,1.0,True,-8.743352944837891,-10.426410211055554,1.9757072357369907,False,False,1.0,True
577eec7c:000,577eec7c,1945,381398.3959532585,-13.894132904884477,14.003275341306821,-6.573470983322165,9.879895103251261,26.046523355629077,32.60816977534105,-6.647985390390807,9.925323869872901,25.71137500892381,32.26486577603254,-8.333337482940546,11.38077368828405,15.036111444193219,22.494112496206075,-11.470406985816217,13.042234162036747,4.3836592616653585,11.464374055556192,-32.619994338951244,-9.33146341877,-3.7478555479628994,True,True,1.0,True,0.07451440706864118,0.017272974524530582,0.010924853089818498,False,False,1.0,True,1.7598664996183808,1.1516982533685223,0.43516954665392404,False,False,1.0,True,-10.957130244987525,-4.732937832721291,-1.7825813189356268,True,True,1.0,True
577eec7c:001,577eec7c,403,77700.58598249807,13.781610421836056,13.885439289924852,64.25113948283463,64.31604163824977,160.51645620633832,160.6164497232249,64.35812411527304,64.42344988202125,159.98946431538647,160.08977932740532,69.22569957373642,69.30339148575243,144.58787962030826,144.6983038928736,63.569095044815015,63.66438411025997,109.56749273688375,109.68750910959561,-96.26531672350372,-92.10858789003032,-2.701668193751175,False,False,0.0,False,-0.10698463243842486,-0.08990012065260089,-0.010879926076086122,False,False,1.0,True,-4.974560090901803,-4.41312399400158,-0.3559999226290529,False,False,1.0,True,-45.31635325404911,-42.12947246277872,-2.0240700962822302,False,False,0.0,False
57f05c51:000,57f05c51,1915,456376.5268912423,15.313460313315801,15.437510298788201,5.476630001263534,5.950801006798332,33.96209965013938,34.60788388165566,5.4388938172505625,5.915475741095219,33.74030595464076,34.37597304734078,3.921357355920712,4.4285494717967,25.841731000332718,26.291655711797173,1.819332078445366,3.3890589548445154,17.74820117581496,17.87374468623905,-28.485469648875846,-11.899352579610422,0.662841621619009,False,False,1.0,True,0.03773618401297122,0.023261717540663085,0.011166524966029101,True,True,1.0,True,1.555272645342822,1.8082960989104322,0.4073451982567349,True,True,1.0,True,-12.271571174551426,-7.006742219307853,2.1981067145879933,False,False,1.0,True
57f05c51:001,57f05c51,765,244915.3428880046,-17.55042352941194,17.89275761354296,-18.964418363466496,19.147193992003018,33.374588213318205,33.61913737834609,-18.940975008138672,19.124295027337865,33.05480788285243,33.30138209695836,-18.166617515512012,18.369812060109854,22.70894653837497,23.049411424242262,-21.68218364345545,21.822948035303394,4.327655949482733,5.1589481138965345,-52.3390065767847,-45.2361055018082,-4.847915000347712,True,True,0.16993464052287582,True,-0.023443355327824475,0.005864640266736387,-0.02097796585985634,True,False,1.0,True,-0.7978008479544847,0.17935313756606774,-0.7121379623004032,True,False,1.0,True,-23.292074312949232,-18.536435755462662,-3.9400277805962105,True,True,1.0,True
57f05c51:002,57f05c51,317,98143.22703074856,16.973077287066126,17.595456381421318,26.34043738996604,26.83136000565423,98.78378209614928,98.84903445650689,26.444471990394877,26.932285292500758,98.45711079567268,98.52257702816328,29.771201095872506,30.170927846920538,87.79770186734659,87.87088851790394,26.780380712207858,27.157788311163465,63.32457403789443,63.41249672387898,-72.44334470618324,-73.93968108827357,-1.6450225623884762,False,False,0.0,False,-0.10403460042883696,-0.11017092963265895,-0.006429748158552684,False,False,1.0,True,-3.4307637059064637,-3.636948028259212,-0.21020830999987083,False,False,1.0,True,-36.98413664792839,-38.93254826368684,-1.248430474439374,False,False,0.39747634069400634,False
591cc951:000,591cc951,1301,268277.2677987458,14.233989623366524,14.359961947978253,-28.58252172484621,29.171696947498965,-96.7635849220324,98.3572086511448,-28.32902645708209,28.931386558793815,-95.66854767390382,97.27597392460028,-26.7344544521043,27.699144475218777,-74.06625940087326,75.99150612574866,-13.439425346376074,14.675994130344982,-34.92117277569875,36.87575770576649,68.18106319718618,47.322328915621256,3.1893465847460902,True,True,0.16910069177555725,True,-0.2534952677641175,-0.31497746545937844,0.0028901304503961,False,False,1.0,True,-1.8480672727419019,-4.147984876577539,0.1999389086231531,False,False,1.0,True,6.338651050852537,-3.4060845329095173,0.48747971758166386,True,False,1.0,True
593876b6:000,593876b6,3057,620025.987902013,-14.111277723258244,14.241548956615675,27.27669761645376,30.379975899327853,94.45831799408622,99.6256019200986,27.410926404282293,30.531485761747675,94.3120714744166,99.48352086994558,32.43263871587201,36.044994651874816,89.20563221024102,94.5509683196974,35.24134869728263,39.36810098371282,80.66225361589598,85.67368133417531,-67.18162037763246,-35.76253780970728,-2.5473286591986835,True,True,0.3676807327445208,True,-0.13422878782853576,-0.023208192709716968,-0.005566642274061451,True,True,1.0,True,-5.155941099418249,-1.3659259698488313,-0.23020711887693324,True,True,1.0,True,-53.38555599944221,-28.152562189372475,-1.7764885007036355,True,True,0.4870788354596009,True
5a5269a9:000,5a5269a9,566,66324.78436624807,10.816988515900904,10.825044933866385,107.5207161143734,107.60494814850323,235.38862220567924,235.6334368854895,107.58742587039687,107.67288528898227,234.25592329638732,234.50191682156088,115.78404107387419,115.90751870926194,211.35361557163117,211.62579911538327,101.88597071449492,102.06233468474476,149.89947329080005,150.2326251146526,-127.86790609130584,-117.35332391034899,-1.2255995890009217,False,False,0.0,False,-0.06670975602346933,-0.015556071301034535,-0.004726197246782249,False,False,0.06007067137809187,True,-8.2633249595008,-6.537453232464031,-0.1533725229983247,False,False,0.0,False,-42.378757176426625,-33.19987432282869,-0.5448569067357312,False,False,0.0,False
5a63b5d1:000,5a63b5d1,380,65019.21649800139,-12.981389473684354,13.080642236164476,5.445588909994,5.65854873669359,-4.413694173063107,4.623073947018906,5.5364233286098985,5.74527791410769,-4.099129213163475,4.323067781346709,8.152515160997892,8.280421166066924,6.065801743505773,6.204271531005614,14.589641057767658,14.64398378885947,22.564001648282918,22.577120258032235,9.859283083057107,10.385792343642606,0.08351156234675727,False,False,1.0,True,-0.09083441861589803,-0.08708206938717922,-0.0011818581751867896,True,True,1.0,True,-2.706926251003891,-2.580223810929965,-0.0379569228971377,True,True,1.0,True,-17.11841273828892,-15.27402772743335,-0.8864707115917554,True,True,1.0,True
5aa03df7:000,5aa03df7,456,57221.59005850151,-11.179782894736993,11.202050843963749,14.305010388618609,14.500233951935208,49.16224588681375,49.51104463176356,14.30667655186841,14.503786907826495,48.86516414365806,49.215304708484105,14.798542169208147,15.056129396400538,39.20071905259073,39.61151632340833,12.66584440971362,12.97934296612005,26.071922700937733,26.5026336452564,-34.85723549819514,-29.442487387488654,-2.7322679903427343,True,True,1.0,True,-0.0016661632498015248,0.015181820799625712,-0.006897444303831435,True,False,1.0,True,-0.49353178058954017,0.095374374952371,-0.2569485855728999,True,False,1.0,True,-11.766912312319125,-8.3503921434949,-1.500923612380575,True,True,1.0,True
5aa03df7:001,5aa03df7,205,23302.416621750697,-10.659178048780644,10.66162862719152,24.279514281244833,24.290311766136107,75.94082022152078,75.9517855308354,24.34184374038651,24.352667409603104,75.62286842089003,75.63386380811374,26.807081351000537,26.818500192521917,65.34648201391822,65.35857221656464,25.11333309850788,25.123966876793208,47.82359804207645,47.8325451192283,-51.661305940275945,-50.31049388928295,-3.178247218242177,True,True,1.0,True,-0.062329459141672976,-0.057612527982200845,-0.011939577034354443,True,True,1.0,True,-2.527567069755703,-2.374479484373296,-0.39411579677835107,True,True,1.0,True,-23.544083760831615,-22.839243494505354,-2.316858522248367,True,True,1.0,True
5aa403d0:000,5aa403d0,2232,708293.6683502601,-17.287689292114827,17.8139235688487,-55.21708022867162,57.23819863250411,-91.56462313461385,98.22995836764997,-54.94491967156308,56.97667477216794,-90.60525158626356,97.28218581719881,-51.62897219389498,54.142573274078195,-71.7271993589227,78.77688676409609,-41.781972923054816,43.68942718737574,-44.560059038412525,49.588975787415016,36.347542905942234,2.5723056795795856,-0.3866413600571832,False,False,0.724910394265233,True,-0.2721605571085444,-0.18988278172037099,-0.03743964171371772,True,True,1.0,True,-3.5881080347766465,-4.060954278136705,-0.6654253847209475,True,True,1.0,True,-10.657021190259092,-17.04630882139645,-4.181598553168442,True,True,1.0,True
5aef5c6c:000,5aef5c6c,614,116600.34775075236,-13.598865635179294,13.780524173615337,8.438431120947456,8.800474825755813,29.110448269567364,29.2146120035508,8.399764225163786,8.761283423304368,28.848841732386052,28.95250756484256,7.5671750600175445,7.878905428148034,20.048730857371282,20.153922859321916,5.034529722017201,5.467646693350973,10.532548858631806,10.56351922742994,-20.672017148619908,-12.094265843921676,-4.430178409138534,True,True,1.0,True,0.038666895783668755,0.05610196149427793,-0.006753579671567422,False,False,1.0,True,0.8712560609299111,1.6789957106957445,-0.36592844609003805,False,False,1.0,True,-2.094117737684351,3.1814372992321296,-2.916546684180503,True,False,1.0,True
5aef5c6c:001,5aef5c6c,181,72963.62210749916,19.25981767955789,20.077697435103843,39.039177131913604,39.43667292034106,61.65392424257565,61.883605218414814,38.98678429577594,39.38463338332052,61.33409342777614,61.56491039349839,37.832688516999596,38.23652978268659,50.99096208871343,51.26585693038974,31.69018555660175,32.14426866973667,32.74893848776453,33.13223381770143,-22.614747110662044,-22.837943702625125,-0.41499192161609244,False,False,1.0,True,0.05239283613766462,0.05111439800748485,-0.00086752020251879,True,True,1.0,True,1.2064886149140102,1.1612686788284918,-0.024839990817781654,True,True,1.0,True,6.290238644149072,5.531369793117847,0.3918928198454523,True,True,1.0,True
5b7b6324:000,5b7b6324,376,42577.63195125207,-10.634586436170473,10.641352491533896,-11.540789423217493,11.583395915758542,-20.19794232888167,20.479990559112835,-11.487568788154196,11.529464362940775,-20.02361679758708,20.301266464975345,-9.595585842835309,9.631170775052329,-12.823404140299496,13.040333132704426,-8.447422185241546,8.463522330361982,-9.370915792126453,9.464406743645988,8.657152905664178,4.793231226398348,1.206714838386688,False,False,1.0,True,-0.053220635063296946,-0.03387643327732803,-0.01419338218329358,True,True,1.0,True,-1.9452035803821837,-1.5992435141506576,-0.3939266974957718,True,True,1.0,True,-2.1698736310910385,-2.5038313353052217,-1.0564965986159223,True,True,1.0,True
5b7b6324:001,5b7b6324,403,47993.077638751,-10.900648883374807,10.912814608376772,-22.210039578699313,22.255391762160478,-50.43868609234247,50.574872467596414,-22.117348070415268,22.163039128361365,-49.997734534155484,50.13394215958154,-20.169157726572156,20.228959925839487,-37.01762485082306,37.16735216535283,-15.853296648350554,15.90298587348555,-21.924875581611136,22.015290783063712,28.228646513643163,24.655863437052176,1.915281875486471,False,False,1.0,True,-0.09269150828404416,-0.09480085936411342,-0.002218430972789065,True,True,1.0,True,-2.0408818521271574,-2.2185076541809394,0.022860166796817794,True,True,1.0,True,-0.28516399708817836,-0.805854771835584,-0.17821872018976137,True,True,1.0,True
5b7b6324:002,5b7b6324,272,63383.64878825044,-15.026406250000036,15.265258613762112,-105.66239949478097,105.7040533177007,-226.6785634287234,226.70608480222498,-105.9186739281307,105.96028813790136,-226.15056222111122,226.17814779679296,-115.33048122588384,115.3705142483922,-210.65856007492644,210.6881636817083,-113.37171301753692,113.41337167436842,-169.5153316497681,169.54935579020784,121.01616393394248,119.7851034984833,2.2827938030313817,False,False,0.0,False,0.25627443334972483,0.25149430373494397,0.009111820485486533,False,False,1.0,True,9.668081731102882,9.51060969743412,0.3012367508963507,False,False,1.0,True,63.85293215498712,62.862491588281046,2.038324957708028,False,False,0.0,False
5beded95:000,5beded95,1641,392726.9145227446,15.08679677026192,15.47002595146194,26.537423226548803,26.8806775683945,37.63421405789973,39.97093940353595,26.379949700316363,26.71954379765974,37.120856931884106,39.43279977565149,22.868509006985214,23.20427885321577,23.72221729589686,25.788549358831588,18.023956569044813,18.135729939264326,10.318828244053257,10.799221932881785,-11.096790831350932,-1.1042014511385787,0.02945433535387565,False,False,1.0,True,0.15747352623244304,0.05539514026349934,0.02540496032270312,True,True,1.0,True,3.6689142195635895,2.0256097960227635,0.644536453190085,True,True,1.0,True,16.218594982495546,7.234687897258482,2.865304805302003,True,True,1.0,True
5beded95:001,5beded95,416,56426.97101599898,11.588504807692196,11.646534130375334,39.84312096293789,39.896459518980556,81.60713913713184,81.69170247067105,39.70028185889233,39.75406470487924,80.84391893236572,80.92908088469541,37.79438305186645,37.859552318041025,62.08535598820202,62.18826663919403,27.438976889162372,27.504672872345665,28.61348370033936,28.702453341989443,-41.76401817419397,-38.827483462566306,-1.609668425813652,False,False,1.0,True,0.1428391040455582,0.1512191689271276,-0.003633812317275442,True,True,1.0,True,2.048737911071437,2.3237505704146315,-0.12515803227142897,True,True,1.0,True,11.229637262598526,11.558286396655603,0.1535477088909829,True,True,1.0,True
5cb483ac:000,5cb483ac,350,45434.052963998336,11.36669999999979,11.393488486725131,15.249976286326492,15.312027079649816,29.31651677092458,29.479802616594284,15.147322908566057,15.209484986425469,28.971411215127574,29.13393478376978,12.55462782010037,12.62948137888576,18.04849558383754,18.227112934643056,9.461831999236757,9.525226777245987,8.819129290551796,8.940120449831252,-14.066540484598086,-10.563714925616296,-3.0275691773913422,False,False,1.0,True,0.10265337776043452,0.0955948788086971,0.007724568600679049,True,True,1.0,True,2.6953484662261222,2.6931764975943224,0.03376639013913518,True,True,1.0,True,6.430846995774695,6.808881943778033,-0.6363457691822987,True,True,1.0,True
5cdd8dbc:000,5cdd8dbc,1163,768378.0943495099,-23.496917454858302,25.703817568948924,-56.40627108027712,57.07497227270796,-106.16239150616451,106.94711019572891,-56.50599789316333,57.17601898222016,-106.00777657684601,106.79348657698975,-59.965300335957764,60.6744312700306,-100.66148677878178,101.48211801915532,-61.25542826514801,62.00158531883841,-90.52754595454785,91.3321314871923,49.75612042588739,40.791205629326214,1.6192817676546838,False,False,0.9243336199484092,True,0.09972681288619255,0.064467527976376,0.005878383903109352,False,False,1.0,True,3.5590292556806307,2.400802171245232,0.19233672947484592,False,False,1.0,True,34.12127487427072,26.736959567582744,1.1931100179954228,False,False,1.0,True
5d11dfb5:000,5d11dfb5,419,73983.53129075287,-13.198982100238927,13.288027458014495,-72.2556498379866,72.31183003927879,-160.253344537314,160.34790780392265,-72.34626466171778,72.40277682259483,-159.72685430565303,159.82171751935937,-76.62480783947201,76.69120629907484,-144.35675109535686,144.46094681295787,-70.86027829113173,70.9389383765546,-110.353864580598,110.46255326698511,87.99769469932744,84.00897730496399,1.063340586846607,False,False,0.0,False,0.0906148237311739,0.07429239510565822,0.003915950414011604,False,False,1.0,True,4.369158001485404,3.834799281641608,0.12411828264521318,False,False,1.0,True,38.09821474261139,35.22607475488621,0.31134319480042905,False,False,0.4009546539379475,True
5def1ce5:000,5def1ce5,141,15673.18637775044,-10.539372340425684,10.543118618170414,46.88042636192267,46.89543957866579,115.48857584423946,115.49617072020999,47.092383783546865,47.107342179940275,115.33226741012697,115.33987223937076,54.53162392168823,54.544889214655406,109.90411741508076,109.91207415106965,58.52526280159033,58.53752594822288,98.12624883534748,98.13430805408,-68.60814948231679,-68.48155657515963,-0.17929553382600716,True,True,0.0,False,-0.2119574216241925,-0.2114876504492713,-0.0006481824311777018,True,True,1.0,True,-7.651197559765559,-7.636431026296123,-0.019903018672266626,True,True,1.0,True,-51.24582247342481,-51.23837327684487,0.05027371065443731,True,True,0.0,False
5def1ce5:001,5def1ce5,333,41717.17694425072,-11.161680180180273,11.192712255766809,51.61437060985455,51.65516118795654,124.71861790267405,124.80341154453315,51.84480420597954,51.885840456447255,124.56214466584474,124.64704324839633,59.87672518882971,59.92534183964193,119.12218657722035,119.21083768097428,64.42764463646246,64.48787405505777,106.89968921778448,106.99276656394143,-73.10424729281951,-69.64996894598517,-1.1418868757100427,True,True,0.0,False,-0.2304335961249996,-0.2159733176613372,-0.004401800815685419,True,True,1.0,True,-8.262354578975165,-7.7825351834108005,-0.14405627386804554,True,True,1.0,True,-55.285318607929966,-52.0810697642537,-0.9326047961385484,True,True,0.0,False
5def1ce5:002,5def1ce5,1317,201875.35529099408,12.284832194380988,12.38080161025626,84.11018102018778,84.23800660185094,191.86647481601506,192.300258744302,84.49442693559988,84.62353883260914,191.70979399411587,192.14393041170817,97.52180216502965,97.69221355900426,186.24973673074768,186.69638916017277,107.51674523482171,107.74591629317239,172.68579049405992,173.1446978415586,-107.75629379582728,-93.53982314405584,-4.091891810969173,False,False,0.0,False,-0.3842459154120972,-0.325449822597875,-0.01820085447798192,False,False,1.0,True,-13.411621144841874,-11.459252656293756,-0.6090618703747168,False,False,0.27790432801822323,True,-88.57560947387215,-74.95712881564032,-3.945838927611476,False,False,0.0,False
5f6756c5:000,5f6756c5,1445,325095.06850275525,-14.912968512110849,14.999309522810584,-82.411262873645,82.63741707268666,-204.27379153146452,204.9504032371175,-82.76455229879917,82.9930104188609,-203.94688900128986,204.624571938928,-94.79720518199373,95.10024181076469,-193.2658304397024,193.9797924504585,-99.69935465985434,100.10068328036894,-167.4473882379323,168.18752176852496,121.86252865781954,107.10976525942897,1.264248185489123,False,False,0.0,False,0.3532894251541541,0.2922032431779371,0.004874273203313351,False,False,0.8719723183391004,True,12.385942308348719,10.363200291600151,0.15873069233748538,False,False,0.4422145328719723,True,85.03612536428727,72.00717529706162,0.8736061838844762,False,False,0.0,False
5f75f796:000,5f75f796,535,81755.10677025128,-12.317367289719723,12.36176701296027,-47.52748872490334,47.55066698080251,-109.06622005930969,109.13200704099947,-47.53830529965478,47.56170002700558,-108.54255381271643,108.60861603088267,-49.11211954495682,49.142518669366915,-93.31472060513767,93.38936896612334,-42.39671608849196,42.42875355048907,-62.50984249883567,62.57022191278462,61.538731334406336,58.53515859417712,1.192489379474864,False,False,0.0,False,0.010816574751434273,-0.00031263150958693586,0.0040072893898468465,False,True,1.0,True,1.5846308200534809,1.2293358667393477,0.12591834436534555,False,False,1.0,True,14.982353773932319,13.855183553951065,0.18651752932055388,False,False,1.0,True
5f75f796:001,5f75f796,1260,472657.7714422578,-18.66710595238112,19.368149509706996,-69.82422040935948,70.26556501969715,-160.58674668292534,161.2846686190819,-69.95587609021656,70.39966666676966,-160.0591379254676,160.75932702819134,-75.3819183588508,75.89731294044877,-144.60967613144345,145.3820345776287,-70.3155392293075,70.94385678908395,-107.31289709926362,108.18514054839952,90.76252627356587,80.29908123073074,2.6228508594376763,False,False,0.0,False,0.13165568085708848,0.08925691332478891,0.01049879907805007,False,False,1.0,True,5.557697949491327,4.16399498010469,0.3437045790360571,False,False,1.0,True,37.48867668990415,29.500013962879166,1.996308869942368,False,False,0.523015873015873,True
5fb1c15f:000,5fb1c15f,2426,1837790.3803672672,-27.0674841302557,27.523432124236834,-38.08001999209341,40.54735206296787,-64.1158706597924,73.03678573021693,-37.816289263653914,40.28542374906705,-63.28499654552765,72.18718990439451,-34.33189058222646,37.223220538511235,-46.7128547255722,55.648160156442366,-26.49572500961729,28.433360563130382,-25.45113933550714,31.36843694045883,26.035850667698988,-3.4036910423074005,-2.2536965096278436,False,True,0.8503709810387469,True,-0.26373072843950174,-0.07485135867682402,-0.04344417966240144,True,True,1.0,True,-3.748129409866962,-1.947327122952629,-0.911892005464324,True,True,1.0,True,-12.62888065658628,-10.152804022434793,-5.254275407183741,True,True,1.0,True
5fffa282:000,5fffa282,3299,897487.3012312347,16.32204228554093,16.493886374442518,28.498239264228413,30.84220361116838,64.55776661827686,71.55213355396496,28.51924822816841,30.884404151169967,64.27349664151328,71.27592771425486,29.541371101646643,32.6554019614757,54.812549841068176,62.31642545895082,27.21981081207376,30.55601252546403,40.27399277999266,46.72129159491614,-36.059527354048456,-5.870301466293313,-1.8862328030190838,False,False,0.7756896029099727,True,-0.021008963940003445,0.035633363795568584,0.006335623324048356,False,True,1.0,True,-1.0431318374182308,1.4784294174951356,0.09112151638146315,False,True,1.0,True,-11.77575351576426,2.7902651696549583,-0.22164505681575974,False,True,1.0,True
62569ae3:000,62569ae3,1670,715431.9194749895,20.18662934131721,20.697882669273486,34.766862323099296,35.61137413694992,78.21255842010282,79.39222079614413,34.84145348156893,35.688744328562116,78.06382264211615,79.24465372230358,37.77276455627349,38.69638729777956,72.91194182393015,74.14087592541698,38.600522358667384,39.56893533294358,64.65093187091556,65.75352012445113,-43.44569609700352,-32.093159304111396,-1.926021350936935,False,False,1.0,True,-0.07459115846963242,-0.035728796290641185,-0.005509729133336805,False,False,1.0,True,-3.0059022331741954,-1.707190666002134,-0.19599380233739794,False,False,1.0,True,-29.884069547816264,-21.768852675695598,-1.2843655301130639,False,False,1.0,True
633774dc:000,633774dc,258,80180.81178625186,-17.31093992248081,17.628906382892563,-101.46046791913135,101.51845302077707,-223.1392865727043,223.17800681006094,-101.77038369063607,101.82828617285928,-222.81223413359476,222.85101113315176,-112.54843195113804,112.60355487215539,-212.11375645961783,212.15447689410888,-116.57213114876389,116.62761613596011,-184.69148688067037,184.7359952506955,121.67881865357295,120.78016630445927,1.974530900888567,False,False,0.0,False,0.30991577150471555,0.3064032798884,0.007833172621758422,False,False,1.0,True,11.087964032006685,10.972254197258735,0.25875534696933755,False,False,1.0,True,83.23101896153904,82.51306245113301,1.7813627575978899,False,False,0.0,False
647f2a41:000,647f2a41,179,20109.20265750085,-10.594659217877316,10.599146866031917,32.57143270961099,32.58138490399469,92.66485583524046,92.68302543248365,32.649098098108425,32.65911335438005,92.34854412666117,92.36675666383294,35.807966697698205,35.81987173322159,82.1278788910634,82.14764233491641,34.57264786168606,34.58546297652862,65.15194574551948,65.16917757334264,-60.09342312562947,-57.845995723078886,-4.088580464353072,True,True,0.0,False,-0.07766538849743519,-0.06897702994683641,-0.016293443315589684,True,True,1.0,True,-3.2365339880872153,-2.949139345861113,-0.5445995087065967,True,True,1.0,True,-32.580513035908496,-30.920736670075712,-3.194253707628377,True,True,1.0,True
653612bc:000,653612bc,4035,1570539.0203980252,-19.505479058240553,19.72888748353035,13.556701866296107,16.879972660587384,42.556346131123945,50.68552059016861,13.54308068609162,16.89716430411167,42.28430164456507,50.426427598535845,13.296565249956638,17.761860560458587,33.10342384928467,42.12806108692681,10.18681291317864,15.322348400900278,18.678127702886187,26.929712742218502,-28.999644264827822,-6.826276430643702,-1.0269933705458243,True,True,0.9241635687732342,True,0.01362118020448898,0.014854486926196842,0.00757730409350188,False,False,1.0,True,0.2601366163394722,0.9369993137861456,0.26209410665614996,False,False,1.0,True,-5.12142583659008,-2.413927590219828,0.46713320486742305,True,True,1.0,True
656a067b:000,656a067b,357,104194.27801125188,-16.78217787114862,17.08393171142385,-42.061858493845996,42.24880020000387,-95.19847066929135,95.38744480583671,-41.75380238387535,41.94269072592033,-94.09066718295138,94.2815716907332,-38.761561180253054,38.98577050071276,-72.17426804404556,72.41187447701718,-23.377436499053957,23.69138566007292,-30.983066366331684,31.311465854188725,53.13661217544537,50.95295763875038,0.1709341831083293,False,False,0.0,False,-0.3080561099706466,-0.31374448998576554,-0.00224555824570416,True,True,1.0,True,-3.300297313592945,-3.492752617898077,-0.065451801110612,True,True,1.0,True,-11.078792127514316,-10.608924104057223,-1.9025700630791107,True,True,1.0,True
65a5466a:000,65a5466a,1593,482014.0386342589,-16.90761487758962,17.39490077300994,-1.4869606862120872,6.522868910251516,26.49120339914169,30.721873202453793,-1.567277958231522,6.536298482620475,26.1445166937834,30.370539206367187,-3.3054387343669713,7.342963935771245,15.185684710181407,20.13933184935861,-6.386129400546925,8.366077826357614,4.574205401008094,9.274971674396863,-27.97816408535377,-9.141447399128083,-3.987641551237175,True,True,1.0,True,0.08031727201943471,0.03668749854841735,0.014964255839004181,False,False,1.0,True,1.8184780481548841,1.5906514391554083,0.333919295873784,False,False,1.0,True,-6.061166087220181,-1.403314359824435,-1.6936586531264766,True,True,1.0,True
65a5466a:001,65a5466a,298,43205.0964777492,12.021001677852238,12.040911312161814,60.6166704476543,60.61909844709276,160.77624877533765,160.82059198266714,60.776319327029086,60.77887719950231,160.24893366261227,160.29342008386752,67.39032303306456,67.39855660044613,144.82486386493395,144.87386776559882,63.14105432235454,63.15643600409816,108.94333063724,108.99668481802726,-100.15957832768336,-94.35898678574267,-5.29584814923146,False,False,0.0,False,-0.15964887937478722,-0.1312553988846048,-0.027435370202510967,False,False,1.0,True,-6.7736525854102645,-5.816977387828956,-0.9305486200246378,False,False,1.0,True,-48.32666018958571,-43.17342338135859,-4.693385791168112,False,False,0.0,False
6767c111:000,6767c111,451,135743.80330375268,-17.09438470066536,17.34889168800452,-32.34040973995129,32.63444516013367,-27.376088348159072,28.313516161861408,-32.14825503098182,32.44044939258032,-26.92752298404514,27.85637443349458,-27.00693555043092,27.26368696502151,-14.038613311183852,14.741378581098381,-24.32258551517872,24.568539061655038,-7.788559581923156,8.386824412908675,-4.964321391792221,-10.189610768511557,-0.42389716986144776,True,True,1.0,True,-0.19215470896947337,-0.1254943224539602,-0.03870292889041593,True,True,1.0,True,-5.333474189520374,-3.52349827076614,-1.0293492969813087,True,True,1.0,True,-24.551850158028138,-20.991963686577947,-4.734678169634208,True,True,1.0,True
67847288:000,67847288,908,110587.97556974564,11.011226321585688,11.035983174882233,-0.8971140300302572,3.391769248613164,-12.29348577646266,14.077070856898038,-0.533275127721395,3.2549879055372553,-11.21676396432951,13.042752352359768,3.9543842500134967,4.707447093830776,4.002321298579138,5.525182806275627,9.230952993749266,9.274231377351656,18.97307324716677,19.050585141748993,11.396371746432402,3.9507332505236263,2.8936905798364023,True,True,1.0,True,-0.3638389023088623,-0.22829116988214082,-0.05548103971341334,False,False,1.0,True,-4.851498280043754,-3.2324925414559402,-0.6778049444674252,False,False,1.0,True,-19.87018727719703,-12.312202971035731,-1.299618106582784,False,False,1.0,True
67847288:001,67847288,1979,313285.1953207432,12.440265032844732,12.581923463437114,-15.105978217532238,15.641200679757905,-61.629965165233585,64.48157901831048,-14.68033092106021,15.24041282492675,-60.053264910866964,62.96153183226616,-11.252595450266504,12.530152023862252,-36.521989208105055,40.61555625490018,4.31218629323024,5.302362448954373,8.761215702943328,12.435933394936582,46.52398694770136,19.730319308795515,2.1394890076480806,True,True,0.6791308741788782,True,-0.4256472964720291,-0.4658803143502155,-0.010071671607875032,False,False,1.0,True,-3.853382767265734,-6.044042777530194,-0.06622918967332225,False,False,1.0,True,-23.867193920475568,-30.238900387310423,-1.3865078164490114,False,False,1.0,True
67847288:002,67847288,2512,694571.5791905116,-16.308151273885496,16.62833199202455,-59.6141635047328,59.912605200133235,-169.63259521316857,170.5734133354139,-59.42844239852824,59.73234808121871,-167.99814963705276,168.94805323416273,-63.81342898834858,64.25430699759313,-142.7647442910316,143.87892393555012,-43.97113013254672,44.739088618061174,-68.55184952430541,70.22480284660149,110.01843170843578,87.65871586477624,3.8189057663694257,False,False,0.0,False,-0.1857211062045702,-0.27963664419621637,0.016620647766103502,True,True,1.0,True,4.199265483615781,1.0889580037692212,0.5509057663493877,False,False,1.0,True,8.937686019572608,-7.847086498253702,2.9799070830886194,False,True,0.6405254777070064,True
67a8da4a:000,67a8da4a,952,310554.5319925054,-17.278866596638807,18.0613605160189,-58.313296710881595,58.67347452458988,-134.21118425044497,134.7726652490064,-58.3105146690486,58.673299069692845,-133.42850449417259,133.99320860139903,-60.74924735299155,61.18135275146884,-113.90559547964328,114.5621979384273,-49.13403960890606,49.69767854702001,-67.65177435705081,68.49288749645372,75.89788753956337,65.88081971328575,1.9171439902529528,False,False,0.0,False,-0.0027820418329977986,-0.04329028020038095,0.0072916667832032545,True,True,1.0,True,2.4359506421099626,1.1112239046651666,0.23456319830620487,False,False,1.0,True,9.33847764616922,2.3003532437269314,0.9623578477439878,False,False,1.0,True
684a6fc1:000,684a6fc1,280,39987.39787725129,-11.895105357143049,11.950403142818969,-4.303055405297755,4.5002685931848205,45.04166117354401,45.07328972398344,-4.295358996924116,4.492676658798107,44.736269001176275,44.768008829046394,-3.598935051401609,3.825814572863687,34.84700941463843,34.884037270151794,-5.978932373771529,6.091706796056694,20.421848063650785,20.45192132029409,-49.34471657884176,-46.34300196712866,-3.7851146015000268,True,True,1.0,True,-0.007696408373638925,0.0027799239705927903,-0.013057169750027242,True,False,1.0,True,-0.7041203538961457,-0.3442433959717164,-0.4525349595787702,True,True,1.0,True,-24.72490346894854,-22.83788073238975,-2.6891078746830317,True,True,1.0,True
684a6fc1:001,684a6fc1,844,294175.8112969947,18.416270142179926,18.669481499265466,73.94678291873798,74.1434166379609,201.5395825498208,201.73832378005707,74.27915393574497,74.47588963707051,201.2125064663448,201.41157043563058,85.40577053587833,85.60585715742145,190.507924742631,190.71816086240892,89.24686099148153,89.4761018149901,160.79620073882316,161.04129833585338,-127.59279963108281,-123.2690072999103,-0.5642689185588097,False,False,0.0,False,-0.33237101700699795,-0.31514420228268136,-0.0021719687993027037,False,False,1.0,True,-11.45898761714035,-10.888618919358123,-0.07164972568352823,False,False,0.4324644549763033,True,-86.84941782008515,-82.65684980677906,-0.5175438677233615,False,False,0.0,False
699ea575:000,699ea575,1894,823799.9037285122,-20.48395881731801,20.855513196535643,-29.49672935443397,30.47275656883179,-55.351678748727416,58.20833081617151,-29.469780854935106,30.45604779789111,-55.03310602226284,57.90333603262674,-28.87673899147339,30.21646340055793,-44.70820124470599,48.10702461317981,-24.040446078772163,25.75978001813232,-26.01885952098716,30.019934015528644,25.854949394293445,12.82479026699366,0.9561455795592337,False,False,1.0,True,-0.026948499498863528,-0.07266389845244703,0.0012959954801772255,True,True,1.0,True,-0.6199903629605813,-2.124841025990463,0.05269801590657153,True,True,1.0,True,-3.4778698334468117,-10.378255449808421,-0.15718289892356552,True,True,1.0,True
69c1bdad:000,69c1bdad,1334,245217.94847975727,-13.468542353823283,13.558080637926803,-18.041663482917087,19.666813821241504,-35.315815544496225,37.57025170332284,-17.98699252762954,19.616686570770558,-35.07792044030655,37.330232673178415,-16.304501048546015,18.165889658945094,-26.802506658586957,29.23446143633978,-13.72961442445796,15.555147368671397,-18.398589822909706,20.323288539318582,17.274152061579134,9.606234057353504,1.2667174000689556,False,False,1.0,True,-0.05467095528754758,-0.044002526401527575,-0.0074832755053648725,True,True,1.0,True,-1.7371624343710752,-1.775192508888722,-0.13935451155884948,True,True,1.0,True,0.35692633999261697,0.4649387453282543,-0.3982433649180166,False,False,1.0,True
6a0ff78e:000,6a0ff78e,611,128032.1948687524,-14.340436170212914,14.475680540735706,-8.574354157228424,8.840485597981592,14.26129170884465,15.204394176280724,-8.524365728365614,8.795139203681776,14.30754326061593,15.25450429780255,-5.705565528906466,6.2946825871933,16.88702453480214,17.870831213713775,-4.428332518766957,5.4364143726228935,18.02891569702553,19.1369714454913,-22.835645866073076,-14.998392344732565,-3.2225861241513485,True,True,1.0,True,-0.04998842886281023,-0.013126867039318313,-0.008429659812463797,True,True,1.0,True,-2.8687886283219584,-1.3853684503283148,-0.5221571037964168,True,True,1.0,True,-26.603269854253952,-16.821273177740295,-3.9325806780634593,True,True,1.0,True
6d1d74e1:000,6d1d74e1,585,78477.85822750133,-11.562646153846256,11.58232209033559,-9.191825265505305,9.30877528886013,0.5345022363624563,4.7789762727461955,-9.424774897951908,9.530439586737142,-0.14632839448344867,4.559923764107216,-12.481312625331105,12.515095588882815,-9.937613951482652,10.151357574480961,-14.768449800130531,14.7947317754057,-16.655465453027634,16.685684804957845,-9.726327501867761,-3.209214895898185,-2.693841001351757,True,True,1.0,True,0.23294963244660385,0.1084599539572082,0.05232553761379677,False,False,1.0,True,3.2894873598258005,1.7325827118038433,0.7327261080718017,False,False,1.0,True,7.463640187522329,4.601049626091481,0.749693508780183,False,False,1.0,True
6d1d74e1:001,6d1d74e1,1124,504631.2477429896,20.949636120996225,21.188680582441272,106.60364134838126,107.01899515066678,229.98172713010527,230.75014967833008,106.45588122596638,106.8756965672775,228.34756502536104,229.12144781398487,112.31516549083258,112.84306059001929,203.14578570646705,204.01318020856073,94.07348262199072,94.77093770817517,132.55685881211718,133.65091299514782,-123.37808578172408,-109.58042446265426,-0.27193256608552474,False,False,0.0,False,0.1477601224148665,0.2117397448982956,-0.000951720547163859,True,True,0.5765124555160143,True,-5.711524142451339,-3.569033544699778,-0.027239603543421254,False,False,0.4599644128113879,True,-25.95321746373594,-15.485432418296114,0.6550693191966275,False,False,0.1806049822064057,True
6d590e26:000,6d590e26,3141,751213.2835702337,15.257455428207415,15.464919412412753,-44.92862711541375,46.63435329941076,-112.89657759345855,117.43302461646054,-44.65225961341332,46.38595459210285,-111.8044369111145,116.37165294901334,-43.152487759246206,45.61495404554383,-90.128291968637,95.36546086923066,-28.031907153279114,30.772232558447364,-47.16992961602162,51.58282025116039,67.96795047804478,35.53117897262746,4.9685425116640545,True,True,0.26806749442852595,True,-0.27636750200041577,-0.3380386096123402,-0.01156590645769029,False,False,1.0,True,-1.7761393561675438,-4.550445829167074,0.11432744699413888,False,False,1.0,True,2.2413025006078717,-3.747820730201056,1.681790004055074,True,False,0.9312320916905444,True
6dbe4b60:000,6dbe4b60,377,69337.47734149944,13.378458885941582,13.561675340499512,65.8295827176987,65.86929642854108,149.728439109597,149.75984547701245,66.00528069422266,66.0449900670255,149.40190509647934,149.433377883991,72.20162717321007,72.24090913016977,138.75285104844778,138.78656464575513,71.12539897259148,71.16505870549284,114.71468892308648,114.74749324537272,-83.89885639189828,-81.9812437715209,-2.807475031908325,False,False,0.0,False,-0.17569797652395788,-0.16826833641061967,-0.011381424596038414,False,False,1.0,True,-6.372044455511378,-6.129967185575879,-0.3745098622948717,False,False,1.0,True,-48.885106205387785,-47.54861763312692,-2.3750863865370775,False,False,0.0,False
6e6d122c:000,6e6d122c,593,95437.3641312481,12.5840177065766,12.68620927567621,9.586230231241695,10.479909633602311,20.85213741807967,21.719458986835182,9.57917446294294,10.473424202530278,20.774254843388334,21.639997401216487,9.3850832199537,10.324040092269444,17.360103114359983,18.258775612402463,9.044854859108835,9.975171953541276,15.142913692595187,15.949324468949921,-11.265907186837978,-7.212883086935108,-2.2382124854448193,False,False,1.0,True,0.0070557682987564966,0.00802036349523405,6.908871546329465e-05,True,True,1.0,True,0.20114701128799545,0.3803259216110746,-0.07876919025875395,True,True,1.0,True,-5.556683461353492,-3.4206655256039085,-1.4017749931517756,False,False,1.0,True
6e6d122c:001,6e6d122c,251,53052.698896248425,14.330567729083448,14.538408931103902,66.10348103119895,66.14880471805262,163.76648245737422,163.7851513772179,66.43416167947673,66.47926332716729,163.60981099333324,163.6284977112864,77.40039175144689,77.43919437816898,158.1512912079498,158.17061234178885,85.86525169386063,85.8995716017436,144.79997229009464,144.8199572182293,-97.66300142617524,-97.63211108841824,0.106336216951604,False,False,0.0,False,-0.33068064827778315,-0.33056511328322813,0.00041298934775113594,False,False,1.0,True,-11.29691072024792,-11.293448034071844,0.014047027145352331,False,False,1.0,True,-78.69649125889569,-78.78352978519615,0.23579277647513663,False,False,0.0,False
6e9ccd38:000,6e9ccd38,269,34034.538395500764,-11.234390334572618,11.248219751005816,-28.182741644640817,28.199181246064178,-37.68282068762619,37.765789145366575,-28.07071403285854,28.087191146022704,-37.295753349488166,37.378493993491794,-25.053039881158142,25.073172483537412,-25.492057748818436,25.581757348658254,-21.111569398532517,21.12593152578348,-14.1482433570423,14.200205016049166,9.500079042985378,7.320721323852922,0.6808293840113038,False,False,1.0,True,-0.11202761178227534,-0.1087610742652032,-0.009425222378922626,True,True,1.0,True,-3.1297017634826743,-3.145969478007828,-0.18237975662123063,True,True,1.0,True,-14.034498287598517,-13.947653315848584,-1.5899725807630603,True,True,1.0,True
6ea22614:000,6ea22614,438,62521.94457874735,11.927247716894724,11.947558985202903,85.78791600139368,85.8223452900847,214.3972969503398,214.47406545358535,86.19848563635223,86.23313994456176,214.24061206839912,214.31743654474022,100.25148177750091,100.29317356840407,208.78020060718814,208.85901029866648,111.70036022977592,111.75241413310425,195.2184218962669,195.2996951269073,-128.60938094894613,-123.51867610198315,-1.707644115529547,False,False,0.0,False,-0.41056963495856047,-0.3894296324815514,-0.006706628297251882,False,False,1.0,True,-14.463565776107245,-13.76117232438446,-0.22133266773562355,False,False,0.0,False,-109.43050589487324,-104.5262083661164,-1.5871701069791015,False,False,0.0,False
708caea9:000,708caea9,6242,14548719.750638084,-47.472975969240764,48.278137460496666,-115.3721655688077,130.8374978729244,-206.2669291590985,239.74329490665804,-115.13499872977731,130.69823217587822,-204.81517266708727,238.37012418867303,-118.31356072907217,136.85525919597634,-182.93890521979964,217.58205971580944,-101.67852336365573,119.89309977070407,-134.48288058110663,165.09097362473292,90.89476359029081,1.2750276906062936,0.31188597784966987,False,False,0.32601730214674784,True,-0.2371668390304209,-0.05574054401040485,-0.03894483479598421,True,True,0.5698494072412689,True,2.9413951602644435,-1.0076084868942417,-0.5920761692577798,False,True,0.5613585389298302,True,19.11071501229893,-3.1161482411407633,-2.3912398317970656,False,True,0.5171419416853572,True
70925e23:000,70925e23,1892,353873.8509724906,13.62357663847762,13.676144161226604,-5.172169942747351,7.512509389794763,-41.74692123145745,42.436246991506025,-4.916644316497242,7.327926810111586,-41.06721766180123,41.7559216577393,0.6375354999679285,5.200146443720647,-24.247143142614327,25.02187075756415,9.963763047694389,10.415773679062774,-0.7486501345713152,4.278427459378494,36.574751288710104,34.31221580633246,0.9539642191157327,True,True,1.0,True,-0.25552562625010783,-0.18998141719384876,-0.018211469769084943,False,False,1.0,True,-5.809705442715279,-4.449603640901842,-0.322395539329591,False,False,1.0,True,-4.423519808176035,11.72064575607692,-2.1388289419301145,False,True,1.0,True
70925e23:001,70925e23,2702,477677.7721987432,13.162160066617233,13.296117488425113,-18.694493635461324,18.73934209229431,-61.90851036206044,62.02437413294508,-18.429285976619,18.47538055096504,-61.1265653728863,61.2438061680557,-12.708358947843651,12.80438838647323,-41.629898281058225,41.79315077052674,5.363547135094415,5.468882439824186,4.865064611245284,5.399031208383062,43.21401672659912,40.808783178910744,0.9578179851196182,True,True,1.0,True,-0.2652076588423253,-0.2718496165925899,0.002820433195665828,False,False,1.0,True,-5.986134687617673,-6.152069290619693,0.08620177228476678,False,False,1.0,True,-23.559558246706604,-16.63148382806503,-0.3768912924297183,False,False,1.0,True
71642c7d:000,71642c7d,536,84347.40584950104,-12.477139925373217,12.544503304318358,-1.8670997108591163,3.6071826764984327,30.065129344629035,30.9722158252228,-2.024189435254248,3.6800796582218114,29.557343344204067,30.46498585555222,-5.157262082426433,5.991281374932109,16.290528758160256,17.443885993720805,-9.024687917589517,9.311355481466096,4.82836889878444,6.187586850632728,-31.932229055488158,-23.796107970916637,-3.6674808627831226,True,True,1.0,True,0.15708972439513183,0.12773552437829494,0.020419054106241674,False,False,1.0,True,3.2901623715673165,3.134345046508315,0.23697903397442133,False,False,1.0,True,-6.695468609643557,-4.884452334141315,-0.5134610271579731,True,True,1.0,True
71ccf778:000,71ccf778,131,16133.902401250694,-11.080080152671991,11.097727709530938,-31.222199830177363,31.236830331611994,-80.40079262454545,80.42932813050486,-31.347974375590347,31.362697208811937,-80.25130160954681,80.2798777010073,-35.80310576448834,35.820650850921936,-75.0917051986339,75.1218211580433,-38.37148364899901,38.39199937377359,-67.078165658224,67.10819489657644,49.178592794368086,47.15960266801994,3.957940002437681,False,False,1.0,True,0.1257745454129843,0.11741147665088647,0.016312919166011852,False,False,1.0,True,4.580905934310984,4.301559084122346,0.5469947432720801,False,False,1.0,True,35.85596582804663,34.07116618202417,3.4736972721948405,False,False,1.0,True
7224331b:000,7224331b,212,30250.253085248965,11.918596698113003,11.945286645519529,-12.702509708038075,12.828750786509632,-44.950458934608115,45.03093942153959,-12.412176708259233,12.540639830888296,-44.05647235917567,44.13723000726733,-8.318684486661393,8.499318642959677,-26.637144513356034,26.733660252971955,-1.2220640176546678,1.8382187257565554,-7.377476735897418,7.467354652849316,32.247949226570036,30.1550801913927,4.783126649363112,True,True,1.0,True,-0.2903329997788428,-0.28125665433071845,-0.019214368732718867,False,False,1.0,True,-4.383825221376681,-4.321744967250197,-0.03200290673157724,False,False,1.0,True,-5.325032972140657,-4.674009712307452,1.3073154042867827,False,False,1.0,True
7224331b:001,7224331b,263,28969.407866249647,10.49173954372617,10.495229382706508,-37.042732927846686,37.08689832138694,-89.23582252091106,89.3206146975747,-36.755491719327466,36.80032306952753,-88.1379515544709,88.2235940365945,-33.5658250043107,33.62740836463824,-66.50569344812821,66.61184688763058,-20.30128298409529,20.379732240163328,-27.93155906058602,28.06076263440138,52.19308959306437,48.39276447656812,3.9688896818370267,True,True,0.9429657794676806,True,-0.2872412085192154,-0.29912250241613947,0.011484946478958591,False,False,1.0,True,-3.4769079235359817,-3.891092673955427,0.4184300834458554,False,False,1.0,True,-9.111173867260662,-10.79424168991136,1.7538063963766035,False,False,1.0,True
7224331b:002,7224331b,275,30462.56839249876,10.519858181817968,10.524874154721411,-44.49309029777896,44.525992370610695,-106.95888953065521,107.03963409544981,-44.24204117565343,44.275484849049484,-105.84500008692324,105.92648833181774,-42.23488503946904,42.28298287875909,-83.74253548400628,83.84128857607905,-28.02931578670678,28.089872422451013,-40.599778090116516,40.716851301446525,62.46579923287624,58.09735390789865,3.748916959784765,True,True,0.0,False,-0.25104912212552416,-0.2675116693808377,0.012985889465198852,False,False,1.0,True,-2.258205258309919,-2.807471808328046,0.43748187104029057,False,False,1.0,True,-3.8933122076624436,-6.370259863659157,1.8506828852550825,False,False,1.0,True
7224331b:003,7224331b,184,20736.63401299925,10.613967391304156,10.615983133781583,-50.31637755883177,50.32847749897166,-122.11540978158843,122.14323274401113,-50.10159257812252,50.11387408694909,-120.99337653586993,121.02143485148783,-49.25362021433434,49.270666125611754,-98.61318877112555,98.64659250400024,-34.50881047296271,34.53041424274616,-51.88435342090272,51.92229525842211,71.79903222275667,69.07020559508965,3.9697395909515762,True,True,0.0,False,-0.21478498070924298,-0.22559745088983618,0.015544031222816557,False,False,1.0,True,-1.0627573444974232,-1.417422989361512,0.5122362645543035,False,False,1.0,True,1.5679758620709514,-0.07344701305191847,2.357142848253716,True,False,1.0,True
7224331b:004,7224331b,2459,1299623.9935152323,22.33297214314746,22.989503709549712,-64.76344087661762,65.2212050277034,-168.62756687174874,170.3264690624227,-64.6826709153639,65.1490058900668,-167.4960410570675,169.2061019182443,-68.09678515290156,68.82000386496972,-144.6701645443899,146.63152698340707,-52.78736739922212,53.8301764798432,-86.46678480872168,88.70569552095583,103.86412599513113,77.74792466661893,2.573431756998616,True,True,0.0,False,-0.08076996125372424,-0.19219603249439388,0.009739893956066226,False,False,1.0,True,3.3333442762839307,-0.3313540232484229,0.3142574538815097,True,False,0.9511996746644977,True,21.70334393210407,4.501951414860741,1.2139647791846073,True,True,0.4648230988206588,True
7256229b:000,7256229b,3070,2558743.9242724758,27.968781433224617,28.869829862856008,61.001262511660805,62.86439455574092,149.2451235775847,153.19734702993264,61.09706455802211,62.97678417951108,148.7237440107563,152.68778441148137,65.85812116843569,68.24466781616664,133.5422026097067,137.86985909061568,60.279567544910726,63.03247271154503,101.76296945825945,105.87560846415512,-88.24386106592391,-53.31939928243628,-0.999481820181245,False,False,0.025407166123778503,True,-0.09580204636130614,0.048926377909083385,-0.0008379702794627519,False,True,1.0,True,-4.856858656774874,-0.034498736098612426,-0.039498702475611935,False,False,0.8931596091205212,True,-40.76170694659866,-17.737621087011576,0.5539950614656846,False,False,0.33289902280130296,True
726f3dc2:000,726f3dc2,4707,4171702.5292237983,-28.787599001487326,29.77039295742597,-43.993800047693476,46.20329245861103,-121.35965663519887,127.21603359058827,-43.96155220322493,46.20081429688697,-120.58610721983662,126.47406242546285,-45.23785586374886,48.383781744958036,-101.36257178001668,108.1263715596623,-34.48296319648837,38.40962766622133,-57.83196758779166,64.7010579235596,77.3658565875054,32.9948583590467,-0.4695927641187154,False,False,0.24665391969407266,True,-0.03224784446855429,-0.18782158187423192,-0.008725853431315045,True,True,1.0,True,1.2440558160553796,-3.983474616019521,-0.22927289338804258,False,True,1.0,True,13.838167540098183,-7.744275105240376,-2.787996976820068,False,True,0.8189929891650733,True
729665c0:000,729665c0,619,151872.02730224724,15.526936187398881,15.663671649237699,9.196193968877138,9.340851528770477,10.55262493983358,11.42517459363292,9.18692399596302,9.332381955770451,10.526935777907829,11.392407299720245,8.537889834083371,8.701747144281581,8.26407433981529,8.81113889043582,8.356041164340791,8.548027094807944,7.7723673136408165,8.194741012678575,-1.3564309709564413,2.223437832468335,2.1958524719666457,False,True,1.0,True,0.009269972914115984,1.0863275747396983e-05,1.0863275747396983e-05,True,True,1.0,True,0.6583041347937667,0.07889989706563938,0.07888337289477931,True,True,1.0,True,1.4238266552363208,2.4163913478460017,2.388765987343504,True,True,1.0,True
729665c0:001,729665c0,3249,3917777.006019216,33.64962896275761,34.72521959567353,32.96151706334857,36.04310764661954,81.15159517801521,89.13542853117931,32.99151564298805,36.102562190294876,80.8614224193386,88.8551953908179,34.67920437024139,38.782244223127776,71.2577170795835,79.75632316284532,32.656004132175966,37.2770842944776,56.16290416963783,63.726636812256785,-48.19007811466664,-16.16916440093155,-0.3192707421803789,False,False,0.6257309941520468,True,-0.029998579639477576,0.04807667801833304,0.009439708794161561,False,True,1.0,True,-1.717687306892832,1.385086719876199,0.21738361975440057,False,True,1.0,True,-23.20138710628926,-6.05828811556421,1.3392031776857038,False,False,0.7343798091720529,True
73348914:000,73348914,3495,1422705.259929728,19.74362618025735,20.17594468419705,27.67284415704032,30.3749633989238,82.86914095811545,88.36311629245449,27.109282470580958,29.851101831683174,81.41640357712934,86.92474177957315,21.610141303947,25.255655328434184,59.90598937091949,65.57112747414558,7.404646822204993,10.80292366763149,20.913524712166765,23.242088293314495,-55.19629680107512,-18.624809988814377,-4.835944333050065,False,False,0.39971387696709587,True,0.5635616864593606,0.358056170756754,0.08744522959386813,True,True,1.0,True,6.062702853093319,4.935017116065865,1.028100191248086,True,True,1.0,True,6.759319444873553,-1.491910470158473,-0.6088886750549136,True,False,1.0,True
75c20ec7:000,75c20ec7,538,140681.73233250302,-15.740736059479726,16.17065888566307,-16.696756214142763,16.92151180254885,-18.073791821561183,18.655681973288193,-16.70373432064253,16.928356133235763,-18.073791821561183,18.655681973288193,-17.04249311552303,17.267141079172188,-18.073791821561183,18.655681973288193,-17.20503758005132,17.43422419236288,-18.073791821561183,18.655681973288193,1.3770356074184213,-0.9159610041642736,-0.7820152372314624,False,True,1.0,True,0.0069781064997670545,-3.20020171784563e-05,-3.1968480470823124e-05,False,True,1.0,True,0.34573690138026686,-0.022156961969812983,-0.020971978692614357,False,True,1.0,True,1.3770356074184213,-0.9159610041642736,-0.7820152372314624,False,True,1.0,True
75c20ec7:001,75c20ec7,1500,460276.7761867593,-17.325899000000177,17.517168267859567,-32.7599586850399,33.23858386618784,-59.135759999999884,61.22630523448769,-32.857374640160266,33.34131441049204,-59.135759999999884,61.22630523448769,-36.63359410267842,37.29968086580696,-59.135759999999884,61.22630523448769,-39.66297965319044,40.57585462621542,-59.135759999999884,61.22630523448769,26.375801314959986,11.986585537819337,3.0126923004263517,False,False,1.0,True,0.0974159551203702,0.03541552007300197,0.009084912342586904,False,False,1.0,True,3.8736354176385213,1.7459074570688244,0.37876206734108564,False,False,1.0,True,26.375801314959986,11.986585537819337,3.0126923004263517,False,False,1.0,True
75c20ec7:002,75c20ec7,1769,624999.0253827606,-18.338978801582982,18.796446529553425,-67.27889768079446,67.82774982662264,-139.48832673827008,140.8395423063038,-67.58292119082182,68.13484675731506,-139.48832673827008,140.8395423063038,-78.12195981299895,78.77412564263244,-139.48832673827008,140.8395423063038,-89.19567343307479,90.003077174449,-139.48832673827008,140.8395423063038,72.2094290574756,58.25800889284801,-0.33891611859871773,False,False,0.0,False,0.3040235100273553,0.24021439801981614,-0.001302456397752394,False,False,1.0,True,10.843062132204476,8.695644860197717,-0.042966015525962575,False,False,0.994912379875636,True,72.2094290574756,58.25800889284801,-0.33891611859871773,False,False,0.0,False
75d20a82:000,75d20a82,305,38538.59349874923,11.22492622950808,11.240820444175514,13.7372624620002,13.741973215936385,-6.528087490699736,6.550069088422347,13.801366580010093,13.80600877498114,-6.309784019870918,6.331942083473545,15.786213053045373,15.789444507972993,1.5092711520293423,1.5785703053376923,18.149896748124092,18.15576908091735,8.160957263036615,8.210437984580325,20.265349952699935,18.989365528648705,0.39635319933768187,True,True,1.0,True,-0.06410411800989393,-0.059345527452023816,-0.007560424126495491,False,False,1.0,True,-2.048950591045173,-1.9847572085727734,-0.1626005345788144,False,False,1.0,True,5.576305198963585,6.116527576979934,-1.2029684996759897,True,True,1.0,True
75d20a82:001,75d20a82,1098,143706.47058425454,-11.399525956284336,11.440288895123008,-60.138339023585736,60.498047258625334,-123.79349810122433,124.77250821601336,-60.22628677602816,60.58983012892818,-123.46698591990896,124.44852467797774,-63.378004458295045,63.87108279671996,-112.81791847537349,113.8881416640978,-59.82636854065579,60.49807456249175,-88.67075485641918,89.87658285471653,63.6551590776386,47.25695344293308,3.268827925036021,False,False,0.1621129326047359,True,0.0879477524424249,0.01543958342699625,0.013485691410096479,False,False,1.0,True,3.239665434709307,0.8247285425186419,0.44421190678804123,False,False,1.0,True,28.532415832833436,13.891764500222052,2.7700080833838,False,False,0.8032786885245902,True
76201745:000,76201745,609,91350.10286149709,12.217912972085188,12.247455609321229,62.139067481530276,62.25790182367824,129.24192164756386,129.49428313990063,62.144832361723545,62.26472725075956,128.71738357232442,128.9707030051016,63.89265409961686,64.04509752583076,113.44882591659459,113.73245072054365,56.01023728810226,56.19674792261939,81.85158865442833,82.14753227852049,-67.1028541660336,-60.26849730192953,-0.702332878996458,False,False,0.0,False,-0.00576488019328094,0.02188339274835016,-0.00218828281686001,False,True,1.0,True,-1.7535866180865933,-0.8500115694932902,-0.0658939462609851,False,False,1.0,True,-19.712521172898054,-14.901766773435156,0.2613010409695562,False,False,1.0,True
764072a5:000,764072a5,1240,200016.04263975544,-12.635499596774364,12.700522044126814,-11.111880952833502,11.829446526826269,-12.661960358624855,17.746159914063686,-10.890219526980726,11.618285963268711,-12.104265486865716,17.328581816859742,5.556032017177162,6.405416901554067,31.4862147117041,32.20287006181984,22.215368218402727,22.29890050941826,65.28801478575889,65.40750692401448,1.5500794057913525,-9.635763425379992,-2.8036327182580862,False,True,1.0,True,-0.22166142585277657,-0.19463160201485152,-0.01708230316580739,True,True,1.0,True,-16.667912970010665,-13.605997954595296,-2.3047883375857054,True,True,1.0,True,-76.39989573859239,-59.14886469483281,-9.194480276071772,True,True,1.0,True
764072a5:001,764072a5,306,43074.36161975146,-11.81556699346426,11.864480083267308,-17.72644508522613,17.81420920912964,-45.329969643464985,45.50235150186454,-17.497479932964733,17.58645620683473,-44.720657294164084,44.895229754285914,-1.2329694969201916,2.3143076481771385,10.132263793358707,10.657934060409964,25.64349966222967,25.666956882092773,69.15147216837414,69.15879796630261,27.603524558238853,23.78561294567953,4.410488366704158,False,False,1.0,True,-0.2289651522613972,-0.23005062381344032,0.0009851922550296877,True,True,1.0,True,-16.493475588305937,-16.804513527549716,0.39163179428760486,True,True,1.0,True,-86.87791725360027,-85.51932486420083,-0.1631188101200678,True,True,1.0,True
77b0d905:000,77b0d905,4030,1460166.674574026,-18.95860223325079,19.034816439015216,-28.033428130240647,31.45974485800387,-53.50136855614433,64.64802840175295,-28.046877285613057,31.495426084353426,-53.26228044403803,64.40041963162369,-28.540226172633933,32.84463108741318,-45.01211015425256,56.3473631124612,-26.82769429649238,31.257741461694877,-33.08830675987013,42.43364767679022,25.467940425903677,-4.1912784306987305,-3.668549476593398,False,True,0.9017369727047146,True,0.013449155372403378,-0.00011317256394249853,-0.0001131725530285621,False,True,1.0,True,0.5067980423932832,-0.19645193141695927,-0.19362186332364217,False,True,1.0,True,5.054878629629479,-4.576675255928421,-4.047891094945953,False,True,1.0,True
77e4821c:000,77e4821c,336,52692.54216174944,12.478254464285648,12.522900708225064,17.599701073465116,17.615985655084305,80.76348482000706,80.76430650727796,17.179154167667882,17.19574625625158,79.12928836239044,79.13012674717837,14.699842011583954,14.715944741971946,53.92612450209111,53.92731676094081,-9.093387265437189,9.101696294104531,-16.549746693586837,16.552394449102753,-63.16378374654195,-64.46394266221432,1.1617190340220986,False,False,0.0,False,0.4205469057972312,0.41543655300847604,0.004560569697787287,True,True,1.0,True,2.8998590618811617,2.7277027654836274,0.15365052549532265,True,True,1.0,True,34.14944776705195,31.903197654870382,1.9469731824792689,True,True,1.0,True
796dbd4c:000,796dbd4c,504,63446.77724149849,11.205968253968122,11.219913670824342,95.677451020385,95.69432856700521,239.14004263051498,239.22788363390492,96.17164571502396,96.1888205600488,238.98334905648812,239.07124752163026,112.77061674489616,112.79822358664214,233.52154982768633,233.611483747044,127.23095625359358,127.27342821781167,219.77200233941852,219.8644563084801,-143.46259161012998,-136.42984690300727,-2.3692016048207734,False,False,0.0,False,-0.49419469463895627,-0.4632151013629482,-0.009541459738102276,False,False,0.061507936507936505,True,-17.093165724511145,-16.05621545581016,-0.3159160805371357,False,False,0.0,False,-124.09455131903353,-117.25404199109653,-2.260174044247833,False,False,0.0,False
7987f2f2:000,7987f2f2,888,278399.942499747,17.22178322072062,17.706310986791582,30.645858570341538,31.387504441413903,44.282169614198615,45.933335360525966,30.410412638326726,31.14769746661469,43.56578714226994,45.203849737503596,26.34565716397037,27.07731519759913,29.16781499823311,30.706366816730867,21.35234649574764,21.8811156380129,16.178763529084435,16.951785406957228,-13.636311043857072,-6.562763164889475,-1.1948613457389001,False,False,1.0,True,0.23544593201481925,0.13764460212587437,0.03478316605287546,True,True,1.0,True,4.300201406371175,3.01573529216148,0.5786113593312621,True,True,1.0,True,14.467095041257108,8.730199432529844,2.5212838640036352,True,True,1.0,True
7a5660b0:000,7a5660b0,1576,331802.46654599364,14.192618020304431,14.509809095612276,-17.315140175047695,17.574347553674745,-79.60393466745896,80.38178592469018,-17.408441019346515,17.670711938579068,-79.27803028297855,80.0589324545666,-20.761999918299065,21.134131344705562,-68.66448301961621,69.55673841149297,-18.578355777329325,19.1399589662421,-45.541679845591865,46.551188905510415,62.28879449241126,48.435622759785474,2.1398940616563777,True,True,0.40482233502538073,True,0.09330084429882102,0.037823093614861136,0.008146207579557085,True,True,1.0,True,3.446859743251368,1.6288084346688265,0.26460021304228576,True,True,1.0,True,28.226539670544163,17.4242150936534,1.4951589533902734,True,True,1.0,True
7b2c7b3c:000,7b2c7b3c,306,50443.00861799908,12.748535947712304,12.839253615072563,-32.024948835129095,32.148523164205926,-72.67463148256338,72.9015146006898,-31.96730866339039,32.091840500897284,-72.19771855028124,72.42550826242284,-31.585256125924634,31.74144921916477,-58.37172116314459,58.63543654630354,-26.026445802850585,26.192910546275122,-39.65194775083724,39.91909519414009,40.64968264743429,34.80786624109351,5.161309232011263,True,True,1.0,True,-0.05764017173870563,-0.07525681396145956,0.013328029050171608,False,False,1.0,True,-0.4396927092044648,-1.1459276782716188,0.5677107300743955,False,False,1.0,True,7.626998915708142,3.797877058659651,3.3500674678198266,True,True,1.0,True
7b38844c:000,7b38844c,2721,1358213.490393482,22.118509739066372,22.341881756226755,24.405785587506482,25.726974391764372,57.8133044419368,62.808234558273874,24.303891988667456,25.641494863452298,57.35082993500004,62.35739705800357,22.153578133108308,24.137898095897583,43.71992535464035,49.36774500347,15.319292712088574,17.386325149558466,23.29397419495169,27.856015291668015,-33.40751885443032,-12.1206690856543,2.857129658525082,False,False,0.8691657478868063,True,0.10189359883902951,0.10287487291134312,0.03102424216012878,True,True,1.0,True,2.252207454398174,3.1588644815074076,0.8207195851737197,True,True,1.0,True,1.11181139255479,3.0494165606651222,5.288931340437557,True,True,1.0,True
7e208414:000,7e208414,1152,230213.366178746,14.058040364583201,14.13640659696112,42.52386255021702,42.60621611064597,102.20385940378473,102.44686269636608,42.61013705116427,42.69335930799813,101.87959771567559,102.1232613530295,45.837033020020094,45.9478447769414,91.35089586280384,91.61684042038976,43.85091017168642,43.973931238131705,70.2523858911808,70.47377826339061,-59.67999685356771,-50.74847509344545,-1.9197135106569476,False,False,0.3107638888888889,True,-0.08627450094725002,-0.05183971064616344,-0.0070018006717873504,False,False,1.0,True,-3.3131704698030706,-2.1928605422726832,-0.22717176456353627,False,False,1.0,True,-27.72852334096378,-21.58415469758802,-1.1613704937281,False,False,1.0,True
7ff89f8f:000,7ff89f8f,3695,1458967.5637537723,-19.47298876860638,19.87081119851636,-57.138117555949016,58.05751733585793,-127.43056758547789,130.04216461073122,-57.252828350965785,58.18073520417393,-127.10525346415868,129.72293309916859,-61.451576169680386,62.65775453255047,-116.50611292162247,119.3309789310143,-59.73878404184467,61.2079837914657,-92.76891935610092,95.49449871357183,70.29245002952885,40.10909943966908,0.6258858662331477,False,False,0.2543978349120433,True,0.11471079501678004,-0.0033304915777989663,0.001409393464200548,False,True,1.0,True,4.313458613731386,0.44857962228888937,0.044135833195468877,False,False,1.0,True,35.6308018001519,12.908274435074418,-0.2518369941772107,False,False,0.7280108254397835,True
807f0298:000,807f0298,250,37407.59314349903,12.197415999999851,12.23234942985182,-14.035449719295771,14.170643595320483,-48.77164717986595,48.974924316907185,-13.704321266875413,13.841506721835186,-47.927391743214024,48.1322072742878,-4.916275978731624,5.222720140936917,-20.624078504912227,20.906144147425003,4.444756431475034,4.578977700666275,1.8736242110415768,2.5364964253866082,34.736197460570175,29.98380482990251,4.921967779759143,True,True,1.0,True,-0.3311284524203584,-0.30936007060154225,-0.034964053780640825,False,False,1.0,True,-9.119173740564147,-8.612409932986338,-0.9352990411352948,False,False,1.0,True,-15.909073930337348,-15.78113463945192,-0.2543777114169643,False,False,1.0,True
807f0298:001,807f0298,735,856432.1204195076,-32.62064489795934,34.13522768751135,-101.70442009650554,102.42335348288613,-204.3049819714307,205.0440789167713,-101.37528742883191,102.09754551728433,-203.27064577750156,204.01322846678494,-97.63885380766995,98.48912478788677,-163.52803116206454,164.40325932535683,-68.9558252762914,69.94471297099574,-98.57242917818358,99.44961262543346,102.60056187492513,94.15124692498102,4.629531760165264,False,False,0.0,False,-0.32913266767364946,-0.34208093989946065,0.006923657978404663,True,True,0.7319727891156462,True,-4.065566288835591,-5.256776169406294,0.6894039228682232,True,True,0.7319727891156462,True,-3.131990918321944,-3.9037771568182507,1.6224679666283919,True,True,0.7319727891156462,True
811f52b3:000,811f52b3,3195,4929821.046735028,-38.120273552425786,39.280783894019315,-47.21246937610406,49.40869871549832,-111.37588757300055,117.35486927670632,-47.118844130275974,49.343933151313216,-110.62079181618378,116.62835008452463,-47.43958640186455,50.525394919456886,-91.95560283518202,98.76393185560997,-36.98259866407777,40.379732488726,-56.05397721640673,62.31255112200381,64.1634181968965,29.89927687351883,2.885020576797615,False,False,0.35805946791862286,True,-0.09362524582807873,-0.19060500019986648,-0.0031164057581918314,True,True,1.0,True,0.22711702576049897,-3.338070441292075,0.0654994529159012,False,True,1.0,True,8.841507840302675,-3.6948187434136344,0.2003571155237296,False,True,0.8923317683881065,True
81bf5923:000,81bf5923,941,133450.86679174574,11.89207066950034,11.90874203544994,8.787258782735073,8.80300386983347,-0.41317931069726627,1.4191428718669556,8.764165142728386,8.779924862394395,-0.4559015758045128,1.4581210515288678,7.35326048222125,7.381143729898429,-2.8452923831540247,3.6413918722467606,6.724876752335802,6.79747885429098,-3.9380876169271533,4.991144022967481,9.200438093432338,4.8503913152544555,3.1047679069961305,True,True,1.0,True,0.023093640006686147,0.001617517531485646,0.0015505385563301388,True,True,1.0,True,1.4339983005138222,0.4340807282824244,0.32278094519278966,True,True,1.0,True,12.725346399662225,5.584719317565032,3.5786484407508397,True,True,1.0,True
81bf5923:001,81bf5923,225,23882.69211024924,10.30025555555539,10.302684032220652,8.618227522793985,8.620679512720661,-2.6029725046861776,2.6583578330496365,8.564225963338911,8.566701716542457,-2.71562667552925,2.768407199153953,6.279862982864005,6.283847417189448,-6.941476797510727,6.959795674763408,4.295088089666452,4.303703586312123,-10.817730662819013,10.829930903445153,11.221200027480162,11.86411487681471,0.6945307068035618,True,True,1.0,True,0.05400155945507221,0.05364705608735676,0.006181062019095407,True,True,1.0,True,2.3383645399299793,2.3512593267205375,0.17504585213282553,True,True,1.0,True,19.435958185612996,19.432725427888727,1.4670142177856178,True,True,1.0,True
81bf5923:002,81bf5923,463,67783.41697474786,12.07190388768879,12.099606135241144,10.029609420221137,10.052744600711518,-3.001554346126265,3.1223743961651573,9.96134460239201,9.98453243131696,-3.133976891361517,3.2485229651728336,7.2696875604243605,7.297870062834295,-7.830858132509179,7.864591708974762,4.32383913516917,4.348934680421484,-13.29804689619642,13.299668309694303,13.031163766347403,12.556169764309743,1.9041367754562089,True,True,1.0,True,0.06826481782912748,0.06296344713155122,0.010237348029477289,True,True,1.0,True,2.7599218597967767,2.606458869377093,0.31885424097345094,True,True,1.0,True,23.327656316417556,21.68738080807816,2.6069880458071566,True,True,1.0,True
81bf5923:003,81bf5923,1745,974846.0399282388,23.13172865329498,23.635799663790554,30.302738064482288,30.63180497485275,1.172004122947151,3.568236410832093,30.160143327557073,30.488335688831672,1.0169547821884664,3.521190170724395,25.07897731295607,25.38864941761959,-4.351306916025244,5.530366912104832,17.021251908775657,17.350064846611367,-14.960054190039605,15.571006548132136,29.130733941535137,17.35414072893218,0.8979504204726254,True,True,1.0,True,0.14259473692521438,0.0927621280279709,0.0039683518934907624,True,True,1.0,True,5.223760751526217,3.552658170903669,0.13276858069730224,True,True,1.0,True,45.2627922545219,31.248200890038788,1.333824325900423,True,True,1.0,True
81fc01c6:000,81fc01c6,364,91925.6069012514,-15.59584752747265,15.891597657326308,-22.895942208335477,23.094615069726245,-29.662646840582045,29.926508347445647,-22.785401191177574,22.98393849360176,-29.371161611643725,29.633349165084596,-19.55741392657471,19.764953079618124,-19.571346127902952,19.841374945196264,-16.38665712088692,16.581792424424638,-12.54242623926841,12.725395813293716,6.766704632246569,6.090217044678866,-2.1291845557116176,False,False,1.0,True,-0.11054101715790439,-0.08685382868316083,-0.026616122961058863,True,True,1.0,True,-3.338528281760768,-2.8713028878064506,-0.6941090505461034,True,True,1.0,True,-10.353515969067068,-7.639597890616642,-4.573033773631323,True,True,1.0,True
81fc01c6:001,81fc01c6,152,22063.43231825073,-12.00195065789493,12.047994023425296,-53.845965896855645,53.861296149048584,-102.48029199875874,102.4938351871867,-53.78476157189444,53.8001235190944,-101.965135730796,101.97873210151516,-53.513994203136406,53.52996512032834,-87.06549502843612,87.08081670398609,-45.49826061670483,45.51480834600123,-60.76218562775248,60.776236833177094,48.63432610190309,48.297018631003084,-1.062299207695105,False,False,1.0,True,-0.06120432496120549,-0.062074638863123255,-0.005480792911839671,True,True,1.0,True,-0.33197169371924484,-0.3586108328636328,-0.18472574105544481,True,True,1.0,True,6.916219730896835,7.2666370758634,-2.291485331959848,False,False,1.0,True
81fc01c6:002,81fc01c6,776,562208.6163235089,-26.363041237113627,26.916456668591255,-114.53290780646432,114.90044147290806,-221.33844117801752,221.7193164659143,-114.72995112607109,115.0981114271386,-220.8105385765785,221.19232002455195,-122.77630680680552,123.16010194448285,-205.33324551844777,205.74336712997527,-117.36580221737202,117.79751333060644,-166.17266677703597,166.63400374601454,106.80553337155318,103.96922102154713,-2.5626662854610913,False,False,0.0,False,0.19704331960677748,0.1840987923078501,-0.010566945144091733,False,False,1.0,True,8.243399000341213,7.81219331955981,-0.35298537489870796,False,False,0.6739690721649485,True,51.639758970571684,49.9067941722642,-2.9857012472584756,False,False,0.0,False
82aab6d2:000,82aab6d2,954,128365.17279299784,11.5789213836477,11.599771052148482,7.095835160394566,7.6361915383446,-5.851201907818043,9.685868605170358,7.164666447551764,7.683877608353773,-5.649315263825255,9.454676489722086,9.567551299190903,9.764609072830021,1.1253408089290016,4.609587136309632,10.785087537758454,10.838383383526471,4.507171560409874,4.932264937842233,12.947037068212609,6.8534050908492645,5.594909456651294,True,True,1.0,True,-0.06883128715719784,-0.0017885697834572056,-0.0017879980041470844,False,False,1.0,True,-2.471716138796337,-0.6365395545890351,-0.6039762289092323,False,False,1.0,True,2.588663599984693,5.980736336887276,4.751963480790437,True,True,1.0,True
82aab6d2:001,82aab6d2,569,120415.1653539962,14.370627416519989,14.547369166125172,-11.226378550560357,11.747947938250729,-63.506096127539045,63.92358556339977,-11.072641194666298,11.603385372720114,-62.78158302047387,63.20204335656893,-8.690192266355902,9.469994318903225,-45.060636235302105,45.584817090255115,-0.5825999048834404,3.339367061352921,-18.983062919488614,19.56375617816988,52.2797175769787,43.41052298396971,4.004452476983715,True,True,0.4797891036906854,True,-0.15373735589405849,-0.17398970794056368,0.005807267227282864,False,False,1.0,True,-2.5361862842044545,-3.3802055093528907,0.3109914427277545,False,False,1.0,True,7.756684368928257,3.6164041593674483,1.634780277749087,True,True,1.0,True
833af382:000,833af382,824,187245.3431100056,-14.913549757281778,15.074464967803692,-18.696719351415336,18.922797526287592,-36.91736805199843,37.23192743559456,-18.776328484987513,19.002567663730126,-37.046671866834124,37.361444673882794,-22.723460318233496,22.94348532629504,-41.671392356180405,41.980522610770294,-25.809972312857457,26.09283015733418,-46.93022217073495,47.31430347041287,18.220648700583094,16.603394401017795,-2.361177903439966,False,False,1.0,True,0.0796091335721794,0.0649617291874165,-0.005136554083946976,False,False,1.0,True,4.026740966818162,3.594450722946931,-0.2112742691042513,False,False,1.0,True,28.233502819319607,24.447926205657495,-1.5998892763254844,False,False,1.0,True
833af382:001,833af382,683,160543.91727925296,-15.208350658858118,15.331568083893393,-32.192739180991,32.28484721736691,-68.44953402501098,68.61180106092647,-32.37499209911897,32.46716470180784,-68.60382597101813,68.76578592090613,-39.665454940106024,39.75811994084718,-73.9342734570395,74.08677179061971,-48.858123206790864,48.969160546471514,-83.76365285941887,83.92715141955605,36.256794844019986,34.74635153653435,-1.4008398035603022,False,False,1.0,True,0.18225291812796937,0.1751289506410103,-0.005077260262623895,False,False,1.0,True,7.472715759115023,7.228405989344537,-0.16550038234527165,False,False,1.0,True,51.57091367842787,49.11030025965556,-0.9934938527803752,False,False,0.7759882869692533,True
84633df4:000,84633df4,3327,1239731.0807420232,-19.059174631800605,19.303557084725114,-54.98710158576366,58.19630653033596,-137.78179119959725,145.28686448939942,-55.0548041490936,58.29460555090342,-137.27406314992382,144.79811979762133,-58.56324810653365,62.75911340154781,-122.49639853308207,130.62929269530926,-54.312461534717656,59.0817603838932,-94.66824208545714,102.17719441150717,82.7946896138336,36.090549201373506,3.6848234429144213,False,False,0.19807634505560565,True,0.06770256332993564,-0.08518632015875482,0.0031943409267114475,False,True,1.0,True,3.576146520769982,-1.7983988228097587,0.23437582368751464,False,True,0.9702434625788999,True,39.68114049969347,10.136276039875156,1.6145290527219913,False,False,0.5299068229636309,True
8478df29:000,8478df29,312,45528.7346829991,12.043660256410138,12.079959920309305,9.629392218363073,9.70931163620859,-2.5477671707030005,3.464920426743187,9.664200456481641,9.742550642752049,-2.4460415574060335,3.3615400713696015,11.31514292162564,11.362601442545088,2.2206844767430343,2.520997506415646,11.764911169595285,11.801940261365031,3.5354009489682867,3.602153736964139,12.177159389066073,8.962304192487863,3.9925519998723757,True,True,1.0,True,-0.03480823811856937,-0.012078362344254856,-0.010142530427401653,False,False,1.0,True,-1.685750703262568,-0.9939144346317335,-0.5981408721800108,False,False,1.0,True,6.0939912693947855,6.003185323730577,2.1176445933997456,True,True,1.0,True
8478df29:001,8478df29,1084,341730.9014817545,-17.16835009225104,17.755278345213565,-65.5949925102665,65.95140721857038,-184.1189867446675,184.6778205752377,-65.6825150028186,66.04161795995901,-183.33668498514254,183.8978254313662,-71.34563786238907,71.77732006111655,-163.83630426314232,164.4591673906913,-62.35359706553494,62.88194507100271,-118.3119618366339,118.96390241731447,118.523994234401,103.0421740758411,4.628148291592879,False,False,0.0,False,0.08752249255211177,0.020608622102372465,0.020807333627089974,False,False,1.0,True,5.750645352122576,3.5424993495907984,0.6895214084706822,False,False,0.8311808118081181,True,52.716969326367405,40.868448711376914,3.5859869936939504,False,False,0.0,False
84c3b497:000,84c3b497,2633,2059021.4527739813,25.456700341815274,27.96436784347029,-8.257612708935046,13.207173737675962,-28.252330245402796,35.508097501689676,-8.177476061941132,13.141725869432388,-27.928660675903522,35.15522499502018,-6.278115033445332,11.994356885854488,-17.664522741892917,25.008752681745065,-2.6536539611391916,8.52106013526505,-6.350951634827659,11.858403003344904,19.99471753646775,1.341082888560777,1.1137386512000376,True,True,1.0,True,-0.08013664699391412,-0.00034163330383307766,-0.00034162036172347143,False,False,1.0,True,-1.9794976754897118,-0.19187589636021585,-0.18471393493564392,False,False,1.0,True,-1.9066610741073868,0.669406928062017,0.4676820197637426,False,True,1.0,True
84c3b497:001,84c3b497,624,144996.42412624677,15.11915945512803,15.243558124823831,-46.98714351904173,47.16502139338852,-107.22693375922587,107.45553631282012,-46.98312307604156,47.1620099795397,-106.7007968769252,106.93048548881494,-48.21143560797867,48.417776749092674,-91.35030754915061,91.61591999144741,-40.00656590446106,40.26079207417998,-57.860926848698874,58.176551328697485,60.23979024018414,56.72714771251958,1.0508776692367974,True,True,0.0,False,-0.004020443000172236,-0.01768411094417388,0.003774582382902736,False,False,1.0,True,1.224292088936939,0.7840438332896156,0.11880657627625624,True,True,1.0,True,10.873783329657146,9.13332739112957,0.22505219744380156,True,True,1.0,True
85380836:000,85380836,305,45681.1689237509,-12.193545901639467,12.238232075760244,-85.54884255990353,85.55576531458134,-199.03612263508512,199.04717479456818,-85.898199012176,85.90514342429525,-198.87942001255837,198.89048086931143,-97.52797795491914,97.53558304567571,-193.41589042269018,193.427261242895,-107.27505019285601,107.28367394945822,-179.3566621061099,179.36832919104907,113.48728007518159,111.84184096701028,1.3116443598864862,False,False,0.0,False,0.34935645227246304,0.3429509982724994,0.005100445767311612,False,False,1.0,True,11.979135395015597,11.767711367074298,0.16829992137900263,False,False,1.0,True,93.80781954620636,92.25387692367985,1.22835257355473,False,False,0.0,False
8612b37f:000,8612b37f,613,78775.37032050168,-11.325380097879405,11.336134484819533,-7.699257543378828,7.813386839504018,-1.5668029807581303,4.701717802781236,-7.55544277193384,7.6673772394381325,-1.2413674245287616,4.5344773906452245,0.12867755754958046,0.5768865652191609,17.591491202376485,17.62563189287848,3.988516347103783,4.347128513940233,25.35621977108728,25.697391327450102,-6.1324545626206985,-10.135363940993557,-2.9915293598623975,True,True,1.0,True,-0.14381477144498866,-0.0942253633747896,-0.03861685691663297,True,True,1.0,True,-7.827935100928409,-4.682804197747828,-2.011345279879606,True,True,1.0,True,-33.05547731446611,-22.74236215790188,-8.013610973579489,True,True,1.0,True
8612b37f:001,8612b37f,2439,2286748.7000782737,-29.357793152931684,30.61986843204131,-70.51577690615288,72.31754312546464,-134.6826846423918,139.3023019381955,-70.28460809527392,72.09467511622655,-134.06517509441088,138.70463382479727,-58.53317638206621,61.78730863498728,-74.55434069530556,81.73106706153177,-24.171170851495148,28.332035172344728,10.0971758649405,21.555164001562684,64.16690773623891,37.82889163141954,1.6736592890574684,False,False,0.43009430094300943,True,-0.23116881087896732,-0.24614050111267716,-7.642510718142148e-05,True,True,1.0,True,-11.982600524086665,-16.300487432605223,-0.07915995529765496,True,True,1.0,True,-80.61295277109338,-74.34644954771284,-2.784151918580392,True,True,1.0,True
861e71df:000,861e71df,2290,715158.5239642346,17.576776200873173,17.671907046901822,45.47519194537662,46.35947521402685,96.50517350965288,99.52503329514612,45.35573712113226,46.25414232228448,95.73181576712317,98.77300210108596,44.01597922860316,45.370943294944695,76.5822007702121,80.24576045454809,32.225436448847525,33.980105343226306,37.05745843344297,41.451922098277,-51.02998156427626,-32.56926856380596,-0.15677262650024204,False,False,0.6519650655021834,True,0.11945482424435998,0.184284563332767,0.003016525895873201,True,True,1.0,True,1.4592127167734623,3.5870889848174556,0.0829026625797269,True,True,1.0,True,8.417733511933653,14.558547018643367,1.7992128413388855,True,True,1.0,True
86454a6f:000,86454a6f,538,76638.65012225263,-11.894774163568977,11.935284769626072,15.149964687302244,15.242232427000975,162.71993286265555,162.7882282797053,15.22514940006429,15.318291500687392,161.58700683736117,161.65578058498312,23.890193904235524,23.98032929238626,138.65488166737958,138.73495531783522,10.859354159976617,11.1170703690874,73.49119365034502,73.61612649895729,-147.5699681753533,-141.65581644468512,-3.571530266337504,True,True,0.0,False,-0.07518471276204415,-0.05095449685359199,-0.015186114240350435,True,True,0.0,False,-8.740229216933281,-7.937263204934425,-0.5051422735068627,True,True,0.0,False,-58.34122896304277,-53.198771670149654,-3.1594509721035138,True,True,0.0,False
8648abae:000,8648abae,881,233478.26966224625,16.07077468785457,16.279283216581817,54.591505600058596,54.81584264958022,141.5674639516957,142.21078250687054,54.54434813628709,54.772279057586395,140.7875361779476,141.4342308506915,56.753862049718045,57.09098522427667,121.41294420697928,122.1527421496849,45.432206339616926,45.89149696874522,79.277235071507,80.11071775130725,-86.9759583516371,-72.85532805392904,-1.6459413933280302,False,False,0.0,False,0.04715746377149779,0.10875843433132104,-0.005691424908945919,True,True,1.0,True,-2.1623564496594563,-0.12857464765147597,-0.1805571297518327,False,False,1.0,True,-24.685729471448397,-14.253320988798805,-0.38277256352375844,False,False,0.5856980703745743,True
877ed19c:000,877ed19c,2582,1795154.0312957305,26.12763148721906,26.367729843676592,29.618364302447656,31.475698306142206,72.5960412229201,78.2606009615543,29.200177306324548,31.08811599901869,71.09313365783582,76.81965499728814,25.61405905339966,28.263166681152654,48.908979418156086,55.70311555045156,12.119355414370874,14.539914395390682,9.87465639507083,16.987157726957278,-42.97767692047246,-13.604874529446533,-3.163878996800122,False,False,0.6963594113090628,True,0.41818699612310667,0.35764762406506634,0.03742969722588896,True,True,1.0,True,4.004305249047992,4.704817500640274,0.3715108108208369,True,True,1.0,True,19.743707907376823,16.982390795148604,1.0980661583416804,True,True,1.0,True
8902c3f6:000,8902c3f6,1007,204997.62075700375,-14.095145978153068,14.267887456442729,2.929765357024359,5.829539319753399,34.34598155235344,36.23797939127431,2.762322866252004,5.74048596885141,33.750210683936274,35.64846290417239,-0.5665948859319956,5.192340112471544,18.747522134327202,21.210157422776124,-5.950498676271672,7.135556450447161,2.6637831688601343,6.132969128067005,-31.416216195329085,-17.936902505398393,-3.364976043079878,True,True,1.0,True,0.1674424907723552,0.135770892002256,0.018515844883950194,False,False,1.0,True,3.4963602429563547,3.5332656150203547,0.2031508747713815,False,False,1.0,True,0.2659821881642246,2.5844421509882523,-0.2311418964418408,False,False,1.0,True
8995c945:000,8995c945,723,105314.81472800288,-12.016289073305837,12.069119444286173,-66.93432460714594,67.10556736777595,-133.41053989699986,133.94766882137176,-66.44565989950114,66.61965975712774,-131.82871077008443,132.37054671524686,-63.26221797340373,63.50844043818489,-108.291326432727,108.9014043740665,-47.07182906653878,47.28188988468995,-64.85769691027531,65.35376449796863,66.4762152898539,54.83963205512191,3.027613122618277,False,False,0.0,False,-0.48866470764481,-0.5184125551350007,0.00241292133978277,True,True,1.0,True,-3.6721066337422084,-4.86663345150555,0.18727632122681825,True,True,1.0,True,-2.076627696870632,-6.511470299605207,0.11303621135812136,True,True,1.0,True
8995c945:001,8995c945,385,43074.7387382508,-10.573445454545553,10.577449516833957,-80.88642788042631,80.91155138941737,-170.7591793899643,170.85675896011807,-80.47994172349904,80.5055738272659,-169.13899827259917,169.23741360542155,-80.07172363824783,80.11139119635038,-144.5612252214215,144.67249020139744,-61.13712166333038,61.178593639596805,-90.75979677085844,90.85955578589389,89.87275150953798,83.7329928893123,4.018904145974375,False,False,0.0,False,-0.40648615692726864,-0.43061322633730015,0.014789764078159351,True,True,1.0,True,-0.8147042421784749,-1.6151771715176437,0.496452587098247,True,True,1.0,True,9.873368890432138,6.4341857401796005,2.0515225458057103,False,False,1.0,True
8995c945:002,8995c945,558,76055.19438825225,-11.643886200717017,11.674743317099752,-128.05478446163485,128.22291471544804,-267.3118722406064,267.59412365367746,-127.86323823398139,128.03304076568008,-265.6781499605896,265.96212322362214,-134.35159590306048,134.56052465387828,-240.51383958344266,240.82649596717215,-115.0110272521089,115.2732455215545,-172.46137582185108,172.82569751168796,139.25708777897154,130.67500493779153,3.2041590898188588,False,False,0.0,False,-0.19154622765344484,-0.23099538110909634,0.013154381242202362,True,True,0.0,False,6.296811441425625,4.9800108763847675,0.431194793081886,False,False,0.0,False,44.406591360216225,37.762822093633076,2.203407447972495,False,False,0.0,False
8995c945:003,8995c945,296,131527.43928325153,-19.92385641891904,21.079598123256808,-201.24934035891587,201.43875144069543,-408.6001932791591,408.7829987218019,-201.4066290701799,201.59673139753775,-406.9656335643134,407.14917276285075,-219.41539666719262,219.61667755330427,-381.7180938118165,381.9137347476632,-206.54850420184346,206.784225690288,-305.79186532320955,306.0262820426304,207.35085292024317,201.38692356410866,5.117785105674557,False,False,0.0,False,0.15728871126403599,0.12370491919136839,0.029250424893689342,False,False,0.0,False,18.166056308276744,17.005503310936547,1.0127534715666116,False,False,0.0,False,104.54252496429368,99.01677712743367,4.707296135948127,False,False,0.0,False
89969c7a:000,89969c7a,822,147385.82734800366,-13.375479318734957,13.390350746865895,-60.57539979601341,60.851487559635295,-129.49799555166865,130.2156892978286,-60.513741033364866,60.793407175183255,-128.71759735242483,129.43946076673907,-61.356263036407,61.74672181420463,-109.32108606864493,110.16095374235435,-49.24239800114404,49.769297576326316,-66.72495965989398,67.76938102665416,68.92259575565525,56.668069965006,0.7085273002194299,False,False,0.0,False,-0.06165876264854011,-0.11422420384224097,0.0021098953893670114,True,True,1.0,True,0.7808632403935948,-0.9498187512654113,0.06228056597865361,False,True,1.0,True,6.14955986388058,-2.777871900349055,-0.5025528225614835,False,True,1.0,True
89f1085d:000,89f1085d,348,41118.25738250069,-10.853781609195492,10.8699545545821,-1.9459085279803123,2.0622447991135755,-47.06938839009182,47.16058147610133,-1.5713405641563023,1.7106465384107623,-46.20669758938577,46.297813072947655,8.856272422417161,8.870126932281789,-18.01969340253479,18.086720375972423,18.239049435251008,18.260278397851486,6.091853701660867,6.159702092371067,45.1234798621115,41.21701269373989,1.6542039048872539,False,False,1.0,True,-0.3745679638240102,-0.3578807394806063,-0.01597092482370499,True,True,1.0,True,-10.802180950397474,-10.301107112069076,-0.5931089886580594,True,True,1.0,True,-8.03776222964118,-5.2257630715066625,-3.505675604528733,True,True,1.0,True
89f1085d:001,89f1085d,4016,3649863.433311034,-29.009676045816878,30.14681635236176,-42.13128473263726,46.99056020635759,-144.2342453067883,151.07548385060957,-41.77170704208284,46.68464267623196,-143.2042677113788,150.08747943710253,-35.777433780825696,43.28508674250948,-103.4657031828889,112.01729153459203,-9.522875612586205,21.726369925718824,-31.768829567226685,40.674657877861335,102.10296057415104,60.01182573649021,4.1028190024280775,False,False,0.0,False,-0.3595776905544292,-0.40483856408900465,-0.003885113084834302,True,True,0.9900398406374502,True,-6.353850951811566,-11.162464513230589,0.05825886101229116,True,True,0.9900398406374502,True,-10.362455165410584,-9.156638826443668,-0.26028989845508477,True,True,0.9900398406374502,True
8a3da6d1:000,8a3da6d1,2805,10210278.654865293,-54.334477540107095,60.33264490265775,-51.46938247053848,54.45368323594076,-109.98578593897291,117.63770305524895,-51.57194120831925,54.58343811878008,-109.67116045881222,117.33908248026398,-55.37760551968088,59.28126072486975,-99.44510044327247,107.68568388693983,-54.42543979593821,59.04258792445138,-81.0154824444447,89.15336654276386,58.51640346843444,20.290250137994008,2.543739309616285,False,False,0.41568627450980394,True,0.1025587377807824,-0.045471974302927265,0.004763816601553117,False,True,1.0,True,3.908223049142399,-1.1195585769637546,0.20213149339360825,False,True,1.0,True,29.546099973906234,1.1611933290969318,1.208631279576366,False,False,0.6827094474153298,True
8b12bab6:000,8b12bab6,343,47839.89090950076,-11.767801749271227,11.809949221346779,-43.655034554687084,43.66327475807889,-75.22232444021476,75.2693298579677,-43.488074881122714,43.496331928441094,-74.44418166863679,74.49164110893453,-40.444472225726116,40.45445800684856,-55.155217007019736,55.217104480339685,-26.55508075092032,26.566369988153994,-14.890909039983198,14.998749948123066,31.56728988552768,29.840979159673225,-1.9207841206953162,False,False,1.0,True,-0.16695967356436855,-0.17424178642795596,-0.008491301865433343,True,True,1.0,True,-3.210562328960969,-3.4447380532783427,-0.2892339850841381,True,True,1.0,True,-28.764125514703885,-28.951655413606204,-3.172195428305713,True,True,1.0,True
8b12bab6:001,8b12bab6,1201,294428.1152147525,-15.50963405495428,15.657345527094668,-57.18339311694606,57.46337950472669,-105.22392284603283,105.80431129264504,-57.088028107449645,57.37046264359643,-104.44091399964513,105.02557005398812,-56.31992387791533,56.67515197762833,-84.89464053217239,85.60764409624157,-41.5869653405496,42.070495362302964,-37.61571306597492,38.73257672694798,48.04052972908677,43.762154548678154,0.5639854887358524,False,False,0.79766860949209,True,-0.09536500949640998,-0.11282518142797926,0.0020162142118351767,True,True,1.0,True,-0.8634692390307243,-1.4239673283536831,0.06078677060395421,True,True,1.0,True,-19.567680050971138,-20.34458461982649,-0.35807713756366866,True,True,1.0,True
8b5be31b:000,8b5be31b,1106,277913.0958115071,-15.66815189873438,15.851740077429206,-82.47679733955734,82.67459854800029,-200.1198841439645,200.53423179205532,-82.53624732924926,82.73582216064894,-199.3364562033901,199.75240938541617,-88.2090507690784,88.45933070341802,-179.75922285794334,180.21854347589067,-77.48923819342399,77.81565730475897,-131.02045168286224,131.5164264869313,117.64308680440715,107.22243852221618,1.6336356713873101,False,False,0.0,False,0.05944998969191927,0.016704110043065157,0.006304379387074732,False,False,0.9466546112115732,True,5.732253429521069,4.326407532691519,0.20373919624580594,False,False,0.7296564195298373,True,48.54365434330491,40.902589831152,0.8493521660911938,False,False,0.0,False
8bb9c1e6:000,8bb9c1e6,2939,1237794.2201550168,-20.0715855733244,20.522224404450913,-35.23884105941704,36.80001090790136,-95.6598591367981,99.78918125382926,-35.100909608809104,36.68447720620315,-94.90903644286092,99.05900588944368,-33.68251900581229,35.95258990224648,-76.36815628657554,81.11910238450527,-23.50079983822696,25.944481771624538,-41.84924096942057,45.81156173452838,60.421018077381056,27.27187413694628,2.065508642424902,False,False,0.3776794828172848,True,-0.13793145060793094,-0.21716428892250406,-0.00560856596166559,True,True,1.0,True,-1.556322053604752,-4.642520124523799,-0.02945107253981405,True,True,1.0,True,6.610399910003539,-5.6212152406315,-0.6519158257397066,False,True,1.0,True
8c167025:000,8c167025,461,50300.27404125177,-10.44396854663793,10.445631791175444,-1.6245784905871492,2.150066470601966,12.59922576231871,13.16919523284839,-1.7594154716424548,2.231970210997514,12.199428622223126,12.755177377765486,-4.651369866849027,4.733077452071434,3.1378901586265,3.6536822317973563,-6.359470059539661,6.364934682336525,-1.9245722840486117,1.9364176180325194,-14.22380425290586,-10.257056698710585,-3.426103172228977,True,True,1.0,True,0.13483698105530548,0.07295746380441415,0.03506395430122211,False,False,1.0,True,3.026791376261878,2.0163780762522947,0.7140459338497749,False,False,1.0,True,0.2999937934614625,-2.2638940701544925,-0.24351020662106748,False,True,1.0,True
8c167025:001,8c167025,2849,1894648.0494417683,-25.01353861003875,25.78802300247522,21.21294844258133,22.08965677847617,84.87970098594903,85.73690770185301,20.984063654714276,21.87282151349163,83.75574842102661,84.62296573860296,18.846787387958013,19.95147887777987,61.23619732518568,62.34639605018116,2.368890336023927,5.299679047360451,9.832724326918418,10.992656053537186,-63.66675254336771,-44.179345860075045,-2.063119770917183,True,True,0.3046683046683047,True,0.22888478786705152,0.2943631350317446,-0.003813708875895827,False,False,1.0,True,2.366161054623311,4.513041892210822,-0.14989716859417967,False,False,1.0,True,11.38022411566291,14.516929850786255,0.18100099391631375,False,False,1.0,True
8cc21f01:000,8cc21f01,1298,319787.8481767439,15.48104969183344,15.696167771936059,21.199241698696163,21.363499373588255,44.365071197851954,44.87584870271325,21.210863831387922,21.37573154911325,44.24861492385044,44.75752369316931,21.912419416285108,22.104183116352658,39.924090709567004,40.40731253633498,21.6898996545673,21.880921088440303,35.48436449723595,35.811683823394226,-23.165829499155794,-14.840308906163045,-2.222737986541688,False,False,1.0,True,-0.011622132691759214,0.001614700531717972,-0.0015270831827365328,False,True,1.0,True,-0.7131777175889465,-0.10061767519800924,-0.12442102249042364,False,False,1.0,True,-14.285122798539785,-9.720684810441526,-1.383020942164876,False,False,1.0,True
8cc21f01:001,8cc21f01,900,325481.5465484948,18.418625555555398,19.016996682748328,32.79619919115878,33.07464608564584,90.47700633091706,91.02583436030024,32.93138728170183,33.21166534460828,90.32175066690476,90.87144437344467,37.66278539398169,37.99847161776304,84.94873337797215,85.52937289054258,40.14581373946626,40.55090569616835,74.42038130138575,75.00985024343554,-57.680807139758286,-48.02316641953985,-2.2950100003199623,False,False,0.5233333333333333,True,-0.13518809054305367,-0.09644602343541919,-0.00886515352249262,False,False,1.0,True,-4.866586202822922,-3.590443246443101,-0.29086317353358027,False,False,1.0,True,-41.62418211022696,-33.07202026094092,-1.9235709709009825,False,False,1.0,True
8cc800b3:000,8cc800b3,472,67043.97352350193,-11.873724576271366,11.918150728493089,130.02865977569755,130.05277496760004,291.7311201798134,291.7863671479286,130.21129435081795,130.23562128497548,290.5982657719905,290.6537275381956,142.91500196320013,142.94506317377085,267.6775721482554,267.737701259877,130.6560427885486,130.69566800607905,204.3526194210713,204.41838519704007,-161.7024604041158,-155.18988313123373,-4.589043957850663,True,True,0.0,False,-0.18263457512042328,-0.15431769417773467,-0.021177032111154404,True,True,0.0,False,-12.886342187502578,-11.942725284456174,-0.7101412527044886,True,True,0.0,False,-74.32395964537376,-68.69868421161482,-4.054222060723987,True,True,0.0,False
8d5d46d7:000,8d5d46d7,5348,18311409.220033582,-57.31977206432325,58.51472722465102,-52.22737339118993,56.06482806341094,-109.64208732344534,122.13317679912811,-52.247507694233505,56.11428976693243,-109.19227816861003,121.68298815382846,-54.0443499658057,59.017085889998604,-95.7323303495613,108.54736397808293,-49.190991688089284,54.152455179719276,-71.33679202000707,81.36721532259536,57.414713932255424,1.7566674647841864,1.8030501108787576,False,False,0.4661555721765146,True,0.020134303043581346,-0.012767829752192483,-0.008430888043221785,False,True,1.0,True,1.8169765746157784,-0.9911255954430089,-0.4091297338545701,False,True,1.0,True,19.10941862881715,-2.0198152630455297,-0.016953622935034218,False,True,0.7228870605833957,True
8f201368:000,8f201368,2818,1396522.3502125172,-21.203392122072547,22.261450114100438,-44.94178118230454,46.60545318644845,-66.29776082407437,71.00814687166104,-45.00882820806798,46.68160733905055,-66.29776082409272,71.00814687168113,-47.361500561343554,49.358276985163336,-66.2977608248225,71.00814687244548,-49.78166337115297,52.205250924157035,-66.29776082565262,71.0081468734123,21.355979641769846,3.0973865892938193,0.8917262542126991,False,False,1.0,True,0.0670470257634501,7.993195504241157e-05,7.41512376407627e-05,False,False,1.0,True,2.419719379039025,0.05116548044679803,0.030362344117747853,False,False,1.0,True,21.355979643348086,3.0973865894247865,0.8917262542981916,False,False,1.0,True
8f201368:001,8f201368,2282,528259.1803012622,-14.932986634531282,15.214781034241737,-86.90619374096926,87.28958872112312,-177.33650745047728,178.88562925337695,-87.26070077083926,87.64831048919764,-177.33650745050275,178.88562925340221,-98.92413494483304,99.45494482006671,-177.33650745150447,178.8856292543954,-112.94980892723775,113.68555531565211,-177.336507453868,178.88562925675578,90.43031370950803,68.25569150854244,0.6778321634956228,False,False,0.0,False,0.3545070298700072,0.26125376919299015,0.002605137333375751,False,False,1.0,True,12.017941203863792,8.912209075868304,0.08593718312113197,False,False,1.0,True,90.43031371289875,68.25569151165837,0.6778321635392786,False,False,0.0,False
91b301ce:000,91b301ce,5025,11773881.646860436,42.538698507462534,48.40517559363702,-54.658689543396996,56.47884142319413,-145.29490861340068,150.67581521407712,-54.466288009817326,56.296003096122874,-144.18963016499208,149.5988850835158,-56.44176085613963,58.52514491551128,-122.0999328557262,128.08994234798968,-40.6648913495393,42.93998773307086,-72.22312184173501,76.81872797966784,90.63621907000369,27.514292220450443,4.7368647449929995,True,True,0.192636815920398,True,-0.19240153357966386,-0.3720414219496888,-0.012746818059895304,False,False,0.6292537313432836,True,1.783071312742638,-5.179878764269233,0.06956577577693679,True,False,0.6199004975124378,True,17.564432298338026,-10.574875762104057,1.3968749800969817,True,False,0.44159203980099504,True
91db7070:000,91db7070,206,21810.96813650076,-10.288888349514743,10.289727212104228,-2.789966433990557,2.840949555952431,5.287519651884404,5.434342722020481,-2.810664343705681,2.8601672650213494,5.222840434054252,5.367023832082481,-4.02510375591874,4.041101568847432,1.0183301087894048,1.1750782868022858,-4.37673480649485,4.3834808078024565,-0.016783859420030744,0.24023247666052827,-8.07748608587496,-6.683431351862964,-1.9030911099871446,True,True,1.0,True,0.0206979097151242,0.010998655097864685,0.007874710147007136,False,False,1.0,True,1.235137321928183,0.9187141901165887,0.4023951324124937,False,False,1.0,True,-2.773182574570526,-3.0780387016729946,-0.11801318847392395,True,True,1.0,True
91db7070:001,91db7070,129,14015.012202250502,-10.422282945736619,10.423219533512778,0.2263662921906603,0.4354363733815389,11.927588653646513,11.966574231053452,0.17482721727470182,0.4074924973523236,11.760798352574747,11.799173566420077,-1.743964020929687,1.7696300514047578,4.70760257234679,4.7469150020266975,-2.829717998626204,2.836109081589888,1.498728930395091,1.520524279578113,-11.701222361455853,-10.547577313131114,-1.4852219779113511,True,True,1.0,True,0.05153907491595849,0.04477754153049318,0.014708916471136035,False,False,1.0,True,1.9703303131203473,1.847447252181155,0.34156331150370534,False,False,1.0,True,-1.2723626382044306,-1.333668185858187,0.8864367575824872,True,True,1.0,True
91db7070:002,91db7070,3200,9181158.592780797,-50.76945953125014,53.564093012427634,-4.966266202564087,9.644583742263514,51.99660947027825,60.230514491034405,-4.9731077915359965,9.689131384457053,51.538949412407966,59.80419493796863,-3.905031746710463,10.82718023445876,37.984267200089356,47.6894194794146,-8.403217352427022,13.32956159358618,17.04580145536894,27.193379563364726,-56.96287567284234,-12.938643770663475,-1.7707875780815812,True,True,0.484375,True,0.006841588971909118,0.06156770078086993,0.013626787160319509,False,False,1.0,True,-1.0612344558536244,2.1597369807368523,0.25588611863895494,True,False,1.0,True,-22.01206765793303,-0.7162232945429423,0.6702629151786823,True,True,0.7884375,True
9283ae69:000,9283ae69,1829,560819.9116095083,-17.37581738655016,17.51075451172759,-24.580850835531475,25.745777255848743,-54.03203670064902,58.255017940443295,-24.340388250191772,25.501093486040514,-53.23526231926511,57.43121261872358,-20.705780198954233,22.025172509100614,-37.35266998083024,41.29026882815877,-14.496056461181098,15.14370634556271,-19.35448646898041,21.059039364998842,29.451185865117544,7.168378440917877,0.6872179806505301,False,False,0.9573537452159651,True,-0.24046258533970385,-0.08457161481419462,-0.034346483920671744,True,True,1.0,True,-3.875070636577242,-2.1979675645634416,-0.6514328062785353,True,True,1.0,True,-5.226364366551064,-2.418366112426156,-2.677077083664699,True,True,1.0,True
9283ae69:001,9283ae69,807,104012.24552175315,-11.343844485749859,11.352864877164217,-47.884709327911665,48.05342081304716,-121.57741396247015,122.01644110572663,-47.675870359818674,47.847205013380595,-120.46714861435132,120.90943501649161,-47.02677184697798,47.26779273434098,-98.4649236137927,98.9770566990978,-33.029344445386045,33.295468995065924,-56.15346949121084,56.60198183384938,73.69270463455847,63.57230708945099,3.7696604935208597,False,False,0.0,False,-0.2088389680929858,-0.24227090538988705,0.010766147010144778,True,True,1.0,True,-0.8579374809336832,-1.983575939279035,0.39088686686591245,True,True,1.0,True,8.26876016329918,4.117294180081444,1.570468865085786,False,False,1.0,True
9314ff13:000,9314ff13,401,51532.256990001806,-11.312860349127378,11.336197292406903,-15.665441467458814,16.032680878633087,-36.590732925499864,37.26809721230956,-15.458236793934118,15.832173241530029,-35.87707232230557,36.56507332798929,-11.345486089721662,11.955079703254698,-18.421315111049246,19.617274353797225,-2.3078550575009196,4.065072201915848,6.1628599612193335,8.024865436933558,20.92529145804105,15.4121927522865,3.543865942012417,False,False,1.0,True,-0.20720467352469782,-0.2181680455814785,0.004022955894470215,True,True,1.0,True,-4.319955377737152,-4.793540700367885,0.24020433197074453,True,True,1.0,True,-21.82830142867815,-23.892402262263204,1.1479265466823563,True,True,1.0,True
93209a3d:000,93209a3d,569,73887.09417950056,-11.377813708260147,11.395362897700966,-19.445672730575158,19.546102647614063,-21.802593194693646,22.55093102351437,-19.27522906705203,19.372242949178393,-21.337724425192476,22.068764418121877,-15.986696948887513,16.045977823445273,-11.174484877063723,11.700692877958133,-13.546145381876869,13.565227633580653,-4.820188808330042,4.977166656039894,2.3569204641184873,-4.014423428574446,-0.6974425001317286,False,True,1.0,True,-0.17044366352312706,-0.09154626268718857,-0.038822029362563626,True,True,1.0,True,-3.4589757816876463,-2.2667375379078294,-0.761642442403172,True,True,1.0,True,-14.625483922245117,-12.809964956029944,-3.9778087886825233,True,True,1.0,True
93209a3d:001,93209a3d,183,20721.663655000724,-10.636262295082155,10.641105897733558,-31.23575848582207,31.259766495636942,-54.017707144221816,54.09146061709687,-30.932788034280073,30.95694222683585,-53.08947814510834,53.163618886910754,-26.484674553363906,26.51507877248904,-35.048722992854,35.13730132310308,-18.951427610726455,18.974604364019783,-13.952801323425689,14.034801391652763,22.78194865839974,20.20469423841496,3.502479694190697,False,False,1.0,True,-0.30297045154199864,-0.29841021856555017,-0.010456575648277067,True,True,1.0,True,-4.751083932458164,-4.8046763110996835,-0.0013933088976045838,True,True,1.0,True,-17.282957162396382,-17.577499169361545,0.14905311916663777,True,True,1.0,True
93209a3d:002,93209a3d,2221,871333.302180261,-19.585461278703413,19.806962403380393,-79.03079392388909,80.42583380760486,-166.1486388998691,170.23660384779365,-78.89643918855315,80.31124888240443,-165.0280104518442,169.14047135247876,-81.18506856454374,83.16766685497144,-142.64124658740343,147.2749846891047,-66.31580958223628,68.60812790828037,-94.1028783764243,98.8311397888546,87.11784497598,50.578806891759086,3.4387020533686155,False,False,0.01981089599279604,True,-0.1343547353359408,-0.28024125120646204,0.008617134695668938,True,True,0.889689329131022,True,2.1542746406546414,-2.7473157470285514,0.32419000676418364,False,True,0.8329581269698334,True,15.072084452535204,-7.377918991283877,1.1509748355165357,False,True,0.5983791085096803,True
939d9c34:000,939d9c34,1447,389633.91859550704,-16.208191430546105,16.409453311397268,-24.987123211526058,26.018216096796298,-54.01686753070869,57.2250917180017,-24.818460847940553,25.861130187906962,-53.333284865490704,56.559389679253286,-21.6193095489387,23.10125114261484,-36.479095247925066,40.43887280912405,-14.00888348286859,15.49692074903898,-13.599418520280766,17.840086223670607,29.029744319182623,12.448141550341461,2.691150347021903,False,False,1.0,True,-0.16866236358550274,-0.17224326163341175,-0.011480360866698902,True,True,1.0,True,-3.3678136625873574,-4.193088925396296,-0.09893056138025713,True,True,1.0,True,-11.387704691245286,-13.979993324119278,-0.28977555686287815,True,True,1.0,True
939d9c34:001,939d9c34,203,24992.43319924917,11.070416256157447,11.095739474188278,-23.442167130007302,23.45221930138218,-92.55537923057862,92.56825340926558,-23.403854310849685,23.41388135151589,-91.77908897134591,91.79206016209595,-24.74302327292906,24.75209928442049,-72.56825337492995,72.58405742189657,-13.945234479696307,13.961685291455534,-33.647374193049615,33.66508883287653,69.11321210057132,66.72144980770645,3.4431127530897356,True,True,0.0,False,-0.03831281915761774,-0.047744965471792966,0.01354530953176436,False,False,1.0,True,1.3008561429217618,0.9936156695330283,0.4431057323999994,True,True,1.0,True,10.205207063042316,8.781084865360754,2.1391749870981585,True,True,1.0,True
939d9c34:002,939d9c34,472,514138.0547440056,-31.02390042372899,33.00417458007208,-64.74523494240334,65.5733972636731,-136.14947801166235,136.30187910400542,-64.71687488990598,65.5426457762221,-135.36603945263352,135.51931532855392,-66.3185110935537,67.0392436290124,-115.78962596846574,115.96815940339901,-50.93126705059158,51.670961723991425,-67.2575203698565,67.50806827754633,71.40424306925901,78.58809386461326,-2.088902168234199,False,False,0.0,False,-0.02836005249736121,0.0033095682574639795,-0.008449564427792211,True,False,1.0,True,1.5732761511503475,2.640696587086495,-0.2838217468979565,False,False,1.0,True,2.5122854274531536,10.850838262191246,-2.7848334157679346,False,False,1.0,True
93f5d2e6:000,93f5d2e6,1483,2139127.4565599826,34.418596089008595,37.979369924008324,49.94957951002074,52.807278486587634,88.70772613558115,91.39256808734442,49.94368770488521,52.80714010137263,88.39142599694448,91.08388921844472,50.38877306687711,53.40193553664808,78.15064923318513,81.11978823140788,46.43277607183531,49.58644371461911,60.542755739306884,63.571966599249336,-38.758146625560414,-33.59978611315091,-0.7375839479846036,False,False,1.0,True,0.0058918051355216685,0.02019793982981355,-0.0004008504329249263,True,True,1.0,True,-0.4391935568563725,0.03162765657361888,-0.023753335348374094,False,True,1.0,True,-10.593176229286154,-10.54957757482407,0.3844713780199527,False,False,1.0,True
940a48d9:000,940a48d9,442,54520.49267074893,11.081582579185412,11.106283398567507,27.49462371615631,27.581976253711606,46.34267376357529,46.599192743504254,27.44431118525179,27.53234459962255,46.05834083498625,46.31551360758998,26.034875955965205,26.149316180608285,36.71952169312169,37.01368345243535,22.810003370892566,22.932463656574296,25.18443380477425,25.45387714926928,-18.848050047418976,-15.426770920606941,-0.6715457819555013,False,False,1.0,True,0.050312530904518524,0.05776359718947788,0.0020149940901319496,True,True,1.0,True,1.4597477601911037,1.7532822153443703,0.030827902408418595,True,True,1.0,True,2.310189911382058,3.610584223342812,0.6682365721935639,True,True,1.0,True
940e709a:000,940e709a,3139,1795060.1322357643,-23.422680630774238,23.91353845659519,-34.938043670402614,39.103832611058614,-85.61870978018489,95.54974436224497,-35.07572477153683,39.270451147106954,-85.61870978018489,95.54974436224497,-40.51667128992551,45.63698116260401,-85.61870978018489,95.54974436224497,-45.09783694807765,51.35730061651127,-85.61870978018489,95.54974436224497,50.68066610978226,6.75391712601413,3.7918495947833435,False,False,0.5782096208983752,True,0.13768110113421078,6.190317799337208e-05,6.187867074913811e-05,False,False,1.0,True,5.5786276195229005,0.09266977120023512,0.08268063453942887,False,False,1.0,True,50.68066610978226,6.75391712601413,3.7918495947833435,False,False,0.5782096208983752,True
94467f50:000,94467f50,1083,251934.0132167544,-15.17662373037871,15.252083496525955,-26.550268309963563,26.86163659015304,-61.86970360860587,63.00112506170237,-26.374826100942524,26.690642496101006,-61.15910486623338,62.29669013474246,-23.243881608668598,23.722203163538367,-43.736476979219475,45.1040811344867,-15.104783420016458,15.545195401132883,-18.784347472960633,19.977494808291507,35.319435298642304,25.377293167404787,1.045118061989342,False,False,1.0,True,-0.17544220902103477,-0.18321249475411605,-0.008154175726303947,True,True,1.0,True,-3.306386701294964,-3.8781491043246206,-0.13304802981110697,True,True,1.0,True,-7.7659208370029305,-8.052653332513728,-1.6472775654783618,True,True,1.0,True
944f36b9:000,944f36b9,324,36985.39456500165,-10.681188271605174,10.68421510271654,5.161404161626386,5.238690769669552,32.353210822968265,32.4479377975091,4.869697169783918,4.9503402025005245,31.448519245905594,31.543386182639402,0.12596340189267924,0.8527824475222314,13.83217686875558,13.955002520433757,-7.129808329341931,7.135903406962008,-6.04043594601686,6.041698749744213,-27.19180666134188,-24.137705203336736,-3.4967662850121997,True,True,1.0,True,0.29170699184246757,0.2785800541532808,0.015465722650333191,False,False,1.0,True,5.0354407597337065,4.94056445581009,0.08324532102597004,False,False,1.0,True,11.201840107643246,10.07677748266724,0.002813396593410289,False,False,1.0,True
94d813a4:000,94d813a4,670,80951.09107774892,10.982724626865597,10.99192994867781,-14.192404632828739,14.905819966082097,-60.289293577823784,61.25185878404428,-14.198997290493395,14.91877501888013,-59.99617904021411,60.96149991619104,-15.186257569066806,16.091685876984787,-50.430906385409216,51.51894468749134,-13.198297598639204,14.295185639144611,-37.75373615021125,38.84264385940413,46.096888944995044,35.34397452750636,1.807877453187757,True,True,0.9194029850746268,True,0.006592657664655981,-0.028654767578700557,0.002415131511952495,True,False,1.0,True,0.9938529362380674,-0.26982185481028864,0.11731011081064935,True,False,1.0,True,23.561331517382516,15.871449695825504,0.49042540948175883,True,True,1.0,True
94d813a4:001,94d813a4,1952,388936.377530242,14.011968493852311,14.11560106431484,-7.402177425105138,8.755614023249542,-93.17964825914987,94.3373285245368,-7.569543214789818,8.901128623270658,-92.85731639548223,94.0184259746888,-13.808244279836845,14.768151218990129,-82.39826886821692,83.67934507239457,-13.99167459053021,15.153763653037332,-62.05327200589027,63.255181012541335,85.77747083404473,59.004119190751226,4.539788018679246,True,True,0.0,False,0.16736578968468005,0.0547093917739403,0.018382246655164636,True,True,1.0,True,6.406066854731709,2.6533909162335476,0.624958335663905,True,True,1.0,True,54.651094580785134,33.29285242410515,3.5728608016779617,True,True,0.1552254098360656,True
96936c22:000,96936c22,295,47235.88047650084,-12.620803389830616,12.65391752517382,-35.52990894541347,35.55420074621379,-81.10537198263998,81.1693799359113,-35.61777263127485,35.64226697860218,-80.95135753133432,81.01547095051947,-38.745559421110684,38.776809038985505,-75.63340824671116,75.7013311183783,-39.71427395562741,39.753458725280666,-66.00869403230327,66.07632867010499,45.57546303722651,43.25621434372806,0.3773385627591779,False,False,1.0,True,0.08786368586138528,0.07849682336018304,0.0011513894132804126,False,False,1.0,True,3.2156504756972164,2.9071260581040406,0.03565803517631139,False,False,1.0,True,30.478785086889808,28.57273549311867,-0.010499925305339275,False,False,1.0,True
96ae5806:000,96ae5806,769,114858.4956632452,12.142083875162296,12.221327776391735,122.98890101623532,123.03211868782957,288.34226521091693,288.40793129442255,123.3458040506677,123.3891805249241,287.55830903488214,287.62415409841185,137.2854383828601,137.3332464473173,267.91977201010525,267.99044085243077,134.66785943768346,134.72823664110607,210.79776421272686,210.8835548307411,-165.35336419468157,-162.1045615270723,0.7633357504637388,False,False,0.0,False,-0.35690303443236726,-0.3439433702133101,0.0029387361009867163,False,False,0.0,False,-14.296537366624763,-13.867403295944314,0.0969814058571501,False,False,0.0,False,-87.80886319649157,-84.81831075775881,0.8631568202545168,False,False,0.0,False
96b7eea1:000,96b7eea1,575,106190.16463725212,-13.531346956521881,13.589648530967278,-67.55075469542723,67.67350407003012,-148.7334925834915,149.03688276524255,-67.27543697601799,67.39931172140184,-147.69332864643005,147.99880453028752,-64.93704755372441,65.13567807010116,-106.92897287346864,107.33559871786734,-38.4386733840759,38.71243524183112,-31.230505524208052,31.99692822464722,81.18273788806427,71.12597992190422,4.85969154779923,False,False,0.0,False,-0.275317719409229,-0.29466094402232557,0.009403691889019683,True,True,1.0,True,-2.613707141702806,-4.505122715074322,0.9165725335715251,True,True,1.0,True,-36.320249171219174,-41.78509845287044,2.6011167052729434,True,True,1.0,True
974802e7:000,974802e7,253,30926.021175000715,-11.049964426877597,11.056095054125242,-45.914670124577974,45.92572725375629,-97.06000892519347,97.13596695064278,-45.31306038454014,45.324505310025415,-95.44999372851899,95.52710411480922,-40.27635430084769,40.300285205056475,-71.1922161613421,71.2905985302312,-16.616744517710398,16.651841140009275,-21.464208783601855,21.63387966862123,51.145338800615505,46.274648525341036,1.710870654678729,False,False,0.0,False,-0.6016097400378396,-0.620844972492705,0.003952499750084826,True,True,1.0,True,-5.638315823730283,-6.303403505753522,0.1404452453552949,True,True,1.0,True,-24.45046134097612,-27.303678422855228,-0.48300384657341056,True,True,1.0,True
974802e7:001,974802e7,2496,1513477.253088016,-22.3181662660258,24.624400073129596,-81.8574410304258,84.22483858438933,-159.36409760288217,161.59663041125557,-81.3634911191578,83.75186596712359,-157.7322800180472,159.9871204311829,-79.76978240334336,82.43684540383437,-132.66052941285366,135.30454481797747,-51.94242239983433,55.44950504821223,-66.99718777235263,70.30619824150857,77.50665657245635,61.78586834819362,2.404547088794061,False,False,0.0,False,-0.4939499112680214,-0.5600617226828035,0.008382663836528081,True,True,1.0,True,-2.0876586270824613,-4.2409154503020545,0.2721411845741386,True,True,1.0,True,-14.860253258073184,-18.927029036911335,0.6467891862994293,True,True,1.0,True
97cd5bf9:000,97cd5bf9,2368,5638325.717982784,-44.46002132601367,48.79600098354344,-31.573740117933994,35.368028687519214,-75.42786581322412,80.48855273959175,-31.500882291924256,35.31420470855001,-74.96882187344949,80.03751530451127,-30.310464935666324,34.72524745289686,-61.44517649369079,66.95438280812213,-24.9801469485831,29.411048070402458,-42.04552678578423,46.46007605698523,43.854125695290115,22.44396598360254,2.6161057861027075,False,False,0.8146114864864865,True,-0.07285782600973482,-0.07802574027664377,-0.009533155391181936,True,True,1.0,True,-1.2632751822676698,-2.253290515831395,-0.09687890075838368,True,True,1.0,True,10.471786667850244,6.278671881516857,0.1996564830023999,False,False,1.0,True
98177ced:000,98177ced,1741,387401.83728649054,14.542475014359379,14.916998720422788,8.034931910376399,8.415399195776862,16.967560844767867,17.382639266150473,7.9197357382562314,8.320149450100049,16.60595067696283,16.98997166904965,5.029433096906006,6.183016671366329,6.530817423037304,7.033998886277576,2.0042608503049135,6.125246425101481,-1.7676391118881867,8.868064974407467,-8.932628934391467,1.6496352628200839,1.6220745250848267,False,True,1.0,True,0.1151961721201674,0.0005206847326917341,0.0005206847254157765,True,True,1.0,True,3.0054988134703926,0.1771000604276196,0.17706815901874506,True,True,1.0,True,9.802571022264585,2.2037206580080237,2.1760799202620547,True,True,1.0,True
98177ced:001,98177ced,871,121304.28652924544,11.797126865671421,11.801276786343173,32.988819216986094,33.13443120891347,86.05683734307316,86.48576089780885,32.89068459433846,33.03881566520865,85.27438391874547,85.70715514988855,31.95446866981854,32.18290822211813,65.76623344086852,66.32088605085328,19.08740782259959,19.503475744873832,20.06760937323771,21.277207328587494,-53.068018126087054,-43.14092827802051,-2.8315279893940897,False,False,0.7543053960964409,True,0.09813462264763693,0.1382626452104887,-0.011226652781260782,True,True,1.0,True,1.0343505471675627,2.346445402075915,-0.3650383286494616,True,True,1.0,True,12.921209843748391,20.014027881568836,-1.8502971942689328,True,True,1.0,True
9896fc0b:000,9896fc0b,206,23129.86410999949,10.592485436893087,10.596267915538073,32.84985068642403,32.86291511075937,73.68398058252339,73.72777453486542,32.97415004439092,32.98735436724616,73.68398058252339,73.72777453486542,37.68266258050803,37.70028669854918,73.68398058252339,73.72777453486542,41.661498774235916,41.68593786423054,73.68398058252339,73.72777453486542,-40.83412989609937,-38.38999351932762,-1.855910555283117,False,False,1.0,True,-0.12429935796689216,-0.11408436808233091,-0.007294736849871697,False,False,1.0,True,-4.832811894084002,-4.492707457222423,-0.24137250779313035,False,False,1.0,True,-40.83412989609937,-38.38999351932762,-1.855910555283117,False,False,1.0,True
9896fc0b:001,9896fc0b,1050,1146032.5016154938,30.661564761904668,33.037244518090326,62.71246535206178,65.07070338131923,121.33517142857056,123.8797592879397,62.913137793046964,65.27285436691821,121.33517142857056,123.8797592879397,70.09578532052073,72.48469697352598,121.33517142857056,123.8797592879397,77.16361407228283,79.66138604844213,121.33517142857056,123.8797592879397,-58.622706076508784,-45.761831464371426,-4.4694717620277515,False,False,0.38285714285714284,True,-0.20067244098519343,-0.14655543907065294,-0.02047174988183542,False,False,1.0,True,-7.383319968458972,-5.580322716028604,-0.6886158039269503,False,False,1.0,True,-58.622706076508784,-45.761831464371426,-4.4694717620277515,False,False,0.38285714285714284,True
992ce078:000,992ce078,644,94546.75162225249,-12.083025621118175,12.116588881426575,-7.06965812924065,7.249704920460571,-20.8329906125938,21.677056734527838,-7.022784539733922,7.204985569417953,-20.61113609956303,21.456226065443758,-5.638885517988289,5.946105399572705,-12.711066631620591,13.7896948361929,-3.6989368346035714,4.071484291017013,-5.743981777112562,6.9102686435515395,13.763332483353151,7.397590204374865,0.7669679303162411,False,False,1.0,True,-0.04687358950672691,-0.048825291867615306,-0.007456248571543256,True,True,1.0,True,-1.4307726112523602,-1.736815207190375,-0.1477121035404707,True,True,1.0,True,-1.3256763521280874,-3.837898440897334,-0.873760569440492,True,True,1.0,True
99529c45:000,99529c45,399,79612.70339050077,-14.045553884711847,14.125529545422303,-50.984248625075224,51.04962481008083,-150.26659902434093,150.33883148430886,-51.24470723781734,51.31015711791453,-150.1099196155876,150.18222723532452,-60.298901374963634,60.366261885152205,-144.65030456382837,144.72531113197542,-66.35437605914639,66.4289933421205,-131.18159814543878,131.2608382789981,99.28235039926574,95.9371369433884,1.706144956226126,False,False,0.0,False,0.26045861274210974,0.24713458191035897,0.006707505302983918,False,False,1.0,True,9.314652749888396,8.874103322916199,0.2213433885772247,False,False,1.0,True,80.19734952036355,77.03051927215347,1.5803113955280423,False,False,0.0,False
995ff498:000,995ff498,514,122786.60373799776,15.204118677042663,15.455887003664156,-30.44004425753079,30.440291501547257,-107.4217997645546,107.43470963978197,-30.426540891896366,30.42678710991185,-106.63943466624453,106.6524324622755,-32.63579566586729,32.636617777939314,-87.13853083412263,87.15392930285387,-21.712924350048027,21.71357040898854,-41.78994091054791,41.796871209578356,76.9817555070238,73.58626021186137,1.9296260510927823,True,True,0.0,False,-0.013503365634423546,-0.02655373750894796,0.00736930323728302,False,False,1.0,True,2.1957514083365,1.774811274928652,0.23735734216825222,True,True,1.0,True,11.349896653017126,9.627007376086112,0.9983909817219683,True,True,1.0,True
9a95e33f:000,9a95e33f,146,24093.56351200055,-12.758356164383706,12.846182608714626,-56.34776260190149,56.385137605197876,-171.97741808982968,172.00170408852614,-56.649896738425625,56.687194782901315,-171.6503559526249,171.67468820013323,-66.90723598818886,66.94223383799037,-160.9499904711438,160.97593579237423,-70.60112354832732,70.63793695697186,-133.17916923073506,133.2094299272167,115.62965548792818,114.17895355688233,2.40014246717692,False,False,0.0,False,0.30213413652413007,0.2962879376646015,0.009611126575691742,False,False,1.0,True,10.55947338628737,10.365870025101685,0.31801949861437606,False,False,1.0,True,76.83140662883358,75.46961166323308,2.2345890362812497,False,False,0.0,False
9ab94eeb:000,9ab94eeb,598,91971.10045700276,-12.37564715719082,12.401525182459423,-12.234749074688196,12.3561697136106,-20.68505696173692,21.37082325773077,-12.106681579930571,12.226130375814133,-20.29203509727859,20.969118538795286,-8.942676646221479,9.055829537540541,-9.236130786585685,9.930503523371337,-6.1764347878763095,6.213472248543893,-1.5847576510887942,1.9896519425224084,8.450307887048721,2.958993976437341,0.2958495121638407,False,False,1.0,True,-0.1280674947576249,-0.08200148084142711,-0.025399506692338036,True,True,1.0,True,-3.2920724284667173,-2.5908371198020177,-0.5540887026290875,True,True,1.0,True,-10.6499914235994,-8.835953637917555,-2.765245194441377,True,True,1.0,True
9ad5410a:000,9ad5410a,1533,1192204.869240255,-27.577977495107707,27.887165123588726,-63.573313755805955,64.00354574767793,-155.6223027507655,156.6624412619104,-63.66134232358206,64.09554866617827,-155.10131361758496,156.14433967333613,-68.24778789632865,68.80556438258739,-139.96887794519168,141.0983754043101,-63.049216601979616,63.679865819377966,-110.21644590252106,111.2085419943782,92.04898899495956,76.46929892998014,4.599115564371459,False,False,0.0,False,0.0880285677760988,0.027502266735609737,0.017989502599448315,False,False,1.0,True,4.674474140522698,2.6917244909418514,0.6114496905101987,False,False,1.0,True,46.64313214671512,37.300137005981014,3.25765296298232,False,False,0.0006523157208088715,True
9ae248be:000,9ae248be,4154,977696.9990232658,-14.666153225806582,15.341537818118596,-63.66790178957218,72.36885392242417,-152.70083763051264,167.30222058143477,-63.637536272414344,72.39957782305966,-151.96860329818568,166.60755504659625,-66.06041597354817,76.58194742143714,-133.7846451607573,149.48258035292528,-56.748346939318886,67.67079101870874,-99.33008016093557,113.46894696250713,89.03293584094047,23.189193714533758,2.1622114655383484,False,False,0.202696196437169,True,-0.030365517157847383,-0.15357371895152028,-0.017448719167077797,True,True,0.6564756860857005,True,2.3925141839760116,-3.704196270849934,-0.24251163954249932,False,True,0.638180067404911,True,35.66217837136338,1.3158203797156602,-0.9465680118173623,False,False,0.4215214251324025,True
9b9e3b49:000,9b9e3b49,396,49689.898415501215,-11.18057828282842,11.201765104361272,-60.01484146480963,60.04656180969347,-136.25561993658675,136.3328086785181,-60.1943705556071,60.22632829119891,-136.10192275817246,136.1791780790643,-66.70582692574523,66.7452033802783,-130.79623602630042,130.87579309492762,-70.57863186262718,70.62584801959312,-121.32293069259428,121.39786877476371,76.2407784717771,71.63545161616094,3.222952054542475,False,False,0.0,False,0.1795290907974766,0.1610219795111334,0.013020691601923318,False,False,1.0,True,6.690985460935598,6.080328002184615,0.43090550518718373,False,False,1.0,True,61.308089227784656,57.27768403113623,2.815229552124947,False,False,0.0,False
9b9e3b49:001,9b9e3b49,771,112596.93304074548,12.044275616082764,12.084706064915922,-69.07210742549152,69.1478294646325,-188.5755699433751,188.77244818282682,-69.44592023781647,69.52225899283548,-188.4190684239881,188.61610624982362,-82.26518704938714,82.3608427546999,-182.9765817293953,183.17916291958875,-92.25380150061858,92.37513093004988,-170.61958272822744,170.8218264132085,119.50346251788355,109.4428734286048,5.1450947770408675,True,True,0.0,False,0.37381281232493213,0.33132743918213237,0.025962143188735354,True,True,0.8560311284046692,True,13.193079623895606,11.781635781775549,0.8815907627758861,True,True,0.0,False,101.54747530273593,92.05974515111848,4.924239800724536,True,True,0.0,False
9c350a6a:000,9c350a6a,4394,4110617.139201461,28.348977924442273,30.586056613625924,10.063009597223434,14.735592781315756,58.903069603595135,62.7471240057918,10.118053201183256,14.793193170990461,58.5859180215505,62.4451368329202,12.236647396325496,16.95622496627726,48.24992580199544,52.70152212637854,9.2479055747934,14.647110602631228,27.55688663693046,31.95343735080873,-48.840060006371694,-16.03334121639091,-3.882580336587125,False,False,0.6042330450614475,True,-0.05504360395982306,0.05106476741821098,-0.008321502220496768,False,True,1.0,True,-2.173637799102063,1.4819626239386707,-0.35755074082953797,False,True,1.0,True,-17.493877039707026,1.7392190276295878,-2.4801819242875354,False,True,1.0,True
9d3ec64c:000,9d3ec64c,601,105272.90893299748,13.141668885191194,13.234912543657602,22.741296825627696,22.85489940649896,38.94890120137138,39.51391191581869,22.696116242790584,22.810137334375096,38.75558989823319,39.31809709425423,21.303962847749258,21.450630976632585,31.4948952038346,32.04791844846261,19.694423923527303,19.830661760046446,25.940197718024844,26.335260296606688,-16.20760437574368,-9.666147256246404,-1.396633376898535,False,False,1.0,True,0.04518058283710904,0.04387542600125016,0.006951491379368235,True,True,1.0,True,1.4373339778784386,1.6805511377988296,0.12084898350440199,True,True,1.0,True,-3.198900892397151,-0.4081075378690002,0.2680376106090989,False,False,1.0,True
9d3ec64c:001,9d3ec64c,542,75182.609976498,11.676559040590245,11.777661165938856,32.92458202838872,33.106079510824436,67.70966968680986,68.13258960101516,32.91384705253519,33.09662084919618,67.42951524719302,67.85288676814399,33.04782910990933,33.276440103255666,58.19127898776972,58.64550143788059,31.067044828478142,31.308945087532955,47.05817714709574,47.451047007204906,-34.785087658421126,-27.624584967790724,-3.495074632786782,False,False,1.0,True,0.010734975853528075,0.029869145393604413,-0.007177571902502677,True,True,1.0,True,-0.12324708152061158,0.6036475262171734,-0.3078900969867391,False,True,1.0,True,-14.133595118707019,-9.649488155379004,-2.1024569463606895,False,False,1.0,True
9d4272e3:000,9d4272e3,217,38737.39743125063,-13.253891705069238,13.360888900733546,-30.217906449502802,30.268834929010755,-40.39662741734452,40.51820472964471,-30.112726970106543,30.163803464167525,-40.02857224170122,40.15020030291385,-27.379692430532508,27.43786549697149,-28.626401595321727,28.766844817882887,-23.914051265503705,23.972970315199653,-18.326783740999186,18.456294021900955,10.178720967841715,7.467233947398199,1.6455290734284063,False,False,1.0,True,-0.10517947939625892,-0.10360423612291925,-0.007569724117274745,True,True,1.0,True,-2.8382140189702945,-2.930942093469639,-0.09816304180822044,True,True,1.0,True,-11.891122708503614,-12.72932638727616,-0.6634842069597653,True,True,1.0,True
9d4272e3:001,9d4272e3,2307,757455.2595745105,-17.357372778500352,18.119854061654376,-49.90026401138398,50.82954055708888,-91.28827246596904,93.19725147861698,-49.85413935534217,50.789425253081966,-90.7856070146903,92.70024580656744,-49.728377602107955,50.84387632049384,-76.19386405230311,78.30756501702393,-42.87973114587498,43.91937772342611,-51.08956308838991,52.60792246296135,41.38800845458506,21.64628632939275,4.58436692741634,False,False,0.8855656697009102,True,-0.04612465604180968,-0.09460442928138946,0.006571314494067337,True,True,1.0,True,-0.17188640927602825,-1.9988973037907272,0.3730184724627179,True,True,1.0,True,1.1892990770059264,-5.522089237460023,2.5730140735322493,False,True,1.0,True
9da441ba:000,9da441ba,205,24973.554790998885,11.019326829268042,11.037310292488723,37.260593969815005,37.319493251516946,103.1540961908288,103.18606806409652,36.84002760865602,36.8996048030266,102.12932527651817,102.16157160989202,26.38066645303946,26.463631642294114,63.61519262311686,63.65909854681143,3.9067050220446484,4.230252005436232,7.546951399572226,7.637275960039702,-65.8935022210138,-65.45236126672353,-1.6437988755333208,False,False,0.0,False,0.4205663611589776,0.4201577413277846,-0.0008803700839052908,True,True,1.0,True,10.879927516775544,10.81353776002652,-0.07116303656039236,True,True,1.0,True,29.713642570242776,27.690447811066406,1.6062332521196367,True,True,1.0,True
9da441ba:001,9da441ba,2466,544210.9511732407,14.647673763179103,14.855494137586732,68.24474158162087,69.33709104825846,180.20503400489065,182.92880653415088,67.90482183167681,69.00885334368435,179.1643542006417,181.90337286025118,65.14528712087831,67.0218508669901,138.16827401160768,141.59181179325117,36.42570605985224,39.18368937543601,56.81708600944529,61.00812827422173,-111.96029242326976,-76.30625178074115,-3.4711214068938716,False,False,0.0,False,0.33991974994407337,0.40542423808801686,-0.005409478819274227,True,True,0.7064071370640713,True,3.099454460742572,9.472918259158178,-0.5035124637870467,True,True,0.7064071370640713,True,11.427655572175588,28.349248421949596,-0.7946291054995527,True,True,0.7064071370640713,True
9dede370:000,9dede370,143,17456.497529249507,11.039017482517329,11.048683600115043,-19.547088651792823,19.63795016156215,-42.28295191517962,42.3233115148401,-19.445368938895562,19.536457568938374,-41.86861383260189,41.90906857262766,-17.124086466303897,17.22107231793453,-29.48184686180421,29.53033210318392,-13.074775722835009,13.175027043261574,-16.476137185597857,16.522197124030992,22.7358632633868,22.858249312435873,0.8070320216720575,True,True,1.0,True,-0.10171971289725973,-0.09683178761952149,-0.006421135782147758,False,False,1.0,True,-2.423002185488926,-2.303293900178687,-0.11658764991443604,False,False,1.0,True,-3.070951466194964,-1.8133499045598,-1.3227685935671616,False,False,1.0,True
9dede370:001,9dede370,1004,312658.1545190059,-17.388709163346775,17.646883705090875,-78.36569441876985,78.46001526477068,-152.8682106236001,153.26407016969756,-78.43397730341403,78.52943794532824,-152.34304156585353,152.74015653324915,-81.86410809938103,82.00014634340073,-137.0405954087176,137.47606285243236,-75.89563008862687,76.06388209290687,-104.59884345717322,105.01176881698134,74.50251620483027,63.2237995593041,0.7932590463642555,False,False,0.0,False,0.06828288464418304,0.021265918268909445,0.0025050845833902713,False,False,1.0,True,3.4984136806111867,1.9556755098965368,0.07634457271888095,False,False,1.0,True,26.233149038403376,18.16692208362474,-0.18948761956016824,False,False,0.9083665338645418,True
9dede370:002,9dede370,246,27004.85470850097,-10.473479674796936,10.477396248514129,-85.12817169294499,85.13247707457315,-185.40164859100426,185.4167811095956,-85.3103820884762,85.31473852119527,-184.87408100376948,184.88925592943323,-92.41063590468556,92.4166589859752,-169.43017847397354,169.4466654382573,-88.42139445648704,88.42923165290804,-132.62290400292088,132.63949936595336,100.27347689805929,97.95223026674284,3.003327658156195,False,False,0.0,False,0.1822103955312305,0.1728711274517991,0.0124117410814506,False,False,1.0,True,7.282464211740587,6.975415193504887,0.40928850658019655,False,False,1.0,True,47.494732309975895,45.649551694919865,2.470504282597176,False,False,0.0,False
9dede370:003,9dede370,872,261261.22595775424,-16.51097419724787,17.309289345838987,-99.52395785846082,99.65183935962867,-220.97228533994294,221.2083162609138,-99.7923059294265,99.92089580850362,-220.44432796365098,220.68092224763973,-109.65168947572977,109.80162736355058,-204.95966802377586,205.2139018923588,-107.68350128343923,107.86934455652653,-164.9707006602906,165.2524995962763,121.44832748148217,113.39220030226352,1.4026876589432504,False,False,0.0,False,0.2683480709656912,0.23572915210934298,0.005484287326908088,False,False,1.0,True,10.127731617268953,9.049116420112114,0.18002711775625357,False,False,0.6513761467889908,True,65.44674280182977,58.45541980721828,1.0342291870583722,False,False,0.0,False
9def2eb2:000,9def2eb2,1265,524056.8917359926,19.52795415019747,20.353727489484566,37.60303003792002,38.23900912614824,91.61486578013684,92.45746668836121,37.64353356744836,38.281864496738976,91.30139538943158,92.14576217236302,39.57351171733446,40.28353261800087,81.15498106131447,82.0654638974967,37.36402770879864,38.086441617007765,64.49728801551865,65.27181515590179,-54.011835742216824,-43.23563072311845,-2.975688806778635,False,False,0.7090909090909091,True,-0.040503529528345274,-0.002892865237299702,-0.008775683241765364,False,False,1.0,True,-1.9704816794144437,-0.7030840919524053,-0.3105657160322153,False,False,1.0,True,-26.894257977598638,-20.747439896938886,-1.8217697841246263,False,False,1.0,True
9def2eb2:001,9def2eb2,1879,740571.3478944891,19.10272112825956,19.852722071627035,63.51222101133741,64.083676870446,166.96164588258364,168.44695943688276,63.762092071181264,64.33877381924715,166.63484347340253,168.12301297958984,72.42479703925943,73.17573353611219,155.9617534997725,157.54782642898482,74.16378550011312,75.15967704200517,130.52231535327772,132.212496646509,-103.44942487124624,-84.79291711334554,-2.376437501003238,False,False,0.0,False,-0.24987105984384153,-0.16934682088140107,-0.009400682523846626,False,False,1.0,True,-8.912576027922013,-6.235427425983289,-0.30787533735383477,False,False,0.8579031399680681,True,-67.01009434194032,-50.859118109730844,-1.9129902332661004,False,False,0.0,False
9df1b1f9:000,9df1b1f9,3870,1644056.9561480249,-20.358587596899383,20.61118431583441,-44.5997261579082,47.960542925932714,-93.58223211966674,104.26904594709784,-44.49209128624249,47.888287929086836,-92.883448967781,103.5990742529115,-43.440233146829385,48.0576396994089,-75.44730842489498,87.17162462998701,-35.01927046576,39.5605235939624,-45.16433580628341,54.98760098029226,48.982505961758534,3.4956739127192122,2.6844398477005598,False,False,0.5604651162790698,True,-0.1076348716657064,-0.12380913063134358,-0.02271734606983955,True,True,1.0,True,-1.1594930110788153,-3.6508492666034726,-0.376784495467291,True,True,1.0,True,0.5646096483752094,-11.372065925248535,-0.46141773391718743,False,True,0.9470284237726099,True
9dfff011:000,9dfff011,1390,234138.0721730037,-12.914892086331033,12.978623048673962,-28.39237503813328,28.448874728882792,-69.98591804252243,70.23371830192234,-28.417009190637778,28.474399975935956,-69.66201931220274,69.91078584546126,-29.49243927521976,29.5809215202531,-59.14704069806926,59.430518521526565,-25.398451236727478,25.49471265605464,-38.203795420794705,38.4372251868936,41.59354300438913,31.840969526610934,-0.7770919195008901,False,False,1.0,True,0.02463415250449347,-0.01361810016896925,-0.003766330306461896,False,True,1.0,True,1.1000642370864802,-0.14653791609453037,-0.12807825658819638,False,True,1.0,True,9.811420382661423,3.5391382524048822,-1.5880850784578797,False,False,1.0,True
9e3e364d:000,9e3e364d,1328,201631.03942974625,12.29354028614446,12.321956093909384,26.476964416567345,27.10071889038883,65.6278904582351,67.23493961934584,26.1572862109616,26.787465906259776,64.63298180991232,66.24609658843455,21.948171245850496,22.787909550643707,45.22107447905126,47.02533121336628,11.7361813930462,12.368432936561723,18.07019240221695,19.159812341491083,-39.15092604166776,-22.53709537107352,-1.2886381491844077,False,False,1.0,True,0.3196782056057458,0.2934291304081853,0.01951297606137814,True,True,1.0,True,4.528793170716853,4.926632757646075,0.2897773705954023,True,True,1.0,True,8.406772014350398,9.340468236958259,2.2952290730172535,True,True,1.0,True
9e3e364d:001,9e3e364d,889,143200.6398579962,12.651220472440778,12.691752627874127,48.118072297509784,48.17032345989817,122.3729457652354,122.70737672616436,47.88470592403547,47.938220692169395,121.24612850904815,121.58345180395463,46.91309849052297,47.011228011547246,98.66834325205613,99.07164311523664,30.685949855624003,30.817099088968927,48.292672604194124,48.73079441468085,-74.25487346772562,-64.74534164617762,-0.7225453491355438,False,False,0.0,False,0.23336637347430145,0.27172957841321477,-0.0016862559168657754,True,True,1.0,True,1.2049738069868148,2.4551997291800944,-0.04923752076319943,True,True,1.0,True,-0.17460030668434492,4.629582150028,0.8758339703654201,False,True,1.0,True
9efc812e:000,9efc812e,623,80416.84266400151,-11.357703049759337,11.361338137564866,0.17104205616549495,0.6411630730646041,17.273334157924747,17.27442733429046,0.11359467783440895,0.6251395070752792,16.966148717386556,16.967201578561664,-1.3907176800124532,1.4835023564941288,7.021026112241938,7.021551993450616,-5.9910433598658175,6.017800364237156,-7.8532909608362464,7.942842980296621,-17.10229210175925,-17.472227684180325,-1.0846357146147056,True,True,1.0,True,0.057447378331086006,0.05170939166964672,-0.0015476587013836252,False,False,1.0,True,1.561759736177948,1.381736429693774,-0.06464224266892415,False,False,1.0,True,8.02433301700174,5.181892454267654,0.059914122175541706,False,False,1.0,True
a056d01e:000,a056d01e,402,105957.41491574864,15.982757462686457,16.23501336600619,84.81439583558279,84.8531513761255,190.17994047947553,190.227650899134,85.00562498885206,85.04449467365816,189.65194241446957,189.69978551760624,92.25150067337317,92.29351436701928,174.16057937693856,174.2126521414585,87.8118512234017,87.86207105433193,133.14716645027582,133.2087907113938,-105.36554464389278,-102.67328062660454,-1.09101923560047,False,False,0.0,False,-0.19122915326929457,-0.18067024591073277,-0.004220581122353906,False,False,1.0,True,-7.437104837790395,-7.088740881794365,-0.13882115283195162,False,False,1.0,True,-48.33277061469307,-46.0128904100784,-0.8301761975799309,False,False,0.0,False
a08d9e63:000,a08d9e63,333,46925.45133150078,-11.751468468468572,11.870858067796451,37.11781710900378,37.22802655776309,98.27402826275593,98.50249931972607,36.78205287561586,36.893843848479605,97.23753128560658,97.46836002586949,28.841980725168593,29.06576341229414,57.18479183649381,57.55660590114804,2.0837475972364827,3.5879923779438054,-10.293500131308248,11.400805272383407,-61.15621115375217,-54.557394696459596,-4.832750021058018,True,True,0.0,False,0.3357642333879224,0.34849716392636765,-0.008556229044188512,False,False,1.0,True,8.27583638383519,9.518096656451235,-0.8277352669665561,False,False,1.0,True,47.41131724031203,50.80732893320237,-2.1919962078736717,False,False,1.0,True
a0e92ed6:000,a0e92ed6,222,29825.313417499223,11.571522522522377,11.590869623862737,-42.26382273804987,42.264344867022686,-147.28546167342697,147.2912088871794,-42.57462478249121,42.57512077489063,-147.128897874819,147.13465105037292,-53.27610882947688,53.27629019470846,-141.68154243205487,141.68750266211296,-61.35524023162698,61.35586648427249,-129.11295418181925,129.11869739262465,105.02163893537708,102.27836295923044,3.4944028361733217,True,True,0.0,False,0.31080204444134396,0.2993600784429873,0.01477093998255441,True,True,1.0,True,11.012286091427011,10.632515072114984,0.49087743606105505,True,True,1.0,True,86.8491314437694,84.2520878933883,3.313634062584242,True,True,0.0,False
a2e8e7f6:000,a2e8e7f6,2550,2583437.3487557727,-30.700953921568757,31.8294311257141,19.4594314341683,19.63047061230481,63.834311122252245,66.29259142657216,19.43570569511673,19.61388321589779,63.316352075848606,65.79132124236187,19.57843650293994,20.068234644047134,48.264037072578894,51.3456291573967,12.504319728388346,13.307897175746872,18.67031281096495,22.567329790979798,-44.37487968808395,-18.72672524214613,-1.4566832232521847,True,True,0.7458823529411764,True,0.023725739051572187,0.11425042840164679,-0.0018621662238729186,False,False,1.0,True,-0.1190050687716397,2.882307077472433,-0.08464763454867352,True,False,1.0,True,0.78911862320335,15.214071325290206,0.19123321056940767,False,False,1.0,True
a3518960:000,a3518960,316,48552.88714300113,-12.311784810126724,12.395498256819437,-57.678763826487554,57.754154834905606,-147.40524521027322,147.47449237562495,-57.70078378589513,57.77646415915442,-146.62185412839833,146.69146812637095,-60.93458928413115,61.0161550783494,-127.04965851079433,127.12970489655373,-50.64719271237395,50.74895213333096,-78.7698622550593,78.87532535331553,89.72648138378564,86.69628935088258,3.9616036870684184,False,False,0.0,False,0.02201995940758128,0.009830134533331147,0.017219081353687216,False,False,1.0,True,3.2558254576435983,2.8557995519604447,0.5706879231511266,False,False,1.0,True,21.091098428571737,18.84360317883511,3.2728705612080375,False,False,1.0,True
a3f71395:000,a3f71395,2764,3875938.90571028,-36.94839417510869,37.44720792297584,-91.9225103293085,92.57602143629573,-222.93109632944572,225.3695936021896,-91.99869671119095,92.66170440405149,-222.1517274506221,224.59789684409552,-98.17001402181097,99.14846887138519,-202.7695942111564,205.40845506213745,-88.91765054578484,90.0989107871683,-158.96756230277913,161.336714929814,131.00858600013723,88.9368203833219,4.022689816303682,False,False,0.0,False,0.07618638188245505,-0.10210337940407044,0.01447617120356881,False,True,0.41027496382054995,True,6.247503692502483,0.3427947507916542,0.4879289749223972,False,False,0.375904486251809,True,67.04505197347063,36.76183163890346,2.3669511878924823,False,False,0.0,False
a48640d9:000,a48640d9,265,31229.744968250547,-10.852258490566134,10.855786209197996,-9.457593782113841,9.47501366714952,-0.7594684369209234,1.8973296537967532,-9.499847161317042,9.516452096237373,-0.882189719268841,1.9143596387371746,-11.838116222880332,11.841773694231613,-7.30083356875878,7.32056327706056,-12.3692388232814,12.378256827092343,-8.904381783199389,8.977580877700078,-8.698125345192919,-6.606010829094885,-3.9176104053040035,True,True,1.0,True,0.04225337920320014,0.01969780374383845,0.016519087648703135,False,False,1.0,True,2.3805224407664904,1.268303176817426,0.9394885137990059,False,False,1.0,True,-0.5532119989144533,-2.920734290903056,-1.1018568463987322,True,True,1.0,True
a4f989c2:000,a4f989c2,938,1585489.698158269,39.39949200426458,41.11310648307892,60.35459287681267,60.53840317713077,138.43358460407714,138.80949579783805,60.33656802768115,60.52216872900928,137.6501446469886,138.02817110376415,62.68108629273541,62.9176960383162,118.0724731509211,118.51113195596713,49.3716150988139,49.70762881357861,69.36318294503954,69.9396465526547,-78.07899172726448,-68.21590188509617,-4.049659182141113,False,False,0.0,False,0.018024849131516623,0.05949829810015217,-0.017723680270137265,True,True,1.0,True,-2.32649341592274,-0.9578165412804083,-0.5870918637374416,False,False,1.0,True,-9.00859006822687,-1.481035249933484,-3.2912378927612735,False,False,1.0,True
a5e6f7dc:000,a5e6f7dc,523,95211.57682524816,13.383652963670999,13.492549946676943,18.342964078366958,18.68030581552965,23.44329759048893,24.928126972925295,18.34215741839821,18.679529854533786,23.429139682769193,24.911031447117182,18.295034281446434,18.659666973141082,22.03075568191341,23.396215704103618,18.274261977038766,18.63870190034061,21.73327933487814,23.033779273548397,-5.100333512121969,1.4171298077926622,0.15709591537051892,False,True,1.0,True,0.0008066599687483096,0.00014817177907389123,0.00014778591139474884,True,True,1.0,True,0.04792979692052474,0.1288186784950085,0.10097325468632334,True,True,1.0,True,-3.3903152565111823,1.8178460964645637,0.48705978103680536,False,True,1.0,True
a612d5a0:000,a612d5a0,2725,1326742.9667217666,-21.854645688073525,22.0653156090145,21.94558766466267,24.882544202093392,91.7616944568628,94.78586758575388,21.876940465671513,24.843987190804896,90.98410238192359,94.03158729607776,22.314486635323448,25.94853458320929,71.67197092079553,75.4149055277131,10.479571996620438,16.383492874131313,29.201978643294893,34.24432981210128,-69.81610679220013,-43.69347805415964,-4.956880838555662,True,True,0.1581651376146789,True,0.0686471989911574,0.16715902816031303,-0.018408334821288008,False,False,1.0,True,-0.36889897066077504,2.8727334647192038,-0.6511431303260906,True,False,1.0,True,-7.256390978632219,6.19309543880081,-3.1638645561124576,True,False,1.0,True
a622ce4d:000,a622ce4d,536,92450.09304475208,-13.05809981343299,13.133221877153279,-7.933407295821033,8.225079967429318,21.28052911921019,21.819171397524336,-8.222748220035271,8.499223489600384,20.526017250014245,21.065181695945416,-12.790779142901672,12.933830633705952,5.506182529117186,6.441117510074558,-18.009470618327146,18.04854099507676,-8.24499109006665,8.265754267128148,-29.213936415031224,-22.494571528552115,-3.7791875498696754,True,True,1.0,True,0.2893409242142365,0.23511459697510873,0.03453913865814684,False,False,1.0,True,4.857371847080638,4.282355353623643,0.4077845019819506,False,False,1.0,True,0.3115837942456159,-0.6244886514450627,0.016180817428903538,False,True,1.0,True
a692b17e:000,a692b17e,903,270521.73376075266,-16.859876522702198,17.308411264765077,-43.14273960756374,43.2729843030444,-76.44671285003535,77.10029388783406,-43.14479780572751,43.2761936116762,-76.1337804753666,76.78921686889228,-43.51987255916359,43.703701929269336,-66.01238493089683,66.73859827835254,-39.92690571847086,40.14341742561235,-49.72987852987404,50.406199005248304,33.303973242471606,24.971032068568093,-0.056137400404622895,False,False,1.0,True,0.0020581981637709155,-0.031262349055396044,-0.0024604087993793655,False,True,1.0,True,0.3771329515998488,-0.7561851092123106,-0.07256259464702453,False,True,1.0,True,6.58713892231031,1.5660717859409488,-1.1578982228711538,False,False,1.0,True
a692b17e:001,a692b17e,217,25865.974101500804,-10.905133640553165,10.917785367651495,-47.50361809347164,47.51359824102079,-102.86664999536848,102.8911627449927,-47.60179023341589,47.61185162122174,-102.54295326709602,102.56753501795497,-51.10289099649373,51.11552191947347,-92.04549180947055,92.07246332368715,-48.77656667685083,48.791566319665655,-71.68999983307134,71.71636778941516,55.36303190189684,53.19037055111221,2.615563005076183,False,False,0.0,False,0.09817213994425351,0.08967838512398885,0.010175459372476325,False,False,1.0,True,3.5992729030220936,3.3220297753086925,0.33218390577530954,False,False,1.0,True,24.186381739599707,22.54192293326014,1.948426775261396,False,False,1.0,True
a6b8ac67:000,a6b8ac67,4916,5614640.717584802,-32.08767809194483,33.795202130769404,-56.79901939550512,64.69239825337189,-129.74272925671798,145.39235441862684,-56.61168603865155,64.55232647184097,-128.74237584120021,144.4172486069953,-56.24900205741399,65.64303708717067,-108.73904022590793,125.07748492584521,-44.13114506280926,52.81452072475981,-70.1182527052757,82.68892635820579,72.94370986121285,9.212996286982161,4.289458523524445,False,False,0.32648494711147275,True,-0.1873333568535687,-0.094502387330067,-0.04358956001487968,True,True,1.0,True,-0.5500173380911396,-2.333568944126455,-0.817285413193531,True,True,0.9971521562245729,True,13.319233309770562,-0.26377956093165267,0.936151779445936,False,True,0.7546786004882018,True
a6ed2eff:000,a6ed2eff,740,329847.4371377554,-20.804910135135305,21.1125502939812,-55.731052551519326,55.85631445867036,-121.13857863195413,121.32916896844468,-55.76802133050064,55.893707192271144,-120.6109334785577,120.80234792271936,-58.05402430337872,58.19348387759546,-105.15966116839331,105.3783009031828,-49.37879595861011,49.553002074395444,-67.8883523481691,68.15666018805332,65.4075260804348,62.31841985241226,-2.784226820611366,False,False,0.0,False,0.036968778981311,0.023561934309327626,-0.01144446120270004,False,False,1.0,True,2.322971751859397,1.8820571821070189,-0.3834972421609564,False,False,1.0,True,12.157299796649779,10.471674743968833,-3.3454787982955168,False,False,1.0,True
a6f967fb:000,a6f967fb,2694,741108.2252287583,-16.235448218262903,16.58601374586461,25.666349731927298,27.262939001249656,51.42710219221651,57.74476595590631,25.598619070776955,27.221671083890737,50.91336654388448,57.28183342003157,24.113769621449826,26.666094360275917,35.98899853519405,44.290188628270414,16.081700760265186,19.818963721724696,7.617851452150914,21.973228558003395,-25.76075246028921,-3.4467183728629607,-2.131604752590647,True,True,0.977728285077951,True,0.06773066115034404,0.1419423685019865,-0.0024899689633457456,False,False,1.0,True,1.5525801104774717,4.053111818328034,-0.12752218997047748,False,False,1.0,True,18.048498279776386,27.411371817941472,-0.31211810499553394,False,False,1.0,True
a76db406:000,a76db406,466,53516.96689400164,-10.704038626609611,10.716495537094673,1.2325224728830486,1.4712809761688848,5.163579880408448,5.672687726969731,1.1798497442339153,1.4162580677654695,5.003540663392875,5.497424999443302,-0.6402572853588108,0.7888842745378744,-1.106340938907573,1.2915566929684144,-1.4574367893290463,1.530526111475175,-3.41590231315931,3.5166450086451975,-3.9310574075253992,-1.4928645618801966,-0.4956020846911997,True,True,1.0,True,0.05267272864913322,0.015466562797882943,0.011889832481756457,False,False,1.0,True,1.8727797582418595,0.9299412609652791,0.5110325097411987,False,False,1.0,True,4.648424786042359,2.054529255059606,1.5551395969632722,False,False,1.0,True
a76db406:001,a76db406,318,33370.06246500113,-10.243270440251745,10.243891025829011,5.562746245312453,5.622816308288761,17.17777906044121,17.307901992042513,5.423873978093597,5.483823865226518,16.728211872967844,16.856658259352766,2.1359993410350966,2.2348647399621906,4.573396936841323,4.751940996873838,-1.0241475690765651,1.0431114225250309,-4.6394364677192375,4.640544500886168,-11.615032815128757,-9.240939081550096,-2.007820632898074,True,True,1.0,True,0.13887226721885637,0.1184902349668846,0.019995533435576363,False,False,1.0,True,3.426746904277356,3.1260102948308486,0.3209214491889725,False,False,1.0,True,10.20218271303169,8.737652503490608,1.152453263872303,False,False,1.0,True
a76db406:002,a76db406,148,20428.63847549926,11.719702702702492,11.74867401244373,13.397141836757413,13.399989552709831,42.025869877867635,42.03198503778858,13.218129858751581,13.221019260529134,41.30366786269328,41.309814051012374,9.832575582446372,9.836871737462188,23.649894109616106,23.657678105809378,1.6193361590092143,1.6246884728582842,-1.9003308361692246,1.9036581775195087,-28.628728041110218,-27.78842221460036,-1.7918039131163823,False,False,1.0,True,0.17901197800583268,0.17940710157745343,-0.0008599912816862343,True,True,1.0,True,3.5645662543110417,3.5961150472721783,-0.07501751882227836,True,True,1.0,True,15.297472672926638,14.929713040615752,0.41705181657562207,True,True,1.0,True
a76db406:003,a76db406,1136,167365.95030849485,12.115558978873052,12.137923282406696,24.22797353952791,24.267181717578712,73.09117619573794,73.19980906156185,24.10740482692716,24.147305718447203,72.31141434799534,72.42109240508098,22.595554723216114,22.65623869180868,52.94124090775069,53.08298738676978,10.209312425853879,10.269192396456166,10.766055394770344,10.88897436912857,-48.863202656210035,-44.19816972193075,-1.5552696820759593,False,False,1.0,True,0.12056871260074972,0.13679872891952982,-0.005137246793310624,True,True,1.0,True,1.6324188163117952,2.138132121104718,-0.16256979709578445,True,True,1.0,True,13.461918144757563,13.292634349976652,-0.2236682217226189,True,True,1.0,True
a79fd2e7:000,a79fd2e7,808,192019.1471922456,15.251324876237444,15.415818479611893,3.2528649479936824,4.3856007429456625,-15.583112315104488,16.768126062698755,3.3454761722439477,4.448455148549882,-15.28026304269943,16.462010549575123,5.655347284469005,6.318266630974078,-5.254534637426492,7.064242679605887,8.229147114879789,8.537540321516445,2.4923960605742246,3.30437583119132,18.83597726309817,9.34817036295135,4.619128403455761,True,True,1.0,True,-0.09261122425026554,-0.06218505373362859,-0.016825034472276457,False,False,1.0,True,-2.4024823364753223,-2.1316590412552614,-0.23988934337285173,False,False,1.0,True,0.7604688874194578,-1.2317669752737856,2.2035742070347624,True,False,1.0,True
a79fd2e7:001,a79fd2e7,663,359814.22952100384,-22.517304675716574,23.29605607261597,-60.02118453163218,60.60753049812375,-149.84642749286962,150.4212319162554,-60.14416887714118,60.732118934267675,-149.32015410431902,149.89692413289347,-65.60867950010696,66.23362849402992,-133.96175065439,134.60097041061482,-60.02275499205599,60.74817101453314,-100.24677900172091,100.97753627721467,89.82524296123748,84.03067000084593,2.0135042719266494,False,False,0.0,False,0.1229843455090046,0.0985370997696009,0.007680791140955989,False,False,1.0,True,5.587494968474786,4.785445183561023,0.2479988810573559,False,False,1.0,True,40.22559447008875,36.281278007323635,1.1973295549214527,False,False,0.0,False
a7fc3e6b:000,a7fc3e6b,899,406172.3128537427,20.864290878753984,21.25569511732649,64.94343700364345,65.7081845552413,163.42340514978423,164.37574985856202,65.00332887190663,65.7725295909479,162.64102508710712,163.59784549337417,69.9190692810545,70.79843664363206,143.13720476964036,144.21793011711242,59.06187581548477,60.17895586089163,97.57506280861342,98.89014856365901,-98.47996814614079,-87.44419412393108,-4.297044085014932,False,False,0.0,False,-0.059891868263183316,-0.012341798375928192,-0.018995635637111263,False,False,1.0,True,-4.975632277411062,-3.406904884657706,-0.6280649808486487,False,False,0.9632925472747497,True,-32.63162580496998,-24.559256964515953,-3.299038813314837,False,False,0.010011123470522803,True
a85e4bc3:000,a85e4bc3,963,319944.1098605042,-18.000890965732207,18.227366079774967,29.41018149335489,29.65585251066469,75.29095999493234,76.1569709749369,29.459361715253465,29.70796737483251,74.98117249694204,75.84961460053323,31.573818882994733,31.9250733003181,64.95307925790723,65.91581553825772,29.87719339624277,30.304524842044632,49.36465359277899,50.28050486690593,-45.88077850157747,-31.866538327141825,-4.719735329499599,True,True,0.8245067497403946,True,-0.04918022189857702,0.00253605812213209,-0.01650104205691605,True,False,1.0,True,-2.1636373896398426,-0.4084824021374516,-0.5944765786971402,True,True,1.0,True,-19.954472099424105,-9.669804046419813,-3.5494402576478024,True,True,1.0,True
a87433c9:000,a87433c9,274,36368.88226574921,11.504662408758998,11.520987238743436,56.007533348269135,56.012453159617834,147.74674829086842,147.7583914767537,56.17113791849649,56.1760973406884,147.21882456366177,147.2305093157604,62.3209412805364,62.32714047375739,131.7391525396956,131.7521832290468,58.10984008068616,58.11794601179977,92.38740995796252,92.40217223144214,-91.73921494259928,-89.74890011312164,-2.830944505134539,False,False,0.0,False,-0.16360457022735325,-0.15577606850820302,-0.0115610564716917,False,False,1.0,True,-6.313407932267276,-6.055652749570072,-0.3823499517675373,False,False,1.0,True,-36.37987660969338,-34.751007531927826,-2.4663010670919903,False,False,0.35766423357664234,True
a8ed028a:000,a8ed028a,495,103252.30848150182,-14.242684848484968,14.442663264954016,-44.7631350790581,44.815556532937066,-67.54075225755862,67.62672077159979,-44.76862954310531,44.82108646214588,-67.43720526269674,67.52287466640226,-45.338415341198385,45.39249451578933,-63.42035601783805,63.50142570001989,-45.15716672544081,45.211980327296345,-60.03880957310213,60.10482900819938,22.77761717850053,18.949774123761017,1.806005279711826,False,False,1.0,True,0.005494464047215944,-0.0008902499994292157,0.001298362045417889,False,True,1.0,True,0.5752802621402923,0.27981728015038243,0.1004411535741383,False,False,1.0,True,15.275674494044033,12.947936196587762,0.9823923669900978,False,False,1.0,True
a9c9b150:000,a9c9b150,3582,5086596.792915786,-36.58849232272486,37.683468158463974,-22.540212832957,26.835208154626677,-61.732062944348115,73.18135007772521,-22.323404754044343,26.657811297319558,-60.815262636335376,72.2887940958108,-19.841687985983313,25.484761639563036,-42.51055311350785,55.01205126557804,-10.67521627927746,16.0373843770966,-13.168523167474888,23.76138788591206,39.19185011139111,1.658131660125946,0.19301888723566663,False,False,0.7051926298157454,True,-0.2168080789126559,-0.04947491168604756,-0.028997667932344484,True,True,1.0,True,-2.6985248469736853,-1.4339069856723654,-0.6407847990776645,True,True,1.0,True,-9.371689665482112,-4.342237027633018,-2.676122134689649,True,True,1.0,True
aaaf3c03:000,aaaf3c03,169,17736.146650999304,10.243781065088555,10.244394238778714,19.207347092311025,19.20758779542133,10.261670842018221,10.263272960960055,19.18091753824066,19.18116666067676,10.211779066555753,10.213489168670911,17.73202240627893,17.732646722613627,7.488872368266511,7.496434605549142,17.04039406755863,17.04185746026196,6.284806466593962,6.304867003838579,8.945676250292804,8.62768029792278,0.8623410275686183,True,True,1.0,True,0.026429554070365863,0.02201647464062262,0.0074444627498451155,True,True,1.0,True,1.4753246860320963,1.3431584390746139,0.25518850389016734,True,True,1.0,True,12.922540625717062,12.052032652669368,1.6894753416981985,True,True,1.0,True
ab112491:000,ab112491,4275,5070141.946446297,-33.562433567251624,34.43832336406331,-48.716345249733244,50.544601318021066,-81.5542363542551,88.60964918992921,-48.67390303784216,50.51498197729506,-81.07630526087033,88.14352589841589,-48.01528042471137,50.36948590170627,-66.98678156691956,74.63723144011209,-41.711358428527795,43.95628012538091,-41.939440272135734,47.8306346198066,32.837891104521844,0.7002597779901407,0.45746472031169105,False,False,0.7602339181286549,True,-0.04244221189107781,-0.07662927843011857,-0.015960589224050636,True,True,1.0,True,-0.7010648250218746,-2.7034141950061894,-0.3526661121431971,True,True,1.0,True,-6.776904977597516,-12.228953126397755,-1.9870722419873346,True,True,1.0,True
ab18d3fc:000,ab18d3fc,467,76168.73944400116,-12.660783725910168,12.771148178223928,0.9655980942336891,3.0280388555856996,17.88410085323448,18.1769988216072,1.014816750796513,3.0495894406723796,17.949622923619263,18.243999772940494,3.3735379407648916,4.537863697168785,21.06448404834478,21.37298196908474,4.747924741881001,5.766381923415626,22.801230959795404,23.169161926848687,-16.918502759000788,-14.562090734243611,-3.197528138607595,True,True,1.0,True,-0.04921865656282383,-0.03188660396335763,-0.015259474337653955,True,True,1.0,True,-2.4079398465312027,-1.8550176215358078,-0.5879884477235464,True,True,1.0,True,-21.835632865561717,-17.953708681576245,-4.023605554773894,True,True,1.0,True
ab18d3fc:001,ab18d3fc,626,119691.94551324716,13.735519968050955,13.827551877166481,81.6717900435076,81.73787463658685,177.74233230513295,177.8800590473366,82.08799450531708,82.1543496275477,177.89899143105535,178.03659762565633,96.12045285142776,96.1950970863272,183.35604590507614,183.48963514790577,116.53260725849974,116.61967123554534,196.58283442646177,196.7137310473403,-96.07054226162536,-91.09880556533426,-2.5405529836716596,False,False,0.0,False,-0.4162044618094838,-0.3961411290529213,-0.010502496485059964,False,False,1.0,True,-14.448662807920153,-13.782335586578483,-0.3497850810035743,False,False,1.0,True,-114.91104438295416,-109.61641413479265,-2.690667846969518,False,False,0.0,False
ab3ced07:000,ab3ced07,172,18761.272216749607,10.441898255813845,10.444001342917847,-7.086359363813742,7.113835551693081,-30.268302474531442,30.310010553015555,-6.980887893407715,7.008819258253737,-29.84501710411919,29.886887834805854,-4.563702158986744,4.612694814794738,-17.262565229116486,17.319584603260324,-0.19809339571587092,0.5686575578652002,-3.6242643952521387,3.7157181527168053,23.1819431107177,21.229335674714093,3.2273562235077407,True,True,1.0,True,-0.10547147040602625,-0.10694830989632464,0.0013086155031487579,False,False,1.0,True,-2.5226572048269973,-2.6343990754576225,0.16917145557636104,False,False,1.0,True,-3.462094968561603,-4.072281892102183,1.1264060557568882,False,False,1.0,True
ab3ced07:001,ab3ced07,1244,486744.2515844919,19.477168810289225,19.780634826401393,-12.186248029575856,13.250682263039552,-55.82385499988432,56.78550414984446,-12.131772137910756,13.20636285839852,-55.31575220795228,56.2841097257503,-11.607978243969027,12.933689812227737,-40.61845004898266,41.84659838282912,-4.743573138849108,7.057308089665239,-15.757167315402294,17.292646149572217,43.63760697030846,30.594117095050024,3.385190091563345,True,True,1.0,True,-0.054475891665098204,-0.09747196255011659,0.009130439853834105,False,False,1.0,True,-0.5782697856068273,-2.078900889171564,0.34614220667936024,False,False,1.0,True,3.5709192858264376,-2.841491364471949,1.7085949445099686,True,False,1.0,True
ab6fe95d:000,ab6fe95d,521,105100.48657750146,-13.961650671785135,14.203111671279496,-57.36034657308503,57.4017390714936,-132.12033372236647,132.19424257676343,-57.4180287128118,57.459117160268534,-131.59384121679685,131.66803250490767,-60.59825805701624,60.63285532092238,-116.22326714525114,116.3063911805295,-54.085548729900125,54.124830786979096,-82.18925849069277,82.27446870386592,74.7599871492814,66.80006383319414,2.1613124575324036,False,False,0.0,False,0.057682139726762956,0.02306830663292203,0.008372041596885538,False,False,1.0,True,3.2379114839312026,2.092448996656458,0.27138036160067713,False,False,1.0,True,24.828911917607734,18.264744905862244,1.393931442478788,False,False,1.0,True
ab6fe95d:001,ab6fe95d,782,131310.89885725352,-12.846859974424728,12.958269578027998,-65.75131923578773,65.89943535338814,-160.28016430001603,160.5566616813539,-65.89091893066862,66.04012387078673,-159.7524060198775,160.02980890526968,-71.68984531899903,71.87164488039754,-144.2906446390251,144.59702282641138,-66.58379287845749,66.81860971044841,-106.36531216967987,106.71998220155349,94.52884506422832,85.7182350688654,2.2972255075255816,False,False,0.0,False,0.13959969488089596,0.10313831510575255,0.009142470573351602,False,False,1.0,True,5.938526083211307,4.73332760057383,0.299911952637558,False,False,1.0,True,40.613992933892135,33.16099217507872,1.7802782821891014,False,False,0.16751918158567775,True
ab94878e:000,ab94878e,497,64007.64142175172,-11.340435613682246,11.348480555076842,-13.773252310574296,13.789025615639794,-13.824075127716954,14.475752700933937,-13.604031769943557,13.621410996322039,-13.409561324637352,14.047302582372076,-9.160791307991655,9.33293791817156,-1.5224024080292018,1.7857154964958546,-6.900378587539033,7.3996375678223805,4.0463405896341325,4.28299886449787,0.05082281714265637,-6.2830222353986755,-0.02654870891274186,False,True,1.0,True,-0.16922054063074052,-0.08801918729113822,-0.03551456919012708,True,True,1.0,True,-4.612461002582642,-2.4440486187140777,-0.9222381424897321,True,True,1.0,True,-17.81959290020843,-14.750485047406983,-3.9683748826864758,True,True,1.0,True
ab94878e:001,ab94878e,722,102433.48153775134,-11.899993767313097,11.911113640992209,-69.81687649376276,69.90930336774706,-165.02679442908152,165.27748890692993,-69.49168942863965,69.58506076116232,-163.98576095020684,164.23801228363618,-66.18806074974707,66.34502708229677,-122.99727416761073,123.3215259321866,-38.56783107294563,38.785724350873046,-43.7868357725279,44.222846362729264,95.20991793531876,85.55095227121637,2.910037911422478,False,False,0.0,False,-0.3251870651231022,-0.34265018497353594,0.0050576322228153,True,True,1.0,True,-3.6288157440156916,-5.320951705552943,0.47662674908860936,True,True,1.0,True,-26.03004072123486,-30.416576788524253,0.8070203910538112,True,True,1.0,True
ab94878e:002,ab94878e,147,17125.303303750436,-10.786316326530747,10.793454587400415,-81.8429951913066,81.84564023686984,-198.59474483848584,198.60204863552704,-81.55735475307058,81.56002414372884,-197.55246456886178,197.55980668960754,-82.12337288653546,82.12774188776505,-156.12686002917567,156.13600995988006,-53.40388018240588,53.410357734205704,-67.2682937496557,67.28042319083796,116.75174964717922,115.13766885998302,2.8288536082254723,False,False,0.0,False,-0.2856404382360086,-0.28856752735555347,0.00518373947852524,True,True,1.0,True,0.2803776952288627,-0.01160379051361815,0.5159500328118156,False,True,1.0,True,-14.574701441650895,-15.448883108641894,1.4730737396948825,True,True,1.0,True
ab94878e:003,ab94878e,145,16563.34660425083,-10.684679310345093,10.687842466140685,-89.20475811943516,89.20764264519069,-217.72124884574964,217.73020209609902,-88.94106672577229,88.94397911901109,-216.67879814643453,216.68779437146816,-91.70338039064924,91.70841782280908,-175.14864409701212,175.1596844144211,-63.15296940997086,63.1610498337757,-82.4030583546912,82.41897076358322,128.5164907263145,126.4367376224709,3.2878326674235723,False,False,0.0,False,-0.26369139366285926,-0.26762167885317467,0.006058745100745,True,True,1.0,True,2.498622271214092,2.0989700323516445,0.6118757197946252,False,False,1.0,True,-6.801699764743961,-8.265021388193418,2.1428786257256434,True,True,1.0,True
abf460d2:000,abf460d2,2275,1215252.3734295152,-22.70189934065949,23.11226660112645,-22.429002273948196,24.455830710750586,-46.407602646308696,50.57818370592993,-22.40393357189685,24.44128234414028,-46.138056066495835,50.31135007582364,-21.88465731807937,24.317253627896296,-37.08147605904424,41.6097527296201,-19.22399289300011,21.642777408929827,-25.29502290957337,28.99715093784261,23.97860037236049,5.5398500578412495,0.060367322808815516,False,False,1.0,True,-0.025068702051349836,-0.04149170380514988,-0.010620539796946105,True,True,1.0,True,-0.5443449558688264,-1.60765254218677,-0.26313354416561197,True,True,1.0,True,2.8660206356251696,-3.640369700420706,-1.6045127431789297,False,True,1.0,True
ac6f01d5:000,ac6f01d5,263,35265.90879549947,11.550083650190032,11.57976286318846,49.1402700605394,49.14429198118046,92.62857868317826,92.63678036740043,49.16871641894894,49.17275034962945,92.30387308100607,92.31209925275917,50.22214874144469,50.226639646532455,81.75943563425867,81.76848357073217,45.952206426921194,45.95646821217912,60.54875253671767,60.55543810842995,-43.48830862263886,-43.068918147386285,0.3532529712720134,False,False,1.0,True,-0.02844635840953843,-0.026954458802720183,0.0016209148834605003,False,False,1.0,True,-1.0818786809052898,-1.0367029039680347,0.05785896804991353,False,False,1.0,True,-11.408482476178268,-11.575380563968793,0.968184108607602,False,False,1.0,True
ac6f01d5:001,ac6f01d5,154,21986.85670024992,11.922061688311661,11.948715276332832,53.14833710015677,53.157472129075494,112.81611227609524,112.83432122109635,53.241668629037214,53.250864535658486,112.48925779239852,112.50751930465083,56.35448244784894,56.36568854381816,101.81422140471608,101.8343625983127,52.92385592607089,52.938535801977764,76.53733984123171,76.56144393144275,-59.667775175938466,-57.934744074607806,-1.5912314489287382,False,False,0.0,False,-0.09333152888044045,-0.08623553995130351,-0.0062195046739361715,False,False,1.0,True,-3.2061453476921584,-2.971506727984888,-0.2039793856019969,False,False,1.0,True,-23.389002741074943,-21.842121159967064,-1.2623317242250778,False,False,1.0,True
ad2133a8:000,ad2133a8,912,114562.24234300258,-11.197785087719424,11.207876417821172,-0.08103720880059857,0.5906253795041294,-41.207565788614886,41.25872287271001,-0.17679675236742473,0.6149721803305994,-41.20756578859124,41.2587228726863,-4.336017367279345,4.397968919655966,-41.20756578772997,41.25872287182395,-7.23452656194256,7.295726892896234,-41.2075657867147,41.258722870801044,41.126528579814284,36.828864035824154,2.69470789303341,False,False,1.0,True,0.09575954356682614,0.07876560933436849,0.010592706214083591,False,False,1.0,True,4.2549801584787454,3.686480225806008,0.35841628922571545,False,False,1.0,True,41.1265285779141,36.82886403435077,2.694707892896986,False,False,1.0,True
ad2133a8:001,ad2133a8,1010,1142230.7773152578,-32.05088267326744,33.62917723790273,-48.798243989051656,49.98192052401132,-141.32375247437474,141.91949611967422,-49.106211382709404,50.28441372670624,-141.3237524743475,141.91949611964708,-60.10732789766839,61.12122267655089,-141.32375247335432,141.91949611865806,-71.70446890891097,72.61077541713101,-141.32375247096448,141.91949611627305,92.52550848532312,90.93023827791512,0.013290826726006344,False,False,0.0,False,0.30796739365773873,0.3017611998893699,5.108116602059454e-05,False,False,1.0,True,11.309083908616726,11.10411306199785,0.001685044398982427,False,False,1.0,True,92.5255084819128,90.93023827461002,0.013290826693264535,False,False,0.0,False
add9c322:000,add9c322,3717,1766493.4471089768,21.146914447134638,21.800162697860966,-5.347265111958459,13.197984010101079,-30.70866407951997,43.66898929034369,-5.17567494614284,13.097431571966172,-30.203744720723158,43.23040688452336,6.673789940746774,11.757181039153057,11.245090659665491,20.309236598736423,24.03625799288184,24.731031297094454,51.37782308667624,53.478854389546605,25.36139896756151,0.5696512765771331,0.438872471857394,True,True,0.8888888888888888,True,-0.1715901658156167,-0.014178866011206992,-0.012662745368288597,False,False,1.0,True,-12.021055052705233,-0.8130678739380528,-0.65348877226279,False,False,1.0,True,-56.72508819863469,-2.57418968571983,-2.116489655270925,False,False,1.0,True
ae069086:000,ae069086,1100,238201.37364575468,-14.49319954545469,14.715525927207713,-60.47527146733758,60.647822146505405,-154.6983555411852,155.27880593988107,-60.308298249457295,60.48409169653137,-153.56892631257608,154.15345874453732,-61.5521571273646,61.82231283720008,-130.86948224770467,131.5448831162227,-45.203385185392236,45.576737227590044,-77.64566679632074,78.38203082946728,94.22308407384762,80.14287062413496,1.198774820077233,False,False,0.0,False,-0.16697321788027364,-0.22500551275152247,0.003891527028827113,True,True,1.0,True,1.076885660027034,-0.821007117328918,0.12073282397250296,False,True,1.0,True,17.170395328983187,8.168984761125103,-0.23937893964648538,False,False,0.7063636363636364,True
ae35f33a:000,ae35f33a,406,107442.80244324736,15.753173645320006,16.26768097921446,51.528848441814034,51.7243846226166,129.11503744679217,129.2898552081087,51.46197085755475,51.65852485302764,128.33271582898786,128.5085794663169,52.1910482309202,52.4094501989756,108.83487200470364,109.04085488838119,40.38303099115393,40.668249246731655,63.60944373426055,63.89022576356531,-77.58618900497814,-73.46947018475839,-3.1902831191328005,False,False,0.0,False,0.06687758425928246,0.08325184482964687,-0.012964802737769787,True,True,1.0,True,-0.6621997891061614,-0.1284828176303563,-0.42372834870184306,False,False,1.0,True,-12.080595292446516,-9.286057212193555,-2.272989503784629,False,False,1.0,True
aed44918:000,aed44918,2196,1208324.758287758,-23.09698474499098,23.45717291083741,-21.228293500546386,22.37850066553581,-41.85034764895386,45.472227611451224,-21.080203971109686,22.227289615816566,-41.289387225997416,44.88620898882812,-18.001955631320584,19.250638978026583,-26.896020954191453,30.32783790609206,-12.522649639260223,13.201550389511366,-10.05092284977474,11.17478023373779,20.622054148407475,3.198896805748518,1.9607571130309225,False,False,1.0,True,-0.14808952943669618,-0.043597013915132266,-0.020263401011106907,True,True,1.0,True,-3.226337869225797,-1.7195464439500938,-0.5271852584410226,True,True,1.0,True,-11.177370650771646,-4.270548486743792,-0.7864067495302152,True,True,1.0,True
aee6393a:000,aee6393a,5155,2571626.924280223,21.644463724539165,22.335189792369103,17.185282072587107,19.88400887842908,54.12090912939992,61.9321752721064,17.13688991663714,19.868274578643646,53.64800714461475,61.48549309849541,16.409347864990256,20.294800974130816,39.63795036274425,48.73175171273457,9.540347588448574,14.071545503107348,13.562135238565954,22.612400079673197,-36.935627056812805,-3.3145257754858903,-1.114775999891208,False,False,0.7685741998060136,True,0.04839215594996793,0.048214469623417244,0.015162951100137434,True,True,1.0,True,0.7759342075968494,2.0050952944748133,0.3673431133374834,True,True,1.0,True,3.6231468340211492,5.805111846701038,1.2529473920840246,True,True,1.0,True
aff4e561:000,aff4e561,1198,260383.76276849705,14.664492487479052,14.742751331930531,-35.81064609207507,35.831432414897044,-87.85040866750971,87.8738866620704,-35.81267970196186,35.83342672226308,-87.32306080546238,87.34667127260326,-36.702159525834055,36.72183741863528,-71.89401985748472,71.92187413358948,-28.001366840024403,28.017075336925462,-35.60724937961319,35.618679336947515,52.03976257543465,45.78580284302552,3.574312635437309,True,True,1.0,True,0.00203360988679058,-0.02392872649943456,0.01499729791066784,True,False,1.0,True,0.8915134337589863,0.04322533307276899,0.49375991563283606,True,True,1.0,True,-0.20339671246188762,-3.795931993603517,2.8719868417992984,False,False,1.0,True
b0d42b0d:000,b0d42b0d,4453,2590269.082861281,-23.469155737705076,24.1182667054497,-50.61689544013144,54.2803283578818,-98.08656436266652,110.39612114445703,-50.53834740163583,54.22174803831353,-97.47022619650114,109.75922629838543,-50.134000484002264,54.724174512754296,-81.80946488081265,93.97302533404805,-43.06851255660479,46.93552785025224,-55.84844203032461,64.03726322788458,47.46966892253508,0.6253470230785751,1.093409501541828,False,False,0.5825286323826634,True,-0.07854803849560285,-0.0024190802469092887,-0.00239907348077395,True,True,1.0,True,-0.48289495612917366,-0.35405624516170064,-0.3111869654603652,True,True,1.0,True,5.231546590193183,-0.6394891092131729,-0.026011700625531375,False,True,0.8607680215584999,True
b0f53bf4:000,b0f53bf4,453,79166.88352025255,-13.132204194260696,13.219732685432342,-26.109165886958618,26.22458716920315,-69.69147499111173,69.90086814004889,-26.025573383339836,26.14225848788122,-69.1903328797272,69.40077371768469,-24.69221111882158,24.847955836784994,-54.720430860997844,54.96975223835833,-17.77888662720144,17.972119483559016,-32.079030536209615,32.325682053866785,43.58230910415312,38.84698002078221,0.7240754209615261,False,False,1.0,True,-0.0835925036187811,-0.09798034584855486,-0.0004244169522280572,True,True,1.0,True,-1.4169547681370387,-1.9066306769545918,0.00015927550884953234,True,True,1.0,True,5.969864649251,3.7773083782813046,-0.8590720039283042,False,False,1.0,True
b19b0395:000,b19b0395,4562,18204744.716274902,61.29535423060045,63.170549710950176,30.96727586547216,33.43686631129687,69.09568829460767,73.71579040297114,31.11914493110091,33.59637765379306,69.09568829460767,73.71579040297114,36.393771585533635,39.095920594949575,69.09568829460767,73.71579040297114,41.77196630434667,44.87307737888152,69.09568829460767,73.71579040297114,-38.12841242913551,-12.526277023182047,-4.336625830297635,False,False,0.9210872424375274,True,-0.15186906562875047,-0.0472421166850836,-0.018003182420216035,False,False,1.0,True,-5.426495720061476,-1.9081078310591693,-0.6367384672466869,False,False,1.0,True,-38.12841242913551,-12.526277023182047,-4.336625830297635,False,False,0.9210872424375274,True
b1efb8a4:000,b1efb8a4,1503,281181.388181506,-13.603106453759299,13.677722712150942,-49.18310538233654,49.2841328809662,-108.7144162964258,109.11138822193014,-49.20039812236074,49.302827702199586,-108.18832044580881,108.5870940905786,-50.75528814331455,50.90460945185307,-92.83359136380093,93.29019496946606,-43.202453188375905,43.3799898297155,-58.90200179791986,59.32275871177407,59.531310914089275,47.69352014704964,-0.7445431072519568,False,False,0.35728542914171657,True,0.017292740024201732,-0.028552847894388833,-0.003376528689841507,False,True,1.0,True,1.572182760978009,0.08575073534848343,-0.1177332108727569,False,False,1.0,True,9.718896415583325,2.2539090059508453,-1.7036790969377762,False,False,1.0,True
b32902c0:000,b32902c0,1673,625724.7461357568,-18.418235206216487,19.339431119259714,-41.4127501193735,42.23209536305564,-100.78263013809557,102.08495509780734,-41.31389814794311,42.13982763337599,-100.0213574281861,101.33075819289391,-40.89772387244506,41.89315957686203,-81.2748986718043,82.78184196633256,-31.079251521000906,32.0938375762358,-46.92272169241892,48.13128473635067,59.369880018722064,39.54908589059596,2.7097351428383263,False,False,0.3239689181111775,True,-0.09885197143038721,-0.15937611658955575,0.004112929414986866,True,True,1.0,True,-0.5150262469284347,-2.659261891774804,0.19196015809575329,True,True,1.0,True,5.509971573045415,-3.2361457006009005,0.504641425130103,False,True,1.0,True
b3388334:000,b3388334,251,35862.12951624901,11.892790836653228,11.953117167705521,26.407966599513497,26.453111735384518,17.498285184526875,17.75996021142002,26.811605338616218,26.855581055533406,18.636113262599586,18.874434435261644,31.98960295889395,32.023736651961286,34.64468155262107,34.722836247563414,38.345896940401715,38.36847409244161,50.385788368581764,50.40311199540056,8.90968141498662,5.464506952759621,3.337103826348539,True,True,1.0,True,-0.40363873910272274,-0.3705297780688852,-0.041118772604022524,False,False,1.0,True,-5.581636359380456,-5.292324396163167,-0.4120441666309489,False,False,1.0,True,-23.977821769068267,-23.33566157565656,-0.9580389817510877,False,False,1.0,True
b3388334:001,b3388334,377,41400.289929251325,-10.476505305039957,10.479269662077316,-45.29454484298129,45.367560981032355,-105.58787757801306,105.77249365292697,-44.90204651363314,44.976658905111584,-103.95403558622056,104.14153904666357,-42.61341214701114,42.72828204875842,-78.78103131801268,79.02734672079589,-19.86510131336383,20.143989104460324,-10.285794110477934,11.687770393053595,60.29333273503177,55.15374706555849,1.0054352336483134,False,False,0.28116710875331563,True,-0.3924983293481494,-0.41539883074437967,0.003790141310673789,True,True,1.0,True,-2.6811326959701516,-3.441906538733747,0.12081684072654753,True,True,1.0,True,-35.00875073250336,-38.899033141246036,0.07580085122208402,True,True,1.0,True
b3388334:002,b3388334,890,231072.5955557529,-14.935725280899002,16.113104289302065,-69.44846952153395,70.2607440256816,-155.72447725010545,156.9100028879808,-69.17677869943401,69.99816920690284,-154.09008658922124,155.28807887158814,-70.81712164166969,71.82162770889342,-128.86612749085486,130.2946629493344,-50.09815567980615,51.69748888331836,-56.4209442991375,59.249945353136624,86.27600772857147,71.15249980720728,4.667909156323731,False,False,0.0,False,-0.27169082209994494,-0.34184088541951496,0.02199890316114761,True,True,1.0,True,1.36865212013573,-0.985100406818674,0.7380338146522263,False,True,1.0,True,-13.027525222396449,-25.98174149971601,3.9305279542459175,True,True,1.0,True
b4d8dd4f:000,b4d8dd4f,1339,2945414.037269518,-42.80310679611669,46.90108477425528,-52.46197537680193,54.94461502981314,-103.71105279734884,105.06608921441209,-52.3045591361375,54.79383664909961,-102.93385982203232,104.29828640580855,-49.97967609543034,52.56105235826905,-83.67007242065384,85.30737203961455,-35.93924527165353,38.73172606131604,-43.35898990774527,45.405977446052155,51.249077420546904,50.62151255289609,2.483174771115955,False,False,0.8170276325616131,True,-0.1574162406644344,-0.15507959856222442,0.008136562017170945,True,True,1.0,True,-2.482299281371595,-2.3628345866436575,0.26637011794264254,True,True,1.0,True,-9.102985469056659,-3.268145021283999,0.9312961772648123,True,True,1.0,True
b7cdcecb:000,b7cdcecb,590,98189.4212284964,12.82796949152519,12.900494093053535,81.70355255852658,81.73214073133032,220.17905981294135,220.29746602447725,82.04115494595004,82.07016174109089,219.6511708393214,219.76986008907863,94.18853003037077,94.23240206856191,204.17568777341074,204.3031892991417,94.15845485165839,94.22336215122085,165.20985949065707,165.34768972042664,-138.47550725441474,-130.7597639748128,-1.4106532234727638,False,False,0.0,False,-0.33760238742344606,-0.30371076813025866,-0.0054993128396745306,False,False,0.059322033898305086,True,-12.48497747184418,-11.35356137992494,-0.18005620825897495,False,False,0.0,False,-83.50630693213049,-76.64623593947545,-0.9908075744751841,False,False,0.0,False
b7fea9ef:000,b7fea9ef,581,77657.97630049805,11.551006884681437,11.561254681544234,28.00975133209088,28.157039949758133,45.100608756664094,45.61887961942265,27.83970369194154,27.987048714720597,44.5344506799154,45.051119960220575,24.360650302083663,24.53254227770308,30.140455761715344,30.686414484101377,19.62898262078905,19.743316382652797,16.097294221810138,16.405251166408426,-17.090857424573215,-10.999073288869113,-2.0033732904994395,False,False,1.0,True,0.17004764014933735,0.1496767379103403,0.016827605870275875,True,True,1.0,True,3.649101030007217,3.5286959146742447,0.24221075266359549,True,True,1.0,True,11.912457110280743,11.425324578964137,1.0932973441740614,True,True,1.0,True
b85f7b06:000,b85f7b06,200,21852.57324324944,10.450357499999864,10.452887936654022,12.267100350131168,12.279824492051084,29.926711748862118,29.97513812864984,12.027672269099085,12.040190863326504,29.23602775999627,29.28355575543993,7.52190990207242,7.534790708492729,15.296862140578888,15.334840800955515,3.4275940429073035,3.43205114403585,3.8083665351742364,3.809188866763848,-17.65961139873095,-15.74876435398437,-2.3335335932133603,False,False,1.0,True,0.23942808103208335,0.22068376903371245,0.028446275860915193,True,True,1.0,True,4.7451904480587475,4.514687459988636,0.382447030115145,True,True,1.0,True,8.45873381495693,7.4768700574841205,1.4515955126698827,True,True,1.0,True
b85f7b06:001,b85f7b06,159,16915.13613499925,10.31182389937084,10.314286402544093,15.086261855005283,15.088920858298247,40.87977339835895,40.90116586004078,14.801140273593544,14.803794417090408,40.018801802246124,40.04003541148903,9.967242516936683,9.970833330810853,23.186759753976958,23.207171060109406,3.761726869570968,3.7686024502502757,5.528977155950471,5.532017357859072,-25.793511543353667,-24.002561738911027,-3.2746679610718274,False,False,1.0,True,0.28512158141173866,0.27747459878446534,0.016616447774140397,True,True,1.0,True,5.1190193380686,5.072855870836065,0.11809578361680906,True,True,1.0,True,9.557284699054813,9.241024610246313,0.26114133228111314,True,True,1.0,True
b85f7b06:002,b85f7b06,2151,377483.391386743,13.17898628544851,13.247341099439595,34.997576211121014,36.71744304138528,95.6706600095055,99.66148211056309,34.754293038291905,36.50090727641191,94.59064409122374,98.61199594345027,32.446550535642025,34.928622143251246,73.28501971906718,78.00522736421509,20.24997770088823,22.96459861610354,34.96128882505273,39.397311731309195,-60.673083798384475,-31.392923340878042,-3.4449312250653747,False,False,0.398884239888424,True,0.24328317282910666,0.2986084992389806,0.006639928356889868,True,True,1.0,True,2.5510256754789875,5.073427606308542,-0.05655543606735591,True,True,1.0,True,0.03628738606827592,9.37585392523215,-0.2272707191277732,True,True,1.0,True
b8c49c1a:000,b8c49c1a,3269,3788446.300034027,-32.932699602324995,34.04263023033165,22.39577872678033,23.030870586753544,59.20009061342764,63.82614731733436,22.24741478062812,22.89555897761089,58.488792026626555,63.13654743610204,20.018500400329387,21.17604375298712,40.83623178406857,46.33852463767985,10.60381650874029,11.650505740450862,10.894604471000841,15.58853621771901,-36.80431188664732,-0.7177229655026167,-1.7813572796603694,True,True,0.8002447231569287,True,0.14836394615220774,0.16022040226926038,0.019060258639001404,False,False,1.0,True,2.3772783264509414,4.259540548709992,0.2999362895025115,False,False,1.0,True,11.501174255779487,19.5364586361884,1.3565903412891203,False,False,1.0,True
b95e7121:000,b95e7121,466,60374.41203749808,11.356607296137156,11.382390966523806,38.59242050720009,38.68075552373064,100.3026679257972,100.53048238394162,38.361496284168076,38.45040790461382,99.6998981847627,99.92881386697371,23.649039668906582,23.827336343199242,47.03943324856848,47.3615974142545,2.682306336978384,3.0478289641083047,-5.073082286970446,5.415116319867545,-61.7102474185971,-55.08005855806732,-3.5072142725712183,False,False,0.0,False,0.2309242230320171,0.23144962400874647,0.0006954698783374624,True,True,1.0,True,14.943380838293507,15.285172001946194,-0.015684833113482455,True,True,1.0,True,43.665502794170536,41.6736243360574,1.5580428638077137,True,True,1.0,True
b95e7121:001,b95e7121,155,16518.59818449961,10.322032258064393,10.323352226400107,46.49590206161677,46.50776155160048,120.27320693392586,120.29675881132712,46.26853071699624,46.28046121850208,119.66158498860281,119.68524364767798,32.72997035221565,32.752468733178986,63.891172413946286,63.92524310946573,7.697845475466578,7.737313675349058,1.522283379219434,1.7920185593689466,-73.77730487230909,-71.58935338955962,-3.9226768784028536,False,False,0.0,False,0.22737134462053468,0.22825591787477606,-0.0013842376501997933,True,True,1.0,True,13.765931709401118,14.02005268009998,-0.42402777613460785,True,True,1.0,True,44.97361868239734,44.67228617451474,0.368642666919186,True,True,1.0,True
b95e7121:002,b95e7121,2263,1085129.2960944877,21.675342465753303,21.89769827203578,96.54917669930485,97.38726693199337,237.1941363351432,239.28714788245395,96.36444474432076,97.20584440617601,236.57410158260382,238.6725148193769,96.38507418286449,97.91942524310268,174.70827186249616,177.4321914014535,57.81434017512301,59.86633757384666,68.26817776891605,71.52961615008617,-140.64495963583832,-109.8821873989582,-4.64355097133739,False,False,0.0,False,0.18473195498408704,0.20591945030719216,-0.0032159333259187406,True,True,0.345558992487848,True,0.1641025164403621,7.256783319284295,-1.031542052201985,True,True,0.345558992487848,True,28.280998930388808,38.9977433504755,-1.722102489500685,True,True,0.345558992487848,True
b977be4a:000,b977be4a,3677,3022368.8181162253,28.046334375849753,28.669948647146743,87.26277016165416,92.475888141089,195.37593658938792,206.04230682612774,87.39801593790102,92.65522563190093,194.85459353282556,205.5454239325695,93.22425826542802,99.87440276199537,179.6622463199601,191.0950061812353,89.62282559205657,97.4965824262603,147.14903741664884,158.68312641615807,-108.1131664277338,-55.57604787024138,-1.3711623500203132,False,False,0.0008158825129181398,True,-0.135245776246874,0.08661770695471205,-0.0016649871140543837,False,True,0.6244220832200164,True,-5.961488103773867,1.4469737090003036,-0.07357033813059388,False,True,0.569757954854501,True,-59.88626725499469,-21.262112199601688,0.255446652046885,False,False,0.32608104432961654,True
bb337fa0:000,bb337fa0,544,90478.5240622484,12.829475183823414,12.896542803825287,-53.73312551547768,53.79407833687978,-109.116848922954,109.15275767502403,-53.64496387983789,53.705980547276454,-108.33640621705878,108.37254958189035,-53.832745658210904,53.89245913227761,-88.94010036029859,88.98266863036719,-41.046050360684305,41.10345314655528,-46.447441470269666,46.47832913123636,55.383723407476324,51.44737671072289,4.4131602401830605,True,True,0.0,False,-0.08816163563979859,-0.10371053232847771,0.019391302897929563,False,False,1.0,True,0.09962014273321863,-0.4013833003991749,0.6414416203897417,True,False,1.0,True,-7.285684045208009,-9.052452424790317,3.2672502803634416,False,False,1.0,True
bb337fa0:001,bb337fa0,779,598033.0197445026,-26.553706033376187,27.707277414997094,-113.89550426989395,114.15312559294165,-224.1101833848384,224.29201980756525,-114.0508497833703,114.3084747642085,-223.32625194758506,223.50872571603162,-122.1038996466599,122.35541384383716,-203.69489930194803,203.89484617048274,-113.14294085648041,113.41556352724812,-149.8878147123717,150.13130590492798,110.21467911494445,106.40911393411807,4.276877957963734,False,False,0.0,False,0.15534551347633782,0.13990039157761203,0.019460460540358326,False,False,1.0,True,8.20839537676595,7.697528149326899,0.652898401258426,False,False,0.07060333761232349,True,35.99231044247775,33.0975302115221,3.9288471636409668,False,False,0.0,False
bb682ebd:000,bb682ebd,3809,6810066.996469044,-40.76593410343937,42.2834296294783,-45.094166458183366,51.244436136316494,-83.61054194734999,97.20825044015874,-44.86542355354919,51.03938808523066,-82.7006287205635,96.30225230913445,-42.33775404566525,49.45800615519319,-64.49783143786934,78.53367861486915,-32.092805252441735,38.17516759856058,-34.7294048854495,44.99194494608286,38.516375489166606,2.7878358244124684,1.7541468684758001,False,False,0.6741927014964557,True,-0.22874290463417626,-0.03035610641563835,-0.021435248463603784,True,True,1.0,True,-2.756412412518119,-1.0492076334503508,-0.5775535197644786,True,True,1.0,True,-10.364761572733864,-1.4809982402257447,-0.7235911174793728,True,True,1.0,True
bc4381e2:000,bc4381e2,426,50943.98930025216,-10.925059859155159,10.935576315097203,-23.307172870631625,23.364748308699724,-39.00009923506175,39.27519032609421,-22.994833494234516,23.052436870327924,-38.14097961053552,38.41799349816366,-14.127811699473082,14.191793184943707,-10.105065337425405,10.523373495043392,-4.4938781932807075,4.50732290698103,13.79259960044999,13.793794082212393,15.692926364430122,10.792130939034905,2.500493610603371,False,False,1.0,True,-0.3123393763971079,-0.2914680210978986,-0.017532434550957987,True,True,1.0,True,-9.179361171158542,-8.564641699760614,-0.5632119189212972,True,True,1.0,True,-37.099772471081614,-33.7306118428005,-2.7044838371548394,True,True,1.0,True
bc4381e2:001,bc4381e2,190,20835.635299000824,-10.468452631579154,10.471926203702631,-28.66118248468898,28.669785906876218,-54.342130734317664,54.37106772186581,-28.324892104047475,28.33356189600382,-53.39061180440633,53.41979261154383,-18.886310098972153,18.89809634435163,-20.492812350102902,20.531953083401266,-5.3419546403272955,5.348509817318457,13.887590555832178,13.888702372352112,25.680948249628685,23.876619872773517,2.9538334585795383,False,False,1.0,True,-0.33629038064150096,-0.3333838464495784,-0.005629759425573866,True,True,1.0,True,-9.774872385716826,-9.694696823898994,-0.12789113178587286,True,True,1.0,True,-42.548773040521155,-41.13731024137451,-1.5816249511990463,True,True,1.0,True
bc4381e2:002,bc4381e2,367,51182.1049015014,-11.75349046321543,11.809351222584962,-35.395662213248926,35.45738182466687,-72.80683751713299,73.01457541330936,-35.05820720264166,35.120630858122816,-71.80636804781415,72.01642287404678,-26.107155562254775,26.214786995476214,-35.5220755934761,35.858801093293486,-8.406439094041495,8.560802970429272,9.902117747762185,10.250947630384525,37.41117530388407,31.358110385699547,2.1705993164432584,False,False,1.0,True,-0.3374550106072655,-0.3407561856729444,-0.0015505514147662325,True,True,1.0,True,-9.288506650994155,-9.802776602256927,-0.0269033795229916,True,True,1.0,True,-45.29777996101111,-45.99376916048277,-1.8311612231973413,True,True,1.0,True
bc4381e2:003,bc4381e2,488,59748.93960400222,-11.054893442623158,11.06509609752873,-46.210510347645,46.2192986377807,-87.30051079081187,87.32810151750445,-45.865476126407955,45.874347574122716,-86.26502458849053,86.29290293355746,-36.03082710343044,36.043807506529895,-46.366930860960956,46.40690941560856,-8.564597252349698,8.566115726123574,19.7604725577767,19.77384019393444,41.09000044316687,40.38080478232587,-1.5056320193889405,False,False,1.0,True,-0.3450342212370362,-0.3450616372829245,-0.0036296503403718816,True,True,1.0,True,-10.179683244214562,-10.098583522765693,-0.41474033840131597,True,True,1.0,True,-65.9709829054217,-61.79072037857259,-4.3069885245095065,True,True,1.0,True
bcebcc5f:000,bcebcc5f,150,18479.426055750744,-11.085296666666885,11.099377176445756,-5.861720304430322,5.9057273218760535,44.091644790885375,44.10071497242673,-5.8516562395939395,5.8957273758184945,43.78593407145456,43.79503900888189,-5.077340199998131,5.127895535767117,33.88851337439594,33.89925404194587,-7.3925624740717835,7.421596342523091,19.424590928654567,19.43408394338136,-49.9533650953157,-48.75454784818976,-4.357529361772322,True,True,1.0,True,-0.010064064836381779,-0.006291368499660166,-0.016149581457284512,True,True,1.0,True,-0.7843801044321905,-0.6564151980364841,-0.5571596807076276,True,True,1.0,True,-25.286311233084888,-24.675618488778127,-3.294680861512461,True,True,1.0,True
bcebcc5f:001,bcebcc5f,307,37301.30276325118,-11.015701954397565,11.022822454526352,30.039839293220815,30.04590660804881,139.02175629039525,139.0370353682838,30.292262842182478,30.298387668553403,138.69470392841276,138.71001897277756,38.8314508819446,38.83942669453938,127.99623481401788,128.0128181991316,40.46142522911759,40.47309587009654,100.57401960349195,100.59273794159128,-108.98191699717441,-106.03571251260291,-4.495682822618619,True,True,0.0,False,-0.2524235489616609,-0.24042305718103307,-0.02063365479989443,True,True,1.0,True,-8.791611588723784,-8.393875501849834,-0.6932641528019303,True,True,1.0,True,-70.53418031027113,-67.80394213492764,-4.300308428950302,True,True,0.0,False
bd2c2f34:000,bd2c2f34,1035,279810.09586475586,-16.152970531401138,16.44226014603555,-66.62163144863688,66.69728657584199,-160.9811634159815,161.1552976979489,-66.91912818713439,66.9951046684834,-160.82446653752498,160.9987700032664,-76.70126962739073,76.78874826276687,-155.36201037889506,155.54237866101698,-84.24083653079538,84.34817245935554,-141.48866788409447,141.6762562105184,94.35953196734462,89.11566222875263,1.587947887057453,False,False,0.0,False,0.29749673849751623,0.2763639441218402,0.006281113501245272,False,False,1.0,True,10.07963817875386,9.379965941276168,0.20747273571396363,False,False,1.0,True,74.86703643545759,70.00122692639343,1.4750886673355126,False,False,0.0,False
be063506:000,be063506,729,149799.63990600317,-14.274056241426761,14.33479942286712,-60.12601306754896,60.19515536392186,-154.3178878322421,154.41526423054967,-60.22403172035405,60.29350243511997,-153.7914421588929,153.88913072670803,-64.97293895245633,65.05125234132828,-138.42274113033554,138.5298857610448,-58.573145508367986,58.65708653895754,-104.39766942738066,104.49063718161491,94.19187476469311,91.89111979859445,1.512074361073246,False,False,0.0,False,0.0980186528050844,0.08904090335818182,0.005783586469988222,False,False,1.0,True,4.846925884907365,4.562151606523912,0.18563730287132785,False,False,1.0,True,44.2716563598317,43.95744169226782,0.7073351432281925,False,False,0.0,False
beda8696:000,beda8696,1155,286388.6306262562,-15.408555411255577,15.746603581462796,-31.351507777550545,31.55081743287687,-59.05494135306985,59.228645500660214,-31.251567412692072,31.450541506240384,-58.53870206838886,58.71343616322211,-29.07632689004499,29.262308397095868,-43.585627033783666,43.79806510344992,-20.365616921272597,20.59762791503618,-16.3266885164113,16.490807408869077,27.703433575519306,23.281986354668334,0.41635289350233506,False,False,1.0,True,-0.09994036485847506,-0.1125349464964529,-0.0007115924472600454,True,True,1.0,True,-2.275180887505559,-2.6784786959433404,-0.018592300370073644,True,True,1.0,True,-15.024819261139248,-14.088291431995458,-1.032256732285532,True,True,1.0,True
bf39bc20:000,bf39bc20,380,52353.90151650179,-11.710442105263356,11.737692492284237,-5.463283260774953,5.531698144237368,11.887822426328283,11.959630241486614,-5.49899566421161,5.566430696942516,11.663577475947204,11.734953281741774,-6.45573288077077,6.502584406855447,3.712180534845629,3.8271035124600776,-8.086314642676404,8.10668199695559,-3.2780672249929586,3.2784096404764322,-17.351105687103235,-14.505083806561743,-4.032772221931737,True,True,1.0,True,0.03571240343665666,0.03420244601329614,-0.0024225522811320843,False,False,1.0,True,0.9924496199958173,1.0713803883609216,-0.24254660426049668,False,False,1.0,True,-2.1852160357819947,-1.5830624708014511,-2.4349354281275737,True,True,1.0,True
bf70b410:000,bf70b410,1924,1685253.4644727348,28.941297557172412,29.59579977076254,-10.23888513330359,10.929676424167015,-86.74985548469816,86.77947311234534,-10.375893360713098,11.053346948772587,-86.42293217010547,86.45266186336934,-15.19394473277078,15.565683408901899,-75.7390980757931,75.77298504522493,-13.223423875706914,13.607707772938587,-49.62272886894098,49.67435634360804,76.51097035139458,69.99339896203855,0.45173784830694785,True,True,0.0,False,0.13700822740950924,0.11148070431590895,0.0016843567736941623,True,True,1.0,True,4.955059599467191,4.120481445403129,0.053252570896802354,True,True,1.0,True,39.3838437356374,35.08012674698875,0.04929579163035669,True,True,0.8617463617463618,True
c03b9305:000,c03b9305,259,29074.441097500643,-10.592030888031005,10.595118184049639,-47.072167342093366,47.093732563959556,-106.76044445231271,106.82118997680288,-46.80178922301657,46.82369361363701,-105.662258443613,105.72348050275839,-44.0516319073473,44.08323304684903,-84.0214385694247,84.09318583625102,-31.456655776915767,31.488749403164654,-45.37640432895959,45.44118513149534,59.68827711021935,55.99195303690249,2.446227732061743,False,False,0.09652509652509653,True,-0.2703781190767976,-0.281996034529584,0.005481864027387928,True,True,1.0,True,-3.0205354347460647,-3.4247681856340932,0.20343558278182172,True,True,1.0,True,-1.6957630131337809,-3.3125448562332167,0.23810836403754365,True,True,1.0,True
c03b9305:001,c03b9305,805,330518.75836275565,-19.521178260869746,20.262830713529695,-69.02793373307169,69.50450526732361,-156.04885547541562,156.42095324216345,-68.86351872678839,69.34235893159597,-154.92047341741366,155.29514550910136,-69.5495434875964,70.05948605747234,-132.27461887749124,132.7061332067122,-53.807404624058144,54.390800595222764,-80.50742653757581,80.97197855949352,87.02092174234393,84.05078276795211,3.7593083746651246,False,False,0.0,False,-0.16441500628331274,-0.17498263856941776,0.015184991571004502,True,True,1.0,True,0.5216097545247084,0.19465686697913043,0.4979178142530145,False,False,1.0,True,11.479492804504115,12.450534243946095,2.298072890169351,False,False,1.0,True
c03fba65:000,c03fba65,192,25089.68027224933,11.399924479166515,11.431334921374315,14.487980352000355,14.506602603916717,-7.191445097328426,7.299368803133867,14.57104144999956,14.589576053891257,-6.881148634793409,6.991231626440811,16.73502626891141,16.75046289029441,3.3155076004921207,3.446150947923118,19.097742312141815,19.11330792396478,11.009496827517902,11.022672490379993,21.67942544932878,19.365241815898116,3.3487337023052532,True,True,1.0,True,-0.08306109799920591,-0.07837725146237062,-0.008596351914093248,False,False,1.0,True,-2.2470459169110577,-2.2510899796870945,-0.03800106485687138,False,False,1.0,True,3.4784835244824515,2.919955944533285,0.9375237333097175,True,True,1.0,True
c07fd0cd:000,c07fd0cd,2729,1166199.7817632332,19.912248625870124,20.672105372961813,35.903476535975145,36.509858347809626,92.03245238175074,94.68158053551377,35.80028302821849,36.41559087675027,91.2936667217515,93.95170690981006,35.20186081564323,36.13089599498476,73.06349927403906,76.00227915130085,25.82519032714395,26.597612529110553,41.034270416649385,43.05611442519411,-56.12897584577559,-21.793578231019637,-2.3872551454915083,False,False,0.3810919750824478,True,0.1031935077566536,0.16699693558985018,0.007965936969412724,True,True,1.0,True,0.7016157203319159,3.6122200179179345,0.05185992576844001,True,True,1.0,True,-5.130793880674237,8.012011442882795,0.465585658845157,False,True,1.0,True
c1708b88:000,c1708b88,4195,3019495.871213467,26.555112514898546,26.828799351881553,93.07139591314208,96.11887595375784,181.81767940634558,190.9704743549897,93.38827242835833,96.46376904531891,181.66333911689276,190.82257586565856,103.89191392195735,107.8996901810352,176.30594211600507,185.6904992588669,112.03701599095969,117.0672690134587,165.10731334435167,174.38788293075424,-88.74628349320352,-22.80088955397514,-3.586544061976383,False,False,0.16209773539928488,True,-0.31687651521627214,-0.015009612687208573,-0.01325699023072957,False,False,0.697973778307509,True,-10.820518008815274,-0.6044674916702206,-0.45303111761859327,False,False,0.5244338498212158,True,-72.0359174312096,-11.531024238669488,-2.9967891462656553,False,False,0.19761620977353994,True
c1d046f4:000,c1d046f4,1526,1697391.0340947348,32.41020150720823,33.35137050965134,53.75707142781282,54.592668390924956,135.0351719488293,135.9684235966497,53.76677956117671,54.606616402116046,134.25207141060795,135.19066068200627,56.49148897369355,57.433428723104065,114.69757494675676,115.78879743527717,44.47723173708123,45.664524588707586,66.91012928776621,68.31029952507971,-81.27810052101647,-74.56658995960424,-3.3332674747398414,False,False,0.0,False,-0.009708133363884451,0.019207749186534784,-0.013643065722135361,False,True,1.0,True,-2.7344175458807207,-1.7936343825840595,-0.44626750959469064,False,False,1.0,True,-13.153057859953382,-10.78483092771603,-2.390995556168491,False,False,1.0,True
c2717d4f:000,c2717d4f,1067,152136.70045300317,-11.868641986879222,11.940837462251517,-35.050759503355714,35.27681167510478,-74.8975701570114,75.86608585769216,-34.770207702314224,34.99987173195004,-73.84261652352852,74.81865581776812,-30.984963099192743,31.33478814732229,-53.21482398323958,54.37768105547957,-20.04129950692024,20.312875012966234,-20.796872942902915,21.735730344201773,39.84681065365567,27.626485012546254,2.7262844212436903,False,False,1.0,True,-0.2805518010415032,-0.29311836678789405,-0.005031409998991876,True,True,1.0,True,-4.065796404162977,-4.85605389416196,0.032202020953263855,True,True,1.0,True,-14.253886560452806,-15.551910042335294,-0.37447431695363775,True,True,1.0,True
c2717d4f:001,c2717d4f,249,38756.48972950053,-12.374979919678806,12.475918929302331,-56.93432037902817,56.96680320078236,-140.58360889663228,140.587218016234,-56.80647873509723,56.83891095848037,-139.4517046400031,139.45534202545687,-58.0420791261737,58.06999060623536,-116.61602485979836,116.62028760917447,-41.26061046173151,41.28604739100872,-59.1791064207754,59.18159987554136,83.6492885176041,84.98538426670893,-0.7838943835304235,False,False,0.0,False,-0.12784164393094424,-0.12253220833372325,-0.0031385306847369066,True,True,1.0,True,1.107758747145523,1.2873387334202562,-0.10826999465643894,False,False,1.0,True,2.2447860417472194,4.397326056026941,-1.6870113264340034,False,False,1.0,True
c2c4db09:000,c2c4db09,533,90255.13336199758,12.92593808630376,13.012847841050375,120.2567498869694,120.29981233926263,283.49077250911176,283.61542674144926,120.42958937158396,120.47322442892619,282.35792844401817,282.4830815665104,132.57422054203266,132.63508156349354,259.43860309435394,259.5746579304214,121.47532751250388,121.5619843447943,196.27643393446704,196.43285481507124,-163.2340226221424,-154.08222008763187,-5.2852408571143314,False,False,0.0,False,-0.17283948461456164,-0.1301652943056979,-0.02861948375539214,False,False,0.0,False,-12.317470655063223,-10.883079187018666,-0.9803670194614824,False,False,0.0,False,-76.01968404749763,-67.8962594002096,-4.731362985696251,False,False,0.0,False
c3957531:000,c3957531,947,436777.6133275062,-20.94627771911314,21.476089042398495,-39.405819863509436,39.45424799037247,-77.73431907469798,78.03955198515439,-39.42082028524194,39.46770022644586,-77.40753719540939,77.71404105019931,-40.223106360949885,40.23997289538741,-66.73818655776908,67.09218282919339,-33.921761329690504,33.94847808121091,-41.705990830216884,42.16653851469194,38.328499211188536,28.81050710475938,-2.5577676985794824,False,False,0.9672650475184794,True,0.015000421732491453,-0.027152248068887275,-0.010398816764791263,False,True,1.0,True,0.8172864974404445,-0.5875605389610428,-0.3476084079757129,False,True,1.0,True,2.3001709667074377,-5.935947108451728,-2.970605331707702,False,True,1.0,True
c42fe306:000,c42fe306,981,376347.9184457564,-19.322724260958374,19.586654177299337,-70.25566817488834,70.47906268494918,-146.6499963179884,147.02537752818958,-70.31762915876503,70.54238150564828,-146.12267448312952,146.49938128843038,-73.63373406290158,73.89835603261564,-130.69636804930417,131.11528701329723,-66.98088167960618,67.29761740018036,-94.5927212470536,95.05143137221586,76.39432814310008,66.8893022618322,3.227749337142086,False,False,0.0,False,0.061960983876697844,0.02360991954265046,0.013418318589174305,False,False,1.0,True,3.3780658880132344,2.1199243415685487,0.44122592157327745,False,False,1.0,True,24.337053072165258,17.02375642768675,2.5430830230779975,False,False,1.0,True
c47e0767:000,c47e0767,544,118589.8578360022,-14.545948529411914,14.764689708847031,-63.080491990526085,63.15012933314728,-122.34984935652344,122.42480471028188,-63.16130054340917,63.231078652173366,-122.02388534495879,122.09902970041776,-66.28644243109045,66.36004430225505,-111.4116615070692,111.49323094562584,-63.53461662540512,63.61030957389964,-88.58051613461923,88.65864747308106,59.26935736599734,56.94213866251812,2.0909800435601937,False,False,0.01838235294117647,True,0.0808085528830702,0.07189218828716548,0.008120067104755435,False,False,1.0,True,3.2059504405643526,2.9181795671374857,0.264503082338706,False,False,1.0,True,25.500024144093146,24.18895459948726,1.5541324849236844,False,False,1.0,True
c59b6c4a:000,c59b6c4a,1413,358133.4313027449,15.831657820240512,15.920303800769867,-5.7039168473057416,5.805598990113991,-73.77424337143276,74.0090507917183,-5.731998368491935,5.833507050838568,-73.2467872783734,73.48325119493653,-7.80873990369762,7.925835775405201,-57.8088676898229,58.10525617914885,0.005865448243025494,1.551291224981829,-21.04710240895059,21.503289452600637,68.07032652412703,58.09219235228011,1.8690914437192987,True,True,0.0,False,0.028081521186192768,-0.011710754793966771,0.0073267753068648744,True,False,1.0,True,2.1048230563918784,0.8035568082214013,0.23777475654424052,True,True,1.0,True,15.343185561644848,8.372905117852497,1.1753237948341848,True,True,1.0,True
c66be2b8:000,c66be2b8,747,141088.99796475322,-13.666206827309393,13.743149587899632,-16.568826039636026,16.617082757545784,-40.91146556251824,41.23105906214903,-16.132725199031132,16.18123067527278,-39.590250057874,39.90742895156119,-10.879440695119385,10.941974600719531,-20.785151810341546,21.06887461486169,-2.5983198301244097,3.1900810562859254,2.0152884424230604,2.8566322999461415,24.34263952288222,17.042389023647047,1.5465665301344416,False,False,1.0,True,-0.43610084060489546,-0.37011474984501547,-0.03415738295734627,True,True,1.0,True,-5.68938534451664,-5.082973913629758,-0.4305420225027774,True,True,1.0,True,-18.584114482059086,-14.49687253364209,-2.694377428091684,True,True,1.0,True
c66be2b8:001,c66be2b8,1192,1581713.5317140133,-34.640086409396126,36.42719975938878,-20.228174417293193,21.447013311503806,-102.09261237451565,102.97508821211414,-19.892180019066874,21.138208391046145,-100.46861065768074,101.36440166564984,-19.691340611647355,21.20942274157165,-75.73935316763558,76.88401046935334,-0.6239104056762821,7.020061664861707,-19.044978451878933,21.178928040825706,81.86443795722245,68.0012398770923,4.4296846525867295,False,False,0.0,False,-0.3359943982263193,-0.38884995253465604,0.016078576032668934,True,True,1.0,True,-0.5368338056458384,-2.2926559172428824,0.5525033745907422,True,True,1.0,True,-1.183195965414265,-7.091899776329228,2.327744591377268,True,True,1.0,True
c6797dd7:000,c6797dd7,2272,711609.6598447403,17.56912345950692,17.697696941815337,32.609604500356696,33.23434805467067,79.83825411825592,81.29699157084353,32.45183105857278,33.085677871593944,79.06531929611201,80.53604551881794,30.10826947225343,31.011752289495416,59.930588408803985,61.76400422961696,17.10952460568925,18.246021298770092,20.624944318226344,22.65703879448527,-47.22864961789922,-32.13763626240143,-0.18240106594203098,False,False,0.7266725352112676,True,0.15777344178392033,0.20544665546549368,0.00300740869170113,True,True,1.0,True,2.501335028103263,4.057856273047946,0.08146999453856552,True,True,1.0,True,11.984660182130348,14.721802932286664,1.7892655890354945,True,True,1.0,True
c70c0e01:000,c70c0e01,768,157013.67053199525,14.191109374999774,14.298422413161605,69.12724498433242,69.30261241172143,146.82759082439324,147.3908372979307,69.20423733144966,69.38199709165325,146.3018966568692,146.8670800130253,73.07178480834277,73.32934856678169,130.97460162210788,131.60089688695743,67.00801456915968,67.34768436334927,98.03937870095139,98.72586405377531,-77.70034584006083,-64.97596333249203,-2.7217828724860738,False,False,0.0,False,-0.07699234711724283,-0.020056770863448037,-0.010587663178739604,False,False,1.0,True,-3.9445398240103486,-2.054601279702183,-0.34404424957028823,False,False,1.0,True,-28.91213371661897,-18.50351459718695,-1.8264812972593063,False,False,0.71484375,True
c84c65be:000,c84c65be,333,42220.933644500656,-11.244381381381471,11.260088388819423,-25.417461016490254,25.491910142903475,-35.95060725385742,36.20389778850466,-25.367585169606862,25.44210759424068,-35.78526912402,36.037368445825294,-23.728166914093016,23.814252256505974,-29.150565109524823,29.39759157662369,-22.18949857382004,22.26963287791135,-24.827737434797246,25.015140481865178,10.533146237367166,7.814157920825892,-0.5334937028710556,False,False,1.0,True,-0.049875846883392534,-0.04468124421327957,-0.012635917557417997,True,True,1.0,True,-1.6892941023972372,-1.683532698027193,-0.3369695516794309,True,True,1.0,True,-0.5897235816930071,-1.184337784674426,-2.198611652775071,True,True,1.0,True
c84c65be:001,c84c65be,2764,541246.032063009,-13.911102749638326,13.99356416138719,-76.28970651911305,77.09064844966997,-160.12077193835339,162.58945569660872,-76.47278757222631,77.28242052635412,-159.7951743494732,162.2685263569966,-83.27512241898971,84.3696073647322,-149.1895074014167,151.819216855653,-82.67561517510086,84.0575339633574,-125.76931081833268,128.35537092099628,83.83106541924033,51.05832641833331,3.508652414975586,False,False,0.0,False,0.18308105311325168,0.03924553215983906,0.014797822397667915,False,False,1.0,True,6.985415899876652,2.199876576625684,0.4919869502155052,False,False,0.8180173661360347,True,49.47960429921963,22.249787225051477,2.7285551088134525,False,False,0.23697539797395079,True
c84c65be:002,c84c65be,239,30469.122599249757,11.267027196652672,11.290964025100237,-83.35066364258755,83.35840282242316,-216.14159103512955,216.1573789498585,-83.74164399919847,83.74941932373291,-215.81452079786052,215.83033262897155,-97.24886468609046,97.25782045113584,-205.11221735938403,205.12885160070428,-102.634980357694,102.64643702568013,-176.85208843871925,176.8704668438213,132.79092739254202,130.19943476696062,3.1956382920925535,True,True,0.0,False,0.39098035661092934,0.38037579491538054,0.013302681045388454,True,True,0.0,False,13.898201043502906,13.546305496458444,0.44219355960012763,True,True,0.0,False,93.50142479613173,91.02873772353996,3.058894823974697,True,True,0.0,False
c8d9680c:000,c8d9680c,5026,4625389.994256539,-29.74711659371283,30.33632274956682,-88.32526376092633,91.70026488302824,-157.5854859847207,168.4551696946977,-88.28903940679398,91.69950707370879,-156.83599439193114,167.7381751260068,-89.23082888202804,93.81359883922029,-138.21476514184906,149.99947303674534,-80.27106095431276,85.23767817994069,-99.58202724273643,109.96062051278008,69.26022222379434,17.206486022181707,2.4547680999494332,False,False,0.413450059689614,True,-0.03622435413235739,-0.16180429698215448,-0.01277236788882874,True,True,1.0,True,0.9055651211017148,-4.056532887179856,-0.13918985988675558,False,True,0.9673696776760844,True,11.256763481810117,-7.929902075960854,-0.5683471616321185,False,True,0.7572622363708714,True
c908edd0:000,c908edd0,155,16640.765307500606,-10.36048387096793,10.361456276866841,-31.25997625573387,31.26589568826395,-116.05457841871576,116.06504093519064,-31.461852687593087,31.46780824026352,-115.72763072306464,115.73812264848023,-38.3187397901069,38.3257918520227,-105.04314575819973,105.05468693660309,-38.872025155250114,38.88130433393278,-79.1273581005111,79.14091001574658,84.7946021629819,83.28597516336777,2.5585099405634537,False,False,0.0,False,0.20187643185921433,0.19579361980504473,0.010341699660784798,False,False,1.0,True,7.05876353437303,6.857802677261134,0.34161929366564436,False,False,1.0,True,47.86738184477723,46.52223553817748,2.271488449661774,False,False,0.0,False
c9578d27:000,c9578d27,3012,6998208.661790541,-46.339353253652206,48.20210006621778,-55.013152380593084,56.535937637074575,-120.3326585622397,124.80444718403834,-55.09537720818486,56.632508214787165,-120.02501872535247,124.50185314533607,-58.34636659640563,60.38701760350311,-109.98700841361624,114.67188438247084,-56.893722974139976,59.14369968917566,-92.77917247187638,96.79361932166915,65.3195061816466,31.296012659629923,3.435090807850429,False,False,0.3336653386454183,True,0.08222482759178198,-0.03648679729667492,0.004584819751471514,False,True,1.0,True,3.3332142158125464,-0.8591101434521988,0.2507535375934822,False,True,1.0,True,37.766020091283316,15.548490063249119,1.9409978765434062,False,False,0.4820717131474104,True
c99f9fae:000,c99f9fae,1237,218155.6823402438,12.977035974130777,13.280010395465556,109.06229441988847,109.204101031416,260.32858915232435,260.64888443625887,109.31543335867339,109.45830472978179,259.5447507055846,259.86600836389766,120.55862072507514,120.73332139121867,239.9272790589695,240.27424053381006,114.84235522241055,115.06399955077713,188.1215836223654,188.49126456016398,-151.26629473243588,-135.76018542845304,-1.2140567323276628,False,False,0.0,False,-0.2531389387848971,-0.187802553673464,-0.004718690121080726,False,False,0.034761519805982216,True,-11.496326305186674,-9.328696081272938,-0.15375562029475986,False,False,0.0,False,-79.0592892024769,-65.69520838484277,-0.6633429617522779,False,False,0.0,False
c9e6734f:000,c9e6734f,1335,195290.63589175555,-12.081844569288565,12.094838590000652,1.3001811269493173,2.1542006908822566,20.73949439763661,21.14146746806514,1.080869790721768,2.035425666850864,19.958366045420227,20.375405146069138,-3.5054188806163573,4.012616671875646,0.5196744981513738,4.042099230250241,-19.85985628275175,19.90120902255861,-43.36096954001141,43.39060362671678,-19.43931327068729,-16.77068492127364,-2.4945610653376207,True,True,1.0,True,0.21931133622754934,0.22829770556018048,-0.009250879043975146,False,False,1.0,True,4.805600007565674,5.0705407164750795,-0.2983807068285387,False,False,1.0,True,44.66115066696073,42.182585298472986,-1.2530612572008977,False,False,1.0,True
c9e980e8:000,c9e980e8,3858,633056.6131185145,-12.745859771902687,12.809735527792697,24.7232822271633,31.589451848913292,51.94407584478736,66.69842626871495,24.530776472516127,31.427595513830344,51.39780087658116,66.2229122987717,11.991837233238014,22.37042562717569,5.215755376349521,29.892503827077782,-8.21992998454742,11.889239096254693,-43.28197445212957,44.328591814889634,-27.220793617624068,4.789574038177307,0.05593960818259802,True,False,0.8408501814411612,True,0.19250575464717426,0.07813527596226777,0.024572384008934023,False,False,1.0,True,12.731444993925289,3.872794665501715,1.2961052664777526,False,False,1.0,True,68.00525667929286,18.116052061390292,5.176327048449821,False,False,1.0,True
cb34231f:000,cb34231f,1140,138335.3944842468,11.001696052631452,11.015754048946588,39.35085665542392,39.539221828726234,104.315467950932,104.92635687315445,39.53147898787722,39.72195557627034,104.15901839686302,104.77080349125922,45.52787805953302,45.78707740457246,98.72001024978526,99.3640218668112,49.547976294412365,49.89755561130783,86.47728696184566,87.15271699423168,-64.9646112955081,-51.45474183424267,-2.7374678576798033,False,False,0.1850877192982456,True,-0.18062233245330853,-0.12482348625053419,-0.011080664276960306,False,False,1.0,True,-6.177021404109114,-4.328946497787911,-0.3656032520066219,False,False,1.0,True,-47.126430306421746,-34.52141210782429,-2.488617868462825,False,False,0.6464912280701754,True
cb879f40:000,cb879f40,457,46995.43224674715,10.140445295404506,10.140741780854471,-39.68661563407627,39.723452613433096,-106.35038605338804,106.43000877115202,-39.55720177964958,39.59449104643719,-105.58746031414158,105.6674697905544,-39.4251834179405,39.47395926408678,-86.8373221110978,86.92760065951434,-28.619280705596385,28.667774071251472,-53.43219583309242,53.49093679111648,66.66377041931176,62.294147953140055,3.2370056987456337,True,True,0.0,False,-0.12941385442668304,-0.14310229985494516,0.009984988269934547,False,False,1.0,True,-0.26143221613576784,-0.7141912923179916,0.3421530710566003,False,False,1.0,True,13.745580199016151,12.258285804833577,1.452892276325656,True,True,1.0,True
cb879f40:001,cb879f40,730,125458.05410949772,13.014026027397145,13.109551788493853,-48.799349503032786,48.97205768999468,-130.64006780143856,130.93346940608055,-48.72683495255179,48.901237523757075,-129.86259238017598,130.1575871886876,-50.39305942596441,50.60930074193403,-110.59815467316805,110.93650752816002,-38.78397627846251,39.05174909431098,-70.6412127755762,70.97775157095353,81.84071829840578,72.21175157902144,2.2436461336874345,True,True,0.0,False,-0.07251455048098412,-0.11090760823572055,0.007842237660952378,False,False,1.0,True,1.5937099229316256,0.33928119230222364,0.25303110802633455,True,True,1.0,True,21.84186327254341,15.648903863515443,0.8550466031756514,True,True,1.0,True
cbb406b5:000,cbb406b5,730,124224.95959325288,-12.893888356164542,13.044967517207697,-43.06044155295813,43.138604299365575,-71.87105479452191,72.29511336770635,-43.16022842893269,43.23938784959883,-71.87105479452191,72.29511336770635,-46.964782971448045,47.079556383889,-71.87105479452191,72.29511336770635,-50.07874015337586,50.24952539555664,-71.87105479452191,72.29511336770635,28.81061324156379,22.04034877180129,0.17943219253174902,False,False,1.0,True,0.09978687597455588,0.07032054722003522,0.0006819046866439749,False,False,1.0,True,3.9043414184899135,2.9167102063674974,0.022642433490545955,False,False,1.0,True,28.81061324156379,22.04034877180129,0.17943219253174902,False,False,1.0,True
cbe51de1:000,cbe51de1,999,298543.3855992542,-17.07529679679692,17.287053763642934,25.967042970789,26.88079277472563,89.54447702435812,90.71164240317471,25.799349444837212,26.724308460482444,88.80866998136781,89.98178550917706,24.46534712872837,25.65302247434755,70.78632370978407,72.1402109218223,14.344426083481085,15.919778332279789,42.60285319409258,43.8174116231404,-63.577434053569114,-48.85754072245982,-5.273597619876455,True,True,0.025025025025025027,True,0.1676935259517893,0.20212847539914947,-0.0062527091959054815,False,False,1.0,True,1.5016958420606248,2.937886759857065,-0.45242411212711886,False,False,1.0,True,-16.635810223303586,-9.900722511971253,-2.859122928142824,True,True,1.0,True
cbe62450:000,cbe62450,313,38770.68330625176,-11.11653194888204,11.129600072938468,-11.128779629240588,11.26054237213835,-16.719642462345682,17.357074038359027,-11.123020596202293,11.2542872341223,-16.701877932105194,17.336807108751117,-10.57189768622909,10.686456412620457,-14.58436047659593,15.110116368309521,-10.46861763662095,10.574347551360495,-14.269608917734445,14.74923269348543,5.590862833105092,1.266813124082546,0.9399993882034323,False,False,1.0,True,-0.005759033038294945,-0.0007422859889629763,-0.0007295436662388965,True,True,1.0,True,-0.5568819430114997,-0.27450909469189355,-0.20636209505937586,True,True,1.0,True,3.140829288493856,0.2925550646832562,0.1931043473596219,False,False,1.0,True
cbe62450:001,cbe62450,3015,933737.5880515168,-17.141709452736475,17.59822081361678,-50.62349400065062,53.114877671800784,-98.90522454078395,104.80494572029079,-50.64369170910939,53.14794217750805,-98.6400903846126,104.53372831351717,-51.992216834213544,54.97413983083131,-89.65973439440643,95.55951573696537,-50.28524162702335,53.265671489539436,-77.21989418393784,81.82845471475203,48.281730540133324,15.991368928902375,3.9215640903003077,False,False,0.5870646766169154,True,0.02019770845875957,-0.02219532925846579,-0.006889459426020039,False,True,1.0,True,1.3687228335629098,-0.9061768457722792,-0.07792545603115286,False,True,1.0,True,26.59640018328721,9.962056122876675,2.3167974775915354,False,False,0.8888888888888888,True
cc08aa63:000,cc08aa63,427,51218.88688400162,-10.939948477751928,10.952194061623901,-28.722661934379573,28.76405138133336,-43.36227164882902,43.53165064398644,-28.608177214635912,28.6496830440163,-42.960349232240446,43.12922670289013,-25.650463024090556,25.700821485428094,-30.83665468706828,31.013737703843095,-21.38937176273329,21.425365431730377,-18.540295277366027,18.631556870288062,14.639609714449454,11.766609170375887,0.47512513659785327,False,False,1.0,True,-0.11448471974366269,-0.10869612357055303,-0.010126694996870356,True,True,1.0,True,-3.072198910289018,-3.056482470849005,-0.20644106101644866,True,True,1.0,True,-10.182366657013546,-9.519172692142092,-1.7950287727035175,True,True,1.0,True
cc08aa63:001,cc08aa63,342,40960.15856725113,-10.93400730994167,10.943790272034555,-34.422704002682245,34.43583373585122,-64.88204311322157,64.97934130218769,-34.33589156146899,34.3492373969483,-64.39618865806763,64.49383674753632,-32.576561316532185,32.59856142452268,-50.342597912794176,50.45509371287486,-26.8218664008831,26.84334718375584,-30.391256417744252,30.481751048574804,30.459339110539315,26.083020468870018,2.4571103303151176,False,False,1.0,True,-0.08681244121325699,-0.0990076320085791,0.004585764259900316,True,True,1.0,True,-1.8461426861500587,-2.2851398128113942,0.18743827620346565,True,True,1.0,True,-4.031447584937991,-6.262746325764965,0.7193575816145312,True,True,1.0,True
cc08aa63:002,cc08aa63,231,24381.986964499854,-10.27164935064932,10.273739685189955,-42.101872611829606,42.10992017120624,-91.85416879062997,91.88453275114594,-42.08390092692105,42.092060781966104,-91.34004192276403,91.37053477752123,-42.59001070184719,42.60188595596199,-76.47477013767161,76.50953068574792,-36.52945076242977,36.54259822064699,-50.51871749973929,50.54921565955084,49.752296178800364,46.84760174030271,3.9333862779985793,False,False,1.0,True,-0.01797168490856012,-0.02871989992672752,0.014850231336822617,True,True,1.0,True,0.4881380900175839,0.13448810276349832,0.49525343384448206,False,False,1.0,True,8.416844887909683,6.58663594338941,2.6576315960683132,False,False,1.0,True
ccedb12b:000,ccedb12b,1041,127736.1131770023,-11.039987512007782,11.077237921878725,-35.40453971481708,35.67907159449358,-78.48990797669006,79.06205177652089,-35.26523203479297,35.54268558412969,-77.73326738120186,78.3092721734678,-33.486439895619036,33.84557611964484,-59.15199372424224,59.844854059306876,-23.67959815949379,24.032697989395988,-26.90684649549986,27.49579358349305,43.085368261872986,33.192120956564395,2.278056365559678,False,False,1.0,True,-0.13930768002411117,-0.16650409042085812,0.003506157196170534,True,True,1.0,True,-1.9180998191980478,-2.862707772108479,0.15338176260411274,True,True,1.0,True,-8.497693219317219,-11.201142680482008,0.16397381184106052,True,True,1.0,True
cd7f1687:000,cd7f1687,369,64402.3761472511,-13.095456639566514,13.211062965594301,-51.76902505503767,51.86647621536642,-135.3929046969398,135.55886847824192,-51.57186137027424,51.67065027852691,-134.26292139521908,134.43025112381508,-51.44697314488956,51.57966315878012,-111.5418385145511,111.7413468786198,-35.73334225441153,35.93083402604111,-58.04855830635806,58.33902435790973,83.62387964190215,77.95145662357754,1.6979018334222928,False,False,0.0,False,-0.19716368476342983,-0.22192222541707451,0.006280148434598232,True,True,1.0,True,-0.3220519101481087,-1.1386499814325362,0.2000093390379334,True,True,1.0,True,6.279533251320387,2.1926225286824774,0.494268876796923,False,False,1.0,True
ce55ba43:000,ce55ba43,139,14750.642035750354,-10.300003597122426,10.301442951155039,-34.6203447431819,34.625180803723055,-46.48487126015183,46.51773445345477,-34.5456505016072,34.55053176123433,-46.24860996851108,46.28143697160937,-32.37828368980666,32.38534059383546,-38.03085105958863,38.06542316357364,-29.43343195489106,29.44076533008015,-30.399418397216145,30.426974257450997,11.86452651696993,10.005572579111686,-0.5098941664145968,False,False,1.0,True,-0.07469424157470254,-0.07767645508647547,-0.009244767139534815,True,True,1.0,True,-2.2420610533752408,-2.388824074931108,-0.23815230604486715,True,True,1.0,True,-4.220926345965754,-5.2932962174836575,-2.0225847764777427,True,True,1.0,True
cf50c9d1:000,cf50c9d1,1135,147589.77329899644,11.33872951541836,11.40329086510477,6.795739359646637,7.657239998131014,-29.680625582424845,31.86654259542228,7.092143796909221,7.90434137521156,-28.872872492854643,31.059521550431853,11.611461861769872,12.059558483541258,-12.888914570886863,15.62774056543304,17.760385498591972,17.818291679809185,3.7587587976617214,4.766080707565072,36.476364942071484,21.175824306916184,4.7814953952056385,True,True,1.0,True,-0.2964044372625842,-0.19380312363500707,-0.05202694192121271,False,False,1.0,True,-4.815722502123235,-3.825748875291538,-0.6942548930801422,False,False,1.0,True,3.0369805619849157,3.605594325446873,1.0092539348643186,True,True,1.0,True
d00e7eb9:000,d00e7eb9,240,34332.91483749913,11.934820833333182,11.96051051681796,73.79648734845532,73.80624827503118,180.63382932902314,180.64620901840948,74.13108136548982,74.14085223078226,180.47715274704413,180.48954313348435,85.45582153371524,85.46590813334431,175.01794850181003,175.03071836744022,94.24500532476716,94.2559026089519,161.59681441437274,161.60985574803016,-106.83734198056781,-105.91774165332936,0.6579038999334443,False,False,0.0,False,-0.3345940170345102,-0.3309009898439399,0.0025322782876173733,False,False,1.0,True,-11.659334185259938,-11.537280797501808,0.08392337740042422,False,False,1.0,True,-87.80032706591746,-86.98930987788299,0.782375650069298,False,False,0.0,False
d085e611:000,d085e611,894,433361.62791549583,21.303059284116227,22.016915093651217,91.89150846373505,92.16663188654532,212.00437164834207,212.2510625705248,92.03457309129449,92.3101912296611,211.22052131506496,211.46812419483297,99.86227372659957,100.14432524565605,191.6019245138941,191.87448087824734,90.48090206650862,90.80523151489908,139.7474714344586,140.06491693941433,-120.112863184607,-114.3725655149683,-4.304480263015648,False,False,0.0,False,-0.14306462755943178,-0.12015526717004832,-0.01933558318160067,False,False,1.0,True,-7.970765262864503,-7.216494842803513,-0.6458999251572095,False,False,0.03803131991051454,True,-47.85596297072352,-43.614320999520714,-3.797036871583259,False,False,0.0,False
d0a0e7b5:000,d0a0e7b5,481,65325.07629674787,11.611901247401056,11.653796352773128,-27.027984070343045,27.035758687559053,-57.35741933824259,57.41984919732284,-27.015115676028955,27.02298699992935,-57.0656579769203,57.128040846073894,-27.098877657747256,27.110636544831983,-47.539202355750604,47.603235895742095,-24.678587726503693,24.688474754667723,-35.11760590029747,35.14870852911043,30.329435267899555,26.156919945340633,3.9081441912057926,True,True,1.0,True,-0.012868394314089173,-0.023276317970157834,0.010723468427386251,False,False,1.0,True,0.07089358740421084,-0.31031939858803526,0.4080220653577271,True,False,1.0,True,8.089621829954423,6.1190542597432795,2.620238789864743,True,True,1.0,True
d0cb63ae:000,d0cb63ae,2269,3275811.287883776,-36.53495879241973,37.9963771317225,-102.17273267230242,105.82277940841007,-223.00709226622698,228.3277186329003,-101.80208341769293,105.47619339284573,-221.96847085750002,227.3125802214492,-99.32728507095834,104.29853245514245,-181.3878254391969,187.69778189088922,-67.49746153467606,73.29778802265635,-106.02313552928771,112.94135308130352,120.83435959392457,84.21557912648314,2.707098345650593,False,False,0.0,False,-0.37064925460948744,-0.43990321389173914,0.0031350009339803364,True,True,0.26487439400617013,True,-2.845447601344071,-9.596957589841622,0.2883040269352932,True,True,0.26487439400617013,True,3.8504028569852964,-12.494950082345895,-0.36676596971847175,False,True,0.26487439400617013,True
d1457cc5:000,d1457cc5,5333,3939654.252838533,-26.611746296643656,27.179612637345837,-36.264366947065845,38.26306137161249,-93.00425441717425,97.52499937367926,-36.336262755848566,38.349374033967706,-92.6863700843406,97.21756284797023,-39.15549841438673,41.636977650612536,-82.31478883669317,87.23260545938147,-36.51993908197475,39.269797542049204,-60.612235031228,64.93846423284099,56.73988747010842,21.479937130630788,1.606400427146582,False,False,0.4736546034127133,True,0.07189580878272164,-0.04302413801269722,-0.00013369014413910918,False,True,1.0,True,2.8911314673208865,-1.044982989445998,0.05296972945143352,False,True,1.0,True,24.347868084162165,4.477143206780966,0.16777668188296957,False,False,0.9248078004875304,True
d1ecf309:000,d1ecf309,149,15036.77509599974,10.04577181208045,10.045792834038924,-6.194731692461427,6.209959007498165,-30.87103991968669,30.894333824132115,-6.102221925497666,6.117603695454994,-30.502695187984855,30.525877317895745,-3.747311611957016,3.773325592716119,-19.094945586830534,19.120018251867958,-0.6202309435071864,0.6904425216272817,-8.795483768009468,8.807598570927722,24.676308227225263,23.314810892590685,2.6994101653217513,True,True,1.0,True,-0.09250976696376106,-0.09055388846718415,-0.004563962138490751,False,False,1.0,True,-2.447420080504411,-2.460889562826196,0.018148823155570426,False,False,1.0,True,2.6007520755480416,2.518443098620992,0.4113632558910467,True,True,1.0,True
d1ee630d:000,d1ee630d,2080,710161.1577287391,18.333957451922938,18.477652273041407,91.85672483232156,92.58654592016914,224.95629863731548,226.74746544921166,92.0534307927871,92.79082568315326,224.1727714324556,225.9700985063085,101.37491336666692,102.3420613830529,204.58361687092025,206.546550281895,92.65568229579011,93.95983699765738,154.72220434118006,156.8942921775351,-133.09957380499392,-108.54333626287007,-3.5794460427623562,False,False,0.0,False,-0.19670596046554464,-0.08885305893636541,-0.015179135683865752,False,False,0.29086538461538464,True,-9.518188534345368,-5.934363151935031,-0.49969379029971606,False,False,0.12259615384615384,True,-62.86547950885849,-43.24987727667212,-2.7312332920337212,False,False,0.0,False
d217e0c5:000,d217e0c5,2925,954994.6105049824,17.670047179487014,18.06914175973301,22.350863660714026,24.005171629561175,54.15821129832628,60.67944134796063,22.20975380002483,23.88148334793829,53.494154392040365,60.033098029877145,19.769473680348394,22.170949958471954,36.884946750791066,44.377595387174566,12.068027517469458,14.137757292546766,11.957782380270109,18.33796987573032,-31.807347637612253,-5.482189900118101,-0.03262442844606994,False,False,0.851965811965812,True,0.14110986068919296,0.09513294471071276,0.026036896186269587,True,True,1.0,True,2.5813899803656297,2.82457553952554,0.5518513609822548,True,True,1.0,True,10.393081280443916,8.225442853832647,3.090961892836276,True,True,1.0,True
d2f3b1ab:000,d2f3b1ab,1835,2019363.315599987,31.604539509536664,33.17333977332723,57.94635450549028,59.50272956367896,140.7535685119766,142.51851209924334,58.08917372003546,59.64984180177649,140.42705776435076,142.19597652596474,63.41344617098874,65.09208528989359,129.77547900002858,131.6816117631884,61.93832918415266,63.84413498657341,105.33052305497283,107.38074249870027,-82.80721400648632,-65.57299525104281,-2.0830471710123675,False,False,0.0,False,-0.1428192145451868,-0.07174089144064055,-0.008073414213868091,False,False,1.0,True,-5.467091665498469,-3.124026556872195,-0.26281669841409894,False,False,1.0,True,-47.384168549482546,-33.09258358966508,-1.5292677762463427,False,False,0.2773841961852861,True
d463e527:000,d463e527,3166,2088627.8175185272,-25.086358496525765,25.684734076848017,-49.124000917600085,52.364571326428354,-105.08499779945159,110.36685939945444,-49.25861455754779,52.51183230361271,-104.93577637867143,110.22216607902688,-54.2078703249511,57.84511276707901,-99.7452149313246,105.20768403668303,-56.42184272649591,60.4066917963182,-90.57023110040133,95.74746579176536,55.9609968818515,27.089976367820782,2.110626255067473,False,False,0.42893240682248895,True,0.13461363994771144,0.020831950951105682,0.0049818361694633495,False,False,1.0,True,5.08386940735102,1.1123623794337618,0.1944180213540676,False,False,1.0,True,41.446230182801266,18.41623488726873,1.3859480501123471,False,False,0.5726468730259002,True
d4f60a28:000,d4f60a28,433,59875.57062974807,11.730280600461704,11.759284143990008,22.016008779760817,22.1320675608548,40.60033612690857,40.92392585248213,22.014529637197736,22.13103784967087,40.524449676306254,40.84705113060459,22.113208733925966,22.25236656427855,37.153482824707524,37.46493928337585,21.940129632687686,22.08831656751763,35.04275686944858,35.30976119225481,-18.58432734714776,-14.709585158052505,-1.7519300712920085,False,False,1.0,True,0.0014791425630820533,0.005720880288208718,0.0008127776000037557,True,True,1.0,True,-0.09719995416514875,0.1633576096046454,-0.04166089084355917,False,True,1.0,True,-13.026748089687766,-10.554911048957365,-0.9104097277013352,False,False,1.0,True
d4f60a28:001,d4f60a28,384,58804.79595699899,12.32175520833323,12.374873311325313,41.90346607650612,41.933786141845076,90.46487677567302,90.50807386163723,41.99231120172744,42.022685219195544,90.32004182338461,90.36324287953522,45.405865718620056,45.437835309364104,85.29816182315307,85.34197682912998,46.88604166255542,46.91818135615738,78.23137150686294,78.26743283286532,-48.561410699166885,-46.317487508551494,-1.3672386901616846,False,False,1.0,True,-0.08884512522132108,-0.08155889268164174,-0.00395131762343226,False,False,1.0,True,-3.502399642113943,-3.257620478310855,-0.13640495336585445,False,False,1.0,True,-36.327905430356815,-34.88310064108555,-0.7867567494013201,False,False,1.0,True
d4f60a28:002,d4f60a28,512,67097.31834949869,11.438662109374889,11.447683167408357,59.27694263500837,59.28159636870346,147.1944912114861,147.2040132225772,59.530167139089706,59.53483966422705,147.0381923941236,147.04772333675356,68.24831194755538,68.25357461892837,141.6104257387592,141.62024141676292,74.01681690344104,74.02237347144752,129.83092394304,129.83902318140932,-87.91754857647774,-85.61410065179552,-2.153323256325166,False,False,0.0,False,-0.25322450408133435,-0.24428461006573343,-0.008497363112837775,False,False,1.0,True,-8.971369312547015,-8.678886986843281,-0.279320866573471,False,False,1.0,True,-70.55398130803162,-68.69778164941272,-1.9034153713018895,False,False,0.0,False
d543916f:000,d543916f,1919,863259.6605695095,-20.580069306930806,21.20963702532333,14.896164202020818,16.508486621137102,61.89042678359291,64.2371718094493,14.455345552084887,16.125024934647076,60.29094789652091,62.69064263910606,11.167068357152543,13.819459089139128,36.234162812547304,39.81127576273694,-6.038806973125879,9.02763424882538,-13.229474381102873,16.396814066360058,-46.994262581572094,-25.88542148187662,-4.117814365670711,True,True,0.7097446586763939,True,0.4408186499359313,0.48742850478811306,-0.0017083203238144051,False,False,1.0,True,3.729095844868277,5.665364029209741,-0.2634708329642308,False,False,1.0,True,28.125638583123692,31.79707239677191,-0.997850018691679,False,False,1.0,True
d60430e6:000,d60430e6,490,95372.82403300214,-13.89482653061241,13.95128726655293,-24.985936890162193,25.082509582232138,-61.02555541702764,61.22798069843756,-24.855961576160215,24.953591835765398,-60.53963282827077,60.742881517417594,-21.749560250253793,21.886174100225432,-46.481015832283965,46.71925183978993,-14.805061272778095,14.956555620342458,-26.452095453898348,26.65308244849408,36.03961852686545,33.48884966258447,-0.7766627113069262,False,False,1.0,True,-0.12997531400197862,-0.13346155112412816,-0.00791713259241078,True,True,1.0,True,-3.2363766399084,-3.394931565340812,-0.22670808144903276,True,True,1.0,True,1.4661585637361543,2.0137742471797537,-2.5625137471361086,False,False,1.0,True
d6c320d9:000,d6c320d9,4064,1815501.7979629696,20.85341067913368,21.13593633168099,23.779905777149118,28.14491687402935,80.91806864282586,91.154733104174,23.924510490337763,28.327500353495513,80.76960525064815,91.01882042865573,29.08303685867349,34.64867350347922,75.58737919916601,86.3189443705679,32.08740829419131,38.98522179385743,66.06053093069995,76.70803634397717,-57.13816286567673,-21.41706569455164,-0.6983130291428097,False,False,0.5585629921259843,True,-0.14460471318863852,-0.01126456292149669,0.0011439344380050898,False,False,1.0,True,-5.303131081524372,-0.7754992020745703,0.0034427853497618344,False,False,1.0,True,-42.28062515355084,-13.967156326360055,0.07881496867230453,False,False,0.6321358267716536,True
d7ba4f9d:000,d7ba4f9d,760,104675.32314150211,-11.700921052631696,11.735871861267135,55.4502143318026,55.905722335949314,122.02992933726723,123.04031542594781,55.454096594226996,55.9137668430242,121.53626214420044,122.54912067174196,57.70840272095411,58.30193800560437,107.26512991886283,108.36293378095412,51.91511765140493,52.53083914145733,85.83301704759117,86.84429169258053,-66.57971500546464,-51.556869704307246,-5.303671105741159,True,True,0.0,False,-0.0038822624243924735,0.04955008156503027,-0.014173364219459472,True,False,1.0,True,-2.2581883891515044,-0.29330982917599613,-0.6204932492128137,True,True,1.0,True,-30.382802715788564,-19.973329313830618,-3.5237725299411977,True,True,0.5092105263157894,True
d7eb0be8:000,d7eb0be8,1998,685501.9915590087,-18.217056056056173,18.52279919098012,-49.8491610000279,50.18758572058546,-57.260160867091024,57.489363834956535,-49.5104218034995,49.85071143674324,-56.194831491472925,56.42580503307452,-43.45116624621663,43.825050133948054,-35.23821427926593,35.55384109130669,-30.043385471743832,30.977581912488215,0.5892983819854367,10.007797983400593,7.410999867063131,0.9107640808142605,0.7367690895844135,False,False,1.0,True,-0.3387391965283991,-0.30654431084985845,-0.01467611232874333,True,True,1.0,True,-6.397994753811269,-5.903623664873521,-0.24873268050032493,True,True,1.0,True,-50.43845938201333,-37.17840390063793,-2.603220675217017,True,True,1.0,True
d84b621b:000,d84b621b,2035,468169.0626614913,15.04577542997529,15.167679698963987,1.1533184621918993,7.35330548746555,-35.320929479812136,40.51694976781003,1.2263534166966645,7.358719636760042,-34.99568350312049,40.168153730597474,3.361844539096404,8.332470353127576,-24.56947505104782,29.743544250125442,6.358488960266374,8.81799489942983,-14.217611714315755,17.642759282996664,36.474247942004034,14.310361972324245,4.736116177482472,True,True,0.8914004914004914,True,-0.0730349545047653,-0.012535215728348703,-0.009298171256887144,False,False,1.0,True,-2.2085260769045045,-1.2803744142820506,-0.5571011813026416,False,False,1.0,True,15.370930176507652,10.919210898331585,2.997436443296465,True,True,1.0,True
d90aa14c:000,d90aa14c,1339,329280.0613894944,15.337093353248562,15.681674262796745,-55.3219514577435,55.525415478725584,-137.33129950314807,137.79027159362795,-55.495599171311454,55.700499548318625,-137.0044149309761,137.46446898395092,-61.480075836272874,61.73201858147027,-126.32523455664753,126.82300878672511,-60.73462721029171,61.05851299999037,-100.65144304910167,101.19006287063169,82.00934804540455,67.98328539600698,4.289182609116324,True,True,0.0,False,0.17364771356795344,0.1144158391853125,0.019151563459672616,True,True,1.0,True,6.158124378529374,4.193395590980799,0.6386961926073127,True,True,1.0,True,45.32949159135817,32.94018690442135,3.8948322814485437,True,True,0.2210604929051531,True
d90aa14c:001,d90aa14c,1164,288547.80428925634,-15.61855970790396,15.744627739454506,-106.53372879993846,106.54686316532906,-272.1385228158771,272.19267552364283,-107.06361422377826,107.07690352462306,-271.8114467750823,271.8656646318223,-124.56530236766729,124.58377751012561,-261.10691025714374,261.1633492790891,-136.45116218945455,136.47805776723266,-231.49453864589182,231.55559690205587,165.60479401593864,157.50943618526617,3.638357524332605,False,False,0.0,False,0.5298854238397956,0.49742334021902934,0.015540130489171133,False,False,0.0,False,18.031573567728813,16.956095421910504,0.5182497926325595,False,False,0.0,False,124.96080984595334,117.08057351222851,3.5801856624584616,False,False,0.0,False
d924e971:000,d924e971,1474,416931.1703394937,16.351521031207465,16.81835210910602,-18.605334758205537,21.91631045182256,-31.637673163551913,37.7994466390955,-18.486414547049453,21.790206232298722,-31.254995199230372,37.37644712985018,-15.730291346772663,19.16958886965038,-20.578652367131333,26.49391123471686,-12.87144400283383,15.799455860909465,-12.077147963031598,16.334429580512328,13.03233840534638,-2.6345108344648906,0.566493220789198,True,False,1.0,True,-0.11892021115607947,-0.011086156137025682,-0.009006339547340758,False,False,1.0,True,-2.8750434114328707,-0.8242664365498058,-0.47447660146281123,False,False,1.0,True,-6.528186795173937,-5.456649007595843,-1.2629063849490194,False,False,1.0,True
d9ae59b2:000,d9ae59b2,397,43684.53052824857,10.488028967254238,10.489833212535965,21.35165513542327,21.426442436464164,46.25724183586872,46.540165004113334,21.187926034212207,21.262420970593933,45.762785091052386,46.04362552473091,17.80784398585217,17.8942349606096,32.75280536664257,33.02072341612055,14.04098852137073,14.091219152890066,21.906462537798507,22.04252758117867,-24.90558670044545,-19.44114053782505,-2.221670612148955,False,False,1.0,True,0.1637291012110669,0.14292133052549616,0.01855714209341386,True,True,1.0,True,3.543811149571104,3.4089826860745234,0.27423766297943075,True,True,1.0,True,-0.5548074023752345,0.20411652963230154,0.9245446270360844,False,True,1.0,True
d9ae59b2:001,d9ae59b2,1115,556912.9625927436,20.946552017937073,22.34890397875896,54.09832205577544,54.32612926222729,127.26949027294201,127.69951096471829,53.99180526366033,54.221667477732815,126.50096447526948,126.93289079648359,53.9617630135419,54.24616012930586,107.55423437625416,108.03489048105179,43.7741354747836,44.05360352770585,71.71830939878579,72.05543952717613,-73.17116821716655,-62.41727320305654,-2.2553142061315157,False,False,0.0,False,0.10651679211511157,0.14181871726214013,-0.005566083631492802,True,True,1.0,True,0.13655904223354476,1.2991295528609044,-0.19605606235199957,True,True,1.0,True,-17.61998734301035,-13.512431051891326,-0.40395503787658527,False,False,1.0,True
d9d6d94d:000,d9d6d94d,596,83053.21427950248,-11.759860738255211,11.804703751907804,-44.27294426921082,44.36157911649275,-91.41629427211282,91.71166501562128,-44.29739516927823,44.386989888820835,-91.10682390396,91.40278279061152,-45.76840235128741,45.89066122391429,-81.09559040162851,81.4143749203323,-43.48429935660393,43.62466685473548,-65.76527662343682,66.04668654270219,47.143350002902,40.003244306697525,3.013898942266678,False,False,0.9328859060402684,True,0.02445090006741772,-0.0009341195127490209,0.00943938882664952,False,True,1.0,True,1.4954580820766012,0.6412959040753776,0.32681296191731235,False,False,1.0,True,21.492332354226,16.64017413597321,1.9097346945527534,False,False,1.0,True
d9d6d94d:001,d9d6d94d,220,49642.44421400101,-14.80627272727288,15.021566952219219,-49.58696115243219,49.6552064846113,-137.7833910603198,137.80977019881826,-49.775120200702936,49.84312593491285,-137.4565927586568,137.4830339613657,-56.4723571836087,56.53278429978681,-126.78665320940473,126.81525809293282,-56.24130924608144,56.29973268062642,-101.79765497356969,101.82931161309827,88.19642990788759,87.84605805755746,1.19490503535053,False,False,0.0,False,0.18815904827074934,0.1868331645946455,0.004603792471243651,False,False,1.0,True,6.885396031176515,6.842968809440208,0.15018500045334804,False,False,1.0,True,52.2106938211375,52.14357265649778,0.8416687334556627,False,False,0.0,False
da3bfe4e:000,da3bfe4e,1319,185393.36254774503,11.81682752084897,11.855631526788134,40.722415250840356,40.76387429275665,50.50431326771136,50.86376011239953,40.63507353643817,40.67704522527403,50.20737471861071,50.5668516119669,38.1202666706961,38.18226458030398,40.52166077027491,40.90063162889936,32.916352937167964,32.96053874242758,26.872861869855726,27.034522556237835,-9.78189801687101,-4.325612916883983,2.1034922171274957,False,False,1.0,True,0.08734171440218391,0.09315555598914216,0.01435975333879469,True,True,1.0,True,2.6021485801442585,2.883573352910389,0.4243134387743339,True,True,1.0,True,13.849553380984634,13.361231184861026,3.5099997431789234,True,True,1.0,True
da3cf798:000,da3cf798,182,21371.28514099941,10.828082417582264,10.836265206788957,-71.12108264998412,71.12603493977734,-163.70054065087132,163.71053229474217,-71.27598605575919,71.28096908631541,-163.1741490162238,163.1841711518483,-77.5238248332152,77.52973202441899,-147.8104048480793,147.82135577599658,-73.44365628166936,73.45033463542786,-114.01891770250042,114.02922396893459,92.57945800088719,90.38022383313182,5.036582603916031,True,True,0.0,False,0.15490340577507794,0.14572894420962257,0.024345596862985985,True,True,1.0,True,6.402742183231087,6.10103277653252,0.8165580674358353,True,True,1.0,True,42.897835052516314,41.182819922183626,4.310352458383932,True,True,0.0,False
dbee6c86:000,dbee6c86,328,38970.57684000066,-10.885271341463506,10.900125424429513,-69.31447913690721,69.33115779937513,-179.32388204562685,179.34047348140896,-69.50180230862628,69.51851246415404,-178.7959884838944,178.81262859132505,-76.80986873667504,76.82729384777716,-163.32011313877894,163.33828846927528,-72.95723759868198,72.97640568252827,-124.34154136161207,124.36060077130921,110.00940290871965,107.91319542112433,1.5980503603059333,False,False,0.0,False,0.18732317171907198,0.17898159376454714,0.006253235369513277,False,False,1.0,True,7.4953895997678375,7.220809086018562,0.2052307297981315,False,False,1.0,True,55.027062224704856,53.39550922335184,1.2034306894674955,False,False,0.0,False
dc7da28f:000,dc7da28f,312,34750.131766251,-10.55225480769246,10.553607319581902,10.221841257172942,10.244306540654465,55.51750597632177,55.54485391626248,10.253742261400511,10.276389516943478,55.1931007938736,55.22059589375402,11.730216613731878,11.757647874303816,44.66295849609654,44.69614480924131,7.875890554989155,7.917505348207169,23.722869661391005,23.76074755812337,-45.29566471914883,-43.369989080871164,-0.20386052177309466,True,True,1.0,True,-0.03190100422756796,-0.02466326957801357,-0.00047894001363602,True,True,1.0,True,-1.5083753565589364,-1.274654737469973,-0.01127927938978246,True,True,1.0,True,-13.501028404218063,-12.295236990741614,0.43696181489394803,True,True,1.0,True
dd64382d:000,dd64382d,188,26590.25926650049,-11.84451063829798,11.892751964532692,-48.33515525846438,48.35983202038979,-109.20610427111531,109.23671294029165,-48.109135971353304,48.13403918799526,-108.09193046104345,108.1228110569057,-46.46230102737843,46.49183431643226,-85.98119904264783,86.01828169338812,-33.061986733951606,33.096296419176525,-42.76222292688889,42.80240323211087,60.87094901265092,59.0954392613221,1.9838513271388365,False,False,0.0,False,-0.22601928711108174,-0.23180603228865948,0.005701155865608598,True,True,1.0,True,-1.8728542310859568,-2.0618399886407133,0.18817351633151702,True,True,1.0,True,-5.5729323315754975,-6.069714959621706,0.1279756605908915,True,True,1.0,True
dd6bc5b2:000,dd6bc5b2,1737,868622.4362237416,22.08535204375348,22.36225586061123,26.891461333749564,27.481621016714666,82.49221193611218,83.99516328924953,26.938874011806966,27.535375820334647,82.18210737271855,83.68817777956768,29.453434862024707,30.24010367719371,72.12163748721176,73.75119300464459,27.174138903060395,28.06577207155541,55.84066769510332,57.19839779590807,-55.60075060236262,-39.287520060212046,-0.8706682739211828,False,False,0.3626943005181347,True,-0.04741267805740244,0.0048927468196779955,0.000762373620091239,False,True,1.0,True,-2.561973528275144,-0.7774707820481126,-0.004880425363808172,False,False,1.0,True,-28.949206361353752,-19.387297748517085,0.4244843354954355,False,False,0.9925158318940702,True
dd7d638e:000,dd7d638e,2103,377128.3381054896,13.351981930575182,13.391368077777814,-26.683058996215937,28.6930511778103,-76.00582226680258,78.88570265975409,-26.640577045964598,28.66559116460291,-75.50629296891002,78.39789775373445,-26.520258063258076,28.967900729493138,-61.01036996592677,64.33047310046454,-20.623120282788243,23.300547234921826,-36.83770868526484,39.80242131953364,49.32276327058664,29.034795831943484,3.6067857491070754,True,True,0.7170708511650024,True,-0.04248195025133454,-0.09288741403724998,0.003976546388003044,False,False,1.0,True,-0.16280093295785616,-2.02682057608763,0.24418991415950586,False,False,1.0,True,10.154649689048908,2.1588300582025113,1.5810213494241907,True,True,1.0,True
df73b8f3:000,df73b8f3,936,503388.6921299956,22.48689423076912,23.1906970952323,97.31655703015252,97.98151787348066,193.59912725986115,194.4668063267571,97.4640116366433,98.13183235554214,193.07154841981506,193.94156778221583,103.54048474873062,104.29536845538726,177.625490790358,178.56892754434148,98.64769249103021,99.52591087302355,140.59867267362603,141.66570544496636,-96.28257022970864,-85.65345726318264,-2.6989766752321884,False,False,0.0,False,-0.1474546064907788,-0.09954745013783395,-0.01085763316041266,False,False,1.0,True,-6.223927718578092,-4.62285349053127,-0.3559661072486051,False,False,0.9134615384615384,True,-43.28211564347351,-34.513660889670064,-2.0936625104041013,False,False,0.0,False
df8290be:000,df8290be,3014,1834081.7371145207,-24.224092568016065,24.668214674632402,-38.21205261216028,42.482185773033365,-78.54153460977054,86.78084228278378,-38.3940896555088,42.684175769984535,-78.67692441934747,86.9124421845443,-45.128323864537286,49.972945925893285,-83.50208106954479,91.5305375654403,-53.2942814144942,59.36337334251256,-90.60005036617483,99.17008948814424,40.32948199761025,16.129824995392482,-0.22739823107804114,False,False,0.7558062375580624,True,0.18203704334851825,0.04276836558528885,0.004505637240072247,False,False,1.0,True,6.916271252377003,2.499452380110597,0.10943092234992946,False,False,1.0,True,52.38799775401454,20.870166366488775,0.615339055626464,False,False,0.6476443264764432,True
e0079ed1:000,e0079ed1,1720,666252.6603507401,18.864385174418448,19.681366768553886,38.39915853285022,39.67543059618609,100.26483338631014,102.65163608169051,38.439650081764945,39.72544066924179,99.9584571517496,102.34904732012825,40.7130147583688,42.28805098729309,90.00386217518758,92.54654829680459,38.994524883165965,40.72243448973021,74.47218613105899,76.71570713846114,-61.86567485345993,-39.64353512566231,-1.8929191188508412,False,False,0.2813953488372093,True,-0.04049154891472109,0.033567512491572415,-0.0021494930624612607,False,True,1.0,True,-2.3138562255185766,0.25963180903272587,-0.11464350257665501,False,True,1.0,True,-36.07302759820877,-20.893574841406007,-0.5385994121916156,False,False,0.6331395348837209,True
e03b45fd:000,e03b45fd,1070,578959.6314380062,-22.69745514018704,23.261207356865018,-120.75931963070747,120.93621804036317,-226.4280032049933,226.64479311146482,-120.67657542382814,120.85358191692575,-225.29662430897568,225.51446362879364,-124.86702512493936,125.04215172357524,-202.49188426087596,202.7316231869567,-103.68183729925485,103.87234618754496,-146.0674848583459,146.2831460947604,105.66868357428585,100.00939033268696,2.6517348030520225,False,False,0.0,False,-0.0827442068793104,-0.10827170881748316,0.010488655672816094,True,True,0.0,False,4.107705494231902,3.2753893068638718,0.34005198970771744,False,False,0.0,False,25.308165227638426,23.675404888241246,1.4838315036886343,False,False,0.0,False
e0f36d98:000,e0f36d98,2938,1010338.7557114846,17.891576923076784,18.544178990785827,30.497935987501243,30.842417058479068,89.68699474327917,92.30074737629913,30.617481664119584,30.96946073447211,89.53416194310826,92.15118338807473,35.17049353274025,35.80216934855705,84.23729492755157,86.97360025992975,37.1800538394053,38.15515838415641,74.20517144614186,76.76937043594178,-59.189058755777914,-30.268381812051302,-0.445687725839889,False,False,0.39006126616746084,True,-0.1195456766183401,-0.0056285687951458385,-0.00016099032836791594,False,False,1.0,True,-4.672557545239008,-0.8909098606964108,-0.01340944659204979,False,False,1.0,True,-43.707235458640625,-19.37261316389413,0.16490055547183147,False,False,0.5309734513274337,True
e201fd6d:000,e201fd6d,388,53570.50185025132,-11.721877577319727,11.750246964968913,-9.806715737037216,9.850472393647266,-10.9909888969279,11.214091871606376,-9.780312920217924,9.82412853760501,-10.919276905135584,11.13891621518342,-8.374123232080088,8.420257946514973,-6.687907524998944,6.846105257231391,-7.7772132109058125,7.830152475469632,-5.1881821640965855,5.2695559556636855,1.1842731598906857,-0.8699925397413608,-0.9889377100789716,False,True,1.0,True,-0.02640281681929129,-0.014304672495200066,-0.0087350870580849,True,True,1.0,True,-1.432592504957127,-1.1082032073918526,-0.42961562731215963,True,True,1.0,True,-4.618533572940629,-4.284782636903401,-2.3672004859927256,True,True,1.0,True
e2fc7745:000,e2fc7745,1507,998329.6030362376,25.298699734571834,25.738329031065167,-38.13991626793282,38.302030032345066,-92.22354141524559,93.02997554170435,-38.02956072812028,38.19470733508921,-91.46225411853565,92.27332785483445,-37.48283058591638,37.74588595032093,-72.72379343824328,73.66554553695666,-27.194631246095614,27.44710568653024,-38.63513705365659,39.30038486724174,54.08362514731277,37.0647977065928,4.2661558084309945,True,True,0.4936960849369608,True,-0.11035553981253562,-0.16202461843931815,0.010148054767341819,False,False,1.0,True,-0.6570856820164291,-2.440478904174597,0.4114584378366999,False,False,1.0,True,0.4952207857237811,-6.549417812866523,2.1077817888563004,True,False,1.0,True
e32da4ec:000,e32da4ec,1752,422471.1268972424,15.419975171232734,15.528570055064536,-30.009262933239814,30.679623004370207,-77.83629249526147,79.9284769545729,-29.976478859109143,30.656980740578266,-77.3223636516041,79.42578485265363,-29.988986425132133,31.00614500674353,-62.42667199884485,64.91945968157809,-23.273978825551946,24.580902082999867,-35.31147805497951,38.0032242791954,47.82702956202165,28.377869207308322,3.9610946812754264,True,True,0.6797945205479452,True,-0.03278407413067227,-0.10093780925126339,0.011490639464682317,False,False,1.0,True,-0.020276508107679454,-2.294589430131964,0.4205130921291129,False,False,1.0,True,5.302215121739697,-5.600462201082337,2.3153168977714813,True,False,1.0,True
e3b34f5b:000,e3b34f5b,3214,2774601.0126619786,28.386506845052775,29.381728003426275,51.92618096498358,53.985002414366534,117.89605233613881,122.01424757721732,52.024382993812345,54.0985962366472,117.5740067314632,121.70160314115849,55.63086375919129,58.19881192441715,107.10523811679136,111.55650364435412,53.82828862446815,56.794055601099366,85.83091934219898,90.1289680920818,-65.96987137115525,-39.02764940926863,-2.2134109858088777,False,False,0.3615432482887368,True,-0.09820202882876349,0.009215650165060651,-0.006373070333211217,False,True,1.0,True,-3.704682794207709,-0.1418878969088837,-0.22520067951882083,False,False,1.0,True,-33.90473837721541,-15.698157699258445,-1.1073215213637013,False,False,0.6406347230864966,True
e46f4ef4:000,e46f4ef4,483,65444.39323349812,11.619960662525711,11.640259368441598,3.475084660217722,3.581479498189109,6.69013579051127,6.859788792574353,3.322885483082933,3.429731452136608,6.229832416204382,6.3978500528533075,-0.42973999486302833,0.7070067178312223,-6.128511283067987,6.142454594281481,-4.016180855920237,4.0597114458852595,-15.804442292162088,15.91430178483305,-3.2150511302935487,-2.075871106088016,-2.0172109145969443,False,False,1.0,True,0.15219917713478912,0.1155022893271962,0.021004754220484756,True,True,1.0,True,3.90482465508075,3.216568891557472,0.3495515430786327,True,True,1.0,True,19.27952695237981,14.59606230117788,1.144160576077411,True,True,1.0,True
e46f4ef4:001,e46f4ef4,1176,282656.3606754942,15.172593537414807,15.50335603001645,22.94223692001339,23.236344666474793,51.50384490349653,52.27405878705528,22.765880962433506,23.06439422056664,50.725064949994696,51.50641668783084,19.453131415336294,19.897294437067163,31.398176175356504,32.60960626078525,4.8415442306454475,6.09990779649751,-9.931150289497547,11.711220434754892,-28.561607983483135,-25.441484550123278,1.1283297631744063,False,False,1.0,True,0.17635595757987899,0.1874987355677149,0.005497911617567297,True,True,1.0,True,3.489105504677093,3.8274966626395326,0.18760509302410355,True,True,1.0,True,32.87338720951093,30.70699906876871,2.5423324359235266,True,True,1.0,True
e46f4ef4:002,e46f4ef4,883,178069.1010389964,14.113861834654447,14.200836633313761,38.051756680754885,38.10549327412663,93.88337860986942,94.00182838973414,37.98459813702068,38.03878828124274,93.0995252845888,93.21896870523427,38.124897086393496,38.19293162547401,73.48054062901434,73.63140298734973,23.098790701034424,23.21709989100743,21.583072828310957,21.939256969100327,-55.83162192911454,-53.38864298908993,-0.8325497032637941,False,False,0.6761041902604756,True,0.06715854373420825,0.07705539518246951,-0.003205871344107436,True,True,1.0,True,-0.07314040563860164,0.25111646285586176,-0.10411235814353859,False,True,1.0,True,16.46868385244393,17.44234034094916,-0.32964670825640496,True,True,1.0,True
e46f4ef4:003,e46f4ef4,243,52094.1604897494,14.425672839506085,14.641695983549477,45.05805248196061,45.10598314095167,108.71898352242371,108.72018909657416,45.02527011196938,45.07294000472703,107.93503450037124,107.93624882599623,46.27478463154569,46.312376553296936,88.29950838629715,88.30099099231633,31.118264640871615,31.156340472799446,33.342784993545536,33.345139677502296,-63.6609310404631,-66.45076667198373,2.692094841881044,False,False,0.0,False,0.03278236999123295,0.021319973675417714,0.010939557907477138,True,True,1.0,True,-1.216732149585084,-1.597637948090778,0.3631776480742701,False,False,1.0,True,11.715267488415074,8.720703335853614,2.923983242473696,True,True,1.0,True
e4726608:000,e4726608,549,136405.52627975284,-15.509281420765186,15.76267098249158,-51.09943079374378,51.25917395289421,-130.25419592080362,130.3720260197015,-51.1577138964757,51.31772826600916,-129.72701260767948,129.84531063633992,-54.14316553517052,54.3081075421934,-114.31198603667876,114.44538133168416,-47.54815444466969,47.731509062603536,-78.7671969804014,78.91596901886344,79.15476512705986,75.89445571979377,2.4284335813827056,False,False,0.0,False,0.05828310273191595,0.045657980770556605,0.009631172117224196,False,False,1.0,True,3.0437347414267397,2.633978137242593,0.31440011069207685,False,False,1.0,True,27.6677661866576,25.67160699230226,1.7660076436586678,False,False,1.0,True
e5864244:000,e5864244,578,78800.39994375137,-11.648265570934358,11.67616683141357,14.803268218201813,14.909761410614076,81.08505190311531,81.21714419000956,14.995595053723532,15.101992828367003,81.08505190311531,81.21714419000956,22.371896429300715,22.473920376065898,81.08505190311531,81.21714419000956,28.755382890799773,28.871847154096535,81.08505190311531,81.21714419000956,-66.28178368491348,-60.802518559654345,-2.7403631475353905,True,True,0.0,False,-0.19232683552171817,-0.17032186986943998,-0.011111605956102721,True,True,1.0,True,-7.568628211098902,-6.838911670643938,-0.36932694857387105,True,True,1.0,True,-66.28178368491348,-60.802518559654345,-2.7403631475353905,True,True,0.0,False
e730c32b:000,e730c32b,4001,4208958.791314787,-31.237762184454027,32.43419034988824,-43.842386615062075,47.24267015213997,-97.02821954108204,106.55606035876663,-43.90575525505251,47.33222043275158,-96.74632337536505,106.27665728904127,-46.39821084387419,50.74038194544544,-87.31811846965964,97.15561975974462,-45.31565103958124,50.013382444108146,-72.06359754910662,80.42058846895587,53.185832926019955,10.33993463752995,1.4372518636992027,False,False,0.5098725318670333,True,0.06336863999043911,-0.02329280539379397,-0.00793975817214232,False,True,1.0,True,2.5558242288121167,-1.09231366385211,-0.18741013752514846,False,True,1.0,True,28.221210934044546,3.9512010418529826,-0.18286560649357853,False,False,0.7473131717070732,True
e7818f7a:000,e7818f7a,326,53979.882081498734,12.781211656441565,12.867884844553727,21.720223409300484,21.82145369800688,36.238670132885815,36.46411235687128,21.56496394738046,21.66604978670119,35.73549517032314,35.95991927482199,18.09643362973588,18.207814768480773,22.560067646526292,22.800456283992133,14.239727188801577,14.32325050962159,11.420196827893742,11.570160133048013,-14.518446723585331,-11.842226004948316,-1.9607179298527626,False,False,1.0,True,0.1552594619200253,0.13735859604275902,0.017458448019169737,True,True,1.0,True,3.6237897795646044,3.40057796551082,0.26129302111257857,True,True,1.0,True,10.300026581406742,9.139404517965886,1.1653629963475396,True,True,1.0,True
e7818f7a:001,e7818f7a,3595,3954855.2373662177,31.6583386648121,33.16773755154606,65.83884802442059,69.12124120218438,151.9621648449221,160.53961530059206,65.83660534952564,69.15604426846959,151.1986984122889,159.80916194836436,69.10034422562059,73.52455129487865,132.29369703208843,141.78205213618136,59.49826899202797,64.59896269171676,93.69763009930186,102.74790865853741,-86.12331682050153,-33.36614730725523,-4.151216288693831,False,False,0.15910987482614744,True,0.002242674894950444,0.17854134787921794,-0.0021212441079114797,True,True,0.8723226703755216,True,-3.2614962012000026,2.9643367740154645,-0.25216276886567357,False,True,0.791933240611961,True,-27.858782074881276,2.9239660567600367,-1.5984277541974734,False,True,0.5204450625869262,True
e7d0c1de:000,e7d0c1de,546,127723.57190474776,15.210140109889972,15.294638141175534,62.03499190492023,62.137372773954134,143.84864694974064,144.06697581107846,62.14717571962983,62.25043256269813,143.32149587278715,143.5406126494866,66.87138498029044,67.00173837031818,127.90873223037543,128.15311395725357,61.75262791594148,61.91999640041472,92.45248027929127,92.73437792300085,-81.81365504482038,-74.64740138652269,-1.9795362819950242,False,False,0.0,False,-0.11218381470958914,-0.08192261764088471,-0.007687495217396645,False,False,1.0,True,-4.836393075370201,-3.8371032120139716,-0.24970336061596754,False,False,1.0,True,-30.417488374371025,-24.520370735319375,-1.3111452907087369,False,False,0.9706959706959707,True
e85074c5:000,e85074c5,361,63398.529879247726,13.161757617728297,13.252139311877402,23.087324490931046,23.12434439032564,80.68703974817664,80.73639030297109,23.074455022346267,23.111808500747347,80.15913495014583,80.20880951962168,23.534761361087757,23.582108825247985,64.68185919018593,64.7432864533884,13.461926398405971,13.558504409967401,25.567646907073325,25.693770319791614,-57.59971525724559,-54.654231006677946,-0.4623380388238729,False,False,0.5734072022160664,True,0.012869468584777121,0.02458260944149515,-0.0017775652668206021,True,True,1.0,True,-0.4474368701567098,-0.06139009401158546,-0.057350177097760024,False,False,1.0,True,-2.4803224161422808,-0.035678747059137095,-0.0740144911360403,False,False,1.0,True
e9949a23:000,e9949a23,294,60651.83155975164,-14.18776020408184,14.363103661878805,-54.47967679530521,54.539649228297144,-112.6253882682514,112.70851453787472,-54.47541046029846,54.53572191852597,-112.09825344011558,112.18176493101046,-55.41014834735518,55.48037561908404,-96.68713561339972,96.7835107165834,-46.397830752937224,46.48865506981672,-61.32725576661145,61.45401539994633,58.1457114729462,55.140908722762106,2.9125316191402817,False,False,0.30272108843537415,True,-0.00426633500674576,-0.016309742810335592,0.011811648100774619,True,True,1.0,True,0.9304715520499677,0.535693083267688,0.38743598877954355,False,False,1.0,True,6.847578971306247,4.519077537730482,2.2749501554826566,False,False,1.0,True
ea0b99b7:000,ea0b99b7,184,20043.708521250403,-10.432644021739238,10.437106806249352,40.75161668737135,40.76216555236879,133.08182799804382,133.10594348733582,40.83580279064044,40.846490090923325,132.5546217719299,132.57883161630315,44.850123023475,44.86524796272383,117.13859884475941,117.16586973952583,38.42864790760017,38.45095491383649,81.5958757343902,81.62826065281425,-92.33021131067245,-89.12302641960378,-4.580177962385278,True,True,0.0,False,-0.08418610326908571,-0.06903882046754006,-0.02111747102026129,True,True,1.0,True,-4.098506336103642,-3.590674644261526,-0.705231249326971,True,True,1.0,True,-40.84425904701885,-38.04766815989933,-3.9708487532279833,True,True,0.0,False
ea3a0e38:000,ea3a0e38,492,69468.82193150204,-11.849174796748141,11.882625658654039,-1.3861552184878236,2.155859560596631,16.449231771681276,16.7931291842159,-1.476478577473045,2.2099628655604917,16.12525812091871,16.467979667288056,-3.7269914642513617,4.041077705894405,5.644481142046789,6.188061512713209,-6.35815135149434,6.461433383173661,-2.726077697464794,2.896834651036998,-17.8353869901691,-13.43721355460184,-4.160668383117809,True,True,1.0,True,0.09032335898522123,0.07525021744186233,0.01109625665776548,False,False,1.0,True,2.340836245763538,2.2013359704124014,0.0541798822414421,False,False,1.0,True,1.3399224789769706,1.2416701288984768,-1.7233174765951844,False,False,1.0,True
eafb863e:000,eafb863e,263,92924.19718425082,-18.21137072243355,18.796913141959052,-43.32637426691497,43.54519002620241,-69.08208672405914,69.16285614194938,-43.304982905257795,43.523487740869214,-68.75853097967638,68.83965667823327,-42.88991606408955,43.096919810681996,-58.267184654649796,58.36168647053196,-37.37257556845554,37.57522036663201,-38.00903966297885,38.12511706185352,25.75571245714417,27.660074634826742,-0.821065174170144,False,False,1.0,True,-0.021391361657179385,-0.013544231615014724,-0.0036184098717058077,True,True,1.0,True,-0.4364582028254227,-0.17198236435251602,-0.1243122487248911,True,True,1.0,True,-5.317334603936124,-2.7635344565896958,-1.5020609804141714,True,True,1.0,True
eb640a35:000,eb640a35,1707,362402.5978342575,-14.493865553602964,14.570648804404263,-2.9111782754205286,6.679621590420004,19.79642623961453,23.748392053744396,-2.9996072103527847,6.699715362433724,19.472407571659662,23.414070597902658,-5.374915632233205,7.930826033989707,9.03687649153696,13.845256136293095,-8.656209989038215,9.613415691025185,-0.719232412257438,5.427190313841447,-22.707604515035058,-10.477240921294651,-3.274320757651367,True,True,1.0,True,0.08842893493225612,0.021077103292554966,0.011611871430432075,False,False,1.0,True,2.463737356812676,1.279558792759417,0.4030551469168131,False,False,1.0,True,-2.191945863163091,-5.187849768144588,-1.210631263862524,True,True,1.0,True
eb934281:000,eb934281,146,18016.212396499413,11.08771917808201,11.108497425147855,-45.29203481890189,45.292606060518345,-131.0297063702113,131.03460367598623,-45.40359142808865,45.40413164915912,-130.50173859577038,130.50665567690294,-49.96185918994553,49.96186974359407,-115.0157751865988,115.0213476681065,-43.832933084316785,43.8332326351482,-74.91157652854807,74.91877814675188,85.73767155130943,83.45507447222917,3.504708580183433,True,True,0.0,False,0.11155660918676366,0.10153961611831619,0.014839501131064026,True,True,1.0,True,4.669824371043644,4.335269716129915,0.493449498902919,True,True,1.0,True,29.61954170964619,27.500700234406395,3.199781264336707,True,True,1.0,True
ebe69318:000,ebe69318,3943,5353964.67674972,32.40380484402726,36.848885937210135,22.31426340677841,23.29353826002724,60.27059247388089,65.18909713392819,22.320409638373327,23.3158752974495,59.973152316238405,64.90085139894357,22.581140835835882,24.191450968568336,50.16284902658551,55.55525058684156,19.45537091345078,21.325602530428444,33.3179347886314,37.74227007618436,-37.95632906710248,-10.89650512818298,0.013434760308882687,False,False,0.7648998224702004,True,-0.006146231594922581,0.04913038369886635,0.010766630624857498,False,True,1.0,True,-0.2668774290574739,1.9809514359640161,0.26029728609137237,False,True,1.0,True,-11.003671381852993,-0.5414414896968083,1.6689158266690356,False,False,1.0,True
ec13af42:000,ec13af42,644,91082.4456529992,11.791141304347791,11.892534171756509,16.73879630196317,16.844823897519735,47.94740052546765,48.23952652104045,16.75337740527236,16.860326576923747,47.79983909796352,48.09254636920699,17.505726870700446,17.64648747984026,42.69678228208006,43.013769363086105,16.633022205987665,16.815337153839515,35.06098963624207,35.36220896231219,-31.20860422350448,-26.281728090827528,0.14202691966602288,False,False,1.0,True,-0.014581103309190225,0.0034895375538326334,0.0017459885730204405,False,True,1.0,True,-0.766930568737277,-0.1629838342541916,0.053158809918386396,False,False,1.0,True,-18.322193334278904,-14.66376486047011,0.7120877343277243,False,False,1.0,True
ec13af42:001,ec13af42,1928,385885.0121052422,13.919360217842176,14.147361162259768,39.21983685854544,39.7379725531998,101.79368847389128,102.75657617062402,39.36093564256585,39.88224195747911,101.63737893244226,102.60168528056641,44.16526488584613,44.78642154541463,96.20611944800696,97.22095934771309,46.45516010466968,47.19884545258148,84.13120192301005,85.1581327083826,-62.57385161534584,-50.81049193925355,-0.3804853192086739,False,False,0.24481327800829875,True,-0.14109878402040016,-0.09158455206306826,-0.001356251135803177,False,False,1.0,True,-4.945428027300673,-3.3073996742041345,-0.042512802516284864,False,False,1.0,True,-44.911365064464604,-34.85529321646027,-0.07093936245473742,False,False,0.7650414937759336,True
ecdab904:000,ecdab904,5684,2084130.8589975291,-18.297014602392824,19.14853078830662,-53.66766422543824,58.02544606394573,-109.45234057719158,125.10820133212407,-53.6261117266845,58.02691809091135,-108.76407468310562,124.44568316852259,-54.61860850122212,60.54520203182201,-91.44171076817415,108.11866915018726,-46.092744717003455,52.10458117641238,-57.730520037806585,71.76253363835237,55.78467635175334,-1.0300656977306062,-1.0664271998721233,False,True,0.4897959183673469,True,-0.04155249875373686,-0.03947409407010127,-0.023952249513968127,True,True,1.0,True,0.9509442757838757,-1.653587270193384,-0.7043314167694916,False,True,1.0,True,4.062855812368355,-7.171921901552196,-3.6425071388293873,False,True,0.7950387051372273,True
ecdaf714:000,ecdaf714,981,291411.1585317548,-17.017843527013405,17.235289596457502,-106.64312173787535,106.70488944912745,-235.88011557178564,235.97576411184144,-106.80676086089822,106.86883932142814,-235.09621395401004,235.19218048131373,-115.19762343734193,115.26827885637907,-215.47011482208606,215.57467382692866,-105.56377971360169,105.64791275301938,-162.6001150169518,162.71044443558884,129.23699383391028,124.15974882243427,0.27243906388139294,False,False,0.0,False,0.16363912302288913,0.14186168426385848,0.0010357204755564453,False,False,0.5127420998980632,True,8.554501699466586,7.831147252038136,0.03295686630917771,False,False,0.0,False,55.95699327907648,52.27939757974127,-0.16495493936236016,False,False,0.0,False
ed6e6e54:000,ed6e6e54,143,15644.464851750896,-10.45789160839191,10.459534029302937,-46.128790438224314,46.130391204567424,-70.45620590165952,70.46600437514215,-45.91256985665334,45.91419883196875,-69.6921521398421,69.70203362919574,-41.30244086508822,41.3050726459188,-50.91055137787594,50.923044212038086,-28.42761406261142,28.430136402132074,-17.27525028239244,17.288463641517854,24.3274154634352,23.222287464583133,-1.9522426311104937,False,False,1.0,True,-0.2162205815709751,-0.21964278618361277,-0.010249837783703697,True,True,1.0,True,-4.826349573136092,-4.93810285631298,-0.3395176039830403,True,True,1.0,True,-28.853540155831872,-29.09051011930387,-3.599663113594943,True,True,1.0,True
ed6e6e54:001,ed6e6e54,870,226071.09815199635,15.806436781609062,16.119920500930444,-36.04097491283615,36.13582531556294,-92.89067726132176,93.10415733667139,-35.95784917526058,36.05392788092262,-92.10848213180216,92.32372475971553,-35.5898832916271,35.72237160490415,-72.61594977009955,72.8851876424962,-21.78063134435849,21.997645298389315,-27.433423929595225,27.86723395521839,56.849702348485614,51.57882267241803,2.1639852457428788,True,True,0.4862068965517241,True,-0.0831257375755761,-0.10340082199400058,0.008247241907156422,False,False,1.0,True,-0.45109162120904656,-1.1031764846138685,0.26566141073271865,False,False,1.0,True,-8.607550983240921,-10.931153303439714,1.1426952652855107,False,False,1.0,True
edf885a3:000,edf885a3,1117,503570.7395889927,20.84391584601596,21.23262340966732,-27.420549863453083,27.461385026553728,-70.04897769970201,70.23566706204979,-27.37245680833512,27.412499315974188,-69.5496708024473,69.73659222337791,-26.95864567380169,26.97792218664552,-55.110497225942225,55.30884920359743,-21.256986076832547,21.299386936252983,-32.323252207767794,32.372586988508054,42.62842783624893,29.946142086260807,4.166067860114708,True,True,1.0,True,-0.04809305511796084,-0.08446801650825364,0.01001230091060279,False,False,1.0,True,-0.46190418965139485,-1.7467619662766083,0.40417712753151136,False,False,1.0,True,4.902702344314711,-1.2424615308318607,2.3645514818017546,True,False,1.0,True
ee0300f7:000,ee0300f7,4266,3427351.8664702824,-27.48812365213329,28.344507875292493,-5.87420303090017,7.6026377497676325,29.88793772627058,35.63297156849094,-5.947751269903455,7.662167749249995,29.473175675310515,35.21375220615249,-7.561464849871963,9.286185841973406,16.91357640634324,23.423251302331522,-13.363091367677836,13.717644913215523,-2.8829850076562673,6.2406320273509195,-35.76214075717075,-5.546593868104537,-3.15767454431807,True,True,0.869198312236287,True,0.07354823900328591,0.0035357427295821253,0.0032657298161211656,False,False,1.0,True,1.6872618189717932,0.5658765627813409,0.3785322622370586,False,False,1.0,True,-2.991218023243903,-3.6026454316634045,-1.8376858124684077,True,True,1.0,True
eeda36f5:000,eeda36f5,286,40475.493929750686,-11.866064685314786,11.896331621473879,9.360386955137532,9.437518235603289,28.40244838684578,28.529837073669732,8.944374962626666,9.022364023677337,27.351756407069328,27.477370170398867,4.151225822341565,4.264075854842195,12.577815332587612,12.687203589165076,-1.1528551557209596,1.283514530377674,-0.8594478275412754,0.8635179834073095,-19.042061431708248,-15.262593084416949,-5.031275699224352,True,True,1.0,True,0.4160119925108648,0.3663307768001687,0.07624624899290211,False,False,1.0,True,5.209161132795966,4.707339684167891,0.7748875637589663,False,False,1.0,True,10.219834782678808,9.242432635126534,-0.6952036760067131,False,False,1.0,True
ef8e3ed0:000,ef8e3ed0,2620,1750088.596202487,25.473367175572424,25.845168729226174,-29.212491782008847,30.087428836106135,-96.32750435902572,98.59305872011971,-29.375669850202303,30.258669624466926,-96.17241003800461,98.44122171568972,-35.32806786944277,36.4554599702505,-90.79671055976604,93.18119971348476,-38.46024683272548,39.91132183123302,-79.82581604754826,82.18727566786923,67.11501257701688,43.189778981040945,4.383355818923519,True,True,0.1484732824427481,True,0.16317806819345515,0.06740734180129948,0.018958399483381072,True,True,1.0,True,6.11557608743392,2.955385373887111,0.6390381854216685,True,True,1.0,True,50.613324265539404,29.966518639821516,3.9071529825123434,True,True,0.501145038167939,True
efde6ac3:000,efde6ac3,952,364008.7016802438,18.770265231092264,19.554080944828236,69.63740152313228,70.02260551826586,147.10929351813147,147.5575202506948,69.59111623841636,69.97822693717481,146.32778946045258,146.77831011996608,71.2983970890562,71.7295706986024,126.87351364747765,127.38699982653516,59.74285893714378,60.23671244718939,82.78253236934985,83.33885050190173,-77.47189199499917,-71.42978872804633,-2.0092920690603933,False,False,0.0,False,0.04628528471593612,0.06972681065599318,-0.007433541193677229,True,True,1.0,True,-1.6609955659239002,-0.9069940679164574,-0.23812239193466667,False,False,1.0,True,-13.145130846217551,-10.619885216961848,-0.8825799613459822,False,False,1.0,True
f0188a48:000,f0188a48,406,55873.49294249767,11.700253694581043,11.731131264505915,24.059970510127606,24.061288975011564,57.932549402879886,58.10879974481994,23.82329270434539,23.8245944313302,57.41342820111616,57.5897885370977,9.670059945447871,9.698406774256979,20.28280987639016,20.38004893670208,0.043393956215023254,2.1597904484426187,-3.1136030287239747,3.305307490141338,-33.87257889275228,-26.036121286004345,-3.5963453348867915,False,False,1.0,True,0.2366778057822141,0.21572404708240356,0.01280799287087575,True,True,1.0,True,14.389910564679735,12.816864717266071,1.022219846572625,True,True,1.0,True,27.17357353885158,25.21072694733266,2.774477224884322,True,True,1.0,True
f0188a48:001,f0188a48,2219,3677243.791915479,39.56677377196924,40.70826196388812,55.58568702268347,57.30517395121004,130.412808391397,134.08942026550483,55.32844300006493,57.057212015923575,129.80437559047215,133.49516736270303,40.74001948308713,43.748841166069944,74.30618088820765,79.08454100260269,14.144670774787244,17.326334977071046,9.419341553751282,14.716337503285919,-74.8271213687135,-47.443326426708154,-1.3916461525095656,False,False,0.11131140153222172,True,0.25724402261854173,0.2604156081797555,0.0032110668453242397,True,True,1.0,True,14.845667539596334,16.507603585661855,0.561114495703805,True,True,1.0,True,46.166345468932185,34.924686167785694,4.193430139966949,True,True,1.0,True
f021b650:000,f021b650,228,23489.362068249226,10.149866228070008,10.150050139935189,-7.533722472783506,7.657593887200758,-37.443591172832164,37.59048565235859,-7.262724499110559,7.389385221871673,-36.65846829017378,36.80549659208027,-3.118124020376934,3.3839089876708233,-21.13348722488834,21.307622828592894,2.244607010002112,2.4100027839404126,-6.536439769594628,6.704593418724172,29.909868700048655,26.247658287989907,4.506774095760193,True,True,1.0,True,-0.27099797367294776,-0.2517239648041141,-0.03035862319484295,False,False,1.0,True,-4.415598452406573,-4.294811900444984,-0.25458639000680705,False,False,1.0,True,-0.9972827031888779,-1.4756943539305212,0.8010671940573957,False,False,1.0,True
f021b650:001,f021b650,167,20261.75232174945,11.00202694610763,11.014892564799194,-26.521335439011292,26.530222378809924,-81.50954562347556,81.52650181869771,-26.222594746960713,26.231618303977285,-80.45588498379843,80.47293504450259,-22.892009232759396,22.904328933185973,-59.90733292235169,59.92653671533618,-12.054195707962,12.06740302435559,-28.6037246469497,28.614527510768625,54.988210184464265,53.22615732196209,3.1020256282881746,True,True,0.5748502994011976,True,-0.2987406920505792,-0.3009712765669974,0.0030095445890765404,False,False,1.0,True,-3.6293262062518985,-3.7452430128196283,0.1951721752757294,False,False,1.0,True,2.0823892079384065,1.966634745043848,0.42970325021269673,True,True,1.0,True
f053a1b9:000,f053a1b9,300,39814.69078299909,11.498463333333202,11.520227252243346,-16.617328445742622,16.66340740406318,-76.76476226683353,76.82354448844968,-16.882921251715125,16.928753949872938,-76.91700260853762,76.97569486854108,-25.968193941682124,26.009622641433413,-82.16854085952315,82.22436078095329,-38.078460148932905,38.12496990354059,-91.02211395620203,91.08104227954497,60.147433821090914,56.23651363696081,3.9276301383506507,True,True,0.1,True,0.26559280597250107,0.2482631346083508,0.017848215542471735,True,True,1.0,True,9.3508654959395,8.770067243111043,0.597996962356774,True,True,1.0,True,74.4047855104594,70.01392230548299,4.370553208698766,True,True,0.0,False
f08774c3:000,f08774c3,261,64943.24727550068,-15.525218390804689,15.774178336920864,-65.28497194939465,65.35160120783358,-142.5649196163783,142.61911186397734,-65.33362524813873,65.40037170312323,-142.0397979900393,142.09417948260892,-68.14830327347411,68.21737868368608,-126.74447590087844,126.80479689050583,-62.074966400718026,62.14909115691884,-94.65160462353138,94.71522967436445,77.27994766698362,75.4711274550391,3.277166607491381,False,False,0.0,False,0.04865329874407169,0.041816854900389444,0.013469956005792483,False,False,1.0,True,2.863331324079471,2.6432554936818633,0.4414180745407066,False,False,1.0,True,29.36663267413673,28.368125596562095,2.4209121834519465,False,False,1.0,True
f16e25e3:000,f16e25e3,443,49664.00840150186,-10.570311512415545,10.588124059978,-19.239086703907567,19.249172423560516,-45.78515768047021,45.857777655174964,-19.14463341822401,19.154624853960534,-45.31857224651895,45.3912375420549,-17.079135910238055,17.08603998263622,-31.741852482392805,31.822947536331565,-11.891206646383846,11.907668348913315,-14.180812333459224,14.212929514112318,26.54607097656265,22.26794654787591,1.5314707120651292,False,False,1.0,True,-0.09445328568355565,-0.10167730341527204,-0.0011550417857506545,True,True,1.0,True,-2.1599507936695135,-2.47459798807904,0.023769764608005062,True,True,1.0,True,-5.058274370448341,-6.256345027142743,-0.41141288451399305,True,True,1.0,True
f16e25e3:001,f16e25e3,1494,233086.34495575455,-12.403580655957285,12.490594720149309,-36.18478861077656,36.55285704424451,-100.04901403098421,100.8115474541912,-36.2168378635106,36.588355536986384,-99.52399197802373,100.29025012309401,-38.24689537968981,38.72234198908809,-84.22325898563358,85.11186058288965,-31.73758688187348,32.32217795632297,-51.584365252826316,52.519360893928074,63.86422542020765,51.298128238518984,2.777589162991717,False,False,0.23025435073627845,True,0.03204925273404886,-0.01597249671976897,0.010371655354902032,False,True,1.0,True,2.062106768913258,0.5069643052083848,0.3373760869017133,False,False,1.0,True,15.399576642049762,7.705276266695364,1.7047857907018624,False,False,1.0,True
f2d4c8c9:000,f2d4c8c9,1682,2269311.4388757665,-35.41985107015472,36.73111022429103,-54.99399818157673,55.082059733061655,-137.90059447504882,138.09397290379374,-55.22797592185246,55.316396154198,-137.74395137822637,137.93754657506685,-63.21470625349588,63.316174903561155,-132.28812096321926,132.48938258777082,-68.2707600236546,68.39320841227347,-119.08063502471295,119.2803823012928,82.9065962934721,69.39701895937651,3.0687782324948785,False,False,0.0,False,0.23397774027572776,0.17664065895769454,0.012777449972418253,False,False,1.0,True,8.220708071919155,6.313854328969683,0.42376121810957557,False,False,1.0,True,64.08663684313622,51.522541688103956,2.878543413378793,False,False,0.0,False
f40cd091:000,f40cd091,605,73131.29091725254,-10.986091735537384,10.994460732813415,-42.04717807243207,42.1969707826553,-105.89085582757168,106.36573169939996,-41.9774011057757,42.1298350448833,-105.11928012481995,105.59726551348929,-42.17083797258071,42.4099572374827,-86.08149717110254,86.64900560809666,-32.084793355002844,32.38537506417168,-49.4769254973552,50.15061278297777,63.8436777551396,53.105167812364016,3.895281560773583,False,False,0.17520661157024794,True,-0.06977696665637252,-0.11513543758701417,0.014197980828612344,True,True,1.0,True,0.12365990014864524,-1.3916899483065208,0.47435415984909923,False,True,1.0,True,7.429747424923124,0.04068470134916424,2.2933250035512174,False,False,1.0,True
f40cd091:001,f40cd091,1569,808736.3484607617,-22.45247578075223,22.70345796305948,-72.37237159510218,72.94068607110557,-167.86417176166992,169.119496685025,-72.43794941239827,73.01153787898009,-167.08194233573866,168.3429421205898,-76.96510219354828,77.69584383259445,-147.58165433306266,148.99701509984817,-66.95357435909031,67.87891139339554,-101.80381402861632,103.3556919436183,95.49180016656778,79.27308695669126,3.287848382586162,False,False,0.0,False,0.06557781729610286,-0.0009894913218886359,0.01364295636631141,False,True,1.0,True,4.592730598446114,2.414858892216216,0.44698123008129187,False,False,1.0,True,29.431442433514135,18.548789899570693,2.155835056941214,False,False,0.4792861695347355,True
f49fdea3:000,f49fdea3,673,96550.32278124728,11.940601040118697,11.977586967788918,-42.407688792310424,42.50086525981241,-95.82717518361443,96.13277601908965,-42.44115572167947,42.53539274483578,-95.52295584841573,95.82895282428787,-44.526990576439395,44.65595680587705,-85.66082255263869,85.98416175684797,-42.7782025599043,42.92110660053027,-71.31306070118758,71.57808405218572,53.41948639130401,45.906956005548636,1.4376395441522618,True,True,0.5928677563150074,True,0.03346692936904616,0.008996700640636845,0.0023845844516472425,True,True,1.0,True,2.119301784128979,1.2823074861098576,0.09725674657784111,True,True,1.0,True,28.90537190887716,24.168875854446014,0.24179340278351447,True,True,1.0,True
f5859199:000,f5859199,222,29940.35359150042,-11.585202702702789,11.61320186767505,-13.631351825106337,13.661208172236908,-13.380914487686209,13.58361781345785,-13.561519414544335,13.590651071807791,-13.191890804562775,13.388806845407455,-11.80785820103022,11.827969552674816,-7.917757987606672,8.025120810508241,-11.083862875431855,11.102561224437942,-6.0590465622145935,6.103808375855292,-0.25043733742012925,-2.07721799457795,-0.8513080650227494,True,True,1.0,True,-0.06983241056200272,-0.03933056788446265,-0.027238006698098616,True,True,1.0,True,-1.8234936240761181,-1.2179457689780975,-0.6580806486799702,True,True,1.0,True,-7.572305262891745,-6.659576709384055,-3.4110771861451212,True,True,1.0,True
f5859199:001,f5859199,5025,2880758.486971039,-23.183942686567335,23.943376350026593,-73.72955928624867,78.39954681648167,-153.1703138782767,167.21909780499274,-73.54323228399997,78.25906999706093,-152.1315901377441,166.2169591019027,-74.11491720539591,80.29736453787599,-131.39911978568858,146.28616705759308,-61.263633413704895,67.2270626258344,-89.60448744725586,101.45472805862664,79.44075459202804,9.746282558193343,3.95343665526525,False,False,0.28776119402985073,True,-0.18632700224870144,-0.1791056066958845,-0.042688987579822424,True,True,0.8706467661691543,True,0.3853579191472423,-3.572611449711985,-0.6131375953755196,False,True,0.7956218905472637,True,15.874928161007198,-6.284089484319338,0.21512064755916072,False,True,0.5745273631840796,True
f631da6e:000,f631da6e,208,28343.972352748777,11.64718990384591,11.673435563267299,-22.66206782295257,22.679488854687605,-80.74320644333082,80.76370077099814,-22.50533882748072,22.52293995714329,-79.99029746575056,80.01091335154294,-20.96455695822199,20.985916115361007,-61.539981364373524,61.564216744118866,-11.05914930113719,11.08883228287282,-30.806598793900555,30.824036009534588,58.081138620378255,55.38229179182599,4.766344209772797,True,True,0.0,False,-0.15672899547185073,-0.1654399943545286,0.016171124485481414,False,False,1.0,True,-1.69751086473058,-1.9976758429365873,0.5785439434803266,False,False,1.0,True,8.144530970947987,6.87336918782421,2.8915605679394503,True,True,1.0,True
f6824bb0:000,f6824bb0,849,202335.58771675383,-15.37442579505315,15.437689173454688,-44.087562224564536,44.26564958254017,-145.93348645930922,146.28372268018902,-44.12174410556422,44.301982779944446,-145.15046088589077,145.50255351873318,-48.59017106417127,48.827715538562686,-125.6047445613635,126.00909616720696,-37.84549323018273,38.197660341514855,-78.48023391564216,78.9717891878474,101.84592423474467,92.64556502355845,1.2201748783645598,False,False,0.0,False,0.03418188099968136,-0.003981616044256953,0.004562624173559016,False,True,1.0,True,4.502608839606737,3.2483760198174423,0.14525953738120734,False,False,1.0,True,34.39267169107762,27.637918890217406,0.3541689567264257,False,False,0.061248527679623084,True
f6bc699b:000,f6bc699b,204,23515.00353149948,10.733877450980273,10.736369272450032,27.370708965563963,27.38848007416689,60.03818621571438,60.092396048681664,27.127592691564686,27.145667230448627,59.30777109460856,59.3624199521315,22.47463272857814,22.50323172781334,41.451669787126754,41.5219095712933,11.90153059303228,11.940518013104892,14.744978987962797,14.835260517455495,-32.66747725015042,-30.23022369739556,-0.8771186815702094,False,False,1.0,True,0.24311627399927993,0.24887337489599304,0.0018637356715771602,True,True,1.0,True,4.896076236985825,5.114411287120674,0.025266991409807815,True,True,1.0,True,12.625729977601168,13.449537001246426,1.2775429367393372,True,True,1.0,True
f6d009f4:000,f6d009f4,2585,3787661.182481273,-37.2161352030949,38.27853321913754,-80.599542216242,83.14660276891208,-137.0488936434122,144.41611654664956,-80.31911177764707,82.88853908829194,-136.01664121802168,143.40561580043865,-77.05819778413944,80.41042309211196,-115.67990059457036,123.53209193593636,-64.14078637148292,66.97515779356534,-81.81973073262998,87.892785915557,56.44935142717021,23.480569764842585,-0.009626678318454651,False,False,0.5771760154738879,True,-0.2804304385949251,-0.2762339671862719,-0.03009689135251392,True,True,1.0,True,-3.541344432102555,-5.414576725615916,-0.5347822110452398,True,True,1.0,True,1.2201885163879853,-3.9280012431590876,-3.7228608722543868,False,True,0.9183752417794971,True
f6d009f4:001,f6d009f4,1703,4510215.533408761,-48.64156694069299,51.462552635743855,-198.53145200621464,200.94821871952203,-363.9008054745209,366.7493453563675,-198.70771306171227,201.13270526116963,-362.7679858655531,365.6253372296425,-210.81234296744574,213.4300908995656,-339.8501456803882,342.89658449547034,-195.46198588940825,198.5537598979386,-276.5404268792191,279.99552040159057,165.36935346830634,142.99749392436388,3.1471970685834094,False,False,0.0,False,0.1762610554976008,0.076917447247979,0.012977703099750215,False,False,0.0,False,12.280890961231096,8.962303402375255,0.4277653713215841,False,False,0.0,False,78.0089748730045,59.14740523110959,2.4475238647009974,False,False,0.0,False
f72b268f:000,f72b268f,204,22449.175727250546,-10.486914215686399,10.490232554865011,58.21896560390558,58.23298141455359,183.73633588965686,183.7518276031023,58.32883702341777,58.342923812799334,182.95245202426972,182.9680100021176,65.19640877391464,65.21196473952159,163.32951728287108,163.34692614609708,55.64397734742686,55.66496254341182,111.01092444097205,111.0330125406677,-125.51737028575128,-123.64830307465854,-0.8088032727464451,True,True,0.0,False,-0.1098714195121936,-0.10237616051927034,-0.0031109147803363157,True,True,1.0,True,-6.97744317000907,-6.729902151224451,-0.10165393294300884,True,True,1.0,True,-52.79195883706647,-51.223460617071396,-0.40540447212515573,True,True,0.0,False
f72b268f:001,f72b268f,291,32586.13450425061,-10.577963917525873,10.58205290372424,62.22208647484323,62.22970440231523,193.89513933104016,193.91918703233955,62.35753539386419,62.365270169303564,193.11122721894256,193.13537241435625,70.04829101332894,70.05958890950443,173.48367879521794,173.51053323486568,61.18368551796553,61.202089184855,120.45753143247217,120.49094372993926,-131.67305285619693,-127.81284555294587,-2.469297774896404,True,True,0.0,False,-0.1354489190209741,-0.11915643620704941,-0.009956186875569983,True,True,1.0,True,-7.826204538485712,-7.284500686118918,-0.32913412076413806,True,True,0.7457044673539519,True,-58.23544495762895,-54.75753938504931,-2.1052645597919764,True,True,0.0,False
f8662c22:000,f8662c22,477,81949.93018250226,-13.061285115304162,13.107356279683648,-9.584052212709718,9.681454025973649,10.23381486594919,10.689974174337271,-9.608356445358966,9.704566656011076,10.144029373090946,10.594854063054443,-10.581332834154189,10.653365572033513,5.406761143380064,5.8299875778010275,-11.165940199693694,11.213291603434493,3.427133971271369,3.686515548893257,-19.81786707865891,-14.734880043833982,-4.457658678960797,True,True,1.0,True,0.02430423264924772,0.011332512594890432,0.006332844863209175,False,False,1.0,True,0.9972806214444699,0.7734790740105382,0.18531823193006858,False,False,1.0,True,-13.011186183981089,-10.923275826980898,-3.027671747808199,True,True,1.0,True
f8662c22:001,f8662c22,1981,713881.4602070097,-18.523861181221736,18.98326078174209,30.169881949904582,32.59690892979033,98.90424584165447,102.04252019233151,30.265849143914583,32.70668533406517,98.57954944147284,101.72735023042831,33.937332918354755,36.79094894013671,88.02285125518065,91.50772751566109,31.31141038596775,34.84569269976437,66.05161906966717,69.90287655464118,-68.7343638917499,-43.29437486286224,-4.419569058325578,True,True,0.11812216052498738,True,-0.09596719401000779,0.019424538333623786,-0.018808820184858632,True,False,1.0,True,-3.767450968450178,0.09015617836848833,-0.6278408547677827,True,False,1.0,True,-35.88173711976259,-15.02949714643546,-3.6063269527239754,True,True,0.6532054517920243,True
f8afa78a:000,f8afa78a,946,129936.61241125356,-11.70397621564498,11.719800037044227,-7.25223227310621,8.348531677708182,17.44754407803856,19.765894403694418,-7.351020144291197,8.433785825007865,17.05778701336893,19.397151659829124,-9.860027986178434,10.759708816056223,5.176647316931585,9.60432706572997,-13.605819954880161,14.051718020429565,-6.8068859346096025,8.390601876560122,-24.69977635114477,-16.622456204800983,-1.3634859205212706,True,True,1.0,True,0.09878787118498719,0.08465243126011046,0.01166906282560376,False,False,1.0,True,2.6077957130722234,2.628083681307544,0.20333634407143109,False,False,1.0,True,-0.4453463384966074,-0.4758559656165744,1.0532993841479765,True,True,1.0,True
f8afa78a:001,f8afa78a,1372,162535.59111200416,-10.87644241982521,10.884216750868498,27.105752053625054,28.13062983852933,92.08330015132395,93.9216519047858,27.11929521751008,28.155583603980688,91.56325246520088,93.41083010968558,28.57984758291299,29.958516535032455,76.46977432914132,78.6265727888246,22.61683434716722,24.456807737223325,47.36542090420919,49.84145761742373,-64.9775480976989,-47.51447024913796,-3.176632363769386,True,True,0.3097667638483965,True,-0.013543163885027349,0.05425211993497214,-0.010781909197248751,True,False,1.0,True,-1.4740955292879385,0.7527980283612123,-0.36048173015296925,True,False,1.0,True,-20.259668850584127,-8.560064836594393,-1.8223013405040547,True,True,1.0,True
f8afa78a:002,f8afa78a,994,112605.77261575278,-10.637104124748623,10.643565451902212,46.110188226979645,46.19266425286097,138.32933618579244,138.58723211408966,46.23485931924977,46.31848483729017,137.80209187545645,138.06094984306884,51.23066223579735,51.351955724413244,122.38129163814395,122.67081528597433,46.35431577811143,46.51999554913044,86.50353234348488,86.80828358510608,-92.21914795881281,-83.8153403077813,-2.190240339083175,True,True,0.0,False,-0.12467109227013067,-0.09064342723650043,-0.008542219758965075,True,True,1.0,True,-5.120474008817707,-4.004940322081893,-0.27763635545488796,True,True,1.0,True,-40.39334411650524,-34.270927959858454,-1.4855926835207356,True,True,0.3641851106639839,True
f8f59188:000,f8f59188,895,150716.42855425284,-12.925003910614647,12.976834906659478,-47.74390401345179,47.87247065257248,-102.55869823056294,102.98006813359738,-47.63761891367962,47.76808586121197,-101.78369001338243,102.20788443236322,-47.12218984212018,47.311401404575406,-82.61466584116447,83.11940713875512,-35.91246594642205,36.13523627439075,-44.08725965800915,44.61945209676175,54.814794217111164,43.16845679397011,1.003655343063656,False,False,0.4491620111731844,True,-0.10628509977216825,-0.1517803567203373,0.002296001217473531,True,True,1.0,True,-0.6217141713316122,-2.1139526739953,0.07248145529774774,True,True,1.0,True,-3.6566443554426398,-10.6976509006563,-0.5496547656020994,True,True,1.0,True
f9fc81aa:000,f9fc81aa,2079,1002037.555482488,21.610778739778603,21.954055346737714,58.42227069890156,59.43282209034431,137.7133510201013,139.89572474110233,58.59052996821969,59.608619534945134,137.3870432014763,139.57439191692052,64.53043464535433,65.7853022102928,126.7473196941256,129.1060624735933,63.86447219209962,65.43243173774584,102.6475783957068,105.15892101520241,-79.29108032119974,-55.571826816665634,0.789484997294494,False,False,0.0,False,-0.16825926931812527,-0.06970456551061943,0.00331731677033531,False,False,1.0,True,-6.10816394645279,-2.8553971734909283,0.1139313951953227,False,False,1.0,True,-44.22530769680524,-24.096952131119906,1.4055707732586598,False,False,0.40404040404040403,True
fa31da94:000,fa31da94,4042,7604966.654921955,42.880372835229956,43.37610010246939,53.138137804373514,58.13165620907097,125.10539219938696,136.4936945668385,52.92531794718509,57.969316177347075,124.05674842685914,135.49196106995393,51.98754349435258,58.483546093888855,103.22012099969102,115.68870295631828,39.08758347461117,45.658278008763496,63.309893572641414,73.69138005424745,-71.96725439501341,-17.39845797918497,-0.5415685604548344,False,False,0.32632360217714,True,0.21281985718843024,0.2095682567141921,0.030974013163358904,True,True,0.9928253339930727,True,1.1505943100209486,4.254592886103637,0.5143596020334371,True,True,0.9490351311232064,True,-10.171755768267882,5.150283773353294,3.2495790839511756,False,True,0.785007422068283,True
fa667be2:000,fa667be2,1211,510259.00010175584,-20.179811312964606,20.526895211013457,-65.53558377155518,65.57170200499452,-207.95962382878557,207.9882136506021,-65.85596129887224,65.89150338571174,-207.43161765634292,207.46028011565247,-77.39642567276493,77.4179704766834,-191.93831080659223,191.96925449386,-77.83410074395378,77.85156986674592,-150.40949349736107,150.43917164707383,142.4240400572304,134.4427064666179,2.5624575742913294,False,False,0.0,False,0.32037752731707786,0.28880514460433915,0.01035200605110731,False,False,1.0,True,11.860841901209765,10.817931414530904,0.3425723278633086,False,False,0.0875309661436829,True,84.87390972580587,77.92300549081665,2.2928294911089324,False,False,0.0,False
fae0c593:000,fae0c593,1321,311165.6877349923,15.159133232399519,15.347740298649375,3.6198112708004127,6.870802022981791,-17.739742280777076,21.853686304344652,3.6461757058369986,6.875435793130786,-17.609828291593832,21.703435137703167,4.499744207846822,7.342714828575756,-12.040617343664584,16.08437659106274,5.419147686115007,7.503756702505673,-8.48163268116313,11.74079842974831,21.35955355157749,7.9326688456403645,3.476379445677594,True,True,1.0,True,-0.026364435036585615,-0.0016044302865338977,-0.0015025479060568614,False,False,1.0,True,-0.8799329370464092,-0.3939905061142781,-0.23884827633992245,False,False,1.0,True,12.101443951963542,6.528657314360316,2.553381025112685,True,True,1.0,True
fb03ae90:000,fb03ae90,153,25822.508806750466,-12.916009803921684,12.991326620648952,-20.582072349274338,20.642624541349097,-119.58613951241084,119.61829307553191,-21.0733985898173,21.132920252428917,-119.91320110902944,119.94526702579402,-37.26788955319084,37.3088569206207,-130.6134524314549,130.64289755294698,-64.56841310080956,64.59895753293888,-158.3605839883151,158.3858212929957,99.00406716313648,96.94635756084972,3.293978753486954,False,False,0.0,False,0.4913262405429646,0.4826297008930851,0.013757719367276877,False,False,1.0,True,16.685817203916503,16.39591487771395,0.4580772623849043,False,False,1.0,True,137.77851163904077,135.6266858268118,3.4613439356744493,False,False,0.0,False
fb0904bd:000,fb0904bd,2907,722899.3358454861,15.616291365668923,15.769444572583723,-15.832426011424394,20.721234024850858,-42.52737514125883,54.674600764666344,-15.61262433563754,20.529802324023528,-41.70549091086318,53.862100806769874,-12.681349836969051,18.77150326926218,-25.244094466957776,38.54658073010168,-5.038971172856823,10.72419172893957,-2.7182091130290575,15.95152777735322,26.69494912983443,-1.8855243317502755,-0.7499730837662355,True,False,0.8634330925352597,True,-0.21980167578685658,-0.022532823128130985,-0.018583268614747794,False,False,1.0,True,-3.1510761744553424,-0.8407384258189268,-0.5571649618195806,False,False,1.0,True,-13.11421689839534,-4.937414201724096,-2.8429345540444046,False,False,1.0,True
fb73b13a:000,fb73b13a,1039,374176.76622575504,-18.695495187680592,18.977134466406365,-171.21301648842538,172.3815016052903,-329.75835655774387,331.21715606897845,-170.94759577060103,172.12503670967348,-328.1243180699954,329.5903224247223,-179.69913996863679,181.05853401956102,-302.9334905649646,304.5182202480646,-156.74137326659994,158.35297975525935,-233.14508963927526,234.98049143691313,158.5453400693185,138.6575500656545,3.8855401852033538,False,False,0.0,False,-0.26542071782436233,-0.3702224014523381,0.016943747030381928,True,True,0.0,False,8.486123480211422,4.918541765522605,0.5604356130043016,False,False,0.0,False,61.93207315084988,45.31882971595405,2.9113800301929587,False,False,0.0,False
fc03f21f:000,fc03f21f,4072,3344473.166522215,27.222989808447778,28.658930103655337,-32.575672575284,39.37009130512148,-97.81617213700838,112.26113123186433,-32.37445161660995,39.23971565728822,-96.80528376942532,111.30937452719928,-31.71065305486689,40.4579209133324,-76.69018728507342,92.63956691816787,-20.047614006972662,29.259300451272733,-39.88812508284159,53.9467856975581,65.24049956172439,8.539067167370376,3.603295757813612,True,True,0.4231335952848723,True,-0.20122095867405557,-0.14241532913911215,-0.03997712159252842,False,False,1.0,True,-0.8650195204171136,-3.0204275823598437,-0.5938142734084977,False,False,1.0,True,7.312452507557587,-6.489069789447967,-0.10386210431533982,True,False,0.7585952848722987,True
fc0d20b2:000,fc0d20b2,2605,6205951.544216034,-46.77496468330148,48.80904680080409,-32.04838825167125,33.63843403344403,-92.39618407658409,98.07469186096803,-31.816005013074967,33.436619361314236,-91.33620052544173,97.05274101788324,-30.146017328088263,32.71517929176656,-70.42524458865249,77.02497878268626,-17.913714637670818,20.40604416704234,-33.57645382660004,39.43301443080693,60.34779582491285,23.638702227650356,1.9981831506156595,False,False,0.47332053742802305,True,-0.2323832385962801,-0.2768327701414819,-0.01735381227263133,True,True,1.0,True,-1.902370923582983,-4.746934663749926,-0.2120201715879375,True,True,1.0,True,1.5280655749287864,-9.278876936452434,-1.5494139973907295,False,True,0.9236084452975047,True
fcfcc902:000,fcfcc902,252,42764.49487424932,12.95678373015863,13.026909705878687,27.4657855267959,27.50235781313046,51.798397851161944,51.81649576197287,27.42746827041765,27.46404939825147,51.485118246259596,51.50328022057081,26.594755550655897,26.631051078531275,41.361899224907496,41.38274286148351,22.253290420043925,22.28531698461215,25.23509083045182,25.249876235269856,-24.33261232436604,-24.73051879421837,-0.13606254205660662,False,False,1.0,True,0.038317256378254644,0.03568851658019412,0.0009048295214597601,True,True,1.0,True,0.8710299761400064,0.7828429288747429,0.02897855754417833,True,True,1.0,True,2.2306946963440817,0.9440169824956683,0.8330460625256819,True,True,1.0,True
fd8f77fa:000,fd8f77fa,408,52754.782113751375,-11.345337009804071,11.371056967288142,-16.30200694983547,16.332009912763667,-6.636856110277659,6.8335947818944085,-16.457654999040614,16.48640152627638,-7.083674945690157,7.252142513145565,-20.924143341335053,20.942352877349563,-19.900575863930868,19.965073530090052,-23.206491943821415,23.24505576581591,-26.065052719366275,26.2869244735328,-9.665150839557809,-8.132089847404131,-0.7241397356792731,True,True,1.0,True,0.1556480492051476,0.10223579928424442,0.03557010229087609,False,False,1.0,True,4.622136391499587,3.052496876109217,0.9566826313530328,False,False,1.0,True,9.763045769530805,3.322344549895206,3.672431740706088,False,False,1.0,True
fd8f77fa:001,fd8f77fa,737,84552.77214975207,-10.704381953867161,10.711004001310124,-0.12121268270159175,3.0073989692547003,53.75602955814133,54.350178883618,-0.4249551403352319,3.041376904128495,52.72942958395301,53.33415314134563,-8.097753130135953,8.869045285220379,13.96715318663381,15.781232461916677,-31.97180504548763,32.05475721377903,-43.940352305398676,44.05518094506439,-53.877242240842925,-44.616088172337186,-4.969401867614579,True,True,0.3039348710990502,True,0.30374245763364016,0.31498127605664195,-0.004757151555168093,False,False,1.0,True,7.9765404474343615,9.054399953784014,-0.5801472939565429,False,False,1.0,True,43.81913962269709,44.20235149301698,-1.508360708357941,False,False,1.0,True
fd8f77fa:002,fd8f77fa,158,16729.67577575066,-10.289085443038179,10.289996302096327,10.971165318517901,11.008627356832275,80.8821498272408,80.9115204264888,10.69212693902909,10.730747511392739,79.84442014893105,79.87416145547681,5.295427393462519,5.411370644293532,39.5838122383208,39.639885810108346,-21.97114290329399,21.990613513361232,-29.91657467727704,29.94736505055947,-69.9109845087229,-67.53464483119751,-3.696289661756964,True,True,0.0,False,0.27903837948881255,0.28321506406064145,-0.0063008961242303485,False,False,1.0,True,5.675737925055382,6.073130442722686,-0.5944711222491605,False,False,1.0,True,40.88773999579494,41.834534695732145,-1.257948305888931,False,False,1.0,True
fd8f77fa:003,fd8f77fa,288,58065.4016277489,14.08379687499986,14.199154125303666,54.092895155373725,54.13188868125137,148.49963690014252,148.5121196995708,53.85876259553208,53.897916401152614,147.4573672387509,147.46993763156715,52.69994897434966,52.738711429905024,106.03676913435578,106.05379495317345,20.090211453012166,20.157419822561604,17.31916471939328,17.355551423617765,-94.40674174476882,-94.62054254021496,-0.03951863576548931,False,False,0.0,False,0.23413255984164355,0.2337335614811309,-3.0499144486384466e-05,True,True,1.0,True,1.3929461810240644,1.3370293381176452,0.01253161212480336,True,True,1.0,True,36.77373043598044,35.08393664327741,1.3614356517664419,True,True,1.0,True
fde20ecf:000,fde20ecf,396,43878.445376749,10.52254924242412,10.526355256772897,11.581710680566285,11.583857181618678,61.8296679539956,61.84471068282624,11.62561118983581,11.627828042157148,61.506898234929736,61.52200155310184,13.601210563397727,13.605850337750402,51.04866104318581,51.0659426625212,10.590267143597213,10.595065664840122,31.29079489349323,31.3016073869356,-50.24795727342932,-48.72917606757255,-1.1536219460285793,False,False,1.0,True,-0.043900509269525455,-0.03858585950547422,-0.003931716268198215,False,False,1.0,True,-2.0194998828314414,-1.8511615023871855,-0.12523921096726554,False,False,1.0,True,-19.709084212926946,-19.230209996751,-0.4157830744952662,False,False,1.0,True
fde20ecf:001,fde20ecf,253,35718.77084674912,11.851381422924755,11.881957432920872,21.728154810880195,21.728569836116833,87.78466148939003,87.78786923922912,21.83384295760113,21.834244431623564,87.45830363364973,87.46152251912739,25.763363266337777,25.76359630973732,76.8217259717087,76.82532658661961,23.604755930177706,23.605012845174944,53.25525620786786,53.257741841343005,-66.05650667850983,-64.67108125423874,-1.9610628795344383,False,False,0.0,False,-0.10568814672093399,-0.10034765758973663,-0.007658809667191235,False,False,1.0,True,-4.035208455457582,-3.861395230060225,-0.25016968810814433,False,False,1.0,True,-31.527101396987664,-30.55685706683471,-1.5088467968871555,False,False,1.0,True
fdfd57da:000,fdfd57da,2983,743649.0642097404,15.666259302715284,15.789100576653874,45.59120908122035,46.768094529397466,120.75572443641097,123.33278792513204,45.53029425443058,46.72131995621725,119.9826077483324,122.57354710130113,46.82749352172585,48.40982194791268,100.81819970361668,103.78765001168672,35.54466427037212,37.38150281438331,60.23826759932333,62.91617870779841,-75.1645153551906,-46.10538337635262,-3.654634085154612,False,False,0.07375125712370097,True,0.060914826789780066,0.16212455086861155,-0.008706080525371362,True,True,1.0,True,-1.2362844405054916,2.1826412991449615,-0.3423897995471634,False,True,1.0,True,-14.647058518102977,-1.392312051693807,-1.558836344127485,False,False,0.883674153536708,True
febb4411:000,febb4411,199,27067.760505499235,11.627472361808882,11.662713964277739,28.00111146406174,28.05191660317219,53.538413432443754,53.658849978362966,27.913201768248047,27.96425937669125,53.140616670757154,53.26120474782426,25.98282941998609,26.045823361806942,41.109458131971465,41.24534295657384,22.5357997016417,22.597583816912543,29.153842042744284,29.27680685490046,-25.53730196838201,-22.194271722362828,-3.0067478476103133,False,False,1.0,True,0.08790969581369339,0.09044045598602679,0.0018569343592389487,True,True,1.0,True,2.0182820440756526,2.2380599416155746,-0.09119368969004427,True,True,1.0,True,-1.152730578682542,0.5511703104311891,-0.7937897901792894,False,True,1.0,True
febb4411:001,febb4411,999,284590.790473245,16.190714214214058,16.878260163280586,47.2334166979994,47.868028669088126,95.31151657395284,96.21791522231956,47.1906466743626,47.828549939587994,94.80897636104393,95.71848845710016,47.094456119308774,47.82663597012686,80.28349295496375,81.30048020564917,41.33739093087713,42.093992348642736,56.9593842294514,57.87590746679408,-48.078099875953434,-37.341223348264975,-2.6101315517043986,False,False,1.0,True,0.04277002363680997,0.07506168797408463,-0.0053784300725965295,True,True,1.0,True,0.1389605786906312,1.2524458583811793,-0.2121870713763201,True,True,1.0,True,-9.725967531451992,-4.640835839507417,-0.8921673487766384,False,False,1.0,True
febb4411:002,febb4411,700,119317.93905924867,12.938443571428497,13.055810915300112,49.04666986301976,49.07675937378173,106.71268319062838,106.7474017616712,49.03436781022637,49.064516609019634,106.18950202221437,106.22435675426765,49.8949133059762,49.9264986955697,90.98163351278737,91.02062425129806,42.46177512774029,42.498361117216795,60.480220685214206,60.51299534059028,-57.66601332760862,-54.53609510326896,-0.4884227112579538,False,False,0.3157142857142857,True,0.012302052793378867,0.02317832425251254,-0.0011330099041515496,True,True,1.0,True,-0.8482434429564533,-0.5061373094049486,-0.03141304052587657,False,False,1.0,True,-11.43355082219445,-10.84590701759771,0.5784071566486091,False,False,1.0,True
fef8af96:000,fef8af96,530,213765.4879457477,19.398116037735726,20.083105071965328,93.6424278230172,94.11446248141276,116.92455949168753,117.8569361614305,93.54521153018253,94.02017824137086,116.40090203652605,117.33728998691248,91.1656004204096,91.73720832552608,101.17349953897646,102.24168245768122,81.38104055286355,82.05932403888565,70.37760293501753,71.7112830110897,-23.28213166867033,-15.204744148559257,-1.9349317770938796,False,False,1.0,True,0.0972162928346665,0.1323013954606722,-0.007005038241914008,True,True,1.0,True,2.4768274026076056,3.6367295562940853,-0.22504301245317038,True,True,1.0,True,23.264824887999662,29.482855641999777,-0.9294295095460257,True,True,1.0,True
ff8bb73a:000,ff8bb73a,4039,2055279.941428725,21.72808653131949,22.55789471275921,-76.11432095846884,80.2502046586776,-160.4196484106043,167.68169377939773,-75.91291943618492,80.08954778671347,-159.3059714201564,166.6096812330671,-76.4436451313602,81.66129318767973,-137.04841099028167,145.23167856317573,-56.95075965020314,62.73992171817134,-87.23470945128577,95.03458274459392,84.30532745213547,40.52331827272974,5.136798721145169,True,True,0.051250309482545185,True,-0.20140152228393166,-0.3289235793581611,-0.0002989790118590463,False,False,0.5674671948502105,True,0.32932417289135796,-4.897661721197437,0.3280786039067607,True,False,0.5632582322357019,True,11.120388492816923,-5.78459835299509,2.1960716690355184,True,False,0.5345382520425848,True
