split,well_id,typewell_hash,exact_typewell_group,exact_typewell_group_size,shared_typewell,n_xy_points,x_start,y_start,x_end,y_end,x_midpoint,y_midpoint,x_mean,y_mean,x_min,x_max,y_min,y_max,horizontal_well_path,typewell_path
train,000d7d20,native_overlap_1_cluster_0022,native_overlap_1_cluster_0022,14,True,5278,2983525.16,1069022.09,2983473.1,1074040.56,2983531.96,1071407.18,2983513.881585827,1071417.6734293238,2983468.41,2983578.28,1069022.09,1074040.56,data/raw/train/000d7d20__horizontal_well.csv,
train,00bbac68,native_overlap_1_cluster_0003,native_overlap_1_cluster_0003,41,True,7559,3010760.08,1084504.51,3005789.15,1089521.36,3008508.55,1086905.96,3008500.4098174307,1086928.4096322274,3005789.15,3010760.08,1084504.44,1089521.36,data/raw/train/00bbac68__horizontal_well.csv,
train,00e12e8b,native_overlap_1_cluster_0022,native_overlap_1_cluster_0022,14,True,6384,2971071.98,1060431.23,2967726.49,1065106.5,2969585.71,1062517.45,2969568.616414465,1062552.745421367,2967726.49,2971071.98,1060431.23,1065106.5,data/raw/train/00e12e8b__horizontal_well.csv,
train,015fe0d2,native_overlap_1_cluster_0003,native_overlap_1_cluster_0003,41,True,5950,2998620.5,1077773.53,3002003.09,1073179.45,3000226.87,1075559.38,3000247.112391593,1075563.0879025222,2998620.5,3002003.09,1073179.45,1077773.53,data/raw/train/015fe0d2__horizontal_well.csv,
train,01869cd4,native_overlap_1_cluster_0022,native_overlap_1_cluster_0022,14,True,6850,2971669.4,1068509.12,2975650.09,1063180.31,2973620.02,1065930.23,2973618.040756203,1065922.441744525,2971669.4,2975650.09,1063180.31,1068509.12,data/raw/train/01869cd4__horizontal_well.csv,
train,01982c1d,native_overlap_1_cluster_0008,native_overlap_1_cluster_0008,28,True,5587,2996249.89,1121981.57,2994734.18,1126836.24,2995564.25,1124173.73,2995565.781575088,1124200.9678378387,2994734.18,2996249.89,1121978.97,1126836.24,data/raw/train/01982c1d__horizontal_well.csv,
train,028d7b28,native_overlap_1_cluster_0010,native_overlap_1_cluster_0010,27,True,7761,3005520.61,1072695.03,3009836.04,1066661.73,3007596.48,1069823.81,3007594.0020229295,1069810.2954245582,3005520.61,3009836.04,1066661.73,1072695.03,data/raw/train/028d7b28__horizontal_well.csv,
train,02e7fe5a,native_overlap_1_cluster_0029,native_overlap_1_cluster_0029,10,True,6888,2985897.41,1058610.08,2985954.21,1064948.05,2985919.5,1061506.92,2985931.450892856,1061532.3213283988,2985890.9,2985960.87,1058610.08,1064948.05,data/raw/train/02e7fe5a__horizontal_well.csv,
train,0390d174,native_overlap_1_cluster_0023,native_overlap_1_cluster_0023,13,True,6101,2999862.56,1128190.32,3001908.43,1122743.7,3000849.01,1125597.68,3000841.1216538395,1125584.4246730064,2999862.38,3001908.43,1122743.7,1128190.32,data/raw/train/0390d174__horizontal_well.csv,
train,03a935ae,native_overlap_1_cluster_0034,native_overlap_1_cluster_0034,7,True,4430,3036280.49,1087844.65,3032648.63,1089694.83,3034614.86,1088685.32,3034603.122180585,1088709.86341309,3032648.63,3036280.49,1087844.62,1089694.83,data/raw/train/03a935ae__horizontal_well.csv,
train,044af7d1,native_overlap_1_cluster_0007,native_overlap_1_cluster_0007,30,True,6067,3010003.63,1111006.19,3009755.45,1105274.94,3009910.0,1108300.66,3009892.159263232,1108288.7258974793,3009755.45,3010003.63,1105274.94,1111006.23,data/raw/train/044af7d1__horizontal_well.csv,
train,0498acab,native_overlap_1_cluster_0012,native_overlap_1_cluster_0012,25,True,6432,2990506.76,1095703.26,2992765.47,1090272.49,2991489.62,1093218.43,2991522.1698678522,1093204.5564085825,2990506.76,2992765.47,1090272.49,1095706.71,data/raw/train/0498acab__horizontal_well.csv,
train,052d64df,native_overlap_1_cluster_0012,native_overlap_1_cluster_0012,25,True,4590,2981035.84,1097598.24,2978492.02,1100711.09,2979944.8,1098939.04,2979917.6804466206,1098971.4526840972,2978492.02,2981035.84,1097598.24,1100711.09,data/raw/train/052d64df__horizontal_well.csv,
train,05948241,native_overlap_1_cluster_0024,native_overlap_1_cluster_0024,13,True,5428,2959047.81,1087249.09,2955879.14,1090976.43,2957609.37,1088894.72,2957609.3809653614,1088931.1797015483,2955879.14,2959047.81,1087249.09,1090976.43,data/raw/train/05948241__horizontal_well.csv,
train,059c8f24,native_overlap_1_cluster_0042,native_overlap_1_cluster_0042,1,False,7998,2913069.21,1066810.11,2918081.05,1061262.71,2915385.95,1064209.04,2915402.9646411664,1064196.6370942746,2913069.21,2918081.05,1061262.71,1066811.04,data/raw/train/059c8f24__horizontal_well.csv,
train,05a0ee4d,native_overlap_1_cluster_0007,native_overlap_1_cluster_0007,30,True,6098,2994585.45,1100502.46,2992517.01,1105683.34,2993628.4,1102850.51,2993634.674160379,1102879.2822941965,2992517.01,2994585.45,1100501.81,1105683.34,data/raw/train/05a0ee4d__horizontal_well.csv,
train,060ab2b8,native_overlap_1_cluster_0027,native_overlap_1_cluster_0027,11,True,7818,2901028.92,1025943.05,2896319.2,1031472.81,2898848.91,1028498.75,2898838.321125612,1028519.3585878713,2896319.2,2901028.92,1025943.05,1031472.81,data/raw/train/060ab2b8__horizontal_well.csv,
train,06df5958,native_overlap_1_cluster_0030,native_overlap_1_cluster_0030,8,True,5039,2903605.04,1027075.94,2906775.06,1023595.71,2905079.19,1025452.94,2905092.588517555,1025443.5081405041,2903605.04,2906775.06,1023595.71,1027075.94,data/raw/train/06df5958__horizontal_well.csv,
train,071d7b45,native_overlap_1_cluster_0039,native_overlap_1_cluster_0039,2,True,4720,2947003.8,1077503.74,2944000.39,1080957.59,2945548.03,1079183.3,2945536.7787627056,1079179.6511144054,2944000.39,2947003.8,1077503.74,1080957.59,data/raw/train/071d7b45__horizontal_well.csv,
train,0849b4e2,native_overlap_1_cluster_0016,native_overlap_1_cluster_0016,19,True,7436,3021166.5,1119203.58,3021865.8,1112421.72,3021503.55,1116118.4,3021498.1430876767,1116087.8739698746,3021164.43,3021865.8,1112421.72,1119203.61,data/raw/train/0849b4e2__horizontal_well.csv,
train,084d66f9,native_overlap_1_cluster_0011,native_overlap_1_cluster_0011,26,True,5632,2929605.81,1056686.42,2932964.64,1052915.76,2931102.05,1055022.32,2931110.1301065357,1054982.9565944572,2929601.31,2932964.64,1052915.76,1056686.42,data/raw/train/084d66f9__horizontal_well.csv,
train,08fecf00,native_overlap_1_cluster_0013,native_overlap_1_cluster_0013,22,True,7405,3021658.93,1119258.18,3022185.74,1112483.96,3021903.02,1116172.1,3021903.1292167376,1116143.1747738014,3021653.52,3022185.74,1112483.96,1119258.26,data/raw/train/08fecf00__horizontal_well.csv,
train,09053135,native_overlap_1_cluster_0015,native_overlap_1_cluster_0015,20,True,7715,2989780.15,1089331.95,2992322.2,1082598.81,2990964.06,1086203.87,2990964.723209324,1086181.8943927423,2989779.85,2992322.2,1082598.81,1089333.48,data/raw/train/09053135__horizontal_well.csv,
train,09441b8d,native_overlap_1_cluster_0001,native_overlap_1_cluster_0001,71,True,7395,2908308.08,1038444.9,2903888.74,1043612.09,2906287.47,1040806.05,2906268.4227883676,1040826.0310818115,2903888.74,2908308.81,1038444.9,1043612.09,data/raw/train/09441b8d__horizontal_well.csv,
train,0955cd6c,native_overlap_1_cluster_0013,native_overlap_1_cluster_0013,22,True,7125,3026970.94,1121768.96,3026919.29,1115112.86,3026953.95,1118670.22,3026945.63257965,1118651.0042624588,3026919.29,3026971.01,1115112.86,1121768.96,data/raw/train/0955cd6c__horizontal_well.csv,
train,09ec2ca9,native_overlap_1_cluster_0009,native_overlap_1_cluster_0009,28,True,7824,3004554.56,1122895.92,3004835.07,1130196.55,3004690.98,1126293.2,3004680.137393909,1126312.626844314,3004554.56,3004835.07,1122895.6,1130196.55,data/raw/train/09ec2ca9__horizontal_well.csv,
train,0a57a29c,native_overlap_1_cluster_0001,native_overlap_1_cluster_0001,71,True,7194,2903864.38,1030782.87,2899359.54,1036013.26,2901704.49,1033292.4,2901704.492577148,1033301.9493327779,2899359.54,2903864.38,1030782.87,1036013.26,data/raw/train/0a57a29c__horizontal_well.csv,
train,0bbf5e67,native_overlap_1_cluster_0043,native_overlap_1_cluster_0043,1,False,6031,2897725.21,1036362.87,2901254.56,1032191.64,2899299.86,1034481.52,2899323.428827719,1034462.2527441531,2897725.21,2901254.56,1032191.64,1036367.41,data/raw/train/0bbf5e67__horizontal_well.csv,
train,0be01c24,native_overlap_1_cluster_0002,native_overlap_1_cluster_0002,53,True,6385,3007171.27,1116757.71,3006483.95,1110893.28,3006837.02,1114061.9,3006846.656772115,1114039.8381143317,3006483.95,3007171.91,1110893.28,1116759.59,data/raw/train/0be01c24__horizontal_well.csv,
train,0c1b160c,native_overlap_1_cluster_0020,native_overlap_1_cluster_0020,15,True,6714,2970655.7,1094893.7,2974809.23,1090177.05,2972610.03,1092707.26,2972607.062399471,1092683.5475886222,2970655.7,2974809.23,1090177.05,1094893.7,data/raw/train/0c1b160c__horizontal_well.csv,
train,0d99f8e4,native_overlap_1_cluster_0001,native_overlap_1_cluster_0001,71,True,7522,2893691.37,1036798.48,2898357.99,1031287.87,2895947.03,1034167.34,2895947.984626429,1034157.6629008246,2893691.37,2898357.99,1031287.87,1036798.5,data/raw/train/0d99f8e4__horizontal_well.csv,
train,0dc5e64d,native_overlap_1_cluster_0009,native_overlap_1_cluster_0009,28,True,6191,3011083.23,1124184.88,3015095.45,1119880.25,3012975.3,1122125.46,3012992.5152398683,1122126.4278242635,3011083.23,3015095.45,1119880.25,1124184.88,data/raw/train/0dc5e64d__horizontal_well.csv,
train,0dc835f3,native_overlap_1_cluster_0008,native_overlap_1_cluster_0008,28,True,5279,2994854.75,1121984.78,2993184.97,1126934.8,2994046.92,1124446.48,2994038.7577931536,1124446.0210058761,2993184.97,2994854.75,1121984.78,1126934.8,data/raw/train/0dc835f3__horizontal_well.csv,
train,0dd99dc5,native_overlap_1_cluster_0010,native_overlap_1_cluster_0010,27,True,9182,3008856.68,1074084.5,3004595.84,1081607.67,3006878.76,1077631.89,3006856.6623186613,1077639.3005881074,3004595.84,3008856.68,1074084.5,1081607.67,data/raw/train/0dd99dc5__horizontal_well.csv,
train,0e5e560d,native_overlap_1_cluster_0009,native_overlap_1_cluster_0009,28,True,4896,3010110.75,1128343.29,3010113.44,1132722.58,3010103.73,1130279.6,3010115.590588228,1130311.6161642126,3010092.88,3010144.97,1128343.29,1132722.58,data/raw/train/0e5e560d__horizontal_well.csv,
train,109d9d70,native_overlap_1_cluster_0013,native_overlap_1_cluster_0013,22,True,5851,3022021.13,1104837.17,3018415.45,1108984.08,3020329.59,1106778.15,3020316.993724144,1106786.647065459,3018415.45,3022021.13,1104837.17,1108984.08,data/raw/train/109d9d70__horizontal_well.csv,
train,10a1281a,native_overlap_1_cluster_0001,native_overlap_1_cluster_0001,71,True,7353,2904336.64,1026905.39,2899861.89,1032123.51,2902246.56,1029332.22,2902232.5870773806,1029344.6009533524,2899861.89,2904336.64,1026905.39,1032123.51,data/raw/train/10a1281a__horizontal_well.csv,
train,10b89021,native_overlap_1_cluster_0029,native_overlap_1_cluster_0029,10,True,7166,2984522.56,1055772.0,2983557.41,1062243.77,2983730.87,1058671.91,2983890.1184063596,1058724.7208582156,2983557.41,2984522.56,1055772.0,1062243.77,data/raw/train/10b89021__horizontal_well.csv,
train,10be2420,native_overlap_1_cluster_0024,native_overlap_1_cluster_0024,13,True,5203,2954836.82,1083945.85,2951819.58,1087527.03,2953562.46,1085603.76,2953515.6130386293,1085603.3223025189,2951819.58,2954845.63,1083945.85,1087527.03,data/raw/train/10be2420__horizontal_well.csv,
train,113011eb,native_overlap_1_cluster_0010,native_overlap_1_cluster_0010,27,True,4561,3002206.61,1072892.35,3004824.0,1069380.49,3003465.82,1071207.13,3003471.3118460807,1071203.0326090772,3002206.61,3004824.0,1069380.49,1072892.35,data/raw/train/113011eb__horizontal_well.csv,
train,1131525f,native_overlap_1_cluster_0030,native_overlap_1_cluster_0030,8,True,5548,2901513.56,1026300.68,2905062.8,1022434.37,2903173.79,1024460.05,2903190.5647638906,1024459.9341348206,2901513.56,2905062.8,1022434.37,1026300.68,data/raw/train/1131525f__horizontal_well.csv,
train,11d0f5ac,native_overlap_1_cluster_0027,native_overlap_1_cluster_0027,11,True,6378,2891720.37,1028545.97,2887424.28,1032898.39,2889685.18,1030657.46,2889666.2908921326,1030650.3421135158,2887424.28,2891720.37,1028545.97,1032898.39,data/raw/train/11d0f5ac__horizontal_well.csv,
train,12203f2a,native_overlap_1_cluster_0016,native_overlap_1_cluster_0016,19,True,4991,3014909.2,1114047.67,3013788.78,1118354.92,3014399.29,1115938.94,3014401.836048893,1115973.4968523318,3013788.78,3014909.2,1114046.56,1118354.92,data/raw/train/12203f2a__horizontal_well.csv,
train,122bd617,native_overlap_1_cluster_0024,native_overlap_1_cluster_0024,13,True,6408,2959345.81,1086330.93,2955566.98,1090736.67,2957631.56,1088296.25,2957617.7871254543,1088325.7207147323,2955566.98,2959345.81,1086328.08,1090736.67,data/raw/train/122bd617__horizontal_well.csv,
train,125be846,native_overlap_1_cluster_0012,native_overlap_1_cluster_0012,25,True,8033,2983834.67,1103635.58,2978794.65,1109414.62,2981423.11,1106385.28,2981425.8548064195,1106401.8864210148,2978794.65,2983834.67,1103635.58,1109414.62,data/raw/train/125be846__horizontal_well.csv,
train,1285a37b,native_overlap_1_cluster_0025,native_overlap_1_cluster_0025,13,True,7403,3016347.95,1080457.44,3013034.56,1086497.92,3014728.44,1083210.5,3014735.9068580293,1083240.4585249193,3013034.56,3016347.95,1080454.45,1086497.92,data/raw/train/1285a37b__horizontal_well.csv,
train,1295a25b,native_overlap_1_cluster_0022,native_overlap_1_cluster_0022,14,True,7037,2971698.3,1067333.01,2975680.97,1061972.63,2973577.77,1064785.88,2973584.803143393,1064776.8148088648,2971697.45,2975680.97,1061972.63,1067333.01,data/raw/train/1295a25b__horizontal_well.csv,
train,12f0cd90,native_overlap_1_cluster_0002,native_overlap_1_cluster_0002,53,True,7431,2998510.38,1115872.3,3000573.77,1109057.27,2999508.5,1112606.81,2999509.637651718,1112597.274014263,2998510.38,3000573.77,1109057.27,1115872.3,data/raw/train/12f0cd90__horizontal_well.csv,
train,137d1e44,native_overlap_1_cluster_0025,native_overlap_1_cluster_0025,13,True,6313,3018843.68,1081989.89,3015325.94,1086478.6,3017276.78,1084001.76,3017250.403532394,1084022.4687042618,3015325.94,3018843.68,1081989.32,1086478.6,data/raw/train/137d1e44__horizontal_well.csv,
train,13ce113d,native_overlap_1_cluster_0001,native_overlap_1_cluster_0001,71,True,4875,2897457.13,1040432.6,2895642.16,1044216.44,2896407.91,1041906.48,2896468.4737907695,1041995.2699364119,2895642.16,2897457.13,1040432.6,1044216.44,data/raw/train/13ce113d__horizontal_well.csv,
train,13f598d9,native_overlap_1_cluster_0010,native_overlap_1_cluster_0010,27,True,8934,3008608.53,1074027.45,3004289.01,1081378.22,3006565.46,1077545.78,3006550.863430727,1077549.147694202,3004289.01,3008608.53,1074027.45,1081378.22,data/raw/train/13f598d9__horizontal_well.csv,
train,14a53cb3,native_overlap_1_cluster_0005,native_overlap_1_cluster_0005,31,True,8780,2914117.55,1037110.65,2908789.74,1043367.15,2911618.73,1040018.04,2911612.4489965914,1040038.2709817761,2908789.74,2914119.55,1037110.6,1043367.15,data/raw/train/14a53cb3__horizontal_well.csv,
train,14ab73fb,native_overlap_1_cluster_0030,native_overlap_1_cluster_0030,8,True,5279,2902322.22,1017574.9,2906129.56,1020657.3,2904078.27,1019000.35,2904091.089480957,1019013.8004034846,2902322.15,2906129.56,1017574.9,1020657.3,data/raw/train/14ab73fb__horizontal_well.csv,
train,14ad5efb,native_overlap_1_cluster_0002,native_overlap_1_cluster_0002,53,True,7352,2997226.5,1115279.51,2999323.97,1108584.07,2998218.64,1112077.07,2998214.6026713857,1112066.678409958,2997226.5,2999323.97,1108584.07,1115279.51,data/raw/train/14ad5efb__horizontal_well.csv,
train,14fee784,native_overlap_1_cluster_0008,native_overlap_1_cluster_0008,28,True,6406,2992131.0,1121564.3,2990101.06,1127350.22,2991165.46,1124333.88,2991163.9515329343,1124343.444366218,2990101.06,2992131.0,1121564.3,1127350.22,data/raw/train/14fee784__horizontal_well.csv,
train,153552f5,native_overlap_1_cluster_0003,native_overlap_1_cluster_0003,41,True,6498,3003739.07,1090107.02,3000232.74,1094910.92,3002157.54,1092298.51,3002134.753007074,1092314.297822407,3000232.74,3003739.07,1090107.02,1094910.92,data/raw/train/153552f5__horizontal_well.csv,
train,1550491d,native_overlap_1_cluster_0002,native_overlap_1_cluster_0002,53,True,5929,3005612.32,1110679.76,3005938.83,1116436.5,3005798.67,1113480.51,3005778.1628082404,1113486.973261935,3005612.31,3005938.83,1110679.76,1116436.5,data/raw/train/1550491d__horizontal_well.csv,
train,155887bb,native_overlap_1_cluster_0003,native_overlap_1_cluster_0003,41,True,7062,3010274.69,1084199.15,3005466.7,1088406.43,3008010.48,1085961.55,3008022.716806855,1086038.5414174455,3005466.7,3010275.0,1084199.15,1088406.43,data/raw/train/155887bb__horizontal_well.csv,
train,1590af81,native_overlap_1_cluster_0015,native_overlap_1_cluster_0015,20,True,5231,2991057.51,1090016.23,2989276.03,1094703.45,2990210.0,1092266.37,2990197.728916072,1092270.6935748444,2989276.03,2991057.51,1090016.23,1094703.45,data/raw/train/1590af81__horizontal_well.csv,
train,15e154a1,native_overlap_1_cluster_0021,native_overlap_1_cluster_0021,15,True,7699,2958137.27,1081095.69,2962665.78,1075520.01,2960179.34,1078451.55,2960191.61034419,1078435.6397869836,2958132.84,2962665.78,1075520.01,1081100.61,data/raw/train/15e154a1__horizontal_well.csv,
train,1619e2ca,native_overlap_1_cluster_0015,native_overlap_1_cluster_0015,20,True,6002,2994528.31,1096783.6,2996561.58,1091661.66,2995446.1,1094442.46,2995455.5020859656,1094422.8523975331,2994528.14,2996561.58,1091661.66,1096783.6,data/raw/train/1619e2ca__horizontal_well.csv,
train,16e4a047,native_overlap_1_cluster_0004,native_overlap_1_cluster_0004,38,True,5684,3012880.98,1100048.37,3010854.87,1104829.56,3011956.98,1102215.67,3011951.5331210378,1102242.2473187908,3010854.87,3012881.07,1100048.37,1104829.56,data/raw/train/16e4a047__horizontal_well.csv,
train,173ed841,native_overlap_1_cluster_0025,native_overlap_1_cluster_0025,13,True,6530,3023696.19,1082413.52,3020183.5,1087282.95,3022100.24,1084646.59,3022087.833751911,1084666.290929561,3020183.5,3023696.19,1082413.52,1087282.95,data/raw/train/173ed841__horizontal_well.csv,
train,1770d7c6,native_overlap_1_cluster_0010,native_overlap_1_cluster_0010,27,True,9121,3010792.14,1074817.44,3007650.82,1082940.77,3009287.28,1078690.54,3009290.3180692955,1078705.5010590972,3007650.82,3010792.14,1074817.44,1082940.77,data/raw/train/1770d7c6__horizontal_well.csv,
train,177622d7,native_overlap_1_cluster_0003,native_overlap_1_cluster_0003,41,True,4699,3008880.18,1087429.86,3005929.84,1090659.26,3007523.14,1088937.05,3007506.4551159823,1088942.5521834437,3005929.84,3008880.18,1087429.8,1090659.26,data/raw/train/177622d7__horizontal_well.csv,
train,18d24f7b,native_overlap_1_cluster_0001,native_overlap_1_cluster_0001,71,True,6260,2907112.12,1037221.71,2903234.94,1041651.68,2905270.91,1039285.71,2905270.930190101,1039305.4559648565,2903234.94,2907112.12,1037221.38,1041651.68,data/raw/train/18d24f7b__horizontal_well.csv,
train,19137a89,native_overlap_1_cluster_0009,native_overlap_1_cluster_0009,28,True,7958,3003906.09,1136255.16,3003732.7,1128863.24,3004117.41,1132797.41,3003927.329037452,1132792.7791065492,3003732.7,3004117.7,1128863.24,1136260.65,data/raw/train/19137a89__horizontal_well.csv,
train,1944513c,native_overlap_1_cluster_0002,native_overlap_1_cluster_0002,53,True,6599,3005424.58,1110489.44,3005734.86,1116446.87,3005567.79,1113155.41,3005563.694767391,1113191.8860933478,3005424.58,3005734.86,1110489.44,1116446.87,data/raw/train/1944513c__horizontal_well.csv,
train,197f8a5a,native_overlap_1_cluster_0006,native_overlap_1_cluster_0006,31,True,8248,2882522.67,1019912.96,2877826.12,1025886.28,2880396.64,1022687.58,2880373.065516472,1022700.7279837548,2877826.12,2882522.67,1019912.96,1025886.28,data/raw/train/197f8a5a__horizontal_well.csv,
train,19871e7f,native_overlap_1_cluster_0010,native_overlap_1_cluster_0010,27,True,7152,3001911.72,1071594.08,2997882.19,1077001.84,3000004.59,1074132.65,3000000.7857340598,1074150.1613562622,2997882.19,3001911.72,1071594.08,1077001.84,data/raw/train/19871e7f__horizontal_well.csv,
train,198a5607,native_overlap_1_cluster_0020,native_overlap_1_cluster_0020,15,True,8094,2972177.06,1095445.9,2967217.81,1101050.99,2969850.06,1097985.27,2969843.7264405694,1098013.9417284383,2967217.81,2972178.77,1095445.9,1101050.99,data/raw/train/198a5607__horizontal_well.csv,
train,19fb4f7b,native_overlap_1_cluster_0025,native_overlap_1_cluster_0025,13,True,7923,3016608.38,1080489.82,3013125.52,1086704.58,3015037.48,1083239.95,3015034.185773066,1083290.3320964298,3013125.52,3016609.01,1080489.82,1086704.58,data/raw/train/19fb4f7b__horizontal_well.csv,
train,1a518997,native_overlap_1_cluster_0001,native_overlap_1_cluster_0001,71,True,6544,2907746.15,1039359.82,2911796.42,1034945.19,2909596.31,1037362.07,2909603.561713018,1037333.6233496332,2907745.09,2911796.42,1034945.19,1039359.82,data/raw/train/1a518997__horizontal_well.csv,
train,1a68190b,native_overlap_1_cluster_0018,native_overlap_1_cluster_0018,17,True,6502,2948036.47,1015031.88,2949518.9,1009305.93,2948714.88,1012449.73,2948720.0711996295,1012420.9222500785,2948035.37,2949518.9,1009305.93,1015035.07,data/raw/train/1a68190b__horizontal_well.csv,
train,1a730ac2,native_overlap_1_cluster_0012,native_overlap_1_cluster_0012,25,True,6049,2989303.18,1095213.07,2991464.9,1089762.94,2990359.83,1092571.32,2990360.101206809,1092565.151790378,2989303.18,2991464.9,1089762.94,1095213.07,data/raw/train/1a730ac2__horizontal_well.csv,
train,1aaf1da0,native_overlap_1_cluster_0007,native_overlap_1_cluster_0007,30,True,6321,3006646.69,1105139.94,3004739.06,1110654.64,3005745.15,1107664.5,3005745.8662300347,1107687.239628222,3004739.06,3006648.29,1105139.94,1110654.64,data/raw/train/1aaf1da0__horizontal_well.csv,
train,1b08ed48,native_overlap_1_cluster_0028,native_overlap_1_cluster_0028,11,True,7175,2987123.18,1065138.72,2986992.11,1071997.59,2987076.82,1068414.96,2987073.204890587,1068424.6596571475,2986992.11,2987147.55,1065138.72,1071997.59,data/raw/train/1b08ed48__horizontal_well.csv,
train,1b1c5372,native_overlap_1_cluster_0023,native_overlap_1_cluster_0023,13,True,5792,2998972.7,1127767.79,3000801.42,1122582.11,2999847.07,1125311.0,2999852.5894008847,1125301.5991540025,2998972.69,3000801.42,1122582.11,1127767.79,data/raw/train/1b1c5372__horizontal_well.csv,
train,1b1eba53,native_overlap_1_cluster_0034,native_overlap_1_cluster_0034,7,True,6710,3033334.8,1098329.1,3037883.27,1094329.82,3035418.63,1096597.87,3035441.7735141525,1096568.5505156515,3033334.8,3037883.27,1094329.82,1098329.1,data/raw/train/1b1eba53__horizontal_well.csv,
train,1b6ba517,native_overlap_1_cluster_0014,native_overlap_1_cluster_0014,22,True,8611,2926065.5,1017159.79,2921424.35,1023619.3,2923957.59,1020144.68,2923929.5294623263,1020159.073753343,2921424.35,2926065.5,1017159.79,1023619.3,data/raw/train/1b6ba517__horizontal_well.csv,
train,1b82b665,native_overlap_1_cluster_0023,native_overlap_1_cluster_0023,13,True,5364,2999683.78,1127415.58,3001369.92,1122874.22,3000433.96,1125382.9,3000450.5623079725,1125360.1365100648,2999681.82,3001369.92,1122874.22,1127416.16,data/raw/train/1b82b665__horizontal_well.csv,
train,1bcb2fcf,native_overlap_1_cluster_0026,native_overlap_1_cluster_0026,13,True,6202,3014777.81,1094182.83,3012776.3,1099511.44,3013936.4,1096639.39,3013901.892736211,1096651.0857078324,3012776.3,3014787.98,1094173.79,1099511.44,data/raw/train/1bcb2fcf__horizontal_well.csv,
train,1beca81d,native_overlap_1_cluster_0038,native_overlap_1_cluster_0038,3,True,6650,2976245.69,1091156.2,2979325.3,1085842.09,2977673.09,1088721.13,2977682.760819549,1088702.2169293258,2976240.94,2979325.3,1085842.09,1091156.35,data/raw/train/1beca81d__horizontal_well.csv,
train,1d3fbf02,native_overlap_1_cluster_0022,native_overlap_1_cluster_0022,14,True,4252,2965322.57,1065404.81,2965394.0,1061349.49,2965360.41,1063472.59,2965365.1624153084,1063462.4018861754,2965322.46,2965395.77,1061349.49,1065404.81,data/raw/train/1d3fbf02__horizontal_well.csv,
train,1d78281a,native_overlap_1_cluster_0018,native_overlap_1_cluster_0018,17,True,6810,2948383.54,1015267.62,2949769.97,1009246.34,2949017.63,1012560.88,2949031.6387870936,1012531.2977224675,2948383.48,2949769.97,1009246.34,1015271.12,data/raw/train/1d78281a__horizontal_well.csv,
train,1e30dedf,native_overlap_1_cluster_0023,native_overlap_1_cluster_0023,13,True,5474,2997516.11,1127688.92,2993563.11,1131320.64,2995567.96,1129469.25,2995568.970473151,1129474.2336207556,2993563.11,2997516.11,1127688.92,1131320.64,data/raw/train/1e30dedf__horizontal_well.csv,
train,1e5e3573,native_overlap_1_cluster_0013,native_overlap_1_cluster_0013,22,True,7126,3026652.01,1121774.05,3026576.7,1115099.95,3026622.64,1118655.63,3026624.125266633,1118637.70044766,3026564.36,3026652.46,1115099.95,1121774.41,data/raw/train/1e5e3573__horizontal_well.csv,
train,1f9afacb,native_overlap_1_cluster_0004,native_overlap_1_cluster_0004,38,True,7054,3008473.15,1098234.28,3006129.96,1104381.25,3007366.43,1101083.97,3007377.7228409434,1101107.6732889155,3006129.96,3008473.15,1098234.28,1104381.25,data/raw/train/1f9afacb__horizontal_well.csv,
train,1fdbba44,native_overlap_1_cluster_0018,native_overlap_1_cluster_0018,17,True,6333,2949996.87,1015277.19,2947150.93,1020667.1,2948627.73,1017876.69,2948611.6562671717,1017875.4237944088,2947150.93,2949996.87,1015277.19,1020667.1,data/raw/train/1fdbba44__horizontal_well.csv,
train,1fee2b62,native_overlap_1_cluster_0010,native_overlap_1_cluster_0010,27,True,6323,2997954.23,1070342.66,2995782.19,1075763.08,2996935.33,1072824.62,2996940.4968258725,1072849.5903953826,2995782.19,2997954.23,1070342.66,1075763.08,data/raw/train/1fee2b62__horizontal_well.csv,
train,20096916,native_overlap_1_cluster_0007,native_overlap_1_cluster_0007,30,True,6880,3001648.84,1095686.1,2999593.04,1101746.3,3000707.48,1098498.8,3000687.994504355,1098513.544936044,2999593.04,3001648.84,1095686.1,1101746.3,data/raw/train/20096916__horizontal_well.csv,
train,200d233d,native_overlap_1_cluster_0004,native_overlap_1_cluster_0004,38,True,5896,3008624.11,1105082.54,3011307.13,1100400.01,3009838.83,1102951.6,3009852.113188606,1102931.7946353452,3008624.11,3011307.13,1100400.01,1105082.54,data/raw/train/200d233d__horizontal_well.csv,
train,201661b5,native_overlap_1_cluster_0013,native_overlap_1_cluster_0013,22,True,8136,3026609.1,1107329.54,3026654.02,1114795.96,3026649.15,1110735.45,3026635.0218264577,1110768.017229595,3026601.18,3026670.07,1107329.54,1114795.96,data/raw/train/201661b5__horizontal_well.csv,
train,203721ab,native_overlap_1_cluster_0001,native_overlap_1_cluster_0001,71,True,7235,2899177.07,1025220.51,2903775.7,1020153.1,2901352.95,1022834.23,2901356.2683054563,1022820.3072536313,2899176.89,2903775.7,1020153.1,1025220.58,data/raw/train/203721ab__horizontal_well.csv,
train,20402d71,native_overlap_1_cluster_0006,native_overlap_1_cluster_0006,31,True,7930,2885490.98,1021152.32,2880464.49,1026660.95,2883115.3,1023718.52,2883107.001822193,1023732.0910063058,2880464.49,2885490.98,1021144.23,1026660.95,data/raw/train/20402d71__horizontal_well.csv,
train,2043abc5,native_overlap_1_cluster_0012,native_overlap_1_cluster_0012,25,True,8513,2985275.91,1104167.95,2979821.17,1110387.27,2982621.44,1107189.23,2982620.1458945023,1107196.5194843214,2979821.17,2985275.91,1104167.95,1110387.27,data/raw/train/2043abc5__horizontal_well.csv,
train,204cc64b,native_overlap_1_cluster_0025,native_overlap_1_cluster_0025,13,True,6454,3023528.33,1082332.94,3020078.62,1087230.43,3021918.59,1084585.29,3021916.765061975,1084607.5350480305,3020078.62,3023528.33,1082332.94,1087230.43,data/raw/train/204cc64b__horizontal_well.csv,
train,206b6193,native_overlap_1_cluster_0012,native_overlap_1_cluster_0012,25,True,8568,2981701.01,1092917.86,2976356.37,1098929.02,2979174.17,1095713.86,2979176.583029887,1095738.5206267524,2976356.37,2981701.01,1092917.8,1098929.02,data/raw/train/206b6193__horizontal_well.csv,
train,2075c696,native_overlap_1_cluster_0001,native_overlap_1_cluster_0001,71,True,5580,2900375.11,1040623.18,2902346.85,1036279.5,2901166.37,1038801.63,2901209.846365589,1038745.4303673813,2900375.11,2902346.85,1036279.5,1040623.18,data/raw/train/2075c696__horizontal_well.csv,
train,22c5f93f,native_overlap_1_cluster_0007,native_overlap_1_cluster_0007,30,True,6919,3001336.77,1095570.73,2999191.74,1101595.7,3000378.78,1098354.77,3000351.1687946236,1098369.1172770646,2999191.74,3001336.77,1095570.73,1101595.7,data/raw/train/22c5f93f__horizontal_well.csv,
train,230eaaa3,native_overlap_1_cluster_0012,native_overlap_1_cluster_0012,25,True,6451,2980760.9,1100600.6,2984669.51,1096255.23,2982548.2,1098673.32,2982548.2750116265,1098631.2854084638,2980760.72,2984669.51,1096255.23,1100601.55,data/raw/train/230eaaa3__horizontal_well.csv,
train,2364716c,native_overlap_1_cluster_0021,native_overlap_1_cluster_0021,15,True,6093,2952572.81,1075622.66,2956215.85,1071457.83,2954211.05,1073745.01,2954231.816420482,1073725.503541771,2952570.09,2956215.85,1071457.83,1075623.55,data/raw/train/2364716c__horizontal_well.csv,
train,23b9beb0,native_overlap_1_cluster_0015,native_overlap_1_cluster_0015,20,True,8790,2984089.55,1085981.25,2987474.73,1078222.11,2985558.09,1082158.76,2985610.1827144437,1082175.6244277572,2984089.55,2987474.73,1078222.11,1085981.27,data/raw/train/23b9beb0__horizontal_well.csv,
train,24d8997e,native_overlap_1_cluster_0005,native_overlap_1_cluster_0005,31,True,5188,2918727.79,1046207.99,2915749.09,1049755.13,2917383.53,1047746.39,2917384.756316508,1047788.8296626834,2915749.09,2918728.59,1046207.99,1049755.13,data/raw/train/24d8997e__horizontal_well.csv,
train,25050f63,native_overlap_1_cluster_0006,native_overlap_1_cluster_0006,31,True,7155,2889117.77,1025198.87,2884459.11,1030183.4,2886915.42,1027588.14,2886909.1176240384,1027602.0745884001,2884459.11,2889118.39,1025198.87,1030183.4,data/raw/train/25050f63__horizontal_well.csv,
train,25939962,native_overlap_1_cluster_0003,native_overlap_1_cluster_0003,41,True,6071,3013310.54,1093760.9,3011414.26,1098940.55,3012487.03,1096107.06,3012444.8035200187,1096122.8448278704,3011414.26,3013310.54,1093760.9,1098940.55,data/raw/train/25939962__horizontal_well.csv,
train,25fd32b3,native_overlap_1_cluster_0005,native_overlap_1_cluster_0005,31,True,4546,2916966.99,1044883.92,2919713.86,1041646.39,2918262.0,1043388.7,2918272.7307897042,1043377.684212495,2916966.99,2919713.86,1041646.39,1044883.92,data/raw/train/25fd32b3__horizontal_well.csv,
train,261785ee,native_overlap_1_cluster_0015,native_overlap_1_cluster_0015,20,True,5512,2989015.37,1089028.54,2987249.34,1093572.87,2988234.69,1091004.3,2988229.815290275,1091047.028341797,2987249.34,2989015.37,1089028.54,1093572.87,data/raw/train/261785ee__horizontal_well.csv,
train,264feceb,native_overlap_1_cluster_0001,native_overlap_1_cluster_0001,71,True,7408,2903911.6,1026541.57,2899336.93,1031684.72,2901744.66,1028879.22,2901739.8204360167,1028902.5627578286,2899336.93,2903911.6,1026541.57,1031684.72,data/raw/train/264feceb__horizontal_well.csv,
train,26623a50,native_overlap_1_cluster_0002,native_overlap_1_cluster_0002,53,True,7479,3001787.98,1109641.92,3000364.0,1116451.43,3001124.39,1112795.65,3001128.915182498,1112818.7711485515,3000364.0,3001787.98,1109641.92,1116451.43,data/raw/train/26623a50__horizontal_well.csv,
train,26d3a96a,native_overlap_1_cluster_0025,native_overlap_1_cluster_0025,13,True,6465,3023065.81,1082151.35,3019706.06,1087095.97,3021537.27,1084437.42,3021515.6051415363,1084448.2900417608,3019706.06,3023065.81,1082151.35,1087095.97,data/raw/train/26d3a96a__horizontal_well.csv,
train,272abef3,native_overlap_1_cluster_0012,native_overlap_1_cluster_0012,25,True,5682,2992920.27,1095948.9,2994859.38,1091024.12,2993798.18,1093651.68,2993831.6054417505,1093646.923377335,2992920.17,2994859.38,1091024.12,1095948.9,data/raw/train/272abef3__horizontal_well.csv,
train,27300fd5,native_overlap_1_cluster_0025,native_overlap_1_cluster_0025,13,True,7386,3016355.47,1080573.85,3012822.02,1086570.78,3014615.52,1083349.36,3014614.9766598986,1083368.4992932535,3012822.02,3016355.47,1080567.67,1086570.78,data/raw/train/27300fd5__horizontal_well.csv,
train,276b012a,native_overlap_1_cluster_0010,native_overlap_1_cluster_0010,27,True,6291,3008735.87,1073909.23,3012385.11,1069160.18,3010481.39,1071661.86,3010481.3895183643,1071647.194732154,3008735.44,3012385.11,1069160.18,1073909.23,data/raw/train/276b012a__horizontal_well.csv,
train,27c3155b,native_overlap_1_cluster_0035,native_overlap_1_cluster_0035,7,True,6941,3033445.35,1095230.17,3037952.91,1090915.36,3035445.91,1093310.65,3035476.068504553,1093283.9385463183,3033444.8,3037952.91,1090915.36,1095230.2,data/raw/train/27c3155b__horizontal_well.csv,
train,27ebb9b9,native_overlap_1_cluster_0014,native_overlap_1_cluster_0014,22,True,7651,2923871.54,1015993.29,2919547.59,1021697.84,2921845.0,1018646.95,2921837.8507358516,1018664.5301424632,2919547.59,2923871.54,1015993.27,1021697.84,data/raw/train/27ebb9b9__horizontal_well.csv,
train,283269ac,native_overlap_1_cluster_0012,native_overlap_1_cluster_0012,25,True,4567,2980721.91,1097314.27,2978108.85,1100326.37,2979644.61,1098640.05,2979593.6086752927,1098653.2826779059,2978108.85,2980724.04,1097313.3,1100326.37,data/raw/train/283269ac__horizontal_well.csv,
train,28473855,native_overlap_1_cluster_0021,native_overlap_1_cluster_0021,15,True,6620,2964437.47,1077322.16,2960546.4,1081766.93,2962728.12,1079296.07,2962700.579294554,1079327.9290453165,2960546.4,2964437.47,1077322.16,1081766.93,data/raw/train/28473855__horizontal_well.csv,
train,28f4eda9,native_overlap_1_cluster_0006,native_overlap_1_cluster_0006,31,True,6824,2888231.99,1024634.36,2883640.47,1029475.07,2885976.79,1026992.4,2885980.616907976,1027001.796271983,2883640.47,2888231.99,1024634.36,1029475.07,data/raw/train/28f4eda9__horizontal_well.csv,
train,29b24409,native_overlap_1_cluster_0001,native_overlap_1_cluster_0001,71,True,7417,2907560.77,1034505.75,2903080.61,1039766.9,2905474.85,1036940.13,2905473.101380613,1036963.2932897368,2903080.61,2907562.98,1034502.73,1039766.9,data/raw/train/29b24409__horizontal_well.csv,
train,29de15c8,native_overlap_1_cluster_0016,native_overlap_1_cluster_0016,19,True,5164,3012493.66,1115394.36,3012246.63,1120098.71,3012292.79,1117521.9,3012327.9367273375,1117547.8591692415,3012246.63,3012497.55,1115393.79,1120098.71,data/raw/train/29de15c8__horizontal_well.csv,
train,2ab29395,native_overlap_1_cluster_0003,native_overlap_1_cluster_0003,41,True,3325,2998997.85,1089519.07,3000355.26,1086634.95,2999635.74,1088131.43,2999643.796538342,1088124.5559248105,2998997.85,3000355.26,1086634.95,1089519.07,data/raw/train/2ab29395__horizontal_well.csv,
train,2ac7cb6b,native_overlap_1_cluster_0008,native_overlap_1_cluster_0008,28,True,6451,2993987.4,1121640.59,2992034.11,1127513.52,2993043.46,1124462.43,2993037.6656952384,1124468.008276236,2992034.11,2993987.4,1121640.59,1127513.52,data/raw/train/2ac7cb6b__horizontal_well.csv,
train,2acc78d4,native_overlap_1_cluster_0007,native_overlap_1_cluster_0007,30,True,6109,3008523.0,1110844.86,3008478.21,1105301.76,3008560.33,1108351.05,3008531.008865608,1108321.6579456525,3008478.21,3008599.72,1105301.76,1110844.86,data/raw/train/2acc78d4__horizontal_well.csv,
train,2b034622,native_overlap_1_cluster_0031,native_overlap_1_cluster_0031,8,True,6761,2860169.11,1040863.59,2856110.7,1045783.52,2858227.3,1043154.57,2858246.8825721103,1043188.9197396839,2856110.7,2860169.11,1040863.59,1045783.52,data/raw/train/2b034622__horizontal_well.csv,
train,2b06ad65,native_overlap_1_cluster_0016,native_overlap_1_cluster_0016,19,True,5706,3011810.14,1115425.28,3011674.7,1120883.2,3011752.98,1118035.39,3011752.749763406,1118043.8012232718,3011674.7,3011810.14,1115425.28,1120883.2,data/raw/train/2b06ad65__horizontal_well.csv,
train,2b547943,native_overlap_1_cluster_0003,native_overlap_1_cluster_0003,41,True,5131,2999757.03,1089901.17,3001521.58,1085652.77,3000531.68,1088016.19,3000556.0718086134,1087992.6380003903,2999756.7,3001521.58,1085652.77,1089901.19,data/raw/train/2b547943__horizontal_well.csv,
train,2be5c96a,native_overlap_1_cluster_0007,native_overlap_1_cluster_0007,30,True,5753,2996847.6,1094333.86,3000621.97,1090530.93,2998578.2,1092550.63,2998590.5185816092,1092538.099165653,2996847.6,3000621.97,1090530.93,1094335.43,data/raw/train/2be5c96a__horizontal_well.csv,
train,2bff06cf,native_overlap_1_cluster_0011,native_overlap_1_cluster_0011,26,True,9174,2925488.57,1055780.42,2919715.34,1062194.26,2922758.41,1058785.56,2922762.200692168,1058812.8671942437,2919715.34,2925488.57,1055780.31,1062194.26,data/raw/train/2bff06cf__horizontal_well.csv,
train,2c0c4a4e,native_overlap_1_cluster_0021,native_overlap_1_cluster_0021,15,True,6719,2957057.92,1079435.66,2961080.3,1074677.86,2958936.62,1077258.38,2958949.2875323766,1077239.1411445194,2957057.92,2961080.3,1074677.86,1079435.66,data/raw/train/2c0c4a4e__horizontal_well.csv,
train,2cee0cba,native_overlap_1_cluster_0044,native_overlap_1_cluster_0044,1,False,7335,2894213.45,1036726.17,2898629.66,1031543.31,2896257.89,1034333.95,2896259.4297900475,1034307.1366952958,2894211.7,2898629.66,1031543.31,1036726.17,data/raw/train/2cee0cba__horizontal_well.csv,
train,2d0c268a,native_overlap_1_cluster_0002,native_overlap_1_cluster_0002,53,True,6289,3002585.95,1116598.81,3002839.16,1122339.16,3002744.15,1119199.96,3002735.7464986327,1119228.1983494877,3002585.67,3002839.16,1116598.81,1122339.16,data/raw/train/2d0c268a__horizontal_well.csv,
train,2d179ded,native_overlap_1_cluster_0036,native_overlap_1_cluster_0036,7,True,9225,2871087.59,1025151.28,2865423.05,1031552.1,2868503.44,1028122.86,2868460.8220466217,1028125.938944176,2865423.05,2871089.88,1025151.28,1031552.1,data/raw/train/2d179ded__horizontal_well.csv,
train,2d196986,native_overlap_1_cluster_0005,native_overlap_1_cluster_0005,31,True,8316,2914375.53,1037361.9,2909330.74,1043292.13,2911985.25,1040099.44,2911992.692681581,1040130.0983213104,2909330.74,2914375.53,1037361.9,1043292.13,data/raw/train/2d196986__horizontal_well.csv,
train,2d2d0c6b,native_overlap_1_cluster_0005,native_overlap_1_cluster_0005,31,True,6967,2918852.77,1046293.32,2923656.06,1042085.96,2921044.4,1044383.59,2921054.297027431,1044353.3185488753,2918851.98,2923656.06,1042085.96,1046294.61,data/raw/train/2d2d0c6b__horizontal_well.csv,
train,2d35f86d,native_overlap_1_cluster_0007,native_overlap_1_cluster_0007,30,True,6628,3001504.67,1102458.94,2999153.43,1108224.45,3000418.21,1105168.08,3000407.748599883,1105181.3599366304,2999153.43,3001504.99,1102458.94,1108224.45,data/raw/train/2d35f86d__horizontal_well.csv,
train,2d9f6cb9,native_overlap_1_cluster_0010,native_overlap_1_cluster_0010,27,True,8627,3010015.09,1074649.75,3006881.16,1082579.04,3008474.4,1078575.91,3008461.9630474057,1078573.0544337616,3006881.16,3010015.09,1074649.75,1082579.04,data/raw/train/2d9f6cb9__horizontal_well.csv,
train,2ddad940,native_overlap_1_cluster_0022,native_overlap_1_cluster_0022,14,True,6812,2971494.07,1066172.87,2975319.09,1061029.08,2973281.0,1063749.71,2973293.0801291913,1063741.2524001787,2971493.74,2975319.09,1061029.08,1066172.97,data/raw/train/2ddad940__horizontal_well.csv,
train,2e29e833,native_overlap_1_cluster_0013,native_overlap_1_cluster_0013,22,True,7254,3023285.38,1108114.97,3023300.59,1114895.81,3023280.47,1111273.22,3023285.544856633,1111293.6305941518,3023272.78,3023305.99,1108114.97,1114895.81,data/raw/train/2e29e833__horizontal_well.csv,
train,2e43c2ea,native_overlap_1_cluster_0005,native_overlap_1_cluster_0005,31,True,7349,2916948.48,1043528.2,2912606.04,1048757.87,2914929.91,1045918.68,2914930.690698057,1045948.5012246552,2912606.04,2916948.48,1043528.2,1048757.87,data/raw/train/2e43c2ea__horizontal_well.csv,
train,2e63d9de,native_overlap_1_cluster_0026,native_overlap_1_cluster_0026,13,True,6505,3022122.98,1097498.35,3025635.42,1092690.38,3023707.53,1095305.63,3023743.0776003106,1095297.224007685,3022118.98,3025635.42,1092690.38,1097499.9,data/raw/train/2e63d9de__horizontal_well.csv,
train,2ee0235b,native_overlap_1_cluster_0001,native_overlap_1_cluster_0001,71,True,7256,2903580.22,1026115.63,2899201.99,1031309.04,2901565.86,1028562.96,2901544.5319308187,1028566.7084468013,2899201.99,2903580.22,1026115.55,1031309.04,data/raw/train/2ee0235b__horizontal_well.csv,
train,2f19d536,native_overlap_1_cluster_0003,native_overlap_1_cluster_0003,41,True,4744,3003835.25,1075591.32,3001149.9,1079255.9,3002547.96,1077343.51,3002539.5638574893,1077349.3945109597,3001149.9,3003835.25,1075591.32,1079255.9,data/raw/train/2f19d536__horizontal_well.csv,
train,2f8e53c3,native_overlap_1_cluster_0004,native_overlap_1_cluster_0004,38,True,4133,3011950.74,1110561.29,3011769.76,1106739.53,3011863.23,1108801.28,3011860.6029397543,1108785.032080812,3011769.76,3011950.74,1106739.53,1110561.29,data/raw/train/2f8e53c3__horizontal_well.csv,
train,2fa01aa6,native_overlap_1_cluster_0032,native_overlap_1_cluster_0032,8,True,3860,3022072.71,1088134.68,3024142.09,1085497.61,3022945.98,1087008.58,3022973.572626935,1086983.150274614,3022072.71,3024142.09,1085497.61,1088136.67,data/raw/train/2fa01aa6__horizontal_well.csv,
train,2fd68f7b,native_overlap_1_cluster_0023,native_overlap_1_cluster_0023,13,True,6381,2997404.6,1127840.23,2999343.73,1122326.53,2998276.52,1125327.01,2998302.474381745,1125308.429716344,2997402.82,2999343.73,1122326.53,1127840.23,data/raw/train/2fd68f7b__horizontal_well.csv,
train,2fe023be,native_overlap_1_cluster_0015,native_overlap_1_cluster_0015,20,True,6060,2990180.32,1089270.81,2987910.93,1094267.95,2989156.73,1091513.69,2989146.017768969,1091540.8872046226,2987910.93,2990180.32,1089270.56,1094267.95,data/raw/train/2fe023be__horizontal_well.csv,
train,30d75030,native_overlap_1_cluster_0008,native_overlap_1_cluster_0008,28,True,5009,2992012.21,1113862.7,2991714.42,1118597.6,2991872.91,1116103.71,2991865.208442801,1116116.058454784,2991714.42,2992012.21,1113862.7,1118597.6,data/raw/train/30d75030__horizontal_well.csv,
train,310c71a5,native_overlap_1_cluster_0001,native_overlap_1_cluster_0001,71,True,6988,2907298.67,1032190.03,2903040.49,1037097.29,2905291.37,1034435.92,2905287.4652661714,1034457.5330008555,2903040.49,2907298.67,1032190.02,1037097.29,data/raw/train/310c71a5__horizontal_well.csv,
train,32fe84c9,native_overlap_1_cluster_0028,native_overlap_1_cluster_0028,11,True,8163,2984564.94,1072857.56,2984699.76,1065198.4,2984625.53,1069276.21,2984629.2919674125,1069258.6930393265,2984564.94,2984699.76,1065198.4,1072864.37,data/raw/train/32fe84c9__horizontal_well.csv,
train,33c40295,native_overlap_1_cluster_0015,native_overlap_1_cluster_0015,20,True,5989,2988243.43,1085980.4,2986136.8,1090972.78,2987259.64,1088201.59,2987233.9451160636,1088227.1354216023,2986136.8,2988243.43,1085979.99,1090972.78,data/raw/train/33c40295__horizontal_well.csv,
train,3407f5bf,native_overlap_1_cluster_0011,native_overlap_1_cluster_0011,26,True,5309,2928499.02,1055640.45,2931661.08,1051855.18,2929977.97,1053900.45,2929962.800617821,1053861.803492184,2928499.02,2931661.08,1051855.18,1055640.54,data/raw/train/3407f5bf__horizontal_well.csv,
train,3417285d,native_overlap_1_cluster_0029,native_overlap_1_cluster_0029,10,True,7458,2984463.62,1055641.36,2983218.97,1062205.24,2983485.96,1058503.52,2983667.747055504,1058575.6183024943,2983218.97,2984463.62,1055635.84,1062205.24,data/raw/train/3417285d__horizontal_well.csv,
train,347242c8,native_overlap_1_cluster_0016,native_overlap_1_cluster_0016,19,True,5437,3014077.15,1119483.85,3015982.19,1115018.08,3014944.71,1117525.46,3014940.021373923,1117485.0900202328,3014077.15,3015982.19,1115018.08,1119483.85,data/raw/train/347242c8__horizontal_well.csv,
train,353e5502,native_overlap_1_cluster_0045,native_overlap_1_cluster_0045,1,False,7901,2922588.29,1046947.04,2917845.23,1052536.17,2920410.98,1049543.12,2920374.3377104145,1049542.1560232898,2917845.23,2922588.29,1046947.04,1052536.17,data/raw/train/353e5502__horizontal_well.csv,
train,357c12f9,native_overlap_1_cluster_0017,native_overlap_1_cluster_0017,19,True,5770,2940925.86,1064281.12,2937744.89,1068394.91,2939496.32,1066108.08,2939483.941403814,1066137.261332751,2937744.89,2940925.94,1064281.12,1068394.91,data/raw/train/357c12f9__horizontal_well.csv,
train,3584a6eb,native_overlap_1_cluster_0003,native_overlap_1_cluster_0003,41,True,6150,3011046.23,1092693.4,3009035.05,1097952.74,3010153.05,1095092.79,3010135.413700813,1095112.0629788605,3009035.05,3011046.23,1092692.4,1097952.74,data/raw/train/3584a6eb__horizontal_well.csv,
train,35b30c7f,native_overlap_1_cluster_0021,native_overlap_1_cluster_0021,15,True,11270,2949955.26,1079679.05,2956979.61,1071659.92,2953268.39,1075887.9,2953274.8581224578,1075871.9027107402,2949953.63,2956979.61,1071659.92,1079680.74,data/raw/train/35b30c7f__horizontal_well.csv,
train,35b3ef6a,native_overlap_1_cluster_0017,native_overlap_1_cluster_0017,19,True,5736,2938546.84,1069371.8,2935036.59,1073440.72,2936886.8,1071262.97,2936901.6399198035,1071294.1066021638,2935036.59,2938546.84,1069371.8,1073440.72,data/raw/train/35b3ef6a__horizontal_well.csv,
train,367456ce,native_overlap_1_cluster_0008,native_overlap_1_cluster_0008,28,True,7312,2994968.11,1121737.55,2997282.57,1115337.45,2996021.25,1118758.68,2996038.5458082724,1118744.9803391693,2994968.11,2997282.57,1115337.45,1121737.55,data/raw/train/367456ce__horizontal_well.csv,
train,368131f9,native_overlap_1_cluster_0007,native_overlap_1_cluster_0007,30,True,6568,2999315.4,1101522.4,2997074.55,1107371.67,2998256.31,1104315.23,2998248.61029384,1104321.3070264899,2997074.55,2999315.4,1101522.38,1107371.67,data/raw/train/368131f9__horizontal_well.csv,
train,368fe682,native_overlap_1_cluster_0030,native_overlap_1_cluster_0030,8,True,6416,2902555.72,1026383.45,2898541.35,1030979.52,2900629.61,1028554.33,2900633.3385349177,1028569.2561518056,2898541.35,2902555.72,1026383.45,1030979.52,data/raw/train/368fe682__horizontal_well.csv,
train,3690a146,native_overlap_1_cluster_0001,native_overlap_1_cluster_0001,71,True,5761,2909752.96,1040260.13,2913248.84,1036434.0,2911307.51,1038556.95,2911334.9994133026,1038537.7706422501,2909752.96,2913248.84,1036434.0,1040261.61,data/raw/train/3690a146__horizontal_well.csv,
train,37344c2a,native_overlap_1_cluster_0011,native_overlap_1_cluster_0011,26,True,6943,2917878.82,1044963.87,2922406.04,1040502.88,2919935.71,1042935.6,2919964.7176350337,1042923.475916747,2917876.6,2922406.04,1040502.88,1044965.73,data/raw/train/37344c2a__horizontal_well.csv,
train,373ef48b,native_overlap_1_cluster_0001,native_overlap_1_cluster_0001,71,True,4992,2904213.89,1027398.68,2907411.44,1023936.49,2905740.95,1025782.72,2905745.2321354034,1025769.6636538461,2904213.89,2907411.44,1023936.49,1027398.68,data/raw/train/373ef48b__horizontal_well.csv,
train,374be387,native_overlap_1_cluster_0036,native_overlap_1_cluster_0036,7,True,11802,2876358.29,1025825.95,2868947.04,1034303.06,2872825.91,1029864.68,2872825.346799681,1029882.6952482613,2868947.04,2876358.29,1025825.95,1034303.06,data/raw/train/374be387__horizontal_well.csv,
train,37d36812,native_overlap_1_cluster_0003,native_overlap_1_cluster_0003,41,True,6017,3009944.31,1092543.34,3007076.5,1097262.72,3008648.42,1094702.25,3008614.6492288476,1094709.3424680047,3007076.5,3009944.31,1092539.58,1097262.72,data/raw/train/37d36812__horizontal_well.csv,
train,38991fd4,native_overlap_1_cluster_0019,native_overlap_1_cluster_0019,16,True,6545,2935712.43,1055232.09,2931653.11,1059653.53,2933888.57,1057272.2,2933868.8228021404,1057288.1037769273,2931653.11,2935712.43,1055232.09,1059653.53,data/raw/train/38991fd4__horizontal_well.csv,
train,389ae58f,native_overlap_1_cluster_0022,native_overlap_1_cluster_0022,14,True,8201,2970936.01,1071695.54,2975611.92,1065587.65,2973140.0,1068854.52,2973135.336276045,1068828.1731849755,2970934.82,2975611.92,1065587.65,1071695.54,data/raw/train/389ae58f__horizontal_well.csv,
train,3932faa6,native_overlap_1_cluster_0014,native_overlap_1_cluster_0014,22,True,7388,2922884.32,1015790.87,2918601.21,1021135.79,2920908.32,1018260.02,2920902.8020343767,1018283.9872631334,2918601.21,2922884.32,1015790.87,1021135.79,data/raw/train/3932faa6__horizontal_well.csv,
train,398dce4b,native_overlap_1_cluster_0024,native_overlap_1_cluster_0024,13,True,5005,2954283.22,1083611.13,2951327.89,1086961.39,2952959.78,1085072.09,2952955.215918089,1085111.261112884,2951327.89,2954283.36,1083611.06,1086961.39,data/raw/train/398dce4b__horizontal_well.csv,
train,39b51819,native_overlap_1_cluster_0011,native_overlap_1_cluster_0011,26,True,6382,2922613.13,1049098.11,2918643.15,1053323.53,2920696.96,1050890.89,2920706.6100282,1050937.2142071442,2918643.15,2922613.13,1049091.49,1053323.53,data/raw/train/39b51819__horizontal_well.csv,
train,3a0af893,native_overlap_1_cluster_0013,native_overlap_1_cluster_0013,22,True,4580,3022261.73,1105388.24,3019518.64,1108789.35,3021047.1,1107088.87,3021019.081264187,1107076.9633078584,3019518.64,3022261.73,1105388.24,1108789.35,data/raw/train/3a0af893__horizontal_well.csv,
train,3a223519,native_overlap_1_cluster_0018,native_overlap_1_cluster_0018,17,True,6581,2944909.41,1015039.05,2946391.01,1009287.73,2945569.21,1012470.55,2945581.8097067354,1012433.6814709047,2944909.41,2946391.01,1009287.73,1015039.07,data/raw/train/3a223519__horizontal_well.csv,
train,3a7dd95d,native_overlap_1_cluster_0046,native_overlap_1_cluster_0046,1,False,4320,2917570.67,1033504.45,2914673.66,1030517.86,2916177.32,1032065.22,2916177.927018513,1032055.024326388,2914673.66,2917570.67,1030517.86,1033504.45,data/raw/train/3a7dd95d__horizontal_well.csv,
train,3a824aa7,native_overlap_1_cluster_0003,native_overlap_1_cluster_0003,41,True,5678,3012400.71,1093533.45,3010566.68,1098599.86,3011521.87,1095931.66,3011532.9244663604,1095947.1317224365,3010566.68,3012400.71,1093533.45,1098599.86,data/raw/train/3a824aa7__horizontal_well.csv,
train,3a86fe8d,native_overlap_1_cluster_0012,native_overlap_1_cluster_0012,25,True,6572,2988695.89,1101380.71,2990786.26,1095570.24,2989669.41,1098654.34,2989676.8353225854,1098642.2423980476,2988684.38,2990786.26,1095570.24,1101380.8,data/raw/train/3a86fe8d__horizontal_well.csv,
train,3aaa2b30,native_overlap_1_cluster_0008,native_overlap_1_cluster_0008,28,True,6396,2991484.34,1120062.5,2992608.53,1114139.04,2992174.99,1117300.61,2992126.0654033762,1117277.11597092,2991484.33,2992608.53,1114139.04,1120062.5,data/raw/train/3aaa2b30__horizontal_well.csv,
train,3ac16ad0,native_overlap_1_cluster_0006,native_overlap_1_cluster_0006,31,True,7412,2888537.38,1024390.62,2893355.05,1019555.49,2890727.85,1022163.48,2890764.4077387946,1022164.7593213678,2888529.56,2893355.05,1019555.49,1024390.62,data/raw/train/3ac16ad0__horizontal_well.csv,
train,3b21ea64,native_overlap_1_cluster_0010,native_overlap_1_cluster_0010,27,True,9103,3010422.66,1074651.57,3007304.6,1082748.3,3008952.66,1078511.81,3008940.097660121,1078520.4523607595,3007304.6,3010422.66,1074651.56,1082748.3,data/raw/train/3b21ea64__horizontal_well.csv,
train,3bbe1f5d,native_overlap_1_cluster_0001,native_overlap_1_cluster_0001,71,True,8184,2903835.14,1031100.01,2908904.61,1025390.2,2906210.8,1028460.6,2906216.9230742804,1028439.4256170549,2903833.27,2908904.61,1025390.2,1031100.01,data/raw/train/3bbe1f5d__horizontal_well.csv,
train,3bfee975,native_overlap_1_cluster_0003,native_overlap_1_cluster_0003,41,True,5088,3000380.78,1090364.59,3002069.7,1085886.68,3001180.14,1088266.21,3001190.4197739833,1088257.3075353722,3000380.78,3002069.7,1085886.68,1090364.59,data/raw/train/3bfee975__horizontal_well.csv,
train,3c3dbcbc,native_overlap_1_cluster_0007,native_overlap_1_cluster_0007,30,True,6911,3001962.13,1095812.08,2999952.72,1101879.87,3001046.81,1098605.98,3001031.131882503,1098625.1990392103,2999952.72,3001962.13,1095812.08,1101879.87,data/raw/train/3c3dbcbc__horizontal_well.csv,
train,3d96d897,native_overlap_1_cluster_0001,native_overlap_1_cluster_0001,71,True,7147,2905871.73,1031971.26,2910383.72,1026922.95,2908021.96,1029592.21,2908016.4654764254,1029573.0082272289,2905870.8,2910383.72,1026922.95,1031971.77,data/raw/train/3d96d897__horizontal_well.csv,
train,3df4b19e,native_overlap_1_cluster_0002,native_overlap_1_cluster_0002,53,True,6658,3006021.62,1116433.42,3006162.05,1122606.65,3006077.04,1119283.54,3006087.4729077863,1119302.6152252762,3006017.64,3006162.05,1116433.37,1122606.65,data/raw/train/3df4b19e__horizontal_well.csv,
train,3e011332,native_overlap_1_cluster_0015,native_overlap_1_cluster_0015,20,True,4842,2986357.06,1085379.2,2984883.78,1089198.28,2985806.58,1086966.05,2985773.5903634885,1087021.4476827797,2984883.78,2986389.99,1085379.07,1089198.28,data/raw/train/3e011332__horizontal_well.csv,
train,3e678ea7,native_overlap_1_cluster_0026,native_overlap_1_cluster_0026,13,True,8737,3016370.68,1095175.21,3019244.78,1087425.53,3017743.63,1091525.12,3017735.166680778,1091504.7807496868,3016370.56,3019244.78,1087425.53,1095175.26,data/raw/train/3e678ea7__horizontal_well.csv,
train,3ef6372a,native_overlap_1_cluster_0012,native_overlap_1_cluster_0012,25,True,6666,2981085.98,1101077.87,2985109.22,1096526.76,2982893.61,1099002.44,2982909.4456360596,1098979.2612376234,2981085.74,2985109.22,1096526.76,1101078.55,data/raw/train/3ef6372a__horizontal_well.csv,
train,3ef98781,native_overlap_1_cluster_0016,native_overlap_1_cluster_0016,19,True,5343,3012168.31,1115377.46,3012051.55,1120431.45,3012130.92,1117763.19,3012114.3350889045,1117773.8327512508,3012051.55,3012168.31,1115377.46,1120431.45,data/raw/train/3ef98781__horizontal_well.csv,
train,3f603129,native_overlap_1_cluster_0009,native_overlap_1_cluster_0009,28,True,6599,3005053.79,1136223.41,3006354.92,1130105.94,3005376.82,1133232.3,3005488.675870591,1133248.6305334151,3005052.48,3006354.92,1130105.94,1136223.41,data/raw/train/3f603129__horizontal_well.csv,
train,404c4384,native_overlap_1_cluster_0024,native_overlap_1_cluster_0024,13,True,2612,2956494.76,1085439.05,2955073.23,1087037.95,2955949.34,1086071.75,2955914.199372131,1086109.9998966306,2955073.23,2956494.76,1085438.49,1087037.95,data/raw/train/404c4384__horizontal_well.csv,
train,4121c517,native_overlap_1_cluster_0009,native_overlap_1_cluster_0009,28,True,5471,3008373.68,1128825.33,3007147.16,1133647.57,3007818.38,1131000.01,3007811.4320325335,1131026.3474904026,3007147.16,3008373.68,1128825.33,1133647.57,data/raw/train/4121c517__horizontal_well.csv,
train,41fb0192,native_overlap_1_cluster_0010,native_overlap_1_cluster_0010,27,True,4381,3006235.36,1077399.63,3008491.68,1073979.64,3007292.44,1075808.94,3007297.727852092,1075798.2501004343,3006235.14,3008491.68,1073979.64,1077399.65,data/raw/train/41fb0192__horizontal_well.csv,
train,42669188,native_overlap_1_cluster_0022,native_overlap_1_cluster_0022,14,True,6080,2971388.45,1060599.85,2968183.09,1065108.51,2969948.19,1062640.04,2969923.645197355,1062658.4307598653,2968183.09,2971388.45,1060599.85,1065108.51,data/raw/train/42669188__horizontal_well.csv,
train,42c538a1,native_overlap_1_cluster_0030,native_overlap_1_cluster_0030,8,True,4762,2910486.94,1023850.36,2907458.31,1020466.86,2909040.33,1022241.75,2909031.1614195686,1022236.8262473735,2907458.31,2910486.94,1020466.86,1023850.36,data/raw/train/42c538a1__horizontal_well.csv,
train,43b06c70,native_overlap_1_cluster_0007,native_overlap_1_cluster_0007,30,True,6590,3006368.17,1104860.43,3004283.6,1110549.04,3005407.73,1107461.69,3005416.2435720637,1107488.9356327779,3004283.6,3006368.81,1104860.43,1110549.04,data/raw/train/43b06c70__horizontal_well.csv,
train,43c7f85a,native_overlap_1_cluster_0006,native_overlap_1_cluster_0006,31,True,7484,2885816.29,1021929.64,2890532.64,1016535.84,2888069.13,1019344.42,2888077.628254941,1019340.6330157685,2885816.29,2890532.64,1016535.84,1021929.64,data/raw/train/43c7f85a__horizontal_well.csv,
train,43e16325,native_overlap_1_cluster_0011,native_overlap_1_cluster_0011,26,True,5845,2927209.0,1047305.97,2931178.75,1050708.5,2928951.41,1048821.61,2928982.1610761276,1048846.7608742518,2927209.0,2931178.75,1047305.97,1050708.5,data/raw/train/43e16325__horizontal_well.csv,
train,44441e54,native_overlap_1_cluster_0004,native_overlap_1_cluster_0004,38,True,5568,3011950.3,1110542.48,3011706.44,1105173.51,3011782.34,1107953.45,3011799.4421066847,1107946.204136134,3011706.44,3011950.34,1105173.51,1110542.48,data/raw/train/44441e54__horizontal_well.csv,
train,445af6c2,native_overlap_1_cluster_0001,native_overlap_1_cluster_0001,71,True,7998,2907267.82,1037843.06,2912184.29,1032261.93,2909549.8,1035260.49,2909559.6734271194,1035237.5228369585,2907266.44,2912184.29,1032261.93,1037843.06,data/raw/train/445af6c2__horizontal_well.csv,
train,4463446c,native_overlap_1_cluster_0039,native_overlap_1_cluster_0039,2,True,4729,2945047.59,1074311.96,2947983.86,1070843.52,2946432.45,1072619.82,2946442.0727574504,1072618.9053140203,2945047.59,2947983.86,1070843.52,1074311.96,data/raw/train/4463446c__horizontal_well.csv,
train,44a94013,native_overlap_1_cluster_0027,native_overlap_1_cluster_0027,11,True,6492,2891012.98,1027725.15,2886505.26,1032077.88,2888844.96,1029838.72,2888836.476369369,1029842.7473151555,2886505.26,2891012.98,1027725.15,1032077.88,data/raw/train/44a94013__horizontal_well.csv,
train,45fb3e21,native_overlap_1_cluster_0015,native_overlap_1_cluster_0015,20,True,5626,2991508.92,1090197.32,2989709.53,1094878.76,2990730.27,1092262.13,2990720.601637035,1092300.5061304667,2989709.53,2991519.58,1090197.16,1094878.76,data/raw/train/45fb3e21__horizontal_well.csv,
train,460f859e,native_overlap_1_cluster_0005,native_overlap_1_cluster_0005,31,True,4982,2913099.09,1041972.81,2915980.42,1038543.8,2914396.59,1040462.53,2914405.8898454355,1040433.87240466,2913098.0,2915980.42,1038543.8,1041975.13,data/raw/train/460f859e__horizontal_well.csv,
train,4630ab92,native_overlap_1_cluster_0004,native_overlap_1_cluster_0004,38,True,5307,3014485.69,1100359.79,3012797.22,1104767.78,3013723.53,1102287.3,3013720.554401725,1102326.2744978333,3012797.22,3014485.79,1100359.79,1104767.78,data/raw/train/4630ab92__horizontal_well.csv,
train,463c38f2,native_overlap_1_cluster_0019,native_overlap_1_cluster_0019,16,True,6048,2937098.11,1056519.16,2933165.07,1060880.8,2935152.14,1058612.9,2935154.4169064364,1058622.5116517844,2933165.07,2937098.11,1056519.16,1060880.8,data/raw/train/463c38f2__horizontal_well.csv,
train,4654e7de,native_overlap_1_cluster_0001,native_overlap_1_cluster_0001,71,True,7010,2906951.58,1032888.3,2911431.08,1027983.86,2909073.23,1030569.95,2909077.020813117,1030556.5545235389,2906951.58,2911431.08,1027983.86,1032888.39,data/raw/train/4654e7de__horizontal_well.csv,
train,466fc788,native_overlap_1_cluster_0004,native_overlap_1_cluster_0004,38,True,7767,3011428.41,1098698.12,3007804.65,1104919.55,3009789.21,1101588.0,3009768.2289880137,1101601.4419505594,3007804.65,3011428.41,1098687.0,1104919.55,data/raw/train/466fc788__horizontal_well.csv,
train,46a301e9,native_overlap_1_cluster_0020,native_overlap_1_cluster_0020,15,True,9962,2971117.4,1099254.65,2977166.29,1092007.46,2973988.69,1095837.03,2973989.7533557434,1095818.3014956848,2971114.38,2977166.29,1092007.46,1099255.8,data/raw/train/46a301e9__horizontal_well.csv,
train,46a7190b,native_overlap_1_cluster_0026,native_overlap_1_cluster_0026,13,True,5646,3025098.71,1100150.84,3025715.58,1094858.17,3025382.33,1097657.85,3025379.9397803806,1097645.228623804,3025095.03,3025715.58,1094858.17,1100150.84,data/raw/train/46a7190b__horizontal_well.csv,
train,46d24a09,native_overlap_1_cluster_0018,native_overlap_1_cluster_0018,17,True,6123,2950215.96,1015519.87,2947526.24,1020663.56,2948924.06,1017951.71,2948927.847816425,1017965.589586805,2947526.24,2950215.96,1015519.87,1020663.56,data/raw/train/46d24a09__horizontal_well.csv,
train,46d41ff6,native_overlap_1_cluster_0028,native_overlap_1_cluster_0028,11,True,9226,2990320.35,1071536.43,2993580.25,1063143.59,2991883.17,1067424.27,2991906.9093182334,1067430.0806481678,2990320.35,2993580.25,1063143.59,1071536.43,data/raw/train/46d41ff6__horizontal_well.csv,
train,46dfcfca,native_overlap_1_cluster_0026,native_overlap_1_cluster_0026,13,True,4921,3024765.93,1100029.49,3025275.46,1095418.04,3024992.77,1097859.49,3025010.094927861,1097849.2579211532,3024765.93,3025275.46,1095418.04,1100029.49,data/raw/train/46dfcfca__horizontal_well.csv,
train,47222616,native_overlap_1_cluster_0003,native_overlap_1_cluster_0003,41,True,5835,3010739.45,1092537.74,3008705.72,1097815.06,3009746.97,1095094.03,3009758.530947736,1095105.4801662425,3008705.72,3010739.45,1092537.74,1097815.06,data/raw/train/47222616__horizontal_well.csv,
train,47ee27ab,native_overlap_1_cluster_0012,native_overlap_1_cluster_0012,25,True,8274,2983420.07,1103283.37,2978421.19,1109081.94,2981129.26,1105961.74,2981102.6982269706,1105972.699854969,2978421.19,2983420.07,1103283.37,1109081.94,data/raw/train/47ee27ab__horizontal_well.csv,
train,481de5fc,native_overlap_1_cluster_0014,native_overlap_1_cluster_0014,22,True,7694,2924898.3,1016103.77,2920703.32,1021914.49,2922936.76,1018792.08,2922920.8469560784,1018804.971493371,2920703.32,2924898.3,1016103.77,1021914.49,data/raw/train/481de5fc__horizontal_well.csv,
train,48c1f673,native_overlap_1_cluster_0023,native_overlap_1_cluster_0023,13,True,4666,2998825.85,1128297.54,2995808.6,1131072.0,2997527.05,1129503.0,2997491.4338684008,1129523.1378525475,2995808.6,2998825.85,1128297.54,1131072.0,data/raw/train/48c1f673__horizontal_well.csv,
train,4936af16,native_overlap_1_cluster_0008,native_overlap_1_cluster_0008,28,True,5559,2990829.81,1120179.45,2991103.46,1114984.91,2990976.09,1117758.16,2990958.9693128197,1117741.6445727667,2990817.72,2991103.46,1114984.91,1120179.45,data/raw/train/4936af16__horizontal_well.csv,
train,493b5b31,native_overlap_1_cluster_0035,native_overlap_1_cluster_0035,7,True,6884,3033320.13,1095096.57,3037821.26,1090786.59,3035331.9,1093156.85,3035360.4865165534,1093134.1874811137,3033318.15,3037821.26,1090786.59,1095096.57,data/raw/train/493b5b31__horizontal_well.csv,
train,49dbc14c,native_overlap_1_cluster_0005,native_overlap_1_cluster_0005,31,True,5198,2910241.17,1046790.51,2913367.87,1043006.64,2911734.31,1045024.17,2911723.6127087357,1045001.1182108537,2910241.17,2913367.87,1043006.64,1046790.51,data/raw/train/49dbc14c__horizontal_well.csv,
train,4a035ec2,native_overlap_1_cluster_0010,native_overlap_1_cluster_0010,27,True,4522,3005821.68,1077206.14,3008106.63,1073867.72,3006847.17,1075742.38,3006866.74147059,1075714.812368421,3005821.28,3008106.63,1073867.72,1077206.43,data/raw/train/4a035ec2__horizontal_well.csv,
train,4a335117,native_overlap_1_cluster_0005,native_overlap_1_cluster_0005,31,True,6727,2912761.4,1049034.58,2916708.23,1044265.41,2914551.47,1046837.3,2914575.4522476555,1046825.0816827682,2912761.4,2916708.23,1044265.41,1049034.58,data/raw/train/4a335117__horizontal_well.csv,
train,4a8ecc0b,native_overlap_1_cluster_0007,native_overlap_1_cluster_0007,30,True,7374,3006400.36,1097635.87,3004017.47,1104041.7,3005340.56,1100605.68,3005331.2720748563,1100626.3523867636,3004017.47,3006401.04,1097635.87,1104041.7,data/raw/train/4a8ecc0b__horizontal_well.csv,
train,4b462989,native_overlap_1_cluster_0011,native_overlap_1_cluster_0011,26,True,4738,2928846.44,1055851.94,2925934.36,1059054.77,2927512.75,1057297.13,2927514.7276424645,1057328.2967982255,2925934.36,2928846.44,1055851.94,1059054.77,data/raw/train/4b462989__horizontal_well.csv,
train,4b831d20,native_overlap_1_cluster_0010,native_overlap_1_cluster_0010,27,True,9433,3011029.44,1074908.41,3007914.33,1083023.74,3009608.63,1078628.84,3009595.065501967,1078658.4731252028,3007914.33,3011029.44,1074908.41,1083023.74,data/raw/train/4b831d20__horizontal_well.csv,
train,4c2208f5,native_overlap_1_cluster_0034,native_overlap_1_cluster_0034,7,True,7248,3037030.09,1089075.48,3032035.15,1093657.63,3034684.12,1091190.98,3034678.5598551333,1091212.774879968,3032035.15,3037030.09,1089075.48,1093657.63,data/raw/train/4c2208f5__horizontal_well.csv,
train,4c3168cf,native_overlap_1_cluster_0016,native_overlap_1_cluster_0016,19,True,5959,3011624.07,1115513.04,3011525.13,1121099.01,3011581.8,1118126.41,3011570.3348380555,1118140.8296744458,3011505.86,3011625.84,1115512.99,1121099.01,data/raw/train/4c3168cf__horizontal_well.csv,
train,4c3df468,native_overlap_1_cluster_0006,native_overlap_1_cluster_0006,31,True,6903,2883163.42,1019948.76,2887336.32,1014834.06,2885142.86,1017488.7,2885166.412882805,1017497.5823207351,2883163.42,2887336.32,1014834.06,1019948.76,data/raw/train/4c3df468__horizontal_well.csv,
train,4caa7289,native_overlap_1_cluster_0001,native_overlap_1_cluster_0001,71,True,6854,2904113.99,1031006.27,2899848.2,1035971.39,2902093.1,1033387.64,2902080.1547592627,1033387.5445739751,2899848.2,2904113.99,1031006.27,1035971.39,data/raw/train/4caa7289__horizontal_well.csv,
train,4cd1ac61,native_overlap_1_cluster_0007,native_overlap_1_cluster_0007,30,True,6709,3005776.5,1104489.14,3003572.88,1110131.12,3004767.52,1107010.93,3004747.35791474,1107038.540736324,3003572.88,3005791.63,1104489.14,1110131.12,data/raw/train/4cd1ac61__horizontal_well.csv,
train,4cecf7b3,native_overlap_1_cluster_0004,native_overlap_1_cluster_0004,38,True,7676,3011081.15,1098578.86,3007404.2,1104927.05,3009358.05,1101632.99,3009360.797192543,1101646.0578322057,3007404.2,3011081.15,1098578.47,1104927.05,data/raw/train/4cecf7b3__horizontal_well.csv,
train,4ddde4c1,native_overlap_1_cluster_0009,native_overlap_1_cluster_0009,28,True,6417,3007535.81,1129249.06,3006196.57,1134890.29,3006916.88,1131767.68,3006924.223953567,1131803.2266354975,3006196.57,3007538.56,1129247.78,1134890.29,data/raw/train/4ddde4c1__horizontal_well.csv,
train,4e050c92,native_overlap_1_cluster_0004,native_overlap_1_cluster_0004,38,True,5236,3012460.86,1110051.88,3012274.35,1105156.37,3012353.43,1107769.32,3012363.0952100805,1107755.2181130624,3012274.35,3012460.86,1105156.37,1110051.88,data/raw/train/4e050c92__horizontal_well.csv,
train,4ed93db6,native_overlap_1_cluster_0002,native_overlap_1_cluster_0002,53,True,6496,3007332.06,1116661.89,3007503.19,1122574.2,3007430.13,1119330.67,3007421.9591132873,1119359.8514208707,3007331.58,3007503.19,1116661.89,1122574.2,data/raw/train/4ed93db6__horizontal_well.csv,
train,4f3eb9e9,native_overlap_1_cluster_0002,native_overlap_1_cluster_0002,53,True,5911,3005270.45,1116796.89,3005458.44,1122654.12,3005376.01,1119702.36,3005380.700536291,1119703.8918744787,3005270.06,3005464.36,1116796.89,1122654.12,data/raw/train/4f3eb9e9__horizontal_well.csv,
train,4f4ac5ce,native_overlap_1_cluster_0047,native_overlap_1_cluster_0047,1,False,6899,2899543.05,1024492.23,2895265.97,1029406.54,2897495.77,1026781.08,2897499.044393393,1026801.9995521086,2895265.97,2899543.05,1024491.72,1029406.54,data/raw/train/4f4ac5ce__horizontal_well.csv,
train,4f4afcc6,native_overlap_1_cluster_0001,native_overlap_1_cluster_0001,71,True,7184,2905065.79,1031276.6,2909669.98,1026194.49,2907254.07,1028846.48,2907263.5128271137,1028841.1817942664,2905065.79,2909669.98,1026194.49,1031276.6,data/raw/train/4f4afcc6__horizontal_well.csv,
train,4f69febf,native_overlap_1_cluster_0006,native_overlap_1_cluster_0006,31,True,7599,2888828.01,1024912.59,2883996.43,1029791.63,2886699.38,1027129.82,2886648.7052638535,1027138.87538492,2883996.43,2888828.01,1024908.07,1029791.63,data/raw/train/4f69febf__horizontal_well.csv,
train,4fbe9c06,native_overlap_1_cluster_0001,native_overlap_1_cluster_0001,71,True,7938,2907446.64,1038066.46,2912415.48,1032622.49,2909742.07,1035547.91,2909753.2916175434,1035529.6760078095,2907446.64,2912415.48,1032622.49,1038066.46,data/raw/train/4fbe9c06__horizontal_well.csv,
train,504c8b08,native_overlap_1_cluster_0005,native_overlap_1_cluster_0005,31,True,8012,2914904.32,1037730.82,2910075.7,1043411.65,2912665.78,1040363.09,2912654.6227895753,1040380.8502271591,2910075.7,2914904.32,1037730.82,1043411.65,data/raw/train/504c8b08__horizontal_well.csv,
train,511e1db0,native_overlap_1_cluster_0019,native_overlap_1_cluster_0019,16,True,5645,2936969.97,1063161.18,2940448.98,1059387.46,2938538.32,1061454.98,2938557.7143844017,1061432.479101859,2936969.97,2940448.98,1059387.46,1063161.18,data/raw/train/511e1db0__horizontal_well.csv,
train,512943b2,native_overlap_1_cluster_0002,native_overlap_1_cluster_0002,53,True,6681,3004782.61,1117089.43,3004501.27,1110949.95,3004618.19,1114282.93,3004608.3473491985,1114259.5054916942,3004500.45,3004782.61,1110949.95,1117089.66,data/raw/train/512943b2__horizontal_well.csv,
train,5138a660,native_overlap_1_cluster_0004,native_overlap_1_cluster_0004,38,True,4829,3012680.87,1109802.8,3013461.2,1105196.78,3013072.3,1107572.77,3013042.8710809685,1107560.7993083468,3012680.87,3013461.2,1105196.78,1109802.8,data/raw/train/5138a660__horizontal_well.csv,
train,516088b7,native_overlap_1_cluster_0012,native_overlap_1_cluster_0012,25,True,8300,2984083.91,1103857.03,2978966.35,1109745.98,2981713.82,1106644.13,2981679.8507879395,1106636.6847313214,2978966.35,2984083.91,1103857.03,1109745.98,data/raw/train/516088b7__horizontal_well.csv,
train,521a7819,native_overlap_1_cluster_0001,native_overlap_1_cluster_0001,71,True,7224,2907622.96,1037643.45,2903303.06,1042630.0,2905655.65,1039902.77,2905654.814861562,1039938.9504831107,2903303.06,2907622.96,1037643.45,1042630.0,data/raw/train/521a7819__horizontal_well.csv,
train,5254b6db,native_overlap_1_cluster_0014,native_overlap_1_cluster_0014,22,True,5115,2922137.02,1013673.41,2918638.18,1016684.59,2920532.36,1014970.52,2920525.3518709764,1015007.4274154464,2918638.18,2922137.02,1013673.41,1016684.59,data/raw/train/5254b6db__horizontal_well.csv,
train,529e88ca,native_overlap_1_cluster_0009,native_overlap_1_cluster_0009,28,True,5253,3005035.82,1136302.14,3001642.18,1139490.14,3003544.05,1137698.08,3003524.6481724684,1137729.9376984597,3001642.18,3005037.59,1136302.14,1139490.14,data/raw/train/529e88ca__horizontal_well.csv,
train,52f1e77a,native_overlap_1_cluster_0016,native_overlap_1_cluster_0016,19,True,6053,3023060.38,1121071.1,3022970.91,1115260.63,3023021.85,1118282.91,3023023.189707575,1118274.3533471038,3022970.91,3023063.96,1115260.63,1121071.1,data/raw/train/52f1e77a__horizontal_well.csv,
train,5305524b,native_overlap_1_cluster_0027,native_overlap_1_cluster_0027,11,True,6457,2890576.08,1027357.89,2886101.29,1031726.29,2888402.1,1029468.57,2888398.1075654374,1029477.6413659605,2886101.29,2890576.08,1027357.89,1031726.29,data/raw/train/5305524b__horizontal_well.csv,
train,53134831,native_overlap_1_cluster_0013,native_overlap_1_cluster_0013,22,True,7214,3025809.2,1121709.44,3025582.38,1115129.86,3025721.21,1118727.62,3025715.7273565177,1118698.0152619898,3025582.38,3025817.26,1115129.86,1121711.44,data/raw/train/53134831__horizontal_well.csv,
train,5397ceb1,native_overlap_1_cluster_0015,native_overlap_1_cluster_0015,20,True,6811,2990465.23,1089508.6,2992846.0,1083535.32,2991631.06,1086710.64,2991625.253553074,1086694.2199779805,2990460.75,2992846.0,1083535.32,1089508.6,data/raw/train/5397ceb1__horizontal_well.csv,
train,53f23031,native_overlap_1_cluster_0015,native_overlap_1_cluster_0015,20,True,10200,2984086.4,1085978.22,2988130.01,1077204.32,2985749.64,1081691.66,2985847.3213666505,1081724.2336568628,2984086.4,2988130.01,1077204.32,1085981.27,data/raw/train/53f23031__horizontal_well.csv,
train,543198e8,native_overlap_1_cluster_0011,native_overlap_1_cluster_0011,26,True,8311,2924232.47,1055879.32,2919016.26,1061631.07,2921822.02,1058582.09,2921800.24518712,1058586.8452568864,2919016.26,2924232.47,1055879.32,1061631.07,data/raw/train/543198e8__horizontal_well.csv,
train,54753541,native_overlap_1_cluster_0017,native_overlap_1_cluster_0017,19,True,5679,2943312.1,1065913.58,2946936.2,1061891.72,2945027.52,1063982.84,2945053.3770699184,1063992.6382761053,2943312.1,2946936.2,1061891.72,1065913.58,data/raw/train/54753541__horizontal_well.csv,
train,54a7e3c2,native_overlap_1_cluster_0020,native_overlap_1_cluster_0020,15,True,7893,2972461.75,1095660.61,2967524.27,1101312.98,2970092.19,1098323.3,2970081.050666403,1098330.6177042963,2967524.27,2972461.75,1095660.51,1101312.98,data/raw/train/54a7e3c2__horizontal_well.csv,
train,5542c301,native_overlap_1_cluster_0011,native_overlap_1_cluster_0011,26,True,5433,2929211.21,1056030.78,2925959.29,1059538.11,2927812.72,1057560.01,2927776.4808724388,1057585.4930204311,2925959.29,2929211.21,1056030.78,1059538.11,data/raw/train/5542c301__horizontal_well.csv,
train,5567d551,native_overlap_1_cluster_0012,native_overlap_1_cluster_0012,25,True,8390,2991203.87,1101645.93,2986980.34,1108497.08,2989162.92,1104924.52,2989164.940893939,1104934.8986031006,2986980.34,2991203.87,1101645.93,1108497.08,data/raw/train/5567d551__horizontal_well.csv,
train,55efee7f,native_overlap_1_cluster_0019,native_overlap_1_cluster_0019,16,True,6577,2937490.0,1056605.79,2933488.85,1061250.96,2935610.34,1058744.53,2935610.2908362444,1058771.9647711718,2933488.85,2937490.0,1056605.37,1061250.96,data/raw/train/55efee7f__horizontal_well.csv,
train,5663b2b7,native_overlap_1_cluster_0014,native_overlap_1_cluster_0014,22,True,6907,2923616.01,1016054.69,2919787.58,1021007.29,2921900.12,1018282.21,2921874.761675112,1018306.6291848834,2919787.58,2923616.01,1016054.38,1021007.29,data/raw/train/5663b2b7__horizontal_well.csv,
train,5693dde2,native_overlap_1_cluster_0013,native_overlap_1_cluster_0013,22,True,4846,3019461.92,1113877.4,3022463.89,1110468.74,3020858.99,1112274.55,3020865.117032598,1112263.135119686,3019461.92,3022463.89,1110468.74,1113877.4,data/raw/train/5693dde2__horizontal_well.csv,
train,56b00794,native_overlap_1_cluster_0011,native_overlap_1_cluster_0011,26,True,7293,2917598.87,1045653.1,2922689.25,1040784.27,2920038.76,1043285.45,2920055.976282732,1043294.6454709994,2917598.87,2922689.25,1040784.27,1045653.1,data/raw/train/56b00794__horizontal_well.csv,
train,57796579,native_overlap_1_cluster_0019,native_overlap_1_cluster_0019,16,True,7622,2939731.33,1058679.44,2935117.1,1064085.03,2937589.91,1061193.2,2937573.229206255,1061205.164981631,2935117.1,2939731.33,1058678.45,1064085.03,data/raw/train/57796579__horizontal_well.csv,
train,577eec7c,native_overlap_1_cluster_0031,native_overlap_1_cluster_0031,8,True,6085,2861125.39,1042585.59,2864795.39,1038265.66,2862848.15,1040594.55,2862840.8002021406,1040565.1667921088,2861125.39,2864795.39,1038265.66,1042585.59,data/raw/train/577eec7c__horizontal_well.csv,
train,57f05c51,native_overlap_1_cluster_0035,native_overlap_1_cluster_0035,7,True,6478,3033697.47,1095261.42,3037914.21,1091162.32,3035590.5,1093410.77,3035618.683769685,1093397.070793458,3033690.27,3037914.21,1091162.32,1095270.65,data/raw/train/57f05c51__horizontal_well.csv,
train,58850d2c,native_overlap_1_cluster_0026,native_overlap_1_cluster_0026,13,True,6918,3026353.98,1093245.4,3026094.24,1099615.44,3026378.89,1096171.62,3026360.77493641,1096197.1687033821,3026094.24,3026567.88,1093245.4,1099615.44,data/raw/train/58850d2c__horizontal_well.csv,
train,58fa8486,native_overlap_1_cluster_0014,native_overlap_1_cluster_0014,22,True,6126,2922444.62,1014063.65,2918614.32,1018144.11,2920712.35,1015919.34,2920700.315478286,1015942.0151469162,2918614.32,2922444.62,1014063.65,1018144.11,data/raw/train/58fa8486__horizontal_well.csv,
train,591cc951,native_overlap_1_cluster_0019,native_overlap_1_cluster_0019,16,True,6669,2938151.92,1057201.19,2934143.98,1061810.8,2936346.57,1059315.92,2936314.079644624,1059323.7413390283,2934143.98,2938151.92,1057201.19,1061810.8,data/raw/train/591cc951__horizontal_well.csv,
train,593876b6,native_overlap_1_cluster_0002,native_overlap_1_cluster_0002,53,True,6366,3006910.23,1116908.12,3006319.58,1110884.86,3006658.48,1114046.0,3006654.010205776,1114035.0150895372,3006319.58,3006913.25,1110884.86,1116908.12,data/raw/train/593876b6__horizontal_well.csv,
train,59f8b2e8,native_overlap_1_cluster_0033,native_overlap_1_cluster_0033,8,True,5668,2899425.27,1011535.4,2904471.8,1009969.84,2901764.69,1010784.15,2901782.8284262465,1010784.1012949937,2899425.27,2904471.8,1009969.84,1011535.42,data/raw/train/59f8b2e8__horizontal_well.csv,
train,5a1a8fd8,native_overlap_1_cluster_0004,native_overlap_1_cluster_0004,38,True,6814,3000635.47,1102190.54,3002892.36,1096255.18,3001675.65,1099430.24,3001701.3655180493,1099421.387157324,3000635.47,3002892.36,1096255.18,1102190.54,data/raw/train/5a1a8fd8__horizontal_well.csv,
train,5a5269a9,native_overlap_1_cluster_0002,native_overlap_1_cluster_0002,53,True,8053,2993448.05,1114598.23,2996266.03,1107435.84,2994809.31,1111177.18,2994795.5221221833,1111162.0781149892,2993447.96,2996266.03,1107435.84,1114598.23,data/raw/train/5a5269a9__horizontal_well.csv,
train,5a5d1982,native_overlap_1_cluster_0001,native_overlap_1_cluster_0001,71,True,5446,2907405.34,1034469.25,2910703.12,1030828.76,2908876.17,1032841.54,2908901.5349192047,1032827.4611072356,2907404.18,2910703.12,1030828.76,1034470.67,data/raw/train/5a5d1982__horizontal_well.csv,
train,5a63b5d1,native_overlap_1_cluster_0033,native_overlap_1_cluster_0033,8,True,8052,2885377.08,1007282.81,2887165.81,1014618.89,2886210.45,1010711.53,2886210.889843521,1010729.2679371586,2885373.33,2887165.81,1007280.17,1014618.89,data/raw/train/5a63b5d1__horizontal_well.csv,
train,5aa03df7,native_overlap_1_cluster_0038,native_overlap_1_cluster_0038,3,True,6752,2977330.09,1091388.67,2980496.35,1086199.96,2978805.8,1089114.19,2978825.286242597,1089082.5762885045,2977327.43,2980496.35,1086199.96,1091391.04,data/raw/train/5aa03df7__horizontal_well.csv,
train,5aa403d0,native_overlap_1_cluster_0011,native_overlap_1_cluster_0011,26,True,4702,2928293.68,1055361.95,2925377.44,1058573.53,2926961.74,1056847.61,2926943.507477672,1056853.9164780916,2925377.44,2928293.68,1055361.95,1058573.53,data/raw/train/5aa403d0__horizontal_well.csv,
train,5aef5c6c,native_overlap_1_cluster_0048,native_overlap_1_cluster_0048,1,False,4853,2967831.42,1074473.8,2970349.74,1070956.29,2968964.38,1072944.24,2968974.5196476313,1072911.751269316,2967828.04,2970349.74,1070956.29,1074473.8,data/raw/train/5aef5c6c__horizontal_well.csv,
train,5b7b6324,native_overlap_1_cluster_0010,native_overlap_1_cluster_0010,27,True,8197,2996115.52,1063747.16,2993251.57,1071186.92,2994723.73,1067367.01,2994729.47814565,1067375.7023179221,2993251.57,2996115.52,1063747.16,1071186.92,data/raw/train/5b7b6324__horizontal_well.csv,
train,5bd25f59,native_overlap_1_cluster_0023,native_overlap_1_cluster_0023,13,True,6120,2998878.2,1127584.36,2994828.06,1131317.12,2997081.36,1129259.96,2997058.0365457553,1129285.7997222198,2994828.06,2998878.44,1127584.36,1131317.12,data/raw/train/5bd25f59__horizontal_well.csv,
train,5beded95,native_overlap_1_cluster_0012,native_overlap_1_cluster_0012,25,True,4779,2982847.3,1102626.64,2985668.24,1099441.67,2984093.96,1101234.37,2984115.5173906595,1101210.4235509518,2982846.96,2985668.24,1099441.67,1102630.72,data/raw/train/5beded95__horizontal_well.csv,
train,5cb483ac,native_overlap_1_cluster_0004,native_overlap_1_cluster_0004,38,True,5206,3012092.11,1110083.71,3011891.49,1105168.12,3012002.41,1107764.02,3012004.7650864357,1107753.4465904692,3011891.49,3012092.11,1105168.12,1110083.71,data/raw/train/5cb483ac__horizontal_well.csv,
train,5cdd8dbc,native_overlap_1_cluster_0005,native_overlap_1_cluster_0005,31,True,5751,2913703.26,1041861.43,2910171.02,1045610.03,2912002.08,1043397.03,2912025.9782420443,1043467.6647348255,2910171.02,2913703.26,1041861.43,1045610.03,data/raw/train/5cdd8dbc__horizontal_well.csv,
train,5d11dfb5,native_overlap_1_cluster_0037,native_overlap_1_cluster_0037,6,True,7643,2981463.46,1052218.79,2980788.14,1059300.45,2981043.14,1055494.04,2981092.410112522,1055520.6489114237,2980788.14,2981463.46,1052218.79,1059300.45,data/raw/train/5d11dfb5__horizontal_well.csv,
train,5d7198fd,native_overlap_1_cluster_0013,native_overlap_1_cluster_0013,22,True,4797,3020596.45,1105366.85,3017586.28,1108998.16,3019158.71,1107199.82,3019135.8623660696,1107182.2583427127,3017586.28,3020596.45,1105366.85,1108998.16,data/raw/train/5d7198fd__horizontal_well.csv,
train,5def1ce5,native_overlap_1_cluster_0001,native_overlap_1_cluster_0001,71,True,7997,2906205.48,1036973.65,2911263.45,1031315.27,2908622.54,1034308.52,2908632.7160722828,1034301.1821045374,2906204.16,2911263.45,1031315.27,1036973.65,data/raw/train/5def1ce5__horizontal_well.csv,
train,5eae34a8,native_overlap_1_cluster_0049,native_overlap_1_cluster_0049,1,False,6652,2896712.74,1036414.83,2900700.95,1031738.76,2898568.25,1034286.1,2898580.514703843,1034267.9139010827,2896712.74,2900700.95,1031738.76,1036414.83,data/raw/train/5eae34a8__horizontal_well.csv,
train,5f4d2a52,native_overlap_1_cluster_0008,native_overlap_1_cluster_0008,28,True,7112,2999189.75,1115602.9,2996890.04,1121844.61,2998059.95,1118493.97,2998063.636030645,1118515.374334926,2996890.04,2999189.75,1115602.9,1121844.61,data/raw/train/5f4d2a52__horizontal_well.csv,
train,5f6756c5,native_overlap_1_cluster_0013,native_overlap_1_cluster_0013,22,True,8064,3017743.46,1105291.45,3013507.95,1111362.92,3015884.72,1108114.7,3015838.4841294764,1108118.3633432537,3013507.95,3017743.46,1105291.45,1111362.92,data/raw/train/5f6756c5__horizontal_well.csv,
train,5f75f796,native_overlap_1_cluster_0025,native_overlap_1_cluster_0025,13,True,7324,3018495.84,1081845.38,3014382.59,1087160.48,3016605.51,1084256.99,3016593.413720647,1084280.560591206,3014382.59,3018497.41,1081845.38,1087160.48,data/raw/train/5f75f796__horizontal_well.csv,
train,5fb1c15f,native_overlap_1_cluster_0011,native_overlap_1_cluster_0011,26,True,4857,2929972.36,1056429.02,2926894.21,1059585.44,2928556.41,1057822.94,2928561.63931233,1057868.5982581861,2926894.21,2929972.52,1056429.02,1059585.44,data/raw/train/5fb1c15f__horizontal_well.csv,
train,5fffa282,native_overlap_1_cluster_0012,native_overlap_1_cluster_0012,25,True,6223,2988560.76,1100795.67,2990480.08,1095527.68,2989404.43,1098444.14,2989428.822256139,1098414.5786983739,2988560.5,2990480.08,1095527.68,1100795.96,data/raw/train/5fffa282__horizontal_well.csv,
train,60e37807,native_overlap_1_cluster_0015,native_overlap_1_cluster_0015,20,True,4641,2986762.85,1085570.85,2985250.19,1089295.24,2986123.33,1087149.13,2986100.333029517,1087189.2000258588,2985250.19,2986769.94,1085566.53,1089295.24,data/raw/train/60e37807__horizontal_well.csv,
train,61f27424,native_overlap_1_cluster_0037,native_overlap_1_cluster_0037,6,True,8341,2980092.17,1051773.9,2980013.07,1059392.82,2980043.18,1055226.57,2980062.1307744873,1055263.6268409067,2980013.07,2980121.07,1051773.74,1059392.82,data/raw/train/61f27424__horizontal_well.csv,
train,62569ae3,native_overlap_1_cluster_0016,native_overlap_1_cluster_0016,19,True,5242,3022189.06,1119292.71,3022273.14,1114396.04,3022223.15,1117014.45,3022222.8316291515,1116996.446901945,3022173.3,3022273.14,1114396.04,1119292.71,data/raw/train/62569ae3__horizontal_well.csv,
train,62a6f539,native_overlap_1_cluster_0005,native_overlap_1_cluster_0005,31,True,5253,2918488.01,1045923.03,2915403.3,1049567.22,2917078.96,1047549.85,2917077.1975099905,1047579.5676185021,2915403.3,2918488.01,1045923.03,1049567.22,data/raw/train/62a6f539__horizontal_well.csv,
train,633774dc,native_overlap_1_cluster_0020,native_overlap_1_cluster_0020,15,True,7972,2971901.19,1095235.43,2966928.48,1100808.48,2969502.39,1097773.56,2969507.021003512,1097801.5881761152,2966928.48,2971901.19,1095235.43,1100808.48,data/raw/train/633774dc__horizontal_well.csv,
train,63559d57,native_overlap_1_cluster_0013,native_overlap_1_cluster_0013,22,True,5810,3013168.62,1113644.42,3016444.49,1109463.83,3014669.98,1111756.45,3014671.900953528,1111729.174316693,3013166.05,3016444.49,1109463.83,1113647.71,data/raw/train/63559d57__horizontal_well.csv,
train,647f2a41,native_overlap_1_cluster_0007,native_overlap_1_cluster_0007,30,True,5836,2997581.22,1094613.13,3001070.46,1090704.3,2999099.64,1092848.09,2999137.2622583997,1092837.26200994,2997581.2,3001070.46,1090704.3,1094613.13,data/raw/train/647f2a41__horizontal_well.csv,
train,65156b96,native_overlap_1_cluster_0011,native_overlap_1_cluster_0011,26,True,5046,2924648.14,1058305.41,2927659.3,1054963.37,2925990.26,1056846.25,2925998.579593731,1056809.1151248526,2924647.7,2927659.3,1054963.37,1058309.76,data/raw/train/65156b96__horizontal_well.csv,
train,653612bc,native_overlap_1_cluster_0016,native_overlap_1_cluster_0016,19,True,5946,3025134.31,1121264.4,3024954.93,1115536.91,3025048.7,1118505.69,3025054.6041792734,1118499.0627447008,3024954.93,3025134.31,1115536.91,1121264.4,data/raw/train/653612bc__horizontal_well.csv,
train,656a067b,native_overlap_1_cluster_0009,native_overlap_1_cluster_0009,28,True,4896,3008450.52,1129260.2,3007354.97,1133501.35,3007965.97,1131142.07,3007952.4649407696,1131168.8561846416,3007354.97,3008450.52,1129260.2,1133501.35,data/raw/train/656a067b__horizontal_well.csv,
train,65a5466a,native_overlap_1_cluster_0023,native_overlap_1_cluster_0023,13,True,6117,2998301.23,1127805.88,3000204.77,1122330.38,2999210.05,1125215.34,2999208.3418603754,1125202.841033187,2998300.91,3000204.77,1122330.38,1127805.88,data/raw/train/65a5466a__horizontal_well.csv,
train,660d9546,native_overlap_1_cluster_0016,native_overlap_1_cluster_0016,19,True,6140,3024009.23,1121059.07,3023939.13,1115182.42,3023975.61,1118247.37,3023973.958925071,1118238.843892516,3023927.62,3024009.23,1115182.42,1121059.07,data/raw/train/660d9546__horizontal_well.csv,
train,6767c111,native_overlap_1_cluster_0009,native_overlap_1_cluster_0009,28,True,8354,3008157.56,1134666.58,3002407.61,1140013.85,3005409.33,1137132.29,3005426.076095277,1137170.8940926513,3002407.61,3008157.56,1134666.58,1140013.85,data/raw/train/6767c111__horizontal_well.csv,
train,67847288,native_overlap_1_cluster_0010,native_overlap_1_cluster_0010,27,True,9174,3009099.27,1074202.05,3005013.03,1081857.63,3007179.0,1077825.34,3007156.545259446,1077829.6581763648,3005013.03,3009099.27,1074202.05,1081857.63,data/raw/train/67847288__horizontal_well.csv,
train,67a8da4a,native_overlap_1_cluster_0025,native_overlap_1_cluster_0025,13,True,6645,3022553.42,1081748.7,3019244.84,1086904.59,3021040.41,1084114.69,3021016.628604964,1084125.637079006,3019244.84,3022553.42,1081744.28,1086904.59,data/raw/train/67a8da4a__horizontal_well.csv,
train,684a6fc1,native_overlap_1_cluster_0021,native_overlap_1_cluster_0021,15,True,11449,2958137.26,1081095.68,2965127.3,1072697.28,2961370.6,1077006.79,2961405.298775447,1077018.3476766525,2958132.82,2965127.3,1072697.28,1081100.57,data/raw/train/684a6fc1__horizontal_well.csv,
train,698930d1,native_overlap_1_cluster_0009,native_overlap_1_cluster_0009,28,True,6498,3007805.49,1128914.97,3006433.67,1134681.34,3007159.2,1131519.2,3007158.877036003,1131548.4874915353,3006433.67,3007805.49,1128914.97,1134681.34,data/raw/train/698930d1__horizontal_well.csv,
train,699ea575,native_overlap_1_cluster_0004,native_overlap_1_cluster_0004,38,True,5474,3013231.3,1099966.33,3011171.72,1104831.78,3012222.21,1102309.69,3012229.4239258347,1102319.6162130095,3011171.72,3013231.3,1099966.33,1104831.78,data/raw/train/699ea575__horizontal_well.csv,
train,69c1bdad,native_overlap_1_cluster_0012,native_overlap_1_cluster_0012,25,True,4645,2980474.04,1096844.78,2977709.05,1100049.03,2979257.13,1098321.91,2979217.432277717,1098322.5045145298,2977709.05,2980474.08,1096844.78,1100049.03,data/raw/train/69c1bdad__horizontal_well.csv,
train,69e41fa6,native_overlap_1_cluster_0016,native_overlap_1_cluster_0016,19,True,7167,3021416.5,1119221.09,3022042.65,1112414.88,3021718.6,1115979.69,3021710.933615176,1115969.5445402542,3021345.73,3022042.65,1112414.88,1119221.09,data/raw/train/69e41fa6__horizontal_well.csv,
train,6a0ff78e,native_overlap_1_cluster_0001,native_overlap_1_cluster_0001,71,True,7890,2906424.06,1037169.13,2911497.95,1031529.23,2908907.11,1034497.86,2908905.7560469005,1034486.2559860596,2906424.06,2911497.95,1031529.23,1037169.13,data/raw/train/6a0ff78e__horizontal_well.csv,
train,6a8fa194,native_overlap_1_cluster_0014,native_overlap_1_cluster_0014,22,True,4657,2911992.72,1016721.12,2908070.84,1018398.08,2910211.81,1017496.38,2910188.7442216077,1017498.8372750701,2908070.84,2911992.72,1016721.12,1018398.08,data/raw/train/6a8fa194__horizontal_well.csv,
train,6ae68655,native_overlap_1_cluster_0029,native_overlap_1_cluster_0029,10,True,5948,2991346.88,1057497.04,2987516.22,1061374.33,2989616.93,1059277.82,2989585.709852048,1059279.7123655018,2987516.22,2991346.88,1057496.34,1061374.33,data/raw/train/6ae68655__horizontal_well.csv,
train,6d1d74e1,native_overlap_1_cluster_0006,native_overlap_1_cluster_0006,31,True,7316,2883492.86,1020229.0,2888081.38,1014869.78,2885719.09,1017653.72,2885723.7813012553,1017650.2686262968,2883492.86,2888081.38,1014869.78,1020229.0,data/raw/train/6d1d74e1__horizontal_well.csv,
train,6d590e26,native_overlap_1_cluster_0002,native_overlap_1_cluster_0002,53,True,7842,2996118.79,1114709.61,2993783.44,1121613.16,2995110.05,1117933.13,2995075.4495205274,1117944.642973735,2993783.44,2996118.79,1114709.61,1121613.16,data/raw/train/6d590e26__horizontal_well.csv,
train,6d6d93af,native_overlap_1_cluster_0033,native_overlap_1_cluster_0033,8,True,5305,2899935.32,1012200.73,2904650.78,1010729.9,2902116.36,1011496.45,2902130.3667144165,1011485.5626333628,2899935.32,2904650.78,1010729.9,1012201.14,data/raw/train/6d6d93af__horizontal_well.csv,
train,6dbe4b60,native_overlap_1_cluster_0002,native_overlap_1_cluster_0002,53,True,6673,3005151.23,1117057.91,3004845.89,1110927.87,3004980.82,1114254.71,3004987.305081677,1114229.6549108413,3004845.89,3005151.23,1110927.87,1117057.91,data/raw/train/6dbe4b60__horizontal_well.csv,
train,6e6d122c,native_overlap_1_cluster_0003,native_overlap_1_cluster_0003,41,True,7083,3007977.2,1091813.01,3012435.5,1086739.51,3010111.05,1089404.39,3010104.354203017,1089386.4718791493,3007976.14,3012435.5,1086739.51,1091813.01,data/raw/train/6e6d122c__horizontal_well.csv,
train,6e9ccd38,native_overlap_1_cluster_0036,native_overlap_1_cluster_0036,7,True,9619,2872727.41,1025341.24,2866429.8,1032469.43,2869614.09,1028870.06,2869612.634600248,1028871.8417870878,2866429.8,2872727.41,1025341.24,1032469.43,data/raw/train/6e9ccd38__horizontal_well.csv,
train,6ea22614,native_overlap_1_cluster_0008,native_overlap_1_cluster_0008,28,True,7894,2991586.52,1121251.89,2994445.86,1114612.31,2992879.85,1118228.61,2992893.3434748016,1118200.862370153,2991586.3,2994445.86,1114612.31,1121251.89,data/raw/train/6ea22614__horizontal_well.csv,
train,6ede926a,native_overlap_1_cluster_0001,native_overlap_1_cluster_0001,71,True,6621,2904371.19,1031245.68,2900385.61,1035903.08,2902530.54,1033385.63,2902521.671247542,1033405.6789774966,2900385.61,2904372.36,1031243.17,1035903.08,data/raw/train/6ede926a__horizontal_well.csv,
train,708caea9,native_overlap_1_cluster_0009,native_overlap_1_cluster_0009,28,True,8482,3008601.39,1134904.76,3002896.48,1140283.98,3005960.58,1137375.18,3005949.6830865433,1137399.151570387,3002896.48,3008603.65,1134904.4,1140283.98,data/raw/train/708caea9__horizontal_well.csv,
train,70925e23,native_overlap_1_cluster_0025,native_overlap_1_cluster_0025,13,True,8072,3025904.05,1075285.97,3021920.66,1081492.11,3024110.33,1078114.72,3024090.939546591,1078140.9107569354,3021920.66,3025904.39,1075285.94,1081492.11,data/raw/train/70925e23__horizontal_well.csv,
train,70e1788b,native_overlap_1_cluster_0036,native_overlap_1_cluster_0036,7,True,11338,2875075.63,1025655.78,2868000.16,1033781.97,2871713.7,1029507.61,2871706.5680269934,1029523.3383295164,2868000.16,2875075.63,1025655.78,1033781.97,data/raw/train/70e1788b__horizontal_well.csv,
train,71642c7d,native_overlap_1_cluster_0018,native_overlap_1_cluster_0018,17,True,6657,2944259.31,1015025.38,2945753.43,1009269.93,2944918.95,1012487.85,2944928.903467027,1012444.1771909267,2944258.4,2945753.43,1009269.93,1015029.42,data/raw/train/71642c7d__horizontal_well.csv,
train,71ccf778,native_overlap_1_cluster_0014,native_overlap_1_cluster_0014,22,True,4623,2912467.41,1017133.32,2909059.01,1019338.48,2910987.94,1018071.82,2910958.1263833,1018098.665275793,2909059.01,2912467.41,1017132.32,1019338.48,data/raw/train/71ccf778__horizontal_well.csv,
train,7224331b,native_overlap_1_cluster_0037,native_overlap_1_cluster_0037,6,True,7566,2983035.6,1052400.37,2981349.37,1059481.96,2982066.22,1055774.4,2982126.521308491,1055796.0057282592,2981349.37,2983035.6,1052400.37,1059481.96,data/raw/train/7224331b__horizontal_well.csv,
train,722cf0d8,native_overlap_1_cluster_0006,native_overlap_1_cluster_0006,31,True,7275,2889590.54,1025829.33,2884875.22,1030546.48,2887420.82,1027956.52,2887405.4667560086,1027989.3776329908,2884875.22,2889590.54,1025829.33,1030546.48,data/raw/train/722cf0d8__horizontal_well.csv,
train,7256229b,native_overlap_1_cluster_0008,native_overlap_1_cluster_0008,28,True,6972,2996059.03,1121960.69,2998282.87,1115868.16,2997083.73,1119131.07,2997095.406014063,1119115.4828614462,2996059.03,2998282.87,1115868.16,1121960.69,data/raw/train/7256229b__horizontal_well.csv,
train,726f3dc2,native_overlap_1_cluster_0012,native_overlap_1_cluster_0012,25,True,8619,2983412.22,1102970.9,2978156.63,1109028.87,2981006.7,1105807.24,2980987.7093433137,1105821.8363835693,2978156.63,2983412.22,1102970.9,1109028.87,data/raw/train/726f3dc2__horizontal_well.csv,
train,7271dd80,native_overlap_1_cluster_0021,native_overlap_1_cluster_0021,15,True,5765,2956592.53,1078758.11,2959956.22,1074805.07,2958128.07,1077026.57,2958121.3636478717,1076975.52718994,2956592.53,2959956.22,1074805.07,1078760.57,data/raw/train/7271dd80__horizontal_well.csv,
train,727a3a10,native_overlap_1_cluster_0034,native_overlap_1_cluster_0034,7,True,6342,3037168.57,1096763.3,3033210.38,1100908.82,3035218.06,1098462.78,3035245.624869112,1098530.7304698848,3033210.38,3037168.57,1096721.5,1100908.82,data/raw/train/727a3a10__horizontal_well.csv,
train,729665c0,native_overlap_1_cluster_0007,native_overlap_1_cluster_0007,30,True,5775,2997883.18,1094984.96,3001308.33,1090792.92,2999482.9,1093022.66,2999484.693565372,1093005.3472917718,2997883.18,3001308.33,1090792.92,1094984.96,data/raw/train/729665c0__horizontal_well.csv,
train,729e9750,native_overlap_1_cluster_0006,native_overlap_1_cluster_0006,31,True,7427,2886575.16,1022717.07,2891381.39,1017485.27,2888895.51,1020234.53,2888887.636329619,1020214.8260280064,2886575.03,2891381.39,1017485.27,1022717.07,data/raw/train/729e9750__horizontal_well.csv,
train,729f4217,native_overlap_1_cluster_0001,native_overlap_1_cluster_0001,71,True,7592,2907786.14,1038267.28,2912689.62,1032840.56,2910130.75,1035638.43,2910143.331321115,1035640.6140858821,2907786.14,2912689.62,1032840.56,1038267.28,data/raw/train/729f4217__horizontal_well.csv,
train,72dd8501,native_overlap_1_cluster_0004,native_overlap_1_cluster_0004,38,True,6928,3008112.05,1098578.42,3005903.02,1104620.47,3007087.13,1101371.81,3007079.165967089,1101390.280728926,3005903.02,3008112.5,1098578.42,1104620.47,data/raw/train/72dd8501__horizontal_well.csv,
train,73348914,native_overlap_1_cluster_0018,native_overlap_1_cluster_0018,17,True,5686,2944164.78,1014802.4,2945541.53,1009454.03,2944822.9,1012200.54,2944824.252465708,1012193.800149488,2944164.78,2945541.53,1009454.03,1014802.4,data/raw/train/73348914__horizontal_well.csv,
train,739a914f,native_overlap_1_cluster_0002,native_overlap_1_cluster_0002,53,True,7319,3009261.66,1117336.97,3008766.85,1110726.78,3008921.33,1114377.51,3008945.619954916,1114339.0292485324,3008766.85,3009262.83,1110726.78,1117338.28,data/raw/train/739a914f__horizontal_well.csv,
train,73b1447d,native_overlap_1_cluster_0003,native_overlap_1_cluster_0003,41,True,7522,3007650.48,1091707.01,3012088.38,1086574.5,3009625.75,1089404.84,3009641.969380486,1089369.328471149,3007650.48,3012088.38,1086574.5,1091707.09,data/raw/train/73b1447d__horizontal_well.csv,
train,74b6186b,native_overlap_1_cluster_0024,native_overlap_1_cluster_0024,13,True,5148,2959131.28,1087650.81,2956094.92,1091158.92,2957772.45,1089213.18,2957766.8555788677,1089245.519032626,2956094.92,2959131.28,1087650.81,1091158.92,data/raw/train/74b6186b__horizontal_well.csv,
train,75c20ec7,native_overlap_1_cluster_0003,native_overlap_1_cluster_0003,41,True,7205,3005130.42,1090013.45,3001094.95,1095217.29,3003272.16,1092353.91,3003267.351186678,1092387.913816792,3001094.95,3005130.42,1090013.45,1095217.29,data/raw/train/75c20ec7__horizontal_well.csv,
train,75cd5f11,native_overlap_1_cluster_0001,native_overlap_1_cluster_0001,71,True,6410,2908027.9,1039593.46,2912086.94,1035157.0,2909927.86,1037520.53,2909935.7391575687,1037507.1653447711,2908027.9,2912086.94,1035157.0,1039593.46,data/raw/train/75cd5f11__horizontal_well.csv,
train,75d20a82,native_overlap_1_cluster_0014,native_overlap_1_cluster_0014,22,True,7002,2923616.01,1016054.69,2919755.29,1021103.43,2921870.35,1018319.85,2921848.5333576147,1018345.7491459588,2919755.29,2923616.01,1016054.38,1021103.43,data/raw/train/75d20a82__horizontal_well.csv,
train,76201745,native_overlap_1_cluster_0023,native_overlap_1_cluster_0023,13,True,5858,2998491.96,1127558.41,3000501.43,1122388.7,2999535.5,1125145.41,2999497.493076131,1125120.704571525,2998491.96,3000501.43,1122388.7,1127558.41,data/raw/train/76201745__horizontal_well.csv,
train,764072a5,native_overlap_1_cluster_0001,native_overlap_1_cluster_0001,71,True,4594,2911067.73,1040134.45,2908332.71,1043281.51,2909820.34,1041537.12,2909811.333106236,1041561.446556376,2908332.71,2911067.73,1040134.45,1043281.51,data/raw/train/764072a5__horizontal_well.csv,
train,77b0d905,native_overlap_1_cluster_0003,native_overlap_1_cluster_0003,41,True,5923,3011711.57,1093225.79,3009868.63,1098326.92,3010861.19,1095542.04,3010865.430908319,1095569.1319432713,3009868.63,3011711.57,1093225.79,1098326.92,data/raw/train/77b0d905__horizontal_well.csv,
train,77e4821c,native_overlap_1_cluster_0005,native_overlap_1_cluster_0005,31,True,6540,2919369.19,1046743.23,2924166.87,1042709.27,2921675.1,1044816.88,2921675.7711880677,1044802.8096299703,2919369.19,2924166.87,1042709.27,1046743.23,data/raw/train/77e4821c__horizontal_well.csv,
train,7850c72e,native_overlap_1_cluster_0035,native_overlap_1_cluster_0035,7,True,7712,3034054.15,1095834.91,3039107.26,1090997.75,3036334.67,1093668.17,3036360.6899481276,1093642.4941143724,3034053.52,3039107.26,1090997.75,1095834.91,data/raw/train/7850c72e__horizontal_well.csv,
train,78a4a386,native_overlap_1_cluster_0012,native_overlap_1_cluster_0012,25,True,6246,2983284.08,1103410.93,2979238.18,1108100.93,2981301.41,1105761.99,2981286.952108564,1105749.748599102,2979238.18,2983284.08,1103410.93,1108100.93,data/raw/train/78a4a386__horizontal_well.csv,
train,79507629,native_overlap_1_cluster_0010,native_overlap_1_cluster_0010,27,True,7320,3001572.69,1071450.28,2997631.16,1076796.91,2999792.56,1073850.97,2999769.7342472696,1073879.341696723,2997631.16,3001572.69,1071449.65,1076796.91,data/raw/train/79507629__horizontal_well.csv,
train,796dbd4c,native_overlap_1_cluster_0008,native_overlap_1_cluster_0008,28,True,8069,2991901.69,1121551.31,2994761.79,1114671.89,2993206.77,1118387.03,2993228.3821787084,1118368.1731317407,2991897.02,2994761.79,1114671.89,1121551.31,data/raw/train/796dbd4c__horizontal_well.csv,
train,7987f2f2,native_overlap_1_cluster_0013,native_overlap_1_cluster_0013,22,True,5714,3012684.32,1113541.19,3015868.77,1109649.38,3014192.39,1111952.32,3014178.731330071,1111884.742695135,3012683.52,3015868.77,1109649.38,1113545.41,data/raw/train/7987f2f2__horizontal_well.csv,
train,7993a768,native_overlap_1_cluster_0029,native_overlap_1_cluster_0029,10,True,7047,2986215.62,1058361.24,2986248.63,1064912.78,2986228.47,1061392.16,2986228.021955441,1061411.940405848,2986212.05,2986248.63,1058361.24,1064912.78,data/raw/train/7993a768__horizontal_well.csv,
train,7a5660b0,native_overlap_1_cluster_0032,native_overlap_1_cluster_0032,8,True,6936,3020325.34,1087212.4,3018066.64,1093155.7,3019304.16,1089920.17,3019291.220932828,1089945.551786332,3018066.64,3020325.34,1087212.4,1093155.7,data/raw/train/7a5660b0__horizontal_well.csv,
train,7acda2df,native_overlap_1_cluster_0005,native_overlap_1_cluster_0005,31,True,4552,2915565.12,1043659.96,2918148.07,1040310.49,2916682.43,1042048.0,2916700.1567135267,1042043.4027943758,2915564.92,2918148.07,1040310.49,1043659.96,data/raw/train/7acda2df__horizontal_well.csv,
train,7b2c7b3c,native_overlap_1_cluster_0015,native_overlap_1_cluster_0015,20,True,4231,2987216.91,1085783.71,2985904.46,1089507.66,2986662.67,1087537.11,2986665.178241552,1087555.3117253606,2985904.46,2987261.03,1085783.71,1089507.66,data/raw/train/7b2c7b3c__horizontal_well.csv,
train,7b38844c,native_overlap_1_cluster_0004,native_overlap_1_cluster_0004,38,True,5197,3011808.43,1110077.15,3011521.83,1105178.29,3011671.14,1107767.53,3011662.531610542,1107756.6044660364,3011521.83,3011808.43,1105178.29,1110077.24,data/raw/train/7b38844c__horizontal_well.csv,
train,7bb17b96,native_overlap_1_cluster_0004,native_overlap_1_cluster_0004,38,True,5295,3012842.82,1109865.86,3014451.39,1105152.35,3013613.03,1107654.64,3013589.9416204,1107635.493063267,3012842.82,3014451.39,1105152.35,1109865.86,data/raw/train/7bb17b96__horizontal_well.csv,
train,7c607683,native_overlap_1_cluster_0001,native_overlap_1_cluster_0001,71,True,7001,2908573.41,1038688.21,2904399.46,1043579.5,2906653.81,1040907.55,2906646.9469104367,1040937.1339851451,2904399.46,2908573.41,1038688.21,1043579.5,data/raw/train/7c607683__horizontal_well.csv,
train,7cbbd047,native_overlap_1_cluster_0004,native_overlap_1_cluster_0004,38,True,6790,3015129.85,1114077.4,3019139.04,1109248.52,3017005.08,1111877.58,3017002.0596229704,1111849.2048026468,3015125.45,3019139.04,1109248.52,1114081.26,data/raw/train/7cbbd047__horizontal_well.csv,
train,7cd4bb31,native_overlap_1_cluster_0001,native_overlap_1_cluster_0001,71,True,7959,2903308.28,1030619.81,2908431.83,1024916.47,2905769.77,1027866.35,2905785.7572408607,1027869.863794447,2903308.28,2908431.83,1024916.47,1030619.81,data/raw/train/7cd4bb31__horizontal_well.csv,
train,7d50373e,native_overlap_1_cluster_0001,native_overlap_1_cluster_0001,71,True,6494,2900198.34,1026121.53,2904406.87,1021552.76,2902213.49,1023943.29,2902221.253400064,1023937.2638327673,2900198.34,2904406.87,1021552.76,1026121.53,data/raw/train/7d50373e__horizontal_well.csv,
train,7d57c75d,native_overlap_1_cluster_0009,native_overlap_1_cluster_0009,28,True,6147,3004005.64,1132791.73,3003840.94,1127121.4,3003941.83,1130189.39,3003936.810092728,1130166.4976557684,3003840.94,3004005.64,1127121.4,1132791.73,data/raw/train/7d57c75d__horizontal_well.csv,
train,7e208414,native_overlap_1_cluster_0004,native_overlap_1_cluster_0004,38,True,5732,3010875.02,1110568.92,3010641.31,1105141.06,3010766.36,1108001.4,3010771.26091765,1107990.8003401994,3010641.31,3010880.12,1105141.06,1110568.92,data/raw/train/7e208414__horizontal_well.csv,
train,7e721392,native_overlap_1_cluster_0033,native_overlap_1_cluster_0033,8,True,8301,2884920.29,1007175.5,2886808.17,1014569.71,2885744.42,1010561.87,2885760.390059043,1010589.0550897473,2884915.98,2886808.17,1007175.5,1014569.71,data/raw/train/7e721392__horizontal_well.csv,
train,7ff89f8f,native_overlap_1_cluster_0036,native_overlap_1_cluster_0036,7,True,9539,2872190.63,1025178.3,2866377.25,1031774.66,2869521.2,1028192.97,2869507.783572702,1028225.7099633061,2866377.25,2872190.63,1025178.3,1031774.66,data/raw/train/7ff89f8f__horizontal_well.csv,
train,8050c789,native_overlap_1_cluster_0003,native_overlap_1_cluster_0003,41,True,4940,3008531.99,1083288.04,3005484.22,1086425.58,3007193.7,1084647.3,3007177.9660566757,1084684.1547955463,3005484.22,3008531.99,1083287.85,1086425.58,data/raw/train/8050c789__horizontal_well.csv,
train,807f0298,native_overlap_1_cluster_0009,native_overlap_1_cluster_0009,28,True,5499,3007692.44,1136946.69,3004615.24,1141093.56,3006248.12,1138894.02,3006241.2504855394,1138904.2240498269,3004615.24,3007692.44,1136946.69,1141093.56,data/raw/train/807f0298__horizontal_well.csv,
train,811f52b3,native_overlap_1_cluster_0001,native_overlap_1_cluster_0001,71,True,6674,2906987.63,1031921.75,2903018.88,1036560.71,2905180.53,1034024.43,2905170.7465882534,1034051.7681420409,2903018.88,2906987.63,1031921.75,1036560.71,data/raw/train/811f52b3__horizontal_well.csv,
train,81bf5923,native_overlap_1_cluster_0034,native_overlap_1_cluster_0034,7,True,6386,3037456.72,1097033.22,3033716.13,1101472.45,3035579.52,1098921.19,3035617.765259947,1098987.8206013183,3033716.13,3037463.83,1097033.22,1101472.45,data/raw/train/81bf5923__horizontal_well.csv,
train,81fc01c6,native_overlap_1_cluster_0024,native_overlap_1_cluster_0024,13,True,7655,2956717.84,1085664.41,2952019.95,1090960.41,2954553.23,1088108.41,2954553.2567629144,1088138.1181828878,2952019.95,2956717.84,1085664.3,1090960.41,data/raw/train/81fc01c6__horizontal_well.csv,
train,8255c867,native_overlap_1_cluster_0005,native_overlap_1_cluster_0005,31,True,5338,2916734.34,1039133.61,2913658.98,1042844.65,2915362.24,1040796.76,2915341.3836418106,1040818.4881753486,2913658.98,2916734.34,1039133.61,1042844.65,data/raw/train/8255c867__horizontal_well.csv,
train,82aab6d2,native_overlap_1_cluster_0037,native_overlap_1_cluster_0037,6,True,7889,2981190.46,1052102.88,2980636.14,1059467.38,2980842.3,1055532.7,2980875.084333884,1055555.3991925472,2980636.14,2981190.46,1052102.88,1059467.38,data/raw/train/82aab6d2__horizontal_well.csv,
train,82fcf37c,native_overlap_1_cluster_0006,native_overlap_1_cluster_0006,31,True,7397,2884500.23,1020608.8,2879696.56,1025935.16,2882188.0,1023205.16,2882175.955060149,1023201.6983060694,2879696.56,2884500.23,1020608.8,1025935.16,data/raw/train/82fcf37c__horizontal_well.csv,
train,833af382,native_overlap_1_cluster_0005,native_overlap_1_cluster_0005,31,True,5377,2917311.73,1039576.98,2914178.54,1043282.05,2915907.1,1041232.24,2915884.997461407,1041252.6732360087,2914178.54,2917311.73,1039576.98,1043282.05,data/raw/train/833af382__horizontal_well.csv,
train,8382f4b6,native_overlap_1_cluster_0002,native_overlap_1_cluster_0002,53,True,6680,3009767.64,1116305.11,3009934.92,1122728.93,3009794.62,1119398.81,3009796.142845807,1119408.4446526975,3009712.77,3009934.92,1116305.11,1122728.93,data/raw/train/8382f4b6__horizontal_well.csv,
train,84633df4,native_overlap_1_cluster_0008,native_overlap_1_cluster_0008,28,True,6719,2992666.1,1121587.91,2990647.07,1127370.37,2991759.13,1124205.73,2991744.7466706443,1124231.4279237979,2990647.07,2992667.37,1121587.12,1127370.37,data/raw/train/84633df4__horizontal_well.csv,
train,8478df29,native_overlap_1_cluster_0008,native_overlap_1_cluster_0008,28,True,6698,2992926.83,1121638.28,2990904.63,1127415.17,2992027.25,1124270.85,2991995.9392893426,1124287.1241161549,2990904.63,2992926.83,1121638.28,1127415.17,data/raw/train/8478df29__horizontal_well.csv,
train,84815d5a,native_overlap_1_cluster_0004,native_overlap_1_cluster_0004,38,True,5286,3014337.43,1100294.13,3012573.8,1104763.28,3013525.48,1102301.62,3013528.6002270123,1102332.5912845274,3012573.8,3014337.43,1100294.13,1104763.28,data/raw/train/84815d5a__horizontal_well.csv,
train,84c3b497,native_overlap_1_cluster_0033,native_overlap_1_cluster_0033,8,True,6887,2887919.47,1007547.92,2889583.68,1013991.92,2888713.17,1010665.79,2888723.417448818,1010671.0908697561,2887919.47,2889583.68,1007547.92,1013991.92,data/raw/train/84c3b497__horizontal_well.csv,
train,85380836,native_overlap_1_cluster_0001,native_overlap_1_cluster_0001,71,True,8175,2908570.58,1037635.38,2903524.23,1043495.19,2906195.63,1040406.84,2906187.1094789105,1040417.266332726,2903524.23,2908570.58,1037635.38,1043495.19,data/raw/train/85380836__horizontal_well.csv,
train,8612b37f,native_overlap_1_cluster_0007,native_overlap_1_cluster_0007,30,True,6807,3000588.79,1101841.18,2998358.75,1107846.1,2999631.38,1104697.97,2999615.357368885,1104708.9771573378,2998358.75,3000589.23,1101841.18,1107846.1,data/raw/train/8612b37f__horizontal_well.csv,
train,861e71df,native_overlap_1_cluster_0002,native_overlap_1_cluster_0002,53,True,6284,3007309.18,1116754.23,3006738.67,1111019.96,3007110.29,1114128.55,3007077.064024499,1114104.7603532786,3006738.67,3007349.27,1111019.96,1116754.23,data/raw/train/861e71df__horizontal_well.csv,
train,86454a6f,native_overlap_1_cluster_0003,native_overlap_1_cluster_0003,41,True,9100,3000944.96,1090238.61,3004461.28,1081912.82,3002694.6,1086091.04,3002705.7847769223,1086096.9001098948,3000944.96,3004461.28,1081912.82,1090238.61,data/raw/train/86454a6f__horizontal_well.csv,
train,8648abae,native_overlap_1_cluster_0004,native_overlap_1_cluster_0004,38,True,6086,3014357.27,1109630.71,3017283.65,1104997.38,3015677.62,1107575.28,3015694.484017415,1107543.6026782796,3014357.27,3017283.65,1104997.38,1109632.17,data/raw/train/8648abae__horizontal_well.csv,
train,865033f8,native_overlap_1_cluster_0005,native_overlap_1_cluster_0005,31,True,5303,2917984.7,1045478.8,2914852.21,1049090.72,2916588.03,1047090.3,2916567.4328116165,1047111.6122685259,2914852.21,2917984.7,1045478.8,1049090.72,data/raw/train/865033f8__horizontal_well.csv,
train,87695469,native_overlap_1_cluster_0031,native_overlap_1_cluster_0031,8,True,8654,2877330.19,1042781.55,2872094.63,1048999.98,2874887.56,1045706.64,2874866.951026116,1045711.0190328151,2872094.63,2877330.19,1042781.55,1048999.98,data/raw/train/87695469__horizontal_well.csv,
train,877ed19c,native_overlap_1_cluster_0002,native_overlap_1_cluster_0002,53,True,5631,3012065.98,1115332.04,3012339.55,1110299.2,3012221.73,1113106.19,3012211.1286947215,1113071.3839762053,3012065.98,3012343.76,1110299.2,1115336.05,data/raw/train/877ed19c__horizontal_well.csv,
train,87aa3730,native_overlap_1_cluster_0001,native_overlap_1_cluster_0001,71,True,7293,2904795.43,1031050.31,2909405.73,1025919.82,2906976.37,1028629.0,2906987.5270848842,1028622.8625243364,2904793.91,2909405.73,1025919.82,1031050.56,data/raw/train/87aa3730__horizontal_well.csv,
train,884ecb5f,native_overlap_1_cluster_0001,native_overlap_1_cluster_0001,71,True,8054,2906668.53,1037473.28,2911748.16,1031785.36,2909074.89,1034787.94,2909091.422391359,1034786.1116066572,2906668.49,2911748.16,1031785.36,1037477.02,data/raw/train/884ecb5f__horizontal_well.csv,
train,8902c3f6,native_overlap_1_cluster_0017,native_overlap_1_cluster_0017,19,True,6533,2944354.53,1068912.11,2948410.92,1064212.52,2946294.45,1066697.27,2946297.3326128814,1066683.337576914,2944354.53,2948410.92,1064212.52,1068912.11,data/raw/train/8902c3f6__horizontal_well.csv,
train,896d15b9,native_overlap_1_cluster_0050,native_overlap_1_cluster_0050,1,False,5698,2914994.54,1019750.66,2910845.31,1016146.78,2912993.25,1018008.03,2912989.0648473194,1018001.9194945559,2910845.31,2914994.54,1016146.78,1019750.66,data/raw/train/896d15b9__horizontal_well.csv,
train,8995c945,native_overlap_1_cluster_0009,native_overlap_1_cluster_0009,28,True,8198,3008769.24,1135030.04,3003243.56,1140413.42,3006233.85,1137628.42,3006202.724466936,1137618.6523127565,3003243.56,3008769.6,1135030.04,1140413.42,data/raw/train/8995c945__horizontal_well.csv,
train,89969c7a,native_overlap_1_cluster_0008,native_overlap_1_cluster_0008,28,True,6317,2995589.6,1121493.57,2993854.73,1126975.56,2994787.57,1123965.03,2994792.2210432184,1123997.1109339898,2993854.73,2995594.69,1121493.57,1126975.56,data/raw/train/89969c7a__horizontal_well.csv,
train,89f1085d,native_overlap_1_cluster_0040,native_overlap_1_cluster_0040,2,True,7497,3003665.61,1063250.79,2999227.05,1069075.39,3001501.73,1066101.98,3001505.12830198,1066111.4913965655,2999227.05,3003665.61,1063250.79,1069075.39,data/raw/train/89f1085d__horizontal_well.csv,
train,89f36adf,native_overlap_1_cluster_0013,native_overlap_1_cluster_0013,22,True,7041,3025475.87,1121682.71,3025274.34,1115161.87,3025374.96,1118675.4,3025385.5570302587,1118652.9526828504,3025274.34,3025475.87,1115161.87,1121683.25,data/raw/train/89f36adf__horizontal_well.csv,
train,89fdb2f2,native_overlap_1_cluster_0004,native_overlap_1_cluster_0004,38,True,3570,3011950.72,1110561.29,3011786.85,1107301.8,3011882.2,1109081.39,3011875.329708688,1109063.1290364168,3011786.85,3011950.72,1107301.8,1110561.29,data/raw/train/89fdb2f2__horizontal_well.csv,
train,8a3da6d1,native_overlap_1_cluster_0004,native_overlap_1_cluster_0004,38,True,6334,3007778.88,1104753.33,3007719.41,1110505.68,3007825.41,1107347.14,3007778.7580802,1107375.3020066316,3007719.12,3007826.92,1104751.75,1110505.68,data/raw/train/8a3da6d1__horizontal_well.csv,
train,8a89da23,native_overlap_1_cluster_0001,native_overlap_1_cluster_0001,71,True,5575,2910246.93,1040782.71,2913749.47,1036945.0,2911872.82,1039000.6,2911890.475750669,1038993.3928968614,2910246.93,2913749.47,1036945.0,1040782.71,data/raw/train/8a89da23__horizontal_well.csv,
train,8a9c8932,native_overlap_1_cluster_0030,native_overlap_1_cluster_0030,8,True,6344,2902061.81,1025981.51,2898030.1,1030539.42,2900092.13,1028134.19,2900089.5521327197,1028145.2950204931,2898030.1,2902061.81,1025981.51,1030539.42,data/raw/train/8a9c8932__horizontal_well.csv,
train,8ac2f237,native_overlap_1_cluster_0002,native_overlap_1_cluster_0002,53,True,6775,3008754.33,1116485.16,3008808.47,1122920.8,3008766.22,1119536.61,3008770.511895209,1119547.5339793398,3008748.9,3008808.47,1116484.72,1122920.8,data/raw/train/8ac2f237__horizontal_well.csv,
train,8b12bab6,native_overlap_1_cluster_0007,native_overlap_1_cluster_0007,30,True,6980,3000728.65,1095339.97,2998462.33,1101320.32,2999694.94,1098061.11,2999684.706879657,1098086.1614498557,2998462.33,3000728.65,1095339.97,1101320.32,data/raw/train/8b12bab6__horizontal_well.csv,
train,8b5be31b,native_overlap_1_cluster_0024,native_overlap_1_cluster_0024,13,True,7439,2954469.21,1083957.88,2949993.37,1089128.24,2952420.74,1086319.95,2952406.813185915,1086342.5751579518,2949993.37,2954469.21,1083957.88,1089128.24,data/raw/train/8b5be31b__horizontal_well.csv,
train,8b95d6d1,native_overlap_1_cluster_0017,native_overlap_1_cluster_0017,19,True,2783,2945499.17,1069891.92,2947174.08,1068034.67,2946233.49,1069057.79,2946251.667563781,1069044.7641681577,2945499.17,2947174.08,1068034.67,1069891.92,data/raw/train/8b95d6d1__horizontal_well.csv,
train,8b9d8326,native_overlap_1_cluster_0003,native_overlap_1_cluster_0003,41,True,7832,2999508.46,1078262.65,3003929.84,1072321.45,3001595.08,1075457.75,3001613.9538432015,1075454.3888278827,2999507.23,3003929.84,1072321.45,1078262.65,data/raw/train/8b9d8326__horizontal_well.csv,
train,8bb9c1e6,native_overlap_1_cluster_0001,native_overlap_1_cluster_0001,71,True,6382,2906762.86,1031663.8,2902952.02,1036138.46,2905013.83,1033709.44,2905008.326007517,1033733.560701972,2902952.02,2906762.93,1031662.33,1036138.46,data/raw/train/8bb9c1e6__horizontal_well.csv,
train,8bda1a11,native_overlap_1_cluster_0006,native_overlap_1_cluster_0006,31,True,7438,2886927.71,1023108.87,2891779.01,1017895.92,2889241.36,1020606.95,2889251.8872869113,1020604.3011898309,2886927.71,2891779.01,1017895.92,1023108.87,data/raw/train/8bda1a11__horizontal_well.csv,
train,8bfa881d,native_overlap_1_cluster_0003,native_overlap_1_cluster_0003,41,True,5843,3013530.08,1094011.79,3011690.42,1099040.43,3012690.86,1096297.75,3012691.30262879,1096323.5669484849,3011690.42,3013530.08,1094011.34,1099040.43,data/raw/train/8bfa881d__horizontal_well.csv,
train,8c167025,native_overlap_1_cluster_0017,native_overlap_1_cluster_0017,19,True,7113,2941142.83,1064409.76,2945482.99,1059430.14,2943149.47,1062107.86,2943157.881923241,1062088.851642063,2941140.47,2945482.99,1059430.14,1064412.07,data/raw/train/8c167025__horizontal_well.csv,
train,8c8348e8,native_overlap_1_cluster_0026,native_overlap_1_cluster_0026,13,True,5581,3024935.29,1100072.33,3025497.73,1094918.42,3025194.65,1097689.71,3025208.263158939,1097672.8318079202,3024933.0,3025497.73,1094918.42,1100073.85,data/raw/train/8c8348e8__horizontal_well.csv,
train,8cc21f01,native_overlap_1_cluster_0022,native_overlap_1_cluster_0022,14,True,5806,2965428.0,1065314.22,2967990.55,1060907.59,2966263.25,1063235.62,2966397.53650362,1063263.4217206356,2965427.54,2967990.55,1060907.59,1065314.22,data/raw/train/8cc21f01__horizontal_well.csv,
train,8cc800b3,native_overlap_1_cluster_0008,native_overlap_1_cluster_0008,28,True,8091,2989321.72,1112967.68,2992582.45,1105970.89,2990901.48,1109641.77,2990890.6461413885,1109625.2174799151,2989321.27,2992582.45,1105970.89,1112967.68,data/raw/train/8cc800b3__horizontal_well.csv,
train,8d5d46d7,native_overlap_1_cluster_0001,native_overlap_1_cluster_0001,71,True,7282,2907615.17,1032470.66,2903087.45,1037622.64,2905412.29,1034828.13,2905418.1162592703,1034853.0353254656,2903087.45,2907615.19,1032470.66,1037622.64,data/raw/train/8d5d46d7__horizontal_well.csv,
train,8d92cb49,native_overlap_1_cluster_0015,native_overlap_1_cluster_0015,20,True,4839,2990521.22,1089552.76,2988534.3,1093715.1,2989577.82,1091538.97,2989571.009617687,1091545.8495226298,2988534.3,2990521.22,1089552.76,1093715.1,data/raw/train/8d92cb49__horizontal_well.csv,
train,8f201368,native_overlap_1_cluster_0001,native_overlap_1_cluster_0001,71,True,8151,2908282.12,1037378.5,2903330.79,1043188.2,2905981.34,1040098.0,2905967.072902713,1040110.312452461,2903330.79,2908282.12,1037378.5,1043188.2,data/raw/train/8f201368__horizontal_well.csv,
train,90386ee4,native_overlap_1_cluster_0001,native_overlap_1_cluster_0001,71,True,5304,2905005.24,1028477.03,2908167.08,1024640.38,2906433.32,1026636.73,2906441.0706504537,1026625.153446453,2905005.2,2908167.08,1024640.38,1028477.05,data/raw/train/90386ee4__horizontal_well.csv,
train,91abc4c7,native_overlap_1_cluster_0027,native_overlap_1_cluster_0027,11,True,7787,2900536.62,1025532.93,2895759.2,1031019.01,2898285.65,1028062.52,2898276.248069853,1028080.7380544501,2895759.2,2900536.62,1025532.93,1031019.01,data/raw/train/91abc4c7__horizontal_well.csv,
train,91b301ce,native_overlap_1_cluster_0011,native_overlap_1_cluster_0011,26,True,8512,2922099.46,1053535.45,2916891.18,1059524.73,2919695.51,1056335.18,2919668.660502812,1056340.306469693,2916891.18,2922099.47,1053535.45,1059524.73,data/raw/train/91b301ce__horizontal_well.csv,
train,91db7070,native_overlap_1_cluster_0004,native_overlap_1_cluster_0004,38,True,5646,3013113.24,1099593.4,3015153.97,1094751.29,3014052.32,1097343.18,3014057.518912501,1097327.633413037,3013113.24,3015153.97,1094751.29,1099593.43,data/raw/train/91db7070__horizontal_well.csv,
train,925a7cd1,native_overlap_1_cluster_0003,native_overlap_1_cluster_0003,41,True,6501,3003404.4,1089977.65,2999865.54,1094778.04,3001802.41,1092172.38,3001779.9590217024,1092186.8839640054,2999865.54,3003410.07,1089977.65,1094778.04,data/raw/train/925a7cd1__horizontal_well.csv,
train,9283ae69,native_overlap_1_cluster_0011,native_overlap_1_cluster_0011,26,True,5118,2927625.29,1060443.47,2924224.47,1063529.48,2926121.67,1061820.23,2926091.0112192277,1061832.126039463,2924224.47,2927625.29,1060443.47,1063529.48,data/raw/train/9283ae69__horizontal_well.csv,
train,9298ad5b,native_overlap_1_cluster_0020,native_overlap_1_cluster_0020,15,True,5807,2978126.43,1092692.37,2974929.07,1096971.52,2976650.6,1094638.92,2976654.4001945877,1094669.8220630316,2974929.07,2978126.76,1092692.37,1096971.52,data/raw/train/9298ad5b__horizontal_well.csv,
train,9314ff13,native_overlap_1_cluster_0014,native_overlap_1_cluster_0014,22,True,4494,2912700.93,1017340.12,2909527.73,1019769.25,2911312.58,1018415.25,2911283.0375545127,1018427.1317667976,2909527.73,2912700.93,1017340.12,1019769.25,data/raw/train/9314ff13__horizontal_well.csv,
train,93209a3d,native_overlap_1_cluster_0007,native_overlap_1_cluster_0007,30,True,6300,3005637.06,1104268.51,3003235.27,1109703.9,3004375.69,1106777.67,3004412.32930474,1106807.1920571455,3003235.27,3005637.08,1104268.51,1109703.9,data/raw/train/93209a3d__horizontal_well.csv,
train,939d9c34,native_overlap_1_cluster_0007,native_overlap_1_cluster_0007,30,True,6627,2994135.38,1099966.22,2991896.07,1105482.62,2993148.88,1102422.78,2993130.5241662967,1102458.3525577188,2991896.07,2994140.59,1099966.22,1105482.62,data/raw/train/939d9c34__horizontal_well.csv,
train,93f5d2e6,native_overlap_1_cluster_0011,native_overlap_1_cluster_0011,26,True,5171,2928211.63,1055179.12,2931370.91,1051490.92,2929695.57,1053457.83,2929696.8592380662,1053440.7698704326,2928211.63,2931370.91,1051490.92,1055179.12,data/raw/train/93f5d2e6__horizontal_well.csv,
train,940a48d9,native_overlap_1_cluster_0008,native_overlap_1_cluster_0008,28,True,5627,2991209.76,1120038.72,2991489.95,1115006.53,2991343.66,1117812.3,2991345.2748445007,1117778.4118713306,2991209.76,2991489.95,1115006.53,1120039.2,data/raw/train/940a48d9__horizontal_well.csv,
train,940e709a,native_overlap_1_cluster_0011,native_overlap_1_cluster_0011,26,True,4989,2927388.45,1060206.65,2923864.41,1063145.71,2925754.79,1061528.41,2925748.888909597,1061554.3936901207,2923864.41,2927388.45,1060205.52,1063145.71,data/raw/train/940e709a__horizontal_well.csv,
train,9426ec1e,native_overlap_1_cluster_0004,native_overlap_1_cluster_0004,38,True,3923,3012610.93,1108788.89,3012870.83,1105131.39,3012750.18,1107086.65,3012741.8624521964,1107072.956854448,3012610.93,3012870.83,1105131.39,1108788.89,data/raw/train/9426ec1e__horizontal_well.csv,
train,94467f50,native_overlap_1_cluster_0017,native_overlap_1_cluster_0017,19,True,5116,2939340.52,1064793.68,2936354.06,1068061.9,2938052.45,1066164.06,2938039.0848514494,1066220.6187099293,2936354.06,2939341.47,1064793.57,1068061.9,data/raw/train/94467f50__horizontal_well.csv,
train,944f36b9,native_overlap_1_cluster_0023,native_overlap_1_cluster_0023,13,True,6035,2998625.6,1127700.18,3000575.79,1122296.72,2999568.59,1125136.28,2999572.852573315,1125127.7596155761,2998625.46,3000575.79,1122296.72,1127700.18,data/raw/train/944f36b9__horizontal_well.csv,
train,94d813a4,native_overlap_1_cluster_0025,native_overlap_1_cluster_0025,13,True,6591,3022165.43,1081657.97,3018892.24,1086773.67,3020677.4,1084009.34,3020657.133733884,1084022.782131693,3018892.24,3022165.67,1081657.88,1086773.67,data/raw/train/94d813a4__horizontal_well.csv,
train,95b559e7,native_overlap_1_cluster_0016,native_overlap_1_cluster_0016,19,True,4638,3023615.78,1121227.2,3023618.11,1117086.9,3023620.73,1119403.87,3023623.0691354093,1119372.581763685,3023611.68,3023632.03,1117086.9,1121230.67,data/raw/train/95b559e7__horizontal_well.csv,
train,95c8427f,native_overlap_1_cluster_0005,native_overlap_1_cluster_0005,31,True,8051,2914922.43,1038222.06,2910102.0,1043994.32,2912687.06,1040916.1,2912684.3594919876,1040940.3381319091,2910102.0,2914922.43,1038222.06,1043994.32,data/raw/train/95c8427f__horizontal_well.csv,
train,96936c22,native_overlap_1_cluster_0003,native_overlap_1_cluster_0003,41,True,4997,3008515.19,1087246.91,3005340.56,1090434.03,3007111.84,1088674.57,3007090.6429277644,1088692.6904842942,3005340.56,3008515.61,1087246.91,1090434.03,data/raw/train/96936c22__horizontal_well.csv,
train,96ae5806,native_overlap_1_cluster_0028,native_overlap_1_cluster_0028,11,True,11527,2991749.47,1072329.33,2995735.73,1062127.36,2993615.77,1067477.32,2993632.6136158374,1067467.7874416595,2991745.18,2995735.73,1062127.36,1072333.67,data/raw/train/96ae5806__horizontal_well.csv,
train,96b7eea1,native_overlap_1_cluster_0020,native_overlap_1_cluster_0020,15,True,6078,2986891.51,1108148.94,2983767.58,1112742.22,2985486.54,1110243.33,2985472.794656149,1110264.1093715038,2983767.58,2986891.51,1108148.94,1112742.22,data/raw/train/96b7eea1__horizontal_well.csv,
train,9719aa04,native_overlap_1_cluster_0009,native_overlap_1_cluster_0009,28,True,6665,3007148.63,1129409.16,3005703.76,1135310.41,3006490.07,1132077.72,3006487.5698349606,1132106.1296474084,3005703.76,3007149.24,1129409.16,1135310.41,data/raw/train/9719aa04__horizontal_well.csv,
train,974802e7,native_overlap_1_cluster_0031,native_overlap_1_cluster_0031,8,True,7537,2871902.38,1046477.04,2867162.7,1051867.62,2869667.33,1049058.74,2869651.3046981543,1049061.5096205394,2867162.7,2871902.38,1046477.04,1051867.62,data/raw/train/974802e7__horizontal_well.csv,
train,97cd5bf9,native_overlap_1_cluster_0024,native_overlap_1_cluster_0024,13,True,5099,2957539.34,1086282.26,2954546.08,1089798.58,2956180.71,1087846.1,2956169.2389723477,1087870.3264228306,2954546.08,2957539.34,1086281.93,1089798.58,data/raw/train/97cd5bf9__horizontal_well.csv,
train,98177ced,native_overlap_1_cluster_0035,native_overlap_1_cluster_0035,7,True,6789,3034005.5,1095632.68,3038450.86,1091349.05,3035998.18,1093691.78,3036030.2062100465,1093675.289294443,3034005.34,3038450.86,1091349.05,1095632.68,data/raw/train/98177ced__horizontal_well.csv,
train,9896fc0b,native_overlap_1_cluster_0011,native_overlap_1_cluster_0011,26,True,5109,2929035.86,1055799.35,2932138.66,1052194.22,2930481.69,1054130.86,2930492.3212429183,1054117.9041123495,2929035.86,2932138.66,1052194.22,1055799.35,data/raw/train/9896fc0b__horizontal_well.csv,
train,98bc6f66,native_overlap_1_cluster_0006,native_overlap_1_cluster_0006,31,True,7720,2883662.75,1019879.9,2878901.07,1025347.22,2881432.92,1022442.27,2881421.809071239,1022452.7189261607,2878901.07,2883665.37,1019878.92,1025347.22,data/raw/train/98bc6f66__horizontal_well.csv,
train,992c99e8,native_overlap_1_cluster_0002,native_overlap_1_cluster_0002,53,True,6740,3006331.09,1116403.61,3006490.24,1122600.25,3006408.71,1119235.92,3006417.356261142,1119259.6171839826,3006328.15,3006490.34,1116403.61,1122600.25,data/raw/train/992c99e8__horizontal_well.csv,
train,992ce078,native_overlap_1_cluster_0014,native_overlap_1_cluster_0014,22,True,4661,2912221.37,1016940.02,2908581.46,1018865.79,2910637.29,1017775.68,2910605.7478309344,1017791.2500193077,2908581.46,2912225.58,1016938.21,1018865.79,data/raw/train/992ce078__horizontal_well.csv,
train,99529c45,native_overlap_1_cluster_0051,native_overlap_1_cluster_0051,1,False,7591,2898356.66,1023115.63,2893691.7,1028442.23,2896225.49,1025623.27,2896202.3534382912,1025629.7063061487,2893691.7,2898356.66,1023115.21,1028442.23,data/raw/train/99529c45__horizontal_well.csv,
train,995ff498,native_overlap_1_cluster_0001,native_overlap_1_cluster_0001,71,True,6127,2906802.09,1034335.89,2903034.23,1038722.28,2905015.37,1036389.19,2905014.270225236,1036408.0277117658,2903034.23,2906802.09,1034335.89,1038722.28,data/raw/train/995ff498__horizontal_well.csv,
train,999daf80,native_overlap_1_cluster_0005,native_overlap_1_cluster_0005,31,True,5439,2917692.62,1045034.95,2914583.97,1048848.61,2916365.64,1046798.07,2916338.19791505,1046812.1015223382,2914583.97,2917692.62,1045034.95,1048848.61,data/raw/train/999daf80__horizontal_well.csv,
train,9a6b0392,native_overlap_1_cluster_0023,native_overlap_1_cluster_0023,13,True,5802,2997231.78,1127555.4,2999044.31,1122430.26,2998090.75,1125166.4,2998088.224034814,1125149.0488590146,2997231.52,2999044.31,1122430.26,1127555.4,data/raw/train/9a6b0392__horizontal_well.csv,
train,9a8ae0d6,native_overlap_1_cluster_0004,native_overlap_1_cluster_0004,38,True,7835,3010565.05,1098341.73,3007235.75,1104966.96,3008962.57,1101454.61,3008978.9562654872,1101478.1716860265,3007235.75,3010565.05,1098341.73,1104966.96,data/raw/train/9a8ae0d6__horizontal_well.csv,
train,9a95e33f,native_overlap_1_cluster_0033,native_overlap_1_cluster_0033,8,True,8156,2887036.85,1007434.37,2888902.3,1014744.16,2887926.91,1010796.12,2887909.763467372,1010823.5422805288,2887033.13,2888902.3,1007434.37,1014744.16,data/raw/train/9a95e33f__horizontal_well.csv,
train,9ab94eeb,native_overlap_1_cluster_0011,native_overlap_1_cluster_0011,26,True,6372,2923030.99,1049444.3,2919155.46,1053755.86,2921283.37,1051391.92,2921264.726308848,1051416.3976302578,2919155.46,2923030.99,1049444.3,1053755.86,data/raw/train/9ab94eeb__horizontal_well.csv,
train,9ad5410a,native_overlap_1_cluster_0007,native_overlap_1_cluster_0007,30,True,5749,3004110.0,1104171.82,3002094.53,1109316.33,3003134.89,1106645.12,3003147.4910940994,1106657.996479385,3002094.53,3004110.0,1104171.82,1109316.33,data/raw/train/9ad5410a__horizontal_well.csv,
train,9ae248be,native_overlap_1_cluster_0018,native_overlap_1_cluster_0018,17,True,6655,2949817.63,1014924.58,2946783.3,1020662.05,2948328.01,1017722.7,2948322.609714492,1017724.8187392937,2946783.3,2949817.63,1014924.58,1020662.05,data/raw/train/9ae248be__horizontal_well.csv,
train,9af1ffd0,native_overlap_1_cluster_0024,native_overlap_1_cluster_0024,13,True,5454,2952800.95,1081859.12,2949661.06,1085640.11,2951389.31,1083540.7,2951385.3176677623,1083576.4256839051,2949661.06,2952800.95,1081859.12,1085640.11,data/raw/train/9af1ffd0__horizontal_well.csv,
train,9b5b61c1,native_overlap_1_cluster_0020,native_overlap_1_cluster_0020,15,True,7215,2971476.4,1095891.26,2975890.57,1090960.18,2973524.91,1093676.66,2973537.515423433,1093649.6529854494,2971473.81,2975890.57,1090960.18,1095891.26,data/raw/train/9b5b61c1__horizontal_well.csv,
train,9b9e3b49,native_overlap_1_cluster_0007,native_overlap_1_cluster_0007,30,True,6875,3008427.3,1110267.23,3008720.85,1116560.94,3008549.13,1113134.71,3008543.648199266,1113161.0099636307,3008422.72,3008720.85,1110262.27,1116560.94,data/raw/train/9b9e3b49__horizontal_well.csv,
train,9bd2bba3,native_overlap_1_cluster_0010,native_overlap_1_cluster_0010,27,True,9092,3009604.71,1074407.48,3005988.57,1082230.5,3007892.21,1078108.51,3007898.869835003,1078127.9197261324,3005988.57,3009604.71,1074407.48,1082230.5,data/raw/train/9bd2bba3__horizontal_well.csv,
train,9c211c53,native_overlap_1_cluster_0031,native_overlap_1_cluster_0031,8,True,8842,2871154.11,1045835.71,2865593.84,1052174.14,2868515.91,1048868.29,2868496.4759149486,1048865.5620934188,2865593.84,2871154.16,1045835.71,1052174.14,data/raw/train/9c211c53__horizontal_well.csv,
train,9c350a6a,native_overlap_1_cluster_0012,native_overlap_1_cluster_0012,25,True,7794,2996418.57,1101564.18,2999106.41,1094811.19,2997654.97,1098423.41,2997667.9058493734,1098407.9394380278,2996418.2,2999106.41,1094811.19,1101565.03,data/raw/train/9c350a6a__horizontal_well.csv,
train,9c8375f7,native_overlap_1_cluster_0005,native_overlap_1_cluster_0005,31,True,5432,2917657.8,1039851.47,2914516.33,1043608.55,2916256.48,1041526.59,2916242.9333781265,1041555.2293225337,2914516.33,2917657.8,1039851.47,1043608.55,data/raw/train/9c8375f7__horizontal_well.csv,
train,9d072e4c,native_overlap_1_cluster_0004,native_overlap_1_cluster_0004,38,True,6798,3000251.43,1102569.96,3002200.37,1096335.01,3001145.89,1099559.82,3001178.285085331,1099557.9776022339,3000251.43,3002200.37,1096335.01,1102569.96,data/raw/train/9d072e4c__horizontal_well.csv,
train,9d3ec64c,native_overlap_1_cluster_0024,native_overlap_1_cluster_0024,13,True,4937,2952594.62,1082006.45,2955552.29,1078597.7,2953935.47,1080455.22,2953951.63181892,1080435.7863013975,2952594.62,2955552.29,1078597.7,1082006.45,data/raw/train/9d3ec64c__horizontal_well.csv,
train,9d4272e3,native_overlap_1_cluster_0010,native_overlap_1_cluster_0010,27,True,5771,3000519.2,1069655.77,2997412.7,1073963.69,2999099.03,1071635.39,2999082.1489395285,1071646.8117743921,2997412.7,3000519.73,1069655.77,1073963.69,data/raw/train/9d4272e3__horizontal_well.csv,
train,9d5e14d4,native_overlap_1_cluster_0027,native_overlap_1_cluster_0027,11,True,6565,2891350.46,1028169.26,2886976.51,1032457.5,2889297.24,1030145.53,2889307.2025392163,1030180.3148179742,2886976.51,2891350.46,1028168.48,1032457.5,data/raw/train/9d5e14d4__horizontal_well.csv,
train,9da441ba,native_overlap_1_cluster_0002,native_overlap_1_cluster_0002,53,True,7283,2997544.22,1115424.96,2999649.11,1108693.34,2998578.91,1112165.59,2998560.363921462,1112151.7878374292,2997544.22,2999649.11,1108693.34,1115424.96,data/raw/train/9da441ba__horizontal_well.csv,
train,9dede370,native_overlap_1_cluster_0037,native_overlap_1_cluster_0037,6,True,8057,2980911.84,1052002.7,2980474.29,1059471.43,2980659.21,1055453.28,2980680.780381032,1055477.3999367016,2980474.29,2980914.81,1052002.7,1059471.43,data/raw/train/9dede370__horizontal_well.csv,
train,9def2eb2,native_overlap_1_cluster_0015,native_overlap_1_cluster_0015,20,True,7750,2983626.77,1085793.37,2986371.1,1079092.11,2984862.43,1082650.95,2984880.009776766,1082638.6455729043,2983626.77,2986371.1,1079092.11,1085793.45,data/raw/train/9def2eb2__horizontal_well.csv,
train,9df1b1f9,native_overlap_1_cluster_0004,native_overlap_1_cluster_0004,38,True,6444,3015970.64,1104927.23,3013241.09,1110183.03,3014763.3,1107352.39,3014735.867596233,1107364.1334528232,3013241.09,3015975.85,1104926.97,1110183.03,data/raw/train/9df1b1f9__horizontal_well.csv,
train,9dfff011,native_overlap_1_cluster_0012,native_overlap_1_cluster_0012,25,True,6067,2986551.03,1090829.64,2984935.86,1096069.11,2985618.87,1093120.55,2985722.8323339396,1093182.692581174,2984935.86,2986551.64,1090829.64,1096069.11,data/raw/train/9dfff011__horizontal_well.csv,
train,9e3e364d,native_overlap_1_cluster_0002,native_overlap_1_cluster_0002,53,True,5809,3012924.15,1116138.85,3013112.99,1110631.6,3013075.45,1113530.0,3013045.113935273,1113517.7747150909,3012922.93,3013121.1,1110631.6,1116138.85,data/raw/train/9e3e364d__horizontal_well.csv,
train,9efc812e,native_overlap_1_cluster_0019,native_overlap_1_cluster_0019,16,True,6100,2940614.21,1059284.22,2944602.33,1055013.42,2942493.4,1057210.48,2942510.7571950825,1057213.3308131162,2940614.21,2944602.33,1055013.42,1059284.22,data/raw/train/9efc812e__horizontal_well.csv,
train,9f0c7bae,native_overlap_1_cluster_0018,native_overlap_1_cluster_0018,17,True,4040,2949990.2,1015029.5,2950053.1,1011155.85,2950014.11,1013171.32,2950013.7898292057,1013164.6827004878,2949986.98,2950053.1,1011155.85,1015029.5,data/raw/train/9f0c7bae__horizontal_well.csv,
train,9ffce529,native_overlap_1_cluster_0014,native_overlap_1_cluster_0014,22,True,6675,2926218.52,1018614.01,2922528.52,1023904.17,2924415.54,1021158.38,2924424.9985692855,1021175.8119250945,2922528.52,2926218.52,1018614.01,1023904.17,data/raw/train/9ffce529__horizontal_well.csv,
train,a0383629,native_overlap_1_cluster_0001,native_overlap_1_cluster_0001,71,True,7687,2893157.02,1036334.23,2897833.53,1030817.05,2895365.18,1033758.0,2895369.8746572156,1033740.7080772729,2893157.02,2897833.53,1030817.05,1036334.23,data/raw/train/a0383629__horizontal_well.csv,
train,a056d01e,native_overlap_1_cluster_0022,native_overlap_1_cluster_0022,14,True,8292,2970962.29,1070006.57,2975644.04,1063793.18,2973158.67,1067104.09,2973179.3330197744,1067098.3659394635,2970960.08,2975644.04,1063793.18,1070006.76,data/raw/train/a056d01e__horizontal_well.csv,
train,a08d9e63,native_overlap_1_cluster_0011,native_overlap_1_cluster_0011,26,True,5199,2927546.19,1054595.14,2930711.34,1050939.2,2929002.86,1052891.99,2929022.540765522,1052885.7313579547,2927546.19,2930711.34,1050939.2,1054595.14,data/raw/train/a08d9e63__horizontal_well.csv,
train,a0b83014,native_overlap_1_cluster_0002,native_overlap_1_cluster_0002,53,True,6873,3007914.8,1123205.58,3007760.73,1116941.65,3007880.28,1120373.15,3007840.900629996,1120342.4936694251,3007760.73,3007914.8,1116941.65,1123205.94,data/raw/train/a0b83014__horizontal_well.csv,
train,a0e92ed6,native_overlap_1_cluster_0016,native_overlap_1_cluster_0016,19,True,6446,3011066.01,1115488.31,3010981.17,1121759.06,3011040.38,1118541.77,3011032.9553164677,1118545.5682640302,3010972.15,3011071.61,1115488.31,1121759.06,data/raw/train/a0e92ed6__horizontal_well.csv,
train,a15bc102,native_overlap_1_cluster_0021,native_overlap_1_cluster_0021,15,True,5124,2962043.56,1084233.31,2959071.56,1087692.23,2960734.3,1085747.54,2960712.3164031953,1085776.1737841563,2959071.56,2962044.33,1084233.31,1087692.23,data/raw/train/a15bc102__horizontal_well.csv,
train,a247e7cf,native_overlap_1_cluster_0006,native_overlap_1_cluster_0006,31,True,7237,2887484.07,1023287.05,2892140.12,1018247.93,2889680.4,1020896.34,2889693.053259644,1020891.9052825765,2887482.33,2892140.12,1018247.93,1023287.19,data/raw/train/a247e7cf__horizontal_well.csv,
train,a2e8e7f6,native_overlap_1_cluster_0017,native_overlap_1_cluster_0017,19,True,5812,2945499.17,1069891.92,2949098.47,1065696.72,2947231.14,1067919.12,2947228.1705006873,1067903.4303922895,2945499.17,2949098.47,1065696.72,1069891.92,data/raw/train/a2e8e7f6__horizontal_well.csv,
train,a3518960,native_overlap_1_cluster_0013,native_overlap_1_cluster_0013,22,True,6992,3024034.15,1108541.62,3024087.87,1114870.3,3024084.28,1111378.41,3024068.045492002,1111414.9894407867,3024034.15,3024091.31,1108541.62,1114870.3,data/raw/train/a3518960__horizontal_well.csv,
train,a3f71395,native_overlap_1_cluster_0018,native_overlap_1_cluster_0018,17,True,7040,2947635.85,1014655.5,2944401.82,1020626.41,2946065.8,1017533.56,2946069.396840906,1017544.0322940343,2944401.82,2947635.85,1014655.5,1020626.41,data/raw/train/a3f71395__horizontal_well.csv,
train,a4719920,native_overlap_1_cluster_0015,native_overlap_1_cluster_0015,20,True,7495,2988527.31,1089161.46,2991220.39,1082530.74,2989871.87,1086021.8,2989866.278713803,1086007.9211647764,2988527.31,2991220.39,1082530.74,1089161.46,data/raw/train/a4719920__horizontal_well.csv,
train,a48640d9,native_overlap_1_cluster_0010,native_overlap_1_cluster_0010,27,True,6586,3008077.79,1073442.93,3011849.01,1068601.98,3009860.7,1071223.29,3009876.745698454,1071205.2227558487,3008077.79,3011849.01,1068601.98,1073442.93,data/raw/train/a48640d9__horizontal_well.csv,
train,a4cdbb0f,native_overlap_1_cluster_0006,native_overlap_1_cluster_0006,31,True,6759,2889916.52,1026393.02,2885248.13,1030936.59,2887662.72,1028590.76,2887678.4489939366,1028618.3814484389,2885248.13,2889916.52,1026393.02,1030936.59,data/raw/train/a4cdbb0f__horizontal_well.csv,
train,a4f989c2,native_overlap_1_cluster_0020,native_overlap_1_cluster_0020,15,True,7024,2971708.26,1096142.24,2976193.14,1091208.26,2973883.09,1093843.51,2973885.897062919,1093828.8627292162,2971708.16,2976193.14,1091208.26,1096142.24,data/raw/train/a4f989c2__horizontal_well.csv,
train,a5aa7973,native_overlap_1_cluster_0009,native_overlap_1_cluster_0009,28,True,6449,3008072.9,1128542.81,3006699.28,1134238.77,3007446.97,1131108.41,3007442.6342564872,1131137.8669902314,3006699.28,3008073.0,1128542.81,1134238.77,data/raw/train/a5aa7973__horizontal_well.csv,
train,a5e6f7dc,native_overlap_1_cluster_0002,native_overlap_1_cluster_0002,53,True,7331,2990776.82,1113046.88,2993366.26,1106714.43,2991952.46,1110088.87,2991973.4346432877,1110077.0439762636,2990776.8,2993366.26,1106714.43,1113046.88,data/raw/train/a5e6f7dc__horizontal_well.csv,
train,a612d5a0,native_overlap_1_cluster_0020,native_overlap_1_cluster_0020,15,True,7160,2971171.16,1095634.05,2975577.07,1090675.05,2973248.94,1093386.67,2973258.4202835322,1093365.617367319,2971168.74,2975577.07,1090675.05,1095635.12,data/raw/train/a612d5a0__horizontal_well.csv,
train,a622ce4d,native_overlap_1_cluster_0002,native_overlap_1_cluster_0002,53,True,8047,2994094.67,1114761.56,2996830.21,1107637.9,2995381.97,1111382.7,2995395.1153610055,1111374.2205505176,2994094.67,2996830.21,1107637.9,1114761.56,data/raw/train/a622ce4d__horizontal_well.csv,
train,a645da9a,native_overlap_1_cluster_0004,native_overlap_1_cluster_0004,38,True,6766,3016002.51,1113987.16,3020052.95,1109217.39,3017871.23,1111795.1,3017882.306463189,1111776.401690805,3016000.03,3020052.95,1109217.39,1113989.32,data/raw/train/a645da9a__horizontal_well.csv,
train,a692b17e,native_overlap_1_cluster_0001,native_overlap_1_cluster_0001,71,True,5409,2910510.89,1039642.6,2907361.94,1043357.75,2909117.59,1041308.51,2909080.151869112,1041318.7281105577,2907361.94,2910511.38,1039642.6,1043357.75,data/raw/train/a692b17e__horizontal_well.csv,
train,a6b8ac67,native_overlap_1_cluster_0018,native_overlap_1_cluster_0018,17,True,7017,2948241.26,1014995.97,2945130.09,1020724.85,2946774.29,1017633.08,2946783.3741627424,1017659.6311928122,2945130.09,2948241.26,1014995.97,1020724.85,data/raw/train/a6b8ac67__horizontal_well.csv,
train,a6ed2eff,native_overlap_1_cluster_0002,native_overlap_1_cluster_0002,53,True,7054,3009975.31,1116306.34,3010152.0,1122813.69,3010114.38,1119294.22,3010091.761454496,1119317.026637365,3009972.33,3010167.38,1116300.9,1122813.69,data/raw/train/a6ed2eff__horizontal_well.csv,
train,a6f967fb,native_overlap_1_cluster_0032,native_overlap_1_cluster_0032,8,True,7032,3033567.26,1095363.31,3038098.05,1090989.92,3035569.98,1093428.2,3035606.5627972144,1093403.3825170642,3033561.26,3038098.05,1090989.92,1095373.82,data/raw/train/a6f967fb__horizontal_well.csv,
train,a76db406,native_overlap_1_cluster_0017,native_overlap_1_cluster_0017,19,True,6451,2944751.83,1069255.61,2948631.74,1064783.23,2946535.68,1067231.46,2946530.537046969,1067194.4520601435,2944751.5,2948631.74,1064783.23,1069258.74,data/raw/train/a76db406__horizontal_well.csv,
train,a7744f5b,native_overlap_1_cluster_0001,native_overlap_1_cluster_0001,71,True,6017,2906749.56,1034714.9,2910459.07,1030596.36,2908455.57,1032835.45,2908462.727836134,1032813.9432873556,2906749.56,2910459.07,1030596.36,1034718.83,data/raw/train/a7744f5b__horizontal_well.csv,
train,a783cc24,native_overlap_1_cluster_0017,native_overlap_1_cluster_0017,19,True,3275,2938430.18,1068831.37,2940194.94,1066362.32,2939245.52,1067695.23,2939256.0596122253,1067683.666854962,2938430.18,2940194.94,1066362.32,1068831.37,data/raw/train/a783cc24__horizontal_well.csv,
train,a79fd2e7,native_overlap_1_cluster_0004,native_overlap_1_cluster_0004,38,True,6327,3007934.43,1104742.53,3007977.6,1110455.89,3007998.1,1107297.25,3007985.540984666,1107331.227262528,3007934.43,3008003.58,1104742.52,1110455.89,data/raw/train/a79fd2e7__horizontal_well.csv,
train,a7fc3e6b,native_overlap_1_cluster_0021,native_overlap_1_cluster_0021,15,True,6378,2949735.29,1073677.79,2953626.81,1069198.78,2951533.44,1071591.41,2951549.6174835404,1071579.5975446836,2949735.29,2953626.81,1069198.78,1073678.1,data/raw/train/a7fc3e6b__horizontal_well.csv,
train,a85bb86f,native_overlap_1_cluster_0005,native_overlap_1_cluster_0005,31,True,5100,2919544.44,1046991.09,2916536.63,1050304.94,2918284.49,1048456.08,2918224.2789098076,1048462.5427607832,2916536.63,2919544.44,1046991.09,1050304.94,data/raw/train/a85bb86f__horizontal_well.csv,
train,a85e4bc3,native_overlap_1_cluster_0031,native_overlap_1_cluster_0031,8,True,5993,2860284.47,1041789.53,2863888.38,1037514.04,2861952.68,1039791.63,2861974.804221587,1039789.5296846335,2860284.47,2863888.38,1037514.04,1041789.53,data/raw/train/a85e4bc3__horizontal_well.csv,
train,a87433c9,native_overlap_1_cluster_0052,native_overlap_1_cluster_0052,1,False,7460,3003125.45,1103422.43,3005505.08,1096995.95,3004228.01,1100493.98,3004226.8902265443,1100464.6186367287,3003124.9,3005505.08,1096995.95,1103422.43,data/raw/train/a87433c9__horizontal_well.csv,
train,a8ed028a,native_overlap_1_cluster_0034,native_overlap_1_cluster_0034,7,True,7310,3036766.57,1089018.16,3031843.77,1093681.65,3034467.9,1091141.04,3034460.3376689493,1091164.7201272235,3031843.77,3036767.46,1089014.61,1093681.65,data/raw/train/a8ed028a__horizontal_well.csv,
train,a959858c,native_overlap_1_cluster_0013,native_overlap_1_cluster_0013,22,True,5770,3018829.08,1108762.4,3022159.44,1105062.43,3020281.59,1107233.71,3020304.1732374295,1107168.472717504,3018828.51,3022159.44,1105062.43,1108762.53,data/raw/train/a959858c__horizontal_well.csv,
train,a9c9b150,native_overlap_1_cluster_0020,native_overlap_1_cluster_0020,15,True,5826,2986392.93,1108414.75,2983316.92,1112724.98,2984987.75,1110345.24,2984988.4392276127,1110379.0364778577,2983316.92,2986392.93,1108414.75,1112724.98,data/raw/train/a9c9b150__horizontal_well.csv,
train,aa95015b,native_overlap_1_cluster_0002,native_overlap_1_cluster_0002,53,True,5761,3000998.18,1117073.58,3001661.69,1111797.5,3001286.61,1114649.05,3001288.107512577,1114629.910286409,3000982.82,3001661.69,1111797.5,1117073.58,data/raw/train/aa95015b__horizontal_well.csv,
train,aaaf3c03,native_overlap_1_cluster_0014,native_overlap_1_cluster_0014,22,True,4728,2911133.21,1016444.14,2907044.86,1017519.95,2909329.27,1016933.55,2909294.7668316355,1016920.096548216,2907044.86,2911133.21,1016439.08,1017519.95,data/raw/train/aaaf3c03__horizontal_well.csv,
train,aaeffccb,native_overlap_1_cluster_0003,native_overlap_1_cluster_0003,41,True,4586,3006733.14,1091121.92,3009234.79,1088068.88,3007784.52,1089839.85,3007806.031718276,1089795.0669210677,3006728.62,3009234.79,1088068.88,1091128.39,data/raw/train/aaeffccb__horizontal_well.csv,
train,ab112491,native_overlap_1_cluster_0003,native_overlap_1_cluster_0003,41,True,7178,2999370.03,1085295.7,2997005.93,1091387.06,2998298.56,1088046.65,2998264.267195613,1088070.8283156874,2997005.93,2999370.03,1085295.7,1091387.06,data/raw/train/ab112491__horizontal_well.csv,
train,ab18d3fc,native_overlap_1_cluster_0003,native_overlap_1_cluster_0003,41,True,7337,3008680.38,1092105.39,3013143.27,1086936.22,3010758.86,1089718.3,3010764.903479628,1089697.719751945,3008680.38,3013143.27,1086936.22,1092108.81,data/raw/train/ab18d3fc__horizontal_well.csv,
train,ab3ced07,native_overlap_1_cluster_0003,native_overlap_1_cluster_0003,41,True,6008,3012978.88,1093752.02,3011112.8,1098820.23,3012152.09,1096007.72,3012149.2668425418,1096041.4101997332,3011112.8,3012978.88,1093752.02,1098820.23,data/raw/train/ab3ced07__horizontal_well.csv,
train,ab6fe95d,native_overlap_1_cluster_0031,native_overlap_1_cluster_0031,8,True,7424,2859764.17,1040445.08,2855426.45,1045764.8,2857773.46,1042895.87,2857752.32583782,1042910.4006505932,2855426.45,2859764.17,1040445.08,1045764.8,data/raw/train/ab6fe95d__horizontal_well.csv,
train,ab94878e,native_overlap_1_cluster_0019,native_overlap_1_cluster_0019,16,True,7652,2939991.51,1058906.07,2935373.71,1064342.17,2937827.77,1061415.88,2937824.536182703,1061438.4960859916,2935373.71,2939991.51,1058906.07,1064342.17,data/raw/train/ab94878e__horizontal_well.csv,
train,abf460d2,native_overlap_1_cluster_0003,native_overlap_1_cluster_0003,41,True,4763,3008754.34,1087359.2,3005705.47,1090564.82,3007346.96,1088846.45,3007322.345087133,1088843.5437161427,3005705.47,3008754.34,1087358.49,1090564.82,data/raw/train/abf460d2__horizontal_well.csv,
train,ac6f01d5,native_overlap_1_cluster_0026,native_overlap_1_cluster_0026,13,True,6729,3014806.27,1093943.24,3017149.91,1088262.26,3015975.4,1091407.93,3015957.8844449515,1091371.828760589,3014802.7,3017149.91,1088262.26,1093945.23,data/raw/train/ac6f01d5__horizontal_well.csv,
train,ad2133a8,native_overlap_1_cluster_0014,native_overlap_1_cluster_0014,22,True,7187,2925288.47,1016348.98,2921251.35,1021950.49,2923352.81,1019040.24,2923344.2863113848,1019046.021736467,2921251.35,2925288.47,1016348.98,1021950.49,data/raw/train/ad2133a8__horizontal_well.csv,
train,add9c322,native_overlap_1_cluster_0008,native_overlap_1_cluster_0008,28,True,5519,2990450.1,1114860.88,2990145.26,1120028.89,2990312.63,1117279.08,2990307.6718463395,1117293.5421090762,2990145.26,2990450.1,1114860.88,1120028.89,data/raw/train/add9c322__horizontal_well.csv,
train,ae069086,native_overlap_1_cluster_0019,native_overlap_1_cluster_0019,16,True,6741,2937826.52,1056905.89,2933767.76,1061500.26,2935996.8,1058983.13,2935988.1019195886,1059018.1197344617,2933767.76,2937826.52,1056905.89,1061500.26,data/raw/train/ae069086__horizontal_well.csv,
train,ae0784a8,native_overlap_1_cluster_0028,native_overlap_1_cluster_0028,11,True,9171,2990936.6,1071772.55,2994200.09,1063397.47,2992524.11,1067659.35,2992525.4541565687,1067654.7927030898,2990936.6,2994200.09,1063397.47,1071772.55,data/raw/train/ae0784a8__horizontal_well.csv,
train,ae35f33a,native_overlap_1_cluster_0018,native_overlap_1_cluster_0018,17,True,6469,2944612.09,1014893.6,2946059.77,1009281.48,2945260.3,1012413.13,2945266.2866470814,1012372.5382300202,2944612.09,2946059.77,1009281.48,1014904.45,data/raw/train/ae35f33a__horizontal_well.csv,
train,ae8959c3,native_overlap_1_cluster_0023,native_overlap_1_cluster_0023,13,True,6645,2998178.62,1127577.07,2993749.14,1131614.35,2996195.78,1129378.04,2996169.8932942073,1129404.4641820905,2993749.14,2998178.66,1127575.91,1131614.35,data/raw/train/ae8959c3__horizontal_well.csv,
train,aed44918,native_overlap_1_cluster_0040,native_overlap_1_cluster_0040,2,True,4020,3002416.66,1066033.56,3000065.39,1069149.49,3001278.8,1067550.15,3001272.958696525,1067550.935480099,3000065.39,3002416.66,1066033.56,1069149.49,data/raw/train/aed44918__horizontal_well.csv,
train,aee6393a,native_overlap_1_cluster_0011,native_overlap_1_cluster_0011,26,True,7146,2918100.14,1046080.67,2923179.74,1041380.29,2920588.99,1043834.7,2920585.251309827,1043824.4488119225,2918100.14,2923179.74,1041380.29,1046080.67,data/raw/train/aee6393a__horizontal_well.csv,
train,af7a59ce,native_overlap_1_cluster_0030,native_overlap_1_cluster_0030,8,True,4330,2902974.38,1026253.75,2905666.45,1023254.71,2904236.08,1024875.68,2904240.8699399536,1024862.9943556592,2902974.38,2905666.45,1023254.71,1026253.75,data/raw/train/af7a59ce__horizontal_well.csv,
train,aff4e561,native_overlap_1_cluster_0006,native_overlap_1_cluster_0006,31,True,7723,2884117.5,1020241.93,2879318.37,1025663.55,2881877.09,1022775.86,2881863.4026854928,1022786.0628551128,2879318.37,2884119.46,1020238.6,1025663.55,data/raw/train/aff4e561__horizontal_well.csv,
train,b04b58a3,native_overlap_1_cluster_0017,native_overlap_1_cluster_0017,19,True,5229,2942314.58,1073606.38,2945499.16,1069938.83,2943791.8,1071912.91,2943806.2280569924,1071900.8182080677,2942314.58,2945499.16,1069938.83,1073606.38,data/raw/train/b04b58a3__horizontal_well.csv,
train,b0d42b0d,native_overlap_1_cluster_0020,native_overlap_1_cluster_0020,15,True,6357,2985372.95,1106358.01,2981333.15,1110988.08,2983430.86,1108609.84,2983423.493734465,1108611.250229668,2981333.15,2985372.95,1106358.01,1110988.08,data/raw/train/b0d42b0d__horizontal_well.csv,
train,b0f53bf4,native_overlap_1_cluster_0003,native_overlap_1_cluster_0003,41,True,4202,2999945.15,1090240.89,2997137.75,1093168.61,2998575.8,1091643.09,2998576.900766307,1091652.313203236,2997137.75,2999945.15,1090240.89,1093168.61,data/raw/train/b0f53bf4__horizontal_well.csv,
train,b19b0395,native_overlap_1_cluster_0001,native_overlap_1_cluster_0001,71,True,7196,2898633.07,1024767.78,2903295.67,1019673.24,2900864.2,1022321.3,2900874.045484996,1022318.8799471912,2898632.78,2903295.67,1019673.24,1024767.78,data/raw/train/b19b0395__horizontal_well.csv,
train,b1efb8a4,native_overlap_1_cluster_0004,native_overlap_1_cluster_0004,38,True,7562,3007511.38,1097418.59,3004937.11,1104153.63,3006238.79,1100609.15,3006248.2958873245,1100623.533928854,3004937.11,3007511.38,1097418.59,1104153.63,data/raw/train/b1efb8a4__horizontal_well.csv,
train,b32902c0,native_overlap_1_cluster_0008,native_overlap_1_cluster_0008,28,True,5737,2990080.74,1114845.0,2989790.33,1120030.96,2989954.6,1117172.97,2989965.844000344,1117203.6441502536,2989790.33,2990121.22,1114840.39,1120030.96,data/raw/train/b32902c0__horizontal_well.csv,
train,b32e4903,native_overlap_1_cluster_0001,native_overlap_1_cluster_0001,71,True,7420,2904181.88,1026696.68,2899603.31,1031898.09,2902012.55,1029085.49,2901998.39849191,1029097.720452832,2899603.31,2904181.88,1026696.68,1031898.09,data/raw/train/b32e4903__horizontal_well.csv,
train,b3388334,native_overlap_1_cluster_0033,native_overlap_1_cluster_0033,8,True,7807,2887495.76,1007487.75,2889292.41,1014477.58,2888323.25,1010700.8,2888322.0691072103,1010727.5444024629,2887490.98,2889292.41,1007487.75,1014477.58,data/raw/train/b3388334__horizontal_well.csv,
train,b37fd114,native_overlap_1_cluster_0015,native_overlap_1_cluster_0015,20,True,9786,2985573.67,1086524.7,2989075.54,1077711.29,2987242.2,1082239.78,2987270.1716932277,1082243.4911863923,2985573.67,2989075.54,1077711.29,1086524.7,data/raw/train/b37fd114__horizontal_well.csv,
train,b38e3116,native_overlap_1_cluster_0004,native_overlap_1_cluster_0004,38,True,7954,3007816.49,1097435.0,3005186.52,1104371.68,3006593.63,1100657.93,3006584.1505645025,1100675.5455896417,3005186.52,3007816.57,1097433.4,1104371.68,data/raw/train/b38e3116__horizontal_well.csv,
train,b4d8dd4f,native_overlap_1_cluster_0005,native_overlap_1_cluster_0005,31,True,5909,2916716.93,1045301.47,2913152.84,1049297.48,2915112.95,1047096.53,2915093.760318155,1047117.989439836,2913152.84,2916716.93,1045301.47,1049297.48,data/raw/train/b4d8dd4f__horizontal_well.csv,
train,b4f37e6e,native_overlap_1_cluster_0005,native_overlap_1_cluster_0005,31,True,4499,2916184.23,1044345.05,2918845.89,1041152.92,2917377.08,1042854.2,2917405.191209154,1042853.8319070921,2916184.23,2918845.89,1041152.92,1044345.05,data/raw/train/b4f37e6e__horizontal_well.csv,
train,b56bc0aa,native_overlap_1_cluster_0005,native_overlap_1_cluster_0005,31,True,7431,2916436.66,1043146.99,2912118.81,1048358.55,2914463.81,1045483.4,2914449.383439655,1045514.1916956023,2912118.81,2916436.66,1043146.99,1048358.55,data/raw/train/b56bc0aa__horizontal_well.csv,
train,b585b4fa,native_overlap_1_cluster_0001,native_overlap_1_cluster_0001,71,True,5999,2906803.56,1037020.6,2903229.94,1041150.75,2905195.08,1038892.46,2905173.4110368397,1038910.6065027474,2903229.94,2906803.56,1037020.6,1041150.75,data/raw/train/b585b4fa__horizontal_well.csv,
train,b5aa9634,native_overlap_1_cluster_0010,native_overlap_1_cluster_0010,27,True,8747,3010519.08,1074812.51,3007427.35,1082834.88,3008972.8,1078751.58,3008986.795683082,1078759.912787243,3007427.35,3010519.08,1074812.51,1082834.88,data/raw/train/b5aa9634__horizontal_well.csv,
train,b7974e66,native_overlap_1_cluster_0028,native_overlap_1_cluster_0028,11,True,7170,2987448.82,1065130.66,2987338.27,1071973.54,2987390.9,1068393.6,2987374.9579930166,1068402.5469470045,2987307.08,2987450.1,1065130.66,1071973.54,data/raw/train/b7974e66__horizontal_well.csv,
train,b7cdcecb,native_overlap_1_cluster_0006,native_overlap_1_cluster_0006,31,True,7620,2884974.58,1021236.51,2889670.6,1015702.31,2887199.4,1018592.95,2887202.729519677,1018582.9889934378,2884974.06,2889670.6,1015702.31,1021236.51,data/raw/train/b7cdcecb__horizontal_well.csv,
train,b7fea9ef,native_overlap_1_cluster_0017,native_overlap_1_cluster_0017,19,True,5575,2938423.52,1068838.63,2941310.12,1064714.73,2939727.86,1067000.57,2939748.778116599,1066979.3829076227,2938422.03,2941310.12,1064714.73,1068841.18,data/raw/train/b7fea9ef__horizontal_well.csv,
train,b85f7b06,native_overlap_1_cluster_0002,native_overlap_1_cluster_0002,53,True,5453,3011927.04,1115363.2,3012005.16,1110312.96,3011926.65,1113033.19,3011932.072389515,1113015.266246106,3011877.5,3012005.16,1110312.96,1115364.21,data/raw/train/b85f7b06__horizontal_well.csv,
train,b881d27e,native_overlap_1_cluster_0001,native_overlap_1_cluster_0001,71,True,5442,2904706.35,1028254.51,2907949.92,1024427.04,2906108.8,1026422.44,2906147.058557519,1026430.7445865455,2904705.67,2907949.92,1024427.04,1028254.95,data/raw/train/b881d27e__horizontal_well.csv,
train,b8c49c1a,native_overlap_1_cluster_0017,native_overlap_1_cluster_0017,19,True,6254,2942923.3,1065642.83,2946629.95,1061429.46,2944568.59,1063775.21,2944590.9646738097,1063745.4611864414,2942923.3,2946629.95,1061429.46,1065643.03,data/raw/train/b8c49c1a__horizontal_well.csv,
train,b95e7121,native_overlap_1_cluster_0002,native_overlap_1_cluster_0002,53,True,7492,2998196.76,1115812.89,3000287.3,1108889.52,2999202.48,1112464.78,2999200.67372665,1112457.5056793909,2998196.76,3000287.3,1108889.52,1115812.89,data/raw/train/b95e7121__horizontal_well.csv,
train,b977be4a,native_overlap_1_cluster_0002,native_overlap_1_cluster_0002,53,True,7495,2995286.45,1114620.83,2997850.03,1107964.68,2996525.9,1111459.33,2996512.252613748,1111442.9260680433,2995286.17,2997850.03,1107964.68,1114620.83,data/raw/train/b977be4a__horizontal_well.csv,
train,ba48188d,native_overlap_1_cluster_0003,native_overlap_1_cluster_0003,41,True,5534,3011773.22,1085258.47,3008537.95,1089425.97,3010220.07,1087238.05,3010220.3931658794,1087248.0290404765,3008537.95,3011773.22,1085258.47,1089425.97,data/raw/train/ba48188d__horizontal_well.csv,
train,bb2cdd83,native_overlap_1_cluster_0001,native_overlap_1_cluster_0001,71,True,5665,2906533.83,1036828.64,2903217.38,1040651.79,2905078.5,1038521.86,2905044.745440421,1038540.0108596626,2903217.38,2906533.83,1036828.64,1040651.79,data/raw/train/bb2cdd83__horizontal_well.csv,
train,bb337fa0,native_overlap_1_cluster_0012,native_overlap_1_cluster_0012,25,True,8216,2990930.67,1101589.86,2986399.14,1108077.11,2988752.89,1104721.58,2988748.7168768197,1104726.6267636262,2986399.14,2990930.67,1101589.86,1108077.11,data/raw/train/bb337fa0__horizontal_well.csv,
train,bb682ebd,native_overlap_1_cluster_0009,native_overlap_1_cluster_0009,28,True,5931,3008211.46,1128706.3,3006897.26,1133925.31,3007627.03,1131058.57,3007623.5738509498,1131087.1348018898,3006897.26,3008211.46,1128706.3,1133925.31,data/raw/train/bb682ebd__horizontal_well.csv,
train,bc4381e2,native_overlap_1_cluster_0029,native_overlap_1_cluster_0029,10,True,6885,2985189.94,1056029.55,2984255.24,1062192.37,2984282.78,1058759.86,2984514.1867509075,1058828.1454538787,2984195.37,2985189.94,1056029.55,1062192.37,data/raw/train/bc4381e2__horizontal_well.csv,
train,bcebcc5f,native_overlap_1_cluster_0021,native_overlap_1_cluster_0021,15,True,7889,2958137.26,1081095.68,2962818.8,1075402.06,2960242.64,1078380.44,2960256.1445544534,1078366.2515350473,2958132.82,2962818.8,1075402.06,1081100.57,data/raw/train/bcebcc5f__horizontal_well.csv,
train,bd2c2f34,native_overlap_1_cluster_0036,native_overlap_1_cluster_0036,7,True,11621,2875883.59,1025817.56,2868528.35,1034255.43,2872359.26,1029896.16,2872337.9157129284,1029889.6170166044,2868528.35,2875883.59,1025817.56,1034255.43,data/raw/train/bd2c2f34__horizontal_well.csv,
train,bd4ae5da,native_overlap_1_cluster_0007,native_overlap_1_cluster_0007,30,True,6905,3008143.3,1110322.07,3008426.03,1116568.74,3008219.5,1113130.14,3008229.481892823,1113162.3839406231,3008097.12,3008426.03,1110320.36,1116568.74,data/raw/train/bd4ae5da__horizontal_well.csv,
train,bd6f0e19,native_overlap_1_cluster_0002,native_overlap_1_cluster_0002,53,True,6979,3005988.13,1123257.02,3005655.06,1116810.09,3005767.93,1120293.27,3005794.1873678276,1120269.0667688777,3005655.06,3005988.31,1116810.09,1123257.02,data/raw/train/bd6f0e19__horizontal_well.csv,
train,bd8f847e,native_overlap_1_cluster_0018,native_overlap_1_cluster_0018,17,True,6161,2945500.29,1015016.99,2946938.13,1009323.87,2946177.82,1012303.46,2946182.7501071235,1012294.3048206466,2945500.22,2946938.13,1009323.87,1015016.99,data/raw/train/bd8f847e__horizontal_well.csv,
train,be063506,native_overlap_1_cluster_0007,native_overlap_1_cluster_0007,30,True,6539,3002574.61,1103023.95,3000338.1,1108613.09,3001541.67,1105578.65,3001539.9379614694,1105608.1296650846,3000338.1,3002574.61,1103023.95,1108613.09,data/raw/train/be063506__horizontal_well.csv,
train,be35c8f2,native_overlap_1_cluster_0026,native_overlap_1_cluster_0026,13,True,5898,3015687.26,1094777.64,3013677.97,1099783.4,3014746.25,1097040.28,3014751.0221600435,1097067.9403950495,3013677.97,3015687.26,1094777.36,1099783.4,data/raw/train/be35c8f2__horizontal_well.csv,
train,be83e781,native_overlap_1_cluster_0001,native_overlap_1_cluster_0001,71,True,4776,2904004.6,1027076.66,2907061.93,1023842.75,2905468.49,1025614.29,2905449.3850523485,1025575.7214845058,2904004.6,2907061.93,1023842.75,1027076.66,data/raw/train/be83e781__horizontal_well.csv,
train,beda8696,native_overlap_1_cluster_0006,native_overlap_1_cluster_0006,31,True,7868,2887466.85,1022977.62,2882424.37,1028291.53,2885128.49,1025439.81,2885107.721099379,1025448.2102974107,2882424.37,2887466.85,1022977.62,1028291.53,data/raw/train/beda8696__horizontal_well.csv,
train,bf39bc20,native_overlap_1_cluster_0005,native_overlap_1_cluster_0005,31,True,5047,2912731.02,1041687.95,2915607.41,1038189.96,2914007.26,1040137.73,2914027.1680364544,1040115.7008777527,2912730.48,2915607.41,1038189.96,1041687.95,data/raw/train/bf39bc20__horizontal_well.csv,
train,bf70b410,native_overlap_1_cluster_0006,native_overlap_1_cluster_0006,31,True,8000,2886676.03,1022118.91,2881601.93,1027639.54,2884335.51,1024724.6,2884312.636417512,1024728.2936249988,2881601.93,2886676.07,1022118.91,1027639.54,data/raw/train/bf70b410__horizontal_well.csv,
train,bffe3082,native_overlap_1_cluster_0007,native_overlap_1_cluster_0007,30,True,7186,2994466.81,1100550.88,2996820.48,1094278.0,2995457.7,1097595.43,2995492.612657938,1097590.9118563912,2994462.76,2996820.48,1094278.0,1100550.88,data/raw/train/bffe3082__horizontal_well.csv,
train,c03b9305,native_overlap_1_cluster_0017,native_overlap_1_cluster_0017,19,True,6067,2939132.89,1069898.73,2935664.12,1073950.69,2937799.31,1071812.03,2937693.073743202,1071780.8364727243,2935664.12,2939132.89,1069898.02,1073950.69,data/raw/train/c03b9305__horizontal_well.csv,
train,c03d4aed,native_overlap_1_cluster_0018,native_overlap_1_cluster_0018,17,True,6375,2947010.73,1015005.78,2948441.74,1009327.69,2947669.3,1012416.9,2947675.1041443152,1012392.5002698046,2947010.73,2948441.74,1009327.69,1015006.03,data/raw/train/c03d4aed__horizontal_well.csv,
train,c03fba65,native_overlap_1_cluster_0024,native_overlap_1_cluster_0024,13,True,5669,2962754.5,1092299.53,2957746.04,1092617.71,2960569.6,1092433.24,2960527.729267946,1092442.82340095,2957746.04,2962754.72,1092299.53,1092617.71,data/raw/train/c03fba65__horizontal_well.csv,
train,c07fd0cd,native_overlap_1_cluster_0032,native_overlap_1_cluster_0032,8,True,6035,3021391.98,1087296.89,3024786.76,1082952.76,3022943.78,1085336.51,3022952.3949014107,1085308.5833753105,3021391.65,3024786.76,1082952.76,1087301.83,data/raw/train/c07fd0cd__horizontal_well.csv,
train,c1708b88,native_overlap_1_cluster_0038,native_overlap_1_cluster_0038,3,True,7960,2980173.03,1085899.9,2984338.75,1079843.89,2981741.5,1082845.59,2981930.383162062,1082950.8235741195,2980172.61,2984338.75,1079843.89,1085899.9,data/raw/train/c1708b88__horizontal_well.csv,
train,c1d046f4,native_overlap_1_cluster_0002,native_overlap_1_cluster_0002,53,True,6917,3002662.01,1116640.31,3002669.15,1109941.45,3002701.3,1113393.68,3002682.21960243,1113386.6137342711,3002658.45,3002705.6,1109941.45,1116640.31,data/raw/train/c1d046f4__horizontal_well.csv,
train,c2717d4f,native_overlap_1_cluster_0002,native_overlap_1_cluster_0002,53,True,6682,3005777.26,1110384.44,3006157.57,1116429.07,3005945.38,1113099.9,3005943.1181323123,1113133.6461733007,3005776.18,3006157.57,1110384.44,1116429.07,data/raw/train/c2717d4f__horizontal_well.csv,
train,c2c4db09,native_overlap_1_cluster_0002,native_overlap_1_cluster_0002,53,True,7851,2995539.8,1115168.82,2998194.85,1108198.42,2996807.33,1111860.36,2996809.460280216,1111845.4674958584,2995539.8,2998194.85,1108198.42,1115168.82,data/raw/train/c2c4db09__horizontal_well.csv,
train,c2c6fc71,native_overlap_1_cluster_0003,native_overlap_1_cluster_0003,41,True,8840,3003952.04,1090038.77,3009851.18,1084102.25,3006742.02,1087237.44,3006754.1174457083,1087227.551579186,3003952.03,3009851.18,1084102.25,1090038.77,data/raw/train/c2c6fc71__horizontal_well.csv,
train,c36625df,native_overlap_1_cluster_0007,native_overlap_1_cluster_0007,30,True,6386,3007308.96,1110514.58,3007754.52,1116348.97,3007503.05,1113175.45,3007516.2116066352,1113198.8567178196,3007307.77,3007754.52,1110513.26,1116348.97,data/raw/train/c36625df__horizontal_well.csv,
train,c3957531,native_overlap_1_cluster_0032,native_overlap_1_cluster_0032,8,True,7254,3020875.58,1087131.53,3018515.67,1093343.05,3019822.22,1089965.49,3019803.5901902355,1089991.1415660318,3018515.67,3020875.58,1087131.53,1093343.05,data/raw/train/c3957531__horizontal_well.csv,
train,c42fe306,native_overlap_1_cluster_0027,native_overlap_1_cluster_0027,11,True,7023,2899804.94,1024728.83,2895526.78,1029655.11,2897793.26,1026980.06,2897790.850686315,1027005.884926669,2895526.78,2899804.94,1024728.37,1029655.11,data/raw/train/c42fe306__horizontal_well.csv,
train,c43812e2,native_overlap_1_cluster_0037,native_overlap_1_cluster_0037,6,True,7293,2984265.98,1052928.94,2982358.8,1059350.83,2983127.9,1055798.84,2983250.3679637928,1055861.3093610327,2982358.8,2984265.98,1052928.86,1059350.83,data/raw/train/c43812e2__horizontal_well.csv,
train,c472c0b5,native_overlap_1_cluster_0023,native_overlap_1_cluster_0023,13,True,4867,2998697.44,1128190.87,2995527.79,1131104.41,2997314.5,1129459.88,2997286.375940007,1129484.6787404986,2995527.79,2998697.44,1128190.87,1131104.41,data/raw/train/c472c0b5__horizontal_well.csv,
train,c47e0767,native_overlap_1_cluster_0003,native_overlap_1_cluster_0003,41,True,6099,3009797.46,1092491.27,3006574.04,1097072.3,3008322.08,1094576.47,3008310.4426463326,1094596.9145909115,3006574.04,3009797.46,1092485.86,1097072.3,data/raw/train/c47e0767__horizontal_well.csv,
train,c50b42f6,native_overlap_1_cluster_0006,native_overlap_1_cluster_0006,31,True,7920,2889674.09,1026152.49,2894659.32,1020848.42,2891855.44,1023636.98,2891883.044752529,1023621.95642803,2889614.37,2894659.32,1020848.42,1026152.49,data/raw/train/c50b42f6__horizontal_well.csv,
train,c593337f,native_overlap_1_cluster_0028,native_overlap_1_cluster_0028,11,True,7118,2996242.72,1070656.22,2993832.82,1076891.92,2995086.5,1073596.49,2995097.7098777695,1073610.4176706928,2993832.82,2996242.72,1070656.22,1076891.92,data/raw/train/c593337f__horizontal_well.csv,
train,c59b6c4a,native_overlap_1_cluster_0006,native_overlap_1_cluster_0006,31,True,7460,2888026.24,1024194.07,2883249.24,1029087.3,2885822.3,1026392.6,2885802.4180147317,1026414.382012066,2883249.24,2888026.24,1024181.25,1029087.3,data/raw/train/c59b6c4a__horizontal_well.csv,
train,c66be2b8,native_overlap_1_cluster_0002,native_overlap_1_cluster_0002,53,True,6207,2996440.46,1114990.17,2994705.88,1120212.17,2995703.18,1117281.61,2995672.465005642,1117317.7483309205,2994705.88,2996440.83,1114990.17,1120212.17,data/raw/train/c66be2b8__horizontal_well.csv,
train,c6797dd7,native_overlap_1_cluster_0004,native_overlap_1_cluster_0004,38,True,6281,3008578.74,1104324.02,3011488.06,1099605.2,3009795.16,1102244.02,3009839.5838178582,1102212.8577153285,3008578.74,3011488.06,1099605.2,1104324.02,data/raw/train/c6797dd7__horizontal_well.csv,
train,c6b782a4,native_overlap_1_cluster_0019,native_overlap_1_cluster_0019,16,True,6675,2936040.95,1055431.36,2931926.78,1059881.11,2934193.42,1057441.76,2934175.8942187233,1057469.1980030006,2931926.78,2936040.95,1055431.36,1059881.11,data/raw/train/c6b782a4__horizontal_well.csv,
train,c6c96179,native_overlap_1_cluster_0001,native_overlap_1_cluster_0001,71,True,5813,2908628.58,1039075.61,2912193.71,1035263.05,2910245.17,1037415.5,2910255.259499391,1037378.7438104247,2908628.58,2912193.71,1035263.05,1039081.7,data/raw/train/c6c96179__horizontal_well.csv,
train,c70c0e01,native_overlap_1_cluster_0010,native_overlap_1_cluster_0010,27,True,6057,3001885.79,1072502.8,3005193.72,1068007.2,3003403.0,1070443.16,3003408.7011853983,1070418.8998167415,3001885.79,3005193.72,1068007.2,1072502.8,data/raw/train/c70c0e01__horizontal_well.csv,
train,c84c65be,native_overlap_1_cluster_0031,native_overlap_1_cluster_0031,8,True,10243,2876946.18,1042445.49,2870789.1,1050017.61,2874006.0,1046043.03,2873996.6872947407,1046052.9207322118,2870789.1,2876950.43,1042445.49,1050017.61,data/raw/train/c84c65be__horizontal_well.csv,
train,c8d9680c,native_overlap_1_cluster_0002,native_overlap_1_cluster_0002,53,True,7741,2995902.05,1114627.68,2993338.6,1121603.26,2994674.06,1117977.17,2994668.7317878646,1117983.6105981118,2993338.6,2995902.05,1114627.68,1121603.26,data/raw/train/c8d9680c__horizontal_well.csv,
train,c908edd0,native_overlap_1_cluster_0002,native_overlap_1_cluster_0002,53,True,6751,3008260.02,1116493.85,3008290.79,1122942.59,3008274.81,1119570.3,3008273.979949642,1119579.413677972,3008256.33,3008290.79,1116493.85,1122942.59,data/raw/train/c908edd0__horizontal_well.csv,
train,c9578d27,native_overlap_1_cluster_0001,native_overlap_1_cluster_0001,71,True,6202,2906480.72,1031486.06,2902675.37,1035881.97,2904704.69,1033545.14,2904702.1574653336,1033562.7060867466,2902675.37,2906480.72,1031485.99,1035881.97,data/raw/train/c9578d27__horizontal_well.csv,
train,c96c018a,native_overlap_1_cluster_0002,native_overlap_1_cluster_0002,53,True,7679,3002283.37,1116872.69,3002331.63,1109632.39,3002305.25,1113465.17,3002301.2046334124,1113450.6134483807,3002203.31,3002331.81,1109632.39,1116872.69,data/raw/train/c96c018a__horizontal_well.csv,
train,c99f9fae,native_overlap_1_cluster_0013,native_overlap_1_cluster_0013,22,True,8394,3017075.21,1114148.86,3022065.19,1108289.16,3019368.58,1111492.65,3019381.143376225,1111458.1764605595,3017075.21,3022065.19,1108289.16,1114148.86,data/raw/train/c99f9fae__horizontal_well.csv,
train,c9e6734f,native_overlap_1_cluster_0019,native_overlap_1_cluster_0019,16,True,6388,2940234.21,1058877.0,2944290.83,1054344.24,2942133.5,1056692.51,2942162.8572683088,1056701.8320929874,2940234.21,2944290.83,1054344.24,1058877.0,data/raw/train/c9e6734f__horizontal_well.csv,
train,c9e980e8,native_overlap_1_cluster_0002,native_overlap_1_cluster_0002,53,True,6262,3008125.42,1116617.17,3007767.65,1111007.79,3007974.78,1114127.29,3007975.363749597,1114090.1470951764,3007767.57,3008137.85,1111007.79,1116617.17,data/raw/train/c9e980e8__horizontal_well.csv,
train,c9fedcf3,native_overlap_1_cluster_0028,native_overlap_1_cluster_0028,11,True,5210,2989999.92,1070871.96,2990181.92,1066168.88,2990133.24,1068770.1,2990104.997869485,1068742.1819443305,2989999.92,2990181.92,1066168.88,1070871.96,data/raw/train/c9fedcf3__horizontal_well.csv,
train,cad13e8f,native_overlap_1_cluster_0035,native_overlap_1_cluster_0035,7,True,6866,3033897.27,1095520.1,3038325.77,1091230.13,3035885.84,1093637.23,3035899.804360623,1093594.243207109,3033896.75,3038325.77,1091230.13,1095520.51,data/raw/train/cad13e8f__horizontal_well.csv,
train,cb34231f,native_overlap_1_cluster_0035,native_overlap_1_cluster_0035,7,True,7510,3034141.18,1095757.16,3039091.23,1091002.95,3036387.56,1093599.85,3036410.50739947,1093580.2538255695,3034137.36,3039091.23,1091002.95,1095758.59,data/raw/train/cb34231f__horizontal_well.csv,
train,cb879f40,native_overlap_1_cluster_0008,native_overlap_1_cluster_0008,28,True,7904,2995922.42,1114384.03,2993189.47,1121479.12,2994538.81,1117770.26,2994559.683758861,1117788.6345091122,2993189.47,2995922.42,1114384.03,1121479.12,data/raw/train/cb879f40__horizontal_well.csv,
train,cbb406b5,native_overlap_1_cluster_0002,native_overlap_1_cluster_0002,53,True,8135,3005755.68,1122272.02,3005939.9,1129787.55,3005828.76,1125728.46,3005845.0471137087,1125754.0964376132,3005752.23,3005951.16,1122272.02,1129787.55,data/raw/train/cbb406b5__horizontal_well.csv,
train,cbe51de1,native_overlap_1_cluster_0013,native_overlap_1_cluster_0013,22,True,5362,3012322.92,1115649.69,3012771.01,1110619.34,3012530.59,1113284.1,3012527.658358829,1113269.942040284,3012314.35,3012771.01,1110619.34,1115649.69,data/raw/train/cbe51de1__horizontal_well.csv,
train,cbe62450,native_overlap_1_cluster_0008,native_overlap_1_cluster_0008,28,True,7858,2996079.6,1114535.34,2993567.78,1121626.17,2994871.27,1117926.76,2994885.8164189397,1117942.223962839,2993567.78,2996079.6,1114535.34,1121626.17,data/raw/train/cbe62450__horizontal_well.csv,
train,cc08aa63,native_overlap_1_cluster_0005,native_overlap_1_cluster_0005,31,True,5018,2912816.02,1041323.75,2910105.91,1044893.75,2911699.07,1042960.62,2911656.6994539676,1042968.7224432023,2910105.91,2912816.02,1041323.72,1044893.75,data/raw/train/cc08aa63__horizontal_well.csv,
train,cc8a1d57,native_overlap_1_cluster_0014,native_overlap_1_cluster_0014,22,True,8321,2926099.08,1016073.17,2921491.65,1022500.6,2923893.28,1019107.64,2923906.269579386,1019133.9264655691,2921491.65,2926099.08,1016073.13,1022500.6,data/raw/train/cc8a1d57__horizontal_well.csv,
train,ccedb12b,native_overlap_1_cluster_0025,native_overlap_1_cluster_0025,13,True,6427,3023310.27,1082241.64,3019931.54,1087038.56,3021760.64,1084402.75,3021764.2073595757,1084437.8634510636,3019931.54,3023310.28,1082241.64,1087038.56,data/raw/train/ccedb12b__horizontal_well.csv,
train,cd7f1687,native_overlap_1_cluster_0015,native_overlap_1_cluster_0015,20,True,5981,2989736.6,1089119.71,2987603.1,1094148.77,2988761.64,1091395.06,2988756.688978434,1091421.878884802,2987603.1,2989736.96,1089119.71,1094148.77,data/raw/train/cd7f1687__horizontal_well.csv,
train,cda7eb37,native_overlap_1_cluster_0014,native_overlap_1_cluster_0014,22,True,7620,2924044.18,1016020.3,2919781.81,1021795.52,2922054.81,1018743.84,2922042.300733597,1018752.1050301826,2919781.81,2924044.18,1016020.3,1021795.52,data/raw/train/cda7eb37__horizontal_well.csv,
train,cdc31d65,native_overlap_1_cluster_0003,native_overlap_1_cluster_0003,41,True,6608,3007511.33,1091424.51,3011474.02,1086912.36,3009316.7,1089407.67,3009325.257148919,1089375.285938255,3007511.33,3011474.02,1086912.36,1091425.07,data/raw/train/cdc31d65__horizontal_well.csv,
train,cdc60a53,native_overlap_1_cluster_0001,native_overlap_1_cluster_0001,71,True,7631,2907832.98,1034740.78,2903214.42,1040162.64,2905678.35,1037256.55,2905664.0625632238,1037269.270716812,2903214.42,2907832.98,1034740.78,1040162.64,data/raw/train/cdc60a53__horizontal_well.csv,
train,ce55ba43,native_overlap_1_cluster_0012,native_overlap_1_cluster_0012,25,True,5658,2991454.28,1101777.8,2988705.33,1106430.0,2990160.77,1104010.35,2990145.1050936696,1104011.641546483,2988705.33,2991454.28,1101777.8,1106430.0,data/raw/train/ce55ba43__horizontal_well.csv,
train,ce8399b7,native_overlap_1_cluster_0019,native_overlap_1_cluster_0019,16,True,3548,2936969.6,1063164.07,2938946.19,1060994.5,2937760.76,1062308.91,2937803.017948155,1062260.247192788,2936969.54,2938946.19,1060994.5,1063164.07,data/raw/train/ce8399b7__horizontal_well.csv,
train,cf50c9d1,native_overlap_1_cluster_0019,native_overlap_1_cluster_0019,16,True,6634,2935252.21,1054732.27,2931139.92,1059200.86,2933401.74,1056783.34,2933372.554574908,1056792.722772082,2931139.92,2935252.21,1054732.27,1059200.86,data/raw/train/cf50c9d1__horizontal_well.csv,
train,d00e7eb9,native_overlap_1_cluster_0041,native_overlap_1_cluster_0041,2,True,7321,2890134.96,1034489.59,2894567.81,1029360.26,2892126.3,1032079.16,2892150.317682017,1032070.2276642534,2890122.21,2894567.81,1029360.26,1034493.97,data/raw/train/d00e7eb9__horizontal_well.csv,
train,d011f41b,native_overlap_1_cluster_0020,native_overlap_1_cluster_0020,15,True,3906,2971708.26,1096142.24,2974139.41,1093546.86,2972881.91,1095033.71,2972860.4947388615,1094984.705819252,2971708.16,2974139.41,1093546.86,1096142.24,data/raw/train/d011f41b__horizontal_well.csv,
train,d07aed8f,native_overlap_1_cluster_0026,native_overlap_1_cluster_0026,13,True,4709,3022326.65,1094672.94,3023822.86,1090749.41,3022961.28,1092939.35,3022989.7445827145,1092913.122153323,3022325.51,3023822.86,1090749.41,1094672.94,data/raw/train/d07aed8f__horizontal_well.csv,
train,d085e611,native_overlap_1_cluster_0008,native_overlap_1_cluster_0008,28,True,7852,2994436.83,1122149.3,2996952.54,1115223.25,2995636.98,1118915.44,2995635.4867779007,1118897.670503054,2994436.62,2996952.54,1115223.25,1122149.3,data/raw/train/d085e611__horizontal_well.csv,
train,d0a0e7b5,native_overlap_1_cluster_0008,native_overlap_1_cluster_0008,28,True,5423,2990783.75,1114906.27,2990488.32,1120036.82,2990647.93,1117336.39,2990658.6975751347,1117347.1358381002,2990488.32,2990793.32,1114906.27,1120036.82,data/raw/train/d0a0e7b5__horizontal_well.csv,
train,d0a43760,native_overlap_1_cluster_0019,native_overlap_1_cluster_0019,16,True,5502,2941582.8,1059945.11,2945169.93,1056103.01,2943241.36,1058046.32,2943259.423747727,1058049.6125608864,2941582.8,2945169.93,1056103.01,1059945.11,data/raw/train/d0a43760__horizontal_well.csv,
train,d0cb63ae,native_overlap_1_cluster_0009,native_overlap_1_cluster_0009,28,True,6859,3008215.86,1136150.55,3003844.12,1140648.37,3006228.47,1138199.26,3006211.6142819617,1138219.9880973909,3003844.12,3008215.86,1136150.55,1140648.37,data/raw/train/d0cb63ae__horizontal_well.csv,
train,d114d9c2,native_overlap_1_cluster_0006,native_overlap_1_cluster_0006,31,True,7543,2884921.9,1020932.05,2880037.83,1026360.75,2882548.0,1023551.73,2882555.709282798,1023566.8614490244,2880037.83,2884921.9,1020932.05,1026360.75,data/raw/train/d114d9c2__horizontal_well.csv,
train,d1457cc5,native_overlap_1_cluster_0036,native_overlap_1_cluster_0036,7,True,8443,2870202.99,1025156.19,2864994.13,1030918.69,2867811.51,1027780.23,2867790.620279526,1027803.0477448788,2864994.13,2870202.99,1025149.71,1030918.69,data/raw/train/d1457cc5__horizontal_well.csv,
train,d1ecf309,native_overlap_1_cluster_0009,native_overlap_1_cluster_0009,28,True,7864,3004882.5,1122664.69,3005091.95,1129858.09,3004977.15,1125936.62,3005003.2724211602,1125965.0265615478,3004882.5,3005124.21,1122664.69,1129858.09,data/raw/train/d1ecf309__horizontal_well.csv,
train,d1ee630d,native_overlap_1_cluster_0002,native_overlap_1_cluster_0002,53,True,7879,2994538.54,1114710.1,2997140.72,1107752.04,2995761.42,1111433.17,2995747.0193425524,1111411.9877319492,2994516.19,2997140.72,1107752.04,1114710.1,data/raw/train/d1ee630d__horizontal_well.csv,
train,d217e0c5,native_overlap_1_cluster_0012,native_overlap_1_cluster_0012,25,True,5713,2992514.89,1095722.65,2994418.09,1090835.5,2993406.05,1093501.48,2993396.6479590433,1093468.1837510916,2992514.89,2994418.09,1090835.5,1095722.65,data/raw/train/d217e0c5__horizontal_well.csv,
train,d24ff243,native_overlap_1_cluster_0001,native_overlap_1_cluster_0001,71,True,7116,2899718.79,1025651.9,2904279.25,1020669.53,2901878.91,1023291.56,2901890.824269243,1023285.9849718937,2899718.79,2904279.25,1020669.53,1025652.24,data/raw/train/d24ff243__horizontal_well.csv,
train,d273674e,native_overlap_1_cluster_0004,native_overlap_1_cluster_0004,38,True,5738,3013722.72,1100070.21,3011767.85,1104780.82,3012884.63,1102141.28,3012862.276840361,1102174.5546375026,3011767.85,3013722.72,1100070.21,1104780.82,data/raw/train/d273674e__horizontal_well.csv,
train,d2f3b1ab,native_overlap_1_cluster_0001,native_overlap_1_cluster_0001,71,True,7018,2906135.93,1032189.28,2910633.09,1027177.14,2908296.43,1029788.71,2908302.449702203,1029783.5476289559,2906135.93,2910633.09,1027177.14,1032189.28,data/raw/train/d2f3b1ab__horizontal_well.csv,
train,d3df146b,native_overlap_1_cluster_0013,native_overlap_1_cluster_0013,22,True,7252,3027321.65,1121801.03,3027334.62,1115021.97,3027320.84,1118641.77,3027324.279189195,1118625.5320546033,3027304.01,3027348.86,1115021.97,1121802.08,data/raw/train/d3df146b__horizontal_well.csv,
train,d40f61d5,native_overlap_1_cluster_0001,native_overlap_1_cluster_0001,71,True,5880,2909166.73,1039885.24,2912802.39,1035967.18,2910790.87,1038106.01,2910822.332171768,1038098.2258163303,2909166.73,2912802.39,1035967.18,1039886.66,data/raw/train/d40f61d5__horizontal_well.csv,
train,d41beaf2,native_overlap_1_cluster_0019,native_overlap_1_cluster_0019,16,True,6592,2935527.61,1054977.94,2931398.01,1059448.6,2933622.61,1057024.77,2933614.264946907,1057046.9791277284,2931398.01,2935527.61,1054977.94,1059448.6,data/raw/train/d41beaf2__horizontal_well.csv,
train,d463e527,native_overlap_1_cluster_0013,native_overlap_1_cluster_0013,22,True,6991,3024630.71,1108620.89,3024713.99,1114879.48,3024650.84,1111389.95,3024670.185977682,1111433.2271792297,3024630.71,3024713.99,1108616.44,1114879.48,data/raw/train/d463e527__horizontal_well.csv,
train,d4f60a28,native_overlap_1_cluster_0032,native_overlap_1_cluster_0032,8,True,6435,3020945.84,1087378.07,3024448.65,1082813.14,3022485.78,1085358.01,3022518.6405097162,1085331.9722548597,3020945.84,3024448.65,1082813.14,1087378.88,data/raw/train/d4f60a28__horizontal_well.csv,
train,d50c649a,native_overlap_1_cluster_0007,native_overlap_1_cluster_0007,30,True,6548,3006123.94,1104479.99,3003950.74,1110204.53,3005125.13,1107154.86,3005107.3319273163,1107165.452292304,3003950.74,3006124.19,1104479.99,1110204.53,data/raw/train/d50c649a__horizontal_well.csv,
train,d543916f,native_overlap_1_cluster_0008,native_overlap_1_cluster_0008,28,True,6281,2991722.49,1120073.61,2993226.14,1114342.2,2992555.8,1117405.7,2992534.930864509,1117385.9648750194,2991722.46,2993226.14,1114342.2,1120073.87,data/raw/train/d543916f__horizontal_well.csv,
train,d5df0ff5,native_overlap_1_cluster_0016,native_overlap_1_cluster_0016,19,True,5490,3017763.8,1114635.68,3015348.91,1119356.78,3016679.93,1116961.35,3016662.2622841527,1116960.6593515493,3015348.91,3017768.04,1114635.68,1119356.78,data/raw/train/d5df0ff5__horizontal_well.csv,
train,d60430e6,native_overlap_1_cluster_0053,native_overlap_1_cluster_0053,1,False,4176,2993713.9,1114181.18,2992715.7,1117793.96,2993378.3,1115818.89,2993324.156039275,1115832.2554741367,2992715.7,2993713.9,1114181.18,1117793.96,data/raw/train/d60430e6__horizontal_well.csv,
train,d63196fe,native_overlap_1_cluster_0014,native_overlap_1_cluster_0014,22,True,5881,2926234.68,1019293.66,2923136.34,1023920.37,2924787.75,1021490.86,2924789.4372912715,1021506.8347798001,2923136.34,2926234.68,1019293.66,1023920.37,data/raw/train/d63196fe__horizontal_well.csv,
train,d6c320d9,native_overlap_1_cluster_0001,native_overlap_1_cluster_0001,71,True,6946,2907215.88,1033113.57,2911689.11,1028256.25,2909339.24,1030805.85,2909343.6423725975,1030796.5374143382,2907215.42,2911689.11,1028256.25,1033113.57,data/raw/train/d6c320d9__horizontal_well.csv,
train,d6dd7330,native_overlap_1_cluster_0004,native_overlap_1_cluster_0004,38,True,7660,3007633.61,1097436.55,3005051.59,1104313.54,3006375.56,1100724.6,3006381.750776762,1100736.038198436,3005051.59,3007633.61,1097436.45,1104313.54,data/raw/train/d6dd7330__horizontal_well.csv,
train,d7ba4f9d,native_overlap_1_cluster_0010,native_overlap_1_cluster_0010,27,True,7771,3005385.46,1072627.25,3009627.94,1066683.8,3007367.76,1069839.0,3007372.3957573087,1069822.0618504686,3005375.59,3009627.94,1066683.8,1072627.25,data/raw/train/d7ba4f9d__horizontal_well.csv,
train,d7eb0be8,native_overlap_1_cluster_0034,native_overlap_1_cluster_0034,7,True,7208,3036837.73,1088840.22,3031832.9,1093407.09,3034438.79,1090920.3,3034436.7911223723,1090945.8211459524,3031832.9,3036837.73,1088840.22,1093407.09,data/raw/train/d7eb0be8__horizontal_well.csv,
train,d84b621b,native_overlap_1_cluster_0001,native_overlap_1_cluster_0001,71,True,5746,2904535.56,1027708.05,2901124.54,1031649.92,2903010.62,1029493.03,2902996.4421092896,1029517.140569086,2901124.54,2904535.56,1027708.05,1031649.92,data/raw/train/d84b621b__horizontal_well.csv,
train,d90aa14c,native_overlap_1_cluster_0041,native_overlap_1_cluster_0041,2,True,12141,2890466.31,1033682.92,2882925.75,1042451.79,2886883.16,1037862.35,2886886.2704159524,1037884.6721579826,2882925.75,2890466.31,1033681.91,1042451.79,data/raw/train/d90aa14c__horizontal_well.csv,
train,d924e971,native_overlap_1_cluster_0004,native_overlap_1_cluster_0004,38,True,5308,3007274.18,1105424.14,3005718.57,1109799.33,3006572.07,1107290.93,3006569.4537358717,1107341.2923021854,3005718.57,3007274.18,1105424.14,1109799.33,data/raw/train/d924e971__horizontal_well.csv,
train,d9ae59b2,native_overlap_1_cluster_0009,native_overlap_1_cluster_0009,28,True,5150,3010597.07,1123346.65,3013532.12,1119706.29,3011915.83,1121705.53,3011931.2943669874,1121688.898106799,3010593.8,3013532.12,1119706.29,1123346.65,data/raw/train/d9ae59b2__horizontal_well.csv,
train,d9d6d94d,native_overlap_1_cluster_0025,native_overlap_1_cluster_0025,13,True,6660,3021711.54,1081369.25,3018723.96,1086712.8,3020535.25,1083922.93,3020460.7763243187,1083907.3737267249,3018723.96,3021711.54,1081368.17,1086712.8,data/raw/train/d9d6d94d__horizontal_well.csv,
train,d9eca87b,native_overlap_1_cluster_0006,native_overlap_1_cluster_0006,31,True,7932,2887109.11,1022510.66,2882032.56,1027943.74,2884748.04,1025060.35,2884733.7628693907,1025071.1723663638,2882032.56,2887109.11,1022510.66,1027943.74,data/raw/train/d9eca87b__horizontal_well.csv,
train,da2d4d7c,native_overlap_1_cluster_0003,native_overlap_1_cluster_0003,41,True,3567,2999292.44,1089711.34,3000722.2,1086717.99,2999975.08,1088333.75,2999963.8083936176,1088312.2127782472,2999292.44,3000722.2,1086717.99,1089711.34,data/raw/train/da2d4d7c__horizontal_well.csv,
train,da3bfe4e,native_overlap_1_cluster_0006,native_overlap_1_cluster_0006,31,True,7107,2888923.34,1024774.5,2893746.15,1019975.97,2891232.9,1022476.68,2891229.0962839434,1022461.9041128473,2888923.34,2893746.15,1019975.97,1024774.5,data/raw/train/da3bfe4e__horizontal_well.csv,
train,da3cf798,native_overlap_1_cluster_0017,native_overlap_1_cluster_0017,19,True,7591,2935561.87,1064448.35,2930993.35,1069816.01,2933481.06,1066959.14,2933466.28322487,1066974.6013423805,2930993.35,2935561.88,1064447.65,1069816.01,data/raw/train/da3cf798__horizontal_well.csv,
train,da940160,native_overlap_1_cluster_0002,native_overlap_1_cluster_0002,53,True,6792,3006996.2,1116392.68,3007160.65,1122629.44,3007076.16,1119240.74,3007070.9373645433,1119266.2729078312,3006995.33,3007160.65,1116392.68,1122629.44,data/raw/train/da940160__horizontal_well.csv,
train,dafc88c3,native_overlap_1_cluster_0001,native_overlap_1_cluster_0001,71,True,7187,2898374.34,1024545.48,2903034.31,1019400.48,2900636.76,1022072.2,2900635.5373299,1022061.9299471264,2898374.34,2903034.31,1019400.48,1024545.48,data/raw/train/dafc88c3__horizontal_well.csv,
train,dbee6c86,native_overlap_1_cluster_0010,native_overlap_1_cluster_0010,27,True,9114,3009822.78,1074484.65,3006402.0,1082397.87,3008234.75,1078231.48,3008206.766186089,1078236.249798113,3006402.0,3009822.78,1074484.65,1082397.87,data/raw/train/dbee6c86__horizontal_well.csv,
train,dc5fbe29,native_overlap_1_cluster_0014,native_overlap_1_cluster_0014,22,True,6555,2922389.41,1023201.15,2925927.29,1018222.26,2924035.36,1020894.81,2924044.7223035973,1020873.656655988,2922389.41,2925927.29,1018222.26,1023201.15,data/raw/train/dc5fbe29__horizontal_well.csv,
train,dc7da28f,native_overlap_1_cluster_0027,native_overlap_1_cluster_0027,11,True,6672,2890976.5,1027351.34,2895303.46,1023092.62,2892938.27,1025439.27,2892952.2973606153,1025408.807621405,2890976.5,2895303.46,1023092.62,1027351.34,data/raw/train/dc7da28f__horizontal_well.csv,
train,dc7f9757,native_overlap_1_cluster_0009,native_overlap_1_cluster_0009,28,True,6203,3003740.17,1122955.22,3003914.17,1128588.77,3003844.64,1125493.17,3003829.501470251,1125522.779801711,3003738.1,3003924.71,1122955.22,1128588.77,data/raw/train/dc7f9757__horizontal_well.csv,
train,dd168de0,native_overlap_1_cluster_0011,native_overlap_1_cluster_0011,26,True,5095,2927140.18,1059944.66,2923535.81,1062931.78,2925495.85,1061314.07,2925469.349315021,1061318.5751560368,2923535.81,2927140.18,1059944.66,1062931.78,data/raw/train/dd168de0__horizontal_well.csv,
train,dd64382d,native_overlap_1_cluster_0024,native_overlap_1_cluster_0024,13,True,5058,2953965.83,1083322.05,2951029.13,1086728.66,2952656.79,1084800.32,2952648.846678531,1084840.1170917398,2951029.13,2953965.87,1083322.05,1086728.66,data/raw/train/dd64382d__horizontal_well.csv,
train,dd6bc5b2,native_overlap_1_cluster_0020,native_overlap_1_cluster_0020,15,True,5764,2974547.14,1096280.58,2977541.78,1092323.86,2975803.03,1094613.11,2975823.2135947207,1094552.2784489912,2974546.92,2977541.78,1092323.86,1096280.58,data/raw/train/dd6bc5b2__horizontal_well.csv,
train,dd7d638e,native_overlap_1_cluster_0005,native_overlap_1_cluster_0005,31,True,6046,2913821.38,1042149.74,2910219.4,1046257.35,2912145.92,1043931.45,2912150.6631309944,1043976.8919913997,2910219.4,2913823.04,1042149.74,1046257.35,data/raw/train/dd7d638e__horizontal_well.csv,
train,ddc790ff,native_overlap_1_cluster_0002,native_overlap_1_cluster_0002,53,True,6468,3010445.03,1116578.08,3010540.2,1122518.37,3010520.12,1119288.61,3010496.1134894853,1119313.5764409432,3010432.73,3010555.53,1116576.65,1122518.37,data/raw/train/ddc790ff__horizontal_well.csv,
train,df71d1ff,native_overlap_1_cluster_0006,native_overlap_1_cluster_0006,31,True,7879,2884372.11,1020876.21,2889256.65,1015274.35,2886667.59,1018235.56,2886685.461441806,1018231.4043241508,2884372.11,2889256.65,1015274.35,1020883.12,data/raw/train/df71d1ff__horizontal_well.csv,
train,df73b8f3,native_overlap_1_cluster_0010,native_overlap_1_cluster_0010,27,True,7150,3002004.89,1071669.9,3005816.79,1066253.16,3003709.76,1069132.07,3003738.052349654,1069123.902076923,3002004.82,3005816.79,1066253.16,1071670.35,data/raw/train/df73b8f3__horizontal_well.csv,
train,df8290be,native_overlap_1_cluster_0001,native_overlap_1_cluster_0001,71,True,5675,2910259.05,1039434.25,2906846.43,1043390.44,2908696.36,1041247.91,2908686.388243185,1041265.7206519832,2906846.43,2910259.11,1039434.25,1043390.44,data/raw/train/df8290be__horizontal_well.csv,
train,e0079ed1,native_overlap_1_cluster_0021,native_overlap_1_cluster_0021,15,True,5257,2956107.93,1085351.49,2959255.3,1081718.55,2957505.89,1083676.71,2957532.863243286,1083666.614377019,2956106.48,2959255.3,1081718.55,1085353.45,data/raw/train/e0079ed1__horizontal_well.csv,
train,e03b45fd,native_overlap_1_cluster_0018,native_overlap_1_cluster_0018,17,True,7083,2949470.88,1014842.84,2946372.48,1020655.95,2948041.03,1017546.39,2948032.5395058524,1017563.0940830172,2946372.48,2949470.88,1014842.82,1020655.95,data/raw/train/e03b45fd__horizontal_well.csv,
train,e0f36d98,native_overlap_1_cluster_0012,native_overlap_1_cluster_0012,25,True,6714,2988411.61,1101406.3,2990055.55,1095288.23,2989132.19,1098512.14,2989144.027040517,1098499.6478269352,2988391.76,2990055.55,1095288.23,1101406.3,data/raw/train/e0f36d98__horizontal_well.csv,
train,e149204f,native_overlap_1_cluster_0006,native_overlap_1_cluster_0006,31,True,7549,2885352.3,1021575.58,2890080.39,1016083.14,2887620.8,1018938.97,2887623.7036812743,1018931.2269240981,2885350.63,2890080.39,1016083.14,1021575.58,data/raw/train/e149204f__horizontal_well.csv,
train,e14d641e,native_overlap_1_cluster_0001,native_overlap_1_cluster_0001,71,True,4978,2910803.18,1039920.84,2907877.52,1043324.71,2909485.92,1041431.54,2909474.994493781,1041458.0831679348,2907877.52,2910803.18,1039918.12,1043324.71,data/raw/train/e14d641e__horizontal_well.csv,
train,e161bd0c,native_overlap_1_cluster_0003,native_overlap_1_cluster_0003,41,True,4813,3003204.2,1089748.58,3006039.34,1086825.01,3004353.95,1088533.33,3004402.354926233,1088496.2390359475,3003204.2,3006039.34,1086825.01,1089748.58,data/raw/train/e161bd0c__horizontal_well.csv,
train,e201fd6d,native_overlap_1_cluster_0026,native_overlap_1_cluster_0026,13,True,6912,3025656.44,1093768.97,3021785.03,1098800.18,3023854.59,1096041.64,3023858.014243349,1096076.4652010987,3021785.03,3025656.44,1093767.44,1098800.18,data/raw/train/e201fd6d__horizontal_well.csv,
train,e25f1537,native_overlap_1_cluster_0017,native_overlap_1_cluster_0017,19,True,5018,2942296.67,1073729.56,2939377.26,1077088.44,2941001.28,1075189.63,2940977.001785573,1075212.8843463522,2939377.26,2942296.97,1073729.56,1077088.44,data/raw/train/e25f1537__horizontal_well.csv,
train,e2fc7745,native_overlap_1_cluster_0016,native_overlap_1_cluster_0016,19,True,5343,3014484.57,1114336.85,3013533.58,1118994.11,3014068.56,1116381.36,3014059.43016283,1116415.7401890333,3013533.58,3014485.53,1114336.85,1118994.11,data/raw/train/e2fc7745__horizontal_well.csv,
train,e32da4ec,native_overlap_1_cluster_0016,native_overlap_1_cluster_0016,19,True,6148,3011252.11,1115565.42,3011188.33,1121496.21,3011239.97,1118429.34,3011234.6857042885,1118435.5046877093,3011188.33,3011268.75,1115565.42,1121496.21,data/raw/train/e32da4ec__horizontal_well.csv,
train,e3b34f5b,native_overlap_1_cluster_0021,native_overlap_1_cluster_0021,15,True,7293,2949700.38,1079453.02,2954205.58,1074330.98,2951798.97,1077064.33,2951810.131782523,1077051.3822939827,2949698.82,2954205.58,1074330.98,1079454.06,data/raw/train/e3b34f5b__horizontal_well.csv,
train,e45a2a62,native_overlap_1_cluster_0001,native_overlap_1_cluster_0001,71,True,6697,2905952.7,1031035.87,2901847.72,1035817.19,2904022.46,1033277.87,2904017.197291322,1033291.9868060334,2901847.72,2905952.7,1031035.49,1035817.19,data/raw/train/e45a2a62__horizontal_well.csv,
train,e46f4ef4,native_overlap_1_cluster_0026,native_overlap_1_cluster_0026,13,True,8930,3016690.68,1095317.82,3019815.13,1087538.36,3018104.29,1091649.76,3018153.989395294,1091652.3961847683,3016690.68,3019815.13,1087538.36,1095326.22,data/raw/train/e46f4ef4__horizontal_well.csv,
train,e4726608,native_overlap_1_cluster_0016,native_overlap_1_cluster_0016,19,True,6268,3011451.89,1115390.38,3011364.2,1121285.5,3011413.76,1118155.54,3011399.808328017,1118168.9899393825,3011359.27,3011451.96,1115390.38,1121285.5,data/raw/train/e4726608__horizontal_well.csv,
train,e5864244,native_overlap_1_cluster_0032,native_overlap_1_cluster_0032,8,True,6037,3020801.18,1087588.12,3024186.98,1083167.1,3022327.4,1085540.42,3022345.48257247,1085528.3973828077,3020798.92,3024186.98,1083167.1,1087589.86,data/raw/train/e5864244__horizontal_well.csv,
train,e5c92e59,native_overlap_1_cluster_0013,native_overlap_1_cluster_0013,22,True,5927,3021680.69,1104817.09,3018019.82,1108981.55,3019975.23,1106765.15,3019969.138970809,1106779.909016364,3018019.82,3021680.69,1104817.02,1108981.55,data/raw/train/e5c92e59__horizontal_well.csv,
train,e5ff9fd2,native_overlap_1_cluster_0022,native_overlap_1_cluster_0022,14,True,4198,2979311.36,1056746.46,2978856.85,1060329.35,2979113.44,1058248.34,2979111.943525484,1058295.8781586466,2978856.85,2979313.53,1056746.46,1060329.35,data/raw/train/e5ff9fd2__horizontal_well.csv,
train,e6c55748,native_overlap_1_cluster_0001,native_overlap_1_cluster_0001,71,True,5959,2906522.52,1034406.19,2910221.4,1030352.26,2908214.39,1032549.77,2908225.026977684,1032532.4145410336,2906522.21,2910221.4,1030352.26,1034409.55,data/raw/train/e6c55748__horizontal_well.csv,
train,e730c32b,native_overlap_1_cluster_0002,native_overlap_1_cluster_0002,53,True,6469,3009827.83,1110667.1,3010069.85,1116569.23,3009923.5,1113343.89,3009927.289369307,1113372.006204977,3009827.83,3010069.85,1110665.32,1116569.23,data/raw/train/e730c32b__horizontal_well.csv,
train,e737965a,native_overlap_1_cluster_0027,native_overlap_1_cluster_0027,11,True,7694,2900286.09,1025301.18,2895458.72,1030781.23,2897979.16,1027884.91,2897980.5851520626,1027902.4443592418,2895458.72,2900286.09,1025301.08,1030781.23,data/raw/train/e737965a__horizontal_well.csv,
train,e748dd88,native_overlap_1_cluster_0004,native_overlap_1_cluster_0004,38,True,6264,3010003.7,1105026.93,3012522.2,1099728.22,3011118.77,1102494.19,3011122.4631545334,1102483.1811270735,3010003.7,3012522.2,1099728.22,1105027.22,data/raw/train/e748dd88__horizontal_well.csv,
train,e7818f7a,native_overlap_1_cluster_0009,native_overlap_1_cluster_0009,28,True,6829,3010615.32,1124377.49,3014906.58,1119687.02,3012612.27,1122204.09,3012626.112445456,1122194.6779733496,3010613.27,3014906.58,1119687.02,1124383.92,data/raw/train/e7818f7a__horizontal_well.csv,
train,e7c36e81,native_overlap_1_cluster_0005,native_overlap_1_cluster_0005,31,True,5655,2918442.19,1045469.08,2915148.84,1049302.98,2916991.8,1047168.32,2916973.7216852307,1047203.0431671105,2915148.84,2918442.19,1045469.08,1049302.98,data/raw/train/e7c36e81__horizontal_well.csv,
train,e7d0c1de,native_overlap_1_cluster_0002,native_overlap_1_cluster_0002,53,True,6455,3006820.11,1116806.06,3006157.85,1110883.46,3006488.66,1114090.09,3006491.5005639005,1114067.6900000013,3006157.85,3006820.11,1110883.46,1116806.06,data/raw/train/e7d0c1de__horizontal_well.csv,
train,e85074c5,native_overlap_1_cluster_0011,native_overlap_1_cluster_0011,26,True,7236,2918025.57,1045733.64,2922902.56,1041060.14,2920302.92,1043568.85,2920311.738063836,1043554.1358360976,2918025.35,2922902.56,1041060.14,1045736.03,data/raw/train/e85074c5__horizontal_well.csv,
train,e97032ad,native_overlap_1_cluster_0005,native_overlap_1_cluster_0005,31,True,5654,2918442.19,1045469.08,2915088.49,1049234.26,2916974.91,1047153.19,2916926.367584008,1047154.2821489206,2915088.49,2918442.19,1045469.08,1049234.26,data/raw/train/e97032ad__horizontal_well.csv,
train,e9949a23,native_overlap_1_cluster_0014,native_overlap_1_cluster_0014,22,True,6407,2922467.52,1014472.11,2918622.1,1018836.71,2920745.88,1016441.84,2920720.8433931684,1016463.495122521,2918622.1,2922467.52,1014472.11,1018836.71,data/raw/train/e9949a23__horizontal_well.csv,
train,ea0b99b7,native_overlap_1_cluster_0010,native_overlap_1_cluster_0010,27,True,10939,2991441.28,1072260.99,2995250.08,1062569.95,2993257.89,1067654.12,2993258.9570152727,1067640.0236703572,2991435.45,2995250.08,1062569.95,1072262.53,data/raw/train/ea0b99b7__horizontal_well.csv,
train,ea3a0e38,native_overlap_1_cluster_0021,native_overlap_1_cluster_0021,15,True,11794,2957449.19,1080493.01,2964689.17,1071906.33,2960821.23,1076348.0,2960849.590853818,1076353.5019603206,2957448.27,2964689.17,1071906.33,1080493.92,data/raw/train/ea3a0e38__horizontal_well.csv,
train,ea41324e,native_overlap_1_cluster_0002,native_overlap_1_cluster_0002,53,True,6839,3003851.34,1117049.51,3003748.36,1110628.55,3003837.9,1114040.7,3003824.0858692736,1114024.124829661,3003747.85,3003866.77,1110628.55,1117049.51,data/raw/train/ea41324e__horizontal_well.csv,
train,eabc711b,native_overlap_1_cluster_0007,native_overlap_1_cluster_0007,30,True,7314,3000034.39,1095287.97,2997721.02,1101559.93,2999138.58,1098195.88,2999094.2164861904,1098211.5805961217,2997721.02,3000073.55,1095287.97,1101559.93,data/raw/train/eabc711b__horizontal_well.csv,
train,eac10e86,native_overlap_1_cluster_0006,native_overlap_1_cluster_0006,31,True,7501,2889314.12,1025703.62,2894333.65,1020534.74,2891713.18,1023213.27,2891716.2414824734,1023203.0776803108,2889309.44,2894333.65,1020534.74,1025703.62,data/raw/train/eac10e86__horizontal_well.csv,
train,eafb863e,native_overlap_1_cluster_0005,native_overlap_1_cluster_0005,31,True,5317,2917000.88,1039368.09,2913934.89,1043090.53,2915599.94,1041021.9,2915596.5316118076,1041054.5277318058,2913934.89,2917000.88,1039368.09,1043090.53,data/raw/train/eafb863e__horizontal_well.csv,
train,eb06a4e7,native_overlap_1_cluster_0002,native_overlap_1_cluster_0002,53,True,6379,3005950.27,1110571.44,3006508.83,1116369.6,3006121.72,1113220.2,3006152.7920755474,1113245.707214296,3005950.27,3006508.83,1110571.44,1116369.6,data/raw/train/eb06a4e7__horizontal_well.csv,
train,eb640a35,native_overlap_1_cluster_0008,native_overlap_1_cluster_0008,28,True,7782,2992523.81,1121590.61,2995097.31,1114752.43,2993672.95,1118366.39,2993702.0866152695,1118359.505889237,2992523.65,2995097.31,1114752.43,1121590.61,data/raw/train/eb640a35__horizontal_well.csv,
train,eb934281,native_overlap_1_cluster_0028,native_overlap_1_cluster_0028,11,True,7812,2986961.24,1064693.46,2986821.21,1072024.16,2986942.5,1068123.54,2986918.137780338,1068142.9697977328,2986821.21,2987000.81,1064693.46,1072024.16,data/raw/train/eb934281__horizontal_well.csv,
train,eba6605e,native_overlap_1_cluster_0030,native_overlap_1_cluster_0030,8,True,5719,2902636.69,1017414.15,2906817.69,1020674.97,2904547.53,1018944.61,2904562.7883038884,1018956.2936527368,2902636.5,2906817.69,1017414.15,1020674.97,data/raw/train/eba6605e__horizontal_well.csv,
train,ebe69318,native_overlap_1_cluster_0001,native_overlap_1_cluster_0001,71,True,6718,2900480.24,1026355.25,2904599.33,1021816.65,2902346.57,1024300.97,2902373.7753810724,1024285.7672595991,2900479.74,2904599.33,1021816.65,1026355.25,data/raw/train/ebe69318__horizontal_well.csv,
train,ec0d597b,native_overlap_1_cluster_0027,native_overlap_1_cluster_0027,11,True,6452,2892290.41,1028539.66,2896468.85,1024410.39,2894153.03,1026650.91,2894191.0129014435,1026646.6794094838,2892288.28,2896468.85,1024410.39,1028541.11,data/raw/train/ec0d597b__horizontal_well.csv,
train,ec13af42,native_overlap_1_cluster_0003,native_overlap_1_cluster_0003,41,True,7362,3007301.14,1091356.81,3011731.77,1086261.54,3009311.51,1089024.73,3009320.3720252663,1088996.1269220328,3007301.14,3011731.77,1086261.54,1091357.76,data/raw/train/ec13af42__horizontal_well.csv,
train,ecdab904,native_overlap_1_cluster_0029,native_overlap_1_cluster_0029,10,True,8176,2980645.96,1051892.93,2980303.99,1059367.79,2980457.03,1055288.81,2980480.214397008,1055322.2093970126,2980303.99,2980667.06,1051892.63,1059367.79,data/raw/train/ecdab904__horizontal_well.csv,
train,ecdaf714,native_overlap_1_cluster_0011,native_overlap_1_cluster_0011,26,True,8240,2923418.68,1055177.56,2918209.21,1060895.63,2920943.36,1057822.51,2920945.1338325255,1057846.6537184406,2918209.21,2923418.68,1055177.42,1060895.63,data/raw/train/ecdaf714__horizontal_well.csv,
train,ed6436d6,native_overlap_1_cluster_0003,native_overlap_1_cluster_0003,41,True,5027,3001779.24,1085910.93,3000234.83,1090027.42,3001128.75,1087681.4,3001110.4343783525,1087722.8822697438,3000234.83,3001779.24,1085910.93,1090027.42,data/raw/train/ed6436d6__horizontal_well.csv,
train,ed6e6e54,native_overlap_1_cluster_0004,native_overlap_1_cluster_0004,38,True,7385,3007905.34,1097664.38,3005353.39,1104428.66,3006653.7,1100977.66,3006663.303099526,1100984.830413,3005353.39,3007905.34,1097664.38,1104428.66,data/raw/train/ed6e6e54__horizontal_well.csv,
train,edf885a3,native_overlap_1_cluster_0003,native_overlap_1_cluster_0003,41,True,4863,3009231.66,1083582.65,3006183.23,1086695.64,3007881.18,1084960.09,3007864.560618959,1084988.4798067035,3006183.23,3009231.66,1083582.65,1086695.64,data/raw/train/edf885a3__horizontal_well.csv,
train,ee0300f7,native_overlap_1_cluster_0026,native_overlap_1_cluster_0026,13,True,6161,3016829.37,1092406.81,3018837.38,1087108.5,3017735.14,1089982.38,3017748.4819363714,1089961.3165947131,3016824.37,3018837.38,1087108.5,1092409.81,data/raw/train/ee0300f7__horizontal_well.csv,
train,ee288beb,native_overlap_1_cluster_0009,native_overlap_1_cluster_0009,28,True,6190,2994891.45,1127399.97,2996543.29,1121965.45,2995599.29,1124906.51,2995621.8895945153,1124889.797337642,2994889.0,2996543.29,1121965.45,1127405.21,data/raw/train/ee288beb__horizontal_well.csv,
train,ee4aecac,native_overlap_1_cluster_0022,native_overlap_1_cluster_0022,14,True,6596,2971275.07,1066124.07,2975115.8,1061043.44,2973132.86,1063669.04,2973127.56120981,1063656.7151485782,2971275.07,2975115.8,1061043.44,1066124.07,data/raw/train/ee4aecac__horizontal_well.csv,
train,eeda36f5,native_overlap_1_cluster_0018,native_overlap_1_cluster_0018,17,True,6198,2946315.02,1015017.04,2947744.45,1009317.06,2947021.27,1012325.62,2947009.394135218,1012311.8731268138,2946315.02,2947744.45,1009317.06,1015017.04,data/raw/train/eeda36f5__horizontal_well.csv,
train,eeed308d,native_overlap_1_cluster_0001,native_overlap_1_cluster_0001,71,True,5503,2907564.62,1034802.29,2910958.35,1031100.4,2909105.77,1033130.35,2909115.1853043744,1033106.8347065288,2907561.15,2910958.35,1031100.4,1034803.61,data/raw/train/eeed308d__horizontal_well.csv,
train,ef04658e,native_overlap_1_cluster_0017,native_overlap_1_cluster_0017,19,True,5664,2941065.2,1064401.08,2938095.25,1068697.85,2939677.05,1066355.0,2939692.8044438576,1066389.22397069,2938095.25,2941065.2,1064401.08,1068697.85,data/raw/train/ef04658e__horizontal_well.csv,
train,ef8e3ed0,native_overlap_1_cluster_0028,native_overlap_1_cluster_0028,11,True,6637,2987802.19,1065444.79,2987690.32,1071895.26,2987759.96,1068581.39,2987741.078711782,1068587.9635076148,2987678.8,2987802.19,1065444.79,1071895.26,data/raw/train/ef8e3ed0__horizontal_well.csv,
train,efde6ac3,native_overlap_1_cluster_0008,native_overlap_1_cluster_0008,28,True,6220,2994436.83,1122149.3,2996389.15,1116753.38,2995350.48,1119678.73,2995360.951503212,1119659.9157138264,2994436.62,2996389.15,1116753.38,1122149.3,data/raw/train/efde6ac3__horizontal_well.csv,
train,efe96181,native_overlap_1_cluster_0017,native_overlap_1_cluster_0017,19,True,5464,2939206.29,1064731.24,2942516.48,1061141.94,2940645.81,1063126.76,2940677.451068821,1063107.3532631742,2939201.79,2942516.48,1061141.94,1064733.08,data/raw/train/efe96181__horizontal_well.csv,
train,f0188a48,native_overlap_1_cluster_0015,native_overlap_1_cluster_0015,20,True,6139,2981244.56,1084587.91,2984533.45,1080186.49,2982508.26,1082485.7,2982602.7504104995,1082506.533824729,2981244.56,2984533.45,1080186.49,1084587.91,data/raw/train/f0188a48__horizontal_well.csv,
train,f021b650,native_overlap_1_cluster_0029,native_overlap_1_cluster_0029,10,True,5610,2986796.01,1051358.55,2985013.35,1056050.59,2986005.13,1053433.36,2985994.316688047,1053467.004076647,2985013.35,2986796.02,1051358.55,1056050.59,data/raw/train/f021b650__horizontal_well.csv,
train,f03f10fe,native_overlap_1_cluster_0001,native_overlap_1_cluster_0001,71,True,5823,2909380.01,1040189.78,2913024.06,1036191.48,2911055.26,1038329.08,2911080.2788425195,1038327.4846659814,2909380.01,2913024.06,1036191.48,1040189.78,data/raw/train/f03f10fe__horizontal_well.csv,
train,f053a1b9,native_overlap_1_cluster_0003,native_overlap_1_cluster_0003,41,True,5952,3011289.57,1093063.86,3009417.85,1098155.72,3010458.04,1095372.8,3010432.242898186,1095391.5525907269,3009417.85,3011289.57,1093063.86,1098155.72,data/raw/train/f053a1b9__horizontal_well.csv,
train,f074d277,native_overlap_1_cluster_0004,native_overlap_1_cluster_0004,38,True,3868,3022360.3,1106190.93,3019939.77,1108786.68,3021249.01,1107368.74,3021243.7555997954,1107388.0990020663,3019939.77,3022360.3,1106190.93,1108786.68,data/raw/train/f074d277__horizontal_well.csv,
train,f07d7037,native_overlap_1_cluster_0028,native_overlap_1_cluster_0028,11,True,7688,2986790.2,1064878.11,2986649.86,1071974.04,2986729.47,1068135.14,2986732.19288762,1068162.658064526,2986646.7,2986795.03,1064878.09,1071974.04,data/raw/train/f07d7037__horizontal_well.csv,
train,f08774c3,native_overlap_1_cluster_0014,native_overlap_1_cluster_0014,22,True,5645,2920941.59,1014031.02,2916625.73,1016657.04,2919023.58,1015176.24,2919006.372070855,1015218.4265367592,2916625.73,2920941.59,1014031.02,1016657.04,data/raw/train/f08774c3__horizontal_well.csv,
train,f140c2fa,native_overlap_1_cluster_0014,native_overlap_1_cluster_0014,22,True,6024,2922495.7,1013646.65,2918620.45,1017455.25,2920739.02,1015319.98,2920725.5678436407,1015351.6785109567,2918620.45,2922495.7,1013646.65,1017455.25,data/raw/train/f140c2fa__horizontal_well.csv,
train,f16e25e3,native_overlap_1_cluster_0008,native_overlap_1_cluster_0008,28,True,6585,2989887.41,1120072.22,2989380.1,1126080.22,2989647.62,1122801.92,2989652.3431678056,1122828.3815626411,2989380.1,2989887.41,1120071.97,1126080.22,data/raw/train/f16e25e3__horizontal_well.csv,
train,f2d4c8c9,native_overlap_1_cluster_0006,native_overlap_1_cluster_0006,31,True,7908,2885861.33,1021453.59,2880828.16,1027022.77,2883493.87,1024108.22,2883467.23590794,1024099.8552225576,2880828.16,2885861.33,1021453.47,1027022.77,data/raw/train/f2d4c8c9__horizontal_well.csv,
train,f321a31c,native_overlap_1_cluster_0010,native_overlap_1_cluster_0010,27,True,6555,3005043.98,1072250.81,3008757.01,1067145.51,3006759.83,1069729.01,3006767.1587154767,1069727.0094813134,3005043.98,3008757.01,1067145.51,1072250.81,data/raw/train/f321a31c__horizontal_well.csv,
train,f40cd091,native_overlap_1_cluster_0007,native_overlap_1_cluster_0007,30,True,6776,3000263.77,1101705.17,2997706.16,1107607.11,2998892.09,1104441.39,2998932.010092974,1104470.865675914,2997706.16,3000263.77,1101705.17,1107607.11,data/raw/train/f40cd091__horizontal_well.csv,
train,f439a621,native_overlap_1_cluster_0011,native_overlap_1_cluster_0011,26,True,4695,2928485.46,1055520.11,2925738.76,1058770.74,2927289.34,1057020.87,2927262.752694353,1057029.646513312,2925738.76,2928485.46,1055520.11,1058770.74,data/raw/train/f439a621__horizontal_well.csv,
train,f49fdea3,native_overlap_1_cluster_0029,native_overlap_1_cluster_0029,10,True,7027,2992087.99,1057751.11,2987511.81,1062395.48,2989963.8,1059886.34,2989959.933347092,1059912.289705421,2987511.81,2992087.99,1057751.11,1062395.48,data/raw/train/f49fdea3__horizontal_well.csv,
train,f4d12d23,native_overlap_1_cluster_0005,native_overlap_1_cluster_0005,31,True,5448,2917911.97,1040066.25,2914768.4,1043821.57,2916511.53,1041732.6,2916494.9815033125,1041759.1741611602,2914768.4,2917911.97,1040066.25,1043821.57,data/raw/train/f4d12d23__horizontal_well.csv,
train,f56d3ace,native_overlap_1_cluster_0002,native_overlap_1_cluster_0002,53,True,7383,3003404.25,1117079.06,3003211.84,1110306.57,3003258.09,1113993.13,3003265.8487281525,1113964.1429852294,3003211.84,3003405.03,1110306.57,1117079.06,data/raw/train/f56d3ace__horizontal_well.csv,
train,f5859199,native_overlap_1_cluster_0054,native_overlap_1_cluster_0054,1,False,7438,2988475.97,1052048.27,2986002.8,1058494.54,2987350.49,1055037.47,2987334.0622438807,1055053.8858819574,2986002.8,2988477.47,1052044.09,1058494.54,data/raw/train/f5859199__horizontal_well.csv,
train,f5d8aab6,native_overlap_1_cluster_0009,native_overlap_1_cluster_0009,28,True,6576,3007336.63,1129298.06,3005982.37,1135050.29,3006723.64,1131853.87,3006718.2635568636,1131889.217925792,3005982.37,3007336.63,1129297.53,1135050.29,data/raw/train/f5d8aab6__horizontal_well.csv,
train,f631da6e,native_overlap_1_cluster_0020,native_overlap_1_cluster_0020,15,True,5604,2985513.34,1107764.55,2982008.21,1111791.33,2983857.41,1109693.05,2983841.7115970715,1109693.291357959,2982008.21,2985513.34,1107764.55,1111791.33,data/raw/train/f631da6e__horizontal_well.csv,
train,f6824bb0,native_overlap_1_cluster_0001,native_overlap_1_cluster_0001,71,True,6864,2907356.58,1037428.49,2903275.0,1042138.62,2905537.17,1039566.55,2905505.1080142814,1039580.8874198697,2903275.0,2907356.58,1037428.49,1042138.62,data/raw/train/f6824bb0__horizontal_well.csv,
train,f6bc699b,native_overlap_1_cluster_0021,native_overlap_1_cluster_0021,15,True,5501,2951917.08,1075186.89,2955140.64,1071417.94,2953351.26,1073492.33,2953390.515308122,1073488.525822576,2951916.78,2955140.64,1071417.94,1075188.85,data/raw/train/f6bc699b__horizontal_well.csv,
train,f6d009f4,native_overlap_1_cluster_0009,native_overlap_1_cluster_0009,28,True,8003,3009377.95,1135426.87,3005639.6,1141857.53,3007619.66,1138393.94,3007617.4538585497,1138423.122801451,3005639.6,3009377.95,1135426.87,1141857.53,data/raw/train/f6d009f4__horizontal_well.csv,
train,f72b268f,native_overlap_1_cluster_0009,native_overlap_1_cluster_0009,28,True,7918,3004259.22,1136290.57,3004048.03,1128849.05,3004496.35,1132756.14,3004278.481715071,1132758.7270598595,3004048.03,3004498.18,1128849.05,1136291.52,data/raw/train/f72b268f__horizontal_well.csv,
train,f8662c22,native_overlap_1_cluster_0022,native_overlap_1_cluster_0022,14,True,6957,2971710.29,1066705.59,2975707.47,1061381.03,2973628.94,1064162.2,2973633.9458387345,1064153.7362685085,2971710.29,2975707.47,1061381.03,1066705.59,data/raw/train/f8662c22__horizontal_well.csv,
train,f88ddb26,native_overlap_1_cluster_0029,native_overlap_1_cluster_0029,10,True,6585,2985644.93,1064879.98,2985626.32,1058770.21,2985638.25,1062058.74,2985640.2932893005,1062036.7854533023,2985620.97,2985661.63,1058770.21,1064879.98,data/raw/train/f88ddb26__horizontal_well.csv,
train,f8afa78a,native_overlap_1_cluster_0006,native_overlap_1_cluster_0006,31,True,7367,2886250.78,1022271.53,2890994.89,1017038.37,2888539.06,1019776.42,2888535.935954931,1019763.423728793,2886250.78,2890994.89,1017038.37,1022271.53,data/raw/train/f8afa78a__horizontal_well.csv,
train,f8f59188,native_overlap_1_cluster_0002,native_overlap_1_cluster_0002,53,True,6740,3006373.5,1122241.9,3006527.78,1128387.83,3006463.92,1125024.16,3006448.240623136,1125054.1477878299,3006371.2,3006527.78,1122241.36,1128387.83,data/raw/train/f8f59188__horizontal_well.csv,
train,f9fc81aa,native_overlap_1_cluster_0001,native_overlap_1_cluster_0001,71,True,7113,2905604.12,1031745.12,2910130.52,1026701.12,2907764.02,1029348.09,2907770.391329965,1029340.8363967398,2905604.12,2910130.52,1026701.12,1031745.12,data/raw/train/f9fc81aa__horizontal_well.csv,
train,fa16d114,native_overlap_1_cluster_0006,native_overlap_1_cluster_0006,31,True,6928,2888205.32,1024016.38,2892976.62,1019144.23,2890544.96,1021605.99,2890555.3127193935,1021612.1073599883,2888205.32,2892976.62,1019144.23,1024016.38,data/raw/train/fa16d114__horizontal_well.csv,
train,fa31da94,native_overlap_1_cluster_0013,native_overlap_1_cluster_0013,22,True,6681,3013417.13,1114189.0,3017189.49,1109410.92,3015134.37,1112035.51,3015153.38681335,1112014.4157775757,3013417.13,3017189.49,1109410.92,1114189.0,data/raw/train/fa31da94__horizontal_well.csv,
train,fa667be2,native_overlap_1_cluster_0010,native_overlap_1_cluster_0010,27,True,8798,3010273.73,1074719.73,3007166.56,1082734.08,3008750.89,1078635.48,3008751.761395757,1078641.1182291433,3007166.56,3010273.73,1074719.73,1082734.08,data/raw/train/fa667be2__horizontal_well.csv,
train,fae0c593,native_overlap_1_cluster_0008,native_overlap_1_cluster_0008,28,True,6147,2994732.55,1121686.2,2992996.67,1127005.59,2993957.03,1124095.53,2993933.569876358,1124116.3589946292,2992996.67,2994732.55,1121686.2,1127005.59,data/raw/train/fae0c593__horizontal_well.csv,
train,fb03ae90,native_overlap_1_cluster_0033,native_overlap_1_cluster_0033,8,True,8129,2886633.34,1007390.17,2888482.47,1014718.76,2887512.65,1010775.89,2887503.752176149,1010801.8791032064,2886628.94,2888482.47,1007390.17,1014718.76,data/raw/train/fb03ae90__horizontal_well.csv,
train,fb0904bd,native_overlap_1_cluster_0021,native_overlap_1_cluster_0021,15,True,5087,2960951.76,1083300.42,2957982.78,1086740.62,2959641.08,1084820.46,2959607.7544151717,1084834.2251661087,2957982.78,2960951.79,1083300.42,1086740.62,data/raw/train/fb0904bd__horizontal_well.csv,
train,fb3848a1,native_overlap_1_cluster_0027,native_overlap_1_cluster_0027,11,True,7859,2900771.07,1025715.54,2896027.96,1031245.08,2898588.24,1028270.99,2898567.4604402687,1028284.4283064017,2896027.96,2900771.07,1025714.44,1031245.08,data/raw/train/fb3848a1__horizontal_well.csv,
train,fb73b13a,native_overlap_1_cluster_0009,native_overlap_1_cluster_0009,28,True,7465,3008951.89,1135646.8,3005463.29,1141681.66,3007319.27,1138458.42,3007314.519174813,1138476.3584300047,3005463.29,3008951.89,1135646.8,1141681.66,data/raw/train/fb73b13a__horizontal_well.csv,
train,fba7683c,native_overlap_1_cluster_0007,native_overlap_1_cluster_0007,30,True,2058,3006400.36,1097635.87,3005920.49,1099087.74,3006292.26,1098131.53,3006237.280578231,1098195.6871720108,3005920.49,3006401.04,1097635.87,1099087.74,data/raw/train/fba7683c__horizontal_well.csv,
train,fbd68d27,native_overlap_1_cluster_0001,native_overlap_1_cluster_0001,71,True,8552,2907556.01,1039139.72,2912981.9,1033059.81,2910119.42,1036228.02,2910122.3537698723,1036215.9585710955,2907556.0,2912981.9,1033059.81,1039139.72,data/raw/train/fbd68d27__horizontal_well.csv,
train,fc03f21f,native_overlap_1_cluster_0007,native_overlap_1_cluster_0007,30,True,6202,3003822.94,1103953.96,3001761.88,1109187.6,3002897.25,1106308.89,3002892.2990825474,1106339.7270686857,3001761.88,3003822.94,1103952.44,1109187.6,data/raw/train/fc03f21f__horizontal_well.csv,
train,fc0d20b2,native_overlap_1_cluster_0017,native_overlap_1_cluster_0017,19,True,5308,2934624.62,1066232.91,2931278.85,1070109.64,2932982.3,1068088.99,2932977.6776940525,1068091.7162339897,2931278.85,2934624.62,1066232.91,1070109.64,data/raw/train/fc0d20b2__horizontal_well.csv,
train,fcfcc902,native_overlap_1_cluster_0015,native_overlap_1_cluster_0015,20,True,4665,2983222.38,1093088.42,2984891.59,1089457.27,2984003.47,1091611.74,2983990.562109323,1091548.2579657047,2983222.1,2984891.59,1089457.27,1093088.42,data/raw/train/fcfcc902__horizontal_well.csv,
train,fd3b4faa,native_overlap_1_cluster_0002,native_overlap_1_cluster_0002,53,True,6956,3006861.76,1122221.08,3006988.84,1128608.92,3006925.06,1125138.34,3006944.2430419796,1125163.7664807313,3006859.39,3007024.43,1122221.08,1128608.92,data/raw/train/fd3b4faa__horizontal_well.csv,
train,fd710aea,native_overlap_1_cluster_0003,native_overlap_1_cluster_0003,41,True,5960,3010097.82,1092600.31,3007522.13,1097431.67,3008924.6,1094805.93,3008912.190139263,1094825.664520135,3007522.13,3010097.82,1092600.31,1097431.67,data/raw/train/fd710aea__horizontal_well.csv,
train,fd8f77fa,native_overlap_1_cluster_0002,native_overlap_1_cluster_0002,53,True,6756,3004389.08,1116991.9,3004145.16,1110837.96,3004176.01,1114207.66,3004220.3358969726,1114177.8826228466,3004141.59,3004390.69,1110837.96,1116991.9,data/raw/train/fd8f77fa__horizontal_well.csv,
train,fde20ecf,native_overlap_1_cluster_0016,native_overlap_1_cluster_0016,19,True,6386,3023407.97,1120768.89,3023305.8,1115026.57,3023370.19,1118215.66,3023363.607918884,1118180.8510695256,3023302.79,3023407.97,1115026.57,1120771.07,data/raw/train/fde20ecf__horizontal_well.csv,
train,fdfd57da,native_overlap_1_cluster_0002,native_overlap_1_cluster_0002,53,True,7364,3001877.11,1116327.65,3001957.1,1109650.06,3001907.8,1113324.24,3001912.1841295576,1113289.030063824,3001874.28,3001957.1,1109650.06,1116328.7,data/raw/train/fdfd57da__horizontal_well.csv,
train,febb4411,native_overlap_1_cluster_0032,native_overlap_1_cluster_0032,8,True,6275,3021267.6,1087810.87,3024705.02,1083338.31,3022787.89,1085818.41,3022811.283714743,1085790.233348203,3021258.56,3024705.02,1083338.31,1087812.55,data/raw/train/febb4411__horizontal_well.csv,
train,fef8af96,native_overlap_1_cluster_0011,native_overlap_1_cluster_0011,26,True,5068,2930432.87,1057128.93,2933518.39,1053425.25,2931917.8,1055381.56,2931923.620812947,1055370.2445165738,2930432.87,2933518.39,1053425.25,1057128.93,data/raw/train/fef8af96__horizontal_well.csv,
train,ff0aea78,native_overlap_1_cluster_0022,native_overlap_1_cluster_0022,14,True,4976,2983844.65,1068917.83,2983753.78,1073521.95,2983822.78,1071039.09,2983810.916121377,1071057.9860912354,2983746.84,2983844.65,1068917.83,1073521.95,data/raw/train/ff0aea78__horizontal_well.csv,
train,ff8bb73a,native_overlap_1_cluster_0019,native_overlap_1_cluster_0019,16,True,7670,2940254.1,1059122.61,2935580.42,1064525.78,2938074.5,1061625.27,2938065.9563689698,1061643.2892724895,2935580.42,2940254.3,1059122.61,1064525.78,data/raw/train/ff8bb73a__horizontal_well.csv,
train,ffefef30,native_overlap_1_cluster_0018,native_overlap_1_cluster_0018,17,True,6421,2944745.19,1015034.18,2946229.73,1009293.06,2945418.62,1012393.49,2945430.783133467,1012370.4646550387,2944745.17,2946229.73,1009293.06,1015034.18,data/raw/train/ffefef30__horizontal_well.csv,
