id,tvt
000d7d20_1442,11747.423828125
000d7d20_1443,11747.4306640625
000d7d20_1444,11747.421875
000d7d20_1445,11747.4150390625
000d7d20_1446,11747.4248046875
000d7d20_1447,11747.4267578125
000d7d20_1448,11747.423828125
000d7d20_1449,11747.4267578125
000d7d20_1450,11747.43359375
000d7d20_1451,11747.4384765625
000d7d20_1452,11747.482421875
000d7d20_1453,11747.4658203125
000d7d20_1454,11747.462890625
000d7d20_1455,11747.4658203125
000d7d20_1456,11747.4765625
000d7d20_1457,11747.482421875
000d7d20_1458,11747.4970703125
000d7d20_1459,11747.478515625
000d7d20_1460,11747.4638671875
000d7d20_1461,11747.474609375
000d7d20_1462,11747.466796875
000d7d20_1463,11747.4853515625
000d7d20_1464,11747.5048828125
000d7d20_1465,11747.5849609375
000d7d20_1466,11747.57421875
000d7d20_1467,11747.5849609375
000d7d20_1468,11747.6669921875
000d7d20_1469,11747.7158203125
000d7d20_1470,11747.7119140625
000d7d20_1471,11747.7509765625
000d7d20_1472,11747.73828125
000d7d20_1473,11747.82421875
000d7d20_1474,11747.8349609375
000d7d20_1475,11747.8505859375
000d7d20_1476,11747.8857421875
000d7d20_1477,11747.875
000d7d20_1478,11747.8828125
000d7d20_1479,11747.880859375
000d7d20_1480,11747.8876953125
000d7d20_1481,11747.9208984375
000d7d20_1482,11747.91796875
000d7d20_1483,11747.9189453125
000d7d20_1484,11747.9150390625
000d7d20_1485,11747.93359375
000d7d20_1486,11748.00390625
000d7d20_1487,11748.0205078125
000d7d20_1488,11748.0068359375
000d7d20_1489,11748.005859375
000d7d20_1490,11748.0078125
000d7d20_1491,11748.0341796875
000d7d20_1492,11747.958984375
000d7d20_1493,11747.9658203125
000d7d20_1494,11747.9619140625
000d7d20_1495,11747.9794921875
000d7d20_1496,11747.990234375
000d7d20_1497,11747.986328125
000d7d20_1498,11748.0361328125
000d7d20_1499,11748.048828125
000d7d20_1500,11748.044921875
000d7d20_1501,11748.0537109375
000d7d20_1502,11748.14453125
000d7d20_1503,11748.1357421875
000d7d20_1504,11748.1396484375
000d7d20_1505,11748.142578125
000d7d20_1506,11748.158203125
000d7d20_1507,11748.1669921875
000d7d20_1508,11748.1728515625
000d7d20_1509,11748.185546875
000d7d20_1510,11748.1953125
000d7d20_1511,11748.201171875
000d7d20_1512,11748.2197265625
000d7d20_1513,11748.2109375
000d7d20_1514,11748.2109375
000d7d20_1515,11748.2177734375
000d7d20_1516,11748.2177734375
000d7d20_1517,11748.23046875
000d7d20_1518,11748.267578125
000d7d20_1519,11748.29296875
000d7d20_1520,11748.298828125
000d7d20_1521,11748.310546875
000d7d20_1522,11748.33203125
000d7d20_1523,11748.341796875
000d7d20_1524,11748.419921875
000d7d20_1525,11748.4375
000d7d20_1526,11748.490234375
000d7d20_1527,11748.5634765625
000d7d20_1528,11748.6669921875
000d7d20_1529,11748.669921875
000d7d20_1530,11748.6884765625
000d7d20_1531,11748.6591796875
000d7d20_1532,11748.671875
000d7d20_1533,11748.6591796875
000d7d20_1534,11748.619140625
000d7d20_1535,11748.6181640625
000d7d20_1536,11748.6279296875
000d7d20_1537,11748.650390625
000d7d20_1538,11748.6611328125
000d7d20_1539,11748.6171875
000d7d20_1540,11748.5849609375
000d7d20_1541,11748.587890625
000d7d20_1542,11748.6171875
000d7d20_1543,11748.6875
000d7d20_1544,11748.6611328125
000d7d20_1545,11748.69921875
000d7d20_1546,11748.65625
000d7d20_1547,11748.6474609375
000d7d20_1548,11748.5947265625
000d7d20_1549,11748.583984375
000d7d20_1550,11748.521484375
000d7d20_1551,11748.5498046875
000d7d20_1552,11748.544921875
000d7d20_1553,11748.638671875
000d7d20_1554,11748.5947265625
000d7d20_1555,11748.595703125
000d7d20_1556,11748.611328125
000d7d20_1557,11748.6025390625
000d7d20_1558,11748.6240234375
000d7d20_1559,11748.6162109375
000d7d20_1560,11748.6630859375
000d7d20_1561,11748.6396484375
000d7d20_1562,11748.6494140625
000d7d20_1563,11748.59375
000d7d20_1564,11748.55078125
000d7d20_1565,11748.626953125
000d7d20_1566,11748.6142578125
000d7d20_1567,11748.654296875
000d7d20_1568,11748.6259765625
000d7d20_1569,11748.626953125
000d7d20_1570,11748.7314453125
000d7d20_1571,11748.66796875
000d7d20_1572,11748.6748046875
000d7d20_1573,11748.64453125
000d7d20_1574,11748.685546875
000d7d20_1575,11748.666015625
000d7d20_1576,11748.6552734375
000d7d20_1577,11748.6396484375
000d7d20_1578,11748.6201171875
000d7d20_1579,11748.591796875
000d7d20_1580,11748.6220703125
000d7d20_1581,11748.5771484375
000d7d20_1582,11748.6015625
000d7d20_1583,11748.6689453125
000d7d20_1584,11748.9072265625
000d7d20_1585,11748.9228515625
000d7d20_1586,11748.7353515625
000d7d20_1587,11748.7412109375
000d7d20_1588,11748.732421875
000d7d20_1589,11748.837890625
000d7d20_1590,11748.8408203125
000d7d20_1591,11748.8291015625
000d7d20_1592,11748.8408203125
000d7d20_1593,11748.8681640625
000d7d20_1594,11748.890625
000d7d20_1595,11748.896484375
000d7d20_1596,11748.876953125
000d7d20_1597,11748.912109375
000d7d20_1598,11748.900390625
000d7d20_1599,11748.880859375
000d7d20_1600,11748.923828125
000d7d20_1601,11748.923828125
000d7d20_1602,11748.8857421875
000d7d20_1603,11748.91796875
000d7d20_1604,11748.8876953125
000d7d20_1605,11748.8173828125
000d7d20_1606,11748.8759765625
000d7d20_1607,11748.8798828125
000d7d20_1608,11748.83203125
000d7d20_1609,11748.8564453125
000d7d20_1610,11748.8232421875
000d7d20_1611,11748.861328125
000d7d20_1612,11748.865234375
000d7d20_1613,11748.826171875
000d7d20_1614,11748.818359375
000d7d20_1615,11748.849609375
000d7d20_1616,11748.8212890625
000d7d20_1617,11748.8603515625
000d7d20_1618,11748.837890625
000d7d20_1619,11748.87109375
000d7d20_1620,11748.833984375
000d7d20_1621,11748.8369140625
000d7d20_1622,11748.818359375
000d7d20_1623,11748.81640625
000d7d20_1624,11748.7890625
000d7d20_1625,11748.8232421875
000d7d20_1626,11748.7880859375
000d7d20_1627,11748.8193359375
000d7d20_1628,11748.8134765625
000d7d20_1629,11748.7216796875
000d7d20_1630,11748.7490234375
000d7d20_1631,11748.619140625
000d7d20_1632,11748.587890625
000d7d20_1633,11748.5693359375
000d7d20_1634,11748.5234375
000d7d20_1635,11748.560546875
000d7d20_1636,11748.5166015625
000d7d20_1637,11748.5166015625
000d7d20_1638,11748.462890625
000d7d20_1639,11748.4423828125
000d7d20_1640,11748.46875
000d7d20_1641,11748.4609375
000d7d20_1642,11748.4609375
000d7d20_1643,11748.4228515625
000d7d20_1644,11748.4072265625
000d7d20_1645,11748.4013671875
000d7d20_1646,11748.3759765625
000d7d20_1647,11748.3955078125
000d7d20_1648,11748.3525390625
000d7d20_1649,11748.365234375
000d7d20_1650,11748.3154296875
000d7d20_1651,11748.3095703125
000d7d20_1652,11748.2734375
000d7d20_1653,11748.2822265625
000d7d20_1654,11748.2509765625
000d7d20_1655,11748.1845703125
000d7d20_1656,11748.2021484375
000d7d20_1657,11748.1591796875
000d7d20_1658,11748.20703125
000d7d20_1659,11748.2177734375
000d7d20_1660,11748.2041015625
000d7d20_1661,11748.1689453125
000d7d20_1662,11748.1953125
000d7d20_1663,11748.1865234375
000d7d20_1664,11748.1484375
000d7d20_1665,11748.1494140625
000d7d20_1666,11748.1015625
000d7d20_1667,11748.1220703125
000d7d20_1668,11748.1005859375
000d7d20_1669,11748.13671875
000d7d20_1670,11748.09375
000d7d20_1671,11748.1572265625
000d7d20_1672,11748.1328125
000d7d20_1673,11748.1279296875
000d7d20_1674,11748.1455078125
000d7d20_1675,11748.197265625
000d7d20_1676,11748.1650390625
000d7d20_1677,11748.2080078125
000d7d20_1678,11748.1513671875
000d7d20_1679,11748.1796875
000d7d20_1680,11748.162109375
000d7d20_1681,11748.177734375
000d7d20_1682,11748.1591796875
000d7d20_1683,11748.2001953125
000d7d20_1684,11748.158203125
000d7d20_1685,11748.1796875
000d7d20_1686,11748.16796875
000d7d20_1687,11748.17578125
000d7d20_1688,11748.154296875
000d7d20_1689,11748.1650390625
000d7d20_1690,11748.1328125
000d7d20_1691,11748.1943359375
000d7d20_1692,11748.1513671875
000d7d20_1693,11748.3642578125
000d7d20_1694,11748.3349609375
000d7d20_1695,11748.30859375
000d7d20_1696,11748.3544921875
000d7d20_1697,11748.36328125
000d7d20_1698,11748.357421875
000d7d20_1699,11748.3623046875
000d7d20_1700,11748.361328125
000d7d20_1701,11748.328125
000d7d20_1702,11748.3359375
000d7d20_1703,11748.3330078125
000d7d20_1704,11748.2783203125
000d7d20_1705,11748.2724609375
000d7d20_1706,11748.2490234375
000d7d20_1707,11748.2275390625
000d7d20_1708,11748.212890625
000d7d20_1709,11748.2138671875
000d7d20_1710,11748.19921875
000d7d20_1711,11748.146484375
000d7d20_1712,11748.146484375
000d7d20_1713,11748.11328125
000d7d20_1714,11748.1396484375
000d7d20_1715,11748.1494140625
000d7d20_1716,11748.1474609375
000d7d20_1717,11748.146484375
000d7d20_1718,11748.1572265625
000d7d20_1719,11748.140625
000d7d20_1720,11748.130859375
000d7d20_1721,11748.068359375
000d7d20_1722,11748.1044921875
000d7d20_1723,11748.0927734375
000d7d20_1724,11748.08984375
000d7d20_1725,11748.06640625
000d7d20_1726,11748.037109375
000d7d20_1727,11748.0751953125
000d7d20_1728,11748.07421875
000d7d20_1729,11748.0791015625
000d7d20_1730,11748.07421875
000d7d20_1731,11748.0888671875
000d7d20_1732,11748.0654296875
000d7d20_1733,11748.048828125
000d7d20_1734,11747.96875
000d7d20_1735,11747.935546875
000d7d20_1736,11747.8916015625
000d7d20_1737,11747.9423828125
000d7d20_1738,11747.919921875
000d7d20_1739,11747.9248046875
000d7d20_1740,11747.939453125
000d7d20_1741,11747.8740234375
000d7d20_1742,11747.89453125
000d7d20_1743,11747.8564453125
000d7d20_1744,11747.8515625
000d7d20_1745,11747.7890625
000d7d20_1746,11747.8173828125
000d7d20_1747,11747.8115234375
000d7d20_1748,11747.7900390625
000d7d20_1749,11747.814453125
000d7d20_1750,11747.81640625
000d7d20_1751,11747.8203125
000d7d20_1752,11747.8271484375
000d7d20_1753,11747.8466796875
000d7d20_1754,11747.859375
000d7d20_1755,11747.9189453125
000d7d20_1756,11747.921875
000d7d20_1757,11747.9267578125
000d7d20_1758,11747.9228515625
000d7d20_1759,11747.92578125
000d7d20_1760,11747.91796875
000d7d20_1761,11747.9287109375
000d7d20_1762,11747.9228515625
000d7d20_1763,11747.9228515625
000d7d20_1764,11747.89453125
000d7d20_1765,11747.9052734375
000d7d20_1766,11747.9775390625
000d7d20_1767,11747.9951171875
000d7d20_1768,11748.044921875
000d7d20_1769,11748.0224609375
000d7d20_1770,11748.076171875
000d7d20_1771,11748.1396484375
000d7d20_1772,11748.123046875
000d7d20_1773,11748.1328125
000d7d20_1774,11748.15234375
000d7d20_1775,11748.1640625
000d7d20_1776,11748.1806640625
000d7d20_1777,11748.1513671875
000d7d20_1778,11748.1416015625
000d7d20_1779,11748.126953125
000d7d20_1780,11748.232421875
000d7d20_1781,11748.220703125
000d7d20_1782,11748.236328125
000d7d20_1783,11748.2314453125
000d7d20_1784,11748.248046875
000d7d20_1785,11748.2744140625
000d7d20_1786,11748.28515625
000d7d20_1787,11748.298828125
000d7d20_1788,11748.3173828125
000d7d20_1789,11748.310546875
000d7d20_1790,11748.3173828125
000d7d20_1791,11748.3896484375
000d7d20_1792,11748.3583984375
000d7d20_1793,11748.365234375
000d7d20_1794,11748.3359375
000d7d20_1795,11748.3251953125
000d7d20_1796,11748.337890625
000d7d20_1797,11748.345703125
000d7d20_1798,11748.3701171875
000d7d20_1799,11748.3203125
000d7d20_1800,11748.19140625
000d7d20_1801,11748.1826171875
000d7d20_1802,11748.1953125
000d7d20_1803,11748.0771484375
000d7d20_1804,11748.046875
000d7d20_1805,11748.046875
000d7d20_1806,11748.0341796875
000d7d20_1807,11748.0224609375
000d7d20_1808,11747.9873046875
000d7d20_1809,11747.998046875
000d7d20_1810,11747.984375
000d7d20_1811,11747.8974609375
000d7d20_1812,11747.9052734375
000d7d20_1813,11747.9599609375
000d7d20_1814,11747.9404296875
000d7d20_1815,11747.94921875
000d7d20_1816,11747.984375
000d7d20_1817,11747.982421875
000d7d20_1818,11747.9755859375
000d7d20_1819,11747.9736328125
000d7d20_1820,11747.9775390625
000d7d20_1821,11747.9560546875
000d7d20_1822,11747.955078125
000d7d20_1823,11747.935546875
000d7d20_1824,11747.9609375
000d7d20_1825,11747.9501953125
000d7d20_1826,11748.0263671875
000d7d20_1827,11747.865234375
000d7d20_1828,11747.9111328125
000d7d20_1829,11747.9404296875
000d7d20_1830,11747.9013671875
000d7d20_1831,11747.935546875
000d7d20_1832,11747.9267578125
000d7d20_1833,11747.986328125
000d7d20_1834,11748.01953125
000d7d20_1835,11748.0087890625
000d7d20_1836,11748.0078125
000d7d20_1837,11748.001953125
000d7d20_1838,11747.9970703125
000d7d20_1839,11748.0185546875
000d7d20_1840,11748.0166015625
000d7d20_1841,11748.0185546875
000d7d20_1842,11748.02734375
000d7d20_1843,11748.03125
000d7d20_1844,11748.0234375
000d7d20_1845,11748.0263671875
000d7d20_1846,11748.0390625
000d7d20_1847,11748.03515625
000d7d20_1848,11748.0380859375
000d7d20_1849,11748.0341796875
000d7d20_1850,11748.0517578125
000d7d20_1851,11748.03515625
000d7d20_1852,11748.0380859375
000d7d20_1853,11748.0390625
000d7d20_1854,11748.044921875
000d7d20_1855,11748.03515625
000d7d20_1856,11748.0380859375
000d7d20_1857,11748.013671875
000d7d20_1858,11748.02734375
000d7d20_1859,11748.037109375
000d7d20_1860,11748.048828125
000d7d20_1861,11748.0517578125
000d7d20_1862,11748.056640625
000d7d20_1863,11748.046875
000d7d20_1864,11748.0283203125
000d7d20_1865,11748.052734375
000d7d20_1866,11748.064453125
000d7d20_1867,11748.2373046875
000d7d20_1868,11748.2412109375
000d7d20_1869,11748.2255859375
000d7d20_1870,11748.208984375
000d7d20_1871,11748.212890625
000d7d20_1872,11748.2216796875
000d7d20_1873,11748.2119140625
000d7d20_1874,11748.2001953125
000d7d20_1875,11748.1533203125
000d7d20_1876,11748.177734375
000d7d20_1877,11748.177734375
000d7d20_1878,11748.1630859375
000d7d20_1879,11748.177734375
000d7d20_1880,11748.19140625
000d7d20_1881,11748.1513671875
000d7d20_1882,11748.1943359375
000d7d20_1883,11748.1728515625
000d7d20_1884,11748.154296875
000d7d20_1885,11748.11328125
000d7d20_1886,11748.1240234375
000d7d20_1887,11748.103515625
000d7d20_1888,11748.12890625
000d7d20_1889,11748.0615234375
000d7d20_1890,11748.0302734375
000d7d20_1891,11748.0048828125
000d7d20_1892,11748.0087890625
000d7d20_1893,11747.9970703125
000d7d20_1894,11747.966796875
000d7d20_1895,11747.9736328125
000d7d20_1896,11747.9677734375
000d7d20_1897,11747.9462890625
000d7d20_1898,11747.94140625
000d7d20_1899,11747.9384765625
000d7d20_1900,11747.927734375
000d7d20_1901,11747.96875
000d7d20_1902,11747.9609375
000d7d20_1903,11747.94140625
000d7d20_1904,11747.966796875
000d7d20_1905,11747.9794921875
000d7d20_1906,11747.982421875
000d7d20_1907,11747.96875
000d7d20_1908,11747.951171875
000d7d20_1909,11747.9599609375
000d7d20_1910,11747.9736328125
000d7d20_1911,11747.9814453125
000d7d20_1912,11747.962890625
000d7d20_1913,11747.9775390625
000d7d20_1914,11747.9501953125
000d7d20_1915,11747.9716796875
000d7d20_1916,11747.974609375
000d7d20_1917,11748.060546875
000d7d20_1918,11748.1025390625
000d7d20_1919,11748.04296875
000d7d20_1920,11747.96875
000d7d20_1921,11747.9326171875
000d7d20_1922,11747.935546875
000d7d20_1923,11747.9189453125
000d7d20_1924,11747.9365234375
000d7d20_1925,11747.9345703125
000d7d20_1926,11747.9521484375
000d7d20_1927,11747.9658203125
000d7d20_1928,11748.001953125
000d7d20_1929,11747.982421875
000d7d20_1930,11747.9658203125
000d7d20_1931,11747.935546875
000d7d20_1932,11747.8681640625
000d7d20_1933,11747.9443359375
000d7d20_1934,11748.087890625
000d7d20_1935,11748.3349609375
000d7d20_1936,11748.3544921875
000d7d20_1937,11748.5390625
000d7d20_1938,11748.5888671875
000d7d20_1939,11748.5966796875
000d7d20_1940,11748.5927734375
000d7d20_1941,11748.6064453125
000d7d20_1942,11748.5849609375
000d7d20_1943,11748.6982421875
000d7d20_1944,11748.9072265625
000d7d20_1945,11748.955078125
000d7d20_1946,11748.9716796875
000d7d20_1947,11748.98828125
000d7d20_1948,11748.998046875
000d7d20_1949,11749.0224609375
000d7d20_1950,11749.037109375
000d7d20_1951,11749.0771484375
000d7d20_1952,11749.2822265625
000d7d20_1953,11749.3056640625
000d7d20_1954,11749.3203125
000d7d20_1955,11749.30859375
000d7d20_1956,11749.33984375
000d7d20_1957,11749.34375
000d7d20_1958,11749.232421875
000d7d20_1959,11749.2646484375
000d7d20_1960,11749.2587890625
000d7d20_1961,11749.212890625
000d7d20_1962,11749.16015625
000d7d20_1963,11748.9716796875
000d7d20_1964,11748.841796875
000d7d20_1965,11748.806640625
000d7d20_1966,11748.744140625
000d7d20_1967,11748.701171875
000d7d20_1968,11748.732421875
000d7d20_1969,11748.7431640625
000d7d20_1970,11748.7392578125
000d7d20_1971,11748.73046875
000d7d20_1972,11748.7236328125
000d7d20_1973,11748.7021484375
000d7d20_1974,11748.693359375
000d7d20_1975,11748.6884765625
000d7d20_1976,11748.634765625
000d7d20_1977,11748.619140625
000d7d20_1978,11748.6171875
000d7d20_1979,11748.595703125
000d7d20_1980,11748.5556640625
000d7d20_1981,11748.5576171875
000d7d20_1982,11748.5703125
000d7d20_1983,11748.5732421875
000d7d20_1984,11748.560546875
000d7d20_1985,11748.5478515625
000d7d20_1986,11748.5751953125
000d7d20_1987,11748.4697265625
000d7d20_1988,11748.3828125
000d7d20_1989,11748.4072265625
000d7d20_1990,11748.3916015625
000d7d20_1991,11748.3779296875
000d7d20_1992,11748.3583984375
000d7d20_1993,11748.3291015625
000d7d20_1994,11748.3232421875
000d7d20_1995,11748.3095703125
000d7d20_1996,11748.29296875
000d7d20_1997,11748.287109375
000d7d20_1998,11748.2783203125
000d7d20_1999,11748.28515625
000d7d20_2000,11748.27734375
000d7d20_2001,11748.24609375
000d7d20_2002,11748.09375
000d7d20_2003,11748.1005859375
000d7d20_2004,11748.1044921875
000d7d20_2005,11748.13671875
000d7d20_2006,11748.09375
000d7d20_2007,11748.189453125
000d7d20_2008,11748.2119140625
000d7d20_2009,11748.287109375
000d7d20_2010,11748.36328125
000d7d20_2011,11748.3076171875
000d7d20_2012,11748.5791015625
000d7d20_2013,11748.7138671875
000d7d20_2014,11748.7353515625
000d7d20_2015,11748.6904296875
000d7d20_2016,11748.6875
000d7d20_2017,11748.7509765625
000d7d20_2018,11748.80859375
000d7d20_2019,11748.8408203125
000d7d20_2020,11748.8134765625
000d7d20_2021,11748.8447265625
000d7d20_2022,11748.8203125
000d7d20_2023,11748.78125
000d7d20_2024,11748.8330078125
000d7d20_2025,11748.8046875
000d7d20_2026,11748.8046875
000d7d20_2027,11748.7998046875
000d7d20_2028,11748.7880859375
000d7d20_2029,11748.8291015625
000d7d20_2030,11748.779296875
000d7d20_2031,11748.8056640625
000d7d20_2032,11748.7978515625
000d7d20_2033,11748.7783203125
000d7d20_2034,11748.78515625
000d7d20_2035,11748.8056640625
000d7d20_2036,11748.78515625
000d7d20_2037,11748.8310546875
000d7d20_2038,11748.86328125
000d7d20_2039,11748.88671875
000d7d20_2040,11748.9404296875
000d7d20_2041,11748.935546875
000d7d20_2042,11748.9287109375
000d7d20_2043,11748.931640625
000d7d20_2044,11748.9482421875
000d7d20_2045,11748.9140625
000d7d20_2046,11748.9169921875
000d7d20_2047,11748.9296875
000d7d20_2048,11748.9306640625
000d7d20_2049,11748.9775390625
000d7d20_2050,11749.0625
000d7d20_2051,11749.044921875
000d7d20_2052,11749.091796875
000d7d20_2053,11749.1318359375
000d7d20_2054,11749.1513671875
000d7d20_2055,11749.123046875
000d7d20_2056,11749.1416015625
000d7d20_2057,11749.154296875
000d7d20_2058,11749.1015625
000d7d20_2059,11749.1064453125
000d7d20_2060,11749.142578125
000d7d20_2061,11749.1240234375
000d7d20_2062,11749.16015625
000d7d20_2063,11749.15234375
000d7d20_2064,11749.169921875
000d7d20_2065,11749.2197265625
000d7d20_2066,11749.16796875
000d7d20_2067,11749.15234375
000d7d20_2068,11749.1611328125
000d7d20_2069,11749.181640625
000d7d20_2070,11749.1689453125
000d7d20_2071,11749.1494140625
000d7d20_2072,11749.3427734375
000d7d20_2073,11749.37109375
000d7d20_2074,11749.359375
000d7d20_2075,11749.3603515625
000d7d20_2076,11749.349609375
000d7d20_2077,11749.3740234375
000d7d20_2078,11749.3671875
000d7d20_2079,11749.3720703125
000d7d20_2080,11749.3818359375
000d7d20_2081,11749.3486328125
000d7d20_2082,11749.36328125
000d7d20_2083,11749.359375
000d7d20_2084,11749.298828125
000d7d20_2085,11749.2939453125
000d7d20_2086,11749.328125
000d7d20_2087,11749.318359375
000d7d20_2088,11749.35546875
000d7d20_2089,11749.302734375
000d7d20_2090,11749.3701171875
000d7d20_2091,11749.3466796875
000d7d20_2092,11749.333984375
000d7d20_2093,11749.3466796875
000d7d20_2094,11749.283203125
000d7d20_2095,11749.337890625
000d7d20_2096,11749.2607421875
000d7d20_2097,11749.3310546875
000d7d20_2098,11749.3193359375
000d7d20_2099,11749.2646484375
000d7d20_2100,11749.248046875
000d7d20_2101,11749.2998046875
000d7d20_2102,11749.2568359375
000d7d20_2103,11749.240234375
000d7d20_2104,11749.2109375
000d7d20_2105,11749.2666015625
000d7d20_2106,11749.205078125
000d7d20_2107,11749.248046875
000d7d20_2108,11749.259765625
000d7d20_2109,11749.1796875
000d7d20_2110,11749.078125
000d7d20_2111,11749.166015625
000d7d20_2112,11749.16015625
000d7d20_2113,11749.1455078125
000d7d20_2114,11749.1474609375
000d7d20_2115,11749.2119140625
000d7d20_2116,11749.1572265625
000d7d20_2117,11749.150390625
000d7d20_2118,11749.134765625
000d7d20_2119,11749.1494140625
000d7d20_2120,11749.169921875
000d7d20_2121,11749.1162109375
000d7d20_2122,11749.1650390625
000d7d20_2123,11749.2490234375
000d7d20_2124,11749.275390625
000d7d20_2125,11749.3232421875
000d7d20_2126,11749.2197265625
000d7d20_2127,11749.2412109375
000d7d20_2128,11749.248046875
000d7d20_2129,11749.2353515625
000d7d20_2130,11749.294921875
000d7d20_2131,11749.2822265625
000d7d20_2132,11749.251953125
000d7d20_2133,11749.2783203125
000d7d20_2134,11749.255859375
000d7d20_2135,11749.2744140625
000d7d20_2136,11749.287109375
000d7d20_2137,11749.3251953125
000d7d20_2138,11749.306640625
000d7d20_2139,11749.240234375
000d7d20_2140,11749.228515625
000d7d20_2141,11749.2421875
000d7d20_2142,11749.2763671875
000d7d20_2143,11749.2685546875
000d7d20_2144,11749.2880859375
000d7d20_2145,11749.3095703125
000d7d20_2146,11749.3056640625
000d7d20_2147,11749.23046875
000d7d20_2148,11749.275390625
000d7d20_2149,11749.1982421875
000d7d20_2150,11749.236328125
000d7d20_2151,11749.2197265625
000d7d20_2152,11749.228515625
000d7d20_2153,11749.234375
000d7d20_2154,11749.234375
000d7d20_2155,11749.234375
000d7d20_2156,11749.1953125
000d7d20_2157,11749.2060546875
000d7d20_2158,11749.2373046875
000d7d20_2159,11749.2197265625
000d7d20_2160,11749.240234375
000d7d20_2161,11749.2216796875
000d7d20_2162,11749.25
000d7d20_2163,11749.2314453125
000d7d20_2164,11749.216796875
000d7d20_2165,11749.1826171875
000d7d20_2166,11749.1806640625
000d7d20_2167,11749.220703125
000d7d20_2168,11749.2060546875
000d7d20_2169,11749.220703125
000d7d20_2170,11749.232421875
000d7d20_2171,11749.2978515625
000d7d20_2172,11749.251953125
000d7d20_2173,11749.201171875
000d7d20_2174,11749.1767578125
000d7d20_2175,11749.064453125
000d7d20_2176,11749.0908203125
000d7d20_2177,11749.1337890625
000d7d20_2178,11749.095703125
000d7d20_2179,11749.10546875
000d7d20_2180,11749.1298828125
000d7d20_2181,11749.0849609375
000d7d20_2182,11749.14453125
000d7d20_2183,11749.12890625
000d7d20_2184,11749.1025390625
000d7d20_2185,11749.0625
000d7d20_2186,11749.0986328125
000d7d20_2187,11749.009765625
000d7d20_2188,11749.009765625
000d7d20_2189,11749.00390625
000d7d20_2190,11748.986328125
000d7d20_2191,11749.01953125
000d7d20_2192,11748.9736328125
000d7d20_2193,11748.966796875
000d7d20_2194,11749.0166015625
000d7d20_2195,11748.9853515625
000d7d20_2196,11749.013671875
000d7d20_2197,11749.0126953125
000d7d20_2198,11749.0048828125
000d7d20_2199,11749.001953125
000d7d20_2200,11749.0068359375
000d7d20_2201,11749.0009765625
000d7d20_2202,11748.986328125
000d7d20_2203,11748.9599609375
000d7d20_2204,11748.9560546875
000d7d20_2205,11748.9873046875
000d7d20_2206,11748.896484375
000d7d20_2207,11748.9287109375
000d7d20_2208,11748.8857421875
000d7d20_2209,11749.2724609375
000d7d20_2210,11749.2998046875
000d7d20_2211,11749.2529296875
000d7d20_2212,11749.2451171875
000d7d20_2213,11749.177734375
000d7d20_2214,11749.189453125
000d7d20_2215,11749.208984375
000d7d20_2216,11749.2216796875
000d7d20_2217,11749.251953125
000d7d20_2218,11749.181640625
000d7d20_2219,11749.212890625
000d7d20_2220,11749.1875
000d7d20_2221,11749.2099609375
000d7d20_2222,11749.1962890625
000d7d20_2223,11749.1982421875
000d7d20_2224,11749.1904296875
000d7d20_2225,11749.1728515625
000d7d20_2226,11749.18359375
000d7d20_2227,11749.173828125
000d7d20_2228,11749.1728515625
000d7d20_2229,11749.2197265625
000d7d20_2230,11749.228515625
000d7d20_2231,11749.205078125
000d7d20_2232,11749.208984375
000d7d20_2233,11749.2109375
000d7d20_2234,11749.2109375
000d7d20_2235,11749.0908203125
000d7d20_2236,11749.1875
000d7d20_2237,11749.1904296875
000d7d20_2238,11749.1689453125
000d7d20_2239,11749.1865234375
000d7d20_2240,11749.2763671875
000d7d20_2241,11749.2861328125
000d7d20_2242,11749.3291015625
000d7d20_2243,11749.4501953125
000d7d20_2244,11749.4619140625
000d7d20_2245,11749.45703125
000d7d20_2246,11749.4091796875
000d7d20_2247,11749.412109375
000d7d20_2248,11749.4287109375
000d7d20_2249,11749.4423828125
000d7d20_2250,11749.4140625
000d7d20_2251,11749.419921875
000d7d20_2252,11749.4521484375
000d7d20_2253,11749.484375
000d7d20_2254,11749.4873046875
000d7d20_2255,11749.48046875
000d7d20_2256,11749.46484375
000d7d20_2257,11749.4619140625
000d7d20_2258,11749.46484375
000d7d20_2259,11749.453125
000d7d20_2260,11749.44140625
000d7d20_2261,11749.439453125
000d7d20_2262,11749.4267578125
000d7d20_2263,11749.4521484375
000d7d20_2264,11749.435546875
000d7d20_2265,11749.4345703125
000d7d20_2266,11749.46484375
000d7d20_2267,11749.5029296875
000d7d20_2268,11749.494140625
000d7d20_2269,11749.4833984375
000d7d20_2270,11749.4482421875
000d7d20_2271,11749.4990234375
000d7d20_2272,11749.59375
000d7d20_2273,11749.6171875
000d7d20_2274,11749.5927734375
000d7d20_2275,11749.5966796875
000d7d20_2276,11749.568359375
000d7d20_2277,11749.5810546875
000d7d20_2278,11749.5654296875
000d7d20_2279,11749.50390625
000d7d20_2280,11749.4453125
000d7d20_2281,11749.4130859375
000d7d20_2282,11749.3544921875
000d7d20_2283,11749.40234375
000d7d20_2284,11749.376953125
000d7d20_2285,11749.201171875
000d7d20_2286,11749.1806640625
000d7d20_2287,11749.2529296875
000d7d20_2288,11749.1806640625
000d7d20_2289,11749.1455078125
000d7d20_2290,11749.14453125
000d7d20_2291,11749.19140625
000d7d20_2292,11749.16796875
000d7d20_2293,11749.107421875
000d7d20_2294,11749.0908203125
000d7d20_2295,11749.0869140625
000d7d20_2296,11749.0888671875
000d7d20_2297,11749.4375
000d7d20_2298,11749.462890625
000d7d20_2299,11749.4404296875
000d7d20_2300,11749.4443359375
000d7d20_2301,11749.4326171875
000d7d20_2302,11749.4169921875
000d7d20_2303,11749.4150390625
000d7d20_2304,11749.4384765625
000d7d20_2305,11749.396484375
000d7d20_2306,11749.357421875
000d7d20_2307,11749.3154296875
000d7d20_2308,11749.1962890625
000d7d20_2309,11749.0693359375
000d7d20_2310,11749.0576171875
000d7d20_2311,11749.017578125
000d7d20_2312,11749.009765625
000d7d20_2313,11748.986328125
000d7d20_2314,11749.0009765625
000d7d20_2315,11748.94140625
000d7d20_2316,11748.8984375
000d7d20_2317,11748.8359375
000d7d20_2318,11748.712890625
000d7d20_2319,11748.6806640625
000d7d20_2320,11748.7001953125
000d7d20_2321,11748.6650390625
000d7d20_2322,11748.6376953125
000d7d20_2323,11748.5986328125
000d7d20_2324,11748.5791015625
000d7d20_2325,11748.55859375
000d7d20_2326,11748.552734375
000d7d20_2327,11748.580078125
000d7d20_2328,11748.8271484375
000d7d20_2329,11748.9814453125
000d7d20_2330,11748.8681640625
000d7d20_2331,11749.25
000d7d20_2332,11749.2314453125
000d7d20_2333,11749.1142578125
000d7d20_2334,11749.09765625
000d7d20_2335,11749.3095703125
000d7d20_2336,11749.228515625
000d7d20_2337,11749.2783203125
000d7d20_2338,11749.31640625
000d7d20_2339,11749.271484375
000d7d20_2340,11749.3603515625
000d7d20_2341,11749.310546875
000d7d20_2342,11749.3466796875
000d7d20_2343,11749.3359375
000d7d20_2344,11749.3125
000d7d20_2345,11749.28125
000d7d20_2346,11749.171875
000d7d20_2347,11749.123046875
000d7d20_2348,11749.041015625
000d7d20_2349,11748.951171875
000d7d20_2350,11748.880859375
000d7d20_2351,11748.8564453125
000d7d20_2352,11748.8134765625
000d7d20_2353,11748.8388671875
000d7d20_2354,11748.8310546875
000d7d20_2355,11748.8046875
000d7d20_2356,11748.787109375
000d7d20_2357,11748.755859375
000d7d20_2358,11748.724609375
000d7d20_2359,11748.7109375
000d7d20_2360,11748.6337890625
000d7d20_2361,11748.62890625
000d7d20_2362,11748.6416015625
000d7d20_2363,11748.650390625
000d7d20_2364,11748.669921875
000d7d20_2365,11748.525390625
000d7d20_2366,11748.455078125
000d7d20_2367,11748.3388671875
000d7d20_2368,11748.1533203125
000d7d20_2369,11748.0478515625
000d7d20_2370,11748.0419921875
000d7d20_2371,11747.9794921875
000d7d20_2372,11747.9521484375
000d7d20_2373,11747.908203125
000d7d20_2374,11747.8671875
000d7d20_2375,11747.8330078125
000d7d20_2376,11747.8154296875
000d7d20_2377,11747.828125
000d7d20_2378,11747.791015625
000d7d20_2379,11747.79296875
000d7d20_2380,11747.69921875
000d7d20_2381,11747.6259765625
000d7d20_2382,11747.5400390625
000d7d20_2383,11747.4931640625
000d7d20_2384,11747.4921875
000d7d20_2385,11747.560546875
000d7d20_2386,11747.6435546875
000d7d20_2387,11747.73828125
000d7d20_2388,11747.677734375
000d7d20_2389,11747.5859375
000d7d20_2390,11747.6123046875
000d7d20_2391,11747.63671875
000d7d20_2392,11747.6748046875
000d7d20_2393,11747.6513671875
000d7d20_2394,11747.5908203125
000d7d20_2395,11747.6025390625
000d7d20_2396,11747.6123046875
000d7d20_2397,11747.7841796875
000d7d20_2398,11747.9033203125
000d7d20_2399,11748.01171875
000d7d20_2400,11747.994140625
000d7d20_2401,11747.9609375
000d7d20_2402,11748.0048828125
000d7d20_2403,11748.1171875
000d7d20_2404,11748.0810546875
000d7d20_2405,11748.15625
000d7d20_2406,11748.1337890625
000d7d20_2407,11748.1640625
000d7d20_2408,11748.1708984375
000d7d20_2409,11748.1591796875
000d7d20_2410,11748.14453125
000d7d20_2411,11748.16015625
000d7d20_2412,11748.0986328125
000d7d20_2413,11748.212890625
000d7d20_2414,11748.19140625
000d7d20_2415,11748.201171875
000d7d20_2416,11748.1982421875
000d7d20_2417,11748.2177734375
000d7d20_2418,11748.1962890625
000d7d20_2419,11748.2099609375
000d7d20_2420,11748.220703125
000d7d20_2421,11748.2294921875
000d7d20_2422,11748.2099609375
000d7d20_2423,11748.23828125
000d7d20_2424,11748.23828125
000d7d20_2425,11748.2607421875
000d7d20_2426,11748.2646484375
000d7d20_2427,11748.2236328125
000d7d20_2428,11748.142578125
000d7d20_2429,11748.1103515625
000d7d20_2430,11748.03125
000d7d20_2431,11748.0078125
000d7d20_2432,11747.98046875
000d7d20_2433,11747.953125
000d7d20_2434,11747.9638671875
000d7d20_2435,11747.962890625
000d7d20_2436,11747.9482421875
000d7d20_2437,11748.0126953125
000d7d20_2438,11747.962890625
000d7d20_2439,11747.9599609375
000d7d20_2440,11747.916015625
000d7d20_2441,11747.90625
000d7d20_2442,11747.9384765625
000d7d20_2443,11747.8994140625
000d7d20_2444,11747.8642578125
000d7d20_2445,11747.857421875
000d7d20_2446,11747.8505859375
000d7d20_2447,11747.8681640625
000d7d20_2448,11747.8271484375
000d7d20_2449,11747.814453125
000d7d20_2450,11747.7431640625
000d7d20_2451,11747.720703125
000d7d20_2452,11747.7255859375
000d7d20_2453,11747.6171875
000d7d20_2454,11747.6123046875
000d7d20_2455,11747.59375
000d7d20_2456,11747.552734375
000d7d20_2457,11747.5322265625
000d7d20_2458,11747.4931640625
000d7d20_2459,11747.4501953125
000d7d20_2460,11747.48828125
000d7d20_2461,11747.470703125
000d7d20_2462,11747.466796875
000d7d20_2463,11747.443359375
000d7d20_2464,11747.3837890625
000d7d20_2465,11747.376953125
000d7d20_2466,11747.384765625
000d7d20_2467,11747.39453125
000d7d20_2468,11747.392578125
000d7d20_2469,11747.349609375
000d7d20_2470,11747.322265625
000d7d20_2471,11747.326171875
000d7d20_2472,11747.3212890625
000d7d20_2473,11747.25390625
000d7d20_2474,11747.263671875
000d7d20_2475,11747.29296875
000d7d20_2476,11747.326171875
000d7d20_2477,11747.380859375
000d7d20_2478,11747.39453125
000d7d20_2479,11747.3857421875
000d7d20_2480,11747.3916015625
000d7d20_2481,11747.3291015625
000d7d20_2482,11747.2890625
000d7d20_2483,11747.220703125
000d7d20_2484,11747.203125
000d7d20_2485,11747.1669921875
000d7d20_2486,11747.15625
000d7d20_2487,11747.12890625
000d7d20_2488,11747.1025390625
000d7d20_2489,11747.0546875
000d7d20_2490,11747.0302734375
000d7d20_2491,11746.99609375
000d7d20_2492,11746.9462890625
000d7d20_2493,11746.890625
000d7d20_2494,11746.8720703125
000d7d20_2495,11746.8701171875
000d7d20_2496,11746.83203125
000d7d20_2497,11746.845703125
000d7d20_2498,11746.830078125
000d7d20_2499,11746.8125
000d7d20_2500,11746.8095703125
000d7d20_2501,11746.830078125
000d7d20_2502,11746.8251953125
000d7d20_2503,11746.810546875
000d7d20_2504,11746.8056640625
000d7d20_2505,11746.79296875
000d7d20_2506,11746.7412109375
000d7d20_2507,11746.689453125
000d7d20_2508,11746.6455078125
000d7d20_2509,11746.62109375
000d7d20_2510,11746.646484375
000d7d20_2511,11746.6123046875
000d7d20_2512,11746.5615234375
000d7d20_2513,11746.55859375
000d7d20_2514,11746.5927734375
000d7d20_2515,11746.5859375
000d7d20_2516,11746.546875
000d7d20_2517,11746.52734375
000d7d20_2518,11746.5205078125
000d7d20_2519,11746.443359375
000d7d20_2520,11746.458984375
000d7d20_2521,11746.5390625
000d7d20_2522,11746.515625
000d7d20_2523,11746.4833984375
000d7d20_2524,11746.4833984375
000d7d20_2525,11746.4443359375
000d7d20_2526,11746.373046875
000d7d20_2527,11746.3359375
000d7d20_2528,11746.3486328125
000d7d20_2529,11746.37109375
000d7d20_2530,11746.388671875
000d7d20_2531,11746.345703125
000d7d20_2532,11746.3232421875
000d7d20_2533,11746.3447265625
000d7d20_2534,11746.3046875
000d7d20_2535,11746.306640625
000d7d20_2536,11746.3310546875
000d7d20_2537,11746.333984375
000d7d20_2538,11746.3642578125
000d7d20_2539,11746.3642578125
000d7d20_2540,11746.34765625
000d7d20_2541,11746.3349609375
000d7d20_2542,11746.1513671875
000d7d20_2543,11746.14453125
000d7d20_2544,11746.1630859375
000d7d20_2545,11746.15625
000d7d20_2546,11746.13671875
000d7d20_2547,11746.095703125
000d7d20_2548,11746.0791015625
000d7d20_2549,11746.0751953125
000d7d20_2550,11746.041015625
000d7d20_2551,11746.033203125
000d7d20_2552,11746.03125
000d7d20_2553,11746.025390625
000d7d20_2554,11746.0234375
000d7d20_2555,11746.0263671875
000d7d20_2556,11746.013671875
000d7d20_2557,11746.001953125
000d7d20_2558,11745.9970703125
000d7d20_2559,11745.9921875
000d7d20_2560,11745.9873046875
000d7d20_2561,11745.9541015625
000d7d20_2562,11745.955078125
000d7d20_2563,11746.0146484375
000d7d20_2564,11746.3525390625
000d7d20_2565,11746.3779296875
000d7d20_2566,11746.361328125
000d7d20_2567,11746.3544921875
000d7d20_2568,11746.3525390625
000d7d20_2569,11746.3837890625
000d7d20_2570,11746.42578125
000d7d20_2571,11746.4111328125
000d7d20_2572,11746.48828125
000d7d20_2573,11746.53515625
000d7d20_2574,11746.546875
000d7d20_2575,11746.5703125
000d7d20_2576,11746.564453125
000d7d20_2577,11746.5869140625
000d7d20_2578,11746.6904296875
000d7d20_2579,11746.6865234375
000d7d20_2580,11746.650390625
000d7d20_2581,11746.6025390625
000d7d20_2582,11746.6171875
000d7d20_2583,11746.5205078125
000d7d20_2584,11746.5234375
000d7d20_2585,11746.564453125
000d7d20_2586,11746.6298828125
000d7d20_2587,11746.6298828125
000d7d20_2588,11746.6083984375
000d7d20_2589,11746.5283203125
000d7d20_2590,11746.517578125
000d7d20_2591,11746.5029296875
000d7d20_2592,11746.4970703125
000d7d20_2593,11746.5029296875
000d7d20_2594,11746.4677734375
000d7d20_2595,11746.4423828125
000d7d20_2596,11746.4765625
000d7d20_2597,11746.4248046875
000d7d20_2598,11746.4736328125
000d7d20_2599,11746.4248046875
000d7d20_2600,11746.373046875
000d7d20_2601,11746.4287109375
000d7d20_2602,11746.3896484375
000d7d20_2603,11746.4609375
000d7d20_2604,11746.3623046875
000d7d20_2605,11746.3798828125
000d7d20_2606,11746.392578125
000d7d20_2607,11746.3662109375
000d7d20_2608,11746.5126953125
000d7d20_2609,11746.4111328125
000d7d20_2610,11746.47265625
000d7d20_2611,11746.3720703125
000d7d20_2612,11746.453125
000d7d20_2613,11746.46875
000d7d20_2614,11746.4521484375
000d7d20_2615,11746.4794921875
000d7d20_2616,11746.462890625
000d7d20_2617,11746.4609375
000d7d20_2618,11746.40625
000d7d20_2619,11746.38671875
000d7d20_2620,11746.359375
000d7d20_2621,11746.37109375
000d7d20_2622,11746.3583984375
000d7d20_2623,11746.44921875
000d7d20_2624,11746.4404296875
000d7d20_2625,11746.3955078125
000d7d20_2626,11746.3740234375
000d7d20_2627,11746.3125
000d7d20_2628,11746.328125
000d7d20_2629,11746.3076171875
000d7d20_2630,11746.3369140625
000d7d20_2631,11746.36328125
000d7d20_2632,11746.40625
000d7d20_2633,11746.431640625
000d7d20_2634,11746.423828125
000d7d20_2635,11746.4375
000d7d20_2636,11746.4287109375
000d7d20_2637,11746.4072265625
000d7d20_2638,11746.3916015625
000d7d20_2639,11746.4208984375
000d7d20_2640,11746.4248046875
000d7d20_2641,11746.44140625
000d7d20_2642,11746.4462890625
000d7d20_2643,11746.4267578125
000d7d20_2644,11746.435546875
000d7d20_2645,11746.431640625
000d7d20_2646,11746.4208984375
000d7d20_2647,11746.4267578125
000d7d20_2648,11746.5380859375
000d7d20_2649,11746.5517578125
000d7d20_2650,11746.5341796875
000d7d20_2651,11746.556640625
000d7d20_2652,11746.552734375
000d7d20_2653,11746.525390625
000d7d20_2654,11746.515625
000d7d20_2655,11746.5283203125
000d7d20_2656,11746.482421875
000d7d20_2657,11746.4697265625
000d7d20_2658,11746.451171875
000d7d20_2659,11746.4609375
000d7d20_2660,11746.4765625
000d7d20_2661,11746.453125
000d7d20_2662,11746.451171875
000d7d20_2663,11746.4560546875
000d7d20_2664,11746.4638671875
000d7d20_2665,11746.4873046875
000d7d20_2666,11746.4658203125
000d7d20_2667,11746.509765625
000d7d20_2668,11746.4970703125
000d7d20_2669,11746.44140625
000d7d20_2670,11746.451171875
000d7d20_2671,11746.470703125
000d7d20_2672,11746.4677734375
000d7d20_2673,11746.5009765625
000d7d20_2674,11746.5029296875
000d7d20_2675,11746.50390625
000d7d20_2676,11746.5107421875
000d7d20_2677,11746.5068359375
000d7d20_2678,11746.51171875
000d7d20_2679,11746.51171875
000d7d20_2680,11746.521484375
000d7d20_2681,11746.5029296875
000d7d20_2682,11746.51953125
000d7d20_2683,11746.5048828125
000d7d20_2684,11746.59375
000d7d20_2685,11746.59375
000d7d20_2686,11746.587890625
000d7d20_2687,11746.568359375
000d7d20_2688,11746.5537109375
000d7d20_2689,11746.60546875
000d7d20_2690,11746.609375
000d7d20_2691,11746.59765625
000d7d20_2692,11746.6357421875
000d7d20_2693,11746.638671875
000d7d20_2694,11746.6162109375
000d7d20_2695,11746.6181640625
000d7d20_2696,11746.61328125
000d7d20_2697,11746.5849609375
000d7d20_2698,11746.568359375
000d7d20_2699,11746.5625
000d7d20_2700,11746.5654296875
000d7d20_2701,11746.484375
000d7d20_2702,11746.3203125
000d7d20_2703,11746.3427734375
000d7d20_2704,11746.22265625
000d7d20_2705,11746.208984375
000d7d20_2706,11746.21875
000d7d20_2707,11746.2099609375
000d7d20_2708,11746.2177734375
000d7d20_2709,11746.244140625
000d7d20_2710,11746.3310546875
000d7d20_2711,11746.3193359375
000d7d20_2712,11746.341796875
000d7d20_2713,11746.466796875
000d7d20_2714,11746.470703125
000d7d20_2715,11746.46484375
000d7d20_2716,11746.4580078125
000d7d20_2717,11746.478515625
000d7d20_2718,11746.44921875
000d7d20_2719,11746.4521484375
000d7d20_2720,11746.4560546875
000d7d20_2721,11746.4541015625
000d7d20_2722,11746.4765625
000d7d20_2723,11746.4716796875
000d7d20_2724,11746.4560546875
000d7d20_2725,11746.4560546875
000d7d20_2726,11746.4599609375
000d7d20_2727,11746.451171875
000d7d20_2728,11746.4501953125
000d7d20_2729,11746.4326171875
000d7d20_2730,11746.5185546875
000d7d20_2731,11746.6474609375
000d7d20_2732,11746.6455078125
000d7d20_2733,11746.671875
000d7d20_2734,11746.6572265625
000d7d20_2735,11746.6435546875
000d7d20_2736,11746.6513671875
000d7d20_2737,11746.701171875
000d7d20_2738,11746.7109375
000d7d20_2739,11746.7001953125
000d7d20_2740,11746.71875
000d7d20_2741,11746.7216796875
000d7d20_2742,11746.716796875
000d7d20_2743,11746.8193359375
000d7d20_2744,11746.82421875
000d7d20_2745,11746.8955078125
000d7d20_2746,11746.9150390625
000d7d20_2747,11746.9306640625
000d7d20_2748,11746.94921875
000d7d20_2749,11746.939453125
000d7d20_2750,11746.951171875
000d7d20_2751,11746.958984375
000d7d20_2752,11746.9609375
000d7d20_2753,11747.01171875
000d7d20_2754,11746.98046875
000d7d20_2755,11747.0205078125
000d7d20_2756,11747.0029296875
000d7d20_2757,11747.060546875
000d7d20_2758,11747.052734375
000d7d20_2759,11747.0595703125
000d7d20_2760,11747.0595703125
000d7d20_2761,11747.0771484375
000d7d20_2762,11747.041015625
000d7d20_2763,11747.033203125
000d7d20_2764,11747.0576171875
000d7d20_2765,11747.0546875
000d7d20_2766,11747.0556640625
000d7d20_2767,11747.029296875
000d7d20_2768,11747.03515625
000d7d20_2769,11747.03515625
000d7d20_2770,11746.9951171875
000d7d20_2771,11746.8701171875
000d7d20_2772,11746.88671875
000d7d20_2773,11746.9404296875
000d7d20_2774,11746.923828125
000d7d20_2775,11746.923828125
000d7d20_2776,11746.9296875
000d7d20_2777,11746.88671875
000d7d20_2778,11746.880859375
000d7d20_2779,11746.8681640625
000d7d20_2780,11746.8603515625
000d7d20_2781,11746.8525390625
000d7d20_2782,11746.8359375
000d7d20_2783,11746.8212890625
000d7d20_2784,11746.8095703125
000d7d20_2785,11746.8232421875
000d7d20_2786,11746.8232421875
000d7d20_2787,11746.814453125
000d7d20_2788,11746.8154296875
000d7d20_2789,11746.798828125
000d7d20_2790,11746.78515625
000d7d20_2791,11746.72265625
000d7d20_2792,11746.72265625
000d7d20_2793,11746.7265625
000d7d20_2794,11746.7099609375
000d7d20_2795,11746.6640625
000d7d20_2796,11746.6474609375
000d7d20_2797,11746.642578125
000d7d20_2798,11746.6337890625
000d7d20_2799,11746.6318359375
000d7d20_2800,11746.5986328125
000d7d20_2801,11746.5693359375
000d7d20_2802,11746.560546875
000d7d20_2803,11746.548828125
000d7d20_2804,11746.5302734375
000d7d20_2805,11746.67578125
000d7d20_2806,11746.669921875
000d7d20_2807,11746.6650390625
000d7d20_2808,11746.6337890625
000d7d20_2809,11746.6845703125
000d7d20_2810,11746.642578125
000d7d20_2811,11746.6201171875
000d7d20_2812,11746.6025390625
000d7d20_2813,11746.6494140625
000d7d20_2814,11746.7646484375
000d7d20_2815,11746.7158203125
000d7d20_2816,11746.681640625
000d7d20_2817,11746.6455078125
000d7d20_2818,11746.650390625
000d7d20_2819,11746.62890625
000d7d20_2820,11746.6279296875
000d7d20_2821,11746.6171875
000d7d20_2822,11746.625
000d7d20_2823,11746.6064453125
000d7d20_2824,11746.619140625
000d7d20_2825,11746.6171875
000d7d20_2826,11746.619140625
000d7d20_2827,11746.6064453125
000d7d20_2828,11746.609375
000d7d20_2829,11746.6103515625
000d7d20_2830,11746.5908203125
000d7d20_2831,11746.5849609375
000d7d20_2832,11746.5791015625
000d7d20_2833,11746.58203125
000d7d20_2834,11746.57421875
000d7d20_2835,11746.5751953125
000d7d20_2836,11746.5615234375
000d7d20_2837,11746.5634765625
000d7d20_2838,11746.55859375
000d7d20_2839,11746.5634765625
000d7d20_2840,11746.560546875
000d7d20_2841,11746.5400390625
000d7d20_2842,11746.5576171875
000d7d20_2843,11746.5478515625
000d7d20_2844,11746.5458984375
000d7d20_2845,11746.51953125
000d7d20_2846,11746.5166015625
000d7d20_2847,11746.5224609375
000d7d20_2848,11746.5126953125
000d7d20_2849,11746.51171875
000d7d20_2850,11746.515625
000d7d20_2851,11746.505859375
000d7d20_2852,11746.5009765625
000d7d20_2853,11746.5
000d7d20_2854,11746.5029296875
000d7d20_2855,11746.5
000d7d20_2856,11746.4853515625
000d7d20_2857,11746.4873046875
000d7d20_2858,11746.482421875
000d7d20_2859,11746.509765625
000d7d20_2860,11746.486328125
000d7d20_2861,11746.46875
000d7d20_2862,11746.611328125
000d7d20_2863,11746.6044921875
000d7d20_2864,11746.5859375
000d7d20_2865,11746.591796875
000d7d20_2866,11746.6083984375
000d7d20_2867,11746.55859375
000d7d20_2868,11746.5517578125
000d7d20_2869,11746.56640625
000d7d20_2870,11746.4404296875
000d7d20_2871,11746.4443359375
000d7d20_2872,11746.43359375
000d7d20_2873,11746.427734375
000d7d20_2874,11746.416015625
000d7d20_2875,11746.404296875
000d7d20_2876,11746.3720703125
000d7d20_2877,11746.34765625
000d7d20_2878,11746.3486328125
000d7d20_2879,11746.3349609375
000d7d20_2880,11746.322265625
000d7d20_2881,11746.2841796875
000d7d20_2882,11746.28515625
000d7d20_2883,11746.2763671875
000d7d20_2884,11746.26171875
000d7d20_2885,11746.279296875
000d7d20_2886,11746.2255859375
000d7d20_2887,11746.189453125
000d7d20_2888,11746.1796875
000d7d20_2889,11746.1884765625
000d7d20_2890,11746.169921875
000d7d20_2891,11746.26171875
000d7d20_2892,11746.2548828125
000d7d20_2893,11746.25390625
000d7d20_2894,11746.205078125
000d7d20_2895,11746.1884765625
000d7d20_2896,11746.205078125
000d7d20_2897,11746.1904296875
000d7d20_2898,11746.2265625
000d7d20_2899,11746.2998046875
000d7d20_2900,11746.2861328125
000d7d20_2901,11746.279296875
000d7d20_2902,11746.265625
000d7d20_2903,11746.23046875
000d7d20_2904,11746.20703125
000d7d20_2905,11746.1650390625
000d7d20_2906,11746.181640625
000d7d20_2907,11746.173828125
000d7d20_2908,11746.1318359375
000d7d20_2909,11746.1162109375
000d7d20_2910,11746.16015625
000d7d20_2911,11746.1064453125
000d7d20_2912,11746.123046875
000d7d20_2913,11746.0908203125
000d7d20_2914,11746.130859375
000d7d20_2915,11746.140625
000d7d20_2916,11746.1083984375
000d7d20_2917,11746.0830078125
000d7d20_2918,11746.1025390625
000d7d20_2919,11746.12109375
000d7d20_2920,11746.095703125
000d7d20_2921,11746.0869140625
000d7d20_2922,11746.1259765625
000d7d20_2923,11746.099609375
000d7d20_2924,11746.080078125
000d7d20_2925,11746.05859375
000d7d20_2926,11746.0576171875
000d7d20_2927,11746.0498046875
000d7d20_2928,11746.0849609375
000d7d20_2929,11746.05859375
000d7d20_2930,11746.09765625
000d7d20_2931,11746.0556640625
000d7d20_2932,11746.0556640625
000d7d20_2933,11746.0439453125
000d7d20_2934,11746.08984375
000d7d20_2935,11746.076171875
000d7d20_2936,11746.0908203125
000d7d20_2937,11746.046875
000d7d20_2938,11746.0234375
000d7d20_2939,11746.05078125
000d7d20_2940,11746.0302734375
000d7d20_2941,11746.0
000d7d20_2942,11746.013671875
000d7d20_2943,11746.0205078125
000d7d20_2944,11745.982421875
000d7d20_2945,11745.9736328125
000d7d20_2946,11745.96484375
000d7d20_2947,11745.9423828125
000d7d20_2948,11746.15234375
000d7d20_2949,11746.1611328125
000d7d20_2950,11746.169921875
000d7d20_2951,11746.146484375
000d7d20_2952,11746.10546875
000d7d20_2953,11746.0732421875
000d7d20_2954,11746.076171875
000d7d20_2955,11746.0576171875
000d7d20_2956,11746.0478515625
000d7d20_2957,11746.029296875
000d7d20_2958,11745.990234375
000d7d20_2959,11745.9716796875
000d7d20_2960,11745.9443359375
000d7d20_2961,11745.8984375
000d7d20_2962,11745.8916015625
000d7d20_2963,11745.857421875
000d7d20_2964,11745.857421875
000d7d20_2965,11745.912109375
000d7d20_2966,11745.9169921875
000d7d20_2967,11745.9111328125
000d7d20_2968,11745.859375
000d7d20_2969,11745.859375
000d7d20_2970,11745.8466796875
000d7d20_2971,11745.828125
000d7d20_2972,11745.814453125
000d7d20_2973,11745.810546875
000d7d20_2974,11745.798828125
000d7d20_2975,11745.7822265625
000d7d20_2976,11745.7939453125
000d7d20_2977,11745.76171875
000d7d20_2978,11745.759765625
000d7d20_2979,11745.7783203125
000d7d20_2980,11745.76171875
000d7d20_2981,11745.7861328125
000d7d20_2982,11745.8115234375
000d7d20_2983,11745.8662109375
000d7d20_2984,11745.8017578125
000d7d20_2985,11745.8154296875
000d7d20_2986,11745.8076171875
000d7d20_2987,11745.8837890625
000d7d20_2988,11745.888671875
000d7d20_2989,11745.8837890625
000d7d20_2990,11745.87890625
000d7d20_2991,11745.8916015625
000d7d20_2992,11745.87109375
000d7d20_2993,11745.86328125
000d7d20_2994,11745.8720703125
000d7d20_2995,11745.865234375
000d7d20_2996,11745.8681640625
000d7d20_2997,11745.841796875
000d7d20_2998,11745.85546875
000d7d20_2999,11745.859375
000d7d20_3000,11745.8583984375
000d7d20_3001,11745.859375
000d7d20_3002,11745.8623046875
000d7d20_3003,11745.8291015625
000d7d20_3004,11745.82421875
000d7d20_3005,11745.8203125
000d7d20_3006,11745.8154296875
000d7d20_3007,11745.8271484375
000d7d20_3008,11745.8232421875
000d7d20_3009,11745.8232421875
000d7d20_3010,11745.7578125
000d7d20_3011,11745.744140625
000d7d20_3012,11745.740234375
000d7d20_3013,11745.7529296875
000d7d20_3014,11745.755859375
000d7d20_3015,11745.8076171875
000d7d20_3016,11745.798828125
000d7d20_3017,11745.8291015625
000d7d20_3018,11745.826171875
000d7d20_3019,11745.828125
000d7d20_3020,11745.826171875
000d7d20_3021,11745.8056640625
000d7d20_3022,11745.8203125
000d7d20_3023,11745.8291015625
000d7d20_3024,11745.8349609375
000d7d20_3025,11745.837890625
000d7d20_3026,11745.84765625
000d7d20_3027,11745.84765625
000d7d20_3028,11745.80859375
000d7d20_3029,11745.7548828125
000d7d20_3030,11745.748046875
000d7d20_3031,11745.7587890625
000d7d20_3032,11745.76171875
000d7d20_3033,11746.0400390625
000d7d20_3034,11746.0615234375
000d7d20_3035,11746.0927734375
000d7d20_3036,11746.0908203125
000d7d20_3037,11746.09375
000d7d20_3038,11746.0947265625
000d7d20_3039,11746.0166015625
000d7d20_3040,11746.021484375
000d7d20_3041,11746.0185546875
000d7d20_3042,11746.0263671875
000d7d20_3043,11746.013671875
000d7d20_3044,11745.9951171875
000d7d20_3045,11745.9658203125
000d7d20_3046,11745.970703125
000d7d20_3047,11745.9638671875
000d7d20_3048,11745.9453125
000d7d20_3049,11745.9140625
000d7d20_3050,11745.892578125
000d7d20_3051,11745.884765625
000d7d20_3052,11745.8828125
000d7d20_3053,11745.8642578125
000d7d20_3054,11745.8564453125
000d7d20_3055,11745.869140625
000d7d20_3056,11745.849609375
000d7d20_3057,11745.845703125
000d7d20_3058,11745.828125
000d7d20_3059,11745.8203125
000d7d20_3060,11745.80078125
000d7d20_3061,11745.78515625
000d7d20_3062,11745.796875
000d7d20_3063,11745.7646484375
000d7d20_3064,11745.73828125
000d7d20_3065,11745.7099609375
000d7d20_3066,11745.716796875
000d7d20_3067,11745.7109375
000d7d20_3068,11745.69921875
000d7d20_3069,11745.7060546875
000d7d20_3070,11745.6884765625
000d7d20_3071,11745.70703125
000d7d20_3072,11745.6640625
000d7d20_3073,11745.66015625
000d7d20_3074,11745.642578125
000d7d20_3075,11745.62890625
000d7d20_3076,11745.607421875
000d7d20_3077,11745.6044921875
000d7d20_3078,11745.5947265625
000d7d20_3079,11745.6728515625
000d7d20_3080,11745.6640625
000d7d20_3081,11745.669921875
000d7d20_3082,11745.7001953125
000d7d20_3083,11745.69921875
000d7d20_3084,11745.69921875
000d7d20_3085,11745.6884765625
000d7d20_3086,11745.6845703125
000d7d20_3087,11745.7119140625
000d7d20_3088,11745.744140625
000d7d20_3089,11745.7294921875
000d7d20_3090,11745.7587890625
000d7d20_3091,11745.736328125
000d7d20_3092,11745.7490234375
000d7d20_3093,11745.7734375
000d7d20_3094,11745.7744140625
000d7d20_3095,11745.7724609375
000d7d20_3096,11745.783203125
000d7d20_3097,11745.75390625
000d7d20_3098,11745.751953125
000d7d20_3099,11745.759765625
000d7d20_3100,11745.7734375
000d7d20_3101,11745.7392578125
000d7d20_3102,11745.8056640625
000d7d20_3103,11745.8115234375
000d7d20_3104,11745.826171875
000d7d20_3105,11745.8095703125
000d7d20_3106,11745.8759765625
000d7d20_3107,11745.9296875
000d7d20_3108,11745.978515625
000d7d20_3109,11746.056640625
000d7d20_3110,11746.083984375
000d7d20_3111,11746.0849609375
000d7d20_3112,11746.0966796875
000d7d20_3113,11746.0576171875
000d7d20_3114,11746.041015625
000d7d20_3115,11746.0478515625
000d7d20_3116,11746.03515625
000d7d20_3117,11746.0576171875
000d7d20_3118,11746.3408203125
000d7d20_3119,11746.3671875
000d7d20_3120,11746.3662109375
000d7d20_3121,11746.365234375
000d7d20_3122,11746.3720703125
000d7d20_3123,11746.4072265625
000d7d20_3124,11746.4384765625
000d7d20_3125,11746.431640625
000d7d20_3126,11746.421875
000d7d20_3127,11746.416015625
000d7d20_3128,11746.4326171875
000d7d20_3129,11746.458984375
000d7d20_3130,11746.482421875
000d7d20_3131,11746.46875
000d7d20_3132,11746.4560546875
000d7d20_3133,11746.4794921875
000d7d20_3134,11746.466796875
000d7d20_3135,11746.451171875
000d7d20_3136,11746.451171875
000d7d20_3137,11746.4833984375
000d7d20_3138,11746.4453125
000d7d20_3139,11746.4375
000d7d20_3140,11746.41796875
000d7d20_3141,11746.39453125
000d7d20_3142,11746.3642578125
000d7d20_3143,11746.3583984375
000d7d20_3144,11746.3486328125
000d7d20_3145,11746.337890625
000d7d20_3146,11746.3056640625
000d7d20_3147,11746.2822265625
000d7d20_3148,11746.2587890625
000d7d20_3149,11746.2509765625
000d7d20_3150,11746.2216796875
000d7d20_3151,11746.203125
000d7d20_3152,11746.2109375
000d7d20_3153,11746.1962890625
000d7d20_3154,11746.189453125
000d7d20_3155,11746.1650390625
000d7d20_3156,11746.1826171875
000d7d20_3157,11746.1533203125
000d7d20_3158,11746.2578125
000d7d20_3159,11746.2490234375
000d7d20_3160,11746.259765625
000d7d20_3161,11746.2451171875
000d7d20_3162,11746.220703125
000d7d20_3163,11746.2353515625
000d7d20_3164,11746.17578125
000d7d20_3165,11746.1435546875
000d7d20_3166,11746.1240234375
000d7d20_3167,11746.1162109375
000d7d20_3168,11746.111328125
000d7d20_3169,11746.1162109375
000d7d20_3170,11746.2021484375
000d7d20_3171,11746.1865234375
000d7d20_3172,11746.158203125
000d7d20_3173,11746.1376953125
000d7d20_3174,11746.115234375
000d7d20_3175,11746.1005859375
000d7d20_3176,11746.1005859375
000d7d20_3177,11746.0966796875
000d7d20_3178,11746.0810546875
000d7d20_3179,11746.0830078125
000d7d20_3180,11746.078125
000d7d20_3181,11746.0732421875
000d7d20_3182,11746.080078125
000d7d20_3183,11746.09375
000d7d20_3184,11746.1884765625
000d7d20_3185,11746.171875
000d7d20_3186,11746.099609375
000d7d20_3187,11746.0654296875
000d7d20_3188,11746.0966796875
000d7d20_3189,11746.1455078125
000d7d20_3190,11746.1357421875
000d7d20_3191,11746.1357421875
000d7d20_3192,11746.11328125
000d7d20_3193,11746.1015625
000d7d20_3194,11746.09765625
000d7d20_3195,11746.0927734375
000d7d20_3196,11746.0654296875
000d7d20_3197,11746.060546875
000d7d20_3198,11746.0771484375
000d7d20_3199,11746.0654296875
000d7d20_3200,11746.0673828125
000d7d20_3201,11746.0634765625
000d7d20_3202,11746.0703125
000d7d20_3203,11746.078125
000d7d20_3204,11746.4013671875
000d7d20_3205,11746.39453125
000d7d20_3206,11746.3876953125
000d7d20_3207,11746.392578125
000d7d20_3208,11746.4638671875
000d7d20_3209,11746.4755859375
000d7d20_3210,11746.5029296875
000d7d20_3211,11746.4619140625
000d7d20_3212,11746.40625
000d7d20_3213,11746.3955078125
000d7d20_3214,11746.390625
000d7d20_3215,11746.3984375
000d7d20_3216,11746.3974609375
000d7d20_3217,11746.41015625
000d7d20_3218,11746.4384765625
000d7d20_3219,11746.439453125
000d7d20_3220,11746.470703125
000d7d20_3221,11746.45703125
000d7d20_3222,11746.451171875
000d7d20_3223,11746.4267578125
000d7d20_3224,11746.435546875
000d7d20_3225,11746.4384765625
000d7d20_3226,11746.4248046875
000d7d20_3227,11746.4130859375
000d7d20_3228,11746.306640625
000d7d20_3229,11746.2646484375
000d7d20_3230,11746.265625
000d7d20_3231,11746.26953125
000d7d20_3232,11746.2861328125
000d7d20_3233,11746.2646484375
000d7d20_3234,11746.2490234375
000d7d20_3235,11746.23046875
000d7d20_3236,11746.2021484375
000d7d20_3237,11746.1865234375
000d7d20_3238,11746.181640625
000d7d20_3239,11746.19921875
000d7d20_3240,11746.1904296875
000d7d20_3241,11746.1240234375
000d7d20_3242,11746.11328125
000d7d20_3243,11746.1240234375
000d7d20_3244,11746.1171875
000d7d20_3245,11746.1923828125
000d7d20_3246,11746.166015625
000d7d20_3247,11746.193359375
000d7d20_3248,11746.2001953125
000d7d20_3249,11746.1923828125
000d7d20_3250,11746.185546875
000d7d20_3251,11746.173828125
000d7d20_3252,11746.173828125
000d7d20_3253,11746.140625
000d7d20_3254,11746.0693359375
000d7d20_3255,11746.0859375
000d7d20_3256,11746.087890625
000d7d20_3257,11746.0947265625
000d7d20_3258,11746.09375
000d7d20_3259,11746.0927734375
000d7d20_3260,11746.0966796875
000d7d20_3261,11746.0908203125
000d7d20_3262,11746.08984375
000d7d20_3263,11746.08984375
000d7d20_3264,11746.0859375
000d7d20_3265,11746.087890625
000d7d20_3266,11746.091796875
000d7d20_3267,11746.083984375
000d7d20_3268,11746.060546875
000d7d20_3269,11746.0869140625
000d7d20_3270,11746.05859375
000d7d20_3271,11746.0576171875
000d7d20_3272,11746.0751953125
000d7d20_3273,11746.0625
000d7d20_3274,11746.0654296875
000d7d20_3275,11746.0869140625
000d7d20_3276,11746.08984375
000d7d20_3277,11746.0693359375
000d7d20_3278,11746.0546875
000d7d20_3279,11746.0673828125
000d7d20_3280,11746.087890625
000d7d20_3281,11746.078125
000d7d20_3282,11746.0791015625
000d7d20_3283,11746.0615234375
000d7d20_3284,11746.068359375
000d7d20_3285,11746.0576171875
000d7d20_3286,11746.05078125
000d7d20_3287,11746.0595703125
000d7d20_3288,11746.0576171875
000d7d20_3289,11746.0888671875
000d7d20_3290,11746.0576171875
000d7d20_3291,11746.298828125
000d7d20_3292,11746.3330078125
000d7d20_3293,11746.3720703125
000d7d20_3294,11746.384765625
000d7d20_3295,11746.4130859375
000d7d20_3296,11746.4130859375
000d7d20_3297,11746.4248046875
000d7d20_3298,11746.458984375
000d7d20_3299,11746.4462890625
000d7d20_3300,11746.4453125
000d7d20_3301,11746.4580078125
000d7d20_3302,11746.44921875
000d7d20_3303,11746.4541015625
000d7d20_3304,11746.46875
000d7d20_3305,11746.466796875
000d7d20_3306,11746.4921875
000d7d20_3307,11746.515625
000d7d20_3308,11746.466796875
000d7d20_3309,11746.4716796875
000d7d20_3310,11746.4990234375
000d7d20_3311,11746.4287109375
000d7d20_3312,11746.390625
000d7d20_3313,11746.38671875
000d7d20_3314,11746.40234375
000d7d20_3315,11746.4375
000d7d20_3316,11746.4560546875
000d7d20_3317,11746.4443359375
000d7d20_3318,11746.4443359375
000d7d20_3319,11746.431640625
000d7d20_3320,11746.4541015625
000d7d20_3321,11746.4638671875
000d7d20_3322,11746.474609375
000d7d20_3323,11746.4833984375
000d7d20_3324,11746.4892578125
000d7d20_3325,11746.4853515625
000d7d20_3326,11746.4619140625
000d7d20_3327,11746.4609375
000d7d20_3328,11746.4599609375
000d7d20_3329,11746.4873046875
000d7d20_3330,11746.5244140625
000d7d20_3331,11746.5126953125
000d7d20_3332,11746.54296875
000d7d20_3333,11746.5361328125
000d7d20_3334,11746.5419921875
000d7d20_3335,11746.5888671875
000d7d20_3336,11746.5888671875
000d7d20_3337,11746.5810546875
000d7d20_3338,11746.5947265625
000d7d20_3339,11746.587890625
000d7d20_3340,11746.6015625
000d7d20_3341,11746.599609375
000d7d20_3342,11746.5849609375
000d7d20_3343,11746.5390625
000d7d20_3344,11746.541015625
000d7d20_3345,11746.5400390625
000d7d20_3346,11746.5439453125
000d7d20_3347,11746.541015625
000d7d20_3348,11746.5595703125
000d7d20_3349,11746.59765625
000d7d20_3350,11746.61328125
000d7d20_3351,11746.6513671875
000d7d20_3352,11746.6279296875
000d7d20_3353,11746.578125
000d7d20_3354,11746.6240234375
000d7d20_3355,11746.623046875
000d7d20_3356,11746.6240234375
000d7d20_3357,11746.607421875
000d7d20_3358,11746.58984375
000d7d20_3359,11746.5576171875
000d7d20_3360,11746.537109375
000d7d20_3361,11746.533203125
000d7d20_3362,11746.541015625
000d7d20_3363,11746.5361328125
000d7d20_3364,11746.5361328125
000d7d20_3365,11746.576171875
000d7d20_3366,11746.56640625
000d7d20_3367,11746.5595703125
000d7d20_3368,11746.5634765625
000d7d20_3369,11746.537109375
000d7d20_3370,11746.552734375
000d7d20_3371,11746.55078125
000d7d20_3372,11746.515625
000d7d20_3373,11746.515625
000d7d20_3374,11746.4736328125
000d7d20_3375,11746.482421875
000d7d20_3376,11746.419921875
000d7d20_3377,11746.376953125
000d7d20_3378,11746.3154296875
000d7d20_3379,11746.5546875
000d7d20_3380,11746.5244140625
000d7d20_3381,11746.505859375
000d7d20_3382,11746.521484375
000d7d20_3383,11746.513671875
000d7d20_3384,11746.5234375
000d7d20_3385,11746.521484375
000d7d20_3386,11746.515625
000d7d20_3387,11746.484375
000d7d20_3388,11746.572265625
000d7d20_3389,11746.525390625
000d7d20_3390,11746.515625
000d7d20_3391,11746.5244140625
000d7d20_3392,11746.53515625
000d7d20_3393,11746.5380859375
000d7d20_3394,11746.53125
000d7d20_3395,11746.5
000d7d20_3396,11746.517578125
000d7d20_3397,11746.54296875
000d7d20_3398,11746.537109375
000d7d20_3399,11746.560546875
000d7d20_3400,11746.55859375
000d7d20_3401,11746.541015625
000d7d20_3402,11746.509765625
000d7d20_3403,11746.466796875
000d7d20_3404,11746.4951171875
000d7d20_3405,11746.4892578125
000d7d20_3406,11746.494140625
000d7d20_3407,11746.4931640625
000d7d20_3408,11746.4580078125
000d7d20_3409,11746.4462890625
000d7d20_3410,11746.3623046875
000d7d20_3411,11746.3427734375
000d7d20_3412,11746.3232421875
000d7d20_3413,11746.2958984375
000d7d20_3414,11746.2841796875
000d7d20_3415,11746.2578125
000d7d20_3416,11746.232421875
000d7d20_3417,11746.20703125
000d7d20_3418,11746.294921875
000d7d20_3419,11746.259765625
000d7d20_3420,11746.271484375
000d7d20_3421,11746.2890625
000d7d20_3422,11746.30078125
000d7d20_3423,11746.322265625
000d7d20_3424,11746.328125
000d7d20_3425,11746.322265625
000d7d20_3426,11746.318359375
000d7d20_3427,11746.3837890625
000d7d20_3428,11746.36328125
000d7d20_3429,11746.357421875
000d7d20_3430,11746.3701171875
000d7d20_3431,11746.42578125
000d7d20_3432,11746.4130859375
000d7d20_3433,11746.4345703125
000d7d20_3434,11746.4287109375
000d7d20_3435,11746.43359375
000d7d20_3436,11746.509765625
000d7d20_3437,11746.521484375
000d7d20_3438,11746.5390625
000d7d20_3439,11746.494140625
000d7d20_3440,11746.4599609375
000d7d20_3441,11746.4443359375
000d7d20_3442,11746.427734375
000d7d20_3443,11746.3828125
000d7d20_3444,11746.3466796875
000d7d20_3445,11746.29296875
000d7d20_3446,11746.306640625
000d7d20_3447,11746.3271484375
000d7d20_3448,11746.3056640625
000d7d20_3449,11746.3154296875
000d7d20_3450,11746.3154296875
000d7d20_3451,11746.291015625
000d7d20_3452,11746.2841796875
000d7d20_3453,11746.2646484375
000d7d20_3454,11746.2744140625
000d7d20_3455,11746.2734375
000d7d20_3456,11746.2724609375
000d7d20_3457,11746.2705078125
000d7d20_3458,11746.2744140625
000d7d20_3459,11746.2705078125
000d7d20_3460,11746.2685546875
000d7d20_3461,11746.2724609375
000d7d20_3462,11746.2822265625
000d7d20_3463,11746.431640625
000d7d20_3464,11746.4111328125
000d7d20_3465,11746.4140625
000d7d20_3466,11746.419921875
000d7d20_3467,11746.615234375
000d7d20_3468,11746.59765625
000d7d20_3469,11746.5830078125
000d7d20_3470,11746.5810546875
000d7d20_3471,11746.5859375
000d7d20_3472,11746.5869140625
000d7d20_3473,11746.5859375
000d7d20_3474,11746.6044921875
000d7d20_3475,11746.59375
000d7d20_3476,11746.5966796875
000d7d20_3477,11746.6064453125
000d7d20_3478,11746.5888671875
000d7d20_3479,11746.6015625
000d7d20_3480,11746.619140625
000d7d20_3481,11746.609375
000d7d20_3482,11746.62890625
000d7d20_3483,11746.625
000d7d20_3484,11746.57421875
000d7d20_3485,11746.5830078125
000d7d20_3486,11746.583984375
000d7d20_3487,11746.5869140625
000d7d20_3488,11746.6201171875
000d7d20_3489,11746.572265625
000d7d20_3490,11746.541015625
000d7d20_3491,11746.38671875
000d7d20_3492,11746.3408203125
000d7d20_3493,11746.3369140625
000d7d20_3494,11746.34375
000d7d20_3495,11746.3486328125
000d7d20_3496,11746.3515625
000d7d20_3497,11746.3740234375
000d7d20_3498,11746.34765625
000d7d20_3499,11746.357421875
000d7d20_3500,11746.4521484375
000d7d20_3501,11746.4375
000d7d20_3502,11746.4462890625
000d7d20_3503,11746.478515625
000d7d20_3504,11746.5244140625
000d7d20_3505,11746.513671875
000d7d20_3506,11746.4482421875
000d7d20_3507,11746.423828125
000d7d20_3508,11746.447265625
000d7d20_3509,11746.44140625
000d7d20_3510,11746.4248046875
000d7d20_3511,11746.4326171875
000d7d20_3512,11746.4052734375
000d7d20_3513,11746.3642578125
000d7d20_3514,11746.3642578125
000d7d20_3515,11746.3486328125
000d7d20_3516,11746.36328125
000d7d20_3517,11746.37890625
000d7d20_3518,11746.373046875
000d7d20_3519,11746.244140625
000d7d20_3520,11746.2265625
000d7d20_3521,11746.2060546875
000d7d20_3522,11746.22265625
000d7d20_3523,11746.2041015625
000d7d20_3524,11746.21875
000d7d20_3525,11746.2099609375
000d7d20_3526,11746.25390625
000d7d20_3527,11746.2421875
000d7d20_3528,11746.2109375
000d7d20_3529,11746.2255859375
000d7d20_3530,11746.2197265625
000d7d20_3531,11746.2138671875
000d7d20_3532,11746.1845703125
000d7d20_3533,11746.173828125
000d7d20_3534,11746.18359375
000d7d20_3535,11746.19140625
000d7d20_3536,11746.2490234375
000d7d20_3537,11746.26171875
000d7d20_3538,11746.23046875
000d7d20_3539,11746.2265625
000d7d20_3540,11746.236328125
000d7d20_3541,11746.2451171875
000d7d20_3542,11746.248046875
000d7d20_3543,11746.2421875
000d7d20_3544,11746.2490234375
000d7d20_3545,11746.25
000d7d20_3546,11746.2470703125
000d7d20_3547,11746.2490234375
000d7d20_3548,11746.23828125
000d7d20_3549,11746.2421875
000d7d20_3550,11746.23828125
000d7d20_3551,11746.2333984375
000d7d20_3552,11746.23828125
000d7d20_3553,11746.232421875
000d7d20_3554,11746.2236328125
000d7d20_3555,11746.328125
000d7d20_3556,11746.34375
000d7d20_3557,11746.33984375
000d7d20_3558,11746.3359375
000d7d20_3559,11746.33984375
000d7d20_3560,11746.333984375
000d7d20_3561,11746.3828125
000d7d20_3562,11746.353515625
000d7d20_3563,11746.328125
000d7d20_3564,11746.361328125
000d7d20_3565,11746.33203125
000d7d20_3566,11746.3291015625
000d7d20_3567,11746.3115234375
000d7d20_3568,11746.3330078125
000d7d20_3569,11746.328125
000d7d20_3570,11746.326171875
000d7d20_3571,11746.4619140625
000d7d20_3572,11746.5302734375
000d7d20_3573,11746.5068359375
000d7d20_3574,11746.5009765625
000d7d20_3575,11746.5048828125
000d7d20_3576,11746.4775390625
000d7d20_3577,11746.48046875
000d7d20_3578,11746.515625
000d7d20_3579,11746.583984375
000d7d20_3580,11746.5869140625
000d7d20_3581,11746.5830078125
000d7d20_3582,11746.5576171875
000d7d20_3583,11746.529296875
000d7d20_3584,11746.572265625
000d7d20_3585,11746.53125
000d7d20_3586,11746.50390625
000d7d20_3587,11746.521484375
000d7d20_3588,11746.50390625
000d7d20_3589,11746.494140625
000d7d20_3590,11746.4921875
000d7d20_3591,11746.5419921875
000d7d20_3592,11746.505859375
000d7d20_3593,11746.51953125
000d7d20_3594,11746.5244140625
000d7d20_3595,11746.4912109375
000d7d20_3596,11746.517578125
000d7d20_3597,11746.4814453125
000d7d20_3598,11746.4697265625
000d7d20_3599,11746.462890625
000d7d20_3600,11746.4580078125
000d7d20_3601,11746.4072265625
000d7d20_3602,11746.3525390625
000d7d20_3603,11746.396484375
000d7d20_3604,11746.36328125
000d7d20_3605,11746.35546875
000d7d20_3606,11746.33203125
000d7d20_3607,11746.302734375
000d7d20_3608,11746.3115234375
000d7d20_3609,11746.3125
000d7d20_3610,11746.2822265625
000d7d20_3611,11746.291015625
000d7d20_3612,11746.267578125
000d7d20_3613,11746.2099609375
000d7d20_3614,11746.1708984375
000d7d20_3615,11746.17578125
000d7d20_3616,11746.1240234375
000d7d20_3617,11746.130859375
000d7d20_3618,11746.083984375
000d7d20_3619,11746.0712890625
000d7d20_3620,11746.03515625
000d7d20_3621,11746.095703125
000d7d20_3622,11746.0048828125
000d7d20_3623,11746.0302734375
000d7d20_3624,11746.0
000d7d20_3625,11745.9384765625
000d7d20_3626,11745.912109375
000d7d20_3627,11745.912109375
000d7d20_3628,11745.9658203125
000d7d20_3629,11745.986328125
000d7d20_3630,11745.92578125
000d7d20_3631,11745.857421875
000d7d20_3632,11745.861328125
000d7d20_3633,11745.90625
000d7d20_3634,11745.8017578125
000d7d20_3635,11745.8359375
000d7d20_3636,11745.8505859375
000d7d20_3637,11745.78125
000d7d20_3638,11745.8564453125
000d7d20_3639,11745.7958984375
000d7d20_3640,11745.837890625
000d7d20_3641,11745.822265625
000d7d20_3642,11745.7998046875
000d7d20_3643,11745.7861328125
000d7d20_3644,11745.814453125
000d7d20_3645,11745.734375
000d7d20_3646,11745.7646484375
000d7d20_3647,11745.73046875
000d7d20_3648,11745.71875
000d7d20_3649,11745.697265625
000d7d20_3650,11745.7265625
000d7d20_3651,11745.751953125
000d7d20_3652,11745.677734375
000d7d20_3653,11745.703125
000d7d20_3654,11745.6865234375
000d7d20_3655,11745.62109375
000d7d20_3656,11745.650390625
000d7d20_3657,11745.7041015625
000d7d20_3658,11745.7490234375
000d7d20_3659,11745.7783203125
000d7d20_3660,11745.744140625
000d7d20_3661,11745.734375
000d7d20_3662,11745.6962890625
000d7d20_3663,11745.6884765625
000d7d20_3664,11745.6806640625
000d7d20_3665,11745.6533203125
000d7d20_3666,11745.6435546875
000d7d20_3667,11745.671875
000d7d20_3668,11745.6904296875
000d7d20_3669,11745.6611328125
000d7d20_3670,11745.6474609375
000d7d20_3671,11745.5771484375
000d7d20_3672,11745.5537109375
000d7d20_3673,11745.568359375
000d7d20_3674,11745.548828125
000d7d20_3675,11745.560546875
000d7d20_3676,11745.52734375
000d7d20_3677,11745.6171875
000d7d20_3678,11745.654296875
000d7d20_3679,11745.6552734375
000d7d20_3680,11745.5966796875
000d7d20_3681,11745.546875
000d7d20_3682,11745.5537109375
000d7d20_3683,11745.5302734375
000d7d20_3684,11745.5380859375
000d7d20_3685,11745.5322265625
000d7d20_3686,11745.55078125
000d7d20_3687,11745.55859375
000d7d20_3688,11745.5615234375
000d7d20_3689,11745.5087890625
000d7d20_3690,11745.513671875
000d7d20_3691,11745.5205078125
000d7d20_3692,11745.52734375
000d7d20_3693,11745.5380859375
000d7d20_3694,11745.5283203125
000d7d20_3695,11745.537109375
000d7d20_3696,11745.548828125
000d7d20_3697,11745.5322265625
000d7d20_3698,11745.53125
000d7d20_3699,11745.5009765625
000d7d20_3700,11745.48046875
000d7d20_3701,11745.4404296875
000d7d20_3702,11745.4013671875
000d7d20_3703,11745.390625
000d7d20_3704,11745.35546875
000d7d20_3705,11745.3525390625
000d7d20_3706,11745.349609375
000d7d20_3707,11745.349609375
000d7d20_3708,11745.33984375
000d7d20_3709,11745.330078125
000d7d20_3710,11745.32421875
000d7d20_3711,11745.3271484375
000d7d20_3712,11745.3271484375
000d7d20_3713,11745.322265625
000d7d20_3714,11745.3310546875
000d7d20_3715,11745.345703125
000d7d20_3716,11745.3359375
000d7d20_3717,11745.5009765625
000d7d20_3718,11745.47265625
000d7d20_3719,11745.4814453125
000d7d20_3720,11745.73046875
000d7d20_3721,11745.7900390625
000d7d20_3722,11745.767578125
000d7d20_3723,11745.822265625
000d7d20_3724,11745.85546875
000d7d20_3725,11745.8701171875
000d7d20_3726,11745.8564453125
000d7d20_3727,11745.97265625
000d7d20_3728,11746.109375
000d7d20_3729,11746.0771484375
000d7d20_3730,11746.0126953125
000d7d20_3731,11745.939453125
000d7d20_3732,11746.052734375
000d7d20_3733,11746.00390625
000d7d20_3734,11745.98046875
000d7d20_3735,11745.9794921875
000d7d20_3736,11745.9443359375
000d7d20_3737,11745.908203125
000d7d20_3738,11745.9423828125
000d7d20_3739,11745.884765625
000d7d20_3740,11745.826171875
000d7d20_3741,11745.63671875
000d7d20_3742,11745.6064453125
000d7d20_3743,11745.576171875
000d7d20_3744,11745.5390625
000d7d20_3745,11745.5419921875
000d7d20_3746,11745.53125
000d7d20_3747,11745.5458984375
000d7d20_3748,11745.4677734375
000d7d20_3749,11745.31640625
000d7d20_3750,11745.138671875
000d7d20_3751,11745.1181640625
000d7d20_3752,11744.947265625
000d7d20_3753,11744.9560546875
000d7d20_3754,11744.94140625
000d7d20_3755,11744.359375
000d7d20_3756,11744.240234375
000d7d20_3757,11744.1142578125
000d7d20_3758,11743.994140625
000d7d20_3759,11744.0166015625
000d7d20_3760,11743.912109375
000d7d20_3761,11743.6796875
000d7d20_3762,11743.6279296875
000d7d20_3763,11743.6201171875
000d7d20_3764,11743.490234375
000d7d20_3765,11743.3984375
000d7d20_3766,11743.314453125
000d7d20_3767,11743.125
000d7d20_3768,11743.056640625
000d7d20_3769,11743.025390625
000d7d20_3770,11742.9677734375
000d7d20_3771,11742.9375
000d7d20_3772,11742.841796875
000d7d20_3773,11742.8984375
000d7d20_3774,11742.8310546875
000d7d20_3775,11742.8505859375
000d7d20_3776,11742.798828125
000d7d20_3777,11742.7138671875
000d7d20_3778,11742.55078125
000d7d20_3779,11742.5322265625
000d7d20_3780,11742.5322265625
000d7d20_3781,11742.529296875
000d7d20_3782,11742.4716796875
000d7d20_3783,11742.453125
000d7d20_3784,11742.43359375
000d7d20_3785,11742.419921875
000d7d20_3786,11742.3720703125
000d7d20_3787,11742.294921875
000d7d20_3788,11742.2880859375
000d7d20_3789,11742.2900390625
000d7d20_3790,11742.234375
000d7d20_3791,11742.0947265625
000d7d20_3792,11741.875
000d7d20_3793,11741.9375
000d7d20_3794,11741.8896484375
000d7d20_3795,11741.875
000d7d20_3796,11741.8203125
000d7d20_3797,11741.826171875
000d7d20_3798,11741.796875
000d7d20_3799,11741.8486328125
000d7d20_3800,11741.890625
000d7d20_3801,11741.9052734375
000d7d20_3802,11741.84375
000d7d20_3803,11741.8544921875
000d7d20_3804,11741.73828125
000d7d20_3805,11741.8056640625
000d7d20_3806,11741.6640625
000d7d20_3807,11741.626953125
000d7d20_3808,11741.4384765625
000d7d20_3809,11741.36328125
000d7d20_3810,11741.2861328125
000d7d20_3811,11741.2578125
000d7d20_3812,11741.1787109375
000d7d20_3813,11741.1171875
000d7d20_3814,11741.1318359375
000d7d20_3815,11741.083984375
000d7d20_3816,11741.080078125
000d7d20_3817,11741.0693359375
000d7d20_3818,11741.212890625
000d7d20_3819,11741.2109375
000d7d20_3820,11741.5712890625
000d7d20_3821,11741.5068359375
000d7d20_3822,11741.357421875
000d7d20_3823,11741.2158203125
000d7d20_3824,11741.3408203125
000d7d20_3825,11741.2412109375
000d7d20_3826,11741.2568359375
000d7d20_3827,11741.263671875
000d7d20_3828,11741.2880859375
000d7d20_3829,11741.291015625
000d7d20_3830,11741.2431640625
000d7d20_3831,11741.087890625
000d7d20_3832,11741.07421875
000d7d20_3833,11740.947265625
000d7d20_3834,11740.8115234375
000d7d20_3835,11740.8427734375
000d7d20_3836,11740.8642578125
000d7d20_3837,11740.86328125
000d7d20_3838,11740.884765625
000d7d20_3839,11741.0546875
000d7d20_3840,11741.0458984375
000d7d20_3841,11741.0361328125
000d7d20_3842,11740.947265625
000d7d20_3843,11740.92578125
000d7d20_3844,11740.9052734375
000d7d20_3845,11740.9033203125
000d7d20_3846,11740.876953125
000d7d20_3847,11740.8896484375
000d7d20_3848,11740.689453125
000d7d20_3849,11740.6474609375
000d7d20_3850,11740.6982421875
000d7d20_3851,11740.564453125
000d7d20_3852,11740.466796875
000d7d20_3853,11740.4375
000d7d20_3854,11740.3359375
000d7d20_3855,11740.33203125
000d7d20_3856,11740.4267578125
000d7d20_3857,11740.3759765625
000d7d20_3858,11740.3828125
000d7d20_3859,11740.236328125
000d7d20_3860,11740.3173828125
000d7d20_3861,11740.2939453125
000d7d20_3862,11740.28515625
000d7d20_3863,11740.28515625
000d7d20_3864,11740.150390625
000d7d20_3865,11740.09765625
000d7d20_3866,11740.091796875
000d7d20_3867,11740.0576171875
000d7d20_3868,11740.0478515625
000d7d20_3869,11740.0439453125
000d7d20_3870,11739.998046875
000d7d20_3871,11739.98828125
000d7d20_3872,11739.9697265625
000d7d20_3873,11739.90625
000d7d20_3874,11739.921875
000d7d20_3875,11739.8828125
000d7d20_3876,11739.875
000d7d20_3877,11739.833984375
000d7d20_3878,11739.7939453125
000d7d20_3879,11739.814453125
000d7d20_3880,11739.775390625
000d7d20_3881,11739.7705078125
000d7d20_3882,11739.6123046875
000d7d20_3883,11739.5947265625
000d7d20_3884,11739.333984375
000d7d20_3885,11739.361328125
000d7d20_3886,11739.2490234375
000d7d20_3887,11739.255859375
000d7d20_3888,11739.2568359375
000d7d20_3889,11739.177734375
000d7d20_3890,11739.1767578125
000d7d20_3891,11739.109375
000d7d20_3892,11739.0849609375
000d7d20_3893,11738.8720703125
000d7d20_3894,11738.828125
000d7d20_3895,11738.748046875
000d7d20_3896,11738.6494140625
000d7d20_3897,11738.5810546875
000d7d20_3898,11738.5439453125
000d7d20_3899,11738.4609375
000d7d20_3900,11738.56640625
000d7d20_3901,11738.4853515625
000d7d20_3902,11738.3857421875
000d7d20_3903,11738.333984375
000d7d20_3904,11738.3232421875
000d7d20_3905,11738.5146484375
000d7d20_3906,11738.697265625
000d7d20_3907,11738.900390625
000d7d20_3908,11738.9931640625
000d7d20_3909,11738.9443359375
000d7d20_3910,11738.9306640625
000d7d20_3911,11738.7138671875
000d7d20_3912,11738.7685546875
000d7d20_3913,11738.6376953125
000d7d20_3914,11738.61328125
000d7d20_3915,11738.603515625
000d7d20_3916,11738.576171875
000d7d20_3917,11738.5712890625
000d7d20_3918,11738.591796875
000d7d20_3919,11738.529296875
000d7d20_3920,11738.421875
000d7d20_3921,11738.5517578125
000d7d20_3922,11738.4814453125
000d7d20_3923,11738.35546875
000d7d20_3924,11738.3115234375
000d7d20_3925,11738.2255859375
000d7d20_3926,11738.21484375
000d7d20_3927,11738.212890625
000d7d20_3928,11738.2080078125
000d7d20_3929,11738.1904296875
000d7d20_3930,11738.162109375
000d7d20_3931,11738.087890625
000d7d20_3932,11738.0263671875
000d7d20_3933,11738.0185546875
000d7d20_3934,11737.95703125
000d7d20_3935,11737.9541015625
000d7d20_3936,11737.8837890625
000d7d20_3937,11737.9638671875
000d7d20_3938,11737.8408203125
000d7d20_3939,11737.7568359375
000d7d20_3940,11737.658203125
000d7d20_3941,11737.65234375
000d7d20_3942,11737.6572265625
000d7d20_3943,11737.6396484375
000d7d20_3944,11737.5625
000d7d20_3945,11737.5400390625
000d7d20_3946,11737.5107421875
000d7d20_3947,11737.5068359375
000d7d20_3948,11737.5078125
000d7d20_3949,11737.470703125
000d7d20_3950,11737.4775390625
000d7d20_3951,11737.4521484375
000d7d20_3952,11737.40234375
000d7d20_3953,11737.4033203125
000d7d20_3954,11737.3974609375
000d7d20_3955,11737.3623046875
000d7d20_3956,11737.3603515625
000d7d20_3957,11737.3369140625
000d7d20_3958,11737.35546875
000d7d20_3959,11737.3046875
000d7d20_3960,11737.28125
000d7d20_3961,11737.2548828125
000d7d20_3962,11737.169921875
000d7d20_3963,11737.1416015625
000d7d20_3964,11737.1201171875
000d7d20_3965,11737.1220703125
000d7d20_3966,11737.103515625
000d7d20_3967,11737.0859375
000d7d20_3968,11737.1572265625
000d7d20_3969,11737.1103515625
000d7d20_3970,11737.0771484375
000d7d20_3971,11737.052734375
000d7d20_3972,11737.0205078125
000d7d20_3973,11737.0537109375
000d7d20_3974,11737.046875
000d7d20_3975,11737.0498046875
000d7d20_3976,11737.0732421875
000d7d20_3977,11737.0693359375
000d7d20_3978,11736.98046875
000d7d20_3979,11736.9072265625
000d7d20_3980,11736.953125
000d7d20_3981,11736.9609375
000d7d20_3982,11737.037109375
000d7d20_3983,11737.0595703125
000d7d20_3984,11737.0625
000d7d20_3985,11737.12109375
000d7d20_3986,11737.1103515625
000d7d20_3987,11737.0986328125
000d7d20_3988,11737.048828125
000d7d20_3989,11737.041015625
000d7d20_3990,11737.01171875
000d7d20_3991,11737.03515625
000d7d20_3992,11737.1201171875
000d7d20_3993,11737.1796875
000d7d20_3994,11737.1328125
000d7d20_3995,11737.1845703125
000d7d20_3996,11737.251953125
000d7d20_3997,11737.412109375
000d7d20_3998,11737.3740234375
000d7d20_3999,11737.33984375
000d7d20_4000,11737.298828125
000d7d20_4001,11737.291015625
000d7d20_4002,11737.2998046875
000d7d20_4003,11737.298828125
000d7d20_4004,11737.2841796875
000d7d20_4005,11737.2841796875
000d7d20_4006,11737.2763671875
000d7d20_4007,11737.318359375
000d7d20_4008,11737.3369140625
000d7d20_4009,11737.328125
000d7d20_4010,11737.3369140625
000d7d20_4011,11737.3662109375
000d7d20_4012,11737.375
000d7d20_4013,11737.3583984375
000d7d20_4014,11737.54296875
000d7d20_4015,11737.541015625
000d7d20_4016,11737.53125
000d7d20_4017,11737.419921875
000d7d20_4018,11737.4169921875
000d7d20_4019,11737.41015625
000d7d20_4020,11737.28515625
000d7d20_4021,11737.2724609375
000d7d20_4022,11737.26953125
000d7d20_4023,11737.2177734375
000d7d20_4024,11737.3115234375
000d7d20_4025,11737.314453125
000d7d20_4026,11737.3232421875
000d7d20_4027,11737.296875
000d7d20_4028,11737.3095703125
000d7d20_4029,11737.318359375
000d7d20_4030,11737.2939453125
000d7d20_4031,11737.30078125
000d7d20_4032,11737.302734375
000d7d20_4033,11737.32421875
000d7d20_4034,11737.3310546875
000d7d20_4035,11737.2685546875
000d7d20_4036,11737.3056640625
000d7d20_4037,11737.2861328125
000d7d20_4038,11737.2666015625
000d7d20_4039,11737.314453125
000d7d20_4040,11737.3349609375
000d7d20_4041,11737.2822265625
000d7d20_4042,11737.279296875
000d7d20_4043,11737.240234375
000d7d20_4044,11737.2783203125
000d7d20_4045,11737.294921875
000d7d20_4046,11737.294921875
000d7d20_4047,11737.29296875
000d7d20_4048,11737.2958984375
000d7d20_4049,11737.2978515625
000d7d20_4050,11737.3154296875
000d7d20_4051,11737.3095703125
000d7d20_4052,11737.2861328125
000d7d20_4053,11737.283203125
000d7d20_4054,11737.2978515625
000d7d20_4055,11737.2666015625
000d7d20_4056,11737.27734375
000d7d20_4057,11737.28125
000d7d20_4058,11737.3056640625
000d7d20_4059,11737.2705078125
000d7d20_4060,11737.26171875
000d7d20_4061,11737.2646484375
000d7d20_4062,11737.283203125
000d7d20_4063,11737.28125
000d7d20_4064,11737.3583984375
000d7d20_4065,11737.3017578125
000d7d20_4066,11737.2666015625
000d7d20_4067,11737.2744140625
000d7d20_4068,11737.349609375
000d7d20_4069,11737.3408203125
000d7d20_4070,11737.365234375
000d7d20_4071,11737.4091796875
000d7d20_4072,11737.4228515625
000d7d20_4073,11737.400390625
000d7d20_4074,11737.4296875
000d7d20_4075,11737.4462890625
000d7d20_4076,11737.4326171875
000d7d20_4077,11737.5771484375
000d7d20_4078,11737.59765625
000d7d20_4079,11737.587890625
000d7d20_4080,11737.5966796875
000d7d20_4081,11737.6298828125
000d7d20_4082,11737.6298828125
000d7d20_4083,11737.640625
000d7d20_4084,11737.6484375
000d7d20_4085,11737.6689453125
000d7d20_4086,11737.658203125
000d7d20_4087,11737.623046875
000d7d20_4088,11737.6513671875
000d7d20_4089,11737.6318359375
000d7d20_4090,11737.6259765625
000d7d20_4091,11737.62109375
000d7d20_4092,11737.6474609375
000d7d20_4093,11737.66796875
000d7d20_4094,11737.6943359375
000d7d20_4095,11737.6748046875
000d7d20_4096,11737.6953125
000d7d20_4097,11737.69140625
000d7d20_4098,11737.681640625
000d7d20_4099,11737.6845703125
000d7d20_4100,11737.6796875
000d7d20_4101,11737.69140625
000d7d20_4102,11737.666015625
000d7d20_4103,11737.6982421875
000d7d20_4104,11737.6728515625
000d7d20_4105,11737.7373046875
000d7d20_4106,11737.658203125
000d7d20_4107,11737.70703125
000d7d20_4108,11737.7001953125
000d7d20_4109,11737.7109375
000d7d20_4110,11737.7099609375
000d7d20_4111,11737.7099609375
000d7d20_4112,11737.7109375
000d7d20_4113,11737.73046875
000d7d20_4114,11737.77734375
000d7d20_4115,11737.7705078125
000d7d20_4116,11737.7392578125
000d7d20_4117,11737.7353515625
000d7d20_4118,11737.716796875
000d7d20_4119,11737.7353515625
000d7d20_4120,11737.7255859375
000d7d20_4121,11737.7177734375
000d7d20_4122,11737.7177734375
000d7d20_4123,11737.7099609375
000d7d20_4124,11737.671875
000d7d20_4125,11737.677734375
000d7d20_4126,11737.669921875
000d7d20_4127,11737.697265625
000d7d20_4128,11737.6904296875
000d7d20_4129,11737.6865234375
000d7d20_4130,11737.6923828125
000d7d20_4131,11737.66015625
000d7d20_4132,11737.6435546875
000d7d20_4133,11737.62109375
000d7d20_4134,11737.552734375
000d7d20_4135,11737.564453125
000d7d20_4136,11737.609375
000d7d20_4137,11737.5947265625
000d7d20_4138,11737.619140625
000d7d20_4139,11737.62890625
000d7d20_4140,11737.615234375
000d7d20_4141,11737.615234375
000d7d20_4142,11737.6396484375
000d7d20_4143,11737.65234375
000d7d20_4144,11737.6396484375
000d7d20_4145,11737.6689453125
000d7d20_4146,11737.6650390625
000d7d20_4147,11737.6689453125
000d7d20_4148,11737.6494140625
000d7d20_4149,11737.6337890625
000d7d20_4150,11737.6181640625
000d7d20_4151,11737.6640625
000d7d20_4152,11737.689453125
000d7d20_4153,11737.8095703125
000d7d20_4154,11737.9013671875
000d7d20_4155,11738.041015625
000d7d20_4156,11738.021484375
000d7d20_4157,11737.9990234375
000d7d20_4158,11737.9931640625
000d7d20_4159,11737.970703125
000d7d20_4160,11737.970703125
000d7d20_4161,11737.9365234375
000d7d20_4162,11738.009765625
000d7d20_4163,11737.9951171875
000d7d20_4164,11738.0
000d7d20_4165,11737.99609375
000d7d20_4166,11738.0205078125
000d7d20_4167,11738.0234375
000d7d20_4168,11737.9775390625
000d7d20_4169,11737.8994140625
000d7d20_4170,11737.849609375
000d7d20_4171,11737.810546875
000d7d20_4172,11737.845703125
000d7d20_4173,11737.8544921875
000d7d20_4174,11737.6806640625
000d7d20_4175,11737.5263671875
000d7d20_4176,11737.3779296875
000d7d20_4177,11737.287109375
000d7d20_4178,11737.234375
000d7d20_4179,11737.224609375
000d7d20_4180,11737.2275390625
000d7d20_4181,11737.1982421875
000d7d20_4182,11737.08203125
000d7d20_4183,11736.984375
000d7d20_4184,11736.736328125
000d7d20_4185,11736.310546875
000d7d20_4186,11736.2333984375
000d7d20_4187,11736.158203125
000d7d20_4188,11736.1025390625
000d7d20_4189,11735.9150390625
000d7d20_4190,11735.787109375
000d7d20_4191,11735.6962890625
000d7d20_4192,11735.55859375
000d7d20_4193,11735.466796875
000d7d20_4194,11735.41796875
000d7d20_4195,11735.373046875
000d7d20_4196,11735.3935546875
000d7d20_4197,11735.40625
000d7d20_4198,11735.419921875
000d7d20_4199,11735.3564453125
000d7d20_4200,11735.3984375
000d7d20_4201,11735.4130859375
000d7d20_4202,11735.4423828125
000d7d20_4203,11735.3818359375
000d7d20_4204,11735.5263671875
000d7d20_4205,11735.537109375
000d7d20_4206,11735.501953125
000d7d20_4207,11735.5
000d7d20_4208,11735.474609375
000d7d20_4209,11735.3974609375
000d7d20_4210,11735.3974609375
000d7d20_4211,11735.345703125
000d7d20_4212,11735.2919921875
000d7d20_4213,11735.3759765625
000d7d20_4214,11735.3662109375
000d7d20_4215,11735.2900390625
000d7d20_4216,11735.259765625
000d7d20_4217,11735.21484375
000d7d20_4218,11735.265625
000d7d20_4219,11735.2216796875
000d7d20_4220,11735.2666015625
000d7d20_4221,11735.2216796875
000d7d20_4222,11735.271484375
000d7d20_4223,11735.271484375
000d7d20_4224,11735.2451171875
000d7d20_4225,11735.294921875
000d7d20_4226,11735.251953125
000d7d20_4227,11735.265625
000d7d20_4228,11735.2060546875
000d7d20_4229,11735.1884765625
000d7d20_4230,11735.2529296875
000d7d20_4231,11735.22265625
000d7d20_4232,11735.2724609375
000d7d20_4233,11735.2216796875
000d7d20_4234,11735.232421875
000d7d20_4235,11735.1728515625
000d7d20_4236,11735.1865234375
000d7d20_4237,11735.224609375
000d7d20_4238,11735.1806640625
000d7d20_4239,11735.185546875
000d7d20_4240,11735.2236328125
000d7d20_4241,11735.1845703125
000d7d20_4242,11735.17578125
000d7d20_4243,11735.1796875
000d7d20_4244,11735.185546875
000d7d20_4245,11735.1923828125
000d7d20_4246,11735.138671875
000d7d20_4247,11735.1669921875
000d7d20_4248,11735.2646484375
000d7d20_4249,11735.3017578125
000d7d20_4250,11735.3330078125
000d7d20_4251,11735.3212890625
000d7d20_4252,11735.2763671875
000d7d20_4253,11735.2939453125
000d7d20_4254,11735.287109375
000d7d20_4255,11735.306640625
000d7d20_4256,11735.2978515625
000d7d20_4257,11735.32421875
000d7d20_4258,11735.337890625
000d7d20_4259,11735.33984375
000d7d20_4260,11735.33984375
000d7d20_4261,11735.3447265625
000d7d20_4262,11735.3369140625
000d7d20_4263,11735.3251953125
000d7d20_4264,11735.3408203125
000d7d20_4265,11735.333984375
000d7d20_4266,11735.3330078125
000d7d20_4267,11735.3388671875
000d7d20_4268,11735.2861328125
000d7d20_4269,11735.3232421875
000d7d20_4270,11735.3349609375
000d7d20_4271,11735.3369140625
000d7d20_4272,11735.3271484375
000d7d20_4273,11735.33984375
000d7d20_4274,11735.3408203125
000d7d20_4275,11735.3447265625
000d7d20_4276,11735.3564453125
000d7d20_4277,11735.40625
000d7d20_4278,11735.408203125
000d7d20_4279,11735.3720703125
000d7d20_4280,11735.3935546875
000d7d20_4281,11735.3623046875
000d7d20_4282,11735.3466796875
000d7d20_4283,11735.3896484375
000d7d20_4284,11735.3916015625
000d7d20_4285,11735.4130859375
000d7d20_4286,11735.39453125
000d7d20_4287,11735.41015625
000d7d20_4288,11735.423828125
000d7d20_4289,11735.423828125
000d7d20_4290,11735.44140625
000d7d20_4291,11735.47265625
000d7d20_4292,11735.4716796875
000d7d20_4293,11735.5146484375
000d7d20_4294,11735.494140625
000d7d20_4295,11735.501953125
000d7d20_4296,11735.529296875
000d7d20_4297,11735.5048828125
000d7d20_4298,11735.521484375
000d7d20_4299,11735.505859375
000d7d20_4300,11735.5244140625
000d7d20_4301,11735.5205078125
000d7d20_4302,11735.4775390625
000d7d20_4303,11735.4873046875
000d7d20_4304,11735.5126953125
000d7d20_4305,11735.4775390625
000d7d20_4306,11735.51171875
000d7d20_4307,11735.5302734375
000d7d20_4308,11735.5283203125
000d7d20_4309,11735.5263671875
000d7d20_4310,11735.47265625
000d7d20_4311,11735.4951171875
000d7d20_4312,11735.482421875
000d7d20_4313,11735.470703125
000d7d20_4314,11735.46875
000d7d20_4315,11735.43359375
000d7d20_4316,11735.4443359375
000d7d20_4317,11735.43359375
000d7d20_4318,11735.423828125
000d7d20_4319,11735.40625
000d7d20_4320,11735.4609375
000d7d20_4321,11735.43359375
000d7d20_4322,11735.4609375
000d7d20_4323,11735.4345703125
000d7d20_4324,11735.419921875
000d7d20_4325,11735.4267578125
000d7d20_4326,11735.41015625
000d7d20_4327,11735.443359375
000d7d20_4328,11735.439453125
000d7d20_4329,11735.4814453125
000d7d20_4330,11735.4794921875
000d7d20_4331,11735.4833984375
000d7d20_4332,11735.5009765625
000d7d20_4333,11735.48828125
000d7d20_4334,11735.6103515625
000d7d20_4335,11735.6181640625
000d7d20_4336,11735.6025390625
000d7d20_4337,11735.6259765625
000d7d20_4338,11735.5966796875
000d7d20_4339,11735.623046875
000d7d20_4340,11735.6201171875
000d7d20_4341,11735.595703125
000d7d20_4342,11735.626953125
000d7d20_4343,11735.6298828125
000d7d20_4344,11735.638671875
000d7d20_4345,11735.615234375
000d7d20_4346,11735.6513671875
000d7d20_4347,11735.626953125
000d7d20_4348,11735.6328125
000d7d20_4349,11735.6171875
000d7d20_4350,11735.625
000d7d20_4351,11735.6474609375
000d7d20_4352,11735.634765625
000d7d20_4353,11735.634765625
000d7d20_4354,11735.615234375
000d7d20_4355,11735.6376953125
000d7d20_4356,11735.6396484375
000d7d20_4357,11735.642578125
000d7d20_4358,11735.6455078125
000d7d20_4359,11735.642578125
000d7d20_4360,11735.6123046875
000d7d20_4361,11735.619140625
000d7d20_4362,11735.6259765625
000d7d20_4363,11735.64453125
000d7d20_4364,11735.6572265625
000d7d20_4365,11735.642578125
000d7d20_4366,11735.654296875
000d7d20_4367,11735.6708984375
000d7d20_4368,11735.689453125
000d7d20_4369,11735.697265625
000d7d20_4370,11735.7001953125
000d7d20_4371,11735.681640625
000d7d20_4372,11735.6650390625
000d7d20_4373,11735.7001953125
000d7d20_4374,11735.669921875
000d7d20_4375,11735.6728515625
000d7d20_4376,11735.6435546875
000d7d20_4377,11735.7724609375
000d7d20_4378,11735.75390625
000d7d20_4379,11735.7587890625
000d7d20_4380,11735.7900390625
000d7d20_4381,11735.8212890625
000d7d20_4382,11735.873046875
000d7d20_4383,11736.0751953125
000d7d20_4384,11736.0205078125
000d7d20_4385,11736.03515625
000d7d20_4386,11736.0693359375
000d7d20_4387,11736.044921875
000d7d20_4388,11736.0546875
000d7d20_4389,11736.013671875
000d7d20_4390,11736.03125
000d7d20_4391,11736.1015625
000d7d20_4392,11736.08984375
000d7d20_4393,11736.0400390625
000d7d20_4394,11736.0
000d7d20_4395,11736.0048828125
000d7d20_4396,11735.9970703125
000d7d20_4397,11735.9892578125
000d7d20_4398,11735.9697265625
000d7d20_4399,11735.966796875
000d7d20_4400,11735.94140625
000d7d20_4401,11735.9033203125
000d7d20_4402,11735.9072265625
000d7d20_4403,11735.8466796875
000d7d20_4404,11735.8369140625
000d7d20_4405,11735.8193359375
000d7d20_4406,11735.935546875
000d7d20_4407,11735.9248046875
000d7d20_4408,11735.8818359375
000d7d20_4409,11735.88671875
000d7d20_4410,11735.8720703125
000d7d20_4411,11735.8828125
000d7d20_4412,11735.89453125
000d7d20_4413,11735.8564453125
000d7d20_4414,11735.8916015625
000d7d20_4415,11735.91015625
000d7d20_4416,11735.900390625
000d7d20_4417,11735.884765625
000d7d20_4418,11735.8203125
000d7d20_4419,11735.8271484375
000d7d20_4420,11735.833984375
000d7d20_4421,11735.8330078125
000d7d20_4422,11735.8369140625
000d7d20_4423,11735.8359375
000d7d20_4424,11735.830078125
000d7d20_4425,11735.810546875
000d7d20_4426,11735.8740234375
000d7d20_4427,11735.86328125
000d7d20_4428,11735.8154296875
000d7d20_4429,11735.8212890625
000d7d20_4430,11735.900390625
000d7d20_4431,11735.916015625
000d7d20_4432,11735.927734375
000d7d20_4433,11735.9208984375
000d7d20_4434,11735.9208984375
000d7d20_4435,11735.9326171875
000d7d20_4436,11736.3349609375
000d7d20_4437,11736.3369140625
000d7d20_4438,11736.3408203125
000d7d20_4439,11736.37109375
000d7d20_4440,11736.326171875
000d7d20_4441,11736.2978515625
000d7d20_4442,11736.2822265625
000d7d20_4443,11736.2724609375
000d7d20_4444,11736.2783203125
000d7d20_4445,11736.2822265625
000d7d20_4446,11736.173828125
000d7d20_4447,11736.2216796875
000d7d20_4448,11736.244140625
000d7d20_4449,11736.2490234375
000d7d20_4450,11736.2705078125
000d7d20_4451,11736.2607421875
000d7d20_4452,11736.2763671875
000d7d20_4453,11736.283203125
000d7d20_4454,11736.2890625
000d7d20_4455,11736.2998046875
000d7d20_4456,11736.357421875
000d7d20_4457,11736.369140625
000d7d20_4458,11736.3955078125
000d7d20_4459,11736.4033203125
000d7d20_4460,11736.4150390625
000d7d20_4461,11736.4091796875
000d7d20_4462,11736.4345703125
000d7d20_4463,11736.423828125
000d7d20_4464,11736.4287109375
000d7d20_4465,11736.435546875
000d7d20_4466,11736.7744140625
000d7d20_4467,11736.7744140625
000d7d20_4468,11736.78515625
000d7d20_4469,11736.775390625
000d7d20_4470,11736.759765625
000d7d20_4471,11736.810546875
000d7d20_4472,11736.8369140625
000d7d20_4473,11736.84375
000d7d20_4474,11736.7978515625
000d7d20_4475,11736.796875
000d7d20_4476,11736.78515625
000d7d20_4477,11736.7783203125
000d7d20_4478,11736.712890625
000d7d20_4479,11736.74609375
000d7d20_4480,11736.74609375
000d7d20_4481,11736.7265625
000d7d20_4482,11736.6640625
000d7d20_4483,11736.625
000d7d20_4484,11736.599609375
000d7d20_4485,11736.60546875
000d7d20_4486,11736.6181640625
000d7d20_4487,11736.580078125
000d7d20_4488,11736.5947265625
000d7d20_4489,11736.6005859375
000d7d20_4490,11736.5986328125
000d7d20_4491,11736.59765625
000d7d20_4492,11736.59375
000d7d20_4493,11736.5693359375
000d7d20_4494,11736.576171875
000d7d20_4495,11736.48828125
000d7d20_4496,11736.431640625
000d7d20_4497,11736.423828125
000d7d20_4498,11736.416015625
000d7d20_4499,11736.4189453125
000d7d20_4500,11736.416015625
000d7d20_4501,11736.451171875
000d7d20_4502,11736.4892578125
000d7d20_4503,11736.490234375
000d7d20_4504,11736.4482421875
000d7d20_4505,11736.4833984375
000d7d20_4506,11736.4853515625
000d7d20_4507,11736.494140625
000d7d20_4508,11736.505859375
000d7d20_4509,11736.5078125
000d7d20_4510,11736.5009765625
000d7d20_4511,11736.4990234375
000d7d20_4512,11736.4921875
000d7d20_4513,11736.486328125
000d7d20_4514,11736.482421875
000d7d20_4515,11736.474609375
000d7d20_4516,11736.4765625
000d7d20_4517,11736.72265625
000d7d20_4518,11736.7568359375
000d7d20_4519,11736.7841796875
000d7d20_4520,11736.7939453125
000d7d20_4521,11736.7958984375
000d7d20_4522,11736.794921875
000d7d20_4523,11736.7841796875
000d7d20_4524,11736.7861328125
000d7d20_4525,11736.7783203125
000d7d20_4526,11736.7236328125
000d7d20_4527,11736.7607421875
000d7d20_4528,11736.7666015625
000d7d20_4529,11736.7802734375
000d7d20_4530,11736.7978515625
000d7d20_4531,11736.748046875
000d7d20_4532,11736.7880859375
000d7d20_4533,11736.8125
000d7d20_4534,11736.8037109375
000d7d20_4535,11736.8212890625
000d7d20_4536,11736.8203125
000d7d20_4537,11736.9140625
000d7d20_4538,11736.9169921875
000d7d20_4539,11736.9208984375
000d7d20_4540,11736.9248046875
000d7d20_4541,11736.9150390625
000d7d20_4542,11736.94140625
000d7d20_4543,11736.93359375
000d7d20_4544,11736.958984375
000d7d20_4545,11736.9736328125
000d7d20_4546,11736.9765625
000d7d20_4547,11737.021484375
000d7d20_4548,11737.056640625
000d7d20_4549,11737.076171875
000d7d20_4550,11737.0888671875
000d7d20_4551,11737.1083984375
000d7d20_4552,11737.103515625
000d7d20_4553,11737.11328125
000d7d20_4554,11737.1103515625
000d7d20_4555,11737.119140625
000d7d20_4556,11737.1171875
000d7d20_4557,11737.1298828125
000d7d20_4558,11737.125
000d7d20_4559,11737.1337890625
000d7d20_4560,11737.142578125
000d7d20_4561,11737.177734375
000d7d20_4562,11737.1318359375
000d7d20_4563,11737.119140625
000d7d20_4564,11737.1181640625
000d7d20_4565,11737.0986328125
000d7d20_4566,11737.0810546875
000d7d20_4567,11737.119140625
000d7d20_4568,11737.12109375
000d7d20_4569,11737.4814453125
000d7d20_4570,11737.51171875
000d7d20_4571,11737.4658203125
000d7d20_4572,11737.453125
000d7d20_4573,11737.4521484375
000d7d20_4574,11737.4677734375
000d7d20_4575,11737.451171875
000d7d20_4576,11737.46875
000d7d20_4577,11737.4716796875
000d7d20_4578,11737.470703125
000d7d20_4579,11737.44140625
000d7d20_4580,11737.5166015625
000d7d20_4581,11737.5048828125
000d7d20_4582,11737.5068359375
000d7d20_4583,11737.49609375
000d7d20_4584,11737.50390625
000d7d20_4585,11737.544921875
000d7d20_4586,11737.56640625
000d7d20_4587,11737.5625
000d7d20_4588,11737.53515625
000d7d20_4589,11737.544921875
000d7d20_4590,11737.529296875
000d7d20_4591,11737.5185546875
000d7d20_4592,11737.509765625
000d7d20_4593,11737.5283203125
000d7d20_4594,11737.5283203125
000d7d20_4595,11737.5537109375
000d7d20_4596,11737.5810546875
000d7d20_4597,11737.6142578125
000d7d20_4598,11737.6435546875
000d7d20_4599,11737.6630859375
000d7d20_4600,11737.6552734375
000d7d20_4601,11737.6572265625
000d7d20_4602,11737.689453125
000d7d20_4603,11737.6796875
000d7d20_4604,11737.6962890625
000d7d20_4605,11737.65234375
000d7d20_4606,11737.6572265625
000d7d20_4607,11737.66796875
000d7d20_4608,11737.65625
000d7d20_4609,11737.6455078125
000d7d20_4610,11737.6787109375
000d7d20_4611,11737.6904296875
000d7d20_4612,11737.708984375
000d7d20_4613,11737.701171875
000d7d20_4614,11737.6962890625
000d7d20_4615,11737.6953125
000d7d20_4616,11737.716796875
000d7d20_4617,11737.7138671875
000d7d20_4618,11737.7548828125
000d7d20_4619,11737.7490234375
000d7d20_4620,11737.7724609375
000d7d20_4621,11737.75390625
000d7d20_4622,11737.7587890625
000d7d20_4623,11737.7919921875
000d7d20_4624,11737.7783203125
000d7d20_4625,11737.7578125
000d7d20_4626,11737.7392578125
000d7d20_4627,11737.7568359375
000d7d20_4628,11737.751953125
000d7d20_4629,11737.7431640625
000d7d20_4630,11737.7490234375
000d7d20_4631,11737.7568359375
000d7d20_4632,11737.7734375
000d7d20_4633,11737.7763671875
000d7d20_4634,11737.76953125
000d7d20_4635,11737.7998046875
000d7d20_4636,11737.794921875
000d7d20_4637,11737.763671875
000d7d20_4638,11737.7646484375
000d7d20_4639,11737.7919921875
000d7d20_4640,11737.796875
000d7d20_4641,11737.7451171875
000d7d20_4642,11737.76171875
000d7d20_4643,11737.7919921875
000d7d20_4644,11737.802734375
000d7d20_4645,11737.8251953125
000d7d20_4646,11737.8271484375
000d7d20_4647,11737.8193359375
000d7d20_4648,11737.865234375
000d7d20_4649,11737.90625
000d7d20_4650,11737.8701171875
000d7d20_4651,11738.017578125
000d7d20_4652,11738.0380859375
000d7d20_4653,11737.9970703125
000d7d20_4654,11737.9990234375
000d7d20_4655,11737.9384765625
000d7d20_4656,11737.9384765625
000d7d20_4657,11737.84375
000d7d20_4658,11737.873046875
000d7d20_4659,11737.916015625
000d7d20_4660,11737.9365234375
000d7d20_4661,11737.8720703125
000d7d20_4662,11737.8603515625
000d7d20_4663,11737.8427734375
000d7d20_4664,11737.7734375
000d7d20_4665,11737.6494140625
000d7d20_4666,11737.6376953125
000d7d20_4667,11737.625
000d7d20_4668,11737.5556640625
000d7d20_4669,11737.58984375
000d7d20_4670,11737.560546875
000d7d20_4671,11737.5439453125
000d7d20_4672,11737.4501953125
000d7d20_4673,11737.42578125
000d7d20_4674,11737.408203125
000d7d20_4675,11737.3583984375
000d7d20_4676,11737.3125
000d7d20_4677,11737.3544921875
000d7d20_4678,11737.30078125
000d7d20_4679,11737.2900390625
000d7d20_4680,11737.283203125
000d7d20_4681,11737.2490234375
000d7d20_4682,11737.22265625
000d7d20_4683,11737.1884765625
000d7d20_4684,11737.1982421875
000d7d20_4685,11737.2080078125
000d7d20_4686,11737.2431640625
000d7d20_4687,11737.2626953125
000d7d20_4688,11737.267578125
000d7d20_4689,11737.2626953125
000d7d20_4690,11737.25
000d7d20_4691,11737.2333984375
000d7d20_4692,11737.236328125
000d7d20_4693,11737.22265625
000d7d20_4694,11737.232421875
000d7d20_4695,11737.2548828125
000d7d20_4696,11737.216796875
000d7d20_4697,11737.2333984375
000d7d20_4698,11737.2216796875
000d7d20_4699,11737.2412109375
000d7d20_4700,11737.212890625
000d7d20_4701,11737.2392578125
000d7d20_4702,11737.255859375
000d7d20_4703,11737.564453125
000d7d20_4704,11737.4677734375
000d7d20_4705,11737.4384765625
000d7d20_4706,11737.4677734375
000d7d20_4707,11737.5537109375
000d7d20_4708,11737.521484375
000d7d20_4709,11737.4912109375
000d7d20_4710,11737.4912109375
000d7d20_4711,11737.5439453125
000d7d20_4712,11737.5498046875
000d7d20_4713,11737.5234375
000d7d20_4714,11737.568359375
000d7d20_4715,11737.6142578125
000d7d20_4716,11737.64453125
000d7d20_4717,11737.67578125
000d7d20_4718,11737.67578125
000d7d20_4719,11737.6796875
000d7d20_4720,11737.701171875
000d7d20_4721,11737.71484375
000d7d20_4722,11737.701171875
000d7d20_4723,11737.75
000d7d20_4724,11737.7548828125
000d7d20_4725,11737.75
000d7d20_4726,11737.7470703125
000d7d20_4727,11737.7412109375
000d7d20_4728,11737.720703125
000d7d20_4729,11737.765625
000d7d20_4730,11737.7978515625
000d7d20_4731,11737.951171875
000d7d20_4732,11737.927734375
000d7d20_4733,11737.8955078125
000d7d20_4734,11737.958984375
000d7d20_4735,11737.9443359375
000d7d20_4736,11737.8349609375
000d7d20_4737,11737.953125
000d7d20_4738,11737.8623046875
000d7d20_4739,11737.7763671875
000d7d20_4740,11737.84375
000d7d20_4741,11737.9287109375
000d7d20_4742,11737.857421875
000d7d20_4743,11737.8251953125
000d7d20_4744,11737.8046875
000d7d20_4745,11737.7373046875
000d7d20_4746,11737.6416015625
000d7d20_4747,11737.767578125
000d7d20_4748,11737.5947265625
000d7d20_4749,11737.5869140625
000d7d20_4750,11737.5888671875
000d7d20_4751,11737.6982421875
000d7d20_4752,11737.48046875
000d7d20_4753,11737.48828125
000d7d20_4754,11737.5087890625
000d7d20_4755,11737.3701171875
000d7d20_4756,11737.2607421875
000d7d20_4757,11737.337890625
000d7d20_4758,11737.26953125
000d7d20_4759,11737.2724609375
000d7d20_4760,11737.251953125
000d7d20_4761,11737.146484375
000d7d20_4762,11737.0703125
000d7d20_4763,11737.0322265625
000d7d20_4764,11736.98828125
000d7d20_4765,11737.0146484375
000d7d20_4766,11737.041015625
000d7d20_4767,11736.9521484375
000d7d20_4768,11736.8583984375
000d7d20_4769,11736.828125
000d7d20_4770,11736.80859375
000d7d20_4771,11736.767578125
000d7d20_4772,11736.7568359375
000d7d20_4773,11736.78125
000d7d20_4774,11736.8046875
000d7d20_4775,11736.779296875
000d7d20_4776,11736.7763671875
000d7d20_4777,11736.771484375
000d7d20_4778,11736.796875
000d7d20_4779,11736.84375
000d7d20_4780,11736.859375
000d7d20_4781,11736.8671875
000d7d20_4782,11736.796875
000d7d20_4783,11736.7861328125
000d7d20_4784,11736.8271484375
000d7d20_4785,11736.857421875
000d7d20_4786,11736.853515625
000d7d20_4787,11736.8681640625
000d7d20_4788,11736.859375
000d7d20_4789,11736.8642578125
000d7d20_4790,11736.8623046875
000d7d20_4791,11736.837890625
000d7d20_4792,11736.8310546875
000d7d20_4793,11736.828125
000d7d20_4794,11736.826171875
000d7d20_4795,11736.826171875
000d7d20_4796,11736.7998046875
000d7d20_4797,11736.8037109375
000d7d20_4798,11736.791015625
000d7d20_4799,11736.796875
000d7d20_4800,11736.8056640625
000d7d20_4801,11736.859375
000d7d20_4802,11736.857421875
000d7d20_4803,11736.8896484375
000d7d20_4804,11736.9052734375
000d7d20_4805,11736.921875
000d7d20_4806,11736.912109375
000d7d20_4807,11736.9052734375
000d7d20_4808,11736.9072265625
000d7d20_4809,11736.94921875
000d7d20_4810,11736.982421875
000d7d20_4811,11736.998046875
000d7d20_4812,11736.962890625
000d7d20_4813,11737.0205078125
000d7d20_4814,11737.01953125
000d7d20_4815,11737.0859375
000d7d20_4816,11737.091796875
000d7d20_4817,11737.1279296875
000d7d20_4818,11737.12109375
000d7d20_4819,11737.1669921875
000d7d20_4820,11737.205078125
000d7d20_4821,11737.20703125
000d7d20_4822,11737.2666015625
000d7d20_4823,11737.2734375
000d7d20_4824,11737.294921875
000d7d20_4825,11737.3203125
000d7d20_4826,11737.3037109375
000d7d20_4827,11737.36328125
000d7d20_4828,11737.341796875
000d7d20_4829,11737.2587890625
000d7d20_4830,11737.2490234375
000d7d20_4831,11737.2568359375
000d7d20_4832,11737.2294921875
000d7d20_4833,11737.224609375
000d7d20_4834,11737.2470703125
000d7d20_4835,11737.353515625
000d7d20_4836,11737.328125
000d7d20_4837,11737.2568359375
000d7d20_4838,11737.283203125
000d7d20_4839,11737.3037109375
000d7d20_4840,11737.326171875
000d7d20_4841,11737.3291015625
000d7d20_4842,11737.349609375
000d7d20_4843,11737.396484375
000d7d20_4844,11737.4013671875
000d7d20_4845,11737.3505859375
000d7d20_4846,11737.3857421875
000d7d20_4847,11737.40625
000d7d20_4848,11737.4189453125
000d7d20_4849,11737.4287109375
000d7d20_4850,11737.4619140625
000d7d20_4851,11737.5068359375
000d7d20_4852,11737.4912109375
000d7d20_4853,11737.46875
000d7d20_4854,11737.3798828125
000d7d20_4855,11737.3828125
000d7d20_4856,11737.3330078125
000d7d20_4857,11737.337890625
000d7d20_4858,11737.2939453125
000d7d20_4859,11737.2666015625
000d7d20_4860,11737.197265625
000d7d20_4861,11737.224609375
000d7d20_4862,11737.169921875
000d7d20_4863,11737.0625
000d7d20_4864,11737.0478515625
000d7d20_4865,11737.0830078125
000d7d20_4866,11737.0498046875
000d7d20_4867,11736.990234375
000d7d20_4868,11736.986328125
000d7d20_4869,11736.9912109375
000d7d20_4870,11736.978515625
000d7d20_4871,11736.96484375
000d7d20_4872,11736.951171875
000d7d20_4873,11736.91796875
000d7d20_4874,11736.8662109375
000d7d20_4875,11736.8837890625
000d7d20_4876,11736.8818359375
000d7d20_4877,11736.8916015625
000d7d20_4878,11736.9501953125
000d7d20_4879,11736.91015625
000d7d20_4880,11736.861328125
000d7d20_4881,11736.8388671875
000d7d20_4882,11736.7939453125
000d7d20_4883,11736.8203125
000d7d20_4884,11736.7724609375
000d7d20_4885,11736.7490234375
000d7d20_4886,11736.849609375
000d7d20_4887,11736.7626953125
000d7d20_4888,11736.6865234375
000d7d20_4889,11736.6787109375
000d7d20_4890,11736.6611328125
000d7d20_4891,11736.689453125
000d7d20_4892,11736.5966796875
000d7d20_4893,11736.5751953125
000d7d20_4894,11736.5869140625
000d7d20_4895,11736.5810546875
000d7d20_4896,11736.65234375
000d7d20_4897,11736.6162109375
000d7d20_4898,11736.5703125
000d7d20_4899,11736.546875
000d7d20_4900,11736.5498046875
000d7d20_4901,11736.5546875
000d7d20_4902,11736.5693359375
000d7d20_4903,11736.5751953125
000d7d20_4904,11736.58984375
000d7d20_4905,11736.591796875
000d7d20_4906,11736.5947265625
000d7d20_4907,11736.59765625
000d7d20_4908,11736.619140625
000d7d20_4909,11736.6376953125
000d7d20_4910,11736.6484375
000d7d20_4911,11736.646484375
000d7d20_4912,11736.666015625
000d7d20_4913,11736.6826171875
000d7d20_4914,11736.72265625
000d7d20_4915,11736.7578125
000d7d20_4916,11736.7841796875
000d7d20_4917,11736.8369140625
000d7d20_4918,11736.833984375
000d7d20_4919,11736.8095703125
000d7d20_4920,11736.822265625
000d7d20_4921,11736.8056640625
000d7d20_4922,11736.728515625
000d7d20_4923,11736.7109375
000d7d20_4924,11736.69921875
000d7d20_4925,11736.6875
000d7d20_4926,11736.666015625
000d7d20_4927,11736.654296875
000d7d20_4928,11736.6435546875
000d7d20_4929,11736.6416015625
000d7d20_4930,11736.6318359375
000d7d20_4931,11736.5888671875
000d7d20_4932,11736.5859375
000d7d20_4933,11736.5576171875
000d7d20_4934,11736.5712890625
000d7d20_4935,11736.5849609375
000d7d20_4936,11736.5625
000d7d20_4937,11736.5556640625
000d7d20_4938,11736.54296875
000d7d20_4939,11736.556640625
000d7d20_4940,11736.560546875
000d7d20_4941,11736.5595703125
000d7d20_4942,11736.5595703125
000d7d20_4943,11736.548828125
000d7d20_4944,11736.5439453125
000d7d20_4945,11736.5595703125
000d7d20_4946,11736.537109375
000d7d20_4947,11736.546875
000d7d20_4948,11736.53125
000d7d20_4949,11736.54296875
000d7d20_4950,11736.5576171875
000d7d20_4951,11736.6044921875
000d7d20_4952,11736.5654296875
000d7d20_4953,11736.5712890625
000d7d20_4954,11736.546875
000d7d20_4955,11736.556640625
000d7d20_4956,11736.5634765625
000d7d20_4957,11736.54296875
000d7d20_4958,11736.560546875
000d7d20_4959,11736.6474609375
000d7d20_4960,11736.59765625
000d7d20_4961,11736.6318359375
000d7d20_4962,11736.71484375
000d7d20_4963,11736.7138671875
000d7d20_4964,11736.7119140625
000d7d20_4965,11736.7216796875
000d7d20_4966,11736.6513671875
000d7d20_4967,11736.638671875
000d7d20_4968,11736.65625
000d7d20_4969,11736.6689453125
000d7d20_4970,11736.7412109375
000d7d20_4971,11736.75390625
000d7d20_4972,11736.705078125
000d7d20_4973,11736.75
000d7d20_4974,11736.712890625
000d7d20_4975,11736.6005859375
000d7d20_4976,11736.5966796875
000d7d20_4977,11736.56640625
000d7d20_4978,11736.6025390625
000d7d20_4979,11736.591796875
000d7d20_4980,11736.6513671875
000d7d20_4981,11736.646484375
000d7d20_4982,11736.689453125
000d7d20_4983,11736.69921875
000d7d20_4984,11736.693359375
000d7d20_4985,11736.736328125
000d7d20_4986,11736.7626953125
000d7d20_4987,11736.7841796875
000d7d20_4988,11736.7880859375
000d7d20_4989,11736.8408203125
000d7d20_4990,11736.876953125
000d7d20_4991,11736.9033203125
000d7d20_4992,11736.9140625
000d7d20_4993,11736.9658203125
000d7d20_4994,11736.9599609375
000d7d20_4995,11736.9951171875
000d7d20_4996,11736.958984375
000d7d20_4997,11737.0341796875
000d7d20_4998,11737.02734375
000d7d20_4999,11737.033203125
000d7d20_5000,11737.09375
000d7d20_5001,11737.099609375
000d7d20_5002,11737.1865234375
000d7d20_5003,11737.2177734375
000d7d20_5004,11737.171875
000d7d20_5005,11737.279296875
000d7d20_5006,11737.353515625
000d7d20_5007,11737.44921875
000d7d20_5008,11737.615234375
000d7d20_5009,11737.6201171875
000d7d20_5010,11737.5166015625
000d7d20_5011,11737.4599609375
000d7d20_5012,11737.4931640625
000d7d20_5013,11737.4970703125
000d7d20_5014,11737.5595703125
000d7d20_5015,11737.6181640625
000d7d20_5016,11737.6279296875
000d7d20_5017,11737.6650390625
000d7d20_5018,11737.6748046875
000d7d20_5019,11737.609375
000d7d20_5020,11737.630859375
000d7d20_5021,11737.6455078125
000d7d20_5022,11737.7333984375
000d7d20_5023,11737.7109375
000d7d20_5024,11737.6982421875
000d7d20_5025,11737.69140625
000d7d20_5026,11737.6826171875
000d7d20_5027,11737.6767578125
000d7d20_5028,11737.68359375
000d7d20_5029,11737.66796875
000d7d20_5030,11737.6328125
000d7d20_5031,11737.6396484375
000d7d20_5032,11737.6923828125
000d7d20_5033,11737.615234375
000d7d20_5034,11737.6748046875
000d7d20_5035,11737.6865234375
000d7d20_5036,11737.7216796875
000d7d20_5037,11737.857421875
000d7d20_5038,11737.845703125
000d7d20_5039,11737.9462890625
000d7d20_5040,11737.9775390625
000d7d20_5041,11738.0126953125
000d7d20_5042,11738.037109375
000d7d20_5043,11738.0244140625
000d7d20_5044,11738.017578125
000d7d20_5045,11738.0078125
000d7d20_5046,11738.060546875
000d7d20_5047,11738.0615234375
000d7d20_5048,11738.083984375
000d7d20_5049,11738.115234375
000d7d20_5050,11738.1337890625
000d7d20_5051,11738.125
000d7d20_5052,11738.12109375
000d7d20_5053,11738.1650390625
000d7d20_5054,11738.1923828125
000d7d20_5055,11738.2490234375
000d7d20_5056,11738.2119140625
000d7d20_5057,11738.228515625
000d7d20_5058,11738.234375
000d7d20_5059,11738.2509765625
000d7d20_5060,11738.2412109375
000d7d20_5061,11738.23828125
000d7d20_5062,11738.263671875
000d7d20_5063,11738.3115234375
000d7d20_5064,11738.38671875
000d7d20_5065,11738.4189453125
000d7d20_5066,11738.4208984375
000d7d20_5067,11738.5703125
000d7d20_5068,11738.6142578125
000d7d20_5069,11738.57421875
000d7d20_5070,11738.53125
000d7d20_5071,11738.6015625
000d7d20_5072,11738.6220703125
000d7d20_5073,11738.62890625
000d7d20_5074,11738.6455078125
000d7d20_5075,11738.640625
000d7d20_5076,11738.6513671875
000d7d20_5077,11738.537109375
000d7d20_5078,11738.4482421875
000d7d20_5079,11738.453125
000d7d20_5080,11738.4169921875
000d7d20_5081,11738.3935546875
000d7d20_5082,11738.384765625
000d7d20_5083,11738.3056640625
000d7d20_5084,11738.2919921875
000d7d20_5085,11738.2841796875
000d7d20_5086,11738.271484375
000d7d20_5087,11738.2939453125
000d7d20_5088,11738.30859375
000d7d20_5089,11738.2685546875
000d7d20_5090,11738.2880859375
000d7d20_5091,11738.31640625
000d7d20_5092,11738.283203125
000d7d20_5093,11738.2763671875
000d7d20_5094,11738.25390625
000d7d20_5095,11738.1708984375
000d7d20_5096,11738.14453125
000d7d20_5097,11738.166015625
000d7d20_5098,11738.1240234375
000d7d20_5099,11737.98828125
000d7d20_5100,11737.9384765625
000d7d20_5101,11737.9384765625
000d7d20_5102,11737.9794921875
000d7d20_5103,11737.9326171875
000d7d20_5104,11737.791015625
000d7d20_5105,11737.7119140625
000d7d20_5106,11737.716796875
000d7d20_5107,11737.6943359375
000d7d20_5108,11737.666015625
000d7d20_5109,11737.5546875
000d7d20_5110,11737.509765625
000d7d20_5111,11737.3994140625
000d7d20_5112,11737.392578125
000d7d20_5113,11737.416015625
000d7d20_5114,11737.40234375
000d7d20_5115,11737.3056640625
000d7d20_5116,11737.3203125
000d7d20_5117,11737.1982421875
000d7d20_5118,11737.1474609375
000d7d20_5119,11737.1767578125
000d7d20_5120,11737.1845703125
000d7d20_5121,11737.345703125
000d7d20_5122,11737.3544921875
000d7d20_5123,11737.3642578125
000d7d20_5124,11737.337890625
000d7d20_5125,11737.3271484375
000d7d20_5126,11737.294921875
000d7d20_5127,11737.28515625
000d7d20_5128,11737.2509765625
000d7d20_5129,11737.2919921875
000d7d20_5130,11737.275390625
000d7d20_5131,11737.27734375
000d7d20_5132,11737.1865234375
000d7d20_5133,11737.216796875
000d7d20_5134,11737.27734375
000d7d20_5135,11737.2763671875
000d7d20_5136,11737.3046875
000d7d20_5137,11737.3115234375
000d7d20_5138,11737.29296875
000d7d20_5139,11737.3505859375
000d7d20_5140,11737.4248046875
000d7d20_5141,11737.5615234375
000d7d20_5142,11737.5595703125
000d7d20_5143,11737.5908203125
000d7d20_5144,11737.6591796875
000d7d20_5145,11737.755859375
000d7d20_5146,11737.7646484375
000d7d20_5147,11737.89453125
000d7d20_5148,11737.9326171875
000d7d20_5149,11737.9609375
000d7d20_5150,11737.990234375
000d7d20_5151,11737.9677734375
000d7d20_5152,11738.0048828125
000d7d20_5153,11738.0322265625
000d7d20_5154,11738.0556640625
000d7d20_5155,11738.0693359375
000d7d20_5156,11738.1044921875
000d7d20_5157,11738.21484375
000d7d20_5158,11738.2236328125
000d7d20_5159,11738.1796875
000d7d20_5160,11738.185546875
000d7d20_5161,11738.2353515625
000d7d20_5162,11738.2939453125
000d7d20_5163,11738.2763671875
000d7d20_5164,11738.267578125
000d7d20_5165,11738.380859375
000d7d20_5166,11738.392578125
000d7d20_5167,11738.49609375
000d7d20_5168,11738.55859375
000d7d20_5169,11738.6484375
000d7d20_5170,11738.8681640625
000d7d20_5171,11738.939453125
000d7d20_5172,11739.064453125
000d7d20_5173,11739.1337890625
000d7d20_5174,11739.2119140625
000d7d20_5175,11739.19921875
000d7d20_5176,11739.208984375
000d7d20_5177,11739.1943359375
000d7d20_5178,11739.1875
000d7d20_5179,11739.169921875
000d7d20_5180,11739.16796875
000d7d20_5181,11739.1953125
000d7d20_5182,11739.322265625
000d7d20_5183,11739.3603515625
000d7d20_5184,11739.361328125
000d7d20_5185,11739.3935546875
000d7d20_5186,11739.447265625
000d7d20_5187,11739.4560546875
000d7d20_5188,11739.4931640625
000d7d20_5189,11739.4296875
000d7d20_5190,11739.400390625
000d7d20_5191,11739.4130859375
000d7d20_5192,11739.3740234375
000d7d20_5193,11739.373046875
000d7d20_5194,11739.396484375
000d7d20_5195,11739.412109375
000d7d20_5196,11739.4296875
000d7d20_5197,11739.4873046875
000d7d20_5198,11739.4765625
000d7d20_5199,11739.486328125
000d7d20_5200,11739.46484375
000d7d20_5201,11739.46875
000d7d20_5202,11739.453125
000d7d20_5203,11739.427734375
000d7d20_5204,11739.4189453125
000d7d20_5205,11739.4189453125
000d7d20_5206,11739.3828125
000d7d20_5207,11739.337890625
000d7d20_5208,11739.4072265625
000d7d20_5209,11739.423828125
000d7d20_5210,11739.3828125
000d7d20_5211,11739.3740234375
000d7d20_5212,11739.3798828125
000d7d20_5213,11739.3798828125
000d7d20_5214,11739.3564453125
000d7d20_5215,11739.298828125
000d7d20_5216,11739.3701171875
000d7d20_5217,11739.40234375
000d7d20_5218,11739.3896484375
000d7d20_5219,11739.3974609375
000d7d20_5220,11739.408203125
000d7d20_5221,11739.4150390625
000d7d20_5222,11739.4248046875
000d7d20_5223,11739.4736328125
000d7d20_5224,11739.48046875
000d7d20_5225,11739.474609375
000d7d20_5226,11739.48828125
000d7d20_5227,11739.4677734375
000d7d20_5228,11739.4765625
000d7d20_5229,11739.474609375
000d7d20_5230,11739.4755859375
000d7d20_5231,11739.470703125
000d7d20_5232,11739.5380859375
000d7d20_5233,11739.580078125
000d7d20_5234,11739.5087890625
000d7d20_5235,11739.5009765625
000d7d20_5236,11739.5537109375
000d7d20_5237,11739.5888671875
000d7d20_5238,11739.533203125
000d7d20_5239,11739.5224609375
000d7d20_5240,11739.51171875
000d7d20_5241,11739.494140625
000d7d20_5242,11739.5361328125
000d7d20_5243,11739.5380859375
000d7d20_5244,11739.5439453125
000d7d20_5245,11739.5341796875
000d7d20_5246,11739.5732421875
000d7d20_5247,11739.587890625
000d7d20_5248,11739.595703125
000d7d20_5249,11739.5859375
000d7d20_5250,11739.6005859375
000d7d20_5251,11739.5947265625
000d7d20_5252,11739.6669921875
000d7d20_5253,11739.6640625
000d7d20_5254,11739.6767578125
000d7d20_5255,11739.6240234375
000d7d20_5256,11739.587890625
000d7d20_5257,11739.599609375
000d7d20_5258,11739.6083984375
000d7d20_5259,11739.6328125
000d7d20_5260,11739.654296875
000d7d20_5261,11739.640625
000d7d20_5262,11739.6416015625
000d7d20_5263,11739.67578125
000d7d20_5264,11739.634765625
000d7d20_5265,11739.6484375
000d7d20_5266,11739.650390625
000d7d20_5267,11739.662109375
000d7d20_5268,11739.6748046875
000d7d20_5269,11739.650390625
000d7d20_5270,11739.64453125
000d7d20_5271,11739.6748046875
000d7d20_5272,11739.6337890625
000d7d20_5273,11739.6953125
000d7d20_5274,11739.767578125
000d7d20_5275,11739.787109375
000d7d20_5276,11739.7880859375
000d7d20_5277,11739.7919921875
00bbac68_1545,12223.5009765625
00bbac68_1546,12223.515625
00bbac68_1547,12223.521484375
00bbac68_1548,12223.5908203125
00bbac68_1549,12223.5751953125
00bbac68_1550,12223.576171875
00bbac68_1551,12223.6181640625
00bbac68_1552,12223.6259765625
00bbac68_1553,12223.6259765625
00bbac68_1554,12223.634765625
00bbac68_1555,12223.6669921875
00bbac68_1556,12223.6630859375
00bbac68_1557,12223.6796875
00bbac68_1558,12223.6650390625
00bbac68_1559,12223.69921875
00bbac68_1560,12223.6826171875
00bbac68_1561,12223.669921875
00bbac68_1562,12223.6943359375
00bbac68_1563,12223.6875
00bbac68_1564,12223.666015625
00bbac68_1565,12223.6865234375
00bbac68_1566,12223.7626953125
00bbac68_1567,12223.734375
00bbac68_1568,12223.77734375
00bbac68_1569,12223.7978515625
00bbac68_1570,12223.7939453125
00bbac68_1571,12223.8056640625
00bbac68_1572,12223.8076171875
00bbac68_1573,12223.83203125
00bbac68_1574,12223.8505859375
00bbac68_1575,12223.8525390625
00bbac68_1576,12223.849609375
00bbac68_1577,12223.826171875
00bbac68_1578,12223.87890625
00bbac68_1579,12223.87890625
00bbac68_1580,12223.9189453125
00bbac68_1581,12223.9521484375
00bbac68_1582,12223.958984375
00bbac68_1583,12223.998046875
00bbac68_1584,12223.9775390625
00bbac68_1585,12223.96484375
00bbac68_1586,12223.9443359375
00bbac68_1587,12223.9482421875
00bbac68_1588,12223.939453125
00bbac68_1589,12223.947265625
00bbac68_1590,12223.955078125
00bbac68_1591,12224.3486328125
00bbac68_1592,12224.3671875
00bbac68_1593,12224.349609375
00bbac68_1594,12224.365234375
00bbac68_1595,12224.439453125
00bbac68_1596,12224.458984375
00bbac68_1597,12224.478515625
00bbac68_1598,12224.5
00bbac68_1599,12224.533203125
00bbac68_1600,12224.5654296875
00bbac68_1601,12224.60546875
00bbac68_1602,12224.6513671875
00bbac68_1603,12224.693359375
00bbac68_1604,12224.80859375
00bbac68_1605,12224.7568359375
00bbac68_1606,12224.7529296875
00bbac68_1607,12224.78125
00bbac68_1608,12224.86328125
00bbac68_1609,12224.841796875
00bbac68_1610,12224.8330078125
00bbac68_1611,12224.8623046875
00bbac68_1612,12224.8828125
00bbac68_1613,12224.8466796875
00bbac68_1614,12224.8486328125
00bbac68_1615,12224.861328125
00bbac68_1616,12224.849609375
00bbac68_1617,12224.853515625
00bbac68_1618,12224.880859375
00bbac68_1619,12224.8876953125
00bbac68_1620,12224.876953125
00bbac68_1621,12224.900390625
00bbac68_1622,12224.888671875
00bbac68_1623,12224.9228515625
00bbac68_1624,12224.9453125
00bbac68_1625,12224.97265625
00bbac68_1626,12224.966796875
00bbac68_1627,12224.9765625
00bbac68_1628,12225.0068359375
00bbac68_1629,12225.00390625
00bbac68_1630,12224.9912109375
00bbac68_1631,12224.986328125
00bbac68_1632,12225.0498046875
00bbac68_1633,12225.07421875
00bbac68_1634,12225.1171875
00bbac68_1635,12225.02734375
00bbac68_1636,12225.0322265625
00bbac68_1637,12225.0908203125
00bbac68_1638,12225.1103515625
00bbac68_1639,12225.111328125
00bbac68_1640,12225.1162109375
00bbac68_1641,12225.1142578125
00bbac68_1642,12225.1357421875
00bbac68_1643,12225.1767578125
00bbac68_1644,12225.2197265625
00bbac68_1645,12225.2080078125
00bbac68_1646,12225.5009765625
00bbac68_1647,12225.5244140625
00bbac68_1648,12225.5322265625
00bbac68_1649,12225.5380859375
00bbac68_1650,12225.623046875
00bbac68_1651,12225.5751953125
00bbac68_1652,12225.4775390625
00bbac68_1653,12225.6083984375
00bbac68_1654,12225.6201171875
00bbac68_1655,12225.6435546875
00bbac68_1656,12225.6689453125
00bbac68_1657,12225.646484375
00bbac68_1658,12225.6669921875
00bbac68_1659,12225.6748046875
00bbac68_1660,12225.7001953125
00bbac68_1661,12225.6455078125
00bbac68_1662,12225.6650390625
00bbac68_1663,12225.7734375
00bbac68_1664,12225.8203125
00bbac68_1665,12225.8232421875
00bbac68_1666,12225.8203125
00bbac68_1667,12225.8017578125
00bbac68_1668,12225.826171875
00bbac68_1669,12225.8974609375
00bbac68_1670,12225.9052734375
00bbac68_1671,12225.912109375
00bbac68_1672,12225.9345703125
00bbac68_1673,12225.9404296875
00bbac68_1674,12225.978515625
00bbac68_1675,12225.9521484375
00bbac68_1676,12225.9990234375
00bbac68_1677,12225.947265625
00bbac68_1678,12225.9873046875
00bbac68_1679,12225.9892578125
00bbac68_1680,12226.001953125
00bbac68_1681,12225.98046875
00bbac68_1682,12226.048828125
00bbac68_1683,12226.0810546875
00bbac68_1684,12226.140625
00bbac68_1685,12226.171875
00bbac68_1686,12226.177734375
00bbac68_1687,12226.181640625
00bbac68_1688,12226.197265625
00bbac68_1689,12226.236328125
00bbac68_1690,12226.2080078125
00bbac68_1691,12226.2509765625
00bbac68_1692,12226.259765625
00bbac68_1693,12226.2431640625
00bbac68_1694,12226.2451171875
00bbac68_1695,12226.27734375
00bbac68_1696,12226.29296875
00bbac68_1697,12226.3095703125
00bbac68_1698,12226.3232421875
00bbac68_1699,12226.3310546875
00bbac68_1700,12226.3857421875
00bbac68_1701,12226.3857421875
00bbac68_1702,12226.3876953125
00bbac68_1703,12226.5087890625
00bbac68_1704,12226.578125
00bbac68_1705,12226.7060546875
00bbac68_1706,12226.5986328125
00bbac68_1707,12226.6396484375
00bbac68_1708,12226.81640625
00bbac68_1709,12226.935546875
00bbac68_1710,12226.947265625
00bbac68_1711,12226.9873046875
00bbac68_1712,12227.0537109375
00bbac68_1713,12227.1396484375
00bbac68_1714,12227.1142578125
00bbac68_1715,12227.1494140625
00bbac68_1716,12227.2333984375
00bbac68_1717,12227.2529296875
00bbac68_1718,12227.30078125
00bbac68_1719,12227.318359375
00bbac68_1720,12227.3447265625
00bbac68_1721,12227.3369140625
00bbac68_1722,12227.3349609375
00bbac68_1723,12227.3330078125
00bbac68_1724,12227.3134765625
00bbac68_1725,12227.318359375
00bbac68_1726,12227.3193359375
00bbac68_1727,12227.357421875
00bbac68_1728,12227.384765625
00bbac68_1729,12227.357421875
00bbac68_1730,12227.3505859375
00bbac68_1731,12227.341796875
00bbac68_1732,12227.3388671875
00bbac68_1733,12227.3779296875
00bbac68_1734,12227.4306640625
00bbac68_1735,12227.4482421875
00bbac68_1736,12227.46484375
00bbac68_1737,12227.52734375
00bbac68_1738,12227.5166015625
00bbac68_1739,12227.521484375
00bbac68_1740,12227.52734375
00bbac68_1741,12227.2978515625
00bbac68_1742,12227.0107421875
00bbac68_1743,12227.02734375
00bbac68_1744,12227.009765625
00bbac68_1745,12227.0439453125
00bbac68_1746,12227.04296875
00bbac68_1747,12227.044921875
00bbac68_1748,12227.064453125
00bbac68_1749,12227.08984375
00bbac68_1750,12227.091796875
00bbac68_1751,12227.171875
00bbac68_1752,12227.203125
00bbac68_1753,12227.2158203125
00bbac68_1754,12227.267578125
00bbac68_1755,12227.4990234375
00bbac68_1756,12227.5205078125
00bbac68_1757,12227.53515625
00bbac68_1758,12227.5625
00bbac68_1759,12227.5498046875
00bbac68_1760,12227.56640625
00bbac68_1761,12227.576171875
00bbac68_1762,12227.5810546875
00bbac68_1763,12227.583984375
00bbac68_1764,12227.580078125
00bbac68_1765,12227.5654296875
00bbac68_1766,12227.5703125
00bbac68_1767,12227.6044921875
00bbac68_1768,12227.568359375
00bbac68_1769,12227.564453125
00bbac68_1770,12227.541015625
00bbac68_1771,12227.5302734375
00bbac68_1772,12227.49609375
00bbac68_1773,12227.552734375
00bbac68_1774,12227.5576171875
00bbac68_1775,12227.5478515625
00bbac68_1776,12227.5556640625
00bbac68_1777,12227.5556640625
00bbac68_1778,12227.5390625
00bbac68_1779,12227.544921875
00bbac68_1780,12227.5625
00bbac68_1781,12227.568359375
00bbac68_1782,12227.5439453125
00bbac68_1783,12227.5947265625
00bbac68_1784,12227.6083984375
00bbac68_1785,12227.638671875
00bbac68_1786,12227.6220703125
00bbac68_1787,12227.66015625
00bbac68_1788,12227.6494140625
00bbac68_1789,12227.666015625
00bbac68_1790,12227.6435546875
00bbac68_1791,12227.6552734375
00bbac68_1792,12227.63671875
00bbac68_1793,12227.6513671875
00bbac68_1794,12227.642578125
00bbac68_1795,12227.646484375
00bbac68_1796,12227.5625
00bbac68_1797,12227.5556640625
00bbac68_1798,12227.5068359375
00bbac68_1799,12227.501953125
00bbac68_1800,12227.4931640625
00bbac68_1801,12227.45703125
00bbac68_1802,12227.4482421875
00bbac68_1803,12227.4287109375
00bbac68_1804,12227.421875
00bbac68_1805,12227.4375
00bbac68_1806,12227.38671875
00bbac68_1807,12227.3515625
00bbac68_1808,12227.3603515625
00bbac68_1809,12227.361328125
00bbac68_1810,12227.3505859375
00bbac68_1811,12227.322265625
00bbac68_1812,12227.330078125
00bbac68_1813,12227.3095703125
00bbac68_1814,12227.3193359375
00bbac68_1815,12227.2890625
00bbac68_1816,12227.2958984375
00bbac68_1817,12227.3125
00bbac68_1818,12227.291015625
00bbac68_1819,12227.900390625
00bbac68_1820,12227.8955078125
00bbac68_1821,12227.8759765625
00bbac68_1822,12227.8447265625
00bbac68_1823,12227.82421875
00bbac68_1824,12227.802734375
00bbac68_1825,12227.802734375
00bbac68_1826,12227.7587890625
00bbac68_1827,12227.7724609375
00bbac68_1828,12227.7626953125
00bbac68_1829,12227.763671875
00bbac68_1830,12227.7568359375
00bbac68_1831,12227.7451171875
00bbac68_1832,12227.7685546875
00bbac68_1833,12227.7294921875
00bbac68_1834,12227.732421875
00bbac68_1835,12227.7392578125
00bbac68_1836,12227.73828125
00bbac68_1837,12227.7724609375
00bbac68_1838,12227.7529296875
00bbac68_1839,12227.73828125
00bbac68_1840,12227.728515625
00bbac68_1841,12227.7099609375
00bbac68_1842,12227.7080078125
00bbac68_1843,12227.712890625
00bbac68_1844,12227.7109375
00bbac68_1845,12227.705078125
00bbac68_1846,12227.701171875
00bbac68_1847,12227.693359375
00bbac68_1848,12227.76171875
00bbac68_1849,12227.6865234375
00bbac68_1850,12227.7578125
00bbac68_1851,12227.7041015625
00bbac68_1852,12227.7177734375
00bbac68_1853,12227.7607421875
00bbac68_1854,12227.751953125
00bbac68_1855,12227.7783203125
00bbac68_1856,12227.7734375
00bbac68_1857,12227.775390625
00bbac68_1858,12227.763671875
00bbac68_1859,12227.751953125
00bbac68_1860,12227.7724609375
00bbac68_1861,12227.7744140625
00bbac68_1862,12227.759765625
00bbac68_1863,12227.7470703125
00bbac68_1864,12227.7080078125
00bbac68_1865,12227.69921875
00bbac68_1866,12227.798828125
00bbac68_1867,12227.82421875
00bbac68_1868,12227.8017578125
00bbac68_1869,12227.791015625
00bbac68_1870,12227.78125
00bbac68_1871,12227.796875
00bbac68_1872,12227.8115234375
00bbac68_1873,12227.830078125
00bbac68_1874,12227.8291015625
00bbac68_1875,12227.830078125
00bbac68_1876,12227.8173828125
00bbac68_1877,12227.8203125
00bbac68_1878,12227.8251953125
00bbac68_1879,12227.8173828125
00bbac68_1880,12227.8525390625
00bbac68_1881,12227.845703125
00bbac68_1882,12227.912109375
00bbac68_1883,12228.001953125
00bbac68_1884,12228.080078125
00bbac68_1885,12228.0791015625
00bbac68_1886,12228.0791015625
00bbac68_1887,12228.048828125
00bbac68_1888,12228.0361328125
00bbac68_1889,12228.0361328125
00bbac68_1890,12227.9990234375
00bbac68_1891,12227.974609375
00bbac68_1892,12227.9833984375
00bbac68_1893,12227.9580078125
00bbac68_1894,12227.92578125
00bbac68_1895,12227.9794921875
00bbac68_1896,12227.916015625
00bbac68_1897,12227.9130859375
00bbac68_1898,12227.9248046875
00bbac68_1899,12227.904296875
00bbac68_1900,12227.876953125
00bbac68_1901,12227.8623046875
00bbac68_1902,12227.853515625
00bbac68_1903,12227.8681640625
00bbac68_1904,12227.84765625
00bbac68_1905,12227.84765625
00bbac68_1906,12227.8759765625
00bbac68_1907,12227.9033203125
00bbac68_1908,12227.90625
00bbac68_1909,12227.91015625
00bbac68_1910,12227.9150390625
00bbac68_1911,12227.822265625
00bbac68_1912,12227.73046875
00bbac68_1913,12227.6884765625
00bbac68_1914,12227.7099609375
00bbac68_1915,12227.7109375
00bbac68_1916,12227.6630859375
00bbac68_1917,12227.681640625
00bbac68_1918,12227.69140625
00bbac68_1919,12227.6279296875
00bbac68_1920,12227.5791015625
00bbac68_1921,12227.5732421875
00bbac68_1922,12227.5634765625
00bbac68_1923,12227.587890625
00bbac68_1924,12227.6044921875
00bbac68_1925,12227.587890625
00bbac68_1926,12227.58984375
00bbac68_1927,12227.587890625
00bbac68_1928,12227.607421875
00bbac68_1929,12227.5986328125
00bbac68_1930,12227.5830078125
00bbac68_1931,12227.611328125
00bbac68_1932,12227.6044921875
00bbac68_1933,12227.609375
00bbac68_1934,12227.55859375
00bbac68_1935,12227.720703125
00bbac68_1936,12227.712890625
00bbac68_1937,12227.720703125
00bbac68_1938,12227.6982421875
00bbac68_1939,12227.7265625
00bbac68_1940,12227.6982421875
00bbac68_1941,12227.7001953125
00bbac68_1942,12227.6904296875
00bbac68_1943,12227.7265625
00bbac68_1944,12227.74609375
00bbac68_1945,12227.7529296875
00bbac68_1946,12227.7353515625
00bbac68_1947,12227.7705078125
00bbac68_1948,12227.7607421875
00bbac68_1949,12227.7255859375
00bbac68_1950,12227.7607421875
00bbac68_1951,12227.7138671875
00bbac68_1952,12227.7275390625
00bbac68_1953,12227.73046875
00bbac68_1954,12227.7158203125
00bbac68_1955,12227.9833984375
00bbac68_1956,12228.0009765625
00bbac68_1957,12228.0517578125
00bbac68_1958,12227.98828125
00bbac68_1959,12228.0087890625
00bbac68_1960,12227.9912109375
00bbac68_1961,12227.9951171875
00bbac68_1962,12227.9814453125
00bbac68_1963,12228.009765625
00bbac68_1964,12227.9931640625
00bbac68_1965,12227.990234375
00bbac68_1966,12227.974609375
00bbac68_1967,12228.0361328125
00bbac68_1968,12228.0126953125
00bbac68_1969,12228.0302734375
00bbac68_1970,12228.1494140625
00bbac68_1971,12228.1474609375
00bbac68_1972,12228.177734375
00bbac68_1973,12228.134765625
00bbac68_1974,12228.1162109375
00bbac68_1975,12228.1240234375
00bbac68_1976,12228.1884765625
00bbac68_1977,12228.2451171875
00bbac68_1978,12228.29296875
00bbac68_1979,12228.2763671875
00bbac68_1980,12228.3212890625
00bbac68_1981,12228.2705078125
00bbac68_1982,12228.2998046875
00bbac68_1983,12228.291015625
00bbac68_1984,12228.3017578125
00bbac68_1985,12228.2841796875
00bbac68_1986,12228.236328125
00bbac68_1987,12228.3017578125
00bbac68_1988,12228.2958984375
00bbac68_1989,12228.3095703125
00bbac68_1990,12228.2919921875
00bbac68_1991,12228.2822265625
00bbac68_1992,12228.294921875
00bbac68_1993,12228.3056640625
00bbac68_1994,12228.2734375
00bbac68_1995,12228.2822265625
00bbac68_1996,12228.271484375
00bbac68_1997,12228.2880859375
00bbac68_1998,12228.298828125
00bbac68_1999,12228.3603515625
00bbac68_2000,12228.326171875
00bbac68_2001,12228.32421875
00bbac68_2002,12228.3154296875
00bbac68_2003,12228.3544921875
00bbac68_2004,12228.357421875
00bbac68_2005,12228.384765625
00bbac68_2006,12228.3720703125
00bbac68_2007,12228.359375
00bbac68_2008,12228.4140625
00bbac68_2009,12228.2685546875
00bbac68_2010,12228.2900390625
00bbac68_2011,12228.283203125
00bbac68_2012,12228.2783203125
00bbac68_2013,12228.2822265625
00bbac68_2014,12228.2705078125
00bbac68_2015,12228.2724609375
00bbac68_2016,12228.283203125
00bbac68_2017,12228.2880859375
00bbac68_2018,12228.2763671875
00bbac68_2019,12228.345703125
00bbac68_2020,12228.37109375
00bbac68_2021,12228.2275390625
00bbac68_2022,12228.1982421875
00bbac68_2023,12228.1982421875
00bbac68_2024,12228.091796875
00bbac68_2025,12228.169921875
00bbac68_2026,12228.1650390625
00bbac68_2027,12228.19140625
00bbac68_2028,12228.2216796875
00bbac68_2029,12228.263671875
00bbac68_2030,12228.2880859375
00bbac68_2031,12228.326171875
00bbac68_2032,12228.30859375
00bbac68_2033,12228.28515625
00bbac68_2034,12228.2841796875
00bbac68_2035,12228.2578125
00bbac68_2036,12228.259765625
00bbac68_2037,12228.271484375
00bbac68_2038,12228.259765625
00bbac68_2039,12228.306640625
00bbac68_2040,12228.3330078125
00bbac68_2041,12228.3349609375
00bbac68_2042,12228.3525390625
00bbac68_2043,12228.3408203125
00bbac68_2044,12228.3544921875
00bbac68_2045,12228.373046875
00bbac68_2046,12228.35546875
00bbac68_2047,12228.359375
00bbac68_2048,12228.3662109375
00bbac68_2049,12228.3583984375
00bbac68_2050,12228.3583984375
00bbac68_2051,12228.3671875
00bbac68_2052,12228.3466796875
00bbac68_2053,12228.34375
00bbac68_2054,12228.33984375
00bbac68_2055,12228.3671875
00bbac68_2056,12228.3671875
00bbac68_2057,12228.3486328125
00bbac68_2058,12228.3779296875
00bbac68_2059,12228.3525390625
00bbac68_2060,12228.328125
00bbac68_2061,12228.3251953125
00bbac68_2062,12228.3349609375
00bbac68_2063,12228.349609375
00bbac68_2064,12228.3427734375
00bbac68_2065,12228.3603515625
00bbac68_2066,12228.33984375
00bbac68_2067,12228.33984375
00bbac68_2068,12228.3291015625
00bbac68_2069,12228.3212890625
00bbac68_2070,12228.3232421875
00bbac68_2071,12228.357421875
00bbac68_2072,12228.2802734375
00bbac68_2073,12228.216796875
00bbac68_2074,12228.166015625
00bbac68_2075,12228.1416015625
00bbac68_2076,12228.1474609375
00bbac68_2077,12228.1201171875
00bbac68_2078,12228.1494140625
00bbac68_2079,12228.1513671875
00bbac68_2080,12228.1494140625
00bbac68_2081,12228.1259765625
00bbac68_2082,12228.1962890625
00bbac68_2083,12228.16015625
00bbac68_2084,12228.1962890625
00bbac68_2085,12228.154296875
00bbac68_2086,12228.1416015625
00bbac68_2087,12228.1318359375
00bbac68_2088,12228.1337890625
00bbac68_2089,12228.1328125
00bbac68_2090,12228.1708984375
00bbac68_2091,12228.1376953125
00bbac68_2092,12228.1337890625
00bbac68_2093,12228.244140625
00bbac68_2094,12228.2685546875
00bbac68_2095,12228.2529296875
00bbac68_2096,12228.205078125
00bbac68_2097,12228.2021484375
00bbac68_2098,12228.1630859375
00bbac68_2099,12228.142578125
00bbac68_2100,12228.1650390625
00bbac68_2101,12228.1484375
00bbac68_2102,12228.154296875
00bbac68_2103,12228.1728515625
00bbac68_2104,12228.19921875
00bbac68_2105,12228.1875
00bbac68_2106,12228.224609375
00bbac68_2107,12228.267578125
00bbac68_2108,12228.271484375
00bbac68_2109,12228.24609375
00bbac68_2110,12228.2919921875
00bbac68_2111,12228.2900390625
00bbac68_2112,12228.2509765625
00bbac68_2113,12228.2041015625
00bbac68_2114,12228.1904296875
00bbac68_2115,12228.166015625
00bbac68_2116,12228.1669921875
00bbac68_2117,12228.1884765625
00bbac68_2118,12228.16796875
00bbac68_2119,12228.15625
00bbac68_2120,12228.1796875
00bbac68_2121,12228.1474609375
00bbac68_2122,12228.1259765625
00bbac68_2123,12228.1484375
00bbac68_2124,12228.16015625
00bbac68_2125,12228.197265625
00bbac68_2126,12228.1591796875
00bbac68_2127,12228.1826171875
00bbac68_2128,12228.2431640625
00bbac68_2129,12228.2255859375
00bbac68_2130,12228.2529296875
00bbac68_2131,12228.251953125
00bbac68_2132,12228.2705078125
00bbac68_2133,12228.2138671875
00bbac68_2134,12228.2109375
00bbac68_2135,12228.2294921875
00bbac68_2136,12228.208984375
00bbac68_2137,12228.220703125
00bbac68_2138,12228.2158203125
00bbac68_2139,12228.193359375
00bbac68_2140,12228.1962890625
00bbac68_2141,12228.234375
00bbac68_2142,12228.2060546875
00bbac68_2143,12228.2353515625
00bbac68_2144,12228.2109375
00bbac68_2145,12228.212890625
00bbac68_2146,12228.19921875
00bbac68_2147,12228.228515625
00bbac68_2148,12228.1767578125
00bbac68_2149,12228.181640625
00bbac68_2150,12228.1884765625
00bbac68_2151,12228.181640625
00bbac68_2152,12228.25390625
00bbac68_2153,12228.263671875
00bbac68_2154,12228.2890625
00bbac68_2155,12228.2978515625
00bbac68_2156,12228.2998046875
00bbac68_2157,12228.3525390625
00bbac68_2158,12228.3623046875
00bbac68_2159,12228.36328125
00bbac68_2160,12228.3642578125
00bbac68_2161,12228.365234375
00bbac68_2162,12228.3662109375
00bbac68_2163,12228.353515625
00bbac68_2164,12228.353515625
00bbac68_2165,12228.458984375
00bbac68_2166,12228.4931640625
00bbac68_2167,12228.50390625
00bbac68_2168,12228.501953125
00bbac68_2169,12228.4775390625
00bbac68_2170,12228.49609375
00bbac68_2171,12228.4873046875
00bbac68_2172,12228.48828125
00bbac68_2173,12228.4794921875
00bbac68_2174,12228.4775390625
00bbac68_2175,12228.4228515625
00bbac68_2176,12228.40234375
00bbac68_2177,12228.37890625
00bbac68_2178,12228.3408203125
00bbac68_2179,12228.33984375
00bbac68_2180,12228.330078125
00bbac68_2181,12228.3271484375
00bbac68_2182,12228.3203125
00bbac68_2183,12228.3310546875
00bbac68_2184,12228.328125
00bbac68_2185,12228.3095703125
00bbac68_2186,12228.28515625
00bbac68_2187,12228.2470703125
00bbac68_2188,12228.2353515625
00bbac68_2189,12228.216796875
00bbac68_2190,12228.22265625
00bbac68_2191,12228.1611328125
00bbac68_2192,12228.1806640625
00bbac68_2193,12228.1279296875
00bbac68_2194,12228.1669921875
00bbac68_2195,12228.3046875
00bbac68_2196,12228.4296875
00bbac68_2197,12228.5693359375
00bbac68_2198,12228.5771484375
00bbac68_2199,12228.6015625
00bbac68_2200,12228.5732421875
00bbac68_2201,12228.51953125
00bbac68_2202,12228.525390625
00bbac68_2203,12228.466796875
00bbac68_2204,12228.4462890625
00bbac68_2205,12228.4560546875
00bbac68_2206,12228.46875
00bbac68_2207,12228.298828125
00bbac68_2208,12228.267578125
00bbac68_2209,12228.244140625
00bbac68_2210,12228.255859375
00bbac68_2211,12228.259765625
00bbac68_2212,12228.2060546875
00bbac68_2213,12228.1865234375
00bbac68_2214,12228.17578125
00bbac68_2215,12228.193359375
00bbac68_2216,12228.12890625
00bbac68_2217,12228.1533203125
00bbac68_2218,12228.0390625
00bbac68_2219,12228.05859375
00bbac68_2220,12228.07421875
00bbac68_2221,12228.0771484375
00bbac68_2222,12228.05859375
00bbac68_2223,12228.0478515625
00bbac68_2224,12228.046875
00bbac68_2225,12228.1005859375
00bbac68_2226,12228.1044921875
00bbac68_2227,12228.1240234375
00bbac68_2228,12228.1015625
00bbac68_2229,12228.1650390625
00bbac68_2230,12228.1240234375
00bbac68_2231,12228.1396484375
00bbac68_2232,12228.2646484375
00bbac68_2233,12228.2841796875
00bbac68_2234,12228.3076171875
00bbac68_2235,12228.3173828125
00bbac68_2236,12228.3125
00bbac68_2237,12228.3125
00bbac68_2238,12228.275390625
00bbac68_2239,12228.2880859375
00bbac68_2240,12228.3212890625
00bbac68_2241,12228.3818359375
00bbac68_2242,12228.4169921875
00bbac68_2243,12228.416015625
00bbac68_2244,12228.443359375
00bbac68_2245,12228.421875
00bbac68_2246,12228.4345703125
00bbac68_2247,12228.4541015625
00bbac68_2248,12228.3759765625
00bbac68_2249,12228.396484375
00bbac68_2250,12228.388671875
00bbac68_2251,12228.4013671875
00bbac68_2252,12228.408203125
00bbac68_2253,12228.4111328125
00bbac68_2254,12228.3818359375
00bbac68_2255,12228.26171875
00bbac68_2256,12228.2392578125
00bbac68_2257,12228.2685546875
00bbac68_2258,12228.2919921875
00bbac68_2259,12228.41015625
00bbac68_2260,12228.6630859375
00bbac68_2261,12228.876953125
00bbac68_2262,12228.9609375
00bbac68_2263,12229.03125
00bbac68_2264,12229.0400390625
00bbac68_2265,12229.1982421875
00bbac68_2266,12229.451171875
00bbac68_2267,12229.6337890625
00bbac68_2268,12229.634765625
00bbac68_2269,12229.7421875
00bbac68_2270,12229.81640625
00bbac68_2271,12229.884765625
00bbac68_2272,12229.982421875
00bbac68_2273,12229.9892578125
00bbac68_2274,12230.1123046875
00bbac68_2275,12230.08203125
00bbac68_2276,12230.005859375
00bbac68_2277,12230.0458984375
00bbac68_2278,12230.07421875
00bbac68_2279,12230.05859375
00bbac68_2280,12230.0888671875
00bbac68_2281,12230.099609375
00bbac68_2282,12230.1064453125
00bbac68_2283,12230.1064453125
00bbac68_2284,12230.2265625
00bbac68_2285,12230.2509765625
00bbac68_2286,12230.28125
00bbac68_2287,12230.2646484375
00bbac68_2288,12230.255859375
00bbac68_2289,12230.2568359375
00bbac68_2290,12230.25390625
00bbac68_2291,12230.2861328125
00bbac68_2292,12230.24609375
00bbac68_2293,12230.244140625
00bbac68_2294,12230.203125
00bbac68_2295,12230.22265625
00bbac68_2296,12230.234375
00bbac68_2297,12230.25
00bbac68_2298,12230.26953125
00bbac68_2299,12230.255859375
00bbac68_2300,12230.361328125
00bbac68_2301,12230.505859375
00bbac68_2302,12230.7119140625
00bbac68_2303,12230.7529296875
00bbac68_2304,12230.7861328125
00bbac68_2305,12230.734375
00bbac68_2306,12230.6845703125
00bbac68_2307,12230.697265625
00bbac68_2308,12230.669921875
00bbac68_2309,12230.662109375
00bbac68_2310,12230.6025390625
00bbac68_2311,12230.546875
00bbac68_2312,12230.662109375
00bbac68_2313,12230.87890625
00bbac68_2314,12231.0029296875
00bbac68_2315,12231.078125
00bbac68_2316,12231.142578125
00bbac68_2317,12231.1220703125
00bbac68_2318,12231.1337890625
00bbac68_2319,12231.1328125
00bbac68_2320,12231.0712890625
00bbac68_2321,12230.77734375
00bbac68_2322,12230.2861328125
00bbac68_2323,12230.0771484375
00bbac68_2324,12230.08203125
00bbac68_2325,12229.8984375
00bbac68_2326,12229.806640625
00bbac68_2327,12229.8837890625
00bbac68_2328,12229.9521484375
00bbac68_2329,12230.0859375
00bbac68_2330,12230.3330078125
00bbac68_2331,12230.806640625
00bbac68_2332,12230.693359375
00bbac68_2333,12230.2978515625
00bbac68_2334,12230.2978515625
00bbac68_2335,12229.9931640625
00bbac68_2336,12229.861328125
00bbac68_2337,12229.845703125
00bbac68_2338,12229.78125
00bbac68_2339,12229.7822265625
00bbac68_2340,12229.736328125
00bbac68_2341,12229.75
00bbac68_2342,12229.73828125
00bbac68_2343,12229.6533203125
00bbac68_2344,12229.6923828125
00bbac68_2345,12229.67578125
00bbac68_2346,12229.6025390625
00bbac68_2347,12229.5869140625
00bbac68_2348,12229.50390625
00bbac68_2349,12229.5
00bbac68_2350,12229.47265625
00bbac68_2351,12229.455078125
00bbac68_2352,12229.4638671875
00bbac68_2353,12229.443359375
00bbac68_2354,12229.48046875
00bbac68_2355,12229.482421875
00bbac68_2356,12229.3857421875
00bbac68_2357,12229.36328125
00bbac68_2358,12229.3359375
00bbac68_2359,12229.28125
00bbac68_2360,12229.26171875
00bbac68_2361,12229.2060546875
00bbac68_2362,12229.154296875
00bbac68_2363,12229.2373046875
00bbac68_2364,12229.16015625
00bbac68_2365,12228.9755859375
00bbac68_2366,12228.81640625
00bbac68_2367,12228.8056640625
00bbac68_2368,12228.787109375
00bbac68_2369,12228.7021484375
00bbac68_2370,12228.68359375
00bbac68_2371,12228.6572265625
00bbac68_2372,12228.62109375
00bbac68_2373,12228.6357421875
00bbac68_2374,12228.6279296875
00bbac68_2375,12228.6865234375
00bbac68_2376,12228.7001953125
00bbac68_2377,12228.6142578125
00bbac68_2378,12228.5712890625
00bbac68_2379,12228.4873046875
00bbac68_2380,12228.466796875
00bbac68_2381,12228.501953125
00bbac68_2382,12228.4912109375
00bbac68_2383,12228.4912109375
00bbac68_2384,12228.4990234375
00bbac68_2385,12228.5029296875
00bbac68_2386,12228.5
00bbac68_2387,12228.4794921875
00bbac68_2388,12228.4541015625
00bbac68_2389,12228.53515625
00bbac68_2390,12228.5087890625
00bbac68_2391,12228.4931640625
00bbac68_2392,12228.47265625
00bbac68_2393,12228.5322265625
00bbac68_2394,12228.451171875
00bbac68_2395,12228.4716796875
00bbac68_2396,12228.447265625
00bbac68_2397,12228.443359375
00bbac68_2398,12228.443359375
00bbac68_2399,12228.4326171875
00bbac68_2400,12228.4462890625
00bbac68_2401,12228.4130859375
00bbac68_2402,12228.4248046875
00bbac68_2403,12228.375
00bbac68_2404,12228.34375
00bbac68_2405,12228.32421875
00bbac68_2406,12228.3134765625
00bbac68_2407,12228.2802734375
00bbac68_2408,12228.3193359375
00bbac68_2409,12228.2998046875
00bbac68_2410,12228.1982421875
00bbac68_2411,12228.1298828125
00bbac68_2412,12228.16015625
00bbac68_2413,12228.14453125
00bbac68_2414,12228.2724609375
00bbac68_2415,12228.3125
00bbac68_2416,12228.3525390625
00bbac68_2417,12228.3525390625
00bbac68_2418,12228.3681640625
00bbac68_2419,12228.37109375
00bbac68_2420,12228.2275390625
00bbac68_2421,12228.1572265625
00bbac68_2422,12228.1748046875
00bbac68_2423,12228.1513671875
00bbac68_2424,12228.1875
00bbac68_2425,12228.212890625
00bbac68_2426,12228.275390625
00bbac68_2427,12228.2705078125
00bbac68_2428,12228.2734375
00bbac68_2429,12228.3447265625
00bbac68_2430,12228.3095703125
00bbac68_2431,12228.2919921875
00bbac68_2432,12228.33203125
00bbac68_2433,12228.298828125
00bbac68_2434,12228.30859375
00bbac68_2435,12228.380859375
00bbac68_2436,12228.400390625
00bbac68_2437,12228.435546875
00bbac68_2438,12228.4091796875
00bbac68_2439,12228.4345703125
00bbac68_2440,12228.3798828125
00bbac68_2441,12228.375
00bbac68_2442,12228.349609375
00bbac68_2443,12228.3984375
00bbac68_2444,12228.3544921875
00bbac68_2445,12228.2900390625
00bbac68_2446,12228.224609375
00bbac68_2447,12228.1708984375
00bbac68_2448,12228.11328125
00bbac68_2449,12228.14453125
00bbac68_2450,12228.095703125
00bbac68_2451,12228.1396484375
00bbac68_2452,12228.083984375
00bbac68_2453,12228.08984375
00bbac68_2454,12228.064453125
00bbac68_2455,12228.0791015625
00bbac68_2456,12228.134765625
00bbac68_2457,12228.154296875
00bbac68_2458,12228.1650390625
00bbac68_2459,12228.1650390625
00bbac68_2460,12228.2333984375
00bbac68_2461,12228.265625
00bbac68_2462,12228.2958984375
00bbac68_2463,12228.251953125
00bbac68_2464,12228.2451171875
00bbac68_2465,12228.30859375
00bbac68_2466,12228.361328125
00bbac68_2467,12228.4384765625
00bbac68_2468,12228.4677734375
00bbac68_2469,12228.5908203125
00bbac68_2470,12228.7080078125
00bbac68_2471,12228.859375
00bbac68_2472,12228.7880859375
00bbac68_2473,12228.6396484375
00bbac68_2474,12228.6171875
00bbac68_2475,12228.697265625
00bbac68_2476,12228.9609375
00bbac68_2477,12229.115234375
00bbac68_2478,12229.302734375
00bbac68_2479,12229.3056640625
00bbac68_2480,12229.3486328125
00bbac68_2481,12229.3662109375
00bbac68_2482,12229.373046875
00bbac68_2483,12229.404296875
00bbac68_2484,12229.369140625
00bbac68_2485,12229.4482421875
00bbac68_2486,12229.4619140625
00bbac68_2487,12229.47265625
00bbac68_2488,12229.48828125
00bbac68_2489,12229.4814453125
00bbac68_2490,12229.4716796875
00bbac68_2491,12229.5322265625
00bbac68_2492,12229.5380859375
00bbac68_2493,12229.591796875
00bbac68_2494,12229.560546875
00bbac68_2495,12229.4609375
00bbac68_2496,12229.4794921875
00bbac68_2497,12229.46875
00bbac68_2498,12229.4501953125
00bbac68_2499,12229.4326171875
00bbac68_2500,12229.4521484375
00bbac68_2501,12229.435546875
00bbac68_2502,12229.3896484375
00bbac68_2503,12229.384765625
00bbac68_2504,12229.345703125
00bbac68_2505,12229.3759765625
00bbac68_2506,12229.314453125
00bbac68_2507,12229.18359375
00bbac68_2508,12229.18359375
00bbac68_2509,12229.1884765625
00bbac68_2510,12229.220703125
00bbac68_2511,12229.2353515625
00bbac68_2512,12229.1787109375
00bbac68_2513,12229.158203125
00bbac68_2514,12229.2841796875
00bbac68_2515,12229.1640625
00bbac68_2516,12229.1455078125
00bbac68_2517,12229.244140625
00bbac68_2518,12229.2587890625
00bbac68_2519,12229.2890625
00bbac68_2520,12229.2998046875
00bbac68_2521,12229.2109375
00bbac68_2522,12229.1865234375
00bbac68_2523,12229.228515625
00bbac68_2524,12229.201171875
00bbac68_2525,12229.1943359375
00bbac68_2526,12229.1572265625
00bbac68_2527,12229.109375
00bbac68_2528,12229.080078125
00bbac68_2529,12229.0859375
00bbac68_2530,12229.08984375
00bbac68_2531,12229.064453125
00bbac68_2532,12229.1142578125
00bbac68_2533,12229.0087890625
00bbac68_2534,12228.9306640625
00bbac68_2535,12228.9638671875
00bbac68_2536,12228.98046875
00bbac68_2537,12228.943359375
00bbac68_2538,12228.890625
00bbac68_2539,12228.814453125
00bbac68_2540,12228.58203125
00bbac68_2541,12228.607421875
00bbac68_2542,12228.4931640625
00bbac68_2543,12228.3525390625
00bbac68_2544,12228.3310546875
00bbac68_2545,12228.2861328125
00bbac68_2546,12228.2958984375
00bbac68_2547,12228.2919921875
00bbac68_2548,12228.3525390625
00bbac68_2549,12228.3447265625
00bbac68_2550,12228.2197265625
00bbac68_2551,12228.162109375
00bbac68_2552,12228.1162109375
00bbac68_2553,12228.201171875
00bbac68_2554,12228.1650390625
00bbac68_2555,12228.1865234375
00bbac68_2556,12227.955078125
00bbac68_2557,12227.919921875
00bbac68_2558,12227.712890625
00bbac68_2559,12227.681640625
00bbac68_2560,12227.7763671875
00bbac68_2561,12227.7724609375
00bbac68_2562,12227.6767578125
00bbac68_2563,12227.7353515625
00bbac68_2564,12227.7197265625
00bbac68_2565,12227.7763671875
00bbac68_2566,12227.7412109375
00bbac68_2567,12227.7158203125
00bbac68_2568,12227.685546875
00bbac68_2569,12227.72265625
00bbac68_2570,12227.7060546875
00bbac68_2571,12227.751953125
00bbac68_2572,12227.806640625
00bbac68_2573,12227.84765625
00bbac68_2574,12227.8251953125
00bbac68_2575,12227.78125
00bbac68_2576,12227.8046875
00bbac68_2577,12227.841796875
00bbac68_2578,12227.85546875
00bbac68_2579,12227.853515625
00bbac68_2580,12227.88671875
00bbac68_2581,12227.8720703125
00bbac68_2582,12227.82421875
00bbac68_2583,12227.7607421875
00bbac68_2584,12227.8134765625
00bbac68_2585,12227.7890625
00bbac68_2586,12227.6806640625
00bbac68_2587,12227.64453125
00bbac68_2588,12227.67578125
00bbac68_2589,12227.607421875
00bbac68_2590,12227.6708984375
00bbac68_2591,12227.70703125
00bbac68_2592,12227.6845703125
00bbac68_2593,12227.673828125
00bbac68_2594,12227.7734375
00bbac68_2595,12227.728515625
00bbac68_2596,12227.7275390625
00bbac68_2597,12227.7236328125
00bbac68_2598,12227.736328125
00bbac68_2599,12227.6572265625
00bbac68_2600,12227.66796875
00bbac68_2601,12227.705078125
00bbac68_2602,12227.6630859375
00bbac68_2603,12227.66796875
00bbac68_2604,12227.708984375
00bbac68_2605,12227.6650390625
00bbac68_2606,12227.66015625
00bbac68_2607,12227.6865234375
00bbac68_2608,12227.630859375
00bbac68_2609,12227.6337890625
00bbac68_2610,12227.6728515625
00bbac68_2611,12228.009765625
00bbac68_2612,12228.06640625
00bbac68_2613,12228.0673828125
00bbac68_2614,12228.0771484375
00bbac68_2615,12228.125
00bbac68_2616,12228.1005859375
00bbac68_2617,12228.0400390625
00bbac68_2618,12228.0458984375
00bbac68_2619,12228.0927734375
00bbac68_2620,12228.072265625
00bbac68_2621,12228.083984375
00bbac68_2622,12228.0732421875
00bbac68_2623,12228.0166015625
00bbac68_2624,12228.05859375
00bbac68_2625,12228.1064453125
00bbac68_2626,12228.15625
00bbac68_2627,12228.2275390625
00bbac68_2628,12228.169921875
00bbac68_2629,12228.1044921875
00bbac68_2630,12228.10546875
00bbac68_2631,12228.1337890625
00bbac68_2632,12228.111328125
00bbac68_2633,12228.0966796875
00bbac68_2634,12228.123046875
00bbac68_2635,12228.0146484375
00bbac68_2636,12228.0576171875
00bbac68_2637,12228.0859375
00bbac68_2638,12228.1181640625
00bbac68_2639,12228.0771484375
00bbac68_2640,12228.0302734375
00bbac68_2641,12228.0263671875
00bbac68_2642,12228.046875
00bbac68_2643,12228.0341796875
00bbac68_2644,12228.0849609375
00bbac68_2645,12228.001953125
00bbac68_2646,12227.9521484375
00bbac68_2647,12228.056640625
00bbac68_2648,12228.0791015625
00bbac68_2649,12228.1142578125
00bbac68_2650,12228.0185546875
00bbac68_2651,12228.0126953125
00bbac68_2652,12227.9501953125
00bbac68_2653,12227.9833984375
00bbac68_2654,12227.91796875
00bbac68_2655,12227.9296875
00bbac68_2656,12227.849609375
00bbac68_2657,12227.9501953125
00bbac68_2658,12227.91015625
00bbac68_2659,12227.853515625
00bbac68_2660,12227.8525390625
00bbac68_2661,12227.791015625
00bbac68_2662,12227.810546875
00bbac68_2663,12227.787109375
00bbac68_2664,12227.7255859375
00bbac68_2665,12227.76171875
00bbac68_2666,12227.7236328125
00bbac68_2667,12227.650390625
00bbac68_2668,12227.7109375
00bbac68_2669,12227.716796875
00bbac68_2670,12227.642578125
00bbac68_2671,12227.6640625
00bbac68_2672,12227.6328125
00bbac68_2673,12227.6875
00bbac68_2674,12227.6865234375
00bbac68_2675,12227.689453125
00bbac68_2676,12227.69140625
00bbac68_2677,12227.640625
00bbac68_2678,12227.6435546875
00bbac68_2679,12227.6982421875
00bbac68_2680,12227.6123046875
00bbac68_2681,12227.5625
00bbac68_2682,12227.6025390625
00bbac68_2683,12227.58203125
00bbac68_2684,12227.57421875
00bbac68_2685,12227.5634765625
00bbac68_2686,12227.5439453125
00bbac68_2687,12227.521484375
00bbac68_2688,12227.5341796875
00bbac68_2689,12227.548828125
00bbac68_2690,12227.5439453125
00bbac68_2691,12227.619140625
00bbac68_2692,12227.6181640625
00bbac68_2693,12227.5693359375
00bbac68_2694,12227.5732421875
00bbac68_2695,12227.5654296875
00bbac68_2696,12227.5908203125
00bbac68_2697,12227.59375
00bbac68_2698,12227.59765625
00bbac68_2699,12227.5732421875
00bbac68_2700,12227.5869140625
00bbac68_2701,12227.6015625
00bbac68_2702,12227.552734375
00bbac68_2703,12227.556640625
00bbac68_2704,12227.5146484375
00bbac68_2705,12227.537109375
00bbac68_2706,12227.513671875
00bbac68_2707,12227.5380859375
00bbac68_2708,12227.4541015625
00bbac68_2709,12227.451171875
00bbac68_2710,12227.39453125
00bbac68_2711,12227.45703125
00bbac68_2712,12227.58984375
00bbac68_2713,12227.51953125
00bbac68_2714,12227.484375
00bbac68_2715,12227.5146484375
00bbac68_2716,12227.474609375
00bbac68_2717,12227.4580078125
00bbac68_2718,12227.4677734375
00bbac68_2719,12227.49609375
00bbac68_2720,12227.453125
00bbac68_2721,12227.3857421875
00bbac68_2722,12227.376953125
00bbac68_2723,12227.40234375
00bbac68_2724,12227.361328125
00bbac68_2725,12227.5927734375
00bbac68_2726,12227.5771484375
00bbac68_2727,12227.5419921875
00bbac68_2728,12227.5791015625
00bbac68_2729,12227.5419921875
00bbac68_2730,12227.5888671875
00bbac68_2731,12227.5146484375
00bbac68_2732,12227.474609375
00bbac68_2733,12227.4755859375
00bbac68_2734,12227.4140625
00bbac68_2735,12227.4892578125
00bbac68_2736,12227.380859375
00bbac68_2737,12227.37109375
00bbac68_2738,12227.359375
00bbac68_2739,12227.400390625
00bbac68_2740,12227.3603515625
00bbac68_2741,12227.361328125
00bbac68_2742,12227.37890625
00bbac68_2743,12227.3076171875
00bbac68_2744,12227.298828125
00bbac68_2745,12227.490234375
00bbac68_2746,12227.5009765625
00bbac68_2747,12227.50390625
00bbac68_2748,12227.451171875
00bbac68_2749,12227.3203125
00bbac68_2750,12227.1328125
00bbac68_2751,12227.044921875
00bbac68_2752,12227.0107421875
00bbac68_2753,12226.9248046875
00bbac68_2754,12226.9716796875
00bbac68_2755,12226.962890625
00bbac68_2756,12226.9404296875
00bbac68_2757,12227.033203125
00bbac68_2758,12227.0283203125
00bbac68_2759,12227.177734375
00bbac68_2760,12227.076171875
00bbac68_2761,12227.01953125
00bbac68_2762,12226.9970703125
00bbac68_2763,12227.0390625
00bbac68_2764,12227.0
00bbac68_2765,12226.9326171875
00bbac68_2766,12226.9541015625
00bbac68_2767,12226.966796875
00bbac68_2768,12226.89453125
00bbac68_2769,12226.91015625
00bbac68_2770,12226.8076171875
00bbac68_2771,12226.7421875
00bbac68_2772,12226.8388671875
00bbac68_2773,12226.8408203125
00bbac68_2774,12226.7734375
00bbac68_2775,12226.740234375
00bbac68_2776,12226.6708984375
00bbac68_2777,12226.6171875
00bbac68_2778,12226.587890625
00bbac68_2779,12226.6318359375
00bbac68_2780,12226.5634765625
00bbac68_2781,12226.5927734375
00bbac68_2782,12226.5888671875
00bbac68_2783,12226.5908203125
00bbac68_2784,12226.583984375
00bbac68_2785,12226.525390625
00bbac68_2786,12226.5400390625
00bbac68_2787,12226.533203125
00bbac68_2788,12226.4951171875
00bbac68_2789,12226.4931640625
00bbac68_2790,12226.4697265625
00bbac68_2791,12226.3583984375
00bbac68_2792,12226.408203125
00bbac68_2793,12226.4404296875
00bbac68_2794,12226.4208984375
00bbac68_2795,12226.427734375
00bbac68_2796,12226.4267578125
00bbac68_2797,12226.4619140625
00bbac68_2798,12226.3720703125
00bbac68_2799,12226.32421875
00bbac68_2800,12226.2001953125
00bbac68_2801,12226.1279296875
00bbac68_2802,12226.0986328125
00bbac68_2803,12226.10546875
00bbac68_2804,12226.07421875
00bbac68_2805,12226.0654296875
00bbac68_2806,12226.005859375
00bbac68_2807,12226.0341796875
00bbac68_2808,12225.9638671875
00bbac68_2809,12225.96875
00bbac68_2810,12225.96484375
00bbac68_2811,12225.9375
00bbac68_2812,12225.90625
00bbac68_2813,12225.849609375
00bbac68_2814,12225.9033203125
00bbac68_2815,12225.83984375
00bbac68_2816,12225.8203125
00bbac68_2817,12225.8427734375
00bbac68_2818,12225.7734375
00bbac68_2819,12225.78125
00bbac68_2820,12225.77734375
00bbac68_2821,12225.6953125
00bbac68_2822,12225.689453125
00bbac68_2823,12225.599609375
00bbac68_2824,12225.6181640625
00bbac68_2825,12225.615234375
00bbac68_2826,12225.568359375
00bbac68_2827,12225.5419921875
00bbac68_2828,12225.4453125
00bbac68_2829,12225.40234375
00bbac68_2830,12225.3564453125
00bbac68_2831,12225.390625
00bbac68_2832,12225.302734375
00bbac68_2833,12225.23828125
00bbac68_2834,12225.294921875
00bbac68_2835,12225.2197265625
00bbac68_2836,12225.2138671875
00bbac68_2837,12225.1640625
00bbac68_2838,12225.173828125
00bbac68_2839,12225.1962890625
00bbac68_2840,12225.1533203125
00bbac68_2841,12225.1494140625
00bbac68_2842,12225.17578125
00bbac68_2843,12225.2373046875
00bbac68_2844,12225.2265625
00bbac68_2845,12225.1298828125
00bbac68_2846,12225.0859375
00bbac68_2847,12225.1123046875
00bbac68_2848,12225.0751953125
00bbac68_2849,12225.009765625
00bbac68_2850,12224.994140625
00bbac68_2851,12225.3515625
00bbac68_2852,12225.3603515625
00bbac68_2853,12225.3369140625
00bbac68_2854,12225.302734375
00bbac68_2855,12225.3505859375
00bbac68_2856,12225.2978515625
00bbac68_2857,12225.2275390625
00bbac68_2858,12225.2197265625
00bbac68_2859,12225.2158203125
00bbac68_2860,12225.1513671875
00bbac68_2861,12225.1806640625
00bbac68_2862,12225.208984375
00bbac68_2863,12225.1787109375
00bbac68_2864,12225.197265625
00bbac68_2865,12225.130859375
00bbac68_2866,12225.1083984375
00bbac68_2867,12225.09375
00bbac68_2868,12225.19921875
00bbac68_2869,12225.2412109375
00bbac68_2870,12225.2294921875
00bbac68_2871,12225.1318359375
00bbac68_2872,12225.119140625
00bbac68_2873,12225.126953125
00bbac68_2874,12225.123046875
00bbac68_2875,12225.158203125
00bbac68_2876,12225.1298828125
00bbac68_2877,12225.0458984375
00bbac68_2878,12225.009765625
00bbac68_2879,12224.912109375
00bbac68_2880,12224.9404296875
00bbac68_2881,12224.8017578125
00bbac68_2882,12224.8837890625
00bbac68_2883,12224.904296875
00bbac68_2884,12224.93359375
00bbac68_2885,12224.9755859375
00bbac68_2886,12224.9423828125
00bbac68_2887,12224.9697265625
00bbac68_2888,12224.970703125
00bbac68_2889,12225.1162109375
00bbac68_2890,12225.3603515625
00bbac68_2891,12225.3720703125
00bbac68_2892,12225.3876953125
00bbac68_2893,12225.4033203125
00bbac68_2894,12225.421875
00bbac68_2895,12225.42578125
00bbac68_2896,12225.40625
00bbac68_2897,12225.369140625
00bbac68_2898,12225.4052734375
00bbac68_2899,12225.3828125
00bbac68_2900,12225.3857421875
00bbac68_2901,12225.365234375
00bbac68_2902,12225.3935546875
00bbac68_2903,12225.447265625
00bbac68_2904,12225.36328125
00bbac68_2905,12225.3857421875
00bbac68_2906,12225.3876953125
00bbac68_2907,12225.3974609375
00bbac68_2908,12225.37890625
00bbac68_2909,12225.3427734375
00bbac68_2910,12225.3935546875
00bbac68_2911,12225.373046875
00bbac68_2912,12225.39453125
00bbac68_2913,12225.3896484375
00bbac68_2914,12225.416015625
00bbac68_2915,12225.4267578125
00bbac68_2916,12225.400390625
00bbac68_2917,12225.31640625
00bbac68_2918,12225.3671875
00bbac68_2919,12225.37890625
00bbac68_2920,12225.4248046875
00bbac68_2921,12225.361328125
00bbac68_2922,12225.4208984375
00bbac68_2923,12225.3515625
00bbac68_2924,12225.31640625
00bbac68_2925,12225.4013671875
00bbac68_2926,12225.3486328125
00bbac68_2927,12225.4052734375
00bbac68_2928,12225.3310546875
00bbac68_2929,12225.3330078125
00bbac68_2930,12225.3271484375
00bbac68_2931,12225.2998046875
00bbac68_2932,12225.333984375
00bbac68_2933,12225.2978515625
00bbac68_2934,12225.35546875
00bbac68_2935,12225.4013671875
00bbac68_2936,12225.431640625
00bbac68_2937,12225.3466796875
00bbac68_2938,12225.3154296875
00bbac68_2939,12225.40234375
00bbac68_2940,12225.3388671875
00bbac68_2941,12225.3671875
00bbac68_2942,12225.3984375
00bbac68_2943,12225.3779296875
00bbac68_2944,12225.373046875
00bbac68_2945,12225.3388671875
00bbac68_2946,12225.33203125
00bbac68_2947,12225.3740234375
00bbac68_2948,12225.328125
00bbac68_2949,12225.3525390625
00bbac68_2950,12225.3291015625
00bbac68_2951,12225.3310546875
00bbac68_2952,12225.3310546875
00bbac68_2953,12225.3388671875
00bbac68_2954,12225.365234375
00bbac68_2955,12225.3759765625
00bbac68_2956,12225.4990234375
00bbac68_2957,12225.5322265625
00bbac68_2958,12225.5107421875
00bbac68_2959,12225.51953125
00bbac68_2960,12225.50390625
00bbac68_2961,12225.5185546875
00bbac68_2962,12225.5361328125
00bbac68_2963,12225.56640625
00bbac68_2964,12225.5615234375
00bbac68_2965,12225.4921875
00bbac68_2966,12225.3974609375
00bbac68_2967,12225.490234375
00bbac68_2968,12225.4912109375
00bbac68_2969,12225.529296875
00bbac68_2970,12225.998046875
00bbac68_2971,12225.9755859375
00bbac68_2972,12225.9921875
00bbac68_2973,12226.017578125
00bbac68_2974,12226.0146484375
00bbac68_2975,12226.0185546875
00bbac68_2976,12226.0234375
00bbac68_2977,12226.048828125
00bbac68_2978,12226.064453125
00bbac68_2979,12226.0849609375
00bbac68_2980,12226.072265625
00bbac68_2981,12226.048828125
00bbac68_2982,12226.064453125
00bbac68_2983,12226.0390625
00bbac68_2984,12226.064453125
00bbac68_2985,12226.0703125
00bbac68_2986,12226.09765625
00bbac68_2987,12226.0908203125
00bbac68_2988,12226.15625
00bbac68_2989,12226.107421875
00bbac68_2990,12226.1103515625
00bbac68_2991,12226.111328125
00bbac68_2992,12226.1318359375
00bbac68_2993,12226.1220703125
00bbac68_2994,12226.16015625
00bbac68_2995,12226.1064453125
00bbac68_2996,12226.1123046875
00bbac68_2997,12226.08984375
00bbac68_2998,12226.119140625
00bbac68_2999,12226.1103515625
00bbac68_3000,12226.119140625
00bbac68_3001,12226.236328125
00bbac68_3002,12226.23046875
00bbac68_3003,12226.234375
00bbac68_3004,12226.232421875
00bbac68_3005,12226.2392578125
00bbac68_3006,12226.291015625
00bbac68_3007,12226.306640625
00bbac68_3008,12226.34765625
00bbac68_3009,12226.3564453125
00bbac68_3010,12226.32421875
00bbac68_3011,12226.4228515625
00bbac68_3012,12226.42578125
00bbac68_3013,12226.3583984375
00bbac68_3014,12226.3935546875
00bbac68_3015,12226.4033203125
00bbac68_3016,12226.4033203125
00bbac68_3017,12226.3828125
00bbac68_3018,12226.41015625
00bbac68_3019,12226.4228515625
00bbac68_3020,12226.453125
00bbac68_3021,12226.41796875
00bbac68_3022,12226.5849609375
00bbac68_3023,12226.5966796875
00bbac68_3024,12226.583984375
00bbac68_3025,12226.6142578125
00bbac68_3026,12226.61328125
00bbac68_3027,12226.6279296875
00bbac68_3028,12226.6669921875
00bbac68_3029,12226.66796875
00bbac68_3030,12226.728515625
00bbac68_3031,12226.71484375
00bbac68_3032,12226.7216796875
00bbac68_3033,12226.73828125
00bbac68_3034,12226.7392578125
00bbac68_3035,12226.7294921875
00bbac68_3036,12226.751953125
00bbac68_3037,12226.7626953125
00bbac68_3038,12226.76171875
00bbac68_3039,12226.7919921875
00bbac68_3040,12226.7783203125
00bbac68_3041,12226.79296875
00bbac68_3042,12226.8251953125
00bbac68_3043,12226.8251953125
00bbac68_3044,12226.83984375
00bbac68_3045,12226.8486328125
00bbac68_3046,12226.8671875
00bbac68_3047,12226.859375
00bbac68_3048,12226.8828125
00bbac68_3049,12226.9384765625
00bbac68_3050,12226.9091796875
00bbac68_3051,12226.927734375
00bbac68_3052,12226.9189453125
00bbac68_3053,12226.9111328125
00bbac68_3054,12226.9140625
00bbac68_3055,12226.880859375
00bbac68_3056,12226.890625
00bbac68_3057,12226.9228515625
00bbac68_3058,12226.935546875
00bbac68_3059,12226.939453125
00bbac68_3060,12227.0703125
00bbac68_3061,12227.1181640625
00bbac68_3062,12227.0419921875
00bbac68_3063,12227.0830078125
00bbac68_3064,12227.142578125
00bbac68_3065,12227.1181640625
00bbac68_3066,12227.0859375
00bbac68_3067,12227.2509765625
00bbac68_3068,12227.2607421875
00bbac68_3069,12227.2431640625
00bbac68_3070,12227.2412109375
00bbac68_3071,12227.3095703125
00bbac68_3072,12227.28125
00bbac68_3073,12227.3349609375
00bbac68_3074,12227.3974609375
00bbac68_3075,12227.3896484375
00bbac68_3076,12227.46484375
00bbac68_3077,12227.5234375
00bbac68_3078,12227.556640625
00bbac68_3079,12227.5556640625
00bbac68_3080,12227.53125
00bbac68_3081,12227.5205078125
00bbac68_3082,12227.525390625
00bbac68_3083,12227.4482421875
00bbac68_3084,12227.4912109375
00bbac68_3085,12227.4794921875
00bbac68_3086,12227.5107421875
00bbac68_3087,12227.5341796875
00bbac68_3088,12227.5341796875
00bbac68_3089,12227.4814453125
00bbac68_3090,12227.5185546875
00bbac68_3091,12227.55859375
00bbac68_3092,12227.4736328125
00bbac68_3093,12227.521484375
00bbac68_3094,12227.5302734375
00bbac68_3095,12227.5302734375
00bbac68_3096,12227.48046875
00bbac68_3097,12227.4765625
00bbac68_3098,12227.474609375
00bbac68_3099,12227.5390625
00bbac68_3100,12227.5146484375
00bbac68_3101,12227.4873046875
00bbac68_3102,12227.48828125
00bbac68_3103,12227.5498046875
00bbac68_3104,12227.51953125
00bbac68_3105,12227.525390625
00bbac68_3106,12227.6220703125
00bbac68_3107,12227.51953125
00bbac68_3108,12227.5068359375
00bbac68_3109,12227.5498046875
00bbac68_3110,12227.515625
00bbac68_3111,12227.5478515625
00bbac68_3112,12227.5986328125
00bbac68_3113,12227.6396484375
00bbac68_3114,12227.8037109375
00bbac68_3115,12227.8828125
00bbac68_3116,12227.8564453125
00bbac68_3117,12227.7548828125
00bbac68_3118,12227.7646484375
00bbac68_3119,12227.8251953125
00bbac68_3120,12227.990234375
00bbac68_3121,12228.1953125
00bbac68_3122,12228.35546875
00bbac68_3123,12228.4013671875
00bbac68_3124,12228.50390625
00bbac68_3125,12228.576171875
00bbac68_3126,12228.666015625
00bbac68_3127,12228.9169921875
00bbac68_3128,12229.0537109375
00bbac68_3129,12229.162109375
00bbac68_3130,12229.751953125
00bbac68_3131,12229.904296875
00bbac68_3132,12230.0146484375
00bbac68_3133,12230.0859375
00bbac68_3134,12230.1591796875
00bbac68_3135,12230.1904296875
00bbac68_3136,12230.1748046875
00bbac68_3137,12230.3330078125
00bbac68_3138,12230.3427734375
00bbac68_3139,12230.34765625
00bbac68_3140,12230.369140625
00bbac68_3141,12230.6845703125
00bbac68_3142,12230.6796875
00bbac68_3143,12230.6533203125
00bbac68_3144,12230.7001953125
00bbac68_3145,12230.7109375
00bbac68_3146,12230.671875
00bbac68_3147,12230.712890625
00bbac68_3148,12230.71875
00bbac68_3149,12230.8076171875
00bbac68_3150,12230.8232421875
00bbac68_3151,12230.794921875
00bbac68_3152,12230.7978515625
00bbac68_3153,12230.7705078125
00bbac68_3154,12230.78125
00bbac68_3155,12230.765625
00bbac68_3156,12230.767578125
00bbac68_3157,12230.7392578125
00bbac68_3158,12230.646484375
00bbac68_3159,12230.630859375
00bbac68_3160,12230.625
00bbac68_3161,12230.66015625
00bbac68_3162,12230.625
00bbac68_3163,12230.576171875
00bbac68_3164,12230.6083984375
00bbac68_3165,12230.4482421875
00bbac68_3166,12230.5146484375
00bbac68_3167,12230.4912109375
00bbac68_3168,12230.478515625
00bbac68_3169,12230.5205078125
00bbac68_3170,12230.533203125
00bbac68_3171,12230.5546875
00bbac68_3172,12230.6357421875
00bbac68_3173,12230.7001953125
00bbac68_3174,12230.974609375
00bbac68_3175,12230.984375
00bbac68_3176,12230.974609375
00bbac68_3177,12230.95703125
00bbac68_3178,12231.013671875
00bbac68_3179,12231.279296875
00bbac68_3180,12231.26953125
00bbac68_3181,12231.33203125
00bbac68_3182,12231.3779296875
00bbac68_3183,12231.4990234375
00bbac68_3184,12231.705078125
00bbac68_3185,12231.6923828125
00bbac68_3186,12231.69140625
00bbac68_3187,12231.671875
00bbac68_3188,12231.6865234375
00bbac68_3189,12231.76953125
00bbac68_3190,12231.802734375
00bbac68_3191,12231.89453125
00bbac68_3192,12231.876953125
00bbac68_3193,12232.345703125
00bbac68_3194,12232.416015625
00bbac68_3195,12232.45703125
00bbac68_3196,12232.5546875
00bbac68_3197,12232.533203125
00bbac68_3198,12232.55078125
00bbac68_3199,12232.630859375
00bbac68_3200,12232.609375
00bbac68_3201,12232.650390625
00bbac68_3202,12232.6220703125
00bbac68_3203,12232.650390625
00bbac68_3204,12232.75390625
00bbac68_3205,12232.71484375
00bbac68_3206,12232.681640625
00bbac68_3207,12232.7275390625
00bbac68_3208,12232.65625
00bbac68_3209,12232.7041015625
00bbac68_3210,12232.6962890625
00bbac68_3211,12232.7197265625
00bbac68_3212,12232.74609375
00bbac68_3213,12232.751953125
00bbac68_3214,12232.7509765625
00bbac68_3215,12232.7646484375
00bbac68_3216,12232.8427734375
00bbac68_3217,12232.7822265625
00bbac68_3218,12232.8203125
00bbac68_3219,12232.7890625
00bbac68_3220,12232.869140625
00bbac68_3221,12233.0556640625
00bbac68_3222,12233.0908203125
00bbac68_3223,12233.1240234375
00bbac68_3224,12233.2041015625
00bbac68_3225,12233.181640625
00bbac68_3226,12233.1533203125
00bbac68_3227,12233.1142578125
00bbac68_3228,12233.0615234375
00bbac68_3229,12233.068359375
00bbac68_3230,12233.0537109375
00bbac68_3231,12233.0771484375
00bbac68_3232,12233.0791015625
00bbac68_3233,12233.142578125
00bbac68_3234,12233.1572265625
00bbac68_3235,12233.1240234375
00bbac68_3236,12233.142578125
00bbac68_3237,12233.171875
00bbac68_3238,12233.23046875
00bbac68_3239,12233.23828125
00bbac68_3240,12233.2724609375
00bbac68_3241,12233.2802734375
00bbac68_3242,12233.25
00bbac68_3243,12233.265625
00bbac68_3244,12233.2529296875
00bbac68_3245,12233.2705078125
00bbac68_3246,12233.3544921875
00bbac68_3247,12233.4130859375
00bbac68_3248,12233.3828125
00bbac68_3249,12233.4599609375
00bbac68_3250,12233.5595703125
00bbac68_3251,12233.7607421875
00bbac68_3252,12233.865234375
00bbac68_3253,12233.9326171875
00bbac68_3254,12234.0126953125
00bbac68_3255,12234.0576171875
00bbac68_3256,12234.1015625
00bbac68_3257,12234.11328125
00bbac68_3258,12234.201171875
00bbac68_3259,12234.2060546875
00bbac68_3260,12234.1845703125
00bbac68_3261,12234.32421875
00bbac68_3262,12234.365234375
00bbac68_3263,12234.310546875
00bbac68_3264,12234.341796875
00bbac68_3265,12234.3671875
00bbac68_3266,12234.46484375
00bbac68_3267,12234.3720703125
00bbac68_3268,12234.421875
00bbac68_3269,12234.2412109375
00bbac68_3270,12234.26171875
00bbac68_3271,12234.3916015625
00bbac68_3272,12234.53125
00bbac68_3273,12234.533203125
00bbac68_3274,12234.5400390625
00bbac68_3275,12234.6064453125
00bbac68_3276,12234.6767578125
00bbac68_3277,12234.57421875
00bbac68_3278,12234.59765625
00bbac68_3279,12234.7177734375
00bbac68_3280,12234.7626953125
00bbac68_3281,12234.8466796875
00bbac68_3282,12234.8232421875
00bbac68_3283,12234.8232421875
00bbac68_3284,12234.87890625
00bbac68_3285,12234.94140625
00bbac68_3286,12234.880859375
00bbac68_3287,12235.0400390625
00bbac68_3288,12235.078125
00bbac68_3289,12235.03125
00bbac68_3290,12235.1875
00bbac68_3291,12235.12890625
00bbac68_3292,12235.10546875
00bbac68_3293,12235.16796875
00bbac68_3294,12235.1806640625
00bbac68_3295,12235.2275390625
00bbac68_3296,12235.150390625
00bbac68_3297,12235.2705078125
00bbac68_3298,12235.3046875
00bbac68_3299,12235.541015625
00bbac68_3300,12235.55078125
00bbac68_3301,12235.685546875
00bbac68_3302,12235.7216796875
00bbac68_3303,12235.7724609375
00bbac68_3304,12235.9140625
00bbac68_3305,12236.01171875
00bbac68_3306,12236.04296875
00bbac68_3307,12236.0888671875
00bbac68_3308,12236.0859375
00bbac68_3309,12236.1552734375
00bbac68_3310,12236.2099609375
00bbac68_3311,12236.138671875
00bbac68_3312,12236.1953125
00bbac68_3313,12236.1484375
00bbac68_3314,12236.1259765625
00bbac68_3315,12236.1015625
00bbac68_3316,12236.1396484375
00bbac68_3317,12236.1796875
00bbac68_3318,12236.1474609375
00bbac68_3319,12236.11328125
00bbac68_3320,12236.0732421875
00bbac68_3321,12236.1279296875
00bbac68_3322,12236.1123046875
00bbac68_3323,12236.1416015625
00bbac68_3324,12236.1298828125
00bbac68_3325,12236.265625
00bbac68_3326,12236.2705078125
00bbac68_3327,12236.2978515625
00bbac68_3328,12236.2802734375
00bbac68_3329,12236.2783203125
00bbac68_3330,12236.294921875
00bbac68_3331,12236.2666015625
00bbac68_3332,12236.3134765625
00bbac68_3333,12236.279296875
00bbac68_3334,12236.3251953125
00bbac68_3335,12236.3623046875
00bbac68_3336,12236.3515625
00bbac68_3337,12236.41796875
00bbac68_3338,12236.3759765625
00bbac68_3339,12236.419921875
00bbac68_3340,12236.462890625
00bbac68_3341,12236.576171875
00bbac68_3342,12236.6142578125
00bbac68_3343,12236.59765625
00bbac68_3344,12236.6455078125
00bbac68_3345,12236.5302734375
00bbac68_3346,12236.7724609375
00bbac68_3347,12236.7783203125
00bbac68_3348,12236.7939453125
00bbac68_3349,12236.806640625
00bbac68_3350,12236.771484375
00bbac68_3351,12236.8916015625
00bbac68_3352,12237.0146484375
00bbac68_3353,12237.0830078125
00bbac68_3354,12237.1708984375
00bbac68_3355,12237.1708984375
00bbac68_3356,12237.2138671875
00bbac68_3357,12237.2646484375
00bbac68_3358,12237.421875
00bbac68_3359,12237.4228515625
00bbac68_3360,12237.2509765625
00bbac68_3361,12237.2265625
00bbac68_3362,12237.3017578125
00bbac68_3363,12237.505859375
00bbac68_3364,12237.4794921875
00bbac68_3365,12237.259765625
00bbac68_3366,12237.390625
00bbac68_3367,12237.419921875
00bbac68_3368,12237.49609375
00bbac68_3369,12237.56640625
00bbac68_3370,12237.52734375
00bbac68_3371,12237.7021484375
00bbac68_3372,12237.7744140625
00bbac68_3373,12237.7841796875
00bbac68_3374,12237.9208984375
00bbac68_3375,12238.0244140625
00bbac68_3376,12238.1162109375
00bbac68_3377,12238.1533203125
00bbac68_3378,12238.1162109375
00bbac68_3379,12238.16015625
00bbac68_3380,12238.169921875
00bbac68_3381,12238.2412109375
00bbac68_3382,12238.2548828125
00bbac68_3383,12238.2041015625
00bbac68_3384,12238.298828125
00bbac68_3385,12238.2568359375
00bbac68_3386,12238.2294921875
00bbac68_3387,12238.3046875
00bbac68_3388,12238.3388671875
00bbac68_3389,12238.416015625
00bbac68_3390,12238.4228515625
00bbac68_3391,12238.40234375
00bbac68_3392,12238.455078125
00bbac68_3393,12238.6826171875
00bbac68_3394,12238.6572265625
00bbac68_3395,12238.7177734375
00bbac68_3396,12238.75
00bbac68_3397,12238.7900390625
00bbac68_3398,12238.7783203125
00bbac68_3399,12238.7392578125
00bbac68_3400,12238.880859375
00bbac68_3401,12238.8486328125
00bbac68_3402,12238.84375
00bbac68_3403,12238.8232421875
00bbac68_3404,12238.7724609375
00bbac68_3405,12238.689453125
00bbac68_3406,12238.5234375
00bbac68_3407,12238.4990234375
00bbac68_3408,12238.357421875
00bbac68_3409,12238.400390625
00bbac68_3410,12238.4296875
00bbac68_3411,12238.34765625
00bbac68_3412,12238.32421875
00bbac68_3413,12238.2900390625
00bbac68_3414,12238.2939453125
00bbac68_3415,12238.251953125
00bbac68_3416,12238.20703125
00bbac68_3417,12238.1923828125
00bbac68_3418,12238.2294921875
00bbac68_3419,12238.193359375
00bbac68_3420,12238.259765625
00bbac68_3421,12238.294921875
00bbac68_3422,12238.232421875
00bbac68_3423,12238.259765625
00bbac68_3424,12238.318359375
00bbac68_3425,12238.3017578125
00bbac68_3426,12238.3798828125
00bbac68_3427,12238.3193359375
00bbac68_3428,12238.3017578125
00bbac68_3429,12238.3017578125
00bbac68_3430,12238.3291015625
00bbac68_3431,12238.296875
00bbac68_3432,12238.310546875
00bbac68_3433,12238.2841796875
00bbac68_3434,12238.32421875
00bbac68_3435,12238.3134765625
00bbac68_3436,12238.318359375
00bbac68_3437,12238.337890625
00bbac68_3438,12238.2900390625
00bbac68_3439,12238.369140625
00bbac68_3440,12238.341796875
00bbac68_3441,12238.2734375
00bbac68_3442,12238.1357421875
00bbac68_3443,12238.1259765625
00bbac68_3444,12238.076171875
00bbac68_3445,12238.1298828125
00bbac68_3446,12238.1123046875
00bbac68_3447,12238.0869140625
00bbac68_3448,12238.0341796875
00bbac68_3449,12238.076171875
00bbac68_3450,12238.0771484375
00bbac68_3451,12238.064453125
00bbac68_3452,12238.14453125
00bbac68_3453,12238.1611328125
00bbac68_3454,12238.177734375
00bbac68_3455,12238.1923828125
00bbac68_3456,12238.154296875
00bbac68_3457,12238.0810546875
00bbac68_3458,12238.0341796875
00bbac68_3459,12238.0419921875
00bbac68_3460,12237.9853515625
00bbac68_3461,12237.9287109375
00bbac68_3462,12238.017578125
00bbac68_3463,12238.0078125
00bbac68_3464,12237.927734375
00bbac68_3465,12237.8662109375
00bbac68_3466,12237.904296875
00bbac68_3467,12237.9775390625
00bbac68_3468,12237.9423828125
00bbac68_3469,12237.947265625
00bbac68_3470,12237.9580078125
00bbac68_3471,12237.9775390625
00bbac68_3472,12238.072265625
00bbac68_3473,12238.0771484375
00bbac68_3474,12238.0234375
00bbac68_3475,12238.044921875
00bbac68_3476,12238.0771484375
00bbac68_3477,12238.0625
00bbac68_3478,12238.025390625
00bbac68_3479,12238.109375
00bbac68_3480,12238.1552734375
00bbac68_3481,12238.2001953125
00bbac68_3482,12238.2666015625
00bbac68_3483,12238.2412109375
00bbac68_3484,12238.2548828125
00bbac68_3485,12238.255859375
00bbac68_3486,12238.302734375
00bbac68_3487,12238.330078125
00bbac68_3488,12238.359375
00bbac68_3489,12238.4306640625
00bbac68_3490,12238.4482421875
00bbac68_3491,12238.44140625
00bbac68_3492,12238.4541015625
00bbac68_3493,12238.576171875
00bbac68_3494,12238.5703125
00bbac68_3495,12238.5302734375
00bbac68_3496,12238.5224609375
00bbac68_3497,12238.5341796875
00bbac68_3498,12238.6044921875
00bbac68_3499,12238.6279296875
00bbac68_3500,12238.6376953125
00bbac68_3501,12238.7646484375
00bbac68_3502,12238.6435546875
00bbac68_3503,12238.57421875
00bbac68_3504,12238.6796875
00bbac68_3505,12238.69140625
00bbac68_3506,12238.6337890625
00bbac68_3507,12238.591796875
00bbac68_3508,12238.6435546875
00bbac68_3509,12238.7900390625
00bbac68_3510,12238.8798828125
00bbac68_3511,12238.8212890625
00bbac68_3512,12238.890625
00bbac68_3513,12238.7734375
00bbac68_3514,12238.810546875
00bbac68_3515,12238.8349609375
00bbac68_3516,12238.8046875
00bbac68_3517,12238.794921875
00bbac68_3518,12238.8134765625
00bbac68_3519,12238.8583984375
00bbac68_3520,12238.9287109375
00bbac68_3521,12238.9013671875
00bbac68_3522,12238.8837890625
00bbac68_3523,12238.912109375
00bbac68_3524,12238.9033203125
00bbac68_3525,12238.9755859375
00bbac68_3526,12238.9697265625
00bbac68_3527,12239.3115234375
00bbac68_3528,12239.412109375
00bbac68_3529,12239.439453125
00bbac68_3530,12239.375
00bbac68_3531,12239.5224609375
00bbac68_3532,12239.6552734375
00bbac68_3533,12239.6318359375
00bbac68_3534,12239.58203125
00bbac68_3535,12239.630859375
00bbac68_3536,12239.7802734375
00bbac68_3537,12239.8017578125
00bbac68_3538,12239.82421875
00bbac68_3539,12239.974609375
00bbac68_3540,12239.9609375
00bbac68_3541,12239.9970703125
00bbac68_3542,12240.06640625
00bbac68_3543,12240.0625
00bbac68_3544,12240.0986328125
00bbac68_3545,12240.0537109375
00bbac68_3546,12240.0498046875
00bbac68_3547,12239.97265625
00bbac68_3548,12239.9306640625
00bbac68_3549,12239.693359375
00bbac68_3550,12239.6494140625
00bbac68_3551,12239.630859375
00bbac68_3552,12239.5205078125
00bbac68_3553,12239.333984375
00bbac68_3554,12239.1533203125
00bbac68_3555,12239.16015625
00bbac68_3556,12239.12109375
00bbac68_3557,12239.15234375
00bbac68_3558,12238.8759765625
00bbac68_3559,12238.7080078125
00bbac68_3560,12238.583984375
00bbac68_3561,12238.5517578125
00bbac68_3562,12238.3486328125
00bbac68_3563,12238.359375
00bbac68_3564,12238.3251953125
00bbac68_3565,12238.4111328125
00bbac68_3566,12238.345703125
00bbac68_3567,12238.2421875
00bbac68_3568,12238.1962890625
00bbac68_3569,12238.0927734375
00bbac68_3570,12237.998046875
00bbac68_3571,12238.0185546875
00bbac68_3572,12237.978515625
00bbac68_3573,12238.001953125
00bbac68_3574,12237.974609375
00bbac68_3575,12237.7958984375
00bbac68_3576,12237.68359375
00bbac68_3577,12237.640625
00bbac68_3578,12237.5966796875
00bbac68_3579,12237.4853515625
00bbac68_3580,12237.4453125
00bbac68_3581,12237.2314453125
00bbac68_3582,12237.1259765625
00bbac68_3583,12237.13671875
00bbac68_3584,12236.9912109375
00bbac68_3585,12236.890625
00bbac68_3586,12236.771484375
00bbac68_3587,12236.83984375
00bbac68_3588,12236.8154296875
00bbac68_3589,12236.6591796875
00bbac68_3590,12236.6279296875
00bbac68_3591,12236.58203125
00bbac68_3592,12236.5126953125
00bbac68_3593,12236.453125
00bbac68_3594,12236.3095703125
00bbac68_3595,12236.2685546875
00bbac68_3596,12236.1376953125
00bbac68_3597,12236.1123046875
00bbac68_3598,12236.0888671875
00bbac68_3599,12236.076171875
00bbac68_3600,12236.0078125
00bbac68_3601,12235.9384765625
00bbac68_3602,12235.875
00bbac68_3603,12235.875
00bbac68_3604,12235.845703125
00bbac68_3605,12235.791015625
00bbac68_3606,12235.8876953125
00bbac68_3607,12236.1181640625
00bbac68_3608,12236.0361328125
00bbac68_3609,12236.1484375
00bbac68_3610,12236.1328125
00bbac68_3611,12236.123046875
00bbac68_3612,12236.1103515625
00bbac68_3613,12236.01171875
00bbac68_3614,12236.0576171875
00bbac68_3615,12236.0244140625
00bbac68_3616,12235.94921875
00bbac68_3617,12236.0126953125
00bbac68_3618,12235.94140625
00bbac68_3619,12236.0283203125
00bbac68_3620,12236.0595703125
00bbac68_3621,12235.990234375
00bbac68_3622,12235.9091796875
00bbac68_3623,12235.9248046875
00bbac68_3624,12235.9150390625
00bbac68_3625,12235.8388671875
00bbac68_3626,12235.8974609375
00bbac68_3627,12235.8193359375
00bbac68_3628,12235.8603515625
00bbac68_3629,12235.837890625
00bbac68_3630,12235.8369140625
00bbac68_3631,12235.6806640625
00bbac68_3632,12235.7744140625
00bbac68_3633,12235.7919921875
00bbac68_3634,12235.7216796875
00bbac68_3635,12235.7822265625
00bbac68_3636,12235.7822265625
00bbac68_3637,12235.7880859375
00bbac68_3638,12235.76953125
00bbac68_3639,12235.8349609375
00bbac68_3640,12235.82421875
00bbac68_3641,12235.744140625
00bbac68_3642,12235.7978515625
00bbac68_3643,12235.796875
00bbac68_3644,12235.7138671875
00bbac68_3645,12235.705078125
00bbac68_3646,12235.671875
00bbac68_3647,12235.6005859375
00bbac68_3648,12235.640625
00bbac68_3649,12235.705078125
00bbac68_3650,12235.6953125
00bbac68_3651,12235.5947265625
00bbac68_3652,12235.6689453125
00bbac68_3653,12235.673828125
00bbac68_3654,12235.6357421875
00bbac68_3655,12235.7041015625
00bbac68_3656,12235.7783203125
00bbac68_3657,12235.77734375
00bbac68_3658,12235.7314453125
00bbac68_3659,12235.7236328125
00bbac68_3660,12235.7275390625
00bbac68_3661,12235.763671875
00bbac68_3662,12235.8203125
00bbac68_3663,12235.7783203125
00bbac68_3664,12235.7353515625
00bbac68_3665,12235.7607421875
00bbac68_3666,12235.80078125
00bbac68_3667,12235.7373046875
00bbac68_3668,12235.736328125
00bbac68_3669,12235.6962890625
00bbac68_3670,12235.8125
00bbac68_3671,12235.7978515625
00bbac68_3672,12235.712890625
00bbac68_3673,12235.6953125
00bbac68_3674,12235.650390625
00bbac68_3675,12235.6337890625
00bbac68_3676,12235.6474609375
00bbac68_3677,12235.771484375
00bbac68_3678,12235.7080078125
00bbac68_3679,12235.697265625
00bbac68_3680,12235.642578125
00bbac68_3681,12235.6484375
00bbac68_3682,12235.6259765625
00bbac68_3683,12235.72265625
00bbac68_3684,12235.6796875
00bbac68_3685,12235.6220703125
00bbac68_3686,12235.58203125
00bbac68_3687,12235.8701171875
00bbac68_3688,12235.876953125
00bbac68_3689,12235.876953125
00bbac68_3690,12235.923828125
00bbac68_3691,12235.9541015625
00bbac68_3692,12235.8212890625
00bbac68_3693,12235.8486328125
00bbac68_3694,12235.865234375
00bbac68_3695,12235.8076171875
00bbac68_3696,12235.78515625
00bbac68_3697,12235.7392578125
00bbac68_3698,12235.7978515625
00bbac68_3699,12235.8251953125
00bbac68_3700,12235.77734375
00bbac68_3701,12235.6728515625
00bbac68_3702,12235.6787109375
00bbac68_3703,12235.6982421875
00bbac68_3704,12235.6123046875
00bbac68_3705,12235.560546875
00bbac68_3706,12235.4921875
00bbac68_3707,12235.5
00bbac68_3708,12235.4375
00bbac68_3709,12235.404296875
00bbac68_3710,12235.365234375
00bbac68_3711,12235.3525390625
00bbac68_3712,12235.3681640625
00bbac68_3713,12235.3935546875
00bbac68_3714,12235.4384765625
00bbac68_3715,12235.2685546875
00bbac68_3716,12235.2001953125
00bbac68_3717,12235.2099609375
00bbac68_3718,12235.2685546875
00bbac68_3719,12235.1748046875
00bbac68_3720,12235.1748046875
00bbac68_3721,12235.1259765625
00bbac68_3722,12235.1953125
00bbac68_3723,12235.0703125
00bbac68_3724,12235.0625
00bbac68_3725,12235.126953125
00bbac68_3726,12235.0380859375
00bbac68_3727,12235.021484375
00bbac68_3728,12235.0888671875
00bbac68_3729,12234.9736328125
00bbac68_3730,12235.0322265625
00bbac68_3731,12234.9365234375
00bbac68_3732,12234.9765625
00bbac68_3733,12235.11328125
00bbac68_3734,12234.9482421875
00bbac68_3735,12235.150390625
00bbac68_3736,12234.958984375
00bbac68_3737,12234.91796875
00bbac68_3738,12234.84375
00bbac68_3739,12234.955078125
00bbac68_3740,12234.74609375
00bbac68_3741,12234.654296875
00bbac68_3742,12234.4287109375
00bbac68_3743,12234.4189453125
00bbac68_3744,12234.388671875
00bbac68_3745,12234.296875
00bbac68_3746,12234.3974609375
00bbac68_3747,12234.3203125
00bbac68_3748,12234.3935546875
00bbac68_3749,12234.341796875
00bbac68_3750,12234.240234375
00bbac68_3751,12234.283203125
00bbac68_3752,12234.244140625
00bbac68_3753,12234.1357421875
00bbac68_3754,12234.193359375
00bbac68_3755,12234.0361328125
00bbac68_3756,12233.9404296875
00bbac68_3757,12233.806640625
00bbac68_3758,12233.826171875
00bbac68_3759,12233.8017578125
00bbac68_3760,12233.763671875
00bbac68_3761,12233.7578125
00bbac68_3762,12233.6640625
00bbac68_3763,12233.6826171875
00bbac68_3764,12233.7109375
00bbac68_3765,12233.701171875
00bbac68_3766,12233.70703125
00bbac68_3767,12233.7041015625
00bbac68_3768,12233.6572265625
00bbac68_3769,12233.609375
00bbac68_3770,12233.5029296875
00bbac68_3771,12233.5439453125
00bbac68_3772,12233.9248046875
00bbac68_3773,12234.5771484375
00bbac68_3774,12234.642578125
00bbac68_3775,12234.59375
00bbac68_3776,12234.8095703125
00bbac68_3777,12234.7216796875
00bbac68_3778,12234.7080078125
00bbac68_3779,12234.68359375
00bbac68_3780,12234.748046875
00bbac68_3781,12234.6533203125
00bbac68_3782,12234.5322265625
00bbac68_3783,12234.470703125
00bbac68_3784,12234.33203125
00bbac68_3785,12234.3232421875
00bbac68_3786,12234.1708984375
00bbac68_3787,12234.234375
00bbac68_3788,12234.2412109375
00bbac68_3789,12234.2216796875
00bbac68_3790,12234.173828125
00bbac68_3791,12234.21875
00bbac68_3792,12234.1611328125
00bbac68_3793,12234.2998046875
00bbac68_3794,12234.1943359375
00bbac68_3795,12234.0830078125
00bbac68_3796,12233.81640625
00bbac68_3797,12233.865234375
00bbac68_3798,12233.8515625
00bbac68_3799,12233.86328125
00bbac68_3800,12233.86328125
00bbac68_3801,12234.0458984375
00bbac68_3802,12234.0361328125
00bbac68_3803,12234.1650390625
00bbac68_3804,12234.400390625
00bbac68_3805,12234.7607421875
00bbac68_3806,12235.2802734375
00bbac68_3807,12235.3466796875
00bbac68_3808,12235.3017578125
00bbac68_3809,12235.306640625
00bbac68_3810,12235.3583984375
00bbac68_3811,12235.28125
00bbac68_3812,12235.314453125
00bbac68_3813,12235.2978515625
00bbac68_3814,12235.3095703125
00bbac68_3815,12235.2119140625
00bbac68_3816,12235.2314453125
00bbac68_3817,12235.2080078125
00bbac68_3818,12235.390625
00bbac68_3819,12235.2431640625
00bbac68_3820,12235.3427734375
00bbac68_3821,12235.1396484375
00bbac68_3822,12235.1357421875
00bbac68_3823,12235.076171875
00bbac68_3824,12235.16015625
00bbac68_3825,12235.072265625
00bbac68_3826,12235.0908203125
00bbac68_3827,12235.2041015625
00bbac68_3828,12235.1220703125
00bbac68_3829,12235.0859375
00bbac68_3830,12235.0009765625
00bbac68_3831,12234.9736328125
00bbac68_3832,12235.0185546875
00bbac68_3833,12234.9619140625
00bbac68_3834,12234.8974609375
00bbac68_3835,12234.947265625
00bbac68_3836,12234.853515625
00bbac68_3837,12234.8681640625
00bbac68_3838,12234.875
00bbac68_3839,12234.91796875
00bbac68_3840,12234.8154296875
00bbac68_3841,12234.7734375
00bbac68_3842,12234.7607421875
00bbac68_3843,12234.7646484375
00bbac68_3844,12234.650390625
00bbac68_3845,12234.654296875
00bbac68_3846,12234.64453125
00bbac68_3847,12234.70703125
00bbac68_3848,12234.62890625
00bbac68_3849,12234.55078125
00bbac68_3850,12234.490234375
00bbac68_3851,12234.4736328125
00bbac68_3852,12234.4775390625
00bbac68_3853,12234.5048828125
00bbac68_3854,12234.451171875
00bbac68_3855,12234.4482421875
00bbac68_3856,12234.41796875
00bbac68_3857,12234.431640625
00bbac68_3858,12234.466796875
00bbac68_3859,12234.466796875
00bbac68_3860,12234.4462890625
00bbac68_3861,12234.4775390625
00bbac68_3862,12234.482421875
00bbac68_3863,12234.40625
00bbac68_3864,12234.4375
00bbac68_3865,12234.466796875
00bbac68_3866,12234.5185546875
00bbac68_3867,12234.466796875
00bbac68_3868,12234.4912109375
00bbac68_3869,12234.3759765625
00bbac68_3870,12234.34375
00bbac68_3871,12234.5009765625
00bbac68_3872,12234.470703125
00bbac68_3873,12234.48828125
00bbac68_3874,12234.505859375
00bbac68_3875,12234.4794921875
00bbac68_3876,12234.5673828125
00bbac68_3877,12234.5615234375
00bbac68_3878,12234.52734375
00bbac68_3879,12234.5703125
00bbac68_3880,12234.5400390625
00bbac68_3881,12234.4794921875
00bbac68_3882,12234.4375
00bbac68_3883,12234.44140625
00bbac68_3884,12234.4345703125
00bbac68_3885,12234.4560546875
00bbac68_3886,12234.4150390625
00bbac68_3887,12234.3369140625
00bbac68_3888,12234.2998046875
00bbac68_3889,12234.2607421875
00bbac68_3890,12234.1591796875
00bbac68_3891,12234.1669921875
00bbac68_3892,12234.154296875
00bbac68_3893,12234.150390625
00bbac68_3894,12234.140625
00bbac68_3895,12234.1572265625
00bbac68_3896,12234.2685546875
00bbac68_3897,12234.263671875
00bbac68_3898,12234.1826171875
00bbac68_3899,12234.13671875
00bbac68_3900,12234.220703125
00bbac68_3901,12234.3095703125
00bbac68_3902,12234.3994140625
00bbac68_3903,12234.28515625
00bbac68_3904,12234.2431640625
00bbac68_3905,12234.1767578125
00bbac68_3906,12234.12109375
00bbac68_3907,12234.1044921875
00bbac68_3908,12234.0869140625
00bbac68_3909,12234.0634765625
00bbac68_3910,12233.9482421875
00bbac68_3911,12233.9287109375
00bbac68_3912,12233.943359375
00bbac68_3913,12233.845703125
00bbac68_3914,12233.8984375
00bbac68_3915,12233.810546875
00bbac68_3916,12233.806640625
00bbac68_3917,12233.8525390625
00bbac68_3918,12233.9755859375
00bbac68_3919,12233.96875
00bbac68_3920,12233.96484375
00bbac68_3921,12233.9755859375
00bbac68_3922,12233.9853515625
00bbac68_3923,12234.0400390625
00bbac68_3924,12234.046875
00bbac68_3925,12234.0576171875
00bbac68_3926,12233.9833984375
00bbac68_3927,12233.9814453125
00bbac68_3928,12233.98828125
00bbac68_3929,12233.970703125
00bbac68_3930,12234.0087890625
00bbac68_3931,12234.01953125
00bbac68_3932,12234.04296875
00bbac68_3933,12234.0908203125
00bbac68_3934,12234.05859375
00bbac68_3935,12234.078125
00bbac68_3936,12234.130859375
00bbac68_3937,12234.0576171875
00bbac68_3938,12234.05859375
00bbac68_3939,12234.0126953125
00bbac68_3940,12233.873046875
00bbac68_3941,12233.71875
00bbac68_3942,12234.05859375
00bbac68_3943,12234.4970703125
00bbac68_3944,12234.4423828125
00bbac68_3945,12234.4970703125
00bbac68_3946,12234.25390625
00bbac68_3947,12234.2509765625
00bbac68_3948,12234.0751953125
00bbac68_3949,12233.955078125
00bbac68_3950,12233.734375
00bbac68_3951,12233.814453125
00bbac68_3952,12233.76171875
00bbac68_3953,12233.7529296875
00bbac68_3954,12233.7939453125
00bbac68_3955,12233.677734375
00bbac68_3956,12233.7451171875
00bbac68_3957,12233.6865234375
00bbac68_3958,12233.7333984375
00bbac68_3959,12233.6435546875
00bbac68_3960,12233.712890625
00bbac68_3961,12233.6884765625
00bbac68_3962,12233.732421875
00bbac68_3963,12233.6396484375
00bbac68_3964,12233.6796875
00bbac68_3965,12233.63671875
00bbac68_3966,12233.69921875
00bbac68_3967,12233.6494140625
00bbac68_3968,12233.6865234375
00bbac68_3969,12233.625
00bbac68_3970,12233.6552734375
00bbac68_3971,12233.548828125
00bbac68_3972,12233.5869140625
00bbac68_3973,12233.5087890625
00bbac68_3974,12233.55078125
00bbac68_3975,12233.513671875
00bbac68_3976,12233.5341796875
00bbac68_3977,12233.4775390625
00bbac68_3978,12233.5185546875
00bbac68_3979,12233.4560546875
00bbac68_3980,12233.4892578125
00bbac68_3981,12233.384765625
00bbac68_3982,12233.4208984375
00bbac68_3983,12233.6015625
00bbac68_3984,12233.591796875
00bbac68_3985,12233.658203125
00bbac68_3986,12233.5927734375
00bbac68_3987,12233.63671875
00bbac68_3988,12233.548828125
00bbac68_3989,12233.615234375
00bbac68_3990,12233.5126953125
00bbac68_3991,12233.48828125
00bbac68_3992,12233.40625
00bbac68_3993,12233.4150390625
00bbac68_3994,12233.419921875
00bbac68_3995,12233.2958984375
00bbac68_3996,12233.2919921875
00bbac68_3997,12233.2080078125
00bbac68_3998,12233.35546875
00bbac68_3999,12233.291015625
00bbac68_4000,12233.3271484375
00bbac68_4001,12233.38671875
00bbac68_4002,12233.318359375
00bbac68_4003,12233.3798828125
00bbac68_4004,12233.2734375
00bbac68_4005,12233.2607421875
00bbac68_4006,12233.37109375
00bbac68_4007,12233.21484375
00bbac68_4008,12233.2177734375
00bbac68_4009,12233.2724609375
00bbac68_4010,12233.2978515625
00bbac68_4011,12233.353515625
00bbac68_4012,12233.24609375
00bbac68_4013,12233.234375
00bbac68_4014,12233.361328125
00bbac68_4015,12233.32421875
00bbac68_4016,12233.318359375
00bbac68_4017,12233.421875
00bbac68_4018,12233.3544921875
00bbac68_4019,12233.279296875
00bbac68_4020,12233.3134765625
00bbac68_4021,12233.22265625
00bbac68_4022,12233.2578125
00bbac68_4023,12233.392578125
00bbac68_4024,12233.357421875
00bbac68_4025,12233.35546875
00bbac68_4026,12233.4423828125
00bbac68_4027,12233.4052734375
00bbac68_4028,12233.44140625
00bbac68_4029,12233.5341796875
00bbac68_4030,12233.466796875
00bbac68_4031,12233.5068359375
00bbac68_4032,12233.5537109375
00bbac68_4033,12233.4912109375
00bbac68_4034,12233.466796875
00bbac68_4035,12233.4619140625
00bbac68_4036,12233.5263671875
00bbac68_4037,12233.4453125
00bbac68_4038,12233.4453125
00bbac68_4039,12233.5078125
00bbac68_4040,12233.4462890625
00bbac68_4041,12233.4033203125
00bbac68_4042,12233.333984375
00bbac68_4043,12233.3701171875
00bbac68_4044,12233.302734375
00bbac68_4045,12233.2939453125
00bbac68_4046,12233.376953125
00bbac68_4047,12233.3583984375
00bbac68_4048,12233.26953125
00bbac68_4049,12233.1875
00bbac68_4050,12233.1845703125
00bbac68_4051,12233.236328125
00bbac68_4052,12233.33984375
00bbac68_4053,12233.34375
00bbac68_4054,12233.3740234375
00bbac68_4055,12233.37890625
00bbac68_4056,12233.248046875
00bbac68_4057,12233.271484375
00bbac68_4058,12233.451171875
00bbac68_4059,12233.56640625
00bbac68_4060,12233.55859375
00bbac68_4061,12233.62890625
00bbac68_4062,12233.544921875
00bbac68_4063,12233.66015625
00bbac68_4064,12233.61328125
00bbac68_4065,12233.5224609375
00bbac68_4066,12233.5537109375
00bbac68_4067,12233.61328125
00bbac68_4068,12233.6396484375
00bbac68_4069,12233.6875
00bbac68_4070,12233.654296875
00bbac68_4071,12233.5810546875
00bbac68_4072,12233.6865234375
00bbac68_4073,12233.73828125
00bbac68_4074,12233.759765625
00bbac68_4075,12233.7939453125
00bbac68_4076,12233.7646484375
00bbac68_4077,12233.796875
00bbac68_4078,12233.767578125
00bbac68_4079,12233.6689453125
00bbac68_4080,12233.7060546875
00bbac68_4081,12233.6640625
00bbac68_4082,12233.6240234375
00bbac68_4083,12233.568359375
00bbac68_4084,12233.49609375
00bbac68_4085,12233.65234375
00bbac68_4086,12233.73046875
00bbac68_4087,12233.798828125
00bbac68_4088,12233.8505859375
00bbac68_4089,12233.8955078125
00bbac68_4090,12233.88671875
00bbac68_4091,12233.876953125
00bbac68_4092,12233.8740234375
00bbac68_4093,12233.861328125
00bbac68_4094,12233.857421875
00bbac68_4095,12233.9375
00bbac68_4096,12233.935546875
00bbac68_4097,12233.9609375
00bbac68_4098,12233.875
00bbac68_4099,12233.919921875
00bbac68_4100,12233.896484375
00bbac68_4101,12233.953125
00bbac68_4102,12233.9609375
00bbac68_4103,12233.9736328125
00bbac68_4104,12233.951171875
00bbac68_4105,12233.947265625
00bbac68_4106,12233.9541015625
00bbac68_4107,12233.90625
00bbac68_4108,12233.9296875
00bbac68_4109,12234.064453125
00bbac68_4110,12233.9921875
00bbac68_4111,12233.994140625
00bbac68_4112,12234.0400390625
00bbac68_4113,12233.966796875
00bbac68_4114,12233.966796875
00bbac68_4115,12233.970703125
00bbac68_4116,12233.9755859375
00bbac68_4117,12233.9853515625
00bbac68_4118,12233.8759765625
00bbac68_4119,12233.8349609375
00bbac68_4120,12233.7578125
00bbac68_4121,12233.8740234375
00bbac68_4122,12233.8564453125
00bbac68_4123,12233.7646484375
00bbac68_4124,12233.66796875
00bbac68_4125,12233.6484375
00bbac68_4126,12233.591796875
00bbac68_4127,12233.6171875
00bbac68_4128,12233.58984375
00bbac68_4129,12233.6015625
00bbac68_4130,12233.7421875
00bbac68_4131,12233.77734375
00bbac68_4132,12233.6572265625
00bbac68_4133,12233.6005859375
00bbac68_4134,12233.5537109375
00bbac68_4135,12233.5556640625
00bbac68_4136,12233.5625
00bbac68_4137,12233.54296875
00bbac68_4138,12233.53125
00bbac68_4139,12233.5234375
00bbac68_4140,12233.6669921875
00bbac68_4141,12233.7490234375
00bbac68_4142,12233.7744140625
00bbac68_4143,12233.724609375
00bbac68_4144,12233.7099609375
00bbac68_4145,12233.720703125
00bbac68_4146,12233.7275390625
00bbac68_4147,12233.6796875
00bbac68_4148,12233.603515625
00bbac68_4149,12233.62109375
00bbac68_4150,12233.5732421875
00bbac68_4151,12233.5849609375
00bbac68_4152,12233.5888671875
00bbac68_4153,12233.5859375
00bbac68_4154,12233.58203125
00bbac68_4155,12233.6015625
00bbac68_4156,12233.4658203125
00bbac68_4157,12233.4326171875
00bbac68_4158,12233.4306640625
00bbac68_4159,12233.4091796875
00bbac68_4160,12233.4404296875
00bbac68_4161,12233.41015625
00bbac68_4162,12233.439453125
00bbac68_4163,12233.4296875
00bbac68_4164,12233.412109375
00bbac68_4165,12233.416015625
00bbac68_4166,12233.3759765625
00bbac68_4167,12233.3681640625
00bbac68_4168,12233.2978515625
00bbac68_4169,12233.326171875
00bbac68_4170,12233.3408203125
00bbac68_4171,12233.341796875
00bbac68_4172,12233.353515625
00bbac68_4173,12233.3818359375
00bbac68_4174,12233.3720703125
00bbac68_4175,12233.373046875
00bbac68_4176,12233.376953125
00bbac68_4177,12233.3427734375
00bbac68_4178,12233.3330078125
00bbac68_4179,12233.416015625
00bbac68_4180,12233.4052734375
00bbac68_4181,12233.3994140625
00bbac68_4182,12233.4111328125
00bbac68_4183,12233.416015625
00bbac68_4184,12233.4296875
00bbac68_4185,12233.380859375
00bbac68_4186,12233.357421875
00bbac68_4187,12233.3486328125
00bbac68_4188,12233.392578125
00bbac68_4189,12233.4208984375
00bbac68_4190,12233.4169921875
00bbac68_4191,12233.4580078125
00bbac68_4192,12233.46875
00bbac68_4193,12233.4365234375
00bbac68_4194,12233.447265625
00bbac68_4195,12233.4296875
00bbac68_4196,12233.4580078125
00bbac68_4197,12233.447265625
00bbac68_4198,12233.455078125
00bbac68_4199,12233.4873046875
00bbac68_4200,12233.46875
00bbac68_4201,12233.4658203125
00bbac68_4202,12233.412109375
00bbac68_4203,12233.4609375
00bbac68_4204,12233.5224609375
00bbac68_4205,12233.5625
00bbac68_4206,12233.564453125
00bbac68_4207,12233.501953125
00bbac68_4208,12233.50390625
00bbac68_4209,12233.505859375
00bbac68_4210,12233.51171875
00bbac68_4211,12233.5205078125
00bbac68_4212,12233.5068359375
00bbac68_4213,12233.484375
00bbac68_4214,12233.3828125
00bbac68_4215,12233.2265625
00bbac68_4216,12233.0673828125
00bbac68_4217,12233.2587890625
00bbac68_4218,12233.3544921875
00bbac68_4219,12233.3896484375
00bbac68_4220,12233.4052734375
00bbac68_4221,12233.376953125
00bbac68_4222,12233.349609375
00bbac68_4223,12233.3564453125
00bbac68_4224,12233.37109375
00bbac68_4225,12233.365234375
00bbac68_4226,12233.28515625
00bbac68_4227,12233.34765625
00bbac68_4228,12233.33203125
00bbac68_4229,12233.443359375
00bbac68_4230,12233.4931640625
00bbac68_4231,12233.607421875
00bbac68_4232,12233.6982421875
00bbac68_4233,12233.6513671875
00bbac68_4234,12233.5625
00bbac68_4235,12233.6591796875
00bbac68_4236,12233.6494140625
00bbac68_4237,12233.6455078125
00bbac68_4238,12233.62890625
00bbac68_4239,12233.671875
00bbac68_4240,12233.6982421875
00bbac68_4241,12233.625
00bbac68_4242,12233.6787109375
00bbac68_4243,12233.71875
00bbac68_4244,12233.6171875
00bbac68_4245,12233.654296875
00bbac68_4246,12233.599609375
00bbac68_4247,12233.6845703125
00bbac68_4248,12233.6787109375
00bbac68_4249,12233.6337890625
00bbac68_4250,12233.69921875
00bbac68_4251,12233.6416015625
00bbac68_4252,12233.619140625
00bbac68_4253,12233.66796875
00bbac68_4254,12233.6904296875
00bbac68_4255,12233.6484375
00bbac68_4256,12233.6328125
00bbac68_4257,12233.56640625
00bbac68_4258,12233.6201171875
00bbac68_4259,12233.62109375
00bbac68_4260,12233.6376953125
00bbac68_4261,12233.654296875
00bbac68_4262,12233.6484375
00bbac68_4263,12233.642578125
00bbac68_4264,12233.6240234375
00bbac68_4265,12233.572265625
00bbac68_4266,12233.6357421875
00bbac68_4267,12233.701171875
00bbac68_4268,12233.7021484375
00bbac68_4269,12233.6943359375
00bbac68_4270,12233.6640625
00bbac68_4271,12233.6494140625
00bbac68_4272,12233.673828125
00bbac68_4273,12233.666015625
00bbac68_4274,12233.6337890625
00bbac68_4275,12233.6591796875
00bbac68_4276,12233.6513671875
00bbac68_4277,12233.701171875
00bbac68_4278,12233.7548828125
00bbac68_4279,12233.716796875
00bbac68_4280,12233.7119140625
00bbac68_4281,12233.677734375
00bbac68_4282,12233.6162109375
00bbac68_4283,12233.6220703125
00bbac68_4284,12233.6650390625
00bbac68_4285,12233.6728515625
00bbac68_4286,12233.6982421875
00bbac68_4287,12233.6689453125
00bbac68_4288,12233.673828125
00bbac68_4289,12233.6640625
00bbac68_4290,12233.671875
00bbac68_4291,12233.6259765625
00bbac68_4292,12233.599609375
00bbac68_4293,12233.6611328125
00bbac68_4294,12233.6650390625
00bbac68_4295,12233.693359375
00bbac68_4296,12233.68359375
00bbac68_4297,12233.69921875
00bbac68_4298,12233.69921875
00bbac68_4299,12233.6962890625
00bbac68_4300,12233.7099609375
00bbac68_4301,12233.740234375
00bbac68_4302,12233.72265625
00bbac68_4303,12233.73046875
00bbac68_4304,12233.7109375
00bbac68_4305,12233.646484375
00bbac68_4306,12233.7138671875
00bbac68_4307,12233.6845703125
00bbac68_4308,12233.7685546875
00bbac68_4309,12233.7646484375
00bbac68_4310,12233.7294921875
00bbac68_4311,12233.6982421875
00bbac68_4312,12233.638671875
00bbac68_4313,12233.6005859375
00bbac68_4314,12233.5830078125
00bbac68_4315,12233.615234375
00bbac68_4316,12233.671875
00bbac68_4317,12233.7353515625
00bbac68_4318,12233.734375
00bbac68_4319,12233.7685546875
00bbac68_4320,12233.7021484375
00bbac68_4321,12233.7392578125
00bbac68_4322,12233.7421875
00bbac68_4323,12233.779296875
00bbac68_4324,12233.873046875
00bbac68_4325,12233.8349609375
00bbac68_4326,12233.8427734375
00bbac68_4327,12233.818359375
00bbac68_4328,12233.8544921875
00bbac68_4329,12233.8525390625
00bbac68_4330,12233.8935546875
00bbac68_4331,12233.8671875
00bbac68_4332,12233.90625
00bbac68_4333,12233.8466796875
00bbac68_4334,12233.8427734375
00bbac68_4335,12233.7626953125
00bbac68_4336,12233.7216796875
00bbac68_4337,12233.771484375
00bbac68_4338,12233.7060546875
00bbac68_4339,12233.6494140625
00bbac68_4340,12233.7255859375
00bbac68_4341,12233.642578125
00bbac68_4342,12233.69921875
00bbac68_4343,12233.6787109375
00bbac68_4344,12233.630859375
00bbac68_4345,12233.669921875
00bbac68_4346,12233.6044921875
00bbac68_4347,12233.6171875
00bbac68_4348,12233.591796875
00bbac68_4349,12233.6787109375
00bbac68_4350,12233.6171875
00bbac68_4351,12233.5361328125
00bbac68_4352,12233.5703125
00bbac68_4353,12233.5546875
00bbac68_4354,12233.583984375
00bbac68_4355,12233.5546875
00bbac68_4356,12233.640625
00bbac68_4357,12233.6552734375
00bbac68_4358,12233.55078125
00bbac68_4359,12233.58984375
00bbac68_4360,12233.572265625
00bbac68_4361,12233.638671875
00bbac68_4362,12233.5888671875
00bbac68_4363,12233.5283203125
00bbac68_4364,12233.533203125
00bbac68_4365,12233.5029296875
00bbac68_4366,12233.6083984375
00bbac68_4367,12233.529296875
00bbac68_4368,12233.533203125
00bbac68_4369,12233.478515625
00bbac68_4370,12233.521484375
00bbac68_4371,12233.48046875
00bbac68_4372,12233.48828125
00bbac68_4373,12233.421875
00bbac68_4374,12233.44140625
00bbac68_4375,12233.44140625
00bbac68_4376,12233.4521484375
00bbac68_4377,12233.421875
00bbac68_4378,12233.3759765625
00bbac68_4379,12233.345703125
00bbac68_4380,12233.3173828125
00bbac68_4381,12233.333984375
00bbac68_4382,12233.291015625
00bbac68_4383,12233.349609375
00bbac68_4384,12233.4013671875
00bbac68_4385,12233.3525390625
00bbac68_4386,12233.28515625
00bbac68_4387,12233.3193359375
00bbac68_4388,12233.3359375
00bbac68_4389,12233.23046875
00bbac68_4390,12233.251953125
00bbac68_4391,12233.279296875
00bbac68_4392,12233.26953125
00bbac68_4393,12233.2470703125
00bbac68_4394,12233.21875
00bbac68_4395,12233.205078125
00bbac68_4396,12233.2373046875
00bbac68_4397,12233.23046875
00bbac68_4398,12233.228515625
00bbac68_4399,12233.255859375
00bbac68_4400,12233.203125
00bbac68_4401,12233.24609375
00bbac68_4402,12233.244140625
00bbac68_4403,12233.2275390625
00bbac68_4404,12233.2138671875
00bbac68_4405,12233.189453125
00bbac68_4406,12233.189453125
00bbac68_4407,12233.2529296875
00bbac68_4408,12233.2138671875
00bbac68_4409,12233.205078125
00bbac68_4410,12233.248046875
00bbac68_4411,12233.23828125
00bbac68_4412,12233.24609375
00bbac68_4413,12233.234375
00bbac68_4414,12233.322265625
00bbac68_4415,12233.3251953125
00bbac68_4416,12233.2490234375
00bbac68_4417,12233.2275390625
00bbac68_4418,12233.2255859375
00bbac68_4419,12233.2060546875
00bbac68_4420,12233.234375
00bbac68_4421,12233.1923828125
00bbac68_4422,12233.1904296875
00bbac68_4423,12233.1875
00bbac68_4424,12233.1875
00bbac68_4425,12233.16796875
00bbac68_4426,12233.185546875
00bbac68_4427,12233.193359375
00bbac68_4428,12233.2041015625
00bbac68_4429,12233.1923828125
00bbac68_4430,12233.4453125
00bbac68_4431,12233.4501953125
00bbac68_4432,12233.7587890625
00bbac68_4433,12233.7421875
00bbac68_4434,12233.69140625
00bbac68_4435,12233.6982421875
00bbac68_4436,12233.6396484375
00bbac68_4437,12233.599609375
00bbac68_4438,12233.6435546875
00bbac68_4439,12233.6416015625
00bbac68_4440,12233.6474609375
00bbac68_4441,12233.6796875
00bbac68_4442,12233.69140625
00bbac68_4443,12233.74609375
00bbac68_4444,12233.728515625
00bbac68_4445,12233.7236328125
00bbac68_4446,12233.7314453125
00bbac68_4447,12233.734375
00bbac68_4448,12233.7265625
00bbac68_4449,12233.7373046875
00bbac68_4450,12233.869140625
00bbac68_4451,12233.875
00bbac68_4452,12233.884765625
00bbac68_4453,12233.8876953125
00bbac68_4454,12233.8857421875
00bbac68_4455,12233.8828125
00bbac68_4456,12233.8701171875
00bbac68_4457,12233.8857421875
00bbac68_4458,12233.875
00bbac68_4459,12233.8408203125
00bbac68_4460,12233.8349609375
00bbac68_4461,12233.833984375
00bbac68_4462,12233.8017578125
00bbac68_4463,12233.767578125
00bbac68_4464,12233.7705078125
00bbac68_4465,12233.74609375
00bbac68_4466,12233.736328125
00bbac68_4467,12233.759765625
00bbac68_4468,12233.7919921875
00bbac68_4469,12233.7724609375
00bbac68_4470,12233.853515625
00bbac68_4471,12233.8642578125
00bbac68_4472,12233.8896484375
00bbac68_4473,12233.8115234375
00bbac68_4474,12233.84375
00bbac68_4475,12233.814453125
00bbac68_4476,12233.8125
00bbac68_4477,12233.8681640625
00bbac68_4478,12233.810546875
00bbac68_4479,12233.9228515625
00bbac68_4480,12234.068359375
00bbac68_4481,12234.048828125
00bbac68_4482,12234.0283203125
00bbac68_4483,12234.021484375
00bbac68_4484,12234.0537109375
00bbac68_4485,12234.064453125
00bbac68_4486,12234.12109375
00bbac68_4487,12234.005859375
00bbac68_4488,12233.9921875
00bbac68_4489,12234.0380859375
00bbac68_4490,12233.9716796875
00bbac68_4491,12234.0224609375
00bbac68_4492,12234.05078125
00bbac68_4493,12234.017578125
00bbac68_4494,12233.9814453125
00bbac68_4495,12233.9619140625
00bbac68_4496,12234.0439453125
00bbac68_4497,12233.982421875
00bbac68_4498,12234.0205078125
00bbac68_4499,12233.95703125
00bbac68_4500,12233.9775390625
00bbac68_4501,12233.927734375
00bbac68_4502,12233.828125
00bbac68_4503,12233.7470703125
00bbac68_4504,12233.712890625
00bbac68_4505,12233.9267578125
00bbac68_4506,12233.935546875
00bbac68_4507,12233.9267578125
00bbac68_4508,12233.9736328125
00bbac68_4509,12233.9697265625
00bbac68_4510,12233.9140625
00bbac68_4511,12233.94921875
00bbac68_4512,12233.919921875
00bbac68_4513,12234.0087890625
00bbac68_4514,12233.9580078125
00bbac68_4515,12234.01171875
00bbac68_4516,12233.9482421875
00bbac68_4517,12233.9296875
00bbac68_4518,12233.921875
00bbac68_4519,12233.6455078125
00bbac68_4520,12233.5126953125
00bbac68_4521,12233.4501953125
00bbac68_4522,12233.421875
00bbac68_4523,12233.4462890625
00bbac68_4524,12233.4716796875
00bbac68_4525,12233.373046875
00bbac68_4526,12233.3359375
00bbac68_4527,12233.3291015625
00bbac68_4528,12233.396484375
00bbac68_4529,12233.3408203125
00bbac68_4530,12233.26953125
00bbac68_4531,12233.3359375
00bbac68_4532,12233.2333984375
00bbac68_4533,12233.220703125
00bbac68_4534,12233.1904296875
00bbac68_4535,12233.1318359375
00bbac68_4536,12233.2216796875
00bbac68_4537,12233.1142578125
00bbac68_4538,12233.125
00bbac68_4539,12233.1689453125
00bbac68_4540,12232.9853515625
00bbac68_4541,12232.9755859375
00bbac68_4542,12233.0341796875
00bbac68_4543,12232.9267578125
00bbac68_4544,12232.865234375
00bbac68_4545,12232.865234375
00bbac68_4546,12232.8154296875
00bbac68_4547,12232.7705078125
00bbac68_4548,12232.802734375
00bbac68_4549,12232.8251953125
00bbac68_4550,12232.7001953125
00bbac68_4551,12232.69140625
00bbac68_4552,12232.9140625
00bbac68_4553,12232.7939453125
00bbac68_4554,12232.75
00bbac68_4555,12232.7216796875
00bbac68_4556,12232.7275390625
00bbac68_4557,12232.685546875
00bbac68_4558,12232.6513671875
00bbac68_4559,12232.6640625
00bbac68_4560,12232.6328125
00bbac68_4561,12232.6982421875
00bbac68_4562,12232.630859375
00bbac68_4563,12232.5439453125
00bbac68_4564,12232.5078125
00bbac68_4565,12232.564453125
00bbac68_4566,12232.4697265625
00bbac68_4567,12232.4013671875
00bbac68_4568,12232.3779296875
00bbac68_4569,12232.373046875
00bbac68_4570,12232.3681640625
00bbac68_4571,12232.375
00bbac68_4572,12232.306640625
00bbac68_4573,12232.2705078125
00bbac68_4574,12232.287109375
00bbac68_4575,12232.2587890625
00bbac68_4576,12232.23046875
00bbac68_4577,12232.255859375
00bbac68_4578,12232.169921875
00bbac68_4579,12232.1455078125
00bbac68_4580,12232.1201171875
00bbac68_4581,12232.0732421875
00bbac68_4582,12232.0302734375
00bbac68_4583,12232.0458984375
00bbac68_4584,12232.0087890625
00bbac68_4585,12232.001953125
00bbac68_4586,12232.0341796875
00bbac68_4587,12231.9833984375
00bbac68_4588,12231.9697265625
00bbac68_4589,12232.0029296875
00bbac68_4590,12231.9951171875
00bbac68_4591,12232.0009765625
00bbac68_4592,12231.9599609375
00bbac68_4593,12231.9326171875
00bbac68_4594,12231.900390625
00bbac68_4595,12231.599609375
00bbac68_4596,12231.576171875
00bbac68_4597,12231.40625
00bbac68_4598,12231.4248046875
00bbac68_4599,12231.45703125
00bbac68_4600,12231.30859375
00bbac68_4601,12231.2529296875
00bbac68_4602,12231.259765625
00bbac68_4603,12231.185546875
00bbac68_4604,12231.14453125
00bbac68_4605,12231.1630859375
00bbac68_4606,12231.171875
00bbac68_4607,12231.1533203125
00bbac68_4608,12231.169921875
00bbac68_4609,12231.1337890625
00bbac68_4610,12231.08203125
00bbac68_4611,12231.0400390625
00bbac68_4612,12231.0439453125
00bbac68_4613,12230.9892578125
00bbac68_4614,12230.9453125
00bbac68_4615,12230.9033203125
00bbac68_4616,12230.8994140625
00bbac68_4617,12231.177734375
00bbac68_4618,12231.107421875
00bbac68_4619,12231.1181640625
00bbac68_4620,12230.962890625
00bbac68_4621,12230.939453125
00bbac68_4622,12230.970703125
00bbac68_4623,12230.916015625
00bbac68_4624,12230.8984375
00bbac68_4625,12230.857421875
00bbac68_4626,12230.8828125
00bbac68_4627,12230.88671875
00bbac68_4628,12231.0546875
00bbac68_4629,12230.98046875
00bbac68_4630,12231.0048828125
00bbac68_4631,12231.1201171875
00bbac68_4632,12231.1259765625
00bbac68_4633,12231.0283203125
00bbac68_4634,12231.0859375
00bbac68_4635,12231.1123046875
00bbac68_4636,12231.09375
00bbac68_4637,12231.1181640625
00bbac68_4638,12231.2158203125
00bbac68_4639,12231.310546875
00bbac68_4640,12231.3291015625
00bbac68_4641,12231.6005859375
00bbac68_4642,12231.66015625
00bbac68_4643,12231.5849609375
00bbac68_4644,12231.5224609375
00bbac68_4645,12231.541015625
00bbac68_4646,12231.568359375
00bbac68_4647,12231.48828125
00bbac68_4648,12231.4462890625
00bbac68_4649,12231.5615234375
00bbac68_4650,12231.5732421875
00bbac68_4651,12231.5732421875
00bbac68_4652,12231.5478515625
00bbac68_4653,12231.46875
00bbac68_4654,12231.1611328125
00bbac68_4655,12231.08984375
00bbac68_4656,12231.3232421875
00bbac68_4657,12231.365234375
00bbac68_4658,12231.4072265625
00bbac68_4659,12231.5029296875
00bbac68_4660,12231.501953125
00bbac68_4661,12231.509765625
00bbac68_4662,12231.529296875
00bbac68_4663,12231.55859375
00bbac68_4664,12231.501953125
00bbac68_4665,12231.5302734375
00bbac68_4666,12231.5078125
00bbac68_4667,12231.482421875
00bbac68_4668,12231.580078125
00bbac68_4669,12231.5634765625
00bbac68_4670,12231.4482421875
00bbac68_4671,12231.462890625
00bbac68_4672,12231.2509765625
00bbac68_4673,12231.2939453125
00bbac68_4674,12231.3857421875
00bbac68_4675,12231.328125
00bbac68_4676,12231.3876953125
00bbac68_4677,12231.322265625
00bbac68_4678,12231.3623046875
00bbac68_4679,12231.3134765625
00bbac68_4680,12231.328125
00bbac68_4681,12231.29296875
00bbac68_4682,12231.345703125
00bbac68_4683,12231.2890625
00bbac68_4684,12231.3076171875
00bbac68_4685,12231.2919921875
00bbac68_4686,12231.2861328125
00bbac68_4687,12231.29296875
00bbac68_4688,12231.3203125
00bbac68_4689,12231.390625
00bbac68_4690,12231.3974609375
00bbac68_4691,12231.3671875
00bbac68_4692,12231.359375
00bbac68_4693,12231.39453125
00bbac68_4694,12231.37109375
00bbac68_4695,12231.3623046875
00bbac68_4696,12231.412109375
00bbac68_4697,12231.3642578125
00bbac68_4698,12231.376953125
00bbac68_4699,12231.41015625
00bbac68_4700,12231.380859375
00bbac68_4701,12231.42578125
00bbac68_4702,12231.3388671875
00bbac68_4703,12231.3662109375
00bbac68_4704,12231.337890625
00bbac68_4705,12231.37109375
00bbac68_4706,12231.3720703125
00bbac68_4707,12231.3623046875
00bbac68_4708,12231.408203125
00bbac68_4709,12231.46875
00bbac68_4710,12231.3837890625
00bbac68_4711,12231.4091796875
00bbac68_4712,12231.462890625
00bbac68_4713,12231.4453125
00bbac68_4714,12231.4423828125
00bbac68_4715,12231.4423828125
00bbac68_4716,12231.3837890625
00bbac68_4717,12231.400390625
00bbac68_4718,12231.40625
00bbac68_4719,12231.384765625
00bbac68_4720,12231.37890625
00bbac68_4721,12231.3671875
00bbac68_4722,12231.3828125
00bbac68_4723,12231.369140625
00bbac68_4724,12231.3310546875
00bbac68_4725,12231.3359375
00bbac68_4726,12231.345703125
00bbac68_4727,12231.31640625
00bbac68_4728,12231.396484375
00bbac68_4729,12231.376953125
00bbac68_4730,12231.37890625
00bbac68_4731,12231.4169921875
00bbac68_4732,12231.33203125
00bbac68_4733,12231.353515625
00bbac68_4734,12231.4404296875
00bbac68_4735,12231.1787109375
00bbac68_4736,12230.9716796875
00bbac68_4737,12230.8779296875
00bbac68_4738,12230.865234375
00bbac68_4739,12230.943359375
00bbac68_4740,12230.849609375
00bbac68_4741,12230.826171875
00bbac68_4742,12230.888671875
00bbac68_4743,12230.998046875
00bbac68_4744,12231.09375
00bbac68_4745,12231.12890625
00bbac68_4746,12231.0947265625
00bbac68_4747,12231.1240234375
00bbac68_4748,12231.1748046875
00bbac68_4749,12231.1806640625
00bbac68_4750,12231.19921875
00bbac68_4751,12231.16796875
00bbac68_4752,12231.181640625
00bbac68_4753,12231.1259765625
00bbac68_4754,12231.1083984375
00bbac68_4755,12231.1396484375
00bbac68_4756,12231.1494140625
00bbac68_4757,12231.1376953125
00bbac68_4758,12231.1298828125
00bbac68_4759,12231.099609375
00bbac68_4760,12231.080078125
00bbac68_4761,12231.0810546875
00bbac68_4762,12231.0712890625
00bbac68_4763,12231.029296875
00bbac68_4764,12231.060546875
00bbac68_4765,12231.10546875
00bbac68_4766,12231.103515625
00bbac68_4767,12231.04296875
00bbac68_4768,12231.0244140625
00bbac68_4769,12231.037109375
00bbac68_4770,12231.0146484375
00bbac68_4771,12231.0439453125
00bbac68_4772,12231.0439453125
00bbac68_4773,12231.029296875
00bbac68_4774,12230.994140625
00bbac68_4775,12231.017578125
00bbac68_4776,12230.9521484375
00bbac68_4777,12230.9501953125
00bbac68_4778,12230.9609375
00bbac68_4779,12230.9560546875
00bbac68_4780,12230.9228515625
00bbac68_4781,12230.888671875
00bbac68_4782,12230.9140625
00bbac68_4783,12230.837890625
00bbac68_4784,12230.8330078125
00bbac68_4785,12230.8115234375
00bbac68_4786,12230.884765625
00bbac68_4787,12231.0244140625
00bbac68_4788,12231.0673828125
00bbac68_4789,12231.1220703125
00bbac68_4790,12231.10546875
00bbac68_4791,12231.1572265625
00bbac68_4792,12231.1328125
00bbac68_4793,12231.0732421875
00bbac68_4794,12231.0927734375
00bbac68_4795,12231.0546875
00bbac68_4796,12231.048828125
00bbac68_4797,12231.0810546875
00bbac68_4798,12231.0302734375
00bbac68_4799,12231.0419921875
00bbac68_4800,12231.060546875
00bbac68_4801,12231.203125
00bbac68_4802,12231.2470703125
00bbac68_4803,12231.3564453125
00bbac68_4804,12231.3359375
00bbac68_4805,12231.423828125
00bbac68_4806,12231.326171875
00bbac68_4807,12231.2919921875
00bbac68_4808,12231.234375
00bbac68_4809,12231.1337890625
00bbac68_4810,12231.16015625
00bbac68_4811,12231.1416015625
00bbac68_4812,12231.1396484375
00bbac68_4813,12231.1875
00bbac68_4814,12231.171875
00bbac68_4815,12231.072265625
00bbac68_4816,12231.09765625
00bbac68_4817,12231.0458984375
00bbac68_4818,12231.0263671875
00bbac68_4819,12231.05078125
00bbac68_4820,12230.8818359375
00bbac68_4821,12230.8408203125
00bbac68_4822,12230.8837890625
00bbac68_4823,12230.8662109375
00bbac68_4824,12230.859375
00bbac68_4825,12230.8486328125
00bbac68_4826,12230.8515625
00bbac68_4827,12230.8271484375
00bbac68_4828,12230.84765625
00bbac68_4829,12230.837890625
00bbac68_4830,12230.826171875
00bbac68_4831,12230.7958984375
00bbac68_4832,12230.787109375
00bbac68_4833,12230.7646484375
00bbac68_4834,12230.7646484375
00bbac68_4835,12230.76953125
00bbac68_4836,12230.826171875
00bbac68_4837,12230.8447265625
00bbac68_4838,12230.890625
00bbac68_4839,12230.869140625
00bbac68_4840,12230.8583984375
00bbac68_4841,12230.8740234375
00bbac68_4842,12230.853515625
00bbac68_4843,12230.8662109375
00bbac68_4844,12230.8837890625
00bbac68_4845,12230.88671875
00bbac68_4846,12230.921875
00bbac68_4847,12230.9248046875
00bbac68_4848,12230.947265625
00bbac68_4849,12230.9453125
00bbac68_4850,12230.8837890625
00bbac68_4851,12230.8935546875
00bbac68_4852,12230.951171875
00bbac68_4853,12230.9580078125
00bbac68_4854,12230.978515625
00bbac68_4855,12230.998046875
00bbac68_4856,12230.974609375
00bbac68_4857,12230.958984375
00bbac68_4858,12230.94140625
00bbac68_4859,12230.958984375
00bbac68_4860,12230.9921875
00bbac68_4861,12230.9677734375
00bbac68_4862,12230.966796875
00bbac68_4863,12230.927734375
00bbac68_4864,12230.9091796875
00bbac68_4865,12230.94140625
00bbac68_4866,12230.958984375
00bbac68_4867,12231.0654296875
00bbac68_4868,12231.091796875
00bbac68_4869,12231.0625
00bbac68_4870,12230.9404296875
00bbac68_4871,12230.91015625
00bbac68_4872,12231.0234375
00bbac68_4873,12231.001953125
00bbac68_4874,12230.8203125
00bbac68_4875,12230.6474609375
00bbac68_4876,12230.337890625
00bbac68_4877,12230.1572265625
00bbac68_4878,12230.13671875
00bbac68_4879,12230.083984375
00bbac68_4880,12230.1005859375
00bbac68_4881,12230.0673828125
00bbac68_4882,12230.05078125
00bbac68_4883,12230.0712890625
00bbac68_4884,12230.0673828125
00bbac68_4885,12230.0966796875
00bbac68_4886,12230.06640625
00bbac68_4887,12230.037109375
00bbac68_4888,12230.0419921875
00bbac68_4889,12230.119140625
00bbac68_4890,12230.2119140625
00bbac68_4891,12230.248046875
00bbac68_4892,12230.1796875
00bbac68_4893,12230.2314453125
00bbac68_4894,12230.181640625
00bbac68_4895,12230.1796875
00bbac68_4896,12230.1748046875
00bbac68_4897,12230.1826171875
00bbac68_4898,12230.193359375
00bbac68_4899,12230.1845703125
00bbac68_4900,12230.37890625
00bbac68_4901,12230.353515625
00bbac68_4902,12230.2783203125
00bbac68_4903,12230.4677734375
00bbac68_4904,12230.5634765625
00bbac68_4905,12230.5498046875
00bbac68_4906,12230.5107421875
00bbac68_4907,12230.478515625
00bbac68_4908,12230.5712890625
00bbac68_4909,12230.5654296875
00bbac68_4910,12230.552734375
00bbac68_4911,12230.7373046875
00bbac68_4912,12230.8173828125
00bbac68_4913,12230.81640625
00bbac68_4914,12230.8173828125
00bbac68_4915,12230.8427734375
00bbac68_4916,12230.541015625
00bbac68_4917,12230.3017578125
00bbac68_4918,12230.279296875
00bbac68_4919,12230.3359375
00bbac68_4920,12230.46875
00bbac68_4921,12230.4912109375
00bbac68_4922,12230.5283203125
00bbac68_4923,12230.5390625
00bbac68_4924,12230.5634765625
00bbac68_4925,12230.6923828125
00bbac68_4926,12230.62109375
00bbac68_4927,12230.1279296875
00bbac68_4928,12230.2255859375
00bbac68_4929,12230.5634765625
00bbac68_4930,12230.67578125
00bbac68_4931,12230.62109375
00bbac68_4932,12230.9619140625
00bbac68_4933,12231.001953125
00bbac68_4934,12231.0205078125
00bbac68_4935,12231.0244140625
00bbac68_4936,12231.0458984375
00bbac68_4937,12231.0771484375
00bbac68_4938,12231.099609375
00bbac68_4939,12231.0546875
00bbac68_4940,12231.0634765625
00bbac68_4941,12231.0517578125
00bbac68_4942,12231.0751953125
00bbac68_4943,12231.078125
00bbac68_4944,12231.0751953125
00bbac68_4945,12231.0458984375
00bbac68_4946,12231.0927734375
00bbac68_4947,12231.125
00bbac68_4948,12231.2724609375
00bbac68_4949,12231.181640625
00bbac68_4950,12231.1796875
00bbac68_4951,12231.201171875
00bbac68_4952,12231.2060546875
00bbac68_4953,12231.21484375
00bbac68_4954,12231.23046875
00bbac68_4955,12231.287109375
00bbac68_4956,12231.3447265625
00bbac68_4957,12231.4130859375
00bbac68_4958,12231.419921875
00bbac68_4959,12231.453125
00bbac68_4960,12231.3896484375
00bbac68_4961,12231.38671875
00bbac68_4962,12231.4287109375
00bbac68_4963,12231.470703125
00bbac68_4964,12231.4267578125
00bbac68_4965,12231.53515625
00bbac68_4966,12231.5791015625
00bbac68_4967,12231.6162109375
00bbac68_4968,12231.6025390625
00bbac68_4969,12231.611328125
00bbac68_4970,12231.6650390625
00bbac68_4971,12231.767578125
00bbac68_4972,12231.7578125
00bbac68_4973,12231.7783203125
00bbac68_4974,12231.7587890625
00bbac68_4975,12231.767578125
00bbac68_4976,12231.734375
00bbac68_4977,12231.7646484375
00bbac68_4978,12231.77734375
00bbac68_4979,12231.783203125
00bbac68_4980,12231.791015625
00bbac68_4981,12231.822265625
00bbac68_4982,12231.7958984375
00bbac68_4983,12231.833984375
00bbac68_4984,12231.8349609375
00bbac68_4985,12231.8623046875
00bbac68_4986,12231.880859375
00bbac68_4987,12231.9150390625
00bbac68_4988,12231.923828125
00bbac68_4989,12231.9521484375
00bbac68_4990,12231.962890625
00bbac68_4991,12231.955078125
00bbac68_4992,12231.94140625
00bbac68_4993,12231.982421875
00bbac68_4994,12231.982421875
00bbac68_4995,12231.998046875
00bbac68_4996,12231.982421875
00bbac68_4997,12232.150390625
00bbac68_4998,12232.14453125
00bbac68_4999,12232.0517578125
00bbac68_5000,12232.021484375
00bbac68_5001,12232.056640625
00bbac68_5002,12232.0244140625
00bbac68_5003,12232.0009765625
00bbac68_5004,12232.025390625
00bbac68_5005,12231.9921875
00bbac68_5006,12231.947265625
00bbac68_5007,12231.8369140625
00bbac68_5008,12231.9892578125
00bbac68_5009,12232.05078125
00bbac68_5010,12232.2275390625
00bbac68_5011,12232.27734375
00bbac68_5012,12232.205078125
00bbac68_5013,12232.259765625
00bbac68_5014,12232.2373046875
00bbac68_5015,12232.244140625
00bbac68_5016,12232.232421875
00bbac68_5017,12232.2470703125
00bbac68_5018,12232.22265625
00bbac68_5019,12232.1474609375
00bbac68_5020,12232.1728515625
00bbac68_5021,12232.2041015625
00bbac68_5022,12232.2177734375
00bbac68_5023,12232.1865234375
00bbac68_5024,12232.189453125
00bbac68_5025,12232.1396484375
00bbac68_5026,12232.1044921875
00bbac68_5027,12232.0908203125
00bbac68_5028,12232.16015625
00bbac68_5029,12232.169921875
00bbac68_5030,12232.1884765625
00bbac68_5031,12232.193359375
00bbac68_5032,12232.16015625
00bbac68_5033,12232.1572265625
00bbac68_5034,12232.154296875
00bbac68_5035,12232.1728515625
00bbac68_5036,12232.271484375
00bbac68_5037,12232.28515625
00bbac68_5038,12232.2666015625
00bbac68_5039,12232.28515625
00bbac68_5040,12232.2783203125
00bbac68_5041,12232.2880859375
00bbac68_5042,12232.251953125
00bbac68_5043,12232.2421875
00bbac68_5044,12232.2138671875
00bbac68_5045,12232.1787109375
00bbac68_5046,12232.2119140625
00bbac68_5047,12232.20703125
00bbac68_5048,12232.1875
00bbac68_5049,12232.185546875
00bbac68_5050,12232.1650390625
00bbac68_5051,12232.0869140625
00bbac68_5052,12232.1123046875
00bbac68_5053,12232.126953125
00bbac68_5054,12232.1962890625
00bbac68_5055,12232.2197265625
00bbac68_5056,12232.18359375
00bbac68_5057,12232.20703125
00bbac68_5058,12232.2509765625
00bbac68_5059,12232.255859375
00bbac68_5060,12232.251953125
00bbac68_5061,12232.2568359375
00bbac68_5062,12232.24609375
00bbac68_5063,12232.26953125
00bbac68_5064,12232.2373046875
00bbac68_5065,12232.240234375
00bbac68_5066,12232.291015625
00bbac68_5067,12232.25390625
00bbac68_5068,12232.22265625
00bbac68_5069,12232.2119140625
00bbac68_5070,12232.1845703125
00bbac68_5071,12232.158203125
00bbac68_5072,12232.2158203125
00bbac68_5073,12232.21875
00bbac68_5074,12232.2216796875
00bbac68_5075,12232.169921875
00bbac68_5076,12232.2001953125
00bbac68_5077,12232.1806640625
00bbac68_5078,12232.189453125
00bbac68_5079,12232.166015625
00bbac68_5080,12232.1572265625
00bbac68_5081,12232.169921875
00bbac68_5082,12232.1787109375
00bbac68_5083,12232.2041015625
00bbac68_5084,12232.2158203125
00bbac68_5085,12232.1904296875
00bbac68_5086,12232.17578125
00bbac68_5087,12232.201171875
00bbac68_5088,12232.251953125
00bbac68_5089,12232.197265625
00bbac68_5090,12232.1787109375
00bbac68_5091,12232.1982421875
00bbac68_5092,12232.189453125
00bbac68_5093,12232.1787109375
00bbac68_5094,12232.2275390625
00bbac68_5095,12232.2724609375
00bbac68_5096,12232.2412109375
00bbac68_5097,12232.2333984375
00bbac68_5098,12232.2529296875
00bbac68_5099,12232.2333984375
00bbac68_5100,12232.21484375
00bbac68_5101,12232.205078125
00bbac68_5102,12232.177734375
00bbac68_5103,12232.1552734375
00bbac68_5104,12232.1435546875
00bbac68_5105,12232.166015625
00bbac68_5106,12232.1787109375
00bbac68_5107,12232.20703125
00bbac68_5108,12232.1513671875
00bbac68_5109,12232.3359375
00bbac68_5110,12232.4208984375
00bbac68_5111,12232.4462890625
00bbac68_5112,12232.3740234375
00bbac68_5113,12232.3798828125
00bbac68_5114,12232.380859375
00bbac68_5115,12232.3408203125
00bbac68_5116,12232.3408203125
00bbac68_5117,12232.3955078125
00bbac68_5118,12232.4052734375
00bbac68_5119,12232.365234375
00bbac68_5120,12232.4130859375
00bbac68_5121,12232.4013671875
00bbac68_5122,12232.375
00bbac68_5123,12232.4013671875
00bbac68_5124,12232.4462890625
00bbac68_5125,12232.400390625
00bbac68_5126,12232.5693359375
00bbac68_5127,12232.6376953125
00bbac68_5128,12232.6220703125
00bbac68_5129,12232.5693359375
00bbac68_5130,12232.578125
00bbac68_5131,12232.533203125
00bbac68_5132,12232.5126953125
00bbac68_5133,12232.52734375
00bbac68_5134,12232.447265625
00bbac68_5135,12232.47265625
00bbac68_5136,12232.451171875
00bbac68_5137,12232.4169921875
00bbac68_5138,12232.3740234375
00bbac68_5139,12232.4169921875
00bbac68_5140,12232.4443359375
00bbac68_5141,12232.4345703125
00bbac68_5142,12232.421875
00bbac68_5143,12232.4384765625
00bbac68_5144,12232.40625
00bbac68_5145,12232.4013671875
00bbac68_5146,12232.4208984375
00bbac68_5147,12232.38671875
00bbac68_5148,12232.3583984375
00bbac68_5149,12232.36328125
00bbac68_5150,12232.3701171875
00bbac68_5151,12232.353515625
00bbac68_5152,12232.34375
00bbac68_5153,12232.3681640625
00bbac68_5154,12232.353515625
00bbac68_5155,12232.349609375
00bbac68_5156,12232.349609375
00bbac68_5157,12232.4091796875
00bbac68_5158,12232.3427734375
00bbac68_5159,12232.27734375
00bbac68_5160,12232.5205078125
00bbac68_5161,12232.517578125
00bbac68_5162,12232.3134765625
00bbac68_5163,12232.42578125
00bbac68_5164,12232.4755859375
00bbac68_5165,12232.4736328125
00bbac68_5166,12232.353515625
00bbac68_5167,12232.3564453125
00bbac68_5168,12232.392578125
00bbac68_5169,12232.396484375
00bbac68_5170,12232.3291015625
00bbac68_5171,12232.2841796875
00bbac68_5172,12232.33203125
00bbac68_5173,12232.37890625
00bbac68_5174,12232.4033203125
00bbac68_5175,12232.388671875
00bbac68_5176,12232.3583984375
00bbac68_5177,12232.322265625
00bbac68_5178,12232.2841796875
00bbac68_5179,12232.267578125
00bbac68_5180,12232.26953125
00bbac68_5181,12232.298828125
00bbac68_5182,12232.3310546875
00bbac68_5183,12232.27734375
00bbac68_5184,12232.185546875
00bbac68_5185,12232.17578125
00bbac68_5186,12232.21875
00bbac68_5187,12232.376953125
00bbac68_5188,12232.2158203125
00bbac68_5189,12232.123046875
00bbac68_5190,12232.2138671875
00bbac68_5191,12232.408203125
00bbac68_5192,12232.4375
00bbac68_5193,12232.3017578125
00bbac68_5194,12232.2490234375
00bbac68_5195,12232.216796875
00bbac68_5196,12232.265625
00bbac68_5197,12232.224609375
00bbac68_5198,12232.19921875
00bbac68_5199,12232.21484375
00bbac68_5200,12232.267578125
00bbac68_5201,12232.2734375
00bbac68_5202,12232.23828125
00bbac68_5203,12232.25
00bbac68_5204,12232.2880859375
00bbac68_5205,12232.259765625
00bbac68_5206,12232.169921875
00bbac68_5207,12232.166015625
00bbac68_5208,12232.1162109375
00bbac68_5209,12232.0166015625
00bbac68_5210,12232.02734375
00bbac68_5211,12232.1572265625
00bbac68_5212,12232.1318359375
00bbac68_5213,12231.9912109375
00bbac68_5214,12232.064453125
00bbac68_5215,12232.146484375
00bbac68_5216,12232.1572265625
00bbac68_5217,12232.1494140625
00bbac68_5218,12232.244140625
00bbac68_5219,12232.302734375
00bbac68_5220,12232.322265625
00bbac68_5221,12232.3359375
00bbac68_5222,12232.2666015625
00bbac68_5223,12232.23046875
00bbac68_5224,12232.2412109375
00bbac68_5225,12232.1962890625
00bbac68_5226,12232.1806640625
00bbac68_5227,12232.185546875
00bbac68_5228,12232.189453125
00bbac68_5229,12232.1669921875
00bbac68_5230,12232.1474609375
00bbac68_5231,12232.1220703125
00bbac68_5232,12232.09765625
00bbac68_5233,12232.048828125
00bbac68_5234,12232.0556640625
00bbac68_5235,12232.1396484375
00bbac68_5236,12232.130859375
00bbac68_5237,12232.1572265625
00bbac68_5238,12232.1640625
00bbac68_5239,12232.16796875
00bbac68_5240,12232.2236328125
00bbac68_5241,12232.283203125
00bbac68_5242,12232.205078125
00bbac68_5243,12232.08984375
00bbac68_5244,12232.048828125
00bbac68_5245,12232.072265625
00bbac68_5246,12232.0810546875
00bbac68_5247,12232.0771484375
00bbac68_5248,12232.1259765625
00bbac68_5249,12232.28125
00bbac68_5250,12232.51171875
00bbac68_5251,12232.5263671875
00bbac68_5252,12232.5380859375
00bbac68_5253,12232.5439453125
00bbac68_5254,12232.53125
00bbac68_5255,12232.4189453125
00bbac68_5256,12232.349609375
00bbac68_5257,12232.341796875
00bbac68_5258,12232.2880859375
00bbac68_5259,12232.267578125
00bbac68_5260,12232.220703125
00bbac68_5261,12232.2353515625
00bbac68_5262,12232.2265625
00bbac68_5263,12232.205078125
00bbac68_5264,12232.2041015625
00bbac68_5265,12232.15234375
00bbac68_5266,12232.0947265625
00bbac68_5267,12232.025390625
00bbac68_5268,12232.00390625
00bbac68_5269,12231.9423828125
00bbac68_5270,12231.8984375
00bbac68_5271,12231.794921875
00bbac68_5272,12231.806640625
00bbac68_5273,12231.8662109375
00bbac68_5274,12231.9013671875
00bbac68_5275,12231.8798828125
00bbac68_5276,12231.8486328125
00bbac68_5277,12231.8203125
00bbac68_5278,12231.87109375
00bbac68_5279,12231.8623046875
00bbac68_5280,12231.8427734375
00bbac68_5281,12231.802734375
00bbac68_5282,12231.7568359375
00bbac68_5283,12231.7265625
00bbac68_5284,12231.6923828125
00bbac68_5285,12231.7080078125
00bbac68_5286,12231.6640625
00bbac68_5287,12231.6904296875
00bbac68_5288,12231.7373046875
00bbac68_5289,12231.7578125
00bbac68_5290,12231.748046875
00bbac68_5291,12231.7119140625
00bbac68_5292,12231.7216796875
00bbac68_5293,12231.6875
00bbac68_5294,12231.677734375
00bbac68_5295,12231.6923828125
00bbac68_5296,12231.7578125
00bbac68_5297,12231.7734375
00bbac68_5298,12231.779296875
00bbac68_5299,12231.8056640625
00bbac68_5300,12231.814453125
00bbac68_5301,12231.75
00bbac68_5302,12231.74609375
00bbac68_5303,12231.7548828125
00bbac68_5304,12231.8203125
00bbac68_5305,12231.8125
00bbac68_5306,12231.810546875
00bbac68_5307,12231.7978515625
00bbac68_5308,12231.78125
00bbac68_5309,12231.76171875
00bbac68_5310,12231.7724609375
00bbac68_5311,12231.7763671875
00bbac68_5312,12231.779296875
00bbac68_5313,12231.7978515625
00bbac68_5314,12231.7353515625
00bbac68_5315,12231.73046875
00bbac68_5316,12231.73828125
00bbac68_5317,12231.73046875
00bbac68_5318,12231.720703125
00bbac68_5319,12231.73828125
00bbac68_5320,12231.720703125
00bbac68_5321,12231.708984375
00bbac68_5322,12231.7275390625
00bbac68_5323,12231.7314453125
00bbac68_5324,12231.794921875
00bbac68_5325,12231.6943359375
00bbac68_5326,12231.763671875
00bbac68_5327,12231.7841796875
00bbac68_5328,12231.83984375
00bbac68_5329,12231.87890625
00bbac68_5330,12231.826171875
00bbac68_5331,12231.845703125
00bbac68_5332,12231.91015625
00bbac68_5333,12231.880859375
00bbac68_5334,12231.869140625
00bbac68_5335,12231.8486328125
00bbac68_5336,12231.8525390625
00bbac68_5337,12231.857421875
00bbac68_5338,12231.8759765625
00bbac68_5339,12231.8818359375
00bbac68_5340,12231.84375
00bbac68_5341,12231.8388671875
00bbac68_5342,12231.8291015625
00bbac68_5343,12231.8203125
00bbac68_5344,12231.806640625
00bbac68_5345,12231.828125
00bbac68_5346,12231.857421875
00bbac68_5347,12231.80078125
00bbac68_5348,12231.802734375
00bbac68_5349,12231.830078125
00bbac68_5350,12231.8115234375
00bbac68_5351,12231.7958984375
00bbac68_5352,12231.80078125
00bbac68_5353,12231.77734375
00bbac68_5354,12231.875
00bbac68_5355,12231.966796875
00bbac68_5356,12231.9697265625
00bbac68_5357,12231.9267578125
00bbac68_5358,12231.8955078125
00bbac68_5359,12231.86328125
00bbac68_5360,12231.876953125
00bbac68_5361,12231.8466796875
00bbac68_5362,12231.85546875
00bbac68_5363,12231.865234375
00bbac68_5364,12231.873046875
00bbac68_5365,12231.8359375
00bbac68_5366,12231.845703125
00bbac68_5367,12231.876953125
00bbac68_5368,12231.8779296875
00bbac68_5369,12231.896484375
00bbac68_5370,12231.8955078125
00bbac68_5371,12231.8740234375
00bbac68_5372,12231.8759765625
00bbac68_5373,12231.9033203125
00bbac68_5374,12231.8623046875
00bbac68_5375,12231.921875
00bbac68_5376,12231.962890625
00bbac68_5377,12231.9169921875
00bbac68_5378,12231.92578125
00bbac68_5379,12231.9375
00bbac68_5380,12231.939453125
00bbac68_5381,12231.93359375
00bbac68_5382,12231.9326171875
00bbac68_5383,12231.9228515625
00bbac68_5384,12231.919921875
00bbac68_5385,12231.9423828125
00bbac68_5386,12231.9599609375
00bbac68_5387,12231.9365234375
00bbac68_5388,12231.8798828125
00bbac68_5389,12231.8505859375
00bbac68_5390,12231.83984375
00bbac68_5391,12231.828125
00bbac68_5392,12231.806640625
00bbac68_5393,12231.7880859375
00bbac68_5394,12231.80078125
00bbac68_5395,12231.7744140625
00bbac68_5396,12231.8017578125
00bbac68_5397,12231.779296875
00bbac68_5398,12231.771484375
00bbac68_5399,12231.7392578125
00bbac68_5400,12231.716796875
00bbac68_5401,12231.7041015625
00bbac68_5402,12231.705078125
00bbac68_5403,12231.6416015625
00bbac68_5404,12231.6650390625
00bbac68_5405,12231.62109375
00bbac68_5406,12231.6591796875
00bbac68_5407,12231.609375
00bbac68_5408,12231.623046875
00bbac68_5409,12231.58203125
00bbac68_5410,12231.568359375
00bbac68_5411,12231.6142578125
00bbac68_5412,12231.552734375
00bbac68_5413,12231.52734375
00bbac68_5414,12231.4560546875
00bbac68_5415,12231.3974609375
00bbac68_5416,12231.42578125
00bbac68_5417,12231.30859375
00bbac68_5418,12231.2861328125
00bbac68_5419,12231.2802734375
00bbac68_5420,12231.2607421875
00bbac68_5421,12231.24609375
00bbac68_5422,12231.1953125
00bbac68_5423,12231.21875
00bbac68_5424,12231.1455078125
00bbac68_5425,12231.1142578125
00bbac68_5426,12231.0439453125
00bbac68_5427,12231.021484375
00bbac68_5428,12231.0498046875
00bbac68_5429,12230.998046875
00bbac68_5430,12230.99609375
00bbac68_5431,12231.0166015625
00bbac68_5432,12230.921875
00bbac68_5433,12230.982421875
00bbac68_5434,12231.005859375
00bbac68_5435,12230.9150390625
00bbac68_5436,12230.9443359375
00bbac68_5437,12230.8623046875
00bbac68_5438,12230.9326171875
00bbac68_5439,12230.9091796875
00bbac68_5440,12230.939453125
00bbac68_5441,12230.986328125
00bbac68_5442,12230.9755859375
00bbac68_5443,12230.9599609375
00bbac68_5444,12230.90234375
00bbac68_5445,12230.869140625
00bbac68_5446,12230.9091796875
00bbac68_5447,12230.8896484375
00bbac68_5448,12230.884765625
00bbac68_5449,12230.904296875
00bbac68_5450,12230.8271484375
00bbac68_5451,12230.8017578125
00bbac68_5452,12230.7607421875
00bbac68_5453,12230.767578125
00bbac68_5454,12230.779296875
00bbac68_5455,12230.697265625
00bbac68_5456,12230.6513671875
00bbac68_5457,12230.6357421875
00bbac68_5458,12230.6884765625
00bbac68_5459,12230.6748046875
00bbac68_5460,12230.6259765625
00bbac68_5461,12230.583984375
00bbac68_5462,12230.5029296875
00bbac68_5463,12230.486328125
00bbac68_5464,12230.4443359375
00bbac68_5465,12230.3994140625
00bbac68_5466,12230.3212890625
00bbac68_5467,12230.298828125
00bbac68_5468,12230.2802734375
00bbac68_5469,12230.271484375
00bbac68_5470,12230.2021484375
00bbac68_5471,12230.1123046875
00bbac68_5472,12230.0048828125
00bbac68_5473,12229.9365234375
00bbac68_5474,12229.951171875
00bbac68_5475,12229.8974609375
00bbac68_5476,12229.8603515625
00bbac68_5477,12229.8095703125
00bbac68_5478,12229.6875
00bbac68_5479,12229.599609375
00bbac68_5480,12229.4326171875
00bbac68_5481,12229.2998046875
00bbac68_5482,12229.2509765625
00bbac68_5483,12229.08984375
00bbac68_5484,12228.9482421875
00bbac68_5485,12228.791015625
00bbac68_5486,12228.66015625
00bbac68_5487,12228.525390625
00bbac68_5488,12228.4951171875
00bbac68_5489,12228.470703125
00bbac68_5490,12228.37890625
00bbac68_5491,12228.3037109375
00bbac68_5492,12228.2763671875
00bbac68_5493,12228.20703125
00bbac68_5494,12228.1962890625
00bbac68_5495,12228.11328125
00bbac68_5496,12228.060546875
00bbac68_5497,12228.015625
00bbac68_5498,12227.978515625
00bbac68_5499,12227.955078125
00bbac68_5500,12227.9189453125
00bbac68_5501,12227.8984375
00bbac68_5502,12227.8935546875
00bbac68_5503,12227.84375
00bbac68_5504,12227.859375
00bbac68_5505,12228.0732421875
00bbac68_5506,12228.078125
00bbac68_5507,12228.1005859375
00bbac68_5508,12228.0966796875
00bbac68_5509,12228.0546875
00bbac68_5510,12227.9462890625
00bbac68_5511,12227.8740234375
00bbac68_5512,12227.783203125
00bbac68_5513,12227.7587890625
00bbac68_5514,12227.78515625
00bbac68_5515,12227.748046875
00bbac68_5516,12227.69140625
00bbac68_5517,12227.7548828125
00bbac68_5518,12227.8642578125
00bbac68_5519,12227.88671875
00bbac68_5520,12227.9951171875
00bbac68_5521,12228.0810546875
00bbac68_5522,12228.0595703125
00bbac68_5523,12228.046875
00bbac68_5524,12227.9677734375
00bbac68_5525,12227.98046875
00bbac68_5526,12227.9296875
00bbac68_5527,12227.943359375
00bbac68_5528,12227.9228515625
00bbac68_5529,12227.830078125
00bbac68_5530,12227.814453125
00bbac68_5531,12227.72265625
00bbac68_5532,12227.6953125
00bbac68_5533,12227.6748046875
00bbac68_5534,12227.5751953125
00bbac68_5535,12227.5751953125
00bbac68_5536,12227.5595703125
00bbac68_5537,12227.5419921875
00bbac68_5538,12227.541015625
00bbac68_5539,12227.5234375
00bbac68_5540,12227.4638671875
00bbac68_5541,12227.4814453125
00bbac68_5542,12227.46875
00bbac68_5543,12227.4560546875
00bbac68_5544,12227.44921875
00bbac68_5545,12227.4345703125
00bbac68_5546,12227.4296875
00bbac68_5547,12227.435546875
00bbac68_5548,12227.4033203125
00bbac68_5549,12227.35546875
00bbac68_5550,12227.255859375
00bbac68_5551,12227.203125
00bbac68_5552,12227.1640625
00bbac68_5553,12227.125
00bbac68_5554,12227.0947265625
00bbac68_5555,12227.01171875
00bbac68_5556,12227.009765625
00bbac68_5557,12226.9736328125
00bbac68_5558,12226.9755859375
00bbac68_5559,12226.9443359375
00bbac68_5560,12226.9453125
00bbac68_5561,12226.904296875
00bbac68_5562,12226.859375
00bbac68_5563,12226.85546875
00bbac68_5564,12226.8232421875
00bbac68_5565,12226.7978515625
00bbac68_5566,12226.740234375
00bbac68_5567,12226.5341796875
00bbac68_5568,12226.4404296875
00bbac68_5569,12226.453125
00bbac68_5570,12226.4287109375
00bbac68_5571,12226.404296875
00bbac68_5572,12226.31640625
00bbac68_5573,12226.21875
00bbac68_5574,12226.2265625
00bbac68_5575,12226.1630859375
00bbac68_5576,12226.119140625
00bbac68_5577,12225.9775390625
00bbac68_5578,12225.876953125
00bbac68_5579,12225.7978515625
00bbac68_5580,12225.7548828125
00bbac68_5581,12225.712890625
00bbac68_5582,12225.705078125
00bbac68_5583,12225.6708984375
00bbac68_5584,12225.65234375
00bbac68_5585,12225.6435546875
00bbac68_5586,12225.6005859375
00bbac68_5587,12225.6318359375
00bbac68_5588,12225.66796875
00bbac68_5589,12225.7060546875
00bbac68_5590,12225.7109375
00bbac68_5591,12225.578125
00bbac68_5592,12225.607421875
00bbac68_5593,12225.5693359375
00bbac68_5594,12225.5751953125
00bbac68_5595,12225.5244140625
00bbac68_5596,12225.4833984375
00bbac68_5597,12225.4775390625
00bbac68_5598,12225.4619140625
00bbac68_5599,12225.40625
00bbac68_5600,12225.40625
00bbac68_5601,12225.64453125
00bbac68_5602,12225.63671875
00bbac68_5603,12225.5791015625
00bbac68_5604,12225.5546875
00bbac68_5605,12225.4150390625
00bbac68_5606,12225.3798828125
00bbac68_5607,12225.458984375
00bbac68_5608,12225.4287109375
00bbac68_5609,12225.1669921875
00bbac68_5610,12225.072265625
00bbac68_5611,12225.1083984375
00bbac68_5612,12225.0498046875
00bbac68_5613,12225.064453125
00bbac68_5614,12225.04296875
00bbac68_5615,12224.9580078125
00bbac68_5616,12224.8935546875
00bbac68_5617,12224.919921875
00bbac68_5618,12224.8037109375
00bbac68_5619,12224.8125
00bbac68_5620,12224.7939453125
00bbac68_5621,12224.73046875
00bbac68_5622,12224.6435546875
00bbac68_5623,12224.5048828125
00bbac68_5624,12224.58984375
00bbac68_5625,12224.4228515625
00bbac68_5626,12224.34375
00bbac68_5627,12224.3837890625
00bbac68_5628,12224.361328125
00bbac68_5629,12224.3203125
00bbac68_5630,12224.08203125
00bbac68_5631,12224.0791015625
00bbac68_5632,12223.978515625
00bbac68_5633,12224.017578125
00bbac68_5634,12224.06640625
00bbac68_5635,12224.2109375
00bbac68_5636,12224.044921875
00bbac68_5637,12223.85546875
00bbac68_5638,12223.779296875
00bbac68_5639,12223.865234375
00bbac68_5640,12223.5712890625
00bbac68_5641,12223.3662109375
00bbac68_5642,12223.3603515625
00bbac68_5643,12223.353515625
00bbac68_5644,12223.275390625
00bbac68_5645,12223.279296875
00bbac68_5646,12223.234375
00bbac68_5647,12223.1806640625
00bbac68_5648,12223.150390625
00bbac68_5649,12223.0986328125
00bbac68_5650,12223.0478515625
00bbac68_5651,12222.939453125
00bbac68_5652,12222.91015625
00bbac68_5653,12222.9580078125
00bbac68_5654,12222.865234375
00bbac68_5655,12222.8759765625
00bbac68_5656,12222.9931640625
00bbac68_5657,12223.0
00bbac68_5658,12222.9658203125
00bbac68_5659,12222.9189453125
00bbac68_5660,12222.861328125
00bbac68_5661,12222.8369140625
00bbac68_5662,12222.6767578125
00bbac68_5663,12222.24609375
00bbac68_5664,12222.0234375
00bbac68_5665,12221.8798828125
00bbac68_5666,12221.8095703125
00bbac68_5667,12221.5361328125
00bbac68_5668,12221.45703125
00bbac68_5669,12221.2744140625
00bbac68_5670,12220.853515625
00bbac68_5671,12220.5478515625
00bbac68_5672,12220.44921875
00bbac68_5673,12220.3671875
00bbac68_5674,12220.341796875
00bbac68_5675,12220.1416015625
00bbac68_5676,12220.0390625
00bbac68_5677,12219.94921875
00bbac68_5678,12219.9228515625
00bbac68_5679,12219.77734375
00bbac68_5680,12219.7783203125
00bbac68_5681,12219.7099609375
00bbac68_5682,12219.662109375
00bbac68_5683,12219.849609375
00bbac68_5684,12219.736328125
00bbac68_5685,12219.7587890625
00bbac68_5686,12219.66015625
00bbac68_5687,12219.5224609375
00bbac68_5688,12219.515625
00bbac68_5689,12219.5244140625
00bbac68_5690,12219.53125
00bbac68_5691,12219.5517578125
00bbac68_5692,12219.2724609375
00bbac68_5693,12219.2900390625
00bbac68_5694,12219.3759765625
00bbac68_5695,12219.3603515625
00bbac68_5696,12219.3173828125
00bbac68_5697,12219.2529296875
00bbac68_5698,12219.181640625
00bbac68_5699,12219.1669921875
00bbac68_5700,12219.2001953125
00bbac68_5701,12219.2470703125
00bbac68_5702,12219.2138671875
00bbac68_5703,12219.23046875
00bbac68_5704,12219.236328125
00bbac68_5705,12219.208984375
00bbac68_5706,12218.9462890625
00bbac68_5707,12218.861328125
00bbac68_5708,12218.7158203125
00bbac68_5709,12218.6318359375
00bbac68_5710,12218.5888671875
00bbac68_5711,12218.6533203125
00bbac68_5712,12218.9169921875
00bbac68_5713,12218.666015625
00bbac68_5714,12218.455078125
00bbac68_5715,12218.40234375
00bbac68_5716,12218.3828125
00bbac68_5717,12218.3564453125
00bbac68_5718,12218.3994140625
00bbac68_5719,12218.359375
00bbac68_5720,12218.2587890625
00bbac68_5721,12218.2548828125
00bbac68_5722,12218.2265625
00bbac68_5723,12218.248046875
00bbac68_5724,12218.171875
00bbac68_5725,12218.1474609375
00bbac68_5726,12218.056640625
00bbac68_5727,12217.955078125
00bbac68_5728,12217.8388671875
00bbac68_5729,12217.5859375
00bbac68_5730,12217.5517578125
00bbac68_5731,12217.5
00bbac68_5732,12217.564453125
00bbac68_5733,12217.5107421875
00bbac68_5734,12217.365234375
00bbac68_5735,12217.4716796875
00bbac68_5736,12217.65625
00bbac68_5737,12217.6875
00bbac68_5738,12217.935546875
00bbac68_5739,12217.74609375
00bbac68_5740,12217.66015625
00bbac68_5741,12217.6220703125
00bbac68_5742,12217.66015625
00bbac68_5743,12217.7021484375
00bbac68_5744,12217.7021484375
00bbac68_5745,12217.8916015625
00bbac68_5746,12217.9306640625
00bbac68_5747,12217.96484375
00bbac68_5748,12217.9287109375
00bbac68_5749,12217.7958984375
00bbac68_5750,12217.541015625
00bbac68_5751,12217.4716796875
00bbac68_5752,12217.60546875
00bbac68_5753,12217.6689453125
00bbac68_5754,12217.4267578125
00bbac68_5755,12217.34375
00bbac68_5756,12217.30078125
00bbac68_5757,12217.13671875
00bbac68_5758,12217.27734375
00bbac68_5759,12217.2626953125
00bbac68_5760,12217.3798828125
00bbac68_5761,12217.419921875
00bbac68_5762,12217.2177734375
00bbac68_5763,12217.0107421875
00bbac68_5764,12217.0087890625
00bbac68_5765,12217.005859375
00bbac68_5766,12217.197265625
00bbac68_5767,12217.208984375
00bbac68_5768,12217.3388671875
00bbac68_5769,12217.4443359375
00bbac68_5770,12217.443359375
00bbac68_5771,12217.4033203125
00bbac68_5772,12217.22265625
00bbac68_5773,12217.150390625
00bbac68_5774,12217.2001953125
00bbac68_5775,12217.1728515625
00bbac68_5776,12217.1533203125
00bbac68_5777,12217.123046875
00bbac68_5778,12216.998046875
00bbac68_5779,12216.8486328125
00bbac68_5780,12216.78125
00bbac68_5781,12216.76171875
00bbac68_5782,12216.677734375
00bbac68_5783,12216.453125
00bbac68_5784,12216.322265625
00bbac68_5785,12216.2373046875
00bbac68_5786,12216.181640625
00bbac68_5787,12216.1279296875
00bbac68_5788,12215.8955078125
00bbac68_5789,12215.6982421875
00bbac68_5790,12215.5048828125
00bbac68_5791,12215.298828125
00bbac68_5792,12214.9775390625
00bbac68_5793,12214.6484375
00bbac68_5794,12214.62890625
00bbac68_5795,12214.470703125
00bbac68_5796,12214.4228515625
00bbac68_5797,12214.3369140625
00bbac68_5798,12214.2353515625
00bbac68_5799,12214.2099609375
00bbac68_5800,12214.193359375
00bbac68_5801,12214.0947265625
00bbac68_5802,12214.1005859375
00bbac68_5803,12214.041015625
00bbac68_5804,12214.013671875
00bbac68_5805,12213.955078125
00bbac68_5806,12213.9677734375
00bbac68_5807,12213.78515625
00bbac68_5808,12213.6845703125
00bbac68_5809,12213.6455078125
00bbac68_5810,12213.5205078125
00bbac68_5811,12213.4453125
00bbac68_5812,12213.3818359375
00bbac68_5813,12213.30859375
00bbac68_5814,12213.4111328125
00bbac68_5815,12213.40625
00bbac68_5816,12213.3623046875
00bbac68_5817,12213.33203125
00bbac68_5818,12213.3388671875
00bbac68_5819,12213.255859375
00bbac68_5820,12213.1962890625
00bbac68_5821,12213.1884765625
00bbac68_5822,12213.1552734375
00bbac68_5823,12213.1455078125
00bbac68_5824,12213.1591796875
00bbac68_5825,12213.1201171875
00bbac68_5826,12213.0732421875
00bbac68_5827,12212.9736328125
00bbac68_5828,12212.8818359375
00bbac68_5829,12212.8720703125
00bbac68_5830,12212.888671875
00bbac68_5831,12212.8740234375
00bbac68_5832,12212.7724609375
00bbac68_5833,12212.9296875
00bbac68_5834,12213.2880859375
00bbac68_5835,12213.4716796875
00bbac68_5836,12213.15625
00bbac68_5837,12213.068359375
00bbac68_5838,12212.935546875
00bbac68_5839,12212.90234375
00bbac68_5840,12212.9296875
00bbac68_5841,12212.9423828125
00bbac68_5842,12212.845703125
00bbac68_5843,12213.080078125
00bbac68_5844,12213.0791015625
00bbac68_5845,12213.1826171875
00bbac68_5846,12213.3525390625
00bbac68_5847,12213.4013671875
00bbac68_5848,12213.3525390625
00bbac68_5849,12212.9306640625
00bbac68_5850,12212.9853515625
00bbac68_5851,12213.009765625
00bbac68_5852,12213.056640625
00bbac68_5853,12212.79296875
00bbac68_5854,12212.7060546875
00bbac68_5855,12212.7626953125
00bbac68_5856,12212.6689453125
00bbac68_5857,12212.6416015625
00bbac68_5858,12212.677734375
00bbac68_5859,12212.5439453125
00bbac68_5860,12212.552734375
00bbac68_5861,12212.4892578125
00bbac68_5862,12212.4365234375
00bbac68_5863,12212.3671875
00bbac68_5864,12212.37109375
00bbac68_5865,12212.306640625
00bbac68_5866,12212.23828125
00bbac68_5867,12212.15625
00bbac68_5868,12212.1083984375
00bbac68_5869,12212.0927734375
00bbac68_5870,12211.9404296875
00bbac68_5871,12211.9873046875
00bbac68_5872,12212.01171875
00bbac68_5873,12211.837890625
00bbac68_5874,12211.9140625
00bbac68_5875,12211.87109375
00bbac68_5876,12211.9013671875
00bbac68_5877,12212.064453125
00bbac68_5878,12212.142578125
00bbac68_5879,12212.08984375
00bbac68_5880,12212.14453125
00bbac68_5881,12211.9287109375
00bbac68_5882,12211.859375
00bbac68_5883,12211.962890625
00bbac68_5884,12211.9873046875
00bbac68_5885,12212.12109375
00bbac68_5886,12212.1787109375
00bbac68_5887,12212.259765625
00bbac68_5888,12212.208984375
00bbac68_5889,12212.111328125
00bbac68_5890,12211.9423828125
00bbac68_5891,12211.9873046875
00bbac68_5892,12212.1552734375
00bbac68_5893,12212.197265625
00bbac68_5894,12211.84765625
00bbac68_5895,12211.8046875
00bbac68_5896,12212.052734375
00bbac68_5897,12211.955078125
00bbac68_5898,12211.6982421875
00bbac68_5899,12211.4990234375
00bbac68_5900,12211.4990234375
00bbac68_5901,12211.3271484375
00bbac68_5902,12211.2958984375
00bbac68_5903,12211.2900390625
00bbac68_5904,12211.298828125
00bbac68_5905,12211.3037109375
00bbac68_5906,12211.2294921875
00bbac68_5907,12211.0107421875
00bbac68_5908,12211.01171875
00bbac68_5909,12211.033203125
00bbac68_5910,12210.8603515625
00bbac68_5911,12210.5771484375
00bbac68_5912,12210.689453125
00bbac68_5913,12210.55078125
00bbac68_5914,12210.4638671875
00bbac68_5915,12210.4755859375
00bbac68_5916,12210.4287109375
00bbac68_5917,12210.30859375
00bbac68_5918,12210.4990234375
00bbac68_5919,12210.25390625
00bbac68_5920,12210.2705078125
00bbac68_5921,12210.1376953125
00bbac68_5922,12210.2060546875
00bbac68_5923,12210.384765625
00bbac68_5924,12210.0224609375
00bbac68_5925,12209.8427734375
00bbac68_5926,12209.748046875
00bbac68_5927,12209.876953125
00bbac68_5928,12209.8291015625
00bbac68_5929,12209.8974609375
00bbac68_5930,12209.6982421875
00bbac68_5931,12209.775390625
00bbac68_5932,12209.7236328125
00bbac68_5933,12209.6904296875
00bbac68_5934,12209.6787109375
00bbac68_5935,12209.658203125
00bbac68_5936,12209.6328125
00bbac68_5937,12209.65234375
00bbac68_5938,12209.55078125
00bbac68_5939,12209.5673828125
00bbac68_5940,12209.6767578125
00bbac68_5941,12209.54296875
00bbac68_5942,12209.5791015625
00bbac68_5943,12209.5791015625
00bbac68_5944,12209.3935546875
00bbac68_5945,12209.2490234375
00bbac68_5946,12209.3134765625
00bbac68_5947,12209.275390625
00bbac68_5948,12209.287109375
00bbac68_5949,12209.2451171875
00bbac68_5950,12209.2109375
00bbac68_5951,12209.2080078125
00bbac68_5952,12209.1298828125
00bbac68_5953,12209.1611328125
00bbac68_5954,12209.130859375
00bbac68_5955,12209.00390625
00bbac68_5956,12208.98046875
00bbac68_5957,12208.9482421875
00bbac68_5958,12208.984375
00bbac68_5959,12208.9306640625
00bbac68_5960,12208.9169921875
00bbac68_5961,12208.8408203125
00bbac68_5962,12209.1044921875
00bbac68_5963,12209.13671875
00bbac68_5964,12209.033203125
00bbac68_5965,12209.033203125
00bbac68_5966,12209.0087890625
00bbac68_5967,12209.0751953125
00bbac68_5968,12209.5966796875
00bbac68_5969,12209.248046875
00bbac68_5970,12209.21484375
00bbac68_5971,12209.345703125
00bbac68_5972,12209.1796875
00bbac68_5973,12209.11328125
00bbac68_5974,12209.130859375
00bbac68_5975,12209.21484375
00bbac68_5976,12209.083984375
00bbac68_5977,12208.896484375
00bbac68_5978,12208.8828125
00bbac68_5979,12208.8798828125
00bbac68_5980,12208.818359375
00bbac68_5981,12208.6728515625
00bbac68_5982,12208.654296875
00bbac68_5983,12208.6201171875
00bbac68_5984,12208.607421875
00bbac68_5985,12208.6240234375
00bbac68_5986,12208.599609375
00bbac68_5987,12208.5517578125
00bbac68_5988,12208.595703125
00bbac68_5989,12208.4873046875
00bbac68_5990,12208.421875
00bbac68_5991,12208.439453125
00bbac68_5992,12208.4814453125
00bbac68_5993,12208.4208984375
00bbac68_5994,12208.451171875
00bbac68_5995,12208.443359375
00bbac68_5996,12208.4521484375
00bbac68_5997,12208.33984375
00bbac68_5998,12208.2509765625
00bbac68_5999,12208.2294921875
00bbac68_6000,12208.5361328125
00bbac68_6001,12208.5732421875
00bbac68_6002,12208.5830078125
00bbac68_6003,12208.5068359375
00bbac68_6004,12208.5078125
00bbac68_6005,12208.3974609375
00bbac68_6006,12208.435546875
00bbac68_6007,12208.4365234375
00bbac68_6008,12208.3984375
00bbac68_6009,12208.462890625
00bbac68_6010,12208.40234375
00bbac68_6011,12208.3603515625
00bbac68_6012,12208.3837890625
00bbac68_6013,12208.3330078125
00bbac68_6014,12208.2978515625
00bbac68_6015,12208.357421875
00bbac68_6016,12208.3046875
00bbac68_6017,12208.2529296875
00bbac68_6018,12208.2421875
00bbac68_6019,12208.2529296875
00bbac68_6020,12208.17578125
00bbac68_6021,12208.318359375
00bbac68_6022,12208.423828125
00bbac68_6023,12208.283203125
00bbac68_6024,12208.3603515625
00bbac68_6025,12208.2490234375
00bbac68_6026,12208.091796875
00bbac68_6027,12208.076171875
00bbac68_6028,12208.046875
00bbac68_6029,12208.099609375
00bbac68_6030,12207.919921875
00bbac68_6031,12207.96875
00bbac68_6032,12208.02734375
00bbac68_6033,12208.013671875
00bbac68_6034,12207.8154296875
00bbac68_6035,12207.8330078125
00bbac68_6036,12207.8173828125
00bbac68_6037,12207.8271484375
00bbac68_6038,12207.7587890625
00bbac68_6039,12207.7490234375
00bbac68_6040,12207.6630859375
00bbac68_6041,12207.6787109375
00bbac68_6042,12207.6513671875
00bbac68_6043,12207.5595703125
00bbac68_6044,12207.546875
00bbac68_6045,12207.541015625
00bbac68_6046,12207.42578125
00bbac68_6047,12207.3779296875
00bbac68_6048,12207.357421875
00bbac68_6049,12207.416015625
00bbac68_6050,12207.4189453125
00bbac68_6051,12207.4462890625
00bbac68_6052,12207.42578125
00bbac68_6053,12207.3525390625
00bbac68_6054,12207.30078125
00bbac68_6055,12207.3037109375
00bbac68_6056,12207.265625
00bbac68_6057,12207.173828125
00bbac68_6058,12207.244140625
00bbac68_6059,12207.3427734375
00bbac68_6060,12207.61328125
00bbac68_6061,12207.5390625
00bbac68_6062,12207.5859375
00bbac68_6063,12207.65234375
00bbac68_6064,12207.3564453125
00bbac68_6065,12207.3798828125
00bbac68_6066,12207.1982421875
00bbac68_6067,12207.26953125
00bbac68_6068,12207.3134765625
00bbac68_6069,12207.2421875
00bbac68_6070,12207.2451171875
00bbac68_6071,12207.1826171875
00bbac68_6072,12207.2109375
00bbac68_6073,12207.1591796875
00bbac68_6074,12207.0703125
00bbac68_6075,12207.0751953125
00bbac68_6076,12207.1630859375
00bbac68_6077,12207.0849609375
00bbac68_6078,12207.1318359375
00bbac68_6079,12207.2666015625
00bbac68_6080,12207.0341796875
00bbac68_6081,12206.8505859375
00bbac68_6082,12206.880859375
00bbac68_6083,12206.888671875
00bbac68_6084,12206.806640625
00bbac68_6085,12206.7412109375
00bbac68_6086,12206.83984375
00bbac68_6087,12207.0185546875
00bbac68_6088,12206.7783203125
00bbac68_6089,12206.791015625
00bbac68_6090,12206.724609375
00bbac68_6091,12206.7060546875
00bbac68_6092,12206.6904296875
00bbac68_6093,12206.7822265625
00bbac68_6094,12206.630859375
00bbac68_6095,12206.5986328125
00bbac68_6096,12206.6611328125
00bbac68_6097,12206.6630859375
00bbac68_6098,12206.640625
00bbac68_6099,12206.6943359375
00bbac68_6100,12206.5703125
00bbac68_6101,12206.6123046875
00bbac68_6102,12206.5625
00bbac68_6103,12206.5908203125
00bbac68_6104,12206.34765625
00bbac68_6105,12206.251953125
00bbac68_6106,12206.2470703125
00bbac68_6107,12205.978515625
00bbac68_6108,12206.1328125
00bbac68_6109,12205.9345703125
00bbac68_6110,12205.8291015625
00bbac68_6111,12205.80859375
00bbac68_6112,12205.94140625
00bbac68_6113,12205.7431640625
00bbac68_6114,12205.84765625
00bbac68_6115,12205.8173828125
00bbac68_6116,12205.634765625
00bbac68_6117,12205.615234375
00bbac68_6118,12205.8564453125
00bbac68_6119,12206.2822265625
00bbac68_6120,12206.27734375
00bbac68_6121,12206.26171875
00bbac68_6122,12206.1708984375
00bbac68_6123,12206.2998046875
00bbac68_6124,12206.283203125
00bbac68_6125,12206.208984375
00bbac68_6126,12206.3046875
00bbac68_6127,12205.9765625
00bbac68_6128,12205.9375
00bbac68_6129,12205.94921875
00bbac68_6130,12205.75390625
00bbac68_6131,12205.888671875
00bbac68_6132,12205.76953125
00bbac68_6133,12205.810546875
00bbac68_6134,12205.640625
00bbac68_6135,12205.697265625
00bbac68_6136,12205.748046875
00bbac68_6137,12205.609375
00bbac68_6138,12205.552734375
00bbac68_6139,12205.673828125
00bbac68_6140,12205.5537109375
00bbac68_6141,12205.4619140625
00bbac68_6142,12205.533203125
00bbac68_6143,12205.5
00bbac68_6144,12205.3837890625
00bbac68_6145,12205.3310546875
00bbac68_6146,12205.3701171875
00bbac68_6147,12205.3046875
00bbac68_6148,12205.33203125
00bbac68_6149,12205.279296875
00bbac68_6150,12205.115234375
00bbac68_6151,12205.080078125
00bbac68_6152,12204.7958984375
00bbac68_6153,12204.96875
00bbac68_6154,12204.9287109375
00bbac68_6155,12204.8603515625
00bbac68_6156,12204.7578125
00bbac68_6157,12204.6318359375
00bbac68_6158,12204.6142578125
00bbac68_6159,12204.6962890625
00bbac68_6160,12204.73828125
00bbac68_6161,12204.73046875
00bbac68_6162,12204.560546875
00bbac68_6163,12204.396484375
00bbac68_6164,12204.3857421875
00bbac68_6165,12204.4912109375
00bbac68_6166,12204.5009765625
00bbac68_6167,12204.236328125
00bbac68_6168,12204.1826171875
00bbac68_6169,12204.2587890625
00bbac68_6170,12204.3837890625
00bbac68_6171,12204.3720703125
00bbac68_6172,12204.236328125
00bbac68_6173,12204.2958984375
00bbac68_6174,12204.2529296875
00bbac68_6175,12204.23828125
00bbac68_6176,12204.208984375
00bbac68_6177,12204.1201171875
00bbac68_6178,12204.1103515625
00bbac68_6179,12204.1328125
00bbac68_6180,12204.2041015625
00bbac68_6181,12204.1611328125
00bbac68_6182,12204.1220703125
00bbac68_6183,12204.078125
00bbac68_6184,12204.1669921875
00bbac68_6185,12204.19140625
00bbac68_6186,12204.2353515625
00bbac68_6187,12204.3349609375
00bbac68_6188,12204.248046875
00bbac68_6189,12204.193359375
00bbac68_6190,12204.2919921875
00bbac68_6191,12204.2890625
00bbac68_6192,12204.2607421875
00bbac68_6193,12204.3046875
00bbac68_6194,12204.15625
00bbac68_6195,12204.3349609375
00bbac68_6196,12204.197265625
00bbac68_6197,12204.2255859375
00bbac68_6198,12204.2392578125
00bbac68_6199,12204.255859375
00bbac68_6200,12204.22265625
00bbac68_6201,12204.2265625
00bbac68_6202,12204.330078125
00bbac68_6203,12204.2509765625
00bbac68_6204,12204.359375
00bbac68_6205,12204.201171875
00bbac68_6206,12204.2314453125
00bbac68_6207,12204.1572265625
00bbac68_6208,12204.0439453125
00bbac68_6209,12204.013671875
00bbac68_6210,12203.884765625
00bbac68_6211,12203.9052734375
00bbac68_6212,12203.927734375
00bbac68_6213,12203.84765625
00bbac68_6214,12203.8779296875
00bbac68_6215,12203.8466796875
00bbac68_6216,12204.048828125
00bbac68_6217,12203.9755859375
00bbac68_6218,12203.8876953125
00bbac68_6219,12203.962890625
00bbac68_6220,12203.8642578125
00bbac68_6221,12203.78515625
00bbac68_6222,12203.8642578125
00bbac68_6223,12203.7578125
00bbac68_6224,12203.787109375
00bbac68_6225,12203.73046875
00bbac68_6226,12203.7822265625
00bbac68_6227,12203.755859375
00bbac68_6228,12203.7578125
00bbac68_6229,12203.6865234375
00bbac68_6230,12203.66015625
00bbac68_6231,12203.6669921875
00bbac68_6232,12203.7822265625
00bbac68_6233,12203.6201171875
00bbac68_6234,12203.6181640625
00bbac68_6235,12203.7060546875
00bbac68_6236,12203.5283203125
00bbac68_6237,12203.5927734375
00bbac68_6238,12203.6181640625
00bbac68_6239,12203.556640625
00bbac68_6240,12203.51953125
00bbac68_6241,12203.486328125
00bbac68_6242,12203.5234375
00bbac68_6243,12203.45703125
00bbac68_6244,12203.74609375
00bbac68_6245,12203.7333984375
00bbac68_6246,12203.6123046875
00bbac68_6247,12203.6611328125
00bbac68_6248,12203.62109375
00bbac68_6249,12203.580078125
00bbac68_6250,12203.6650390625
00bbac68_6251,12203.58984375
00bbac68_6252,12203.65625
00bbac68_6253,12203.6259765625
00bbac68_6254,12203.6416015625
00bbac68_6255,12203.5068359375
00bbac68_6256,12203.541015625
00bbac68_6257,12203.6123046875
00bbac68_6258,12203.5712890625
00bbac68_6259,12203.5634765625
00bbac68_6260,12203.6181640625
00bbac68_6261,12203.541015625
00bbac68_6262,12203.83984375
00bbac68_6263,12203.80859375
00bbac68_6264,12203.8076171875
00bbac68_6265,12203.8212890625
00bbac68_6266,12203.80078125
00bbac68_6267,12203.7724609375
00bbac68_6268,12203.865234375
00bbac68_6269,12203.80859375
00bbac68_6270,12203.7412109375
00bbac68_6271,12203.798828125
00bbac68_6272,12203.84765625
00bbac68_6273,12203.814453125
00bbac68_6274,12203.833984375
00bbac68_6275,12203.853515625
00bbac68_6276,12203.8701171875
00bbac68_6277,12203.794921875
00bbac68_6278,12203.833984375
00bbac68_6279,12203.8486328125
00bbac68_6280,12203.8740234375
00bbac68_6281,12203.876953125
00bbac68_6282,12203.8935546875
00bbac68_6283,12203.9140625
00bbac68_6284,12203.79296875
00bbac68_6285,12203.857421875
00bbac68_6286,12203.7607421875
00bbac68_6287,12203.7578125
00bbac68_6288,12203.703125
00bbac68_6289,12203.77734375
00bbac68_6290,12203.7861328125
00bbac68_6291,12203.662109375
00bbac68_6292,12203.625
00bbac68_6293,12203.5966796875
00bbac68_6294,12203.60546875
00bbac68_6295,12203.58984375
00bbac68_6296,12203.6533203125
00bbac68_6297,12203.6875
00bbac68_6298,12203.615234375
00bbac68_6299,12203.5341796875
00bbac68_6300,12203.4599609375
00bbac68_6301,12203.443359375
00bbac68_6302,12203.5146484375
00bbac68_6303,12203.529296875
00bbac68_6304,12203.5390625
00bbac68_6305,12203.5322265625
00bbac68_6306,12203.544921875
00bbac68_6307,12203.513671875
00bbac68_6308,12203.4326171875
00bbac68_6309,12203.3681640625
00bbac68_6310,12203.3232421875
00bbac68_6311,12203.330078125
00bbac68_6312,12203.4052734375
00bbac68_6313,12203.365234375
00bbac68_6314,12203.4521484375
00bbac68_6315,12203.4091796875
00bbac68_6316,12203.33984375
00bbac68_6317,12203.3544921875
00bbac68_6318,12203.4013671875
00bbac68_6319,12203.322265625
00bbac68_6320,12203.3427734375
00bbac68_6321,12203.3369140625
00bbac68_6322,12203.26953125
00bbac68_6323,12203.3330078125
00bbac68_6324,12203.3203125
00bbac68_6325,12203.423828125
00bbac68_6326,12203.3779296875
00bbac68_6327,12203.4443359375
00bbac68_6328,12203.3876953125
00bbac68_6329,12203.4287109375
00bbac68_6330,12203.3759765625
00bbac68_6331,12203.4248046875
00bbac68_6332,12203.4189453125
00bbac68_6333,12203.373046875
00bbac68_6334,12203.3203125
00bbac68_6335,12203.30078125
00bbac68_6336,12203.24609375
00bbac68_6337,12203.2294921875
00bbac68_6338,12203.2568359375
00bbac68_6339,12203.2138671875
00bbac68_6340,12203.2021484375
00bbac68_6341,12203.216796875
00bbac68_6342,12203.3876953125
00bbac68_6343,12203.4912109375
00bbac68_6344,12203.4755859375
00bbac68_6345,12203.4287109375
00bbac68_6346,12203.4296875
00bbac68_6347,12203.3427734375
00bbac68_6348,12203.2802734375
00bbac68_6349,12203.3466796875
00bbac68_6350,12203.2890625
00bbac68_6351,12203.287109375
00bbac68_6352,12203.39453125
00bbac68_6353,12203.388671875
00bbac68_6354,12203.466796875
00bbac68_6355,12203.4052734375
00bbac68_6356,12203.359375
00bbac68_6357,12203.541015625
00bbac68_6358,12203.5029296875
00bbac68_6359,12203.4716796875
00bbac68_6360,12203.51171875
00bbac68_6361,12203.498046875
00bbac68_6362,12203.455078125
00bbac68_6363,12203.3876953125
00bbac68_6364,12203.4169921875
00bbac68_6365,12203.494140625
00bbac68_6366,12203.904296875
00bbac68_6367,12203.853515625
00bbac68_6368,12203.8544921875
00bbac68_6369,12203.853515625
00bbac68_6370,12203.8564453125
00bbac68_6371,12203.8662109375
00bbac68_6372,12203.90234375
00bbac68_6373,12203.9755859375
00bbac68_6374,12204.6298828125
00bbac68_6375,12204.9716796875
00bbac68_6376,12203.9501953125
00bbac68_6377,12203.943359375
00bbac68_6378,12203.876953125
00bbac68_6379,12203.884765625
00bbac68_6380,12203.97265625
00bbac68_6381,12203.923828125
00bbac68_6382,12203.8232421875
00bbac68_6383,12203.8916015625
00bbac68_6384,12203.89453125
00bbac68_6385,12203.875
00bbac68_6386,12203.8125
00bbac68_6387,12203.853515625
00bbac68_6388,12203.72265625
00bbac68_6389,12203.751953125
00bbac68_6390,12203.83984375
00bbac68_6391,12203.798828125
00bbac68_6392,12203.8828125
00bbac68_6393,12203.876953125
00bbac68_6394,12203.85546875
00bbac68_6395,12203.7275390625
00bbac68_6396,12203.880859375
00bbac68_6397,12203.818359375
00bbac68_6398,12203.8212890625
00bbac68_6399,12203.8798828125
00bbac68_6400,12203.8857421875
00bbac68_6401,12203.8125
00bbac68_6402,12203.8857421875
00bbac68_6403,12203.900390625
00bbac68_6404,12203.9462890625
00bbac68_6405,12203.865234375
00bbac68_6406,12203.7900390625
00bbac68_6407,12203.83203125
00bbac68_6408,12203.8154296875
00bbac68_6409,12203.7890625
00bbac68_6410,12203.6845703125
00bbac68_6411,12203.6328125
00bbac68_6412,12203.7021484375
00bbac68_6413,12203.69921875
00bbac68_6414,12203.71484375
00bbac68_6415,12203.6904296875
00bbac68_6416,12203.6982421875
00bbac68_6417,12203.72265625
00bbac68_6418,12204.2919921875
00bbac68_6419,12204.345703125
00bbac68_6420,12204.4599609375
00bbac68_6421,12203.9833984375
00bbac68_6422,12203.9326171875
00bbac68_6423,12203.845703125
00bbac68_6424,12203.7861328125
00bbac68_6425,12203.802734375
00bbac68_6426,12203.875
00bbac68_6427,12203.755859375
00bbac68_6428,12203.7529296875
00bbac68_6429,12203.7099609375
00bbac68_6430,12203.75
00bbac68_6431,12203.728515625
00bbac68_6432,12203.755859375
00bbac68_6433,12203.5673828125
00bbac68_6434,12203.7568359375
00bbac68_6435,12203.8056640625
00bbac68_6436,12203.974609375
00bbac68_6437,12203.85546875
00bbac68_6438,12203.951171875
00bbac68_6439,12203.9326171875
00bbac68_6440,12203.8359375
00bbac68_6441,12203.8046875
00bbac68_6442,12203.9794921875
00bbac68_6443,12203.8505859375
00bbac68_6444,12203.8623046875
00bbac68_6445,12203.8408203125
00bbac68_6446,12203.8427734375
00bbac68_6447,12203.77734375
00bbac68_6448,12203.7744140625
00bbac68_6449,12203.85546875
00bbac68_6450,12204.1865234375
00bbac68_6451,12203.8388671875
00bbac68_6452,12203.7548828125
00bbac68_6453,12203.7724609375
00bbac68_6454,12204.2734375
00bbac68_6455,12203.783203125
00bbac68_6456,12203.7001953125
00bbac68_6457,12204.1474609375
00bbac68_6458,12203.6787109375
00bbac68_6459,12203.7177734375
00bbac68_6460,12203.7587890625
00bbac68_6461,12203.791015625
00bbac68_6462,12203.78515625
00bbac68_6463,12203.771484375
00bbac68_6464,12203.73828125
00bbac68_6465,12203.703125
00bbac68_6466,12203.826171875
00bbac68_6467,12203.705078125
00bbac68_6468,12203.7236328125
00bbac68_6469,12203.7626953125
00bbac68_6470,12203.7578125
00bbac68_6471,12203.69140625
00bbac68_6472,12203.552734375
00bbac68_6473,12203.5576171875
00bbac68_6474,12203.611328125
00bbac68_6475,12203.6220703125
00bbac68_6476,12203.546875
00bbac68_6477,12203.6025390625
00bbac68_6478,12203.5205078125
00bbac68_6479,12203.5146484375
00bbac68_6480,12203.4765625
00bbac68_6481,12203.490234375
00bbac68_6482,12203.490234375
00bbac68_6483,12203.45703125
00bbac68_6484,12203.61328125
00bbac68_6485,12203.435546875
00bbac68_6486,12203.5048828125
00bbac68_6487,12203.5654296875
00bbac68_6488,12203.634765625
00bbac68_6489,12203.55078125
00bbac68_6490,12203.47265625
00bbac68_6491,12203.4619140625
00bbac68_6492,12203.884765625
00bbac68_6493,12203.9013671875
00bbac68_6494,12203.951171875
00bbac68_6495,12204.0107421875
00bbac68_6496,12204.005859375
00bbac68_6497,12203.8466796875
00bbac68_6498,12203.927734375
00bbac68_6499,12203.9443359375
00bbac68_6500,12204.00390625
00bbac68_6501,12203.923828125
00bbac68_6502,12204.021484375
00bbac68_6503,12203.94140625
00bbac68_6504,12203.8701171875
00bbac68_6505,12204.0390625
00bbac68_6506,12203.95703125
00bbac68_6507,12203.8212890625
00bbac68_6508,12203.8740234375
00bbac68_6509,12203.8369140625
00bbac68_6510,12203.8369140625
00bbac68_6511,12203.884765625
00bbac68_6512,12203.8310546875
00bbac68_6513,12203.8388671875
00bbac68_6514,12203.9560546875
00bbac68_6515,12203.8896484375
00bbac68_6516,12203.896484375
00bbac68_6517,12203.8779296875
00bbac68_6518,12203.947265625
00bbac68_6519,12203.9404296875
00bbac68_6520,12203.931640625
00bbac68_6521,12203.986328125
00bbac68_6522,12204.2255859375
00bbac68_6523,12204.2353515625
00bbac68_6524,12204.265625
00bbac68_6525,12204.384765625
00bbac68_6526,12204.427734375
00bbac68_6527,12204.25390625
00bbac68_6528,12204.4365234375
00bbac68_6529,12204.529296875
00bbac68_6530,12204.501953125
00bbac68_6531,12204.51953125
00bbac68_6532,12204.498046875
00bbac68_6533,12204.5185546875
00bbac68_6534,12204.4990234375
00bbac68_6535,12204.4580078125
00bbac68_6536,12204.2587890625
00bbac68_6537,12204.2255859375
00bbac68_6538,12204.240234375
00bbac68_6539,12204.2451171875
00bbac68_6540,12204.119140625
00bbac68_6541,12204.2021484375
00bbac68_6542,12204.1591796875
00bbac68_6543,12204.0810546875
00bbac68_6544,12204.029296875
00bbac68_6545,12204.0185546875
00bbac68_6546,12204.04296875
00bbac68_6547,12204.076171875
00bbac68_6548,12203.984375
00bbac68_6549,12204.00390625
00bbac68_6550,12204.0146484375
00bbac68_6551,12204.0986328125
00bbac68_6552,12204.1669921875
00bbac68_6553,12204.10546875
00bbac68_6554,12204.09375
00bbac68_6555,12204.080078125
00bbac68_6556,12204.11328125
00bbac68_6557,12204.087890625
00bbac68_6558,12204.11328125
00bbac68_6559,12204.109375
00bbac68_6560,12204.1376953125
00bbac68_6561,12203.8779296875
00bbac68_6562,12204.08984375
00bbac68_6563,12204.1015625
00bbac68_6564,12204.037109375
00bbac68_6565,12204.001953125
00bbac68_6566,12203.9697265625
00bbac68_6567,12203.923828125
00bbac68_6568,12203.8330078125
00bbac68_6569,12203.88671875
00bbac68_6570,12203.837890625
00bbac68_6571,12203.8994140625
00bbac68_6572,12203.8837890625
00bbac68_6573,12203.927734375
00bbac68_6574,12203.9853515625
00bbac68_6575,12203.9775390625
00bbac68_6576,12203.9482421875
00bbac68_6577,12203.8486328125
00bbac68_6578,12203.935546875
00bbac68_6579,12203.9375
00bbac68_6580,12204.0419921875
00bbac68_6581,12204.0029296875
00bbac68_6582,12204.0048828125
00bbac68_6583,12204.0634765625
00bbac68_6584,12203.9833984375
00bbac68_6585,12203.9892578125
00bbac68_6586,12203.986328125
00bbac68_6587,12203.8720703125
00bbac68_6588,12203.9853515625
00bbac68_6589,12204.1025390625
00bbac68_6590,12203.931640625
00bbac68_6591,12203.978515625
00bbac68_6592,12203.9384765625
00bbac68_6593,12203.9931640625
00bbac68_6594,12203.9462890625
00bbac68_6595,12204.0146484375
00bbac68_6596,12204.0458984375
00bbac68_6597,12204.0048828125
00bbac68_6598,12204.046875
00bbac68_6599,12204.109375
00bbac68_6600,12204.103515625
00bbac68_6601,12204.099609375
00bbac68_6602,12204.1533203125
00bbac68_6603,12204.0732421875
00bbac68_6604,12204.15234375
00bbac68_6605,12204.0908203125
00bbac68_6606,12204.4970703125
00bbac68_6607,12204.4384765625
00bbac68_6608,12204.80078125
00bbac68_6609,12204.74609375
00bbac68_6610,12204.7802734375
00bbac68_6611,12204.8134765625
00bbac68_6612,12204.908203125
00bbac68_6613,12204.931640625
00bbac68_6614,12204.826171875
00bbac68_6615,12205.9990234375
00bbac68_6616,12205.876953125
00bbac68_6617,12205.7939453125
00bbac68_6618,12205.73046875
00bbac68_6619,12205.845703125
00bbac68_6620,12205.84375
00bbac68_6621,12206.009765625
00bbac68_6622,12205.828125
00bbac68_6623,12205.8525390625
00bbac68_6624,12205.8564453125
00bbac68_6625,12205.97265625
00bbac68_6626,12206.0869140625
00bbac68_6627,12205.9345703125
00bbac68_6628,12206.0087890625
00bbac68_6629,12206.296875
00bbac68_6630,12206.169921875
00bbac68_6631,12206.236328125
00bbac68_6632,12206.2626953125
00bbac68_6633,12206.3544921875
00bbac68_6634,12206.2353515625
00bbac68_6635,12206.34375
00bbac68_6636,12206.2451171875
00bbac68_6637,12206.4033203125
00bbac68_6638,12206.4345703125
00bbac68_6639,12206.2900390625
00bbac68_6640,12206.3857421875
00bbac68_6641,12206.4150390625
00bbac68_6642,12206.3525390625
00bbac68_6643,12206.3388671875
00bbac68_6644,12206.3388671875
00bbac68_6645,12206.6796875
00bbac68_6646,12206.30859375
00bbac68_6647,12206.4599609375
00bbac68_6648,12206.8330078125
00bbac68_6649,12206.5849609375
00bbac68_6650,12206.599609375
00bbac68_6651,12206.6435546875
00bbac68_6652,12206.6455078125
00bbac68_6653,12206.650390625
00bbac68_6654,12206.7294921875
00bbac68_6655,12206.748046875
00bbac68_6656,12206.611328125
00bbac68_6657,12206.74609375
00bbac68_6658,12206.6142578125
00bbac68_6659,12206.8154296875
00bbac68_6660,12206.7021484375
00bbac68_6661,12206.64453125
00bbac68_6662,12206.787109375
00bbac68_6663,12206.7158203125
00bbac68_6664,12206.728515625
00bbac68_6665,12207.5263671875
00bbac68_6666,12207.2353515625
00bbac68_6667,12206.822265625
00bbac68_6668,12206.72265625
00bbac68_6669,12206.6142578125
00bbac68_6670,12206.880859375
00bbac68_6671,12206.9443359375
00bbac68_6672,12206.978515625
00bbac68_6673,12207.3310546875
00bbac68_6674,12206.8759765625
00bbac68_6675,12206.875
00bbac68_6676,12206.9384765625
00bbac68_6677,12206.77734375
00bbac68_6678,12206.7548828125
00bbac68_6679,12206.708984375
00bbac68_6680,12206.7763671875
00bbac68_6681,12206.9541015625
00bbac68_6682,12207.2734375
00bbac68_6683,12207.2236328125
00bbac68_6684,12207.193359375
00bbac68_6685,12206.9443359375
00bbac68_6686,12206.9755859375
00bbac68_6687,12206.751953125
00bbac68_6688,12206.7138671875
00bbac68_6689,12206.646484375
00bbac68_6690,12206.5439453125
00bbac68_6691,12206.4853515625
00bbac68_6692,12206.40234375
00bbac68_6693,12206.2998046875
00bbac68_6694,12206.80078125
00bbac68_6695,12206.7998046875
00bbac68_6696,12206.7978515625
00bbac68_6697,12206.7392578125
00bbac68_6698,12206.994140625
00bbac68_6699,12206.9931640625
00bbac68_6700,12207.0126953125
00bbac68_6701,12207.0390625
00bbac68_6702,12207.0927734375
00bbac68_6703,12207.0166015625
00bbac68_6704,12207.11328125
00bbac68_6705,12207.11328125
00bbac68_6706,12207.0615234375
00bbac68_6707,12207.15625
00bbac68_6708,12207.126953125
00bbac68_6709,12207.171875
00bbac68_6710,12207.3515625
00bbac68_6711,12207.365234375
00bbac68_6712,12207.380859375
00bbac68_6713,12207.4638671875
00bbac68_6714,12207.330078125
00bbac68_6715,12207.73828125
00bbac68_6716,12207.6240234375
00bbac68_6717,12207.4072265625
00bbac68_6718,12207.4091796875
00bbac68_6719,12207.4052734375
00bbac68_6720,12207.41796875
00bbac68_6721,12207.3955078125
00bbac68_6722,12207.326171875
00bbac68_6723,12207.400390625
00bbac68_6724,12207.390625
00bbac68_6725,12207.41796875
00bbac68_6726,12207.4873046875
00bbac68_6727,12207.4619140625
00bbac68_6728,12207.6279296875
00bbac68_6729,12207.515625
00bbac68_6730,12207.5234375
00bbac68_6731,12207.5693359375
00bbac68_6732,12207.6201171875
00bbac68_6733,12207.953125
00bbac68_6734,12208.123046875
00bbac68_6735,12207.9755859375
00bbac68_6736,12208.033203125
00bbac68_6737,12207.939453125
00bbac68_6738,12208.00390625
00bbac68_6739,12208.5322265625
00bbac68_6740,12208.3896484375
00bbac68_6741,12208.4453125
00bbac68_6742,12208.96484375
00bbac68_6743,12209.7158203125
00bbac68_6744,12209.314453125
00bbac68_6745,12209.279296875
00bbac68_6746,12209.44921875
00bbac68_6747,12209.921875
00bbac68_6748,12209.7177734375
00bbac68_6749,12209.97265625
00bbac68_6750,12210.15234375
00bbac68_6751,12210.0029296875
00bbac68_6752,12209.5439453125
00bbac68_6753,12210.001953125
00bbac68_6754,12210.3212890625
00bbac68_6755,12210.28125
00bbac68_6756,12210.2177734375
00bbac68_6757,12209.91796875
00bbac68_6758,12209.94921875
00bbac68_6759,12210.2529296875
00bbac68_6760,12210.4453125
00bbac68_6761,12210.064453125
00bbac68_6762,12210.123046875
00bbac68_6763,12210.1953125
00bbac68_6764,12210.1669921875
00bbac68_6765,12210.2265625
00bbac68_6766,12210.1865234375
00bbac68_6767,12210.1650390625
00bbac68_6768,12210.21875
00bbac68_6769,12210.6083984375
00bbac68_6770,12210.3203125
00bbac68_6771,12210.1533203125
00bbac68_6772,12210.048828125
00bbac68_6773,12210.0361328125
00bbac68_6774,12210.0791015625
00bbac68_6775,12210.10546875
00bbac68_6776,12210.1982421875
00bbac68_6777,12210.2080078125
00bbac68_6778,12210.0908203125
00bbac68_6779,12210.04296875
00bbac68_6780,12210.296875
00bbac68_6781,12210.3818359375
00bbac68_6782,12210.4443359375
00bbac68_6783,12210.4111328125
00bbac68_6784,12210.4091796875
00bbac68_6785,12210.4296875
00bbac68_6786,12210.166015625
00bbac68_6787,12210.212890625
00bbac68_6788,12210.3056640625
00bbac68_6789,12210.3955078125
00bbac68_6790,12210.484375
00bbac68_6791,12210.4521484375
00bbac68_6792,12210.337890625
00bbac68_6793,12210.2841796875
00bbac68_6794,12210.58203125
00bbac68_6795,12210.5615234375
00bbac68_6796,12210.5478515625
00bbac68_6797,12210.5751953125
00bbac68_6798,12210.515625
00bbac68_6799,12210.5693359375
00bbac68_6800,12210.658203125
00bbac68_6801,12210.6083984375
00bbac68_6802,12210.529296875
00bbac68_6803,12210.5234375
00bbac68_6804,12210.529296875
00bbac68_6805,12210.529296875
00bbac68_6806,12210.591796875
00bbac68_6807,12210.5859375
00bbac68_6808,12210.671875
00bbac68_6809,12210.6328125
00bbac68_6810,12210.7041015625
00bbac68_6811,12210.75390625
00bbac68_6812,12210.67578125
00bbac68_6813,12210.7197265625
00bbac68_6814,12210.6025390625
00bbac68_6815,12210.578125
00bbac68_6816,12210.59375
00bbac68_6817,12210.70703125
00bbac68_6818,12210.6611328125
00bbac68_6819,12210.7080078125
00bbac68_6820,12210.6572265625
00bbac68_6821,12210.3935546875
00bbac68_6822,12210.53125
00bbac68_6823,12210.5888671875
00bbac68_6824,12210.5869140625
00bbac68_6825,12210.603515625
00bbac68_6826,12210.6044921875
00bbac68_6827,12210.525390625
00bbac68_6828,12210.6181640625
00bbac68_6829,12210.6025390625
00bbac68_6830,12210.611328125
00bbac68_6831,12210.6630859375
00bbac68_6832,12210.6328125
00bbac68_6833,12210.5390625
00bbac68_6834,12210.4736328125
00bbac68_6835,12210.451171875
00bbac68_6836,12210.0439453125
00bbac68_6837,12210.017578125
00bbac68_6838,12210.13671875
00bbac68_6839,12210.119140625
00bbac68_6840,12210.1376953125
00bbac68_6841,12210.166015625
00bbac68_6842,12210.6015625
00bbac68_6843,12210.5810546875
00bbac68_6844,12210.4375
00bbac68_6845,12210.4375
00bbac68_6846,12210.15625
00bbac68_6847,12210.302734375
00bbac68_6848,12210.181640625
00bbac68_6849,12210.11328125
00bbac68_6850,12210.1279296875
00bbac68_6851,12210.060546875
00bbac68_6852,12210.0419921875
00bbac68_6853,12210.0673828125
00bbac68_6854,12210.126953125
00bbac68_6855,12210.8271484375
00bbac68_6856,12210.837890625
00bbac68_6857,12210.3408203125
00bbac68_6858,12210.263671875
00bbac68_6859,12210.314453125
00bbac68_6860,12210.3095703125
00bbac68_6861,12210.32421875
00bbac68_6862,12210.271484375
00bbac68_6863,12210.2939453125
00bbac68_6864,12210.3876953125
00bbac68_6865,12210.37109375
00bbac68_6866,12210.34375
00bbac68_6867,12210.6064453125
00bbac68_6868,12210.8291015625
00bbac68_6869,12211.0751953125
00bbac68_6870,12211.353515625
00bbac68_6871,12211.4140625
00bbac68_6872,12211.361328125
00bbac68_6873,12211.1865234375
00bbac68_6874,12211.0517578125
00bbac68_6875,12210.9501953125
00bbac68_6876,12210.978515625
00bbac68_6877,12210.91015625
00bbac68_6878,12210.9873046875
00bbac68_6879,12211.453125
00bbac68_6880,12211.49609375
00bbac68_6881,12211.5263671875
00bbac68_6882,12211.447265625
00bbac68_6883,12211.5595703125
00bbac68_6884,12211.462890625
00bbac68_6885,12211.4365234375
00bbac68_6886,12211.51953125
00bbac68_6887,12211.5849609375
00bbac68_6888,12211.4853515625
00bbac68_6889,12211.478515625
00bbac68_6890,12211.537109375
00bbac68_6891,12211.646484375
00bbac68_6892,12211.3671875
00bbac68_6893,12211.53125
00bbac68_6894,12211.5009765625
00bbac68_6895,12211.4189453125
00bbac68_6896,12211.228515625
00bbac68_6897,12211.0947265625
00bbac68_6898,12211.0712890625
00bbac68_6899,12211.052734375
00bbac68_6900,12210.9423828125
00bbac68_6901,12210.91796875
00bbac68_6902,12210.828125
00bbac68_6903,12210.8935546875
00bbac68_6904,12210.869140625
00bbac68_6905,12210.998046875
00bbac68_6906,12210.8974609375
00bbac68_6907,12210.935546875
00bbac68_6908,12210.9599609375
00bbac68_6909,12211.01171875
00bbac68_6910,12211.029296875
00bbac68_6911,12211.0078125
00bbac68_6912,12211.0283203125
00bbac68_6913,12211.1298828125
00bbac68_6914,12211.0947265625
00bbac68_6915,12211.17578125
00bbac68_6916,12211.2744140625
00bbac68_6917,12211.16015625
00bbac68_6918,12211.109375
00bbac68_6919,12211.1669921875
00bbac68_6920,12211.125
00bbac68_6921,12211.1376953125
00bbac68_6922,12211.189453125
00bbac68_6923,12211.1171875
00bbac68_6924,12211.0556640625
00bbac68_6925,12211.044921875
00bbac68_6926,12211.09375
00bbac68_6927,12211.0654296875
00bbac68_6928,12211.0322265625
00bbac68_6929,12211.111328125
00bbac68_6930,12211.07421875
00bbac68_6931,12211.0341796875
00bbac68_6932,12211.0712890625
00bbac68_6933,12211.0322265625
00bbac68_6934,12211.076171875
00bbac68_6935,12211.0146484375
00bbac68_6936,12211.0986328125
00bbac68_6937,12211.015625
00bbac68_6938,12210.994140625
00bbac68_6939,12211.0732421875
00bbac68_6940,12211.0390625
00bbac68_6941,12211.1552734375
00bbac68_6942,12211.07421875
00bbac68_6943,12211.044921875
00bbac68_6944,12210.96875
00bbac68_6945,12211.0234375
00bbac68_6946,12210.9755859375
00bbac68_6947,12211.06640625
00bbac68_6948,12211.1650390625
00bbac68_6949,12211.2119140625
00bbac68_6950,12211.2041015625
00bbac68_6951,12211.2060546875
00bbac68_6952,12211.2294921875
00bbac68_6953,12211.486328125
00bbac68_6954,12211.4755859375
00bbac68_6955,12211.38671875
00bbac68_6956,12211.431640625
00bbac68_6957,12211.4228515625
00bbac68_6958,12211.4755859375
00bbac68_6959,12211.5
00bbac68_6960,12211.6220703125
00bbac68_6961,12211.607421875
00bbac68_6962,12211.68359375
00bbac68_6963,12211.712890625
00bbac68_6964,12211.693359375
00bbac68_6965,12211.673828125
00bbac68_6966,12211.9365234375
00bbac68_6967,12212.048828125
00bbac68_6968,12212.087890625
00bbac68_6969,12211.9501953125
00bbac68_6970,12211.962890625
00bbac68_6971,12211.939453125
00bbac68_6972,12211.9833984375
00bbac68_6973,12212.0498046875
00bbac68_6974,12212.01171875
00bbac68_6975,12211.970703125
00bbac68_6976,12212.0048828125
00bbac68_6977,12212.0458984375
00bbac68_6978,12212.115234375
00bbac68_6979,12212.150390625
00bbac68_6980,12212.177734375
00bbac68_6981,12212.2626953125
00bbac68_6982,12212.1044921875
00bbac68_6983,12212.2998046875
00bbac68_6984,12212.232421875
00bbac68_6985,12212.2744140625
00bbac68_6986,12212.298828125
00bbac68_6987,12212.24609375
00bbac68_6988,12212.396484375
00bbac68_6989,12212.763671875
00bbac68_6990,12212.5234375
00bbac68_6991,12212.73046875
00bbac68_6992,12213.150390625
00bbac68_6993,12213.3515625
00bbac68_6994,12213.2783203125
00bbac68_6995,12213.1142578125
00bbac68_6996,12213.220703125
00bbac68_6997,12213.2041015625
00bbac68_6998,12213.171875
00bbac68_6999,12213.58984375
00bbac68_7000,12213.4638671875
00bbac68_7001,12213.263671875
00bbac68_7002,12213.5078125
00bbac68_7003,12213.4052734375
00bbac68_7004,12213.279296875
00bbac68_7005,12213.33984375
00bbac68_7006,12213.580078125
00bbac68_7007,12213.8623046875
00bbac68_7008,12213.736328125
00bbac68_7009,12213.7626953125
00bbac68_7010,12213.92578125
00bbac68_7011,12213.8046875
00bbac68_7012,12213.7724609375
00bbac68_7013,12213.6162109375
00bbac68_7014,12213.3203125
00bbac68_7015,12213.599609375
00bbac68_7016,12213.6923828125
00bbac68_7017,12213.4404296875
00bbac68_7018,12213.2861328125
00bbac68_7019,12213.181640625
00bbac68_7020,12213.1396484375
00bbac68_7021,12213.1474609375
00bbac68_7022,12213.3154296875
00bbac68_7023,12213.25
00bbac68_7024,12213.2841796875
00bbac68_7025,12213.294921875
00bbac68_7026,12213.37109375
00bbac68_7027,12213.2880859375
00bbac68_7028,12213.3486328125
00bbac68_7029,12213.2626953125
00bbac68_7030,12213.208984375
00bbac68_7031,12213.23828125
00bbac68_7032,12213.271484375
00bbac68_7033,12213.4013671875
00bbac68_7034,12213.46875
00bbac68_7035,12213.4814453125
00bbac68_7036,12213.4814453125
00bbac68_7037,12213.62890625
00bbac68_7038,12213.607421875
00bbac68_7039,12214.15625
00bbac68_7040,12213.8251953125
00bbac68_7041,12213.728515625
00bbac68_7042,12213.708984375
00bbac68_7043,12213.7646484375
00bbac68_7044,12213.7841796875
00bbac68_7045,12213.8017578125
00bbac68_7046,12213.93359375
00bbac68_7047,12213.9599609375
00bbac68_7048,12213.919921875
00bbac68_7049,12214.0712890625
00bbac68_7050,12214.1064453125
00bbac68_7051,12214.0126953125
00bbac68_7052,12214.0703125
00bbac68_7053,12214.2275390625
00bbac68_7054,12214.1494140625
00bbac68_7055,12214.1005859375
00bbac68_7056,12214.0634765625
00bbac68_7057,12213.9033203125
00bbac68_7058,12213.87109375
00bbac68_7059,12213.7998046875
00bbac68_7060,12213.8310546875
00bbac68_7061,12213.833984375
00bbac68_7062,12213.7822265625
00bbac68_7063,12213.771484375
00bbac68_7064,12213.8359375
00bbac68_7065,12213.8544921875
00bbac68_7066,12213.80859375
00bbac68_7067,12213.9921875
00bbac68_7068,12213.9521484375
00bbac68_7069,12213.84765625
00bbac68_7070,12213.849609375
00bbac68_7071,12213.8466796875
00bbac68_7072,12213.83984375
00bbac68_7073,12213.8720703125
00bbac68_7074,12213.845703125
00bbac68_7075,12213.771484375
00bbac68_7076,12213.73828125
00bbac68_7077,12213.6728515625
00bbac68_7078,12213.701171875
00bbac68_7079,12213.3505859375
00bbac68_7080,12213.322265625
00bbac68_7081,12213.1240234375
00bbac68_7082,12213.0986328125
00bbac68_7083,12213.18359375
00bbac68_7084,12213.2412109375
00bbac68_7085,12213.3291015625
00bbac68_7086,12213.466796875
00bbac68_7087,12213.505859375
00bbac68_7088,12213.6796875
00bbac68_7089,12213.71484375
00bbac68_7090,12213.80078125
00bbac68_7091,12213.9169921875
00bbac68_7092,12213.875
00bbac68_7093,12213.888671875
00bbac68_7094,12214.0185546875
00bbac68_7095,12214.2119140625
00bbac68_7096,12214.2587890625
00bbac68_7097,12214.0517578125
00bbac68_7098,12214.06640625
00bbac68_7099,12214.0126953125
00bbac68_7100,12213.9541015625
00bbac68_7101,12214.091796875
00bbac68_7102,12214.0703125
00bbac68_7103,12214.1220703125
00bbac68_7104,12214.2255859375
00bbac68_7105,12214.48828125
00bbac68_7106,12214.57421875
00bbac68_7107,12214.564453125
00bbac68_7108,12214.5078125
00bbac68_7109,12214.4462890625
00bbac68_7110,12214.53515625
00bbac68_7111,12214.6513671875
00bbac68_7112,12214.580078125
00bbac68_7113,12214.4267578125
00bbac68_7114,12214.384765625
00bbac68_7115,12214.18359375
00bbac68_7116,12214.3408203125
00bbac68_7117,12214.8779296875
00bbac68_7118,12215.095703125
00bbac68_7119,12215.123046875
00bbac68_7120,12215.0732421875
00bbac68_7121,12215.041015625
00bbac68_7122,12214.72265625
00bbac68_7123,12214.5205078125
00bbac68_7124,12214.5888671875
00bbac68_7125,12214.693359375
00bbac68_7126,12214.37890625
00bbac68_7127,12214.7705078125
00bbac68_7128,12214.6396484375
00bbac68_7129,12214.53515625
00bbac68_7130,12214.5517578125
00bbac68_7131,12214.4638671875
00bbac68_7132,12214.5390625
00bbac68_7133,12214.4775390625
00bbac68_7134,12214.52734375
00bbac68_7135,12214.564453125
00bbac68_7136,12214.5224609375
00bbac68_7137,12214.7236328125
00bbac68_7138,12214.7900390625
00bbac68_7139,12214.7734375
00bbac68_7140,12214.8408203125
00bbac68_7141,12214.837890625
00bbac68_7142,12214.908203125
00bbac68_7143,12214.771484375
00bbac68_7144,12214.8173828125
00bbac68_7145,12214.6396484375
00bbac68_7146,12214.6162109375
00bbac68_7147,12214.625
00bbac68_7148,12214.6162109375
00bbac68_7149,12214.62890625
00bbac68_7150,12214.9892578125
00bbac68_7151,12214.7421875
00bbac68_7152,12214.705078125
00bbac68_7153,12214.974609375
00bbac68_7154,12214.8896484375
00bbac68_7155,12214.83984375
00bbac68_7156,12214.86328125
00bbac68_7157,12215.03515625
00bbac68_7158,12214.7138671875
00bbac68_7159,12214.5
00bbac68_7160,12214.5380859375
00bbac68_7161,12214.3544921875
00bbac68_7162,12214.48828125
00bbac68_7163,12214.5146484375
00bbac68_7164,12214.54296875
00bbac68_7165,12214.6220703125
00bbac68_7166,12214.5615234375
00bbac68_7167,12214.5673828125
00bbac68_7168,12214.591796875
00bbac68_7169,12214.5439453125
00bbac68_7170,12214.619140625
00bbac68_7171,12214.7109375
00bbac68_7172,12214.6494140625
00bbac68_7173,12214.6708984375
00bbac68_7174,12214.6796875
00bbac68_7175,12214.646484375
00bbac68_7176,12214.6484375
00bbac68_7177,12214.5693359375
00bbac68_7178,12214.548828125
00bbac68_7179,12214.4609375
00bbac68_7180,12214.4228515625
00bbac68_7181,12214.4130859375
00bbac68_7182,12214.576171875
00bbac68_7183,12214.59765625
00bbac68_7184,12214.6279296875
00bbac68_7185,12214.6611328125
00bbac68_7186,12214.6865234375
00bbac68_7187,12214.5908203125
00bbac68_7188,12214.732421875
00bbac68_7189,12214.6337890625
00bbac68_7190,12214.7041015625
00bbac68_7191,12214.638671875
00bbac68_7192,12214.6181640625
00bbac68_7193,12214.544921875
00bbac68_7194,12214.6640625
00bbac68_7195,12214.634765625
00bbac68_7196,12214.6416015625
00bbac68_7197,12214.5556640625
00bbac68_7198,12214.5751953125
00bbac68_7199,12214.71484375
00bbac68_7200,12214.7314453125
00bbac68_7201,12214.7900390625
00bbac68_7202,12214.767578125
00bbac68_7203,12214.7421875
00bbac68_7204,12214.7177734375
00bbac68_7205,12214.7744140625
00bbac68_7206,12214.7666015625
00bbac68_7207,12214.7548828125
00bbac68_7208,12214.7353515625
00bbac68_7209,12214.7666015625
00bbac68_7210,12214.7919921875
00bbac68_7211,12214.8154296875
00bbac68_7212,12214.7890625
00bbac68_7213,12214.7998046875
00bbac68_7214,12214.7822265625
00bbac68_7215,12214.783203125
00bbac68_7216,12214.7880859375
00bbac68_7217,12214.787109375
00bbac68_7218,12214.8193359375
00bbac68_7219,12214.8564453125
00bbac68_7220,12214.841796875
00bbac68_7221,12214.8330078125
00bbac68_7222,12214.8623046875
00bbac68_7223,12214.9306640625
00bbac68_7224,12214.9462890625
00bbac68_7225,12214.9501953125
00bbac68_7226,12214.986328125
00bbac68_7227,12215.013671875
00bbac68_7228,12214.998046875
00bbac68_7229,12215.0859375
00bbac68_7230,12215.1025390625
00bbac68_7231,12215.0888671875
00bbac68_7232,12215.0673828125
00bbac68_7233,12215.0068359375
00bbac68_7234,12214.9892578125
00bbac68_7235,12215.05078125
00bbac68_7236,12215.0498046875
00bbac68_7237,12215.318359375
00bbac68_7238,12215.3076171875
00bbac68_7239,12215.3271484375
00bbac68_7240,12215.4150390625
00bbac68_7241,12215.63671875
00bbac68_7242,12215.8671875
00bbac68_7243,12215.8359375
00bbac68_7244,12215.6982421875
00bbac68_7245,12215.4892578125
00bbac68_7246,12215.4453125
00bbac68_7247,12215.40234375
00bbac68_7248,12215.4140625
00bbac68_7249,12215.4208984375
00bbac68_7250,12215.4853515625
00bbac68_7251,12215.48046875
00bbac68_7252,12215.4482421875
00bbac68_7253,12215.3837890625
00bbac68_7254,12215.8193359375
00bbac68_7255,12215.8837890625
00bbac68_7256,12215.94921875
00bbac68_7257,12216.0771484375
00bbac68_7258,12216.0126953125
00bbac68_7259,12215.8603515625
00bbac68_7260,12215.7265625
00bbac68_7261,12215.703125
00bbac68_7262,12216.169921875
00bbac68_7263,12216.326171875
00bbac68_7264,12216.1884765625
00bbac68_7265,12216.236328125
00bbac68_7266,12216.5166015625
00bbac68_7267,12216.4765625
00bbac68_7268,12216.494140625
00bbac68_7269,12216.4794921875
00bbac68_7270,12216.4541015625
00bbac68_7271,12216.5107421875
00bbac68_7272,12216.3681640625
00bbac68_7273,12216.0849609375
00bbac68_7274,12216.3525390625
00bbac68_7275,12216.5986328125
00bbac68_7276,12216.4140625
00bbac68_7277,12216.0546875
00bbac68_7278,12216.1650390625
00bbac68_7279,12216.2265625
00bbac68_7280,12216.5537109375
00bbac68_7281,12216.6845703125
00bbac68_7282,12216.708984375
00bbac68_7283,12216.7626953125
00bbac68_7284,12216.5302734375
00bbac68_7285,12216.6123046875
00bbac68_7286,12216.69140625
00bbac68_7287,12216.7509765625
00bbac68_7288,12216.392578125
00bbac68_7289,12216.177734375
00bbac68_7290,12216.3408203125
00bbac68_7291,12216.45703125
00bbac68_7292,12216.6962890625
00bbac68_7293,12216.7177734375
00bbac68_7294,12216.6123046875
00bbac68_7295,12216.572265625
00bbac68_7296,12217.107421875
00bbac68_7297,12217.107421875
00bbac68_7298,12216.79296875
00bbac68_7299,12216.6826171875
00bbac68_7300,12216.490234375
00bbac68_7301,12216.390625
00bbac68_7302,12216.3701171875
00bbac68_7303,12216.5341796875
00bbac68_7304,12216.67578125
00bbac68_7305,12216.7900390625
00bbac68_7306,12216.6435546875
00bbac68_7307,12216.5546875
00bbac68_7308,12216.5703125
00bbac68_7309,12216.6767578125
00bbac68_7310,12216.6787109375
00bbac68_7311,12216.470703125
00bbac68_7312,12216.4453125
00bbac68_7313,12216.4248046875
00bbac68_7314,12216.4130859375
00bbac68_7315,12216.6953125
00bbac68_7316,12217.1279296875
00bbac68_7317,12216.978515625
00bbac68_7318,12216.8876953125
00bbac68_7319,12217.3154296875
00bbac68_7320,12217.3134765625
00bbac68_7321,12217.2353515625
00bbac68_7322,12216.697265625
00bbac68_7323,12216.578125
00bbac68_7324,12216.6474609375
00bbac68_7325,12216.7197265625
00bbac68_7326,12216.7783203125
00bbac68_7327,12216.876953125
00bbac68_7328,12216.94921875
00bbac68_7329,12217.09375
00bbac68_7330,12217.181640625
00bbac68_7331,12217.2294921875
00bbac68_7332,12217.2177734375
00bbac68_7333,12217.1025390625
00bbac68_7334,12216.7353515625
00bbac68_7335,12216.53515625
00bbac68_7336,12216.380859375
00bbac68_7337,12216.4404296875
00bbac68_7338,12216.6103515625
00bbac68_7339,12216.462890625
00bbac68_7340,12216.45703125
00bbac68_7341,12216.451171875
00bbac68_7342,12216.359375
00bbac68_7343,12216.3955078125
00bbac68_7344,12216.3681640625
00bbac68_7345,12216.482421875
00bbac68_7346,12216.52734375
00bbac68_7347,12216.509765625
00bbac68_7348,12216.5791015625
00bbac68_7349,12216.763671875
00bbac68_7350,12216.9697265625
00bbac68_7351,12217.2548828125
00bbac68_7352,12217.3134765625
00bbac68_7353,12217.294921875
00bbac68_7354,12217.119140625
00bbac68_7355,12217.009765625
00bbac68_7356,12217.357421875
00bbac68_7357,12217.2841796875
00bbac68_7358,12216.8525390625
00bbac68_7359,12216.87890625
00bbac68_7360,12217.1513671875
00bbac68_7361,12217.0791015625
00bbac68_7362,12217.0908203125
00bbac68_7363,12217.2783203125
00bbac68_7364,12217.1279296875
00bbac68_7365,12217.0830078125
00bbac68_7366,12216.9404296875
00bbac68_7367,12216.90625
00bbac68_7368,12216.9072265625
00bbac68_7369,12216.7919921875
00bbac68_7370,12216.7314453125
00bbac68_7371,12217.2080078125
00bbac68_7372,12217.2958984375
00bbac68_7373,12216.9892578125
00bbac68_7374,12216.896484375
00bbac68_7375,12216.90625
00bbac68_7376,12216.9111328125
00bbac68_7377,12216.7880859375
00bbac68_7378,12216.71484375
00bbac68_7379,12216.73828125
00bbac68_7380,12216.771484375
00bbac68_7381,12216.96484375
00bbac68_7382,12217.4150390625
00bbac68_7383,12217.525390625
00bbac68_7384,12217.4814453125
00bbac68_7385,12217.30078125
00bbac68_7386,12217.3193359375
00bbac68_7387,12217.2216796875
00bbac68_7388,12217.2900390625
00bbac68_7389,12217.4462890625
00bbac68_7390,12217.5361328125
00bbac68_7391,12217.240234375
00bbac68_7392,12217.0478515625
00bbac68_7393,12217.134765625
00bbac68_7394,12217.4033203125
00bbac68_7395,12217.48828125
00bbac68_7396,12217.4375
00bbac68_7397,12217.529296875
00bbac68_7398,12217.6669921875
00bbac68_7399,12217.6171875
00bbac68_7400,12217.4853515625
00bbac68_7401,12217.384765625
00bbac68_7402,12217.2529296875
00bbac68_7403,12217.24609375
00bbac68_7404,12217.349609375
00bbac68_7405,12217.7734375
00bbac68_7406,12217.7509765625
00bbac68_7407,12217.7255859375
00bbac68_7408,12217.7236328125
00bbac68_7409,12217.7294921875
00bbac68_7410,12217.7763671875
00bbac68_7411,12217.7255859375
00bbac68_7412,12217.7578125
00bbac68_7413,12217.775390625
00bbac68_7414,12217.7744140625
00bbac68_7415,12217.6201171875
00bbac68_7416,12217.5751953125
00bbac68_7417,12217.5859375
00bbac68_7418,12217.658203125
00bbac68_7419,12217.7490234375
00bbac68_7420,12217.716796875
00bbac68_7421,12217.751953125
00bbac68_7422,12217.828125
00bbac68_7423,12218.517578125
00bbac68_7424,12218.6181640625
00bbac68_7425,12218.67578125
00bbac68_7426,12218.6875
00bbac68_7427,12218.677734375
00bbac68_7428,12218.65625
00bbac68_7429,12218.7470703125
00bbac68_7430,12218.482421875
00bbac68_7431,12218.5185546875
00bbac68_7432,12218.5498046875
00bbac68_7433,12218.658203125
00bbac68_7434,12218.7490234375
00bbac68_7435,12218.72265625
00bbac68_7436,12218.6884765625
00bbac68_7437,12218.7158203125
00bbac68_7438,12218.642578125
00bbac68_7439,12218.6171875
00bbac68_7440,12218.5546875
00bbac68_7441,12218.6416015625
00bbac68_7442,12218.58984375
00bbac68_7443,12218.564453125
00bbac68_7444,12218.548828125
00bbac68_7445,12218.0048828125
00bbac68_7446,12218.435546875
00bbac68_7447,12218.3359375
00bbac68_7448,12218.30078125
00bbac68_7449,12218.2763671875
00bbac68_7450,12218.0517578125
00bbac68_7451,12218.1142578125
00bbac68_7452,12218.40625
00bbac68_7453,12218.01953125
00bbac68_7454,12218.1943359375
00bbac68_7455,12218.3974609375
00bbac68_7456,12218.400390625
00bbac68_7457,12218.2197265625
00bbac68_7458,12217.845703125
00bbac68_7459,12217.65234375
00bbac68_7460,12217.5595703125
00bbac68_7461,12217.7109375
00bbac68_7462,12217.76953125
00bbac68_7463,12217.796875
00bbac68_7464,12217.8076171875
00bbac68_7465,12217.7236328125
00bbac68_7466,12217.6669921875
00bbac68_7467,12217.7880859375
00bbac68_7468,12217.833984375
00bbac68_7469,12217.767578125
00bbac68_7470,12217.6650390625
00bbac68_7471,12217.66015625
00bbac68_7472,12217.5673828125
00bbac68_7473,12217.53125
00bbac68_7474,12217.59375
00bbac68_7475,12217.6826171875
00bbac68_7476,12217.6640625
00bbac68_7477,12217.48046875
00bbac68_7478,12217.50390625
00bbac68_7479,12217.603515625
00bbac68_7480,12217.61328125
00bbac68_7481,12217.71484375
00bbac68_7482,12217.6875
00bbac68_7483,12217.5771484375
00bbac68_7484,12217.3076171875
00bbac68_7485,12217.0791015625
00bbac68_7486,12217.0498046875
00bbac68_7487,12217.0576171875
00bbac68_7488,12217.0703125
00bbac68_7489,12217.2060546875
00bbac68_7490,12217.216796875
00bbac68_7491,12217.33984375
00bbac68_7492,12217.412109375
00bbac68_7493,12217.2783203125
00bbac68_7494,12217.2685546875
00bbac68_7495,12217.216796875
00bbac68_7496,12217.22265625
00bbac68_7497,12217.23828125
00bbac68_7498,12217.22265625
00bbac68_7499,12217.25
00bbac68_7500,12217.279296875
00bbac68_7501,12217.4013671875
00bbac68_7502,12217.4541015625
00bbac68_7503,12217.396484375
00bbac68_7504,12217.3818359375
00bbac68_7505,12217.40234375
00bbac68_7506,12217.408203125
00bbac68_7507,12217.541015625
00bbac68_7508,12217.552734375
00bbac68_7509,12217.5654296875
00bbac68_7510,12217.4384765625
00bbac68_7511,12217.4169921875
00bbac68_7512,12217.509765625
00bbac68_7513,12217.669921875
00bbac68_7514,12217.8037109375
00bbac68_7515,12217.8779296875
00bbac68_7516,12217.9423828125
00bbac68_7517,12217.970703125
00bbac68_7518,12217.9833984375
00bbac68_7519,12218.0615234375
00bbac68_7520,12218.0185546875
00bbac68_7521,12218.0537109375
00bbac68_7522,12218.0712890625
00bbac68_7523,12218.046875
00bbac68_7524,12218.0087890625
00bbac68_7525,12218.064453125
00bbac68_7526,12218.19140625
00bbac68_7527,12218.2177734375
00bbac68_7528,12218.1806640625
00bbac68_7529,12218.0361328125
00bbac68_7530,12218.033203125
00bbac68_7531,12218.046875
00bbac68_7532,12218.03515625
00bbac68_7533,12217.947265625
00bbac68_7534,12218.017578125
00bbac68_7535,12218.1201171875
00bbac68_7536,12218.064453125
00bbac68_7537,12217.9833984375
00bbac68_7538,12218.0634765625
00bbac68_7539,12218.1259765625
00bbac68_7540,12218.28125
00bbac68_7541,12218.5927734375
00bbac68_7542,12218.3896484375
00bbac68_7543,12218.4326171875
00bbac68_7544,12218.4443359375
00bbac68_7545,12218.4921875
00bbac68_7546,12218.556640625
00bbac68_7547,12218.5791015625
00bbac68_7548,12218.5986328125
00bbac68_7549,12218.591796875
00bbac68_7550,12218.6171875
00bbac68_7551,12218.900390625
00bbac68_7552,12219.1318359375
00bbac68_7553,12219.1015625
00bbac68_7554,12219.12109375
00bbac68_7555,12218.9892578125
00bbac68_7556,12219.044921875
00bbac68_7557,12219.0849609375
00bbac68_7558,12219.13671875
00e12e8b_2083,11604.474609375
00e12e8b_2084,11604.3212890625
00e12e8b_2085,11604.2548828125
00e12e8b_2086,11604.2529296875
00e12e8b_2087,11604.267578125
00e12e8b_2088,11604.1904296875
00e12e8b_2089,11604.2392578125
00e12e8b_2090,11604.2412109375
00e12e8b_2091,11604.2109375
00e12e8b_2092,11604.248046875
00e12e8b_2093,11604.28515625
00e12e8b_2094,11604.23828125
00e12e8b_2095,11604.248046875
00e12e8b_2096,11604.248046875
00e12e8b_2097,11604.25
00e12e8b_2098,11604.25
00e12e8b_2099,11604.541015625
00e12e8b_2100,11604.55078125
00e12e8b_2101,11604.51171875
00e12e8b_2102,11604.55859375
00e12e8b_2103,11604.5517578125
00e12e8b_2104,11604.5517578125
00e12e8b_2105,11604.6142578125
00e12e8b_2106,11604.64453125
00e12e8b_2107,11604.7412109375
00e12e8b_2108,11604.7763671875
00e12e8b_2109,11604.8486328125
00e12e8b_2110,11604.8837890625
00e12e8b_2111,11604.9443359375
00e12e8b_2112,11605.0888671875
00e12e8b_2113,11605.119140625
00e12e8b_2114,11605.1708984375
00e12e8b_2115,11605.224609375
00e12e8b_2116,11605.271484375
00e12e8b_2117,11605.4375
00e12e8b_2118,11605.50390625
00e12e8b_2119,11605.533203125
00e12e8b_2120,11605.53125
00e12e8b_2121,11605.5576171875
00e12e8b_2122,11605.564453125
00e12e8b_2123,11605.55078125
00e12e8b_2124,11605.5703125
00e12e8b_2125,11605.6318359375
00e12e8b_2126,11605.6455078125
00e12e8b_2127,11605.69140625
00e12e8b_2128,11605.7294921875
00e12e8b_2129,11605.76953125
00e12e8b_2130,11605.775390625
00e12e8b_2131,11605.8427734375
00e12e8b_2132,11605.90234375
00e12e8b_2133,11605.91796875
00e12e8b_2134,11605.873046875
00e12e8b_2135,11605.890625
00e12e8b_2136,11605.8828125
00e12e8b_2137,11605.873046875
00e12e8b_2138,11605.8779296875
00e12e8b_2139,11605.8701171875
00e12e8b_2140,11605.880859375
00e12e8b_2141,11605.875
00e12e8b_2142,11605.896484375
00e12e8b_2143,11606.59765625
00e12e8b_2144,11606.591796875
00e12e8b_2145,11606.6337890625
00e12e8b_2146,11606.6435546875
00e12e8b_2147,11606.775390625
00e12e8b_2148,11606.75
00e12e8b_2149,11606.7548828125
00e12e8b_2150,11606.7470703125
00e12e8b_2151,11606.6904296875
00e12e8b_2152,11606.6591796875
00e12e8b_2153,11606.6552734375
00e12e8b_2154,11606.6455078125
00e12e8b_2155,11606.6220703125
00e12e8b_2156,11606.603515625
00e12e8b_2157,11606.62109375
00e12e8b_2158,11606.666015625
00e12e8b_2159,11606.6630859375
00e12e8b_2160,11606.654296875
00e12e8b_2161,11606.6435546875
00e12e8b_2162,11606.6552734375
00e12e8b_2163,11606.6669921875
00e12e8b_2164,11606.6552734375
00e12e8b_2165,11606.576171875
00e12e8b_2166,11606.5400390625
00e12e8b_2167,11606.65234375
00e12e8b_2168,11606.662109375
00e12e8b_2169,11606.6806640625
00e12e8b_2170,11606.7392578125
00e12e8b_2171,11606.7705078125
00e12e8b_2172,11606.826171875
00e12e8b_2173,11606.8203125
00e12e8b_2174,11606.8681640625
00e12e8b_2175,11606.9384765625
00e12e8b_2176,11606.9599609375
00e12e8b_2177,11607.0595703125
00e12e8b_2178,11607.130859375
00e12e8b_2179,11607.2646484375
00e12e8b_2180,11607.3076171875
00e12e8b_2181,11607.29296875
00e12e8b_2182,11607.3017578125
00e12e8b_2183,11607.365234375
00e12e8b_2184,11607.369140625
00e12e8b_2185,11607.435546875
00e12e8b_2186,11607.4931640625
00e12e8b_2187,11607.4521484375
00e12e8b_2188,11607.427734375
00e12e8b_2189,11607.4287109375
00e12e8b_2190,11607.4404296875
00e12e8b_2191,11607.4521484375
00e12e8b_2192,11607.470703125
00e12e8b_2193,11607.4951171875
00e12e8b_2194,11607.4970703125
00e12e8b_2195,11607.4990234375
00e12e8b_2196,11607.5654296875
00e12e8b_2197,11607.6142578125
00e12e8b_2198,11607.6083984375
00e12e8b_2199,11607.6103515625
00e12e8b_2200,11607.6162109375
00e12e8b_2201,11607.640625
00e12e8b_2202,11607.6748046875
00e12e8b_2203,11607.62109375
00e12e8b_2204,11608.0
00e12e8b_2205,11608.0517578125
00e12e8b_2206,11608.056640625
00e12e8b_2207,11608.0712890625
00e12e8b_2208,11608.0693359375
00e12e8b_2209,11608.0498046875
00e12e8b_2210,11608.0888671875
00e12e8b_2211,11608.13671875
00e12e8b_2212,11608.138671875
00e12e8b_2213,11608.1611328125
00e12e8b_2214,11608.154296875
00e12e8b_2215,11608.1904296875
00e12e8b_2216,11608.23046875
00e12e8b_2217,11608.1845703125
00e12e8b_2218,11608.076171875
00e12e8b_2219,11608.111328125
00e12e8b_2220,11608.095703125
00e12e8b_2221,11608.0703125
00e12e8b_2222,11608.1279296875
00e12e8b_2223,11608.150390625
00e12e8b_2224,11608.26171875
00e12e8b_2225,11608.28125
00e12e8b_2226,11608.302734375
00e12e8b_2227,11608.3525390625
00e12e8b_2228,11608.4033203125
00e12e8b_2229,11608.4208984375
00e12e8b_2230,11608.5205078125
00e12e8b_2231,11608.560546875
00e12e8b_2232,11608.5888671875
00e12e8b_2233,11608.7470703125
00e12e8b_2234,11608.783203125
00e12e8b_2235,11608.8779296875
00e12e8b_2236,11608.98046875
00e12e8b_2237,11609.06640625
00e12e8b_2238,11609.0927734375
00e12e8b_2239,11609.130859375
00e12e8b_2240,11609.298828125
00e12e8b_2241,11609.3369140625
00e12e8b_2242,11609.330078125
00e12e8b_2243,11609.333984375
00e12e8b_2244,11609.4091796875
00e12e8b_2245,11609.4482421875
00e12e8b_2246,11609.4541015625
00e12e8b_2247,11609.51953125
00e12e8b_2248,11610.3720703125
00e12e8b_2249,11610.3798828125
00e12e8b_2250,11610.3720703125
00e12e8b_2251,11610.3916015625
00e12e8b_2252,11610.39453125
00e12e8b_2253,11610.4140625
00e12e8b_2254,11610.4208984375
00e12e8b_2255,11610.4140625
00e12e8b_2256,11610.46484375
00e12e8b_2257,11610.4892578125
00e12e8b_2258,11610.48828125
00e12e8b_2259,11610.5
00e12e8b_2260,11610.501953125
00e12e8b_2261,11610.5078125
00e12e8b_2262,11610.51171875
00e12e8b_2263,11610.5263671875
00e12e8b_2264,11610.53125
00e12e8b_2265,11610.5380859375
00e12e8b_2266,11610.6318359375
00e12e8b_2267,11610.6689453125
00e12e8b_2268,11610.689453125
00e12e8b_2269,11610.6982421875
00e12e8b_2270,11610.65234375
00e12e8b_2271,11610.6787109375
00e12e8b_2272,11610.6845703125
00e12e8b_2273,11610.7314453125
00e12e8b_2274,11610.7373046875
00e12e8b_2275,11610.771484375
00e12e8b_2276,11610.7763671875
00e12e8b_2277,11610.787109375
00e12e8b_2278,11610.7900390625
00e12e8b_2279,11610.814453125
00e12e8b_2280,11610.865234375
00e12e8b_2281,11610.859375
00e12e8b_2282,11610.8388671875
00e12e8b_2283,11610.7861328125
00e12e8b_2284,11610.7919921875
00e12e8b_2285,11610.7900390625
00e12e8b_2286,11610.7626953125
00e12e8b_2287,11610.7802734375
00e12e8b_2288,11610.7958984375
00e12e8b_2289,11610.7919921875
00e12e8b_2290,11610.7646484375
00e12e8b_2291,11610.7802734375
00e12e8b_2292,11610.7666015625
00e12e8b_2293,11610.7685546875
00e12e8b_2294,11610.7568359375
00e12e8b_2295,11610.78515625
00e12e8b_2296,11610.798828125
00e12e8b_2297,11610.7294921875
00e12e8b_2298,11610.650390625
00e12e8b_2299,11610.52734375
00e12e8b_2300,11610.5556640625
00e12e8b_2301,11610.5927734375
00e12e8b_2302,11610.5673828125
00e12e8b_2303,11610.556640625
00e12e8b_2304,11610.5224609375
00e12e8b_2305,11610.607421875
00e12e8b_2306,11610.6376953125
00e12e8b_2307,11610.576171875
00e12e8b_2308,11610.4931640625
00e12e8b_2309,11610.7783203125
00e12e8b_2310,11610.7236328125
00e12e8b_2311,11610.7490234375
00e12e8b_2312,11610.75390625
00e12e8b_2313,11610.76171875
00e12e8b_2314,11610.736328125
00e12e8b_2315,11610.677734375
00e12e8b_2316,11610.6748046875
00e12e8b_2317,11610.666015625
00e12e8b_2318,11610.669921875
00e12e8b_2319,11610.6435546875
00e12e8b_2320,11610.650390625
00e12e8b_2321,11610.6298828125
00e12e8b_2322,11610.61328125
00e12e8b_2323,11610.4345703125
00e12e8b_2324,11610.3671875
00e12e8b_2325,11610.3798828125
00e12e8b_2326,11610.3271484375
00e12e8b_2327,11610.3466796875
00e12e8b_2328,11610.3291015625
00e12e8b_2329,11610.3251953125
00e12e8b_2330,11610.3291015625
00e12e8b_2331,11610.3349609375
00e12e8b_2332,11610.3134765625
00e12e8b_2333,11610.3212890625
00e12e8b_2334,11610.3359375
00e12e8b_2335,11610.31640625
00e12e8b_2336,11610.3671875
00e12e8b_2337,11610.3486328125
00e12e8b_2338,11610.3408203125
00e12e8b_2339,11610.3291015625
00e12e8b_2340,11610.326171875
00e12e8b_2341,11610.279296875
00e12e8b_2342,11610.2705078125
00e12e8b_2343,11610.283203125
00e12e8b_2344,11610.30859375
00e12e8b_2345,11610.3076171875
00e12e8b_2346,11610.3251953125
00e12e8b_2347,11610.32421875
00e12e8b_2348,11610.322265625
00e12e8b_2349,11610.322265625
00e12e8b_2350,11610.353515625
00e12e8b_2351,11610.361328125
00e12e8b_2352,11610.388671875
00e12e8b_2353,11610.9443359375
00e12e8b_2354,11610.9599609375
00e12e8b_2355,11610.943359375
00e12e8b_2356,11610.9765625
00e12e8b_2357,11610.99609375
00e12e8b_2358,11610.99609375
00e12e8b_2359,11610.978515625
00e12e8b_2360,11610.990234375
00e12e8b_2361,11610.998046875
00e12e8b_2362,11611.0234375
00e12e8b_2363,11611.05078125
00e12e8b_2364,11611.068359375
00e12e8b_2365,11611.07421875
00e12e8b_2366,11611.037109375
00e12e8b_2367,11611.0732421875
00e12e8b_2368,11611.0947265625
00e12e8b_2369,11611.0615234375
00e12e8b_2370,11611.0478515625
00e12e8b_2371,11611.048828125
00e12e8b_2372,11611.06640625
00e12e8b_2373,11611.0751953125
00e12e8b_2374,11611.0625
00e12e8b_2375,11611.0693359375
00e12e8b_2376,11611.08984375
00e12e8b_2377,11611.0439453125
00e12e8b_2378,11611.0498046875
00e12e8b_2379,11611.001953125
00e12e8b_2380,11611.013671875
00e12e8b_2381,11610.986328125
00e12e8b_2382,11610.9208984375
00e12e8b_2383,11610.87109375
00e12e8b_2384,11610.8369140625
00e12e8b_2385,11610.8125
00e12e8b_2386,11610.7958984375
00e12e8b_2387,11610.810546875
00e12e8b_2388,11610.7861328125
00e12e8b_2389,11610.7490234375
00e12e8b_2390,11610.78515625
00e12e8b_2391,11610.7431640625
00e12e8b_2392,11610.693359375
00e12e8b_2393,11610.6943359375
00e12e8b_2394,11610.6826171875
00e12e8b_2395,11610.7041015625
00e12e8b_2396,11610.66796875
00e12e8b_2397,11610.6572265625
00e12e8b_2398,11610.6552734375
00e12e8b_2399,11610.666015625
00e12e8b_2400,11610.6513671875
00e12e8b_2401,11610.6474609375
00e12e8b_2402,11610.6650390625
00e12e8b_2403,11610.64453125
00e12e8b_2404,11610.646484375
00e12e8b_2405,11610.6494140625
00e12e8b_2406,11610.6572265625
00e12e8b_2407,11610.650390625
00e12e8b_2408,11610.6484375
00e12e8b_2409,11610.69921875
00e12e8b_2410,11610.705078125
00e12e8b_2411,11610.708984375
00e12e8b_2412,11610.693359375
00e12e8b_2413,11610.701171875
00e12e8b_2414,11610.7333984375
00e12e8b_2415,11611.5537109375
00e12e8b_2416,11611.5634765625
00e12e8b_2417,11611.572265625
00e12e8b_2418,11611.5478515625
00e12e8b_2419,11611.56640625
00e12e8b_2420,11611.5595703125
00e12e8b_2421,11611.552734375
00e12e8b_2422,11611.5458984375
00e12e8b_2423,11611.5908203125
00e12e8b_2424,11611.560546875
00e12e8b_2425,11611.5576171875
00e12e8b_2426,11611.5673828125
00e12e8b_2427,11611.5732421875
00e12e8b_2428,11611.5966796875
00e12e8b_2429,11611.63671875
00e12e8b_2430,11611.6416015625
00e12e8b_2431,11611.63671875
00e12e8b_2432,11611.646484375
00e12e8b_2433,11611.6630859375
00e12e8b_2434,11611.6904296875
00e12e8b_2435,11611.65234375
00e12e8b_2436,11611.65625
00e12e8b_2437,11611.6552734375
00e12e8b_2438,11611.5869140625
00e12e8b_2439,11611.5712890625
00e12e8b_2440,11611.576171875
00e12e8b_2441,11611.6259765625
00e12e8b_2442,11611.5947265625
00e12e8b_2443,11611.638671875
00e12e8b_2444,11611.578125
00e12e8b_2445,11611.55078125
00e12e8b_2446,11611.5888671875
00e12e8b_2447,11611.5126953125
00e12e8b_2448,11611.533203125
00e12e8b_2449,11611.5224609375
00e12e8b_2450,11611.4287109375
00e12e8b_2451,11611.478515625
00e12e8b_2452,11611.4365234375
00e12e8b_2453,11611.47265625
00e12e8b_2454,11611.390625
00e12e8b_2455,11611.431640625
00e12e8b_2456,11611.4091796875
00e12e8b_2457,11612.3056640625
00e12e8b_2458,11612.2509765625
00e12e8b_2459,11612.318359375
00e12e8b_2460,11612.2685546875
00e12e8b_2461,11612.326171875
00e12e8b_2462,11612.27734375
00e12e8b_2463,11612.3076171875
00e12e8b_2464,11612.2861328125
00e12e8b_2465,11612.2802734375
00e12e8b_2466,11612.2939453125
00e12e8b_2467,11612.25390625
00e12e8b_2468,11612.322265625
00e12e8b_2469,11612.28515625
00e12e8b_2470,11612.294921875
00e12e8b_2471,11612.2890625
00e12e8b_2472,11612.2236328125
00e12e8b_2473,11612.3271484375
00e12e8b_2474,11612.341796875
00e12e8b_2475,11612.3359375
00e12e8b_2476,11612.310546875
00e12e8b_2477,11612.3681640625
00e12e8b_2478,11612.3564453125
00e12e8b_2479,11612.3037109375
00e12e8b_2480,11612.36328125
00e12e8b_2481,11612.361328125
00e12e8b_2482,11612.3623046875
00e12e8b_2483,11612.357421875
00e12e8b_2484,11612.3125
00e12e8b_2485,11612.353515625
00e12e8b_2486,11612.359375
00e12e8b_2487,11612.3125
00e12e8b_2488,11612.3212890625
00e12e8b_2489,11612.271484375
00e12e8b_2490,11612.34375
00e12e8b_2491,11612.3349609375
00e12e8b_2492,11612.359375
00e12e8b_2493,11612.3525390625
00e12e8b_2494,11612.3271484375
00e12e8b_2495,11612.3359375
00e12e8b_2496,11612.3388671875
00e12e8b_2497,11612.3271484375
00e12e8b_2498,11612.3193359375
00e12e8b_2499,11612.3017578125
00e12e8b_2500,11612.291015625
00e12e8b_2501,11612.2861328125
00e12e8b_2502,11612.2255859375
00e12e8b_2503,11612.26171875
00e12e8b_2504,11612.2958984375
00e12e8b_2505,11612.0859375
00e12e8b_2506,11612.033203125
00e12e8b_2507,11611.9375
00e12e8b_2508,11611.8876953125
00e12e8b_2509,11611.8349609375
00e12e8b_2510,11611.7841796875
00e12e8b_2511,11611.7451171875
00e12e8b_2512,11611.7373046875
00e12e8b_2513,11611.6953125
00e12e8b_2514,11611.6982421875
00e12e8b_2515,11611.7314453125
00e12e8b_2516,11611.8232421875
00e12e8b_2517,11611.6796875
00e12e8b_2518,11611.6728515625
00e12e8b_2519,11611.6259765625
00e12e8b_2520,11611.7021484375
00e12e8b_2521,11612.23046875
00e12e8b_2522,11612.3974609375
00e12e8b_2523,11612.1640625
00e12e8b_2524,11612.0947265625
00e12e8b_2525,11611.9501953125
00e12e8b_2526,11612.0673828125
00e12e8b_2527,11611.8779296875
00e12e8b_2528,11611.90234375
00e12e8b_2529,11611.9208984375
00e12e8b_2530,11611.994140625
00e12e8b_2531,11611.857421875
00e12e8b_2532,11611.8017578125
00e12e8b_2533,11611.8525390625
00e12e8b_2534,11611.8388671875
00e12e8b_2535,11611.974609375
00e12e8b_2536,11611.732421875
00e12e8b_2537,11611.7236328125
00e12e8b_2538,11611.70703125
00e12e8b_2539,11611.7099609375
00e12e8b_2540,11611.8623046875
00e12e8b_2541,11611.7216796875
00e12e8b_2542,11611.724609375
00e12e8b_2543,11611.7080078125
00e12e8b_2544,11611.662109375
00e12e8b_2545,11611.638671875
00e12e8b_2546,11611.6552734375
00e12e8b_2547,11611.8271484375
00e12e8b_2548,11611.646484375
00e12e8b_2549,11611.6376953125
00e12e8b_2550,11611.640625
00e12e8b_2551,11611.626953125
00e12e8b_2552,11611.619140625
00e12e8b_2553,11611.5947265625
00e12e8b_2554,11611.56640625
00e12e8b_2555,11611.5625
00e12e8b_2556,11611.5537109375
00e12e8b_2557,11611.744140625
00e12e8b_2558,11611.46484375
00e12e8b_2559,11611.4541015625
00e12e8b_2560,11611.4228515625
00e12e8b_2561,11611.3876953125
00e12e8b_2562,11611.3896484375
00e12e8b_2563,11611.9580078125
00e12e8b_2564,11611.9375
00e12e8b_2565,11611.916015625
00e12e8b_2566,11611.9365234375
00e12e8b_2567,11611.900390625
00e12e8b_2568,11611.8828125
00e12e8b_2569,11611.8916015625
00e12e8b_2570,11611.8818359375
00e12e8b_2571,11611.896484375
00e12e8b_2572,11611.8837890625
00e12e8b_2573,11611.8798828125
00e12e8b_2574,11611.875
00e12e8b_2575,11611.8740234375
00e12e8b_2576,11611.86328125
00e12e8b_2577,11611.8662109375
00e12e8b_2578,11611.853515625
00e12e8b_2579,11611.7978515625
00e12e8b_2580,11611.8837890625
00e12e8b_2581,11611.875
00e12e8b_2582,11611.8984375
00e12e8b_2583,11611.90625
00e12e8b_2584,11611.896484375
00e12e8b_2585,11611.8857421875
00e12e8b_2586,11611.873046875
00e12e8b_2587,11611.8798828125
00e12e8b_2588,11611.890625
00e12e8b_2589,11611.8212890625
00e12e8b_2590,11611.88671875
00e12e8b_2591,11611.8505859375
00e12e8b_2592,11611.861328125
00e12e8b_2593,11611.853515625
00e12e8b_2594,11611.853515625
00e12e8b_2595,11611.8154296875
00e12e8b_2596,11611.8720703125
00e12e8b_2597,11611.88671875
00e12e8b_2598,11611.849609375
00e12e8b_2599,11611.849609375
00e12e8b_2600,11611.8447265625
00e12e8b_2601,11611.8837890625
00e12e8b_2602,11611.9482421875
00e12e8b_2603,11611.9697265625
00e12e8b_2604,11612.0087890625
00e12e8b_2605,11611.9775390625
00e12e8b_2606,11612.021484375
00e12e8b_2607,11612.0
00e12e8b_2608,11612.0732421875
00e12e8b_2609,11612.12109375
00e12e8b_2610,11612.1640625
00e12e8b_2611,11612.177734375
00e12e8b_2612,11612.2197265625
00e12e8b_2613,11612.154296875
00e12e8b_2614,11612.20703125
00e12e8b_2615,11612.1748046875
00e12e8b_2616,11612.08984375
00e12e8b_2617,11612.1640625
00e12e8b_2618,11612.1611328125
00e12e8b_2619,11612.185546875
00e12e8b_2620,11612.1220703125
00e12e8b_2621,11612.1806640625
00e12e8b_2622,11612.1923828125
00e12e8b_2623,11612.1142578125
00e12e8b_2624,11612.15625
00e12e8b_2625,11612.173828125
00e12e8b_2626,11612.109375
00e12e8b_2627,11612.4345703125
00e12e8b_2628,11612.4580078125
00e12e8b_2629,11612.427734375
00e12e8b_2630,11612.380859375
00e12e8b_2631,11612.4365234375
00e12e8b_2632,11612.458984375
00e12e8b_2633,11612.4814453125
00e12e8b_2634,11612.3974609375
00e12e8b_2635,11612.4638671875
00e12e8b_2636,11612.4775390625
00e12e8b_2637,11612.47265625
00e12e8b_2638,11612.4453125
00e12e8b_2639,11612.4384765625
00e12e8b_2640,11612.365234375
00e12e8b_2641,11612.3525390625
00e12e8b_2642,11612.3935546875
00e12e8b_2643,11612.357421875
00e12e8b_2644,11612.2548828125
00e12e8b_2645,11612.228515625
00e12e8b_2646,11612.166015625
00e12e8b_2647,11612.08203125
00e12e8b_2648,11611.9697265625
00e12e8b_2649,11611.9755859375
00e12e8b_2650,11611.9501953125
00e12e8b_2651,11611.9306640625
00e12e8b_2652,11611.9296875
00e12e8b_2653,11611.9560546875
00e12e8b_2654,11611.8994140625
00e12e8b_2655,11611.806640625
00e12e8b_2656,11611.814453125
00e12e8b_2657,11611.8154296875
00e12e8b_2658,11611.806640625
00e12e8b_2659,11612.005859375
00e12e8b_2660,11611.806640625
00e12e8b_2661,11611.7880859375
00e12e8b_2662,11611.70703125
00e12e8b_2663,11611.693359375
00e12e8b_2664,11611.6953125
00e12e8b_2665,11611.7490234375
00e12e8b_2666,11611.91015625
00e12e8b_2667,11611.697265625
00e12e8b_2668,11612.9912109375
00e12e8b_2669,11613.0
00e12e8b_2670,11613.2197265625
00e12e8b_2671,11612.9951171875
00e12e8b_2672,11612.9482421875
00e12e8b_2673,11612.9541015625
00e12e8b_2674,11613.1845703125
00e12e8b_2675,11613.0439453125
00e12e8b_2676,11612.9970703125
00e12e8b_2677,11612.96875
00e12e8b_2678,11613.0966796875
00e12e8b_2679,11612.7568359375
00e12e8b_2680,11612.9130859375
00e12e8b_2681,11612.71484375
00e12e8b_2682,11612.7568359375
00e12e8b_2683,11612.9501953125
00e12e8b_2684,11612.763671875
00e12e8b_2685,11612.75
00e12e8b_2686,11612.9189453125
00e12e8b_2687,11612.7158203125
00e12e8b_2688,11612.8349609375
00e12e8b_2689,11612.7578125
00e12e8b_2690,11612.955078125
00e12e8b_2691,11612.7548828125
00e12e8b_2692,11612.9296875
00e12e8b_2693,11612.703125
00e12e8b_2694,11612.8662109375
00e12e8b_2695,11612.66015625
00e12e8b_2696,11612.8115234375
00e12e8b_2697,11612.7109375
00e12e8b_2698,11612.8828125
00e12e8b_2699,11612.673828125
00e12e8b_2700,11612.8662109375
00e12e8b_2701,11612.8671875
00e12e8b_2702,11612.6884765625
00e12e8b_2703,11612.830078125
00e12e8b_2704,11612.6435546875
00e12e8b_2705,11612.8056640625
00e12e8b_2706,11612.8037109375
00e12e8b_2707,11612.607421875
00e12e8b_2708,11612.7861328125
00e12e8b_2709,11612.728515625
00e12e8b_2710,11612.724609375
00e12e8b_2711,11612.556640625
00e12e8b_2712,11612.7314453125
00e12e8b_2713,11612.732421875
00e12e8b_2714,11612.5263671875
00e12e8b_2715,11612.7060546875
00e12e8b_2716,11612.71484375
00e12e8b_2717,11612.705078125
00e12e8b_2718,11612.693359375
00e12e8b_2719,11612.5185546875
00e12e8b_2720,11612.64453125
00e12e8b_2721,11612.64453125
00e12e8b_2722,11612.61328125
00e12e8b_2723,11612.630859375
00e12e8b_2724,11612.4482421875
00e12e8b_2725,11612.5771484375
00e12e8b_2726,11612.5595703125
00e12e8b_2727,11612.5693359375
00e12e8b_2728,11612.5771484375
00e12e8b_2729,11612.572265625
00e12e8b_2730,11612.552734375
00e12e8b_2731,11612.41015625
00e12e8b_2732,11612.5224609375
00e12e8b_2733,11612.478515625
00e12e8b_2734,11612.8037109375
00e12e8b_2735,11612.814453125
00e12e8b_2736,11612.7099609375
00e12e8b_2737,11612.697265625
00e12e8b_2738,11612.6865234375
00e12e8b_2739,11612.6748046875
00e12e8b_2740,11612.6962890625
00e12e8b_2741,11612.533203125
00e12e8b_2742,11612.6923828125
00e12e8b_2743,11612.6767578125
00e12e8b_2744,11612.66015625
00e12e8b_2745,11612.681640625
00e12e8b_2746,11612.701171875
00e12e8b_2747,11612.6884765625
00e12e8b_2748,11612.669921875
00e12e8b_2749,11612.6611328125
00e12e8b_2750,11612.6396484375
00e12e8b_2751,11612.609375
00e12e8b_2752,11612.646484375
00e12e8b_2753,11612.630859375
00e12e8b_2754,11612.7021484375
00e12e8b_2755,11612.6904296875
00e12e8b_2756,11612.6708984375
00e12e8b_2757,11612.640625
00e12e8b_2758,11612.64453125
00e12e8b_2759,11612.6201171875
00e12e8b_2760,11612.6533203125
00e12e8b_2761,11612.62109375
00e12e8b_2762,11612.7236328125
00e12e8b_2763,11612.578125
00e12e8b_2764,11612.5859375
00e12e8b_2765,11612.580078125
00e12e8b_2766,11612.5625
00e12e8b_2767,11612.54296875
00e12e8b_2768,11612.5625
00e12e8b_2769,11612.5390625
00e12e8b_2770,11612.5341796875
00e12e8b_2771,11612.529296875
00e12e8b_2772,11612.51953125
00e12e8b_2773,11613.0673828125
00e12e8b_2774,11612.931640625
00e12e8b_2775,11612.9619140625
00e12e8b_2776,11612.958984375
00e12e8b_2777,11612.935546875
00e12e8b_2778,11612.9345703125
00e12e8b_2779,11612.994140625
00e12e8b_2780,11612.8740234375
00e12e8b_2781,11612.873046875
00e12e8b_2782,11612.8583984375
00e12e8b_2783,11612.8583984375
00e12e8b_2784,11612.9189453125
00e12e8b_2785,11612.853515625
00e12e8b_2786,11612.8271484375
00e12e8b_2787,11612.8134765625
00e12e8b_2788,11612.791015625
00e12e8b_2789,11612.8603515625
00e12e8b_2790,11612.7734375
00e12e8b_2791,11612.7578125
00e12e8b_2792,11612.7275390625
00e12e8b_2793,11612.8076171875
00e12e8b_2794,11612.703125
00e12e8b_2795,11612.697265625
00e12e8b_2796,11612.681640625
00e12e8b_2797,11612.7861328125
00e12e8b_2798,11612.6865234375
00e12e8b_2799,11612.6708984375
00e12e8b_2800,11612.755859375
00e12e8b_2801,11612.6552734375
00e12e8b_2802,11612.625
00e12e8b_2803,11612.6953125
00e12e8b_2804,11612.59765625
00e12e8b_2805,11612.6015625
00e12e8b_2806,11612.6611328125
00e12e8b_2807,11612.55078125
00e12e8b_2808,11612.5166015625
00e12e8b_2809,11612.583984375
00e12e8b_2810,11612.490234375
00e12e8b_2811,11612.4677734375
00e12e8b_2812,11612.541015625
00e12e8b_2813,11612.4462890625
00e12e8b_2814,11612.4228515625
00e12e8b_2815,11612.5126953125
00e12e8b_2816,11612.4111328125
00e12e8b_2817,11612.4267578125
00e12e8b_2818,11612.5458984375
00e12e8b_2819,11612.447265625
00e12e8b_2820,11612.4306640625
00e12e8b_2821,11612.4375
00e12e8b_2822,11612.50390625
00e12e8b_2823,11612.40234375
00e12e8b_2824,11612.400390625
00e12e8b_2825,11612.38671875
00e12e8b_2826,11612.44921875
00e12e8b_2827,11612.3212890625
00e12e8b_2828,11612.3017578125
00e12e8b_2829,11612.279296875
00e12e8b_2830,11612.2998046875
00e12e8b_2831,11612.2900390625
00e12e8b_2832,11612.375
00e12e8b_2833,11612.298828125
00e12e8b_2834,11612.302734375
00e12e8b_2835,11612.291015625
00e12e8b_2836,11612.2841796875
00e12e8b_2837,11612.283203125
00e12e8b_2838,11612.3134765625
00e12e8b_2839,11612.3291015625
00e12e8b_2840,11612.337890625
00e12e8b_2841,11612.5224609375
00e12e8b_2842,11612.5009765625
00e12e8b_2843,11612.53515625
00e12e8b_2844,11612.533203125
00e12e8b_2845,11612.5263671875
00e12e8b_2846,11612.5166015625
00e12e8b_2847,11612.513671875
00e12e8b_2848,11612.517578125
00e12e8b_2849,11612.5185546875
00e12e8b_2850,11612.587890625
00e12e8b_2851,11612.5859375
00e12e8b_2852,11612.6591796875
00e12e8b_2853,11612.7607421875
00e12e8b_2854,11612.94921875
00e12e8b_2855,11612.8740234375
00e12e8b_2856,11613.0087890625
00e12e8b_2857,11612.9794921875
00e12e8b_2858,11612.91796875
00e12e8b_2859,11612.9912109375
00e12e8b_2860,11612.9990234375
00e12e8b_2861,11612.9267578125
00e12e8b_2862,11613.048828125
00e12e8b_2863,11613.021484375
00e12e8b_2864,11613.0087890625
00e12e8b_2865,11612.88671875
00e12e8b_2866,11613.0078125
00e12e8b_2867,11613.0009765625
00e12e8b_2868,11612.9951171875
00e12e8b_2869,11612.865234375
00e12e8b_2870,11612.9482421875
00e12e8b_2871,11612.978515625
00e12e8b_2872,11612.8310546875
00e12e8b_2873,11612.9716796875
00e12e8b_2874,11612.912109375
00e12e8b_2875,11612.6923828125
00e12e8b_2876,11612.82421875
00e12e8b_2877,11612.4091796875
00e12e8b_2878,11612.2568359375
00e12e8b_2879,11612.71484375
00e12e8b_2880,11612.5390625
00e12e8b_2881,11612.6875
00e12e8b_2882,11612.5322265625
00e12e8b_2883,11612.6494140625
00e12e8b_2884,11612.443359375
00e12e8b_2885,11612.6044921875
00e12e8b_2886,11612.494140625
00e12e8b_2887,11612.54296875
00e12e8b_2888,11612.421875
00e12e8b_2889,11612.5908203125
00e12e8b_2890,11612.4765625
00e12e8b_2891,11612.6025390625
00e12e8b_2892,11612.458984375
00e12e8b_2893,11612.578125
00e12e8b_2894,11612.451171875
00e12e8b_2895,11612.42578125
00e12e8b_2896,11612.5517578125
00e12e8b_2897,11612.49609375
00e12e8b_2898,11612.595703125
00e12e8b_2899,11612.53125
00e12e8b_2900,11612.6796875
00e12e8b_2901,11613.0244140625
00e12e8b_2902,11612.9462890625
00e12e8b_2903,11612.9814453125
00e12e8b_2904,11613.0390625
00e12e8b_2905,11613.1767578125
00e12e8b_2906,11613.05859375
00e12e8b_2907,11613.0986328125
00e12e8b_2908,11613.2412109375
00e12e8b_2909,11613.1005859375
00e12e8b_2910,11613.123046875
00e12e8b_2911,11613.2568359375
00e12e8b_2912,11613.1572265625
00e12e8b_2913,11613.1728515625
00e12e8b_2914,11613.322265625
00e12e8b_2915,11613.2041015625
00e12e8b_2916,11613.32421875
00e12e8b_2917,11613.2099609375
00e12e8b_2918,11613.3134765625
00e12e8b_2919,11613.2265625
00e12e8b_2920,11613.3603515625
00e12e8b_2921,11613.2919921875
00e12e8b_2922,11613.443359375
00e12e8b_2923,11613.412109375
00e12e8b_2924,11613.2880859375
00e12e8b_2925,11613.416015625
00e12e8b_2926,11613.4140625
00e12e8b_2927,11613.2685546875
00e12e8b_2928,11613.3779296875
00e12e8b_2929,11613.388671875
00e12e8b_2930,11613.2509765625
00e12e8b_2931,11613.40625
00e12e8b_2932,11613.4052734375
00e12e8b_2933,11613.427734375
00e12e8b_2934,11613.4736328125
00e12e8b_2935,11613.462890625
00e12e8b_2936,11613.4951171875
00e12e8b_2937,11613.4453125
00e12e8b_2938,11613.578125
00e12e8b_2939,11613.587890625
00e12e8b_2940,11613.5703125
00e12e8b_2941,11613.5673828125
00e12e8b_2942,11613.5625
00e12e8b_2943,11613.55078125
00e12e8b_2944,11613.6572265625
00e12e8b_2945,11613.5546875
00e12e8b_2946,11613.5380859375
00e12e8b_2947,11613.5234375
00e12e8b_2948,11613.5283203125
00e12e8b_2949,11613.54296875
00e12e8b_2950,11613.5380859375
00e12e8b_2951,11613.63671875
00e12e8b_2952,11613.548828125
00e12e8b_2953,11613.71484375
00e12e8b_2954,11613.7119140625
00e12e8b_2955,11613.7900390625
00e12e8b_2956,11613.7216796875
00e12e8b_2957,11613.6943359375
00e12e8b_2958,11613.7646484375
00e12e8b_2959,11613.67578125
00e12e8b_2960,11613.7490234375
00e12e8b_2961,11613.6923828125
00e12e8b_2962,11613.8125
00e12e8b_2963,11613.7451171875
00e12e8b_2964,11613.83203125
00e12e8b_2965,11613.740234375
00e12e8b_2966,11613.9228515625
00e12e8b_2967,11613.87109375
00e12e8b_2968,11613.9560546875
00e12e8b_2969,11613.8564453125
00e12e8b_2970,11613.97265625
00e12e8b_2971,11613.96484375
00e12e8b_2972,11613.876953125
00e12e8b_2973,11613.95703125
00e12e8b_2974,11613.935546875
00e12e8b_2975,11613.87890625
00e12e8b_2976,11613.7646484375
00e12e8b_2977,11613.8505859375
00e12e8b_2978,11613.8525390625
00e12e8b_2979,11613.8408203125
00e12e8b_2980,11613.8232421875
00e12e8b_2981,11613.833984375
00e12e8b_2982,11613.7412109375
00e12e8b_2983,11613.8154296875
00e12e8b_2984,11613.8095703125
00e12e8b_2985,11614.0146484375
00e12e8b_2986,11614.0068359375
00e12e8b_2987,11614.0029296875
00e12e8b_2988,11613.970703125
00e12e8b_2989,11613.9853515625
00e12e8b_2990,11613.9794921875
00e12e8b_2991,11613.9423828125
00e12e8b_2992,11613.9814453125
00e12e8b_2993,11613.9423828125
00e12e8b_2994,11613.9326171875
00e12e8b_2995,11613.9521484375
00e12e8b_2996,11613.923828125
00e12e8b_2997,11613.8876953125
00e12e8b_2998,11613.9111328125
00e12e8b_2999,11613.8759765625
00e12e8b_3000,11613.8642578125
00e12e8b_3001,11613.8798828125
00e12e8b_3002,11613.8408203125
00e12e8b_3003,11613.8642578125
00e12e8b_3004,11613.8623046875
00e12e8b_3005,11613.876953125
00e12e8b_3006,11613.8515625
00e12e8b_3007,11613.841796875
00e12e8b_3008,11613.8642578125
00e12e8b_3009,11613.8603515625
00e12e8b_3010,11613.859375
00e12e8b_3011,11613.857421875
00e12e8b_3012,11613.859375
00e12e8b_3013,11613.8642578125
00e12e8b_3014,11613.849609375
00e12e8b_3015,11613.8583984375
00e12e8b_3016,11613.837890625
00e12e8b_3017,11613.8017578125
00e12e8b_3018,11613.8017578125
00e12e8b_3019,11613.81640625
00e12e8b_3020,11613.78515625
00e12e8b_3021,11613.791015625
00e12e8b_3022,11613.783203125
00e12e8b_3023,11613.8037109375
00e12e8b_3024,11613.7421875
00e12e8b_3025,11613.75
00e12e8b_3026,11613.748046875
00e12e8b_3027,11613.771484375
00e12e8b_3028,11613.7138671875
00e12e8b_3029,11613.6943359375
00e12e8b_3030,11613.6455078125
00e12e8b_3031,11613.5927734375
00e12e8b_3032,11613.5830078125
00e12e8b_3033,11613.5390625
00e12e8b_3034,11613.49609375
00e12e8b_3035,11613.521484375
00e12e8b_3036,11613.419921875
00e12e8b_3037,11613.4189453125
00e12e8b_3038,11613.400390625
00e12e8b_3039,11613.4375
00e12e8b_3040,11613.4287109375
00e12e8b_3041,11613.4033203125
00e12e8b_3042,11613.34375
00e12e8b_3043,11613.3779296875
00e12e8b_3044,11613.322265625
00e12e8b_3045,11613.30078125
00e12e8b_3046,11613.244140625
00e12e8b_3047,11613.2724609375
00e12e8b_3048,11613.2939453125
00e12e8b_3049,11613.263671875
00e12e8b_3050,11613.2646484375
00e12e8b_3051,11613.2626953125
00e12e8b_3052,11613.2744140625
00e12e8b_3053,11613.28515625
00e12e8b_3054,11613.2724609375
00e12e8b_3055,11613.255859375
00e12e8b_3056,11613.2939453125
00e12e8b_3057,11613.3203125
00e12e8b_3058,11613.2841796875
00e12e8b_3059,11613.234375
00e12e8b_3060,11613.251953125
00e12e8b_3061,11613.509765625
00e12e8b_3062,11613.509765625
00e12e8b_3063,11613.517578125
00e12e8b_3064,11613.48046875
00e12e8b_3065,11613.466796875
00e12e8b_3066,11613.4873046875
00e12e8b_3067,11613.4755859375
00e12e8b_3068,11613.49609375
00e12e8b_3069,11613.44921875
00e12e8b_3070,11613.4462890625
00e12e8b_3071,11613.4365234375
00e12e8b_3072,11613.40625
00e12e8b_3073,11613.4287109375
00e12e8b_3074,11613.4052734375
00e12e8b_3075,11613.4267578125
00e12e8b_3076,11613.3955078125
00e12e8b_3077,11613.3818359375
00e12e8b_3078,11613.3408203125
00e12e8b_3079,11613.337890625
00e12e8b_3080,11613.2822265625
00e12e8b_3081,11613.2724609375
00e12e8b_3082,11613.244140625
00e12e8b_3083,11613.2138671875
00e12e8b_3084,11613.2138671875
00e12e8b_3085,11613.2705078125
00e12e8b_3086,11613.216796875
00e12e8b_3087,11613.212890625
00e12e8b_3088,11613.2080078125
00e12e8b_3089,11613.142578125
00e12e8b_3090,11613.5830078125
00e12e8b_3091,11613.59375
00e12e8b_3092,11613.62109375
00e12e8b_3093,11613.5712890625
00e12e8b_3094,11613.5263671875
00e12e8b_3095,11613.5703125
00e12e8b_3096,11613.576171875
00e12e8b_3097,11613.5625
00e12e8b_3098,11613.568359375
00e12e8b_3099,11613.580078125
00e12e8b_3100,11613.5400390625
00e12e8b_3101,11613.53515625
00e12e8b_3102,11613.5673828125
00e12e8b_3103,11613.5654296875
00e12e8b_3104,11613.61328125
00e12e8b_3105,11613.5732421875
00e12e8b_3106,11613.560546875
00e12e8b_3107,11613.537109375
00e12e8b_3108,11613.578125
00e12e8b_3109,11613.525390625
00e12e8b_3110,11613.4638671875
00e12e8b_3111,11613.4296875
00e12e8b_3112,11613.392578125
00e12e8b_3113,11613.375
00e12e8b_3114,11613.375
00e12e8b_3115,11613.3466796875
00e12e8b_3116,11613.3369140625
00e12e8b_3117,11613.3603515625
00e12e8b_3118,11613.3095703125
00e12e8b_3119,11613.2763671875
00e12e8b_3120,11613.2890625
00e12e8b_3121,11613.23828125
00e12e8b_3122,11613.2294921875
00e12e8b_3123,11613.181640625
00e12e8b_3124,11613.177734375
00e12e8b_3125,11613.130859375
00e12e8b_3126,11613.1171875
00e12e8b_3127,11613.087890625
00e12e8b_3128,11613.0693359375
00e12e8b_3129,11613.05078125
00e12e8b_3130,11612.9638671875
00e12e8b_3131,11613.001953125
00e12e8b_3132,11612.9580078125
00e12e8b_3133,11612.9716796875
00e12e8b_3134,11612.935546875
00e12e8b_3135,11612.919921875
00e12e8b_3136,11612.9228515625
00e12e8b_3137,11612.89453125
00e12e8b_3138,11612.845703125
00e12e8b_3139,11612.8203125
00e12e8b_3140,11612.8271484375
00e12e8b_3141,11612.794921875
00e12e8b_3142,11612.6494140625
00e12e8b_3143,11612.6494140625
00e12e8b_3144,11612.56640625
00e12e8b_3145,11612.5439453125
00e12e8b_3146,11612.484375
00e12e8b_3147,11612.4853515625
00e12e8b_3148,11612.4267578125
00e12e8b_3149,11612.439453125
00e12e8b_3150,11612.3125
00e12e8b_3151,11612.1806640625
00e12e8b_3152,11612.0712890625
00e12e8b_3153,11611.87890625
00e12e8b_3154,11611.6708984375
00e12e8b_3155,11611.5458984375
00e12e8b_3156,11611.4462890625
00e12e8b_3157,11611.35546875
00e12e8b_3158,11611.3642578125
00e12e8b_3159,11611.29296875
00e12e8b_3160,11611.23046875
00e12e8b_3161,11611.0810546875
00e12e8b_3162,11611.02734375
00e12e8b_3163,11610.875
00e12e8b_3164,11610.8603515625
00e12e8b_3165,11610.7763671875
00e12e8b_3166,11610.787109375
00e12e8b_3167,11610.7744140625
00e12e8b_3168,11611.333984375
00e12e8b_3169,11611.2021484375
00e12e8b_3170,11611.1728515625
00e12e8b_3171,11611.1025390625
00e12e8b_3172,11611.0673828125
00e12e8b_3173,11611.09765625
00e12e8b_3174,11611.025390625
00e12e8b_3175,11610.9619140625
00e12e8b_3176,11610.9443359375
00e12e8b_3177,11610.90625
00e12e8b_3178,11610.8076171875
00e12e8b_3179,11610.626953125
00e12e8b_3180,11610.54296875
00e12e8b_3181,11610.541015625
00e12e8b_3182,11610.5166015625
00e12e8b_3183,11610.5
00e12e8b_3184,11610.4658203125
00e12e8b_3185,11610.380859375
00e12e8b_3186,11610.3779296875
00e12e8b_3187,11610.34375
00e12e8b_3188,11610.283203125
00e12e8b_3189,11610.099609375
00e12e8b_3190,11609.98046875
00e12e8b_3191,11609.9169921875
00e12e8b_3192,11609.8115234375
00e12e8b_3193,11609.78125
00e12e8b_3194,11609.7080078125
00e12e8b_3195,11610.4921875
00e12e8b_3196,11610.3798828125
00e12e8b_3197,11610.3046875
00e12e8b_3198,11610.2421875
00e12e8b_3199,11610.2705078125
00e12e8b_3200,11610.150390625
00e12e8b_3201,11610.0478515625
00e12e8b_3202,11609.9912109375
00e12e8b_3203,11609.970703125
00e12e8b_3204,11609.9150390625
00e12e8b_3205,11609.9443359375
00e12e8b_3206,11609.908203125
00e12e8b_3207,11609.9169921875
00e12e8b_3208,11609.8359375
00e12e8b_3209,11609.78125
00e12e8b_3210,11609.7646484375
00e12e8b_3211,11609.732421875
00e12e8b_3212,11609.720703125
00e12e8b_3213,11609.615234375
00e12e8b_3214,11609.638671875
00e12e8b_3215,11609.6591796875
00e12e8b_3216,11609.63671875
00e12e8b_3217,11609.58203125
00e12e8b_3218,11609.4892578125
00e12e8b_3219,11609.5
00e12e8b_3220,11609.5009765625
00e12e8b_3221,11609.4560546875
00e12e8b_3222,11609.48046875
00e12e8b_3223,11609.44921875
00e12e8b_3224,11609.4716796875
00e12e8b_3225,11609.4140625
00e12e8b_3226,11609.4736328125
00e12e8b_3227,11609.447265625
00e12e8b_3228,11609.4091796875
00e12e8b_3229,11609.4365234375
00e12e8b_3230,11609.3896484375
00e12e8b_3231,11609.41015625
00e12e8b_3232,11609.3447265625
00e12e8b_3233,11609.375
00e12e8b_3234,11609.3896484375
00e12e8b_3235,11609.416015625
00e12e8b_3236,11609.4091796875
00e12e8b_3237,11609.3310546875
00e12e8b_3238,11609.31640625
00e12e8b_3239,11609.333984375
00e12e8b_3240,11609.3125
00e12e8b_3241,11609.3095703125
00e12e8b_3242,11609.2880859375
00e12e8b_3243,11609.27734375
00e12e8b_3244,11609.3017578125
00e12e8b_3245,11609.2861328125
00e12e8b_3246,11609.2822265625
00e12e8b_3247,11609.2705078125
00e12e8b_3248,11609.298828125
00e12e8b_3249,11609.2255859375
00e12e8b_3250,11609.318359375
00e12e8b_3251,11609.28125
00e12e8b_3252,11609.25390625
00e12e8b_3253,11609.2294921875
00e12e8b_3254,11609.0419921875
00e12e8b_3255,11609.01171875
00e12e8b_3256,11608.841796875
00e12e8b_3257,11608.74609375
00e12e8b_3258,11608.546875
00e12e8b_3259,11608.5146484375
00e12e8b_3260,11608.5556640625
00e12e8b_3261,11608.515625
00e12e8b_3262,11608.49609375
00e12e8b_3263,11608.4921875
00e12e8b_3264,11608.4921875
00e12e8b_3265,11608.47265625
00e12e8b_3266,11608.482421875
00e12e8b_3267,11608.478515625
00e12e8b_3268,11608.478515625
00e12e8b_3269,11608.4365234375
00e12e8b_3270,11609.3251953125
00e12e8b_3271,11609.3095703125
00e12e8b_3272,11609.359375
00e12e8b_3273,11609.2958984375
00e12e8b_3274,11609.287109375
00e12e8b_3275,11609.2607421875
00e12e8b_3276,11609.2373046875
00e12e8b_3277,11609.2041015625
00e12e8b_3278,11609.0546875
00e12e8b_3279,11609.029296875
00e12e8b_3280,11608.9921875
00e12e8b_3281,11608.970703125
00e12e8b_3282,11608.916015625
00e12e8b_3283,11608.884765625
00e12e8b_3284,11608.736328125
00e12e8b_3285,11608.6962890625
00e12e8b_3286,11608.6435546875
00e12e8b_3287,11608.630859375
00e12e8b_3288,11608.5419921875
00e12e8b_3289,11608.48828125
00e12e8b_3290,11608.46484375
00e12e8b_3291,11608.4765625
00e12e8b_3292,11608.4580078125
00e12e8b_3293,11608.462890625
00e12e8b_3294,11608.4453125
00e12e8b_3295,11608.4580078125
00e12e8b_3296,11608.4638671875
00e12e8b_3297,11608.5009765625
00e12e8b_3298,11608.3984375
00e12e8b_3299,11608.400390625
00e12e8b_3300,11608.380859375
00e12e8b_3301,11608.3662109375
00e12e8b_3302,11609.32421875
00e12e8b_3303,11609.306640625
00e12e8b_3304,11609.2802734375
00e12e8b_3305,11609.2421875
00e12e8b_3306,11609.2509765625
00e12e8b_3307,11609.1669921875
00e12e8b_3308,11609.1318359375
00e12e8b_3309,11609.107421875
00e12e8b_3310,11609.0576171875
00e12e8b_3311,11609.0478515625
00e12e8b_3312,11608.9921875
00e12e8b_3313,11608.8984375
00e12e8b_3314,11608.900390625
00e12e8b_3315,11608.888671875
00e12e8b_3316,11608.884765625
00e12e8b_3317,11608.8193359375
00e12e8b_3318,11608.6865234375
00e12e8b_3319,11608.6376953125
00e12e8b_3320,11608.50390625
00e12e8b_3321,11608.2138671875
00e12e8b_3322,11608.2119140625
00e12e8b_3323,11608.03125
00e12e8b_3324,11607.890625
00e12e8b_3325,11607.8916015625
00e12e8b_3326,11607.8603515625
00e12e8b_3327,11607.841796875
00e12e8b_3328,11607.7734375
00e12e8b_3329,11607.748046875
00e12e8b_3330,11607.7421875
00e12e8b_3331,11607.69140625
00e12e8b_3332,11607.6376953125
00e12e8b_3333,11607.6337890625
00e12e8b_3334,11607.623046875
00e12e8b_3335,11607.6328125
00e12e8b_3336,11607.6083984375
00e12e8b_3337,11607.580078125
00e12e8b_3338,11607.58984375
00e12e8b_3339,11607.6162109375
00e12e8b_3340,11607.6162109375
00e12e8b_3341,11607.6357421875
00e12e8b_3342,11607.5888671875
00e12e8b_3343,11607.5791015625
00e12e8b_3344,11607.5908203125
00e12e8b_3345,11607.5478515625
00e12e8b_3346,11607.525390625
00e12e8b_3347,11607.5517578125
00e12e8b_3348,11607.4990234375
00e12e8b_3349,11607.5107421875
00e12e8b_3350,11607.50390625
00e12e8b_3351,11607.494140625
00e12e8b_3352,11607.47265625
00e12e8b_3353,11607.451171875
00e12e8b_3354,11607.3671875
00e12e8b_3355,11607.3466796875
00e12e8b_3356,11607.2890625
00e12e8b_3357,11607.228515625
00e12e8b_3358,11607.216796875
00e12e8b_3359,11607.0849609375
00e12e8b_3360,11607.041015625
00e12e8b_3361,11606.9970703125
00e12e8b_3362,11606.88671875
00e12e8b_3363,11606.822265625
00e12e8b_3364,11606.822265625
00e12e8b_3365,11606.814453125
00e12e8b_3366,11606.783203125
00e12e8b_3367,11606.744140625
00e12e8b_3368,11606.7685546875
00e12e8b_3369,11606.7490234375
00e12e8b_3370,11607.5029296875
00e12e8b_3371,11607.490234375
00e12e8b_3372,11607.50390625
00e12e8b_3373,11607.51171875
00e12e8b_3374,11607.4423828125
00e12e8b_3375,11607.5361328125
00e12e8b_3376,11607.43359375
00e12e8b_3377,11607.443359375
00e12e8b_3378,11607.4609375
00e12e8b_3379,11607.423828125
00e12e8b_3380,11607.48046875
00e12e8b_3381,11607.4912109375
00e12e8b_3382,11607.51953125
00e12e8b_3383,11607.5244140625
00e12e8b_3384,11607.4833984375
00e12e8b_3385,11607.4951171875
00e12e8b_3386,11607.48828125
00e12e8b_3387,11607.4892578125
00e12e8b_3388,11607.451171875
00e12e8b_3389,11607.44140625
00e12e8b_3390,11607.4736328125
00e12e8b_3391,11607.4052734375
00e12e8b_3392,11607.328125
00e12e8b_3393,11607.328125
00e12e8b_3394,11607.33203125
00e12e8b_3395,11607.28125
00e12e8b_3396,11607.2373046875
00e12e8b_3397,11607.205078125
00e12e8b_3398,11607.201171875
00e12e8b_3399,11607.201171875
00e12e8b_3400,11607.0673828125
00e12e8b_3401,11607.0380859375
00e12e8b_3402,11607.01171875
00e12e8b_3403,11606.9970703125
00e12e8b_3404,11606.9140625
00e12e8b_3405,11606.8681640625
00e12e8b_3406,11606.841796875
00e12e8b_3407,11606.83203125
00e12e8b_3408,11606.8564453125
00e12e8b_3409,11606.8447265625
00e12e8b_3410,11607.7314453125
00e12e8b_3411,11607.7021484375
00e12e8b_3412,11607.7041015625
00e12e8b_3413,11607.6728515625
00e12e8b_3414,11607.666015625
00e12e8b_3415,11607.6513671875
00e12e8b_3416,11607.6552734375
00e12e8b_3417,11607.65625
00e12e8b_3418,11607.6484375
00e12e8b_3419,11607.6279296875
00e12e8b_3420,11607.658203125
00e12e8b_3421,11607.6318359375
00e12e8b_3422,11607.634765625
00e12e8b_3423,11607.5947265625
00e12e8b_3424,11607.5751953125
00e12e8b_3425,11607.5810546875
00e12e8b_3426,11607.5830078125
00e12e8b_3427,11607.5703125
00e12e8b_3428,11607.5546875
00e12e8b_3429,11607.5419921875
00e12e8b_3430,11607.5205078125
00e12e8b_3431,11607.509765625
00e12e8b_3432,11607.603515625
00e12e8b_3433,11607.4423828125
00e12e8b_3434,11607.4521484375
00e12e8b_3435,11607.4267578125
00e12e8b_3436,11607.447265625
00e12e8b_3437,11607.4384765625
00e12e8b_3438,11607.416015625
00e12e8b_3439,11607.419921875
00e12e8b_3440,11607.5390625
00e12e8b_3441,11607.423828125
00e12e8b_3442,11607.3759765625
00e12e8b_3443,11607.3828125
00e12e8b_3444,11607.365234375
00e12e8b_3445,11607.4609375
00e12e8b_3446,11607.3525390625
00e12e8b_3447,11607.328125
00e12e8b_3448,11607.427734375
00e12e8b_3449,11607.3095703125
00e12e8b_3450,11607.2998046875
00e12e8b_3451,11607.30078125
00e12e8b_3452,11607.3583984375
00e12e8b_3453,11607.25
00e12e8b_3454,11607.2236328125
00e12e8b_3455,11607.341796875
00e12e8b_3456,11607.2109375
00e12e8b_3457,11607.1787109375
00e12e8b_3458,11606.978515625
00e12e8b_3459,11606.9248046875
00e12e8b_3460,11606.9794921875
00e12e8b_3461,11606.86328125
00e12e8b_3462,11606.9033203125
00e12e8b_3463,11606.640625
00e12e8b_3464,11606.728515625
00e12e8b_3465,11606.4990234375
00e12e8b_3466,11606.5361328125
00e12e8b_3467,11606.4326171875
00e12e8b_3468,11606.515625
00e12e8b_3469,11606.4296875
00e12e8b_3470,11606.5166015625
00e12e8b_3471,11606.4052734375
00e12e8b_3472,11607.2158203125
00e12e8b_3473,11607.2001953125
00e12e8b_3474,11607.08203125
00e12e8b_3475,11607.1640625
00e12e8b_3476,11607.0341796875
00e12e8b_3477,11607.1064453125
00e12e8b_3478,11606.9892578125
00e12e8b_3479,11606.8818359375
00e12e8b_3480,11606.8984375
00e12e8b_3481,11606.841796875
00e12e8b_3482,11606.6943359375
00e12e8b_3483,11606.712890625
00e12e8b_3484,11606.6298828125
00e12e8b_3485,11606.53515625
00e12e8b_3486,11606.431640625
00e12e8b_3487,11606.5361328125
00e12e8b_3488,11606.548828125
00e12e8b_3489,11606.560546875
00e12e8b_3490,11606.4521484375
00e12e8b_3491,11606.5126953125
00e12e8b_3492,11606.5341796875
00e12e8b_3493,11606.5029296875
00e12e8b_3494,11606.478515625
00e12e8b_3495,11606.3701171875
00e12e8b_3496,11606.49609375
00e12e8b_3497,11606.46484375
00e12e8b_3498,11606.423828125
00e12e8b_3499,11606.412109375
00e12e8b_3500,11606.4072265625
00e12e8b_3501,11606.37109375
00e12e8b_3502,11606.3212890625
00e12e8b_3503,11606.2900390625
00e12e8b_3504,11606.1767578125
00e12e8b_3505,11606.263671875
00e12e8b_3506,11606.25390625
00e12e8b_3507,11606.2314453125
00e12e8b_3508,11606.1806640625
00e12e8b_3509,11606.158203125
00e12e8b_3510,11606.072265625
00e12e8b_3511,11606.033203125
00e12e8b_3512,11605.9052734375
00e12e8b_3513,11605.8671875
00e12e8b_3514,11605.7724609375
00e12e8b_3515,11605.783203125
00e12e8b_3516,11605.7666015625
00e12e8b_3517,11605.724609375
00e12e8b_3518,11606.4658203125
00e12e8b_3519,11606.455078125
00e12e8b_3520,11606.4580078125
00e12e8b_3521,11606.4423828125
00e12e8b_3522,11606.42578125
00e12e8b_3523,11606.4267578125
00e12e8b_3524,11606.4912109375
00e12e8b_3525,11606.4130859375
00e12e8b_3526,11606.4111328125
00e12e8b_3527,11606.408203125
00e12e8b_3528,11606.3779296875
00e12e8b_3529,11606.3603515625
00e12e8b_3530,11606.3623046875
00e12e8b_3531,11606.306640625
00e12e8b_3532,11606.2890625
00e12e8b_3533,11606.2373046875
00e12e8b_3534,11606.2509765625
00e12e8b_3535,11606.1357421875
00e12e8b_3536,11606.0703125
00e12e8b_3537,11606.0908203125
00e12e8b_3538,11605.9853515625
00e12e8b_3539,11605.9892578125
00e12e8b_3540,11605.96875
00e12e8b_3541,11605.9931640625
00e12e8b_3542,11605.9306640625
00e12e8b_3543,11605.7958984375
00e12e8b_3544,11605.7158203125
00e12e8b_3545,11605.703125
00e12e8b_3546,11605.6669921875
00e12e8b_3547,11605.568359375
00e12e8b_3548,11605.5458984375
00e12e8b_3549,11605.501953125
00e12e8b_3550,11605.4365234375
00e12e8b_3551,11605.4453125
00e12e8b_3552,11605.3681640625
00e12e8b_3553,11605.3798828125
00e12e8b_3554,11605.31640625
00e12e8b_3555,11605.34765625
00e12e8b_3556,11605.314453125
00e12e8b_3557,11605.2568359375
00e12e8b_3558,11605.2587890625
00e12e8b_3559,11605.220703125
00e12e8b_3560,11605.1650390625
00e12e8b_3561,11605.1298828125
00e12e8b_3562,11605.0927734375
00e12e8b_3563,11605.1240234375
00e12e8b_3564,11605.0830078125
00e12e8b_3565,11605.05859375
00e12e8b_3566,11605.0947265625
00e12e8b_3567,11605.056640625
00e12e8b_3568,11605.017578125
00e12e8b_3569,11605.0556640625
00e12e8b_3570,11605.0126953125
00e12e8b_3571,11604.984375
00e12e8b_3572,11604.97265625
00e12e8b_3573,11604.8447265625
00e12e8b_3574,11605.240234375
00e12e8b_3575,11605.142578125
00e12e8b_3576,11605.08203125
00e12e8b_3577,11605.095703125
00e12e8b_3578,11605.0419921875
00e12e8b_3579,11604.978515625
00e12e8b_3580,11605.009765625
00e12e8b_3581,11604.9677734375
00e12e8b_3582,11604.94140625
00e12e8b_3583,11604.9111328125
00e12e8b_3584,11604.9013671875
00e12e8b_3585,11604.8349609375
00e12e8b_3586,11604.822265625
00e12e8b_3587,11604.79296875
00e12e8b_3588,11604.751953125
00e12e8b_3589,11604.720703125
00e12e8b_3590,11604.7607421875
00e12e8b_3591,11604.759765625
00e12e8b_3592,11604.693359375
00e12e8b_3593,11604.6787109375
00e12e8b_3594,11604.5693359375
00e12e8b_3595,11604.525390625
00e12e8b_3596,11604.392578125
00e12e8b_3597,11604.2861328125
00e12e8b_3598,11604.193359375
00e12e8b_3599,11604.0322265625
00e12e8b_3600,11604.046875
00e12e8b_3601,11603.986328125
00e12e8b_3602,11603.943359375
00e12e8b_3603,11603.9716796875
00e12e8b_3604,11603.904296875
00e12e8b_3605,11603.8388671875
00e12e8b_3606,11603.712890625
00e12e8b_3607,11603.662109375
00e12e8b_3608,11603.662109375
00e12e8b_3609,11603.6123046875
00e12e8b_3610,11603.546875
00e12e8b_3611,11603.537109375
00e12e8b_3612,11603.5517578125
00e12e8b_3613,11603.544921875
00e12e8b_3614,11603.52734375
00e12e8b_3615,11603.533203125
00e12e8b_3616,11603.4892578125
00e12e8b_3617,11603.4912109375
00e12e8b_3618,11603.4912109375
00e12e8b_3619,11603.439453125
00e12e8b_3620,11603.45703125
00e12e8b_3621,11603.3857421875
00e12e8b_3622,11603.4013671875
00e12e8b_3623,11603.38671875
00e12e8b_3624,11603.3720703125
00e12e8b_3625,11603.6328125
00e12e8b_3626,11603.6025390625
00e12e8b_3627,11603.689453125
00e12e8b_3628,11603.6689453125
00e12e8b_3629,11603.63671875
00e12e8b_3630,11603.642578125
00e12e8b_3631,11603.64453125
00e12e8b_3632,11603.681640625
00e12e8b_3633,11603.7119140625
00e12e8b_3634,11603.9716796875
00e12e8b_3635,11604.0947265625
00e12e8b_3636,11604.130859375
00e12e8b_3637,11604.2265625
00e12e8b_3638,11604.298828125
00e12e8b_3639,11604.3984375
00e12e8b_3640,11604.3662109375
00e12e8b_3641,11604.30859375
00e12e8b_3642,11604.3115234375
00e12e8b_3643,11604.3125
00e12e8b_3644,11604.24609375
00e12e8b_3645,11604.2392578125
00e12e8b_3646,11604.240234375
00e12e8b_3647,11604.2607421875
00e12e8b_3648,11604.3076171875
00e12e8b_3649,11604.4033203125
00e12e8b_3650,11604.4169921875
00e12e8b_3651,11604.35546875
00e12e8b_3652,11604.3203125
00e12e8b_3653,11604.2841796875
00e12e8b_3654,11604.2529296875
00e12e8b_3655,11604.1748046875
00e12e8b_3656,11604.05078125
00e12e8b_3657,11603.935546875
00e12e8b_3658,11603.8466796875
00e12e8b_3659,11603.845703125
00e12e8b_3660,11603.8662109375
00e12e8b_3661,11603.8837890625
00e12e8b_3662,11603.8544921875
00e12e8b_3663,11603.8359375
00e12e8b_3664,11603.9033203125
00e12e8b_3665,11603.8798828125
00e12e8b_3666,11603.84375
00e12e8b_3667,11603.8662109375
00e12e8b_3668,11603.84765625
00e12e8b_3669,11603.767578125
00e12e8b_3670,11603.7646484375
00e12e8b_3671,11603.693359375
00e12e8b_3672,11603.7294921875
00e12e8b_3673,11603.7783203125
00e12e8b_3674,11603.6796875
00e12e8b_3675,11603.6748046875
00e12e8b_3676,11603.6689453125
00e12e8b_3677,11603.619140625
00e12e8b_3678,11603.896484375
00e12e8b_3679,11603.8095703125
00e12e8b_3680,11603.685546875
00e12e8b_3681,11603.537109375
00e12e8b_3682,11603.484375
00e12e8b_3683,11603.4287109375
00e12e8b_3684,11603.3251953125
00e12e8b_3685,11603.3271484375
00e12e8b_3686,11603.2763671875
00e12e8b_3687,11603.2119140625
00e12e8b_3688,11603.2021484375
00e12e8b_3689,11603.076171875
00e12e8b_3690,11603.150390625
00e12e8b_3691,11603.1474609375
00e12e8b_3692,11603.146484375
00e12e8b_3693,11603.0439453125
00e12e8b_3694,11603.021484375
00e12e8b_3695,11603.0546875
00e12e8b_3696,11603.00390625
00e12e8b_3697,11602.9794921875
00e12e8b_3698,11602.89453125
00e12e8b_3699,11602.8544921875
00e12e8b_3700,11602.7109375
00e12e8b_3701,11602.638671875
00e12e8b_3702,11602.6103515625
00e12e8b_3703,11602.640625
00e12e8b_3704,11602.615234375
00e12e8b_3705,11602.603515625
00e12e8b_3706,11602.6025390625
00e12e8b_3707,11602.6015625
00e12e8b_3708,11602.5576171875
00e12e8b_3709,11602.5888671875
00e12e8b_3710,11602.5869140625
00e12e8b_3711,11602.5341796875
00e12e8b_3712,11602.5107421875
00e12e8b_3713,11602.4091796875
00e12e8b_3714,11602.392578125
00e12e8b_3715,11602.3701171875
00e12e8b_3716,11602.3505859375
00e12e8b_3717,11602.0966796875
00e12e8b_3718,11602.0341796875
00e12e8b_3719,11601.9560546875
00e12e8b_3720,11601.9169921875
00e12e8b_3721,11601.8515625
00e12e8b_3722,11601.80078125
00e12e8b_3723,11601.78515625
00e12e8b_3724,11601.7666015625
00e12e8b_3725,11601.6875
00e12e8b_3726,11601.5439453125
00e12e8b_3727,11601.55078125
00e12e8b_3728,11601.517578125
00e12e8b_3729,11601.5380859375
00e12e8b_3730,11601.462890625
00e12e8b_3731,11601.3642578125
00e12e8b_3732,11601.2216796875
00e12e8b_3733,11601.5068359375
00e12e8b_3734,11601.4599609375
00e12e8b_3735,11601.4072265625
00e12e8b_3736,11601.41015625
00e12e8b_3737,11601.36328125
00e12e8b_3738,11601.3583984375
00e12e8b_3739,11601.302734375
00e12e8b_3740,11601.2490234375
00e12e8b_3741,11601.2646484375
00e12e8b_3742,11601.212890625
00e12e8b_3743,11601.1357421875
00e12e8b_3744,11601.07421875
00e12e8b_3745,11600.9462890625
00e12e8b_3746,11600.865234375
00e12e8b_3747,11600.84765625
00e12e8b_3748,11600.8037109375
00e12e8b_3749,11600.759765625
00e12e8b_3750,11600.693359375
00e12e8b_3751,11600.6376953125
00e12e8b_3752,11600.6142578125
00e12e8b_3753,11600.5087890625
00e12e8b_3754,11600.4033203125
00e12e8b_3755,11600.330078125
00e12e8b_3756,11600.171875
00e12e8b_3757,11600.1064453125
00e12e8b_3758,11600.07421875
00e12e8b_3759,11600.0048828125
00e12e8b_3760,11599.9208984375
00e12e8b_3761,11599.9306640625
00e12e8b_3762,11599.8779296875
00e12e8b_3763,11599.888671875
00e12e8b_3764,11599.90234375
00e12e8b_3765,11599.8330078125
00e12e8b_3766,11599.8603515625
00e12e8b_3767,11599.849609375
00e12e8b_3768,11599.8037109375
00e12e8b_3769,11599.8173828125
00e12e8b_3770,11599.8427734375
00e12e8b_3771,11599.833984375
00e12e8b_3772,11599.849609375
00e12e8b_3773,11599.8408203125
00e12e8b_3774,11599.80859375
00e12e8b_3775,11599.8203125
00e12e8b_3776,11599.8291015625
00e12e8b_3777,11599.822265625
00e12e8b_3778,11599.82421875
00e12e8b_3779,11599.818359375
00e12e8b_3780,11599.775390625
00e12e8b_3781,11599.900390625
00e12e8b_3782,11599.8681640625
00e12e8b_3783,11599.822265625
00e12e8b_3784,11599.859375
00e12e8b_3785,11599.8759765625
00e12e8b_3786,11599.88671875
00e12e8b_3787,11600.06640625
00e12e8b_3788,11600.1318359375
00e12e8b_3789,11600.119140625
00e12e8b_3790,11600.234375
00e12e8b_3791,11600.3232421875
00e12e8b_3792,11600.322265625
00e12e8b_3793,11600.5087890625
00e12e8b_3794,11600.4794921875
00e12e8b_3795,11600.4853515625
00e12e8b_3796,11600.3984375
00e12e8b_3797,11600.451171875
00e12e8b_3798,11600.4169921875
00e12e8b_3799,11600.4423828125
00e12e8b_3800,11600.46875
00e12e8b_3801,11600.46875
00e12e8b_3802,11600.5224609375
00e12e8b_3803,11600.4892578125
00e12e8b_3804,11600.7607421875
00e12e8b_3805,11600.7470703125
00e12e8b_3806,11600.740234375
00e12e8b_3807,11600.806640625
00e12e8b_3808,11600.7998046875
00e12e8b_3809,11600.7509765625
00e12e8b_3810,11600.802734375
00e12e8b_3811,11600.7421875
00e12e8b_3812,11600.6591796875
00e12e8b_3813,11600.6484375
00e12e8b_3814,11600.6455078125
00e12e8b_3815,11600.6552734375
00e12e8b_3816,11600.63671875
00e12e8b_3817,11600.6259765625
00e12e8b_3818,11600.5859375
00e12e8b_3819,11600.5498046875
00e12e8b_3820,11600.5322265625
00e12e8b_3821,11600.5
00e12e8b_3822,11600.37109375
00e12e8b_3823,11600.31640625
00e12e8b_3824,11600.271484375
00e12e8b_3825,11600.181640625
00e12e8b_3826,11600.1982421875
00e12e8b_3827,11600.2109375
00e12e8b_3828,11600.205078125
00e12e8b_3829,11600.1962890625
00e12e8b_3830,11600.19921875
00e12e8b_3831,11600.158203125
00e12e8b_3832,11600.115234375
00e12e8b_3833,11600.1064453125
00e12e8b_3834,11600.0654296875
00e12e8b_3835,11600.0458984375
00e12e8b_3836,11600.0390625
00e12e8b_3837,11600.0478515625
00e12e8b_3838,11600.0263671875
00e12e8b_3839,11600.041015625
00e12e8b_3840,11600.041015625
00e12e8b_3841,11600.40234375
00e12e8b_3842,11600.4404296875
00e12e8b_3843,11600.3916015625
00e12e8b_3844,11600.3076171875
00e12e8b_3845,11600.302734375
00e12e8b_3846,11600.3193359375
00e12e8b_3847,11600.275390625
00e12e8b_3848,11600.310546875
00e12e8b_3849,11600.2822265625
00e12e8b_3850,11600.294921875
00e12e8b_3851,11600.259765625
00e12e8b_3852,11600.2392578125
00e12e8b_3853,11600.2119140625
00e12e8b_3854,11600.171875
00e12e8b_3855,11600.1865234375
00e12e8b_3856,11600.1455078125
00e12e8b_3857,11600.1640625
00e12e8b_3858,11600.130859375
00e12e8b_3859,11600.1171875
00e12e8b_3860,11600.111328125
00e12e8b_3861,11600.1083984375
00e12e8b_3862,11600.11328125
00e12e8b_3863,11600.083984375
00e12e8b_3864,11600.0927734375
00e12e8b_3865,11600.0849609375
00e12e8b_3866,11600.0732421875
00e12e8b_3867,11600.0556640625
00e12e8b_3868,11600.001953125
00e12e8b_3869,11600.0029296875
00e12e8b_3870,11599.9814453125
00e12e8b_3871,11599.9599609375
00e12e8b_3872,11599.953125
00e12e8b_3873,11599.9306640625
00e12e8b_3874,11599.8994140625
00e12e8b_3875,11599.8798828125
00e12e8b_3876,11599.82421875
00e12e8b_3877,11599.837890625
00e12e8b_3878,11599.81640625
00e12e8b_3879,11599.828125
00e12e8b_3880,11599.8037109375
00e12e8b_3881,11599.79296875
00e12e8b_3882,11599.7802734375
00e12e8b_3883,11599.7763671875
00e12e8b_3884,11600.076171875
00e12e8b_3885,11600.08984375
00e12e8b_3886,11600.025390625
00e12e8b_3887,11600.017578125
00e12e8b_3888,11600.0166015625
00e12e8b_3889,11599.9921875
00e12e8b_3890,11599.970703125
00e12e8b_3891,11599.9619140625
00e12e8b_3892,11599.94140625
00e12e8b_3893,11599.91796875
00e12e8b_3894,11599.875
00e12e8b_3895,11599.8408203125
00e12e8b_3896,11599.79296875
00e12e8b_3897,11599.7880859375
00e12e8b_3898,11599.7890625
00e12e8b_3899,11599.767578125
00e12e8b_3900,11599.7529296875
00e12e8b_3901,11599.72265625
00e12e8b_3902,11599.7197265625
00e12e8b_3903,11599.62890625
00e12e8b_3904,11599.6220703125
00e12e8b_3905,11599.5693359375
00e12e8b_3906,11599.5634765625
00e12e8b_3907,11599.560546875
00e12e8b_3908,11599.5224609375
00e12e8b_3909,11599.458984375
00e12e8b_3910,11599.4189453125
00e12e8b_3911,11599.388671875
00e12e8b_3912,11599.349609375
00e12e8b_3913,11599.224609375
00e12e8b_3914,11599.2177734375
00e12e8b_3915,11599.2119140625
00e12e8b_3916,11599.197265625
00e12e8b_3917,11599.17578125
00e12e8b_3918,11599.150390625
00e12e8b_3919,11599.1044921875
00e12e8b_3920,11599.103515625
00e12e8b_3921,11599.103515625
00e12e8b_3922,11599.0947265625
00e12e8b_3923,11599.0615234375
00e12e8b_3924,11599.046875
00e12e8b_3925,11599.001953125
00e12e8b_3926,11598.9599609375
00e12e8b_3927,11598.91796875
00e12e8b_3928,11598.8984375
00e12e8b_3929,11598.8408203125
00e12e8b_3930,11598.814453125
00e12e8b_3931,11598.7841796875
00e12e8b_3932,11598.74609375
00e12e8b_3933,11598.7294921875
00e12e8b_3934,11598.6728515625
00e12e8b_3935,11598.6796875
00e12e8b_3936,11598.591796875
00e12e8b_3937,11598.548828125
00e12e8b_3938,11598.5234375
00e12e8b_3939,11598.4580078125
00e12e8b_3940,11598.3955078125
00e12e8b_3941,11598.37109375
00e12e8b_3942,11598.3837890625
00e12e8b_3943,11598.3515625
00e12e8b_3944,11598.2353515625
00e12e8b_3945,11598.2431640625
00e12e8b_3946,11598.193359375
00e12e8b_3947,11598.1494140625
00e12e8b_3948,11598.1435546875
00e12e8b_3949,11598.736328125
00e12e8b_3950,11598.6875
00e12e8b_3951,11598.626953125
00e12e8b_3952,11598.5595703125
00e12e8b_3953,11598.5537109375
00e12e8b_3954,11598.4970703125
00e12e8b_3955,11598.46875
00e12e8b_3956,11598.396484375
00e12e8b_3957,11598.3232421875
00e12e8b_3958,11598.2978515625
00e12e8b_3959,11598.205078125
00e12e8b_3960,11598.130859375
00e12e8b_3961,11598.1123046875
00e12e8b_3962,11598.1064453125
00e12e8b_3963,11598.0888671875
00e12e8b_3964,11598.0791015625
00e12e8b_3965,11598.08203125
00e12e8b_3966,11598.0791015625
00e12e8b_3967,11598.06640625
00e12e8b_3968,11598.0966796875
00e12e8b_3969,11598.1064453125
00e12e8b_3970,11598.125
00e12e8b_3971,11598.0908203125
00e12e8b_3972,11598.0849609375
00e12e8b_3973,11598.0341796875
00e12e8b_3974,11597.990234375
00e12e8b_3975,11597.9384765625
00e12e8b_3976,11597.9462890625
00e12e8b_3977,11597.859375
00e12e8b_3978,11597.8583984375
00e12e8b_3979,11597.83984375
00e12e8b_3980,11597.80078125
00e12e8b_3981,11597.7568359375
00e12e8b_3982,11597.7314453125
00e12e8b_3983,11597.6982421875
00e12e8b_3984,11597.6767578125
00e12e8b_3985,11597.5947265625
00e12e8b_3986,11598.1240234375
00e12e8b_3987,11598.1015625
00e12e8b_3988,11598.0361328125
00e12e8b_3989,11597.9619140625
00e12e8b_3990,11597.9375
00e12e8b_3991,11597.865234375
00e12e8b_3992,11597.84375
00e12e8b_3993,11597.7919921875
00e12e8b_3994,11597.80078125
00e12e8b_3995,11597.794921875
00e12e8b_3996,11597.716796875
00e12e8b_3997,11597.6875
00e12e8b_3998,11597.64453125
00e12e8b_3999,11597.5478515625
00e12e8b_4000,11597.5224609375
00e12e8b_4001,11597.4375
00e12e8b_4002,11597.388671875
00e12e8b_4003,11597.3203125
00e12e8b_4004,11597.287109375
00e12e8b_4005,11597.2841796875
00e12e8b_4006,11597.2734375
00e12e8b_4007,11597.2158203125
00e12e8b_4008,11597.1806640625
00e12e8b_4009,11597.2255859375
00e12e8b_4010,11597.1640625
00e12e8b_4011,11597.142578125
00e12e8b_4012,11597.1259765625
00e12e8b_4013,11597.1494140625
00e12e8b_4014,11597.119140625
00e12e8b_4015,11596.845703125
00e12e8b_4016,11596.833984375
00e12e8b_4017,11596.8125
00e12e8b_4018,11596.7734375
00e12e8b_4019,11596.587890625
00e12e8b_4020,11596.353515625
00e12e8b_4021,11596.357421875
00e12e8b_4022,11596.185546875
00e12e8b_4023,11596.1337890625
00e12e8b_4024,11596.0107421875
00e12e8b_4025,11595.921875
00e12e8b_4026,11595.9384765625
00e12e8b_4027,11595.8232421875
00e12e8b_4028,11595.77734375
00e12e8b_4029,11595.6826171875
00e12e8b_4030,11595.783203125
00e12e8b_4031,11595.6376953125
00e12e8b_4032,11595.509765625
00e12e8b_4033,11595.484375
00e12e8b_4034,11595.42578125
00e12e8b_4035,11595.26953125
00e12e8b_4036,11595.2421875
00e12e8b_4037,11595.2451171875
00e12e8b_4038,11595.1708984375
00e12e8b_4039,11595.041015625
00e12e8b_4040,11595.0673828125
00e12e8b_4041,11595.0078125
00e12e8b_4042,11594.99609375
00e12e8b_4043,11594.943359375
00e12e8b_4044,11594.9306640625
00e12e8b_4045,11595.0166015625
00e12e8b_4046,11594.9443359375
00e12e8b_4047,11594.923828125
00e12e8b_4048,11594.935546875
00e12e8b_4049,11594.828125
00e12e8b_4050,11594.8017578125
00e12e8b_4051,11594.7939453125
00e12e8b_4052,11594.8310546875
00e12e8b_4053,11594.732421875
00e12e8b_4054,11594.7109375
00e12e8b_4055,11594.9814453125
00e12e8b_4056,11594.9853515625
00e12e8b_4057,11594.974609375
00e12e8b_4058,11594.92578125
00e12e8b_4059,11594.9267578125
00e12e8b_4060,11594.87890625
00e12e8b_4061,11594.8388671875
00e12e8b_4062,11594.845703125
00e12e8b_4063,11594.7890625
00e12e8b_4064,11594.759765625
00e12e8b_4065,11594.7412109375
00e12e8b_4066,11594.7578125
00e12e8b_4067,11594.7568359375
00e12e8b_4068,11594.7265625
00e12e8b_4069,11594.6787109375
00e12e8b_4070,11594.673828125
00e12e8b_4071,11594.642578125
00e12e8b_4072,11594.650390625
00e12e8b_4073,11594.6005859375
00e12e8b_4074,11594.5810546875
00e12e8b_4075,11594.556640625
00e12e8b_4076,11594.55078125
00e12e8b_4077,11594.498046875
00e12e8b_4078,11594.4580078125
00e12e8b_4079,11594.4619140625
00e12e8b_4080,11594.421875
00e12e8b_4081,11594.423828125
00e12e8b_4082,11594.3720703125
00e12e8b_4083,11594.38671875
00e12e8b_4084,11594.310546875
00e12e8b_4085,11594.28125
00e12e8b_4086,11594.2353515625
00e12e8b_4087,11594.234375
00e12e8b_4088,11594.2138671875
00e12e8b_4089,11594.6396484375
00e12e8b_4090,11594.634765625
00e12e8b_4091,11594.595703125
00e12e8b_4092,11594.5810546875
00e12e8b_4093,11594.5537109375
00e12e8b_4094,11594.546875
00e12e8b_4095,11594.5029296875
00e12e8b_4096,11594.5224609375
00e12e8b_4097,11594.4892578125
00e12e8b_4098,11594.458984375
00e12e8b_4099,11594.458984375
00e12e8b_4100,11594.455078125
00e12e8b_4101,11594.44140625
00e12e8b_4102,11594.4111328125
00e12e8b_4103,11594.3447265625
00e12e8b_4104,11594.3359375
00e12e8b_4105,11594.3125
00e12e8b_4106,11594.2861328125
00e12e8b_4107,11594.3115234375
00e12e8b_4108,11594.25390625
00e12e8b_4109,11594.193359375
00e12e8b_4110,11594.255859375
00e12e8b_4111,11594.19921875
00e12e8b_4112,11594.2138671875
00e12e8b_4113,11594.232421875
00e12e8b_4114,11594.259765625
00e12e8b_4115,11594.146484375
00e12e8b_4116,11594.15625
00e12e8b_4117,11594.2119140625
00e12e8b_4118,11594.1923828125
00e12e8b_4119,11594.201171875
00e12e8b_4120,11594.1484375
00e12e8b_4121,11594.12109375
00e12e8b_4122,11594.078125
00e12e8b_4123,11594.0703125
00e12e8b_4124,11594.0810546875
00e12e8b_4125,11594.0859375
00e12e8b_4126,11594.2021484375
00e12e8b_4127,11594.0341796875
00e12e8b_4128,11594.029296875
00e12e8b_4129,11594.01953125
00e12e8b_4130,11593.9833984375
00e12e8b_4131,11593.9931640625
00e12e8b_4132,11593.9970703125
00e12e8b_4133,11593.99609375
00e12e8b_4134,11593.984375
00e12e8b_4135,11593.9501953125
00e12e8b_4136,11593.9091796875
00e12e8b_4137,11593.9267578125
00e12e8b_4138,11593.9267578125
00e12e8b_4139,11593.8740234375
00e12e8b_4140,11593.927734375
00e12e8b_4141,11593.89453125
00e12e8b_4142,11593.8623046875
00e12e8b_4143,11593.8984375
00e12e8b_4144,11593.853515625
00e12e8b_4145,11593.8876953125
00e12e8b_4146,11593.8388671875
00e12e8b_4147,11593.837890625
00e12e8b_4148,11593.876953125
00e12e8b_4149,11593.8115234375
00e12e8b_4150,11593.8310546875
00e12e8b_4151,11593.76953125
00e12e8b_4152,11593.7255859375
00e12e8b_4153,11593.7236328125
00e12e8b_4154,11593.701171875
00e12e8b_4155,11593.708984375
00e12e8b_4156,11593.7822265625
00e12e8b_4157,11593.6904296875
00e12e8b_4158,11593.6748046875
00e12e8b_4159,11593.72265625
00e12e8b_4160,11594.0068359375
00e12e8b_4161,11593.9697265625
00e12e8b_4162,11593.9296875
00e12e8b_4163,11593.9384765625
00e12e8b_4164,11593.9052734375
00e12e8b_4165,11593.9140625
00e12e8b_4166,11593.9404296875
00e12e8b_4167,11593.9140625
00e12e8b_4168,11593.888671875
00e12e8b_4169,11593.8984375
00e12e8b_4170,11593.8974609375
00e12e8b_4171,11593.91015625
00e12e8b_4172,11593.8896484375
00e12e8b_4173,11593.9423828125
00e12e8b_4174,11593.9931640625
00e12e8b_4175,11594.0
00e12e8b_4176,11593.904296875
00e12e8b_4177,11593.8974609375
00e12e8b_4178,11593.837890625
00e12e8b_4179,11593.8212890625
00e12e8b_4180,11593.8447265625
00e12e8b_4181,11593.876953125
00e12e8b_4182,11593.96484375
00e12e8b_4183,11594.01171875
00e12e8b_4184,11593.9560546875
00e12e8b_4185,11593.8857421875
00e12e8b_4186,11593.884765625
00e12e8b_4187,11593.8828125
00e12e8b_4188,11593.89453125
00e12e8b_4189,11593.849609375
00e12e8b_4190,11593.90625
00e12e8b_4191,11593.8466796875
00e12e8b_4192,11593.8046875
00e12e8b_4193,11593.8095703125
00e12e8b_4194,11593.8037109375
00e12e8b_4195,11594.068359375
00e12e8b_4196,11594.1083984375
00e12e8b_4197,11594.076171875
00e12e8b_4198,11594.03125
00e12e8b_4199,11594.05078125
00e12e8b_4200,11594.05859375
00e12e8b_4201,11594.09375
00e12e8b_4202,11594.099609375
00e12e8b_4203,11594.0849609375
00e12e8b_4204,11594.142578125
00e12e8b_4205,11594.1591796875
00e12e8b_4206,11594.125
00e12e8b_4207,11594.1796875
00e12e8b_4208,11594.1376953125
00e12e8b_4209,11594.18359375
00e12e8b_4210,11594.15625
00e12e8b_4211,11594.1806640625
00e12e8b_4212,11594.16796875
00e12e8b_4213,11594.220703125
00e12e8b_4214,11594.23046875
00e12e8b_4215,11594.193359375
00e12e8b_4216,11594.1845703125
00e12e8b_4217,11594.2158203125
00e12e8b_4218,11594.2529296875
00e12e8b_4219,11594.236328125
00e12e8b_4220,11594.2587890625
00e12e8b_4221,11594.34375
00e12e8b_4222,11594.287109375
00e12e8b_4223,11594.23828125
00e12e8b_4224,11594.248046875
00e12e8b_4225,11594.275390625
00e12e8b_4226,11594.2607421875
00e12e8b_4227,11594.2705078125
00e12e8b_4228,11594.3125
00e12e8b_4229,11594.328125
00e12e8b_4230,11594.361328125
00e12e8b_4231,11594.490234375
00e12e8b_4232,11594.4951171875
00e12e8b_4233,11594.5078125
00e12e8b_4234,11594.5361328125
00e12e8b_4235,11594.5009765625
00e12e8b_4236,11594.6103515625
00e12e8b_4237,11594.5595703125
00e12e8b_4238,11594.5693359375
00e12e8b_4239,11594.572265625
00e12e8b_4240,11594.5576171875
00e12e8b_4241,11594.5498046875
00e12e8b_4242,11594.6435546875
00e12e8b_4243,11594.6396484375
00e12e8b_4244,11594.666015625
00e12e8b_4245,11594.6318359375
00e12e8b_4246,11594.640625
00e12e8b_4247,11594.65234375
00e12e8b_4248,11594.67578125
00e12e8b_4249,11594.671875
00e12e8b_4250,11594.640625
00e12e8b_4251,11594.6865234375
00e12e8b_4252,11594.6748046875
00e12e8b_4253,11594.7236328125
00e12e8b_4254,11594.7041015625
00e12e8b_4255,11594.7412109375
00e12e8b_4256,11594.734375
00e12e8b_4257,11594.767578125
00e12e8b_4258,11594.7685546875
00e12e8b_4259,11594.8173828125
00e12e8b_4260,11594.8193359375
00e12e8b_4261,11594.8486328125
00e12e8b_4262,11594.81640625
00e12e8b_4263,11594.9052734375
00e12e8b_4264,11594.892578125
00e12e8b_4265,11594.9306640625
00e12e8b_4266,11595.14453125
00e12e8b_4267,11595.1796875
00e12e8b_4268,11595.2001953125
00e12e8b_4269,11595.205078125
00e12e8b_4270,11595.1884765625
00e12e8b_4271,11595.2275390625
00e12e8b_4272,11595.248046875
00e12e8b_4273,11595.21875
00e12e8b_4274,11595.2578125
00e12e8b_4275,11595.2509765625
00e12e8b_4276,11595.2763671875
00e12e8b_4277,11595.291015625
00e12e8b_4278,11595.32421875
00e12e8b_4279,11595.3212890625
00e12e8b_4280,11595.3671875
00e12e8b_4281,11595.3349609375
00e12e8b_4282,11595.3857421875
00e12e8b_4283,11595.3994140625
00e12e8b_4284,11595.435546875
00e12e8b_4285,11595.42578125
00e12e8b_4286,11595.451171875
00e12e8b_4287,11595.453125
00e12e8b_4288,11595.4638671875
00e12e8b_4289,11595.5263671875
00e12e8b_4290,11595.544921875
00e12e8b_4291,11595.572265625
00e12e8b_4292,11595.57421875
00e12e8b_4293,11595.6240234375
00e12e8b_4294,11595.6630859375
00e12e8b_4295,11595.6318359375
00e12e8b_4296,11595.6357421875
00e12e8b_4297,11595.5966796875
00e12e8b_4298,11595.6328125
00e12e8b_4299,11595.583984375
00e12e8b_4300,11595.6298828125
00e12e8b_4301,11595.6328125
00e12e8b_4302,11596.3115234375
00e12e8b_4303,11596.341796875
00e12e8b_4304,11596.2900390625
00e12e8b_4305,11596.36328125
00e12e8b_4306,11596.3056640625
00e12e8b_4307,11596.3359375
00e12e8b_4308,11596.3203125
00e12e8b_4309,11596.41015625
00e12e8b_4310,11596.443359375
00e12e8b_4311,11596.4306640625
00e12e8b_4312,11596.439453125
00e12e8b_4313,11596.453125
00e12e8b_4314,11596.490234375
00e12e8b_4315,11596.4951171875
00e12e8b_4316,11596.513671875
00e12e8b_4317,11596.5576171875
00e12e8b_4318,11596.568359375
00e12e8b_4319,11596.5625
00e12e8b_4320,11596.53515625
00e12e8b_4321,11596.5888671875
00e12e8b_4322,11596.6103515625
00e12e8b_4323,11596.59765625
00e12e8b_4324,11596.736328125
00e12e8b_4325,11596.744140625
00e12e8b_4326,11596.7490234375
00e12e8b_4327,11596.8017578125
00e12e8b_4328,11596.8154296875
00e12e8b_4329,11596.8173828125
00e12e8b_4330,11596.849609375
00e12e8b_4331,11596.80078125
00e12e8b_4332,11596.8388671875
00e12e8b_4333,11596.8857421875
00e12e8b_4334,11596.9169921875
00e12e8b_4335,11596.982421875
00e12e8b_4336,11596.9951171875
00e12e8b_4337,11597.1015625
00e12e8b_4338,11597.0908203125
00e12e8b_4339,11597.12890625
00e12e8b_4340,11597.16796875
00e12e8b_4341,11597.1962890625
00e12e8b_4342,11597.337890625
00e12e8b_4343,11597.3212890625
00e12e8b_4344,11597.4072265625
00e12e8b_4345,11597.4169921875
00e12e8b_4346,11597.546875
00e12e8b_4347,11597.6708984375
00e12e8b_4348,11597.7216796875
00e12e8b_4349,11597.765625
00e12e8b_4350,11597.943359375
00e12e8b_4351,11597.9384765625
00e12e8b_4352,11597.9052734375
00e12e8b_4353,11597.828125
00e12e8b_4354,11597.8671875
00e12e8b_4355,11597.8779296875
00e12e8b_4356,11597.86328125
00e12e8b_4357,11597.900390625
00e12e8b_4358,11597.9013671875
00e12e8b_4359,11597.9404296875
00e12e8b_4360,11597.966796875
00e12e8b_4361,11597.935546875
00e12e8b_4362,11597.9912109375
00e12e8b_4363,11598.0068359375
00e12e8b_4364,11598.048828125
00e12e8b_4365,11598.08984375
00e12e8b_4366,11598.1279296875
00e12e8b_4367,11598.125
00e12e8b_4368,11598.1318359375
00e12e8b_4369,11598.138671875
00e12e8b_4370,11598.146484375
00e12e8b_4371,11598.1416015625
00e12e8b_4372,11598.4443359375
00e12e8b_4373,11598.453125
00e12e8b_4374,11598.4541015625
00e12e8b_4375,11598.470703125
00e12e8b_4376,11598.4990234375
00e12e8b_4377,11598.5126953125
00e12e8b_4378,11598.52734375
00e12e8b_4379,11598.4873046875
00e12e8b_4380,11598.482421875
00e12e8b_4381,11598.4794921875
00e12e8b_4382,11598.4697265625
00e12e8b_4383,11598.4306640625
00e12e8b_4384,11598.3818359375
00e12e8b_4385,11598.33984375
00e12e8b_4386,11598.2607421875
00e12e8b_4387,11598.2587890625
00e12e8b_4388,11598.1455078125
00e12e8b_4389,11598.2099609375
00e12e8b_4390,11598.1845703125
00e12e8b_4391,11598.19921875
00e12e8b_4392,11598.2236328125
00e12e8b_4393,11598.23046875
00e12e8b_4394,11598.25390625
00e12e8b_4395,11598.2861328125
00e12e8b_4396,11598.3134765625
00e12e8b_4397,11598.3134765625
00e12e8b_4398,11598.3212890625
00e12e8b_4399,11598.3125
00e12e8b_4400,11598.37890625
00e12e8b_4401,11598.33984375
00e12e8b_4402,11598.404296875
00e12e8b_4403,11598.3720703125
00e12e8b_4404,11598.361328125
00e12e8b_4405,11598.4267578125
00e12e8b_4406,11598.42578125
00e12e8b_4407,11598.435546875
00e12e8b_4408,11599.0498046875
00e12e8b_4409,11599.1005859375
00e12e8b_4410,11599.1162109375
00e12e8b_4411,11599.1806640625
00e12e8b_4412,11599.1953125
00e12e8b_4413,11599.3515625
00e12e8b_4414,11599.3623046875
00e12e8b_4415,11599.4287109375
00e12e8b_4416,11599.3046875
00e12e8b_4417,11599.4296875
00e12e8b_4418,11599.5361328125
00e12e8b_4419,11599.56640625
00e12e8b_4420,11599.4794921875
00e12e8b_4421,11599.5244140625
00e12e8b_4422,11599.54296875
00e12e8b_4423,11599.5849609375
00e12e8b_4424,11599.5908203125
00e12e8b_4425,11599.595703125
00e12e8b_4426,11599.6162109375
00e12e8b_4427,11599.5654296875
00e12e8b_4428,11599.5869140625
00e12e8b_4429,11599.5302734375
00e12e8b_4430,11599.5556640625
00e12e8b_4431,11599.5625
00e12e8b_4432,11599.5810546875
00e12e8b_4433,11599.6005859375
00e12e8b_4434,11599.640625
00e12e8b_4435,11599.6923828125
00e12e8b_4436,11599.7373046875
00e12e8b_4437,11599.6787109375
00e12e8b_4438,11599.8173828125
00e12e8b_4439,11599.8564453125
00e12e8b_4440,11599.853515625
00e12e8b_4441,11599.865234375
00e12e8b_4442,11599.8525390625
00e12e8b_4443,11599.83203125
00e12e8b_4444,11599.8388671875
00e12e8b_4445,11599.8310546875
00e12e8b_4446,11599.8544921875
00e12e8b_4447,11599.798828125
00e12e8b_4448,11599.7421875
00e12e8b_4449,11599.7255859375
00e12e8b_4450,11599.7353515625
00e12e8b_4451,11599.6875
00e12e8b_4452,11599.65234375
00e12e8b_4453,11599.642578125
00e12e8b_4454,11599.6162109375
00e12e8b_4455,11599.6396484375
00e12e8b_4456,11599.6416015625
00e12e8b_4457,11599.5849609375
00e12e8b_4458,11599.529296875
00e12e8b_4459,11599.509765625
00e12e8b_4460,11599.4873046875
00e12e8b_4461,11599.46484375
00e12e8b_4462,11599.4453125
00e12e8b_4463,11599.455078125
00e12e8b_4464,11599.4892578125
00e12e8b_4465,11599.4765625
00e12e8b_4466,11599.478515625
00e12e8b_4467,11599.5048828125
00e12e8b_4468,11599.5078125
00e12e8b_4469,11599.4716796875
00e12e8b_4470,11599.509765625
00e12e8b_4471,11599.4833984375
00e12e8b_4472,11599.5244140625
00e12e8b_4473,11599.5205078125
00e12e8b_4474,11599.5341796875
00e12e8b_4475,11599.5078125
00e12e8b_4476,11599.5341796875
00e12e8b_4477,11599.5517578125
00e12e8b_4478,11599.73828125
00e12e8b_4479,11599.7412109375
00e12e8b_4480,11599.7421875
00e12e8b_4481,11599.7705078125
00e12e8b_4482,11599.7607421875
00e12e8b_4483,11599.7607421875
00e12e8b_4484,11599.759765625
00e12e8b_4485,11599.7685546875
00e12e8b_4486,11599.7822265625
00e12e8b_4487,11599.794921875
00e12e8b_4488,11599.826171875
00e12e8b_4489,11599.806640625
00e12e8b_4490,11599.84375
00e12e8b_4491,11599.80859375
00e12e8b_4492,11599.8642578125
00e12e8b_4493,11599.865234375
00e12e8b_4494,11599.90234375
00e12e8b_4495,11599.87890625
00e12e8b_4496,11599.8935546875
00e12e8b_4497,11599.9345703125
00e12e8b_4498,11599.9365234375
00e12e8b_4499,11599.912109375
00e12e8b_4500,11599.9345703125
00e12e8b_4501,11599.9560546875
00e12e8b_4502,11599.9765625
00e12e8b_4503,11599.953125
00e12e8b_4504,11599.9716796875
00e12e8b_4505,11599.994140625
00e12e8b_4506,11600.0341796875
00e12e8b_4507,11600.021484375
00e12e8b_4508,11600.021484375
00e12e8b_4509,11600.025390625
00e12e8b_4510,11600.04296875
00e12e8b_4511,11600.0283203125
00e12e8b_4512,11600.0537109375
00e12e8b_4513,11600.3251953125
00e12e8b_4514,11600.3427734375
00e12e8b_4515,11600.3994140625
00e12e8b_4516,11600.4013671875
00e12e8b_4517,11600.4248046875
00e12e8b_4518,11600.4560546875
00e12e8b_4519,11600.501953125
00e12e8b_4520,11600.55078125
00e12e8b_4521,11600.5908203125
00e12e8b_4522,11600.6240234375
00e12e8b_4523,11600.61328125
00e12e8b_4524,11600.6494140625
00e12e8b_4525,11600.6552734375
00e12e8b_4526,11600.705078125
00e12e8b_4527,11600.7353515625
00e12e8b_4528,11600.7314453125
00e12e8b_4529,11600.7080078125
00e12e8b_4530,11600.716796875
00e12e8b_4531,11600.7373046875
00e12e8b_4532,11600.7919921875
00e12e8b_4533,11600.78515625
00e12e8b_4534,11600.78125
00e12e8b_4535,11600.7890625
00e12e8b_4536,11600.7802734375
00e12e8b_4537,11600.8251953125
00e12e8b_4538,11600.884765625
00e12e8b_4539,11600.8984375
00e12e8b_4540,11600.8916015625
00e12e8b_4541,11600.9599609375
00e12e8b_4542,11600.962890625
00e12e8b_4543,11600.998046875
00e12e8b_4544,11601.0126953125
00e12e8b_4545,11600.94921875
00e12e8b_4546,11600.95703125
00e12e8b_4547,11600.958984375
00e12e8b_4548,11600.9892578125
00e12e8b_4549,11600.9580078125
00e12e8b_4550,11600.9599609375
00e12e8b_4551,11600.94921875
00e12e8b_4552,11600.904296875
00e12e8b_4553,11600.904296875
00e12e8b_4554,11600.8896484375
00e12e8b_4555,11600.8984375
00e12e8b_4556,11600.8974609375
00e12e8b_4557,11600.884765625
00e12e8b_4558,11600.884765625
00e12e8b_4559,11600.9033203125
00e12e8b_4560,11600.9462890625
00e12e8b_4561,11600.9423828125
00e12e8b_4562,11600.9423828125
00e12e8b_4563,11600.92578125
00e12e8b_4564,11600.96875
00e12e8b_4565,11600.98046875
00e12e8b_4566,11600.9755859375
00e12e8b_4567,11600.98046875
00e12e8b_4568,11600.98046875
00e12e8b_4569,11600.98828125
00e12e8b_4570,11600.9755859375
00e12e8b_4571,11600.9775390625
00e12e8b_4572,11600.9501953125
00e12e8b_4573,11600.9501953125
00e12e8b_4574,11600.9658203125
00e12e8b_4575,11600.9599609375
00e12e8b_4576,11600.9521484375
00e12e8b_4577,11600.9638671875
00e12e8b_4578,11600.9697265625
00e12e8b_4579,11600.9990234375
00e12e8b_4580,11600.9765625
00e12e8b_4581,11600.990234375
00e12e8b_4582,11600.9912109375
00e12e8b_4583,11601.318359375
00e12e8b_4584,11601.3369140625
00e12e8b_4585,11601.37109375
00e12e8b_4586,11601.3408203125
00e12e8b_4587,11601.3984375
00e12e8b_4588,11601.40234375
00e12e8b_4589,11601.4111328125
00e12e8b_4590,11601.4013671875
00e12e8b_4591,11601.4111328125
00e12e8b_4592,11601.43359375
00e12e8b_4593,11601.4609375
00e12e8b_4594,11601.45703125
00e12e8b_4595,11601.462890625
00e12e8b_4596,11601.4736328125
00e12e8b_4597,11601.51953125
00e12e8b_4598,11601.51953125
00e12e8b_4599,11601.517578125
00e12e8b_4600,11601.4873046875
00e12e8b_4601,11601.4697265625
00e12e8b_4602,11601.443359375
00e12e8b_4603,11601.4541015625
00e12e8b_4604,11601.466796875
00e12e8b_4605,11601.453125
00e12e8b_4606,11601.4638671875
00e12e8b_4607,11601.4482421875
00e12e8b_4608,11601.46875
00e12e8b_4609,11601.45703125
00e12e8b_4610,11601.4658203125
00e12e8b_4611,11601.4755859375
00e12e8b_4612,11601.4736328125
00e12e8b_4613,11601.4775390625
00e12e8b_4614,11601.46875
00e12e8b_4615,11601.46875
00e12e8b_4616,11601.5146484375
00e12e8b_4617,11601.49609375
00e12e8b_4618,11601.7314453125
00e12e8b_4619,11601.7197265625
00e12e8b_4620,11601.71484375
00e12e8b_4621,11601.7138671875
00e12e8b_4622,11601.708984375
00e12e8b_4623,11601.712890625
00e12e8b_4624,11601.705078125
00e12e8b_4625,11601.69921875
00e12e8b_4626,11601.708984375
00e12e8b_4627,11601.6845703125
00e12e8b_4628,11601.671875
00e12e8b_4629,11601.70703125
00e12e8b_4630,11601.6943359375
00e12e8b_4631,11601.6806640625
00e12e8b_4632,11601.7197265625
00e12e8b_4633,11601.7001953125
00e12e8b_4634,11601.7275390625
00e12e8b_4635,11601.716796875
00e12e8b_4636,11601.7822265625
00e12e8b_4637,11601.755859375
00e12e8b_4638,11601.7724609375
00e12e8b_4639,11601.78125
00e12e8b_4640,11601.7841796875
00e12e8b_4641,11601.7861328125
00e12e8b_4642,11601.810546875
00e12e8b_4643,11601.80859375
00e12e8b_4644,11601.7939453125
00e12e8b_4645,11601.8173828125
00e12e8b_4646,11601.81640625
00e12e8b_4647,11601.810546875
00e12e8b_4648,11601.8154296875
00e12e8b_4649,11601.8369140625
00e12e8b_4650,11601.8427734375
00e12e8b_4651,11601.876953125
00e12e8b_4652,11601.9765625
00e12e8b_4653,11601.9599609375
00e12e8b_4654,11601.94921875
00e12e8b_4655,11601.921875
00e12e8b_4656,11601.8955078125
00e12e8b_4657,11601.923828125
00e12e8b_4658,11601.896484375
00e12e8b_4659,11601.9189453125
00e12e8b_4660,11601.927734375
00e12e8b_4661,11601.8984375
00e12e8b_4662,11601.8916015625
00e12e8b_4663,11601.87890625
00e12e8b_4664,11601.90234375
00e12e8b_4665,11601.8740234375
00e12e8b_4666,11601.8564453125
00e12e8b_4667,11601.8603515625
00e12e8b_4668,11601.9794921875
00e12e8b_4669,11602.0478515625
00e12e8b_4670,11602.2080078125
00e12e8b_4671,11602.228515625
00e12e8b_4672,11602.3681640625
00e12e8b_4673,11602.3720703125
00e12e8b_4674,11602.5361328125
00e12e8b_4675,11602.56640625
00e12e8b_4676,11602.5341796875
00e12e8b_4677,11602.6591796875
00e12e8b_4678,11602.67578125
00e12e8b_4679,11602.7529296875
00e12e8b_4680,11602.8330078125
00e12e8b_4681,11602.828125
00e12e8b_4682,11602.849609375
00e12e8b_4683,11602.900390625
00e12e8b_4684,11602.892578125
00e12e8b_4685,11602.921875
00e12e8b_4686,11602.9541015625
00e12e8b_4687,11602.908203125
00e12e8b_4688,11602.8271484375
00e12e8b_4689,11602.9716796875
00e12e8b_4690,11602.9267578125
00e12e8b_4691,11602.8798828125
00e12e8b_4692,11602.94140625
00e12e8b_4693,11602.9912109375
00e12e8b_4694,11602.9951171875
00e12e8b_4695,11603.0283203125
00e12e8b_4696,11603.001953125
00e12e8b_4697,11603.03125
00e12e8b_4698,11603.01171875
00e12e8b_4699,11603.0908203125
00e12e8b_4700,11603.09375
00e12e8b_4701,11603.1396484375
00e12e8b_4702,11603.130859375
00e12e8b_4703,11603.119140625
00e12e8b_4704,11603.0791015625
00e12e8b_4705,11603.126953125
00e12e8b_4706,11603.2265625
00e12e8b_4707,11603.181640625
00e12e8b_4708,11603.2041015625
00e12e8b_4709,11603.2314453125
00e12e8b_4710,11603.240234375
00e12e8b_4711,11603.2353515625
00e12e8b_4712,11603.228515625
00e12e8b_4713,11603.2373046875
00e12e8b_4714,11603.2451171875
00e12e8b_4715,11603.208984375
00e12e8b_4716,11603.271484375
00e12e8b_4717,11603.341796875
00e12e8b_4718,11603.2685546875
00e12e8b_4719,11603.27734375
00e12e8b_4720,11603.25390625
00e12e8b_4721,11603.2783203125
00e12e8b_4722,11603.29296875
00e12e8b_4723,11603.287109375
00e12e8b_4724,11603.55859375
00e12e8b_4725,11603.546875
00e12e8b_4726,11603.529296875
00e12e8b_4727,11603.53515625
00e12e8b_4728,11603.5185546875
00e12e8b_4729,11603.5185546875
00e12e8b_4730,11603.474609375
00e12e8b_4731,11603.5244140625
00e12e8b_4732,11603.4912109375
00e12e8b_4733,11603.494140625
00e12e8b_4734,11603.498046875
00e12e8b_4735,11603.4560546875
00e12e8b_4736,11603.447265625
00e12e8b_4737,11603.4501953125
00e12e8b_4738,11603.455078125
00e12e8b_4739,11603.5078125
00e12e8b_4740,11603.478515625
00e12e8b_4741,11603.546875
00e12e8b_4742,11603.591796875
00e12e8b_4743,11603.6396484375
00e12e8b_4744,11603.595703125
00e12e8b_4745,11603.623046875
00e12e8b_4746,11603.6357421875
00e12e8b_4747,11603.677734375
00e12e8b_4748,11603.6357421875
00e12e8b_4749,11603.6806640625
00e12e8b_4750,11603.6318359375
00e12e8b_4751,11603.625
00e12e8b_4752,11603.6162109375
00e12e8b_4753,11603.5576171875
00e12e8b_4754,11603.541015625
00e12e8b_4755,11603.56640625
00e12e8b_4756,11603.5439453125
00e12e8b_4757,11603.5771484375
00e12e8b_4758,11603.55859375
00e12e8b_4759,11603.53515625
00e12e8b_4760,11603.5205078125
00e12e8b_4761,11603.4599609375
00e12e8b_4762,11603.453125
00e12e8b_4763,11603.4296875
00e12e8b_4764,11603.421875
00e12e8b_4765,11603.4248046875
00e12e8b_4766,11603.4072265625
00e12e8b_4767,11603.361328125
00e12e8b_4768,11603.3662109375
00e12e8b_4769,11603.3056640625
00e12e8b_4770,11603.2509765625
00e12e8b_4771,11603.240234375
00e12e8b_4772,11603.2490234375
00e12e8b_4773,11603.267578125
00e12e8b_4774,11603.2646484375
00e12e8b_4775,11603.248046875
00e12e8b_4776,11603.2333984375
00e12e8b_4777,11603.2431640625
00e12e8b_4778,11603.216796875
00e12e8b_4779,11603.2099609375
00e12e8b_4780,11603.1923828125
00e12e8b_4781,11603.189453125
00e12e8b_4782,11603.1845703125
00e12e8b_4783,11603.1875
00e12e8b_4784,11603.185546875
00e12e8b_4785,11603.1748046875
00e12e8b_4786,11603.1748046875
00e12e8b_4787,11603.146484375
00e12e8b_4788,11603.1298828125
00e12e8b_4789,11603.1328125
00e12e8b_4790,11603.1162109375
00e12e8b_4791,11603.0908203125
00e12e8b_4792,11603.205078125
00e12e8b_4793,11603.09375
00e12e8b_4794,11603.01953125
00e12e8b_4795,11603.2255859375
00e12e8b_4796,11603.2109375
00e12e8b_4797,11603.1962890625
00e12e8b_4798,11603.2109375
00e12e8b_4799,11603.2666015625
00e12e8b_4800,11603.2275390625
00e12e8b_4801,11603.2373046875
00e12e8b_4802,11603.240234375
00e12e8b_4803,11603.263671875
00e12e8b_4804,11603.2265625
00e12e8b_4805,11603.2470703125
00e12e8b_4806,11603.2607421875
00e12e8b_4807,11603.2763671875
00e12e8b_4808,11603.259765625
00e12e8b_4809,11603.234375
00e12e8b_4810,11603.2373046875
00e12e8b_4811,11603.2294921875
00e12e8b_4812,11603.1865234375
00e12e8b_4813,11603.1884765625
00e12e8b_4814,11603.17578125
00e12e8b_4815,11603.166015625
00e12e8b_4816,11603.1455078125
00e12e8b_4817,11603.1640625
00e12e8b_4818,11603.1279296875
00e12e8b_4819,11603.1083984375
00e12e8b_4820,11603.0517578125
00e12e8b_4821,11603.1083984375
00e12e8b_4822,11603.0732421875
00e12e8b_4823,11603.11328125
00e12e8b_4824,11603.0625
00e12e8b_4825,11603.0380859375
00e12e8b_4826,11603.0361328125
00e12e8b_4827,11603.05859375
00e12e8b_4828,11603.0625
00e12e8b_4829,11603.205078125
00e12e8b_4830,11603.55078125
00e12e8b_4831,11603.58984375
00e12e8b_4832,11603.57421875
00e12e8b_4833,11603.6416015625
00e12e8b_4834,11603.60546875
00e12e8b_4835,11603.5859375
00e12e8b_4836,11603.5791015625
00e12e8b_4837,11603.5185546875
00e12e8b_4838,11603.5146484375
00e12e8b_4839,11603.4755859375
00e12e8b_4840,11603.490234375
00e12e8b_4841,11603.47265625
00e12e8b_4842,11603.498046875
00e12e8b_4843,11603.48828125
00e12e8b_4844,11603.5126953125
00e12e8b_4845,11603.4697265625
00e12e8b_4846,11603.5
00e12e8b_4847,11603.4794921875
00e12e8b_4848,11603.4677734375
00e12e8b_4849,11603.521484375
00e12e8b_4850,11603.5517578125
00e12e8b_4851,11603.5615234375
00e12e8b_4852,11603.5390625
00e12e8b_4853,11603.470703125
00e12e8b_4854,11603.4716796875
00e12e8b_4855,11603.54296875
00e12e8b_4856,11603.646484375
00e12e8b_4857,11603.6484375
00e12e8b_4858,11603.6630859375
00e12e8b_4859,11603.720703125
00e12e8b_4860,11603.6875
00e12e8b_4861,11603.6669921875
00e12e8b_4862,11603.61328125
00e12e8b_4863,11603.6455078125
00e12e8b_4864,11603.62109375
00e12e8b_4865,11603.6220703125
00e12e8b_4866,11603.7109375
00e12e8b_4867,11603.7470703125
00e12e8b_4868,11603.6689453125
00e12e8b_4869,11603.5556640625
00e12e8b_4870,11603.4873046875
00e12e8b_4871,11603.5
00e12e8b_4872,11603.4912109375
00e12e8b_4873,11603.5
00e12e8b_4874,11603.5537109375
00e12e8b_4875,11603.5654296875
00e12e8b_4876,11603.55078125
00e12e8b_4877,11603.5791015625
00e12e8b_4878,11603.564453125
00e12e8b_4879,11603.5224609375
00e12e8b_4880,11603.53515625
00e12e8b_4881,11603.5322265625
00e12e8b_4882,11603.5068359375
00e12e8b_4883,11603.546875
00e12e8b_4884,11603.5498046875
00e12e8b_4885,11603.5283203125
00e12e8b_4886,11603.5478515625
00e12e8b_4887,11603.5302734375
00e12e8b_4888,11603.443359375
00e12e8b_4889,11603.46484375
00e12e8b_4890,11603.392578125
00e12e8b_4891,11603.4365234375
00e12e8b_4892,11603.4501953125
00e12e8b_4893,11603.427734375
00e12e8b_4894,11603.4921875
00e12e8b_4895,11603.45703125
00e12e8b_4896,11603.3935546875
00e12e8b_4897,11603.4443359375
00e12e8b_4898,11603.427734375
00e12e8b_4899,11603.4072265625
00e12e8b_4900,11603.5087890625
00e12e8b_4901,11603.4892578125
00e12e8b_4902,11603.5078125
00e12e8b_4903,11603.4931640625
00e12e8b_4904,11603.51171875
00e12e8b_4905,11603.4453125
00e12e8b_4906,11603.44921875
00e12e8b_4907,11603.4248046875
00e12e8b_4908,11603.4384765625
00e12e8b_4909,11603.4208984375
00e12e8b_4910,11603.46484375
00e12e8b_4911,11603.451171875
00e12e8b_4912,11603.458984375
00e12e8b_4913,11603.4560546875
00e12e8b_4914,11603.4638671875
00e12e8b_4915,11603.435546875
00e12e8b_4916,11603.4267578125
00e12e8b_4917,11603.4443359375
00e12e8b_4918,11603.423828125
00e12e8b_4919,11603.41796875
00e12e8b_4920,11603.4130859375
00e12e8b_4921,11603.3955078125
00e12e8b_4922,11603.421875
00e12e8b_4923,11603.43359375
00e12e8b_4924,11603.419921875
00e12e8b_4925,11603.4482421875
00e12e8b_4926,11603.509765625
00e12e8b_4927,11603.4931640625
00e12e8b_4928,11603.486328125
00e12e8b_4929,11603.5302734375
00e12e8b_4930,11603.5224609375
00e12e8b_4931,11603.53125
00e12e8b_4932,11603.564453125
00e12e8b_4933,11603.521484375
00e12e8b_4934,11603.46484375
00e12e8b_4935,11603.4423828125
00e12e8b_4936,11603.806640625
00e12e8b_4937,11603.74609375
00e12e8b_4938,11603.7119140625
00e12e8b_4939,11603.7490234375
00e12e8b_4940,11603.7646484375
00e12e8b_4941,11603.7412109375
00e12e8b_4942,11603.7578125
00e12e8b_4943,11603.779296875
00e12e8b_4944,11603.76171875
00e12e8b_4945,11603.7451171875
00e12e8b_4946,11603.7607421875
00e12e8b_4947,11603.74609375
00e12e8b_4948,11603.7060546875
00e12e8b_4949,11603.7490234375
00e12e8b_4950,11603.705078125
00e12e8b_4951,11603.708984375
00e12e8b_4952,11603.7119140625
00e12e8b_4953,11603.7119140625
00e12e8b_4954,11603.6689453125
00e12e8b_4955,11603.6826171875
00e12e8b_4956,11603.7119140625
00e12e8b_4957,11603.74609375
00e12e8b_4958,11603.7314453125
00e12e8b_4959,11603.75390625
00e12e8b_4960,11603.724609375
00e12e8b_4961,11603.6845703125
00e12e8b_4962,11603.6826171875
00e12e8b_4963,11603.697265625
00e12e8b_4964,11603.7158203125
00e12e8b_4965,11603.7060546875
00e12e8b_4966,11603.701171875
00e12e8b_4967,11603.728515625
00e12e8b_4968,11603.7734375
00e12e8b_4969,11603.8662109375
00e12e8b_4970,11603.9189453125
00e12e8b_4971,11603.96484375
00e12e8b_4972,11603.9375
00e12e8b_4973,11603.9599609375
00e12e8b_4974,11603.9638671875
00e12e8b_4975,11603.986328125
00e12e8b_4976,11603.9482421875
00e12e8b_4977,11603.978515625
00e12e8b_4978,11604.009765625
00e12e8b_4979,11603.9765625
00e12e8b_4980,11603.95703125
00e12e8b_4981,11603.890625
00e12e8b_4982,11603.8642578125
00e12e8b_4983,11603.857421875
00e12e8b_4984,11603.7060546875
00e12e8b_4985,11603.7109375
00e12e8b_4986,11603.6708984375
00e12e8b_4987,11603.6591796875
00e12e8b_4988,11603.5849609375
00e12e8b_4989,11603.5791015625
00e12e8b_4990,11603.572265625
00e12e8b_4991,11603.5478515625
00e12e8b_4992,11603.5673828125
00e12e8b_4993,11603.55078125
00e12e8b_4994,11603.513671875
00e12e8b_4995,11603.4775390625
00e12e8b_4996,11603.470703125
00e12e8b_4997,11603.4990234375
00e12e8b_4998,11603.421875
00e12e8b_4999,11603.3310546875
00e12e8b_5000,11603.3271484375
00e12e8b_5001,11603.3369140625
00e12e8b_5002,11603.3525390625
00e12e8b_5003,11603.353515625
00e12e8b_5004,11603.326171875
00e12e8b_5005,11603.5009765625
00e12e8b_5006,11603.3896484375
00e12e8b_5007,11603.37109375
00e12e8b_5008,11603.3740234375
00e12e8b_5009,11603.3271484375
00e12e8b_5010,11603.2978515625
00e12e8b_5011,11603.2626953125
00e12e8b_5012,11603.2529296875
00e12e8b_5013,11603.2529296875
00e12e8b_5014,11603.2373046875
00e12e8b_5015,11603.1982421875
00e12e8b_5016,11603.1982421875
00e12e8b_5017,11603.201171875
00e12e8b_5018,11603.2041015625
00e12e8b_5019,11603.1357421875
00e12e8b_5020,11603.1484375
00e12e8b_5021,11603.1826171875
00e12e8b_5022,11603.1669921875
00e12e8b_5023,11603.19921875
00e12e8b_5024,11603.310546875
00e12e8b_5025,11603.2900390625
00e12e8b_5026,11603.357421875
00e12e8b_5027,11603.3974609375
00e12e8b_5028,11603.404296875
00e12e8b_5029,11603.4130859375
00e12e8b_5030,11603.5205078125
00e12e8b_5031,11603.458984375
00e12e8b_5032,11603.4326171875
00e12e8b_5033,11603.4375
00e12e8b_5034,11603.3359375
00e12e8b_5035,11603.251953125
00e12e8b_5036,11603.2431640625
00e12e8b_5037,11603.3115234375
00e12e8b_5038,11603.2392578125
00e12e8b_5039,11603.2109375
00e12e8b_5040,11603.05078125
00e12e8b_5041,11602.9765625
00e12e8b_5042,11603.1650390625
00e12e8b_5043,11603.19921875
00e12e8b_5044,11603.2470703125
00e12e8b_5045,11603.2158203125
00e12e8b_5046,11603.1923828125
00e12e8b_5047,11603.091796875
00e12e8b_5048,11603.12890625
00e12e8b_5049,11603.06640625
00e12e8b_5050,11603.0947265625
00e12e8b_5051,11603.1806640625
00e12e8b_5052,11603.1689453125
00e12e8b_5053,11603.1533203125
00e12e8b_5054,11603.265625
00e12e8b_5055,11603.2783203125
00e12e8b_5056,11603.2041015625
00e12e8b_5057,11603.2109375
00e12e8b_5058,11603.216796875
00e12e8b_5059,11603.1796875
00e12e8b_5060,11603.111328125
00e12e8b_5061,11603.0439453125
00e12e8b_5062,11602.998046875
00e12e8b_5063,11602.9677734375
00e12e8b_5064,11602.9287109375
00e12e8b_5065,11602.8310546875
00e12e8b_5066,11602.7509765625
00e12e8b_5067,11602.75
00e12e8b_5068,11602.7333984375
00e12e8b_5069,11602.6787109375
00e12e8b_5070,11602.6318359375
00e12e8b_5071,11602.5908203125
00e12e8b_5072,11602.6083984375
00e12e8b_5073,11602.5458984375
00e12e8b_5074,11602.564453125
00e12e8b_5075,11602.521484375
00e12e8b_5076,11602.451171875
00e12e8b_5077,11602.41796875
00e12e8b_5078,11602.3896484375
00e12e8b_5079,11602.31640625
00e12e8b_5080,11602.30859375
00e12e8b_5081,11602.2587890625
00e12e8b_5082,11602.322265625
00e12e8b_5083,11602.201171875
00e12e8b_5084,11602.2392578125
00e12e8b_5085,11602.220703125
00e12e8b_5086,11602.1943359375
00e12e8b_5087,11602.1240234375
00e12e8b_5088,11602.09375
00e12e8b_5089,11602.1240234375
00e12e8b_5090,11602.1181640625
00e12e8b_5091,11602.1396484375
00e12e8b_5092,11602.078125
00e12e8b_5093,11602.0810546875
00e12e8b_5094,11602.0458984375
00e12e8b_5095,11601.9912109375
00e12e8b_5096,11601.955078125
00e12e8b_5097,11601.9638671875
00e12e8b_5098,11601.9033203125
00e12e8b_5099,11601.884765625
00e12e8b_5100,11601.7763671875
00e12e8b_5101,11601.7724609375
00e12e8b_5102,11601.76171875
00e12e8b_5103,11601.6279296875
00e12e8b_5104,11601.5341796875
00e12e8b_5105,11601.52734375
00e12e8b_5106,11601.4638671875
00e12e8b_5107,11601.4306640625
00e12e8b_5108,11601.3447265625
00e12e8b_5109,11601.3994140625
00e12e8b_5110,11601.5009765625
00e12e8b_5111,11601.408203125
00e12e8b_5112,11601.4404296875
00e12e8b_5113,11601.3408203125
00e12e8b_5114,11601.3359375
00e12e8b_5115,11601.3359375
00e12e8b_5116,11601.2919921875
00e12e8b_5117,11601.33984375
00e12e8b_5118,11601.3310546875
00e12e8b_5119,11601.34765625
00e12e8b_5120,11601.2490234375
00e12e8b_5121,11601.296875
00e12e8b_5122,11601.2568359375
00e12e8b_5123,11601.2353515625
00e12e8b_5124,11601.1796875
00e12e8b_5125,11601.150390625
00e12e8b_5126,11601.0556640625
00e12e8b_5127,11601.029296875
00e12e8b_5128,11601.013671875
00e12e8b_5129,11600.9208984375
00e12e8b_5130,11600.943359375
00e12e8b_5131,11600.9501953125
00e12e8b_5132,11600.8876953125
00e12e8b_5133,11600.923828125
00e12e8b_5134,11600.92578125
00e12e8b_5135,11600.890625
00e12e8b_5136,11600.9267578125
00e12e8b_5137,11600.9345703125
00e12e8b_5138,11600.880859375
00e12e8b_5139,11600.857421875
00e12e8b_5140,11600.8388671875
00e12e8b_5141,11600.8681640625
00e12e8b_5142,11600.7939453125
00e12e8b_5143,11600.80859375
00e12e8b_5144,11600.7568359375
00e12e8b_5145,11600.7998046875
00e12e8b_5146,11600.796875
00e12e8b_5147,11600.7578125
00e12e8b_5148,11601.0693359375
00e12e8b_5149,11600.982421875
00e12e8b_5150,11600.978515625
00e12e8b_5151,11600.9404296875
00e12e8b_5152,11600.8828125
00e12e8b_5153,11600.921875
00e12e8b_5154,11600.93359375
00e12e8b_5155,11600.8720703125
00e12e8b_5156,11600.90625
00e12e8b_5157,11600.89453125
00e12e8b_5158,11600.880859375
00e12e8b_5159,11600.8671875
00e12e8b_5160,11600.873046875
00e12e8b_5161,11600.8125
00e12e8b_5162,11600.7998046875
00e12e8b_5163,11600.783203125
00e12e8b_5164,11600.7861328125
00e12e8b_5165,11600.7470703125
00e12e8b_5166,11600.7431640625
00e12e8b_5167,11600.7392578125
00e12e8b_5168,11600.7158203125
00e12e8b_5169,11600.744140625
00e12e8b_5170,11600.7099609375
00e12e8b_5171,11600.7080078125
00e12e8b_5172,11600.71875
00e12e8b_5173,11600.7353515625
00e12e8b_5174,11600.71484375
00e12e8b_5175,11600.677734375
00e12e8b_5176,11600.65625
00e12e8b_5177,11600.6904296875
00e12e8b_5178,11600.654296875
00e12e8b_5179,11600.62109375
00e12e8b_5180,11600.6533203125
00e12e8b_5181,11600.5830078125
00e12e8b_5182,11600.5751953125
00e12e8b_5183,11600.6103515625
00e12e8b_5184,11600.546875
00e12e8b_5185,11600.568359375
00e12e8b_5186,11600.5751953125
00e12e8b_5187,11600.482421875
00e12e8b_5188,11600.4736328125
00e12e8b_5189,11600.435546875
00e12e8b_5190,11600.4306640625
00e12e8b_5191,11600.4306640625
00e12e8b_5192,11600.4150390625
00e12e8b_5193,11600.4052734375
00e12e8b_5194,11600.373046875
00e12e8b_5195,11600.3671875
00e12e8b_5196,11600.3544921875
00e12e8b_5197,11600.349609375
00e12e8b_5198,11600.3369140625
00e12e8b_5199,11600.2919921875
00e12e8b_5200,11600.224609375
00e12e8b_5201,11600.1875
00e12e8b_5202,11600.2177734375
00e12e8b_5203,11600.2333984375
00e12e8b_5204,11600.158203125
00e12e8b_5205,11600.2109375
00e12e8b_5206,11600.140625
00e12e8b_5207,11600.1640625
00e12e8b_5208,11600.107421875
00e12e8b_5209,11600.052734375
00e12e8b_5210,11600.046875
00e12e8b_5211,11600.0263671875
00e12e8b_5212,11599.947265625
00e12e8b_5213,11599.9404296875
00e12e8b_5214,11599.826171875
00e12e8b_5215,11599.8154296875
00e12e8b_5216,11599.806640625
00e12e8b_5217,11600.0966796875
00e12e8b_5218,11600.068359375
00e12e8b_5219,11600.0595703125
00e12e8b_5220,11600.0478515625
00e12e8b_5221,11600.001953125
00e12e8b_5222,11599.9921875
00e12e8b_5223,11599.9169921875
00e12e8b_5224,11599.884765625
00e12e8b_5225,11599.869140625
00e12e8b_5226,11599.86328125
00e12e8b_5227,11599.80078125
00e12e8b_5228,11599.859375
00e12e8b_5229,11599.849609375
00e12e8b_5230,11599.7919921875
00e12e8b_5231,11599.8017578125
00e12e8b_5232,11599.802734375
00e12e8b_5233,11599.8369140625
00e12e8b_5234,11599.7861328125
00e12e8b_5235,11599.74609375
00e12e8b_5236,11599.736328125
00e12e8b_5237,11599.73828125
00e12e8b_5238,11599.7216796875
00e12e8b_5239,11599.712890625
00e12e8b_5240,11599.732421875
00e12e8b_5241,11599.7548828125
00e12e8b_5242,11599.744140625
00e12e8b_5243,11599.70703125
00e12e8b_5244,11599.7353515625
00e12e8b_5245,11599.6875
00e12e8b_5246,11599.65625
00e12e8b_5247,11599.615234375
00e12e8b_5248,11599.5693359375
00e12e8b_5249,11599.5634765625
00e12e8b_5250,11599.5166015625
00e12e8b_5251,11599.5439453125
00e12e8b_5252,11599.490234375
00e12e8b_5253,11599.4921875
00e12e8b_5254,11599.4873046875
00e12e8b_5255,11599.7861328125
00e12e8b_5256,11599.8271484375
00e12e8b_5257,11599.8173828125
00e12e8b_5258,11599.8212890625
00e12e8b_5259,11599.8154296875
00e12e8b_5260,11599.8447265625
00e12e8b_5261,11599.8134765625
00e12e8b_5262,11599.8603515625
00e12e8b_5263,11599.8193359375
00e12e8b_5264,11599.8359375
00e12e8b_5265,11599.8154296875
00e12e8b_5266,11599.8359375
00e12e8b_5267,11599.8173828125
00e12e8b_5268,11599.7998046875
00e12e8b_5269,11599.8134765625
00e12e8b_5270,11599.79296875
00e12e8b_5271,11599.806640625
00e12e8b_5272,11599.7890625
00e12e8b_5273,11599.8076171875
00e12e8b_5274,11599.763671875
00e12e8b_5275,11599.7841796875
00e12e8b_5276,11599.7734375
00e12e8b_5277,11599.77734375
00e12e8b_5278,11599.794921875
00e12e8b_5279,11599.7919921875
00e12e8b_5280,11599.787109375
00e12e8b_5281,11599.8193359375
00e12e8b_5282,11599.8056640625
00e12e8b_5283,11599.8408203125
00e12e8b_5284,11599.8173828125
00e12e8b_5285,11599.826171875
00e12e8b_5286,11599.8525390625
00e12e8b_5287,11599.84765625
00e12e8b_5288,11599.826171875
00e12e8b_5289,11599.8564453125
00e12e8b_5290,11599.8291015625
00e12e8b_5291,11599.82421875
00e12e8b_5292,11599.8466796875
00e12e8b_5293,11599.8291015625
00e12e8b_5294,11599.8427734375
00e12e8b_5295,11599.828125
00e12e8b_5296,11599.8330078125
00e12e8b_5297,11599.861328125
00e12e8b_5298,11599.822265625
00e12e8b_5299,11599.828125
00e12e8b_5300,11599.81640625
00e12e8b_5301,11599.81640625
00e12e8b_5302,11599.7919921875
00e12e8b_5303,11599.79296875
00e12e8b_5304,11599.8115234375
00e12e8b_5305,11599.763671875
00e12e8b_5306,11599.7470703125
00e12e8b_5307,11599.751953125
00e12e8b_5308,11599.71484375
00e12e8b_5309,11599.74609375
00e12e8b_5310,11599.732421875
00e12e8b_5311,11599.6865234375
00e12e8b_5312,11599.6826171875
00e12e8b_5313,11599.6279296875
00e12e8b_5314,11599.6435546875
00e12e8b_5315,11599.619140625
00e12e8b_5316,11599.5712890625
00e12e8b_5317,11599.5732421875
00e12e8b_5318,11599.5771484375
00e12e8b_5319,11599.5546875
00e12e8b_5320,11599.5205078125
00e12e8b_5321,11599.55859375
00e12e8b_5322,11599.5029296875
00e12e8b_5323,11599.7353515625
00e12e8b_5324,11599.7734375
00e12e8b_5325,11599.724609375
00e12e8b_5326,11599.7197265625
00e12e8b_5327,11599.7099609375
00e12e8b_5328,11599.7265625
00e12e8b_5329,11599.669921875
00e12e8b_5330,11599.6669921875
00e12e8b_5331,11599.642578125
00e12e8b_5332,11599.6474609375
00e12e8b_5333,11599.6328125
00e12e8b_5334,11599.6240234375
00e12e8b_5335,11599.6357421875
00e12e8b_5336,11599.623046875
00e12e8b_5337,11599.5703125
00e12e8b_5338,11599.5419921875
00e12e8b_5339,11599.576171875
00e12e8b_5340,11599.54296875
00e12e8b_5341,11599.5146484375
00e12e8b_5342,11599.515625
00e12e8b_5343,11599.49609375
00e12e8b_5344,11599.509765625
00e12e8b_5345,11599.4814453125
00e12e8b_5346,11599.4736328125
00e12e8b_5347,11599.482421875
00e12e8b_5348,11599.4482421875
00e12e8b_5349,11599.4638671875
00e12e8b_5350,11599.4541015625
00e12e8b_5351,11599.451171875
00e12e8b_5352,11599.4619140625
00e12e8b_5353,11599.4208984375
00e12e8b_5354,11599.435546875
00e12e8b_5355,11599.375
00e12e8b_5356,11599.3818359375
00e12e8b_5357,11599.34765625
00e12e8b_5358,11599.3857421875
00e12e8b_5359,11599.37109375
00e12e8b_5360,11599.3330078125
00e12e8b_5361,11599.873046875
00e12e8b_5362,11599.849609375
00e12e8b_5363,11599.8828125
00e12e8b_5364,11599.8408203125
00e12e8b_5365,11599.865234375
00e12e8b_5366,11599.837890625
00e12e8b_5367,11599.8486328125
00e12e8b_5368,11599.8251953125
00e12e8b_5369,11599.8330078125
00e12e8b_5370,11599.80859375
00e12e8b_5371,11599.810546875
00e12e8b_5372,11599.794921875
00e12e8b_5373,11599.7939453125
00e12e8b_5374,11599.7724609375
00e12e8b_5375,11599.767578125
00e12e8b_5376,11599.7685546875
00e12e8b_5377,11599.7705078125
00e12e8b_5378,11599.767578125
00e12e8b_5379,11599.759765625
00e12e8b_5380,11599.7490234375
00e12e8b_5381,11599.7333984375
00e12e8b_5382,11599.740234375
00e12e8b_5383,11599.70703125
00e12e8b_5384,11599.712890625
00e12e8b_5385,11599.708984375
00e12e8b_5386,11599.72265625
00e12e8b_5387,11599.740234375
00e12e8b_5388,11599.7041015625
00e12e8b_5389,11599.70703125
00e12e8b_5390,11599.7353515625
00e12e8b_5391,11599.7265625
00e12e8b_5392,11599.7265625
00e12e8b_5393,11599.7060546875
00e12e8b_5394,11599.6953125
00e12e8b_5395,11599.697265625
00e12e8b_5396,11599.65625
00e12e8b_5397,11599.6337890625
00e12e8b_5398,11599.6328125
00e12e8b_5399,11599.62890625
00e12e8b_5400,11599.6357421875
00e12e8b_5401,11599.6337890625
00e12e8b_5402,11599.6279296875
00e12e8b_5403,11599.6123046875
00e12e8b_5404,11599.638671875
00e12e8b_5405,11599.6552734375
00e12e8b_5406,11599.6025390625
00e12e8b_5407,11599.640625
00e12e8b_5408,11599.6083984375
00e12e8b_5409,11599.583984375
00e12e8b_5410,11599.5849609375
00e12e8b_5411,11599.5966796875
00e12e8b_5412,11599.6103515625
00e12e8b_5413,11599.5849609375
00e12e8b_5414,11599.56640625
00e12e8b_5415,11599.5703125
00e12e8b_5416,11599.5703125
00e12e8b_5417,11599.509765625
00e12e8b_5418,11599.53515625
00e12e8b_5419,11599.484375
00e12e8b_5420,11599.5185546875
00e12e8b_5421,11599.501953125
00e12e8b_5422,11599.4697265625
00e12e8b_5423,11599.470703125
00e12e8b_5424,11599.46875
00e12e8b_5425,11599.4931640625
00e12e8b_5426,11599.822265625
00e12e8b_5427,11599.8525390625
00e12e8b_5428,11599.8095703125
00e12e8b_5429,11599.833984375
00e12e8b_5430,11599.904296875
00e12e8b_5431,11599.89453125
00e12e8b_5432,11599.9228515625
00e12e8b_5433,11599.931640625
00e12e8b_5434,11599.9638671875
00e12e8b_5435,11599.9482421875
00e12e8b_5436,11599.9580078125
00e12e8b_5437,11599.9384765625
00e12e8b_5438,11599.943359375
00e12e8b_5439,11599.9287109375
00e12e8b_5440,11599.8857421875
00e12e8b_5441,11599.8837890625
00e12e8b_5442,11599.865234375
00e12e8b_5443,11599.8798828125
00e12e8b_5444,11599.8984375
00e12e8b_5445,11599.9189453125
00e12e8b_5446,11600.048828125
00e12e8b_5447,11599.998046875
00e12e8b_5448,11599.966796875
00e12e8b_5449,11600.0322265625
00e12e8b_5450,11599.912109375
00e12e8b_5451,11599.962890625
00e12e8b_5452,11599.9072265625
00e12e8b_5453,11599.9248046875
00e12e8b_5454,11599.89453125
00e12e8b_5455,11599.8525390625
00e12e8b_5456,11599.8525390625
00e12e8b_5457,11599.82421875
00e12e8b_5458,11599.783203125
00e12e8b_5459,11599.83203125
00e12e8b_5460,11599.8447265625
00e12e8b_5461,11599.794921875
00e12e8b_5462,11599.7978515625
00e12e8b_5463,11599.8134765625
00e12e8b_5464,11599.78515625
00e12e8b_5465,11599.8076171875
00e12e8b_5466,11599.8095703125
00e12e8b_5467,11600.2421875
00e12e8b_5468,11600.25390625
00e12e8b_5469,11600.2265625
00e12e8b_5470,11600.2509765625
00e12e8b_5471,11600.2607421875
00e12e8b_5472,11600.2587890625
00e12e8b_5473,11600.259765625
00e12e8b_5474,11600.248046875
00e12e8b_5475,11600.2646484375
00e12e8b_5476,11600.3134765625
00e12e8b_5477,11600.2685546875
00e12e8b_5478,11600.240234375
00e12e8b_5479,11600.232421875
00e12e8b_5480,11600.25
00e12e8b_5481,11600.2490234375
00e12e8b_5482,11600.3681640625
00e12e8b_5483,11600.498046875
00e12e8b_5484,11600.529296875
00e12e8b_5485,11600.7333984375
00e12e8b_5486,11600.82421875
00e12e8b_5487,11600.75390625
00e12e8b_5488,11600.6943359375
00e12e8b_5489,11600.5703125
00e12e8b_5490,11600.4541015625
00e12e8b_5491,11600.4013671875
00e12e8b_5492,11600.3701171875
00e12e8b_5493,11600.3193359375
00e12e8b_5494,11600.255859375
00e12e8b_5495,11600.21484375
00e12e8b_5496,11600.2109375
00e12e8b_5497,11600.1787109375
00e12e8b_5498,11600.0927734375
00e12e8b_5499,11600.0966796875
00e12e8b_5500,11600.087890625
00e12e8b_5501,11600.0458984375
00e12e8b_5502,11599.990234375
00e12e8b_5503,11600.03125
00e12e8b_5504,11600.0283203125
00e12e8b_5505,11599.9970703125
00e12e8b_5506,11599.9873046875
00e12e8b_5507,11599.990234375
00e12e8b_5508,11600.0126953125
00e12e8b_5509,11600.00390625
00e12e8b_5510,11600.01953125
00e12e8b_5511,11600.0029296875
00e12e8b_5512,11600.01953125
00e12e8b_5513,11600.0302734375
00e12e8b_5514,11599.9765625
00e12e8b_5515,11599.94921875
00e12e8b_5516,11599.9794921875
00e12e8b_5517,11599.9423828125
00e12e8b_5518,11599.9404296875
00e12e8b_5519,11599.9150390625
00e12e8b_5520,11599.91796875
00e12e8b_5521,11599.8955078125
00e12e8b_5522,11599.8681640625
00e12e8b_5523,11599.8486328125
00e12e8b_5524,11599.8466796875
00e12e8b_5525,11599.845703125
00e12e8b_5526,11599.8505859375
00e12e8b_5527,11599.865234375
00e12e8b_5528,11599.86328125
00e12e8b_5529,11599.87109375
00e12e8b_5530,11600.0849609375
00e12e8b_5531,11600.0927734375
00e12e8b_5532,11600.0927734375
00e12e8b_5533,11600.029296875
00e12e8b_5534,11600.03515625
00e12e8b_5535,11600.0107421875
00e12e8b_5536,11600.0
00e12e8b_5537,11599.9921875
00e12e8b_5538,11599.9873046875
00e12e8b_5539,11599.990234375
00e12e8b_5540,11599.994140625
00e12e8b_5541,11600.0068359375
00e12e8b_5542,11599.9990234375
00e12e8b_5543,11599.9833984375
00e12e8b_5544,11599.9970703125
00e12e8b_5545,11600.0078125
00e12e8b_5546,11599.9931640625
00e12e8b_5547,11599.9736328125
00e12e8b_5548,11600.009765625
00e12e8b_5549,11599.9814453125
00e12e8b_5550,11599.98828125
00e12e8b_5551,11599.978515625
00e12e8b_5552,11599.9873046875
00e12e8b_5553,11599.97265625
00e12e8b_5554,11599.9716796875
00e12e8b_5555,11599.986328125
00e12e8b_5556,11599.982421875
00e12e8b_5557,11599.9638671875
00e12e8b_5558,11599.94140625
00e12e8b_5559,11599.947265625
00e12e8b_5560,11599.9296875
00e12e8b_5561,11599.9462890625
00e12e8b_5562,11599.9306640625
00e12e8b_5563,11599.9482421875
00e12e8b_5564,11599.94140625
00e12e8b_5565,11599.943359375
00e12e8b_5566,11599.9384765625
00e12e8b_5567,11599.923828125
00e12e8b_5568,11599.927734375
00e12e8b_5569,11599.916015625
00e12e8b_5570,11599.9365234375
00e12e8b_5571,11599.91015625
00e12e8b_5572,11599.9052734375
00e12e8b_5573,11600.1005859375
00e12e8b_5574,11600.09375
00e12e8b_5575,11600.0849609375
00e12e8b_5576,11600.10546875
00e12e8b_5577,11600.1064453125
00e12e8b_5578,11600.09375
00e12e8b_5579,11600.0947265625
00e12e8b_5580,11600.09765625
00e12e8b_5581,11600.08984375
00e12e8b_5582,11600.12109375
00e12e8b_5583,11600.109375
00e12e8b_5584,11600.1083984375
00e12e8b_5585,11600.115234375
00e12e8b_5586,11600.1064453125
00e12e8b_5587,11600.1025390625
00e12e8b_5588,11600.09375
00e12e8b_5589,11600.1103515625
00e12e8b_5590,11600.1044921875
00e12e8b_5591,11600.0908203125
00e12e8b_5592,11600.1005859375
00e12e8b_5593,11600.1015625
00e12e8b_5594,11600.1083984375
00e12e8b_5595,11600.1064453125
00e12e8b_5596,11600.1220703125
00e12e8b_5597,11600.1318359375
00e12e8b_5598,11600.1162109375
00e12e8b_5599,11600.1650390625
00e12e8b_5600,11600.1669921875
00e12e8b_5601,11600.16796875
00e12e8b_5602,11600.19140625
00e12e8b_5603,11600.193359375
00e12e8b_5604,11600.19140625
00e12e8b_5605,11600.189453125
00e12e8b_5606,11600.19921875
00e12e8b_5607,11600.201171875
00e12e8b_5608,11600.2060546875
00e12e8b_5609,11600.2314453125
00e12e8b_5610,11600.2392578125
00e12e8b_5611,11600.2314453125
00e12e8b_5612,11600.240234375
00e12e8b_5613,11600.234375
00e12e8b_5614,11600.2490234375
00e12e8b_5615,11600.2431640625
00e12e8b_5616,11600.267578125
00e12e8b_5617,11600.236328125
00e12e8b_5618,11600.2685546875
00e12e8b_5619,11600.2734375
00e12e8b_5620,11600.2822265625
00e12e8b_5621,11600.314453125
00e12e8b_5622,11600.302734375
00e12e8b_5623,11600.298828125
00e12e8b_5624,11600.31640625
00e12e8b_5625,11600.3369140625
00e12e8b_5626,11600.3359375
00e12e8b_5627,11600.3447265625
00e12e8b_5628,11600.322265625
00e12e8b_5629,11600.3251953125
00e12e8b_5630,11600.328125
00e12e8b_5631,11600.3681640625
00e12e8b_5632,11600.3955078125
00e12e8b_5633,11600.396484375
00e12e8b_5634,11600.4423828125
00e12e8b_5635,11600.69140625
00e12e8b_5636,11600.7236328125
00e12e8b_5637,11600.7353515625
00e12e8b_5638,11600.7607421875
00e12e8b_5639,11600.84375
00e12e8b_5640,11600.74609375
00e12e8b_5641,11600.7734375
00e12e8b_5642,11600.765625
00e12e8b_5643,11600.8251953125
00e12e8b_5644,11600.7314453125
00e12e8b_5645,11600.7646484375
00e12e8b_5646,11600.8232421875
00e12e8b_5647,11600.78515625
00e12e8b_5648,11600.7451171875
00e12e8b_5649,11600.767578125
00e12e8b_5650,11600.81640625
00e12e8b_5651,11600.7763671875
00e12e8b_5652,11600.7333984375
00e12e8b_5653,11600.7626953125
00e12e8b_5654,11600.7666015625
00e12e8b_5655,11600.7470703125
00e12e8b_5656,11600.7431640625
00e12e8b_5657,11600.7470703125
00e12e8b_5658,11600.7978515625
00e12e8b_5659,11600.787109375
00e12e8b_5660,11600.7607421875
00e12e8b_5661,11600.759765625
00e12e8b_5662,11600.87109375
00e12e8b_5663,11600.84375
00e12e8b_5664,11600.884765625
00e12e8b_5665,11600.904296875
00e12e8b_5666,11600.9091796875
00e12e8b_5667,11600.8896484375
00e12e8b_5668,11600.9404296875
00e12e8b_5669,11601.0322265625
00e12e8b_5670,11600.958984375
00e12e8b_5671,11600.947265625
00e12e8b_5672,11600.943359375
00e12e8b_5673,11600.9365234375
00e12e8b_5674,11600.935546875
00e12e8b_5675,11600.9560546875
00e12e8b_5676,11600.9248046875
00e12e8b_5677,11600.935546875
00e12e8b_5678,11600.904296875
00e12e8b_5679,11600.9013671875
00e12e8b_5680,11600.9453125
00e12e8b_5681,11601.177734375
00e12e8b_5682,11601.1611328125
00e12e8b_5683,11601.1591796875
00e12e8b_5684,11601.11328125
00e12e8b_5685,11601.0908203125
00e12e8b_5686,11601.0869140625
00e12e8b_5687,11601.0869140625
00e12e8b_5688,11601.0400390625
00e12e8b_5689,11601.015625
00e12e8b_5690,11601.0234375
00e12e8b_5691,11601.0302734375
00e12e8b_5692,11601.0380859375
00e12e8b_5693,11601.0146484375
00e12e8b_5694,11600.9619140625
00e12e8b_5695,11600.9345703125
00e12e8b_5696,11600.9326171875
00e12e8b_5697,11600.923828125
00e12e8b_5698,11600.9248046875
00e12e8b_5699,11600.939453125
00e12e8b_5700,11600.9228515625
00e12e8b_5701,11600.916015625
00e12e8b_5702,11600.91015625
00e12e8b_5703,11600.927734375
00e12e8b_5704,11600.9306640625
00e12e8b_5705,11600.9130859375
00e12e8b_5706,11600.9111328125
00e12e8b_5707,11600.9140625
00e12e8b_5708,11600.9248046875
00e12e8b_5709,11600.9375
00e12e8b_5710,11600.9404296875
00e12e8b_5711,11600.9111328125
00e12e8b_5712,11600.9326171875
00e12e8b_5713,11600.9306640625
00e12e8b_5714,11600.9365234375
00e12e8b_5715,11600.9609375
00e12e8b_5716,11600.9677734375
00e12e8b_5717,11600.9853515625
00e12e8b_5718,11600.966796875
00e12e8b_5719,11600.974609375
00e12e8b_5720,11600.9736328125
00e12e8b_5721,11600.966796875
00e12e8b_5722,11600.9775390625
00e12e8b_5723,11600.96875
00e12e8b_5724,11600.9599609375
00e12e8b_5725,11600.9541015625
00e12e8b_5726,11600.962890625
00e12e8b_5727,11600.96875
00e12e8b_5728,11600.97265625
00e12e8b_5729,11600.986328125
00e12e8b_5730,11600.9990234375
00e12e8b_5731,11600.974609375
00e12e8b_5732,11601.0048828125
00e12e8b_5733,11600.9892578125
00e12e8b_5734,11600.97265625
00e12e8b_5735,11600.984375
00e12e8b_5736,11600.9814453125
00e12e8b_5737,11600.978515625
00e12e8b_5738,11600.9453125
00e12e8b_5739,11600.943359375
00e12e8b_5740,11600.9462890625
00e12e8b_5741,11601.2216796875
00e12e8b_5742,11601.23828125
00e12e8b_5743,11601.220703125
00e12e8b_5744,11601.212890625
00e12e8b_5745,11601.2080078125
00e12e8b_5746,11601.2080078125
00e12e8b_5747,11601.2021484375
00e12e8b_5748,11601.1845703125
00e12e8b_5749,11601.1611328125
00e12e8b_5750,11601.1708984375
00e12e8b_5751,11601.1611328125
00e12e8b_5752,11601.1279296875
00e12e8b_5753,11601.0966796875
00e12e8b_5754,11601.1015625
00e12e8b_5755,11601.1328125
00e12e8b_5756,11601.1328125
00e12e8b_5757,11601.126953125
00e12e8b_5758,11601.1494140625
00e12e8b_5759,11601.130859375
00e12e8b_5760,11601.138671875
00e12e8b_5761,11601.0888671875
00e12e8b_5762,11601.083984375
00e12e8b_5763,11601.0869140625
00e12e8b_5764,11601.068359375
00e12e8b_5765,11601.0859375
00e12e8b_5766,11601.10546875
00e12e8b_5767,11601.107421875
00e12e8b_5768,11601.1318359375
00e12e8b_5769,11601.123046875
00e12e8b_5770,11601.1201171875
00e12e8b_5771,11601.1103515625
00e12e8b_5772,11601.11328125
00e12e8b_5773,11601.0986328125
00e12e8b_5774,11601.1015625
00e12e8b_5775,11601.123046875
00e12e8b_5776,11601.109375
00e12e8b_5777,11601.1376953125
00e12e8b_5778,11601.1318359375
00e12e8b_5779,11601.1376953125
00e12e8b_5780,11601.15625
00e12e8b_5781,11601.140625
00e12e8b_5782,11601.1875
00e12e8b_5783,11601.19140625
00e12e8b_5784,11601.189453125
00e12e8b_5785,11601.197265625
00e12e8b_5786,11601.458984375
00e12e8b_5787,11601.4609375
00e12e8b_5788,11601.4462890625
00e12e8b_5789,11601.4404296875
00e12e8b_5790,11601.443359375
00e12e8b_5791,11601.466796875
00e12e8b_5792,11601.453125
00e12e8b_5793,11601.578125
00e12e8b_5794,11601.58203125
00e12e8b_5795,11601.611328125
00e12e8b_5796,11601.6064453125
00e12e8b_5797,11601.6044921875
00e12e8b_5798,11601.61328125
00e12e8b_5799,11601.7236328125
00e12e8b_5800,11601.7275390625
00e12e8b_5801,11601.7314453125
00e12e8b_5802,11601.73046875
00e12e8b_5803,11601.7568359375
00e12e8b_5804,11601.8955078125
00e12e8b_5805,11601.9091796875
00e12e8b_5806,11601.91015625
00e12e8b_5807,11601.9716796875
00e12e8b_5808,11602.01171875
00e12e8b_5809,11602.1083984375
00e12e8b_5810,11602.2958984375
00e12e8b_5811,11602.4189453125
00e12e8b_5812,11602.4521484375
00e12e8b_5813,11602.451171875
00e12e8b_5814,11602.4541015625
00e12e8b_5815,11602.4755859375
00e12e8b_5816,11602.4892578125
00e12e8b_5817,11602.5244140625
00e12e8b_5818,11602.5556640625
00e12e8b_5819,11602.5947265625
00e12e8b_5820,11602.62890625
00e12e8b_5821,11602.6484375
00e12e8b_5822,11602.6572265625
00e12e8b_5823,11602.6630859375
00e12e8b_5824,11602.6904296875
00e12e8b_5825,11602.7177734375
00e12e8b_5826,11602.7490234375
00e12e8b_5827,11602.7666015625
00e12e8b_5828,11602.7958984375
00e12e8b_5829,11602.8349609375
00e12e8b_5830,11602.8876953125
00e12e8b_5831,11602.92578125
00e12e8b_5832,11602.91796875
00e12e8b_5833,11603.0
00e12e8b_5834,11603.0517578125
00e12e8b_5835,11603.0419921875
00e12e8b_5836,11603.05859375
00e12e8b_5837,11603.0517578125
00e12e8b_5838,11603.0615234375
00e12e8b_5839,11603.0654296875
00e12e8b_5840,11603.11328125
00e12e8b_5841,11603.107421875
00e12e8b_5842,11603.1181640625
00e12e8b_5843,11603.1376953125
00e12e8b_5844,11603.109375
00e12e8b_5845,11603.1357421875
00e12e8b_5846,11603.1669921875
00e12e8b_5847,11603.1708984375
00e12e8b_5848,11603.1533203125
00e12e8b_5849,11603.1455078125
00e12e8b_5850,11603.1640625
00e12e8b_5851,11603.18359375
00e12e8b_5852,11603.1845703125
00e12e8b_5853,11603.193359375
00e12e8b_5854,11603.2119140625
00e12e8b_5855,11603.1953125
00e12e8b_5856,11603.1845703125
00e12e8b_5857,11603.1708984375
00e12e8b_5858,11603.1318359375
00e12e8b_5859,11603.16796875
00e12e8b_5860,11603.1591796875
00e12e8b_5861,11603.1171875
00e12e8b_5862,11603.1640625
00e12e8b_5863,11603.1845703125
00e12e8b_5864,11603.2109375
00e12e8b_5865,11603.240234375
00e12e8b_5866,11603.2294921875
00e12e8b_5867,11603.21484375
00e12e8b_5868,11603.2373046875
00e12e8b_5869,11603.2451171875
00e12e8b_5870,11603.3046875
00e12e8b_5871,11603.2919921875
00e12e8b_5872,11603.2841796875
00e12e8b_5873,11603.310546875
00e12e8b_5874,11603.2958984375
00e12e8b_5875,11603.3095703125
00e12e8b_5876,11603.3212890625
00e12e8b_5877,11603.3759765625
00e12e8b_5878,11603.38671875
00e12e8b_5879,11603.44921875
00e12e8b_5880,11603.4794921875
00e12e8b_5881,11603.498046875
00e12e8b_5882,11603.4970703125
00e12e8b_5883,11603.5537109375
00e12e8b_5884,11603.5576171875
00e12e8b_5885,11603.60546875
00e12e8b_5886,11603.638671875
00e12e8b_5887,11603.7919921875
00e12e8b_5888,11603.8623046875
00e12e8b_5889,11603.97265625
00e12e8b_5890,11604.0185546875
00e12e8b_5891,11604.1220703125
00e12e8b_5892,11604.23828125
00e12e8b_5893,11604.2724609375
00e12e8b_5894,11604.361328125
00e12e8b_5895,11604.3310546875
00e12e8b_5896,11604.3505859375
00e12e8b_5897,11604.41796875
00e12e8b_5898,11604.3955078125
00e12e8b_5899,11604.39453125
00e12e8b_5900,11604.3857421875
00e12e8b_5901,11604.376953125
00e12e8b_5902,11604.4365234375
00e12e8b_5903,11604.435546875
00e12e8b_5904,11604.4873046875
00e12e8b_5905,11604.458984375
00e12e8b_5906,11604.5205078125
00e12e8b_5907,11604.513671875
00e12e8b_5908,11604.5341796875
00e12e8b_5909,11604.53125
00e12e8b_5910,11604.564453125
00e12e8b_5911,11604.55859375
00e12e8b_5912,11604.5322265625
00e12e8b_5913,11604.525390625
00e12e8b_5914,11604.486328125
00e12e8b_5915,11604.46875
00e12e8b_5916,11604.458984375
00e12e8b_5917,11604.53125
00e12e8b_5918,11604.5556640625
00e12e8b_5919,11604.5791015625
00e12e8b_5920,11604.58203125
00e12e8b_5921,11604.73046875
00e12e8b_5922,11604.697265625
00e12e8b_5923,11604.806640625
00e12e8b_5924,11604.939453125
00e12e8b_5925,11605.103515625
00e12e8b_5926,11605.2294921875
00e12e8b_5927,11605.384765625
00e12e8b_5928,11605.4130859375
00e12e8b_5929,11605.5078125
00e12e8b_5930,11605.5615234375
00e12e8b_5931,11605.580078125
00e12e8b_5932,11605.7177734375
00e12e8b_5933,11605.8515625
00e12e8b_5934,11605.7138671875
00e12e8b_5935,11605.7392578125
00e12e8b_5936,11605.78515625
00e12e8b_5937,11605.791015625
00e12e8b_5938,11605.8359375
00e12e8b_5939,11605.83984375
00e12e8b_5940,11605.888671875
00e12e8b_5941,11605.8974609375
00e12e8b_5942,11605.9677734375
00e12e8b_5943,11606.068359375
00e12e8b_5944,11606.12890625
00e12e8b_5945,11606.19921875
00e12e8b_5946,11606.2841796875
00e12e8b_5947,11606.30078125
00e12e8b_5948,11606.328125
00e12e8b_5949,11606.3828125
00e12e8b_5950,11606.376953125
00e12e8b_5951,11606.39453125
00e12e8b_5952,11606.390625
00e12e8b_5953,11606.4677734375
00e12e8b_5954,11606.5458984375
00e12e8b_5955,11606.4990234375
00e12e8b_5956,11606.5380859375
00e12e8b_5957,11606.5703125
00e12e8b_5958,11606.5244140625
00e12e8b_5959,11606.5458984375
00e12e8b_5960,11606.5673828125
00e12e8b_5961,11606.513671875
00e12e8b_5962,11606.4853515625
00e12e8b_5963,11606.6923828125
00e12e8b_5964,11606.7236328125
00e12e8b_5965,11606.78515625
00e12e8b_5966,11606.798828125
00e12e8b_5967,11606.8662109375
00e12e8b_5968,11606.869140625
00e12e8b_5969,11606.833984375
00e12e8b_5970,11606.865234375
00e12e8b_5971,11606.87109375
00e12e8b_5972,11606.880859375
00e12e8b_5973,11606.865234375
00e12e8b_5974,11606.884765625
00e12e8b_5975,11606.90234375
00e12e8b_5976,11606.88671875
00e12e8b_5977,11606.8955078125
00e12e8b_5978,11606.9365234375
00e12e8b_5979,11606.9267578125
00e12e8b_5980,11606.9521484375
00e12e8b_5981,11606.943359375
00e12e8b_5982,11606.939453125
00e12e8b_5983,11606.90234375
00e12e8b_5984,11606.861328125
00e12e8b_5985,11606.8466796875
00e12e8b_5986,11606.8349609375
00e12e8b_5987,11606.857421875
00e12e8b_5988,11606.861328125
00e12e8b_5989,11606.8720703125
00e12e8b_5990,11606.91015625
00e12e8b_5991,11606.9169921875
00e12e8b_5992,11606.8994140625
00e12e8b_5993,11606.8046875
00e12e8b_5994,11606.8427734375
00e12e8b_5995,11606.8349609375
00e12e8b_5996,11606.841796875
00e12e8b_5997,11606.78125
00e12e8b_5998,11606.82421875
00e12e8b_5999,11606.82421875
00e12e8b_6000,11606.80078125
00e12e8b_6001,11606.76171875
00e12e8b_6002,11606.697265625
00e12e8b_6003,11606.6728515625
00e12e8b_6004,11606.646484375
00e12e8b_6005,11606.6171875
00e12e8b_6006,11606.62109375
00e12e8b_6007,11606.642578125
00e12e8b_6008,11606.544921875
00e12e8b_6009,11606.5478515625
00e12e8b_6010,11606.546875
00e12e8b_6011,11606.55859375
00e12e8b_6012,11606.5263671875
00e12e8b_6013,11606.521484375
00e12e8b_6014,11606.5322265625
00e12e8b_6015,11606.52734375
00e12e8b_6016,11606.5126953125
00e12e8b_6017,11606.5322265625
00e12e8b_6018,11606.55078125
00e12e8b_6019,11606.55859375
00e12e8b_6020,11606.544921875
00e12e8b_6021,11606.54296875
00e12e8b_6022,11606.54296875
00e12e8b_6023,11606.5546875
00e12e8b_6024,11606.509765625
00e12e8b_6025,11606.56640625
00e12e8b_6026,11606.4912109375
00e12e8b_6027,11606.5009765625
00e12e8b_6028,11606.5517578125
00e12e8b_6029,11606.560546875
00e12e8b_6030,11606.4814453125
00e12e8b_6031,11606.373046875
00e12e8b_6032,11606.4462890625
00e12e8b_6033,11606.40625
00e12e8b_6034,11606.37890625
00e12e8b_6035,11606.400390625
00e12e8b_6036,11606.3662109375
00e12e8b_6037,11606.36328125
00e12e8b_6038,11606.380859375
00e12e8b_6039,11606.2958984375
00e12e8b_6040,11606.2763671875
00e12e8b_6041,11606.205078125
00e12e8b_6042,11606.224609375
00e12e8b_6043,11606.25
00e12e8b_6044,11606.21484375
00e12e8b_6045,11606.134765625
00e12e8b_6046,11606.1279296875
00e12e8b_6047,11606.072265625
00e12e8b_6048,11606.123046875
00e12e8b_6049,11606.138671875
00e12e8b_6050,11606.1318359375
00e12e8b_6051,11606.197265625
00e12e8b_6052,11606.181640625
00e12e8b_6053,11606.173828125
00e12e8b_6054,11606.0927734375
00e12e8b_6055,11606.1455078125
00e12e8b_6056,11605.970703125
00e12e8b_6057,11605.96875
00e12e8b_6058,11605.890625
00e12e8b_6059,11605.888671875
00e12e8b_6060,11605.943359375
00e12e8b_6061,11605.94921875
00e12e8b_6062,11605.9072265625
00e12e8b_6063,11605.8994140625
00e12e8b_6064,11605.91015625
00e12e8b_6065,11605.9130859375
00e12e8b_6066,11605.90625
00e12e8b_6067,11605.7705078125
00e12e8b_6068,11605.73046875
00e12e8b_6069,11605.6650390625
00e12e8b_6070,11605.587890625
00e12e8b_6071,11605.5478515625
00e12e8b_6072,11605.2294921875
00e12e8b_6073,11605.12109375
00e12e8b_6074,11604.9716796875
00e12e8b_6075,11604.966796875
00e12e8b_6076,11604.8115234375
00e12e8b_6077,11604.7822265625
00e12e8b_6078,11604.8212890625
00e12e8b_6079,11604.6845703125
00e12e8b_6080,11604.5654296875
00e12e8b_6081,11604.625
00e12e8b_6082,11604.52734375
00e12e8b_6083,11604.5234375
00e12e8b_6084,11604.4912109375
00e12e8b_6085,11604.4453125
00e12e8b_6086,11604.455078125
00e12e8b_6087,11604.4599609375
00e12e8b_6088,11604.5234375
00e12e8b_6089,11604.421875
00e12e8b_6090,11604.40234375
00e12e8b_6091,11604.3955078125
00e12e8b_6092,11604.271484375
00e12e8b_6093,11604.267578125
00e12e8b_6094,11604.23828125
00e12e8b_6095,11604.1396484375
00e12e8b_6096,11604.1435546875
00e12e8b_6097,11604.125
00e12e8b_6098,11604.0537109375
00e12e8b_6099,11604.0078125
00e12e8b_6100,11603.994140625
00e12e8b_6101,11603.931640625
00e12e8b_6102,11603.9296875
00e12e8b_6103,11603.935546875
00e12e8b_6104,11603.86328125
00e12e8b_6105,11603.8388671875
00e12e8b_6106,11603.8154296875
00e12e8b_6107,11603.81640625
00e12e8b_6108,11603.7978515625
00e12e8b_6109,11603.7880859375
00e12e8b_6110,11603.7451171875
00e12e8b_6111,11603.732421875
00e12e8b_6112,11603.6533203125
00e12e8b_6113,11603.6552734375
00e12e8b_6114,11603.6904296875
00e12e8b_6115,11603.69140625
00e12e8b_6116,11603.44140625
00e12e8b_6117,11603.2880859375
00e12e8b_6118,11603.248046875
00e12e8b_6119,11603.1455078125
00e12e8b_6120,11603.107421875
00e12e8b_6121,11603.078125
00e12e8b_6122,11603.025390625
00e12e8b_6123,11602.99609375
00e12e8b_6124,11602.958984375
00e12e8b_6125,11602.896484375
00e12e8b_6126,11602.8623046875
00e12e8b_6127,11602.765625
00e12e8b_6128,11602.736328125
00e12e8b_6129,11602.728515625
00e12e8b_6130,11602.6796875
00e12e8b_6131,11602.6396484375
00e12e8b_6132,11602.60546875
00e12e8b_6133,11602.59765625
00e12e8b_6134,11602.6513671875
00e12e8b_6135,11602.6328125
00e12e8b_6136,11602.6123046875
00e12e8b_6137,11602.625
00e12e8b_6138,11602.6064453125
00e12e8b_6139,11602.6103515625
00e12e8b_6140,11602.5849609375
00e12e8b_6141,11602.5419921875
00e12e8b_6142,11602.5546875
00e12e8b_6143,11602.5458984375
00e12e8b_6144,11602.5517578125
00e12e8b_6145,11602.5537109375
00e12e8b_6146,11602.5625
00e12e8b_6147,11602.5751953125
00e12e8b_6148,11602.591796875
00e12e8b_6149,11602.556640625
00e12e8b_6150,11602.5625
00e12e8b_6151,11602.568359375
00e12e8b_6152,11602.5380859375
00e12e8b_6153,11602.5771484375
00e12e8b_6154,11602.5380859375
00e12e8b_6155,11602.5322265625
00e12e8b_6156,11602.587890625
00e12e8b_6157,11602.609375
00e12e8b_6158,11602.576171875
00e12e8b_6159,11602.5673828125
00e12e8b_6160,11602.5537109375
00e12e8b_6161,11602.5712890625
00e12e8b_6162,11602.591796875
00e12e8b_6163,11602.5654296875
00e12e8b_6164,11602.5966796875
00e12e8b_6165,11602.6494140625
00e12e8b_6166,11602.6806640625
00e12e8b_6167,11602.65234375
00e12e8b_6168,11602.6337890625
00e12e8b_6169,11602.630859375
00e12e8b_6170,11602.6298828125
00e12e8b_6171,11602.587890625
00e12e8b_6172,11602.5458984375
00e12e8b_6173,11602.470703125
00e12e8b_6174,11602.41796875
00e12e8b_6175,11602.345703125
00e12e8b_6176,11602.291015625
00e12e8b_6177,11602.291015625
00e12e8b_6178,11602.294921875
00e12e8b_6179,11602.296875
00e12e8b_6180,11602.298828125
00e12e8b_6181,11602.271484375
00e12e8b_6182,11602.2802734375
00e12e8b_6183,11602.2783203125
00e12e8b_6184,11602.2685546875
00e12e8b_6185,11602.2265625
00e12e8b_6186,11602.1953125
00e12e8b_6187,11602.1640625
00e12e8b_6188,11602.140625
00e12e8b_6189,11602.13671875
00e12e8b_6190,11602.1064453125
00e12e8b_6191,11602.09765625
00e12e8b_6192,11602.0771484375
00e12e8b_6193,11602.0390625
00e12e8b_6194,11602.060546875
00e12e8b_6195,11602.025390625
00e12e8b_6196,11601.994140625
00e12e8b_6197,11601.9638671875
00e12e8b_6198,11601.94921875
00e12e8b_6199,11601.9072265625
00e12e8b_6200,11601.890625
00e12e8b_6201,11601.87109375
00e12e8b_6202,11601.876953125
00e12e8b_6203,11601.8818359375
00e12e8b_6204,11601.89453125
00e12e8b_6205,11601.837890625
00e12e8b_6206,11601.896484375
00e12e8b_6207,11601.8642578125
00e12e8b_6208,11601.8330078125
00e12e8b_6209,11601.7978515625
00e12e8b_6210,11601.7373046875
00e12e8b_6211,11601.71875
00e12e8b_6212,11601.736328125
00e12e8b_6213,11601.693359375
00e12e8b_6214,11601.6669921875
00e12e8b_6215,11601.5849609375
00e12e8b_6216,11601.5732421875
00e12e8b_6217,11601.5859375
00e12e8b_6218,11601.544921875
00e12e8b_6219,11601.5341796875
00e12e8b_6220,11601.5419921875
00e12e8b_6221,11601.5263671875
00e12e8b_6222,11601.52734375
00e12e8b_6223,11601.5224609375
00e12e8b_6224,11601.548828125
00e12e8b_6225,11601.537109375
00e12e8b_6226,11601.5107421875
00e12e8b_6227,11601.5068359375
00e12e8b_6228,11601.548828125
00e12e8b_6229,11601.484375
00e12e8b_6230,11601.5009765625
00e12e8b_6231,11601.5078125
00e12e8b_6232,11601.466796875
00e12e8b_6233,11601.44140625
00e12e8b_6234,11601.453125
00e12e8b_6235,11601.451171875
00e12e8b_6236,11601.412109375
00e12e8b_6237,11601.4072265625
00e12e8b_6238,11601.3818359375
00e12e8b_6239,11601.4111328125
00e12e8b_6240,11601.384765625
00e12e8b_6241,11601.388671875
00e12e8b_6242,11601.3857421875
00e12e8b_6243,11601.4091796875
00e12e8b_6244,11601.3740234375
00e12e8b_6245,11601.357421875
00e12e8b_6246,11601.314453125
00e12e8b_6247,11601.2939453125
00e12e8b_6248,11601.3134765625
00e12e8b_6249,11601.2548828125
00e12e8b_6250,11601.2744140625
00e12e8b_6251,11601.26953125
00e12e8b_6252,11601.2529296875
00e12e8b_6253,11601.2177734375
00e12e8b_6254,11601.25
00e12e8b_6255,11601.2470703125
00e12e8b_6256,11601.263671875
00e12e8b_6257,11601.212890625
00e12e8b_6258,11601.21484375
00e12e8b_6259,11601.1748046875
00e12e8b_6260,11601.2041015625
00e12e8b_6261,11601.201171875
00e12e8b_6262,11601.1884765625
00e12e8b_6263,11601.21484375
00e12e8b_6264,11601.2314453125
00e12e8b_6265,11601.251953125
00e12e8b_6266,11601.2734375
00e12e8b_6267,11601.2431640625
00e12e8b_6268,11601.2529296875
00e12e8b_6269,11601.361328125
00e12e8b_6270,11601.3408203125
00e12e8b_6271,11601.3623046875
00e12e8b_6272,11601.40234375
00e12e8b_6273,11601.392578125
00e12e8b_6274,11601.5302734375
00e12e8b_6275,11601.4560546875
00e12e8b_6276,11601.435546875
00e12e8b_6277,11601.3837890625
00e12e8b_6278,11601.3134765625
00e12e8b_6279,11601.2978515625
00e12e8b_6280,11601.2744140625
00e12e8b_6281,11601.2548828125
00e12e8b_6282,11601.2978515625
00e12e8b_6283,11601.412109375
00e12e8b_6284,11601.302734375
00e12e8b_6285,11601.2724609375
00e12e8b_6286,11601.21484375
00e12e8b_6287,11601.095703125
00e12e8b_6288,11600.96484375
00e12e8b_6289,11600.896484375
00e12e8b_6290,11600.7412109375
00e12e8b_6291,11600.7216796875
00e12e8b_6292,11600.6220703125
00e12e8b_6293,11600.548828125
00e12e8b_6294,11600.443359375
00e12e8b_6295,11600.4150390625
00e12e8b_6296,11600.2490234375
00e12e8b_6297,11600.2470703125
00e12e8b_6298,11600.185546875
00e12e8b_6299,11600.1728515625
00e12e8b_6300,11600.2158203125
00e12e8b_6301,11600.3408203125
00e12e8b_6302,11600.2001953125
00e12e8b_6303,11600.119140625
00e12e8b_6304,11600.033203125
00e12e8b_6305,11600.01171875
00e12e8b_6306,11599.86328125
00e12e8b_6307,11599.8740234375
00e12e8b_6308,11599.869140625
00e12e8b_6309,11599.642578125
00e12e8b_6310,11599.6083984375
00e12e8b_6311,11599.53125
00e12e8b_6312,11599.447265625
00e12e8b_6313,11599.4697265625
00e12e8b_6314,11599.4169921875
00e12e8b_6315,11599.4580078125
00e12e8b_6316,11599.412109375
00e12e8b_6317,11599.3447265625
00e12e8b_6318,11599.3916015625
00e12e8b_6319,11599.2802734375
00e12e8b_6320,11599.259765625
00e12e8b_6321,11599.1923828125
00e12e8b_6322,11599.1669921875
00e12e8b_6323,11599.1728515625
00e12e8b_6324,11599.115234375
00e12e8b_6325,11599.1259765625
00e12e8b_6326,11599.099609375
00e12e8b_6327,11599.130859375
00e12e8b_6328,11599.12890625
00e12e8b_6329,11599.115234375
00e12e8b_6330,11599.1455078125
00e12e8b_6331,11599.146484375
00e12e8b_6332,11598.994140625
00e12e8b_6333,11598.978515625
00e12e8b_6334,11598.904296875
00e12e8b_6335,11598.8779296875
00e12e8b_6336,11598.80859375
00e12e8b_6337,11598.806640625
00e12e8b_6338,11598.8203125
00e12e8b_6339,11598.818359375
00e12e8b_6340,11598.8271484375
00e12e8b_6341,11598.7841796875
00e12e8b_6342,11598.765625
00e12e8b_6343,11598.751953125
00e12e8b_6344,11598.734375
00e12e8b_6345,11598.7548828125
00e12e8b_6346,11598.7822265625
00e12e8b_6347,11598.7587890625
00e12e8b_6348,11598.7802734375
00e12e8b_6349,11598.8125
00e12e8b_6350,11598.826171875
00e12e8b_6351,11598.873046875
00e12e8b_6352,11598.8505859375
00e12e8b_6353,11598.8466796875
00e12e8b_6354,11598.87109375
00e12e8b_6355,11598.8427734375
00e12e8b_6356,11598.806640625
00e12e8b_6357,11598.783203125
00e12e8b_6358,11598.8154296875
00e12e8b_6359,11598.8349609375
00e12e8b_6360,11598.830078125
00e12e8b_6361,11598.8681640625
00e12e8b_6362,11598.837890625
00e12e8b_6363,11598.8671875
00e12e8b_6364,11598.9013671875
00e12e8b_6365,11598.8798828125
00e12e8b_6366,11598.873046875
00e12e8b_6367,11598.927734375
00e12e8b_6368,11598.8779296875
00e12e8b_6369,11598.8623046875
00e12e8b_6370,11598.9208984375
00e12e8b_6371,11598.9521484375
00e12e8b_6372,11599.0478515625
00e12e8b_6373,11599.048828125
00e12e8b_6374,11599.099609375
00e12e8b_6375,11599.1943359375
00e12e8b_6376,11599.26171875
00e12e8b_6377,11599.2578125
00e12e8b_6378,11599.2822265625
00e12e8b_6379,11599.3916015625
00e12e8b_6380,11599.408203125
00e12e8b_6381,11599.5908203125
00e12e8b_6382,11599.591796875
00e12e8b_6383,11599.57421875
