well_id,fold,oof_rows,final_rmse_recomputed,final_mae_recomputed,final_bias_recomputed,final_abs_bias,final_first_error,final_end_error,final_error_slope_per_row,geometry_rmse,pre_u_rmse,gr_rmse_delta,u_rmse_delta,gr_cap_fraction_rows,u_adjust_abs_mean,well_affine_intercept,unknown_rows,last_known_row,anchor,gate_segments,donor_dist_min,donor_dist_max,delta_abs_median,delta_abs_max,end_minus_anchor,within10,within25,known_prefix_rows,raw_suffix_rows,suffix_gr_missing_fraction,prefix_gr_missing_fraction,suffix_z_range,suffix_tvt_range,suffix_u_true_range,suffix_u_true_end_minus_start,true_tvt_end_minus_anchor,true_first_suffix_minus_anchor,z_first_suffix_minus_anchor,whole_xy_path_length,suffix_xy_displacement,persistent_episode_count,persistent_episode_rows,persistent_episode_sse
03a935ae,0,2786,16.877527100552683,13.161308694496077,9.687823003408393,9.687823003408393,-0.182242348735599,32.09146707797299,0.012441619113623412,17.530946943179018,17.07846359000048,-0.45248335317853616,-0.2009364894477983,0.31299353912419237,0.5317834439323057,-7.637131612312208,2786,1643,12792.17,0,1862.5448268766208,2318.612868532724,1.5843528193188507,4.0,-15.318812915450938,0.589375448671931,0.7634601579325198,1644,2786,0.04055994256999282,0.037712895377128956,105.67000000000007,53.56999999999971,67.21999999999935,42.220000000001164,-49.599999999998545,-0.020000000000436557,0.040000000000873115,4082.1309102887617,2779.6849232422214,1.0,1054.0,722943.9965164617
044af7d1,0,4519,6.056815817945325,5.32258819868003,-5.2861188836578545,5.2861188836578545,-0.1014828781244432,-6.801216083367763,-0.000576959876657524,5.899719469755534,6.196922389982383,0.2972029202268489,-0.140106572037058,0.0,1.105314005050488,-3.9827665222885127,4519,1547,11850.28,0,1285.291581247564,1682.0519731340437,0.7052586758840764,3.98604509569399,3.158711647348899,0.9816331046691746,1.0,1548,4519,0.6589953529541934,0.4509043927648579,144.70000000000073,23.219999999999345,129.58000000000175,-129.58000000000175,6.869999999998981,0.05999999999949068,-0.06999999999970896,5740.995462522661,4513.568594992226,0.0,0.0,0.0
05a0ee4d,0,4348,6.912356232322433,5.967633951949141,-2.184174958733837,2.184174958733837,1.9831713322037103,-2.5036945448646293,0.0022149517585565368,5.790670482991822,6.96959210474931,1.178921621757488,-0.05723587242687689,0.41858325666973323,0.8834912286288064,-6.998372605956474,4348,1749,11927.5,0,1288.1901107076962,1784.4681431242443,3.8888908231760415,4.0,-32.19971550830607,0.829116835326587,1.0,1750,4348,0.35970561177552896,0.224,191.39999999999964,41.20999999999913,159.67000000000007,159.66999999999825,-31.700000000000728,0.030000000000654836,0.040000000000873115,5584.102363492446,4340.912764039511,2.0,743.0,94500.62963055779
0849b4e2,0,5537,8.580333136833556,5.417031052645282,4.382209109404373,4.382209109404373,0.0879854509621509,28.684304839058317,0.003348824655843634,7.664021905249737,8.160162226970476,0.4961403217207385,0.4201709098630797,0.0,0.6598699845383922,-4.887337537970805,5537,1898,11944.08,0,628.8368744158328,968.654194978956,0.7672136856813445,2.5134876888116757,-11.199441285862934,0.8212028174101499,0.9669496117030884,1899,5537,0.2499548491963157,0.16429699842022116,132.8099999999995,43.0,165.83000000000175,-165.83000000000175,-33.030000000000655,-0.00999999999839929,-0.010000000000218279,6822.240718455307,5533.407731533905,2.0,990.0,338813.54087758187
0a57a29c,0,5821,9.511312647411202,6.376468381577724,5.900616657699961,5.900616657699961,-2.0800887770692498,-2.904317977729079,-0.002997963189970441,8.477853616573093,9.449711507757828,0.9718578911847349,0.06160113965337466,0.0,0.40564413229796675,14.62468954051394,5821,1372,11195.4,0,773.178686413975,1254.4518485975989,1.0579140038102974,2.745292428430153,11.912464052696292,0.6660367634427075,1.0,1373,5821,0.5299776670675141,0.3525127458120903,171.64000000000124,22.329999999999927,186.33000000000175,186.33000000000175,14.69000000000051,0.0,0.020000000000436557,6907.854671613812,5816.044795872704,1.0,1944.0,498361.64828797744
0c1b160c,0,5054,4.536156584820747,3.672138228477661,0.9564626293826208,0.9564626293826208,-0.0073859348995028,7.665112149823471,0.0011996798978658213,5.765437308606593,4.780886470518716,-0.9845508380878769,-0.2447298856979696,0.0,0.581736865776883,-2.0745286325753765,5054,1659,11159.320000000002,0,1569.2970929848673,1804.648515147656,0.875982074024946,3.3244081291797483,4.526801657786418,1.0,1.0,1660,5054,0.5209734863474476,0.48734939759036144,149.23000000000138,27.18000000000029,154.82000000000153,-154.82000000000153,-5.600000000002183,-0.010000000002037268,-0.029999999998835847,6291.868248218438,5047.989073878669,0.0,0.0,0.0
109d9d70,0,4215,4.14105020827846,3.6858745312464447,3.5438949381456246,3.5438949381456246,4.560241571991355,-1.7114826839188026,-0.00048132209851121563,7.3059005542631175,4.244008103024167,-3.0618924512389505,-0.10295789474570682,0.6835112692763938,1.104279955991735,4.55804059970876,4215,1635,12228.18,0,645.879008986854,1693.0263091430097,4.0,4.0,24.372845523437903,1.0,1.0,1636,4215,0.4132858837485172,0.26466992665036676,164.47999999999956,34.409999999999854,186.92999999999847,186.92999999999847,22.709999999999127,-0.010000000000218279,0.07999999999992724,5501.1173956250295,4206.830537542545,0.0,0.0,0.0
10be2420,0,3271,0.9833023833806961,0.8330106420841971,-0.3657721730233046,0.3657721730233046,-0.0175441808787581,-0.4466644240910682,0.0007056321754228943,1.2744126014594166,1.1154426525308012,-0.15896994892861538,-0.13214026915010513,0.0,0.2964884519228069,-1.5194807798397376,3271,1931,10823.21,0,1100.5713941516517,1369.7567008777812,0.8930222611753303,3.0537732707238394,-19.06700658898096,1.0,1.0,1932,3271,0.5166615713848975,0.38768115942028986,172.5599999999995,21.859999999998763,152.89999999999964,152.89999999999964,-19.669999999998254,-0.00999999999839929,0.050000000001091394,4711.48598118221,3264.111954958108,0.0,0.0,0.0
14fee784,0,4910,25.692714979513173,22.311071543594565,22.311071543594565,22.311071543594565,2.7624290957683115,11.417396136321258,0.0023387351426465398,25.91714427805064,26.05432778801325,0.13718350996261108,-0.3616128085000767,0.4134419551934827,1.8725281242868477,16.57064613596862,4910,1495,10880.95,0,874.1217920432035,1345.2706556397566,2.9688663103061232,4.0,25.829960553782136,0.2798370672097759,0.5258655804480652,1496,4910,0.6004073319755601,0.393048128342246,184.98000000000138,52.19000000000051,192.48000000000138,192.48000000000138,7.489999999999782,-0.010000000000218279,0.039999999999054126,6133.95869663504,4904.074787694383,2.0,3536.0,3173382.2013271204
1590af81,0,3799,9.120581309222137,7.523209332653988,-7.465393039158157,7.465393039158157,0.1442815606042131,-19.54337533232137,-0.004573468571067152,9.943472633380232,9.531084442277617,-0.4123881911026146,-0.4105031330554798,0.18188997104501184,1.1135183501152728,1.219623777298365,3799,1431,11446.95,0,877.5799813406919,1229.0772375751644,1.3589108232044345,4.0,-15.671572533658336,0.7046591208212688,1.0,1432,3799,0.2082126875493551,0.07960893854748603,141.09000000000015,19.2400000000016,145.75,145.75,4.679999999998472,0.019999999998617568,0.020000000000436557,5019.2941829671,3792.5597049222733,1.0,1122.0,243062.47930139018
15e154a1,0,6068,3.307076256384578,2.8425801069677243,-1.3477718127812264,1.3477718127812264,2.704303372418508,0.8517105120536144,0.0001562492854174422,4.470389333273032,3.930986771391905,-0.5394025618811273,-0.623910515007327,0.13777191825972313,1.4215590712526793,-1.821754020095037,6068,1630,10928.69,0,811.8789621766597,1178.3552289209165,2.6443524630128605,4.0,16.024741686650383,1.0,1.0,1631,6068,0.48599208965062624,0.4488044144696505,168.29999999999927,36.95999999999913,144.53999999999905,-144.53999999999905,17.63000000000102,0.050000000001091394,-0.05999999999949068,7219.721855861794,6060.283293790649,0.0,0.0,0.0
18d24f7b,0,4558,7.389109261635138,6.588067731784567,5.374068340557044,5.374068340557044,-1.2051578974496806,9.382165128052293,0.0034448690426088766,6.6016186411647775,7.35268103699786,0.7510623958330829,0.03642822463727757,0.19657744624835455,0.43131226697614283,-2.475065773027282,4558,1701,11207.68,0,618.116934183916,988.7367701896516,0.5133028951346278,4.0,-3.334833084252712,0.7779727950855638,1.0,1702,4558,0.13097849934181657,0.09518213866039953,174.64999999999964,19.590000000000146,160.60999999999876,160.60999999999876,-14.040000000000873,0.0,0.040000000000873115,5896.999515643509,4547.681423813757,1.0,1012.0,122750.25435230133
1a730ac2,0,4605,2.6052223748285885,2.057409046196546,-1.5293013675293263,1.5293013675293263,0.8361829136374581,-6.081849696380232,-0.0007875771829811509,4.94808473319715,2.866609488024809,-2.081475245172341,-0.26138711319622043,0.22779587404994572,0.9438310991207801,0.2837013076932826,4605,1443,11387.92,0,844.0833060339054,1746.2857339582324,2.7222749511092563,4.0,6.522473866557764,1.0,1.0,1444,4605,0.2985884907709012,0.2922437673130194,158.82999999999993,29.160000000001673,144.95999999999913,-144.95999999999913,13.909999999999854,0.039999999999054126,-0.07999999999992724,5869.111241333405,4596.310429398806,0.0,0.0,0.0
1b1c5372,0,4261,14.317017992966417,10.97036809072333,10.890812326970147,10.890812326970147,0.2093074824388168,17.074868114761557,0.007018315704439304,17.405357133633498,14.419429026672402,-2.9859281069610955,-0.10241103370598559,0.6193381835249941,0.7444110767667078,-4.058200123485575,4261,1530,10870.68,0,598.9693020725334,690.024541157936,4.0,4.0,-2.379228241018868,0.552921849331143,0.9368692795118516,1531,4261,0.30274583431119456,0.12998040496407576,160.71999999999935,46.100000000000364,186.3199999999997,-186.3199999999997,-25.590000000000146,0.010000000000218279,-0.05999999999949068,5501.108022225284,4255.0788679059315,1.0,1905.0,820784.7490655715
1b82b665,0,3806,5.719817782158649,5.370833006468878,5.370833006468878,5.370833006468878,0.39500722458979,11.192362537369265,0.0012549001821261134,4.28155581307318,5.784070896889538,1.5025150838163572,-0.06425311473088868,0.0,0.31822075867902644,2.983385409973945,3806,1557,10845.95,0,917.5538469892216,986.0792433804744,1.7278308566228993,3.647909995139066,1.2232559741850926,0.9616395165528112,1.0,1558,3806,0.0651602732527588,0.18677792041078306,149.6999999999989,18.410000000001673,157.5699999999997,-157.5699999999997,-7.890000000001237,-0.020000000000436557,-0.030000000000654836,4849.22912827024,3801.318098304879,1.0,146.0,16345.141272582929
1bcb2fcf,0,4524,7.898013503560762,6.053584332978026,-4.621668625660036,4.621668625660036,-0.5906083391218999,-23.769916187136914,-0.004465146655388583,7.320310004805083,7.805437412113606,0.4851274073085232,0.09257609144715584,0.0,0.7104806580267153,5.476260535501249,4524,1677,12555.66,0,877.3618584284567,1222.1961249529777,1.619688706327009,3.865596187593352,-11.233349377478175,0.7999557913351016,1.0,1678,4524,0.06631299734748011,0.08939213349225268,145.57000000000153,22.44999999999891,158.7400000000016,158.7400000000016,13.139999999999418,-0.030000000000654836,0.05999999999949068,5727.43485380315,4517.131653449913,1.0,905.0,216889.98655466817
1beca81d,0,5036,4.336951962878514,3.3882441279917144,-0.9832689547974528,0.9832689547974528,-0.4655849704031425,-6.890943446804158,-0.00021969798810885142,4.8320263879061285,4.616411659266294,-0.21561472863983422,-0.27945969638778045,0.369340746624305,1.005980954691567,-0.43017926973342024,5036,1613,11368.71,0,1655.4675446230167,2214.068550525147,2.006851944952837,4.0,-5.626393629840709,0.9763701350277998,1.0,1614,5036,0.47934868943606035,0.3475836431226766,141.54000000000087,25.30999999999949,144.59000000000196,-144.59000000000196,-3.0199999999986176,0.030000000002473826,-0.030000000000654836,6156.41851416033,5027.023541719196,0.0,0.0,0.0
1e5e3573,0,5480,3.9682588801593486,3.3094324097747476,-2.0617767303720846,2.0617767303720846,-2.4589483909549017,-7.7428282123346435,0.0009536411346049378,6.485600914432867,4.072426443543748,-2.4131744708891194,-0.10416756338439903,0.522992700729927,0.676587828056878,-4.67427661862231,5480,1645,12215.14,0,791.8677652237468,1091.0278432399798,4.0,4.0,1.3330732647195718,1.0,1.0,1646,5480,0.5923357664233576,0.468408262454435,131.26000000000022,29.76000000000022,118.63999999999942,-118.63999999999942,12.640000000001237,0.020000000000436557,-0.050000000001091394,6682.802774513726,5471.111929708619,0.0,0.0,0.0
206b6193,0,6535,12.126463355387171,10.486487952627202,10.486487952627202,10.486487952627202,1.571502736700495,24.65543227804301,0.0026613693129080296,14.835717273808264,12.123058058542872,-2.7126592152653917,0.0034052968442992437,0.6156082631981638,0.8660372437166152,1.7917944073566678,6535,2032,11456.55,0,1852.987295814781,4002.3291517876014,4.0,4.0,-39.06516258319262,0.5640397857689365,1.0,2033,6535,0.04100994644223412,0.024102311854402363,267.9899999999998,70.06999999999971,197.92000000000007,197.92000000000007,-70.06999999999971,0.0,0.039999999999054126,8051.64574232385,6522.859811233039,3.0,2786.0,771796.1019562609
22c5f93f,0,5172,5.0454570252042625,3.964193125343788,-1.7168795660188936,1.7168795660188936,-0.2347807641035615,2.402424257268649,-0.00021943844727959777,4.650240811145711,5.1146827898578895,0.46444197871217874,-0.06922576465362695,0.2273781902552204,1.094760697621235,-1.1495214605774942,5172,1746,11871.94,0,756.6026202702271,1016.8843170317213,1.7668241887191969,4.0,-1.5792053224046014,0.9497293116782676,1.0,1747,5172,0.5676720804331014,0.497424155695478,147.20000000000073,26.150000000001455,137.20000000000073,137.20000000000073,-10.0,0.0,0.010000000000218279,6402.781897252643,5162.636605504984,1.0,260.0,32594.947700023673
23b9beb0,0,7340,3.293535788927798,2.8734594751076,-0.009683558469991934,0.009683558469991934,2.2764083724359807,6.79000609177092,0.0009471197226689931,3.7972626284130513,2.6600159505901853,-1.137246677822866,0.6335198383376128,0.06893732970027248,1.4691531180759383,-3.48513938080386,7340,1449,11391.0,0,1410.0793103321466,2172.481004756008,0.9909774670475228,4.0,7.875850789289073,1.0,1.0,1450,7340,0.2271117166212534,0.13034482758620689,234.39999999999964,18.19000000000233,228.8700000000008,-228.8700000000008,5.520000000000437,-0.00999999999839929,-0.020000000000436557,8489.957616415722,7315.825335749782,0.0,0.0,0.0
25050f63,0,6124,3.347909815641104,2.5734449530255246,0.7116234764911259,0.7116234764911259,-2.4151121333852643,1.6869569705741014,0.000314440253514529,3.89544377571079,3.991371504772112,0.09592772906132208,-0.6434616891310081,0.14761593729588504,0.9492087891262704,-0.25103535964360485,6124,1030,10929.05,0,1611.7468100323783,2207.2931192415954,2.1794226508831622,4.0,42.51603653627316,1.0,1.0,1031,6124,0.04996734160679295,0.020368574199806012,146.35999999999876,48.36000000000058,172.23999999999978,172.23999999999978,39.100000000000364,0.18000000000029104,-0.13999999999941792,6855.445700941045,6114.901952345533,0.0,0.0,0.0
28f4eda9,0,5266,9.42326059065475,6.470825103697016,-4.839712174148087,4.839712174148087,0.8646690213954571,-14.415664339576324,-0.004581599842863021,9.20994208367064,9.432037019866074,0.2220949361954343,-0.008776429211323489,0.0,0.5572678804124853,7.221349412188814,5266,1557,10928.38,0,1316.2630747877506,2231.6262687220938,0.621952590878263,3.475385163263353,1.2766369859558089,0.7050892518040258,1.0,1558,5266,0.23129510064565134,0.18613607188703465,96.09000000000015,22.8700000000008,113.17000000000007,113.17000000000007,17.070000000001528,-0.00999999999839929,0.020000000000436557,6674.783723373703,5262.450240115964,1.0,1553.0,426018.81936892436
29de15c8,0,3431,3.423911744714321,2.8129110669117234,2.784639530132078,2.784639530132078,-0.7428313402069762,0.4291990598831035,0.0012344664575969237,3.718115649840665,3.1600467803149326,-0.5580688695257323,0.2638649643993882,0.0,0.46206976665025684,0.6675295553533533,3431,1732,11990.59,0,716.6736871304757,935.9559260183528,0.5511446326516747,1.6919621974866468,2.4636042305378183,1.0,1.0,1733,3431,0.03993004954823667,0.04385458742065782,91.11000000000058,9.640000000001237,91.06000000000131,91.06000000000131,1.4000000000014552,-0.019999999998617568,0.039999999999054126,4725.711695470574,3426.6060768783086,0.0,0.0,0.0
2ac7cb6b,0,4990,8.811445651463936,6.9899209515066625,0.4781242551835342,0.4781242551835342,0.3841373315899545,20.28167008332457,0.0017123372617509542,11.358489638394271,8.91051283820169,-2.4479768001925812,-0.09906718673775394,0.5326653306613226,0.7117996181783106,-3.7933010442542177,4990,1460,10880.73,0,1106.0686253797958,1398.0974690626726,4.0,4.0,-22.657219691697467,0.7280561122244489,1.0,1461,4990,0.039679358717434866,0.04791238877481177,262.7000000000007,65.81999999999971,216.0600000000013,216.0600000000013,-46.63999999999942,0.0,0.030000000000654836,6196.464243842909,4974.995331425024,2.0,1357.0,298055.5828807719
2b06ad65,0,4256,1.3322233275477526,1.03583760999957,0.00016373942272371677,0.00016373942272371677,-0.5093262215686991,1.3716823784434382,-9.508331434796383e-05,2.2338134081784697,0.9504710573079419,-1.283342350870528,0.38175227023981073,0.0,0.5140379253078202,0.20245349069801635,4256,1449,11952.52,0,439.39124436537577,644.4433809110153,1.9000981191928343,2.7027403120247264,2.028197563874767,1.0,1.0,1450,4256,0.03923872180451128,0.046206896551724136,127.23999999999978,7.219999999999345,126.63999999999942,126.63999999999942,-0.6100000000005821,-0.010000000000218279,0.030000000000654836,5462.236724487322,4251.877511135552,0.0,0.0,0.0
2d0c268a,0,4550,5.604842169041664,4.331263714509478,-2.0383547088436256,2.0383547088436256,-7.1091548323165625,3.901056276892632,-0.0016852617932972427,6.011823751099737,6.141043127932667,0.12921937683293017,-0.536200958891003,0.5327472527472528,1.9448791444135274,1.7947732400109537,4550,1738,11325.79,0,2408.144914560443,3535.026719913222,4.0,4.0,-15.73557570277728,0.8558241758241758,1.0,1739,4550,0.28285714285714286,0.2024151811385854,170.17000000000007,27.19999999999891,154.52999999999884,154.52999999999884,-15.650000000001455,-0.010000000000218279,0.040000000000873115,5753.333356941188,4544.0168266082965,1.0,656.0,79144.30606697212
2e43c2ea,0,5698,1.9280895480771678,1.5712949907958784,1.0282954823471915,1.0282954823471915,-0.8733059826463432,0.0776981215803971,-0.0003885953331759761,2.850492601636008,1.7215236832082728,-1.1289689184277354,0.20656586486889505,0.10705510705510705,0.5982248472820414,2.1352092888989596,5698,1650,11181.61,0,756.965417572282,1085.250823646329,1.0222827631523892,4.0,10.003327851330983,1.0,1.0,1651,5698,0.3508248508248508,0.2774076317383404,187.11000000000058,21.889999999999418,193.95000000000073,193.95000000000073,6.809999999999491,-0.030000000000654836,0.05999999999949068,6805.1688129625345,5690.718776437634,0.0,0.0,0.0
2f19d536,0,3088,4.625471652476839,4.232534568642098,-4.176688993596424,4.176688993596424,-0.3014212215584848,-5.926628977773362,-0.0013328765180571503,5.259461765569383,4.496733338082628,-0.7627284274867545,0.12873831439421046,0.0,0.4219516249078992,-2.119394087975214,3088,1655,12279.03,0,2293.2321623476137,3375.261329808464,0.5548179213586903,2.2528908331467665,-14.60032133918354,1.0,1.0,1656,3088,0.37338082901554404,0.1817632850241546,104.98000000000138,12.290000000000873,97.11000000000058,97.11000000000058,-7.890000000001237,-0.020000000000436557,0.049999999999272404,4545.3511241537235,3084.948827468659,0.0,0.0,0.0
2f8e53c3,0,2594,1.0445189271487747,0.8946411410100547,0.7315576154648071,0.7315576154648071,0.1443309354563098,2.1966017592858407,0.0005918377781365952,1.227539469705284,1.0949196598879989,-0.13261980981728505,-0.050400732739224186,0.0,0.2811967418988868,-0.035760063889288145,2594,1538,11952.89,0,194.4662407720459,408.9628152106607,1.3340203101925532,3.3475985175501983,-7.186489168902215,1.0,1.0,1539,2594,0.42058596761757905,0.2365172189733593,62.54000000000087,11.200000000000728,70.42000000000007,-70.42000000000007,-7.889999999999418,-0.010000000000218279,-0.020000000000436557,3828.7713961900145,2591.364204738467,0.0,0.0,0.0
2fe023be,0,4221,9.765286496667482,8.876633653957608,-8.870390183075209,8.870390183075209,-0.6349721073929686,-5.640224063645292,-0.0027969906710772208,10.812230193845918,9.772411668628346,-1.039818525217573,-0.007125171960863597,0.0,0.5494418511226725,-2.968739867102274,4221,1838,11444.45,0,888.188093057954,1465.5101493077254,0.970872173067984,3.969930754302198,-22.99080182464495,0.5363657900971334,1.0,1839,4221,0.4482350153991945,0.33115823817292006,195.6200000000008,34.919999999998254,178.20000000000255,178.20000000000255,-17.409999999999854,0.00999999999839929,0.039999999999054126,5494.9954360722,4213.896984229593,2.0,1956.0,291557.42804768967
35b3ef6a,0,3904,13.85853447195179,12.623207730322145,12.623207730322145,12.623207730322145,0.4056986639025126,13.749375374869487,0.00412470994861523,16.893816642876903,13.882959432137584,-3.010857210739319,-0.024424960185793765,0.4426229508196721,0.7195452919284139,4.573836265599528,3904,1831,10787.740000000002,0,1232.851848570831,2081.0838957438696,3.299090661854832,4.0,-14.589157996931194,0.3790983606557377,1.0,1832,3904,0.38473360655737704,0.29748908296943233,208.25,37.11999999999898,171.13000000000102,171.13000000000102,-37.14000000000124,-0.020000000002255547,0.06000000000130967,5383.072593735587,3892.108590905585,1.0,2424.0,678392.3670964289
38991fd4,0,4798,4.758386030410055,3.0727066638178284,2.607241985714685,2.607241985714685,-0.507801439427567,3.603620615498585,0.0019152764009235004,4.083860766340921,4.86025279124012,0.7763920248991987,-0.10186676083006496,0.0,0.5522548634336049,-1.9865484619003324,4798,1746,11221.48,0,642.2071194327189,1025.5975070783709,0.9646841463655276,2.239536445427599,-8.907660802934153,0.8941225510629429,1.0,1747,4798,0.27032096706961234,0.22152261018889524,199.98999999999978,28.31999999999971,187.90999999999985,187.90999999999985,-12.079999999999927,0.0,0.049999999999272404,6008.149935823969,4789.967841332779,1.0,508.0,64335.862800969684
389ae58f,0,6463,52.310763050411126,50.035356486472075,-50.02575554271586,50.02575554271586,2.1024371540715947,-59.22995809382519,-0.007562639114724144,52.5291501304201,52.35059408626827,-0.1785560441518257,-0.03983103585714787,0.19000464180721027,1.3144475642275817,-25.590868563042147,6463,1737,11707.31,0,1418.8118028916904,2473.526250684296,1.6704481544978604,4.0,-7.101094295029549,0.0290886585177162,0.0713291041312084,1738,6463,0.1954200835525298,0.15362485615650173,188.4499999999989,68.5,146.28000000000065,-136.76000000000022,51.75,0.06000000000130967,-0.020000000000436557,7696.339245237522,6457.387143117566,1.0,6275.0,17679000.808875307
398dce4b,0,3166,5.467805232721978,4.880372505430209,4.815326945004476,4.815326945004476,-0.0308439618984266,-2.3805034457018337,0.0007582234006596493,3.652247003712759,5.6065267030731345,1.9542796993603755,-0.13872147035115656,0.0,0.23209600287019147,3.6154384134605815,3166,1838,10820.2,0,571.522915048169,944.8856598811826,2.1033871059745075,2.920028139657455,10.26550479231842,1.0,1.0,1839,3166,0.4990524320909665,0.3452963567156063,119.3799999999992,24.31000000000131,133.20999999999913,133.20999999999913,13.819999999999709,-0.010000000000218279,0.05999999999949068,4472.669231514048,3159.3057916256666,0.0,0.0,0.0
3a0af893,0,2927,1.4498069648036904,1.063580579655648,-0.47854956522617087,0.47854956522617087,-0.0880837370059453,1.895091929636692,-8.006983740964387e-05,4.116338955965268,1.5608065003568874,-2.5555324556083803,-0.11099953555319697,0.50700375811411,0.2739696131678987,-0.3614073930958618,2927,1652,12189.64,0,1270.0974699800886,1753.8900196778184,4.0,4.0,19.842348443949312,1.0,1.0,1653,2927,0.5175948069695935,0.4398064125831821,112.80999999999949,27.18000000000029,134.07999999999993,134.07999999999993,21.280000000000655,0.010000000000218279,0.039999999999054126,4404.919380422153,2923.4229769397916,0.0,0.0,0.0
3a223519,0,4583,4.463692026373071,3.5294431389214154,3.2993646588094077,3.2993646588094077,-0.5356097462790785,-4.845193671722882,-0.00047885896594659563,5.864140034126212,4.268193943774402,-1.5959460903518101,0.19549808259866897,0.35238926467379444,0.5778699194639161,4.396430549793057,4583,1997,12819.1,0,595.1836512582777,761.992114460391,0.7387253048981186,4.0,-9.723430573884745,1.0,1.0,1998,4583,0.0914248308967925,0.1941941941941942,155.8799999999992,18.5,170.74999999999818,-170.74999999999818,-14.859999999998763,0.010000000000218279,-0.050000000001091394,5944.483808959506,4578.598966343251,0.0,0.0,0.0
3a86fe8d,0,5118,12.867877706536945,12.156565370983317,12.138657145781568,12.138657145781568,-1.3954073111963226,8.751440355328668,0.0016037287956204831,10.794646272501822,13.007863595452985,2.213217322951163,-0.13998588891604058,0.2801875732708089,0.8877974361187982,8.035517022186559,5118,1453,11450.46,0,1208.1253090737946,2408.866767989836,1.9884148982324592,4.0,4.004845139929987,0.2430636967565455,1.0,1454,5118,0.47811645173896056,0.3535075653370014,149.64999999999964,18.539999999999054,152.04999999999745,-152.04999999999745,-3.139999999997599,-0.06999999999970896,0.019999999998617568,6192.03141567423,5111.308594880667,1.0,3874.0,786550.7277939493
3aaa2b30,0,4711,6.855960676855917,5.91512692338457,5.91512692338457,5.91512692338457,1.9186874887564045,0.1765633648592484,7.035488700431671e-05,8.598437389008735,6.848662897111404,-1.7497744918973313,0.0072977797445128445,0.10231373381447675,0.9077021269621635,5.749441164489403,4711,1684,10886.86,0,574.1031688645326,1421.0090742587238,1.9151015097032456,4.0,28.0549100739215,0.8641477393334749,1.0,1685,4711,0.3122479303757164,0.18813056379821957,196.10000000000036,33.38000000000102,170.75,-170.75,25.05999999999949,-0.020000000000436557,-0.010000000000218279,6057.267991682165,4701.113661091398,1.0,640.0,98957.9909299672
3bfee975,0,3603,6.0410824024606455,4.634822202337739,4.055739538891122,4.055739538891122,-1.836135371853743,10.665738062092714,0.0027521798939182988,6.825959765309647,6.32787190044243,-0.4980878648672169,-0.28678949798178444,0.06022758812101027,1.064890164356577,-0.9009364500557354,3603,1484,12164.26,0,578.0640076368571,1045.4826455283,0.9716400676330482,4.0,3.9418997399215794,0.8084929225645295,1.0,1485,3603,0.6072717180127671,0.5070707070707071,92.64000000000124,25.399999999999636,99.26000000000204,-99.26000000000204,-6.630000000001019,-0.010000000000218279,-0.049999999999272404,4790.918687818095,3599.3845051898943,1.0,690.0,88635.64833738781
3e011332,0,2723,7.793717625614882,5.626548571332664,-2.5542076636729374,2.5542076636729374,-0.2181295370337466,12.697331410734478,-0.003019575710603386,7.739552326891251,8.353720895328152,0.6141685684369014,-0.5600032697132704,0.09842085934630922,0.8900888451557517,1.5554348784582719,2723,2118,11428.740000000002,0,725.9224501282157,1027.9724084329048,1.744015147735801,4.0,8.118374970168471,0.7374219610723467,1.0,2119,2723,0.017994858611825194,0.020292590844738084,134.26000000000022,40.970000000001164,128.70999999999913,128.70999999999913,-5.530000000002474,0.019999999998617568,0.010000000000218279,4127.076461047889,2718.26598634143,1.0,625.0,125367.40464727508
43b06c70,0,4846,9.709768300574689,7.03108949338321,5.378006593677847,5.378006593677847,2.4780152804924,-1.8024880262510123,0.0034656680732116506,7.544841509289064,9.493296412934093,1.948454903645029,0.216471887640596,0.34936029715229056,1.1367370574520692,-3.0175743136773816,4846,1743,11903.54,0,678.6373625507405,958.7305475993112,3.142164996149506,4.0,-4.390739138740761,0.6725134131242262,1.0,1744,4846,0.1648782501031779,0.12213302752293578,245.60000000000036,17.220000000001164,248.22999999999956,248.22999999999956,2.679999999998472,0.049999999999272404,0.0,6063.116240941426,4835.511786129865,1.0,1587.0,408242.0267501606
46a301e9,0,8226,2.6082001317946606,2.1984133837787794,-1.4550201493582815,1.4550201493582815,1.8485463515116864,-0.8793800327403005,-0.0005809289774819332,5.675061997488694,2.914479645070014,-2.76058235241868,-0.3062795132753533,0.5962800875273523,1.052802833134555,0.9340502705361681,8226,1735,10973.64,0,984.300754965317,2290.6837226961397,4.0,4.0,-17.49010169065659,1.0,1.0,1736,8226,0.4564794553853635,0.36059907834101385,250.28999999999905,18.44000000000051,262.8199999999979,-262.8199999999979,-12.519999999998618,0.010000000000218279,-0.040000000000873115,9449.1611442954,8219.159253378488,0.0,0.0,0.0
46d24a09,0,4449,4.592269279214157,2.978774677100015,-2.1566047084961864,2.1566047084961864,-2.039191939858938,-4.702961504615814,-0.00048686729664284943,5.687139616473146,5.529597029134862,-0.1575425873382832,-0.9373277499207058,0.0,1.6780301814727525,-1.0738118407624897,4449,1673,12738.91,0,978.7462322917692,1119.8993968768243,1.164244253118669,3.432718061241395,19.6319450645536,0.9148123173746908,1.0,1674,4449,0.21038435603506406,0.17562724014336917,208.07999999999993,40.73999999999978,227.53999999999905,227.53999999999905,20.170000000000073,0.010000000000218279,0.020000000000436557,5811.981441155165,4434.804247540142,1.0,379.0,58330.25597846758
46dfcfca,0,3606,2.913522683895934,1.9924521436799971,-1.2235535532792652,1.2235535532792652,-1.889907287875758,-11.59026225468915,-0.0013338333150273419,2.7582819240625875,2.8315779053551218,0.07329598129253423,0.08194477854081228,0.0,0.7844664103773217,1.1806809970575194,3606,1314,12482.81,0,522.8745625146861,986.6039209328508,0.5344778705399105,1.7500010005193931,30.67436595140574,0.9822518025513034,1.0,1315,3606,0.5268996117581808,0.2783269961977186,83.13999999999942,43.29999999999927,43.93000000000029,-39.840000000000146,43.340000000000146,0.040000000000873115,-0.05999999999949068,4644.3326371286585,3600.6044990529576,0.0,0.0,0.0
493b5b31,0,4671,12.865121750805946,10.70025495462643,-8.285178232705025,8.285178232705025,4.165790598028252,-19.970428554255705,-0.006164164083144058,15.413227981576194,12.450456198286272,-2.962771783289922,0.41466555251967385,0.7495183044315993,1.1561895075367594,6.108144901436349,4671,2212,12688.25,0,477.7195664034231,644.6505581512351,4.0,4.0,3.799547341575881,0.5101691286662385,0.960179833012203,2213,4671,0.047099122243630914,0.031631269769543606,126.19000000000051,49.1399999999976,96.78000000000065,-96.78000000000065,26.579999999999927,-0.07999999999992724,0.029999999998835847,6238.044257053029,4665.980571112468,1.0,2288.0,703407.606601766
4cd1ac61,0,4489,8.054612850479073,6.34833556320709,-3.590883739894339,3.590883739894339,0.7746632853541087,-15.977435955559486,-0.0045997366235552214,7.138916254386065,8.042585386200537,0.9036691318144721,0.012027464278535405,0.01202940521274226,0.42595395777492095,6.730925243363578,4489,2219,11859.88,0,1061.3238471009795,1250.968202093934,1.6548484464807187,4.0,2.004675363800782,0.7039429717086211,1.0,2220,4489,0.11940298507462686,0.08693693693693694,221.5600000000013,16.520000000000437,236.90000000000146,236.90000000000146,16.230000000001382,0.040000000000873115,0.020000000000436557,6082.193121011593,4474.952045832654,1.0,1329.0,233767.13151340664
4ddde4c1,0,4472,4.132284262157146,3.8392429212623673,3.838683040046594,3.838683040046594,0.0959861700266628,-0.1508637911192636,-2.9186770581132132e-05,7.987945694251792,4.289151417349904,-3.6987942769018876,-0.1568671551927583,0.8575581395348837,0.3454651327803714,3.9039300656807145,4472,1944,10958.48,0,384.0251842327045,583.7388685451893,4.0,4.0,12.165886886319756,1.0,1.0,1945,4472,0.07535778175313058,0.05398457583547558,156.71999999999935,18.360000000000582,165.60000000000036,165.60000000000036,8.860000000000582,-0.020000000000436557,0.030000000000654836,5806.118627077061,4466.907351277878,0.0,0.0,0.0
4f3eb9e9,0,4697,20.455384686174416,15.514731347373697,-13.480740386739559,13.480740386739559,0.4302639923535025,-26.73578735220508,-0.01039144301364195,20.677479236724416,20.46253452070144,-0.21494471602297693,-0.0071498345270235575,0.0,0.5800112909951689,10.918367809291738,4697,1213,11349.63,0,1046.9350297413637,1407.404528884476,0.4397758085451475,3.7519599069573326,16.861856164165566,0.4930806898020012,0.6242282307856079,1214,4697,0.049819033425590804,0.07990115321252059,99.19999999999891,61.32000000000153,143.11000000000058,143.11000000000058,43.8600000000024,-0.049999999999272404,0.07999999999992724,5863.174910831365,4692.934934100589,1.0,2381.0,1930460.2559264998
4f4afcc6,0,5645,3.363736908902225,2.499870973329141,-1.3767684308974355,1.3767684308974355,0.640894984235274,1.5554655779269524,0.00029968822931581535,3.3350682381489465,3.2855731357633933,-0.049495102385553214,0.0781637731388316,0.01204605845881311,0.6149235906411183,-2.222488614026668,5645,1538,11177.65,0,818.59877314838,1081.8870402791997,0.5860198373426639,4.0,-8.615444214629932,1.0,1.0,1539,5645,0.07263064658990256,0.04548408057179987,189.32999999999993,32.38000000000102,196.84999999999854,-196.84999999999854,-7.529999999998836,-0.010000000000218279,-0.020000000000436557,6860.922652562198,5638.025961717342,0.0,0.0,0.0
4f69febf,0,5460,10.156333820209422,7.2842403001836535,-4.991088012449559,4.991088012449559,0.8865177087282063,-20.56719777739636,-0.0050955159952414085,12.053285594302364,10.244918900413573,-1.8083666938887912,-0.08858508020415101,0.589010989010989,0.62062987702944,8.917122896561866,5460,2138,10941.33,0,1710.0523760474666,1943.2975771224249,4.0,4.0,-5.709829920569664,0.7421245421245422,1.0,2139,5460,0.02857142857142857,0.04207573632538569,130.54999999999927,23.479999999999563,151.1800000000003,151.1800000000003,20.600000000000364,-0.030000000000654836,0.040000000000873115,6891.25201680047,5451.779783786189,1.0,1408.0,492785.72523809806
511e1db0,0,3821,1.9732901017487252,1.711147384520739,1.474092947970741,1.474092947970741,-1.0709017681074329,-0.5504552649090328,0.00015033354865691198,1.4393027274857149,2.0093398797472735,0.5700371522615586,-0.03604977799854825,0.04475268254383669,0.4045187735894945,1.1869558700360394,3821,1823,11183.18,0,307.31334408079573,1991.0655956862347,2.5445044277029973,4.0,2.009590913988021,1.0,1.0,1824,3821,0.05679141585972258,0.07730263157894737,198.10000000000036,10.760000000002037,195.5799999999981,-194.45999999999913,3.640000000001237,0.0,-0.05999999999949068,5137.379634239902,3812.3196418453435,0.0,0.0,0.0
512943b2,0,5029,2.5428255381487057,2.008813789422396,-1.4056282757089866,1.4056282757089866,1.595733616946745,6.853884480602574,-0.00030978639775082803,4.511776736434534,1.9800576295024446,-2.5317191069320897,0.5627679086462611,0.3378405249552595,1.350386379441975,-0.6268252717634053,5029,1651,11360.12,0,659.8849221645677,1015.1387124923858,2.9402663115623007,4.0,-11.464151548933891,1.0,1.0,1652,5029,0.7713263074169815,0.5980629539951574,158.20000000000073,16.51000000000022,167.22000000000116,-167.22000000000116,-9.020000000000437,0.0,-0.020000000000436557,6157.967898516834,5022.309025906458,0.0,0.0,0.0
5138a660,0,3559,11.200556988153242,10.770048336787346,10.770048336787346,10.770048336787346,1.8572892818738185,13.650435355928494,0.0017088466331087167,12.315838104697523,11.187372519454437,-1.1284655852430863,0.013184468698804963,0.0,0.5999939964227995,7.730010176486934,3559,1269,12064.4,0,619.0832469061831,893.6049044459073,1.0131638516478312,2.9056232371908166,6.467182226703345,0.2186007305422871,1.0,1270,3559,0.38746838999719024,0.3779527559055118,141.16999999999825,13.989999999999782,150.0099999999984,-150.0099999999984,-8.850000000000364,-0.010000000000218279,-0.030000000000654836,4678.739058706848,3550.1377553555444,3.0,2781.0,408094.11497277906
521a7819,0,5200,4.342466594772734,3.3677343511068507,0.8008458652215071,0.8008458652215071,-0.0786747939400811,-3.95549785978983,0.001130430714887735,5.862156554907954,4.399901064992595,-1.4622554899153588,-0.057434470219861034,0.17807692307692308,0.6401032188616643,-2.1377087781291593,5200,2023,11225.79,0,830.909797872094,1088.0563975389289,2.302870418890542,4.0,-17.195509394232896,0.9830769230769232,1.0,2024,5200,0.15788461538461537,0.11413043478260869,198.1299999999992,42.14000000000124,181.35999999999876,181.35999999999876,-16.730000000001382,0.039999999999054126,0.020000000000436557,6608.2322254028995,5187.770389772569,0.0,0.0,0.0
5305524b,0,4898,6.812793267333585,5.6578472094145145,-3.8968255131895906,3.8968255131895906,-0.847281190664944,-4.903998857053011,0.0010155123762119551,7.347105854054971,6.248183850797584,-1.0989220032573863,0.5646094165360003,0.4240506329113924,0.9270105953373319,-6.383307566344563,4898,1558,10943.14,0,1105.4531585959353,1241.803836762973,1.4383645776968854,4.0,-30.61651010953662,0.8860759493670886,1.0,1559,4898,0.35443037974683544,0.2354073123797306,210.32000000000153,33.0099999999984,188.72000000000116,188.72000000000116,-21.61999999999898,-0.019999999998617568,0.05999999999949068,6258.950118631214,4889.112315063055,1.0,478.0,99146.94472441291
54a7e3c2,0,6155,4.009649873116939,2.922539559317258,2.3284975783290016,2.3284975783290016,-0.3704634702498879,8.054113303713166,0.001255366481656005,3.684533192702566,4.068040368622023,0.3835071759194566,-0.05839049550508335,0.005848903330625508,0.40135888424183364,-1.5342650857265254,6155,1737,11158.45,0,888.6094795380202,1409.4178417524868,1.9055595629001252,4.0,10.224953396580842,1.0,1.0,1738,6155,0.3445978878960195,0.1858457997698504,218.8100000000013,19.05999999999767,223.59000000000015,223.59000000000015,4.769999999998618,-0.010000000000218279,0.039999999999054126,7517.914392714989,6146.677423299625,0.0,0.0,0.0
56b00794,0,6065,2.3084355246926958,1.9212695568461529,1.6426055438681124,1.6426055438681124,-3.486294363023262,6.475976666075439,7.20800176514863e-05,2.214516614358343,2.789604345589296,0.575087731230953,-0.4811688208966003,0.07568013190436933,1.1039033336903947,1.4240589303488052,6065,1227,10989.23,0,655.3036294726734,1152.8355914440313,1.1180352598510748,4.0,30.07819944841746,1.0,1.0,1228,6065,0.4314921681780709,0.498371335504886,127.68000000000029,43.01000000000022,102.8700000000008,-102.8700000000008,22.409999999999854,0.030000000000654836,-0.05999999999949068,7047.647949089938,6060.003412185558,0.0,0.0,0.0
5a1a8fd8,0,5260,4.804848594070182,4.012202756813563,-3.7699675449868884,3.7699675449868884,-2.136813547944257,-5.511261821682638,-0.0016131341485794769,4.5961935550155415,4.728029301500267,0.1318357464847253,0.07681929256991538,0.0,0.7040643734549968,0.4717686987028468,5260,1553,12020.75,0,909.9017687228934,1812.6263447550148,0.7169315545137687,2.8576005647254417,-15.98901092087894,1.0,1.0,1554,5260,0.5304182509505704,0.3590733590733591,123.56999999999971,32.97999999999956,133.23000000000138,-133.23000000000138,-9.6200000000008,0.040000000000873115,-0.06999999999970896,6359.230857443888,5252.149211475337,0.0,0.0,0.0
5aa403d0,0,3118,8.889651691419818,8.195765070301634,-8.15350834026231,8.15350834026231,0.83754456988936,-9.858963279473755,-0.0033659573283653273,9.80115641851048,8.925768572719424,-0.8753878457910567,-0.03611688129960555,0.0,0.42608852746700443,-2.9076638440049454,3118,1583,10960.64,0,811.3929312764374,1128.0144580303136,0.9499070779885956,1.7258039774535745,18.35600632715216,0.5,1.0,1584,3118,0.5792174470814625,0.45391414141414144,145.53000000000065,30.329999999999927,174.3000000000011,174.3000000000011,28.81000000000131,0.040000000000873115,0.0,4344.001951875974,3109.6144758634778,1.0,1559.0,180197.42849138207
5b7b6324,0,6564,17.616890598977896,15.329148123786423,-15.329148123786423,15.329148123786423,-0.5164332417698461,-32.27925645701362,-0.004142072781064379,14.676744925729485,17.641324932068745,2.9645800063392596,-0.024434333090848526,0.37355271176112126,0.8635730762756512,-1.7369362927236662,6564,1632,12518.5,0,1546.2474007249612,1859.29246354621,3.751011016947574,4.0,6.617419981038871,0.3030164533820841,0.820993296770262,1633,6564,0.5402193784277879,0.484996938150643,209.0500000000011,40.73999999999796,246.35000000000036,246.35000000000036,37.30999999999949,0.010000000000218279,0.029999999998835847,7977.888157876327,6555.2129359845485,3.0,4572.0,1961658.0214694901
5beded95,0,3057,15.186181859162566,14.295857529818118,14.282385173753859,14.282385173753859,-0.764715844512466,18.722963494663414,0.002003653618070745,14.296969898286122,15.06795084981957,0.7709809515334474,0.11823100934299724,0.0,0.616464044011213,11.220802445341768,3057,1721,11412.820000000002,0,2609.774070316833,2861.9297125979674,0.9974681454598996,1.4069886023089055,-0.906673179257217,0.1485116126921818,1.0,1722,3057,0.6234870788354596,0.40185830429732866,90.82999999999993,25.68000000000029,107.02000000000044,-107.02000000000044,-16.18000000000211,0.00999999999839929,-0.040000000000873115,4266.116103539013,3053.421972165116,1.0,2603.0,693667.802288714
5fffa282,0,4201,3.6724551207275056,3.1305147736590446,1.004363819330722,1.004363819330722,-1.9884587859123712,5.432049232627833,0.001083473834390597,3.0249834530948196,4.007063653559414,0.9820802004645945,-0.3346085328319086,0.1371102118543204,0.8001876982539944,-1.2709312328895324,4201,2021,11435.87,0,1128.005438639612,1540.9594807212766,1.316868784151965,4.0,-0.7134078671653927,1.0,1.0,2022,4201,0.07998095691502023,0.11473788328387735,116.10999999999876,10.530000000000655,120.54999999999927,-120.54999999999927,-4.450000000000728,-0.010000000000218279,-0.020000000000436557,5611.247987674418,4197.197113086323,0.0,0.0,0.0
61f27424,0,6220,9.79399004858757,8.259435873339743,8.259435873339743,8.259435873339743,0.0802215106159565,10.497593811107436,0.0025056305772377867,12.901701392033903,9.805944437835755,-3.095756954198148,-0.011954389248185038,0.5422829581993569,0.41621354274813677,0.4681775934188445,6220,2120,12146.12,0,803.9460903720611,1275.5455870431715,4.0,4.0,19.434532527184885,0.5213826366559485,1.0,2121,6220,0.07652733118971061,0.09995285242809995,199.82000000000153,10.8799999999992,204.0500000000011,204.0500000000011,4.229999999999563,0.0,0.029999999998835847,7625.685303188266,6214.241216150234,1.0,2976.0,536401.5887885063
62a6f539,0,3693,1.6708406871745103,1.0956931655599813,0.963249106901289,0.963249106901289,0.2533236467352253,-0.3571095799052273,0.0005657895214634553,2.6623960735891448,1.655070168289584,-1.0073259052995607,0.0157705188849262,0.0,0.14592892758284592,-0.0811983497202494,3693,1559,11200.51,0,494.3777030266669,778.1310363464169,1.2722690065226925,2.9047931930442497,2.8646744499501007,1.0,1.0,1560,3693,0.6999729217438397,0.44551282051282054,113.65999999999985,20.139999999999418,117.82999999999993,117.82999999999993,4.170000000000073,0.0,0.030000000000654836,4777.866469657276,3688.3084575996145,0.0,0.0,0.0
653612bc,0,4605,2.3063892696607424,1.994936457067633,-1.9090981190311176,1.9090981190311176,2.418894459879084,-0.5021257136922941,-0.00044653401660534633,1.6175189788268858,2.1853251346082803,0.5678061557813945,0.12106413505246216,0.0,0.3840646004062003,-0.8811768128056107,4605,1340,11959.97,0,765.6324492370854,1073.3920133972358,1.27580715530789,3.5077340969103066,2.75581415616368,1.0,1.0,1341,4605,0.035613463626492946,0.049217002237136466,104.78000000000065,6.130000000001019,104.93000000000029,-104.93000000000029,-0.13999999999941792,0.010000000000218279,-0.030000000000654836,5732.425166562803,4602.10238690984,0.0,0.0,0.0
6d6d93af,0,3595,11.505486049093337,9.037733712787741,8.600400146282158,8.600400146282158,-1.7699758638809726,-2.233110585853865,-0.001447918702522287,12.391663416550246,11.632461386026913,-0.7592020305233333,-0.126975336933576,0.00305980528511822,1.2763127325500143,11.20231005471471,3595,1709,11522.62,0,1177.8462151423057,1783.3917520631414,0.5483326346364783,4.0,-14.72668577393053,0.5602225312934631,1.0,1710,3595,0.4356050069541029,0.3374269005847953,138.03999999999905,51.70999999999913,148.22999999999774,-148.22999999999774,-10.260000000000218,-0.07000000000152795,0.0,4944.794488995638,3590.4145018227005,1.0,1581.0,437947.27492458024
722cf0d8,0,5143,6.098951594358749,5.142782504141914,5.008163469068354,5.008163469068354,0.338520517325378,2.994076882892841,-0.0013798653394518174,8.067924642384492,6.058402455117357,-2.0095221872671347,0.04054913924139214,0.4118218938362823,0.587510264252969,8.555797256798972,5143,2131,10935.75,0,1420.6262682439524,2287.683332855592,2.462288071499214,4.0,21.998756442454997,0.910363601011083,1.0,2132,5143,0.03772117441182189,0.04127579737335835,150.1999999999989,33.340000000000146,167.03999999999724,167.03999999999724,16.829999999999927,-0.00999999999839929,0.040000000000873115,6677.780187796888,5133.401151283519,1.0,461.0,52678.74776934243
7271dd80,0,4340,2.8611997037391643,2.707645362601754,-0.5366103203830752,0.5366103203830752,3.661099228329476,0.0104660548622632,-0.0016972127494521714,3.6245109099801662,2.9811612452558323,-0.643349664724334,-0.11996154151666794,0.22534562211981568,0.7083144571362924,3.145492739553411,4340,1424,10983.490000000002,0,1334.3704305220526,1932.558633741592,3.0749187530052184,4.0,-6.501850495738748,1.0,1.0,1425,4340,0.04216589861751152,0.04912280701754386,137.0699999999997,12.80999999999949,144.73999999999796,-144.73999999999796,-8.6200000000008,-0.08000000000174623,0.029999999998835847,5200.210087728593,4332.49739566014,0.0,0.0,0.0
729f4217,0,6195,3.559928495311224,2.0934638110261936,-0.8017176964866174,0.8017176964866174,2.0111059188948275,-16.457363186435032,-0.0006949595459824317,3.823138284283356,3.438223110676533,-0.38491517360682304,0.12170538463469072,0.017433414043583534,1.134767645183782,1.3505720174209734,6195,1396,11223.67,0,702.4290575209667,910.0230722350304,0.7950843269373968,4.0,-15.48299159768686,0.9530266343825666,1.0,1397,6195,0.5301049233252623,0.36649964209019326,193.15999999999985,20.909999999999854,192.25,-192.25,0.4899999999997817,0.0,-0.030000000000654836,7317.230847536182,6188.506365610372,1.0,291.0,51045.45962497008
72dd8501,0,5193,3.306428283157142,2.968057793438366,-2.0725855273671434,2.0725855273671434,-0.2820142051314178,-3.066617363869227,-0.0013035462349394622,3.0829087008090252,3.295831411261854,0.21292271045282885,0.010596871895288018,0.0,0.15806045777496053,1.3114204985357016,5193,1734,12018.01,0,709.5426338846725,1000.04636158755,1.1367286723452723,3.0726619265075192,5.480100121268531,1.0,1.0,1735,5193,0.5470826112073945,0.30201729106628245,137.32999999999993,18.029999999998836,144.82999999999993,144.82999999999993,7.510000000000218,0.010000000000218279,0.010000000000218279,6438.806467238301,5186.588165615218,0.0,0.0,0.0
75cd5f11,0,4946,5.108034868553942,3.6942196150819795,-2.8530822317575333,2.8530822317575333,0.5794674825829134,4.43083500627472,0.002444690526366651,6.703496574737994,5.090118634400854,-1.6133779403371404,0.01791623415308763,0.32430246663970885,0.5525759722763475,-8.897579558199075,4946,1463,11215.04,0,533.4576440537309,1168.5553454586563,2.994037498682177,4.0,-9.517436189097982,0.8978972907399919,1.0,1464,4946,0.27739587545491307,0.16530054644808742,138.17999999999847,20.049999999999272,148.1200000000008,-148.11000000000058,-9.900000000001455,0.030000000000654836,-0.030000000000654836,6017.320154782579,4941.676660567583,1.0,505.0,61661.1590485804
79507629,0,5302,2.665021300766982,2.1718136225710363,-0.5040879461628244,0.5040879461628244,-0.361344973451196,4.327798451729905,0.0007866358863209304,2.5290923486933177,2.4891687274958176,-0.03992362119750004,0.17585257327116421,0.0,0.5537152246110437,-2.589066362856451,5302,2017,12559.1,0,1344.1373069187182,1994.4951082477544,1.0629236446193988,2.0709302402858505,-17.277925359646062,1.0,1.0,2018,5302,0.1050546963410034,0.18830525272547077,191.9499999999989,22.44999999999891,170.49999999999818,170.49999999999818,-21.450000000000728,0.0,0.030000000000654836,6651.340916730497,5294.757652026837,0.0,0.0,0.0
7a5660b0,0,4998,5.431731122943123,4.722781088481725,0.8868599031404906,0.8868599031404906,0.1532548756604228,3.698432801542367,-0.002477478633022584,3.364865929270323,5.413077509149462,2.0482115798791387,0.018653613793661705,0.0,0.25763683124595965,7.076840267747418,4998,1937,12735.01,0,1026.1096725129676,1201.4393644394706,2.731242071208725,3.734228394753175,-23.61923948566646,1.0,1.0,1938,4998,0.034013605442176874,0.04540763673890609,135.3099999999995,30.670000000000073,107.43000000000029,104.63999999999942,-30.670000000000073,0.0,0.020000000000436557,6364.186751846637,4994.337639217051,0.0,0.0,0.0
7acda2df,0,3091,1.913589144545528,1.4692794364179425,0.2635838649824923,0.2635838649824923,0.828705343137699,-4.724669703979089,-0.0012641048806082242,3.838819449503383,1.882232400657883,-1.9565870488455,0.03135674388764498,0.2652863151083792,0.41503137557865066,2.2166259055221986,3091,1460,11185.47,0,1032.4020103137825,1580.381791972994,2.642046330973676,4.0,16.68252452765345,1.0,1.0,1461,3091,0.11355548366224523,0.1300479123887748,76.6200000000008,37.19999999999891,52.82999999999993,-49.73999999999978,24.200000000000728,-0.039999999999054126,0.0,4283.133427735622,3088.617072542087,0.0,0.0,0.0
7c607683,0,5328,3.3703897858858167,2.8259135272187836,1.0873005954116097,1.0873005954116097,-0.4667382480110973,-10.135356164311816,1.8253461962409684e-05,5.769290996056092,3.3234636941039923,-2.4458273019520993,0.046926091781824386,0.5285285285285285,0.6229048932006813,1.0386824994747321,5328,1672,11213.47,0,824.5561242419443,1144.3046940498434,4.0,4.0,-5.931936674963132,0.9984984984984984,1.0,1673,5328,0.36373873873873874,0.24267782426778242,178.21999999999935,27.020000000000437,181.53000000000065,181.53000000000065,3.2300000000013824,-0.07999999999992724,0.1000000000003638,6434.360478515764,5320.870760655639,0.0,0.0,0.0
811f52b3,0,4836,4.291065819475575,2.8698694530755353,1.8823119044513563,1.8823119044513563,0.4381530217051477,-3.368624287757484,-0.00038215309169605156,3.745785505184834,4.09640089874341,0.3506153935585763,0.19466492073216468,0.3715880893300248,0.6773638672330439,2.8061670036265625,4836,1837,11215.77,0,606.6870244410251,753.4643987108565,3.075145100922952,4.0,-5.608314809198905,0.955334987593052,1.0,1838,4836,0.06823821339950373,0.046789989118607184,186.67000000000007,15.920000000000073,186.28999999999905,186.28999999999905,-0.3900000000012369,-0.010000000000218279,0.040000000000873115,6107.188369692793,4830.229656662436,1.0,216.0,22822.598239295035
8a89da23,0,3935,5.636170274531999,4.97387032746257,-4.921627989021445,4.921627989021445,-0.6150367233058205,-12.20064139603528,-0.0015373318547217932,9.319379583455325,5.757894997778117,-3.5614845856772073,-0.1217247232461185,0.8282083862770012,0.40016938493758814,-1.8976962307836753,3935,1639,11196.6,0,813.1207032473575,1205.8022615049467,4.0,4.0,18.38306027490033,0.9552731893265566,1.0,1640,3935,0.149428208386277,0.1524390243902439,121.18999999999869,37.289999999999054,84.97999999999956,-84.97999999999956,36.20999999999913,0.0,-0.030000000000654836,5199.876788165749,3929.5585022493233,1.0,176.0,21636.142602171465
8a9c8932,0,4663,9.39620438703723,8.185434137989613,-8.121212560701228,8.121212560701228,1.3441802587003622,-2.121293360258278,-0.0011544672757917878,6.086529378949549,9.277941706746837,3.1914123277972886,0.11826268029039255,0.4968904138966331,0.7599457507455544,-5.43014934083057,4663,1680,11281.12,0,899.8633724766029,1225.5487469091045,3.978787996333976,4.0,-1.3523883244779074,0.5700193008792622,1.0,1681,4663,0.04524983915933948,0.042236763831052945,142.71000000000095,9.579999999999927,139.02000000000044,139.02000000000044,-3.6900000000005093,0.0,0.049999999999272404,6094.040404983737,4656.622691017626,1.0,2005.0,332233.422627453
8cc21f01,0,4044,5.1423392302547475,3.742899842034046,1.2157894746297098,1.2157894746297098,1.2416395474938329,0.6480228950331366,-0.00045853576867092605,4.59403817648028,5.0235258590111,0.42948768253082026,0.11881337124364766,0.0,0.32449058968248695,2.1427195309979865,4044,1761,11753.97,0,983.966118077506,2518.609558148941,1.7762703132080886,2.57071565844987,-3.96334984166222,0.9085064292779428,1.0,1762,4044,0.3464391691394659,0.2633371169125993,108.29000000000087,18.80999999999767,112.56000000000313,-112.56000000000313,-4.25,0.020000000002255547,-0.019999999998617568,5181.561573505727,4031.2572775870003,1.0,370.0,46413.06239122311
8cc800b3,0,6576,6.741289361716571,5.332609745111483,5.128448611468207,5.128448611468207,-2.4310848020541016,14.13709772279799,0.0016824255680803672,6.126009695771672,6.76201719975982,0.6360075039881483,-0.020727838043249847,0.30003041362530414,0.7903842102878273,-0.4025254435959999,6576,1514,10910.320000000002,0,1678.25802564031,3230.1959165736785,0.7583126836981385,4.0,-1.808490878841102,0.835918491484185,1.0,1515,6576,0.03938564476885645,0.050825082508250824,343.5500000000011,20.44999999999891,358.59000000000015,-358.59000000000015,-15.06000000000131,-0.020000000002255547,-0.029999999998835847,7728.277339396605,6563.684108067761,2.0,1008.0,142395.45022383134
8f201368,0,6349,11.865764171484631,11.005510023818598,-10.89630807320941,10.89630807320941,0.7790003261907259,-6.040011166585828,0.0001853368365028946,11.161479329072346,11.99245543359697,0.8309761045246233,-0.12669126211233817,0.0,0.8999605414894503,-11.484567192269601,6349,1801,11169.490000000002,0,762.1525462300553,1324.7560839735838,0.9714282572803868,3.1735603140466915,23.736815013547407,0.3832099543235155,1.0,1802,6349,0.4947235785163018,0.4550499445061043,184.6999999999989,45.409999999999854,216.63999999999942,216.36000000000058,31.6299999999992,-0.030000000002473826,0.020000000000436557,7635.624287175146,6343.954325450165,2.0,3916.0,790011.1254656495
9298ad5b,0,3964,10.389300929549563,6.775370442705114,4.831362400305235,4.831362400305235,-0.0515033135288831,28.390560828502203,0.004796896082445333,10.741398008904564,11.074369501274717,0.33297149237015233,-0.6850685717251537,0.0,0.9723467798228222,-4.673687187060193,3964,1842,11147.6,0,1081.4085883813043,2805.1267264465296,0.9674310297679424,2.785252991133581,15.86861456681216,0.7858224016145308,0.95686175580222,1843,3964,0.5025227043390514,0.34725990233315246,117.09000000000015,42.649999999999636,104.8799999999992,104.8799999999992,-12.200000000000728,0.010000000000218279,0.019999999998617568,5345.956786930631,3959.6027604044225,1.0,849.0,383071.46900198946
9314ff13,0,2748,2.4981969939642843,1.9395297674095038,-1.5381885268688116,1.5381885268688116,-0.6450549737201072,-4.203063960076179,-0.0009220320235965293,3.5640670559697183,2.469058014224125,-1.0950090417455933,0.029138979740159332,0.0,0.7464174954030459,-0.2717775424589787,2748,1745,11995.94,0,822.2729382784961,1190.1374494151064,1.8363270430418168,2.436808121971004,-14.96233294523716,1.0,1.0,1746,2748,0.04148471615720524,0.03722794959908362,112.38999999999942,14.650000000001455,105.16000000000167,105.16000000000167,-7.199999999998909,0.029999999998835847,0.010000000000218279,3999.953468228394,2741.7780760666406,0.0,0.0,0.0
93209a3d,0,4697,7.621337708006759,6.301404925397266,-6.246629855613074,6.246629855613074,0.1890582048326905,-12.202542614069898,-0.002224043335981375,9.75161394897262,7.702204216068121,-2.0494097329044996,-0.0808665080613622,0.10517351500958058,0.60295211149277,-1.0245761027288065,4697,1602,11871.78,0,1096.536142039801,1448.100295024057,1.8002869736688618,4.0,-10.211027562240506,0.7234404939322973,1.0,1603,4697,0.5648286140089419,0.44603867747972553,251.60000000000036,18.43000000000029,252.6800000000003,252.6800000000003,1.0999999999985448,0.019999999998617568,0.030000000000654836,5965.45325949451,4685.9456676320415,1.0,1229.0,179989.34947500983
940e709a,0,3348,2.0402844700366076,1.8240127843544047,-0.7217186910167351,0.7217186910167351,0.0879251878795912,1.660281124532048,0.00014092556306452661,2.4396699007462366,2.128209724535588,-0.3114601762106486,-0.08792525449898037,0.0,0.29651715760362585,-0.957557620805221,3348,1640,11031.33,0,576.8478083732026,841.8344656907564,1.0268672788982394,1.5664648669276475,-0.9295314916933224,1.0,1.0,1641,3348,0.3835125448028674,0.26142595978062155,158.5699999999997,12.520000000000437,157.71999999999935,157.71999999999935,-0.9200000000000728,-0.06999999999970896,0.06999999999970896,4603.167373999955,3337.693978138234,0.0,0.0,0.0
94467f50,0,3035,6.7477720366458485,4.079076625360038,2.5051966057965416,2.5051966057965416,0.6732672123525845,29.083921818153613,0.002672130094113818,6.932192058261852,6.767348352653175,-0.16484370560867667,-0.01957631600732679,0.0,0.6729264957502862,-1.5484247469741208,3035,2080,10764.77,0,1432.1244944576508,2713.3298184517025,1.640118869304732,3.343314840471676,-1.096932504638807,0.9107084019769356,0.9835255354200988,2081,3035,0.22042833607907744,0.30418068236424795,142.64000000000124,42.22999999999956,109.84000000000015,109.84000000000015,-32.79000000000087,0.010000000000218279,0.019999999998617568,4436.972466421738,3024.1741084961573,1.0,271.0,104803.78886703527
97cd5bf9,0,3449,3.9796523336030165,3.2183091958536543,-1.1133421796561187,1.1133421796561187,-1.0217076284679931,-5.426709407240196,-0.003099433282670042,5.518298619993464,4.120522394757578,-1.3977762252358863,-0.14087006115456147,0.0,0.7019181859773901,4.230080799667034,3449,1649,10823.5,0,1350.2999717190507,1480.8219956499197,2.2007559156616816,3.986748936722319,6.270562463540406,1.0,1.0,1650,3449,0.6332270223253117,0.5490909090909091,123.29000000000087,25.80999999999949,140.5,140.5,17.209999999999127,0.0,0.029999999998835847,4621.903296473475,3445.2778086100334,0.0,0.0,0.0
98177ced,0,4772,5.155878267606155,4.339642869376962,-1.2554526869054745,1.2554526869054745,5.470807744530248,-12.21322654560936,-0.0031269100396253257,5.008429691777357,5.283809396552806,0.2753797047754496,-0.12793112894665093,0.04945515507124895,0.9880701935762547,6.203791212620741,4772,2016,12663.64,0,569.5134967015451,708.3319092415596,0.6682965658239524,4.0,-11.456843021001829,0.9218357082984072,1.0,2017,4772,0.04463537300922045,0.03272186415468518,115.11000000000058,21.8700000000008,119.23999999999978,-119.23999999999978,-4.279999999998836,-0.12999999999919964,0.0,6179.60316110607,4768.499683432787,2.0,373.0,44618.74404337394
99529c45,0,5840,13.252765997974915,10.751668659430306,-9.002435190344631,9.002435190344631,-1.0638716034845856,-24.84505266853012,-0.0053453105099976654,12.367909569241672,13.059601405553858,0.6916918363121862,0.19316459242105743,0.0,0.9374227798917486,6.603198843593555,5840,1750,11155.73,0,1278.555534079063,2087.860214729512,1.1180736626686552,3.3140808138981503,-34.34207283556865,0.5523972602739726,0.9375,1751,5840,0.5669520547945206,0.43632210165619645,169.42000000000007,30.329999999999927,162.09999999999854,162.09999999999854,-7.350000000000364,-0.029999999998835847,0.039999999999054126,7090.448874625134,5832.3961663280825,2.0,2614.0,931005.2288230574
9a8ae0d6,0,6294,4.697845533290172,4.1638185258280345,0.22487434415235322,0.22487434415235322,0.0503191233947291,-8.600151672737411,-0.001769527892526658,3.310317110136131,4.620423156883475,1.310106046747344,0.07742237640669725,0.022878932316491896,0.7835709407049735,5.792693857987482,6294,1540,11951.2,0,825.4741130401497,1263.312283661578,1.8830650220493796,4.0,5.889610717940812,1.0,1.0,1541,6294,0.5111217032094058,0.4406229720960415,172.8000000000011,26.81999999999971,185.98000000000138,185.91000000000167,13.069999999999709,-0.040000000000873115,0.039999999999054126,7417.465000478984,6288.527972753259,0.0,0.0,0.0
9ae248be,0,5271,5.205224924238093,4.630593470686555,3.0957948222523957,3.0957948222523957,-0.6451859137032443,-6.169902333642312,-0.0013193800490745354,6.300938367540486,5.09847581829307,-1.2024625492474161,0.1067491059450223,0.11041548093340922,0.7949772088714394,6.572361251563796,5271,1383,12761.03,0,608.9832585957882,1169.989484931713,0.9847255386550514,4.0,-0.4319248731743501,1.0,1.0,1384,5271,0.32024283817112503,0.2153179190751445,262.0799999999999,25.969999999999345,270.21999999999935,270.21999999999935,8.139999999999418,0.0,0.050000000001091394,6496.493884124496,5260.296787615807,0.0,0.0,0.0
9b5b61c1,0,5532,3.180022461086489,1.9387318830447133,-1.7946477373572813,1.7946477373572813,-0.356387098403502,-14.292845886275243,-0.0007764036826797975,6.040049203076578,3.0455733588577876,-2.994475844218791,0.13444910222870154,0.7337310195227765,0.7396053392289695,0.3524966470936984,5532,1682,11132.91,0,445.50079733364055,1064.7141160544106,4.0,4.0,-3.740622201189984,0.9667389732465654,1.0,1683,5532,0.09399855386840203,0.1687462863933452,172.75,18.94000000000051,164.22999999999774,-164.22999999999774,8.1200000000008,-0.010000000000218279,-0.010000000000218279,6635.890661423491,5523.096404527158,1.0,184.0,27169.332151661834
9c350a6a,0,6052,9.518712620701452,7.108004171527003,-6.145309419428297,6.145309419428297,-0.4226959097504732,4.237740672231666,-0.0031394573692438087,12.683729456965935,9.890357250074944,-2.793372206890991,-0.37164462937349185,0.6837409120951752,1.1019370938848192,3.3531188512188472,6052,1741,11396.990000000002,0,1513.8602305115735,1910.5545355475272,4.0,4.0,-11.777237631893575,0.7390945142101785,1.0,1742,6052,0.44894249834765365,0.36969001148105624,114.28000000000065,43.06000000000131,114.16000000000167,-114.16000000000167,-10.760000000002037,0.0,-0.030000000000654836,7278.03298576712,6046.9654779982675,1.0,1533.0,443069.64839827374
9d3ec64c,0,3480,2.3073387814431108,1.8603218625079923,0.9991722143270615,0.9991722143270615,-0.2807845272891427,-6.769181176499842,-0.00030575343477166975,5.030939869706668,2.5018646313805784,-2.5290752383260893,-0.19452584993746758,0.8117816091954023,0.7550888512318856,1.5310303141123818,3480,1456,10811.14,0,3509.6866991301827,3864.4846309856016,4.0,4.0,2.120462040167263,1.0,1.0,1457,3480,0.20517241379310344,0.13452299245024021,152.26000000000022,21.470000000001164,146.1999999999989,-146.1999999999989,6.06000000000131,0.0,-0.020000000000436557,4515.690001048601,3473.804351341708,0.0,0.0,0.0
9dede370,0,6297,7.665626022536726,6.429933119460021,-5.52602397747512,5.52602397747512,0.8382125988355256,-15.824665253585408,-0.0019196697124205886,9.632240943194919,7.569178717079754,-2.063062226115165,0.09644730545697211,0.32571065586787357,1.0048871111697364,0.5170962772248916,6297,1759,12201.56,0,466.6077565793284,922.82948545491,2.53352518038248,4.0,7.445143140046773,0.8070509766555503,1.0,1760,6297,0.4070192154994442,0.24204545454545454,228.92000000000007,37.900000000001455,251.25,251.1299999999992,22.590000000000146,0.030000000000654836,0.0,7493.452079353465,6287.877899736901,2.0,1215.0,218695.52925702443
9def2eb2,0,6003,8.323949824597946,7.219611153644544,5.950174997559476,5.950174997559476,-1.973028183401766,10.15779675027261,0.002361382002488887,7.741514867154214,8.66993987305142,0.928425005897207,-0.3459900484534746,0.008329168748958855,1.0058369302572063,-1.136332391909673,6003,1746,11437.97,0,1454.479617801526,2418.494604629698,1.0553996612838523,4.0,17.441239590849598,0.6751624187906047,1.0,1747,6003,0.12377144760952857,0.10188895248998282,228.52000000000044,25.829999999999927,216.14999999999964,-216.14999999999964,12.380000000001019,0.010000000000218279,-0.030000000000654836,7249.7429203811025,5992.165428323752,2.0,1869.0,287697.1452696221
a247e7cf,0,5674,1.7039883860721965,1.351690005959263,0.5238270888597485,0.5238270888597485,0.4905726893266546,-0.3066380136679072,-0.0003740841030200118,1.430095076643778,1.4630425603838952,0.032947483740117134,0.24094582568830125,0.0,0.614177075972555,1.5849166470760117,5674,1562,10976.45,0,1068.4304544981924,1249.7152185403072,0.8780717931552025,2.358684849220779,-3.1302649779624185,1.0,1.0,1563,5674,0.5667959111737751,0.527831094049904,173.85000000000036,15.030000000000655,177.0599999999995,-177.0599999999995,-3.2000000000007276,0.00999999999839929,-0.040000000000873115,6867.161436685126,5668.540082993226,0.0,0.0,0.0
a622ce4d,0,6298,2.8641053912917447,2.1808521167304527,-1.6997902330837464,1.6997902330837464,-0.5974632424477022,-1.350950983209259,-3.994472901611153e-05,4.299825401558571,4.426194593996229,0.1263691924376582,-1.5620892027044841,0.0735154017148301,1.5556465837927658,-1.5740242537765188,6298,1748,11393.240000000002,0,1156.92572633203,1511.8106023657108,1.6417026081236066,4.0,0.551527946998525,1.0,1.0,1749,6298,0.44934899968243885,0.37850200114351057,306.6800000000003,29.479999999997744,300.21000000000276,-300.21000000000276,6.469999999997526,0.0,-0.050000000001091394,7637.588944568048,6284.852796979459,0.0,0.0,0.0
a645da9a,0,5153,6.313165320443407,5.602463359928619,0.9005787355089325,0.9005787355089325,-2.103367559455364,9.392105686409195,0.0033925866296259915,6.813248014108485,6.269776448007308,-0.5434715661011769,0.04338887243609868,0.0,0.349233396463496,-7.8387244224076245,5153,1612,12022.35,0,1025.237069572289,1462.9620094177976,0.5128356760812671,1.395161236168925,2.326397459934247,0.9392586842615952,1.0,1613,5153,0.19619639045216378,0.11283323000619963,245.84000000000015,26.5099999999984,254.29000000000087,-254.29000000000087,-8.44000000000051,0.010000000000218279,-0.049999999999272404,6267.513699746345,5144.614593164625,1.0,313.0,32984.72992489144
a76db406,0,4672,10.096908982632192,8.202251850318616,-8.18473664136084,8.18473664136084,-1.2068737235731533,-16.592134555192388,-0.004108595746949536,7.982559984136945,10.30545842859814,2.3228984444611953,-0.20854944596594827,0.0,0.632739679684704,1.4108887256398022,4672,1778,10770.320000000002,0,983.1223570468272,1366.303337202673,2.7647489654511137,3.510670752992477,-3.31560494317032,0.5186215753424658,1.0,1779,4672,0.012414383561643835,0.00955593029792018,116.67000000000007,15.550000000001091,101.23999999999796,-101.23999999999796,15.420000000000073,-0.010000000002037268,-0.029999999998835847,5931.570810705012,4668.421904423685,2.0,2249.0,432583.87808278296
a959858c,0,4404,21.767508818426105,17.548358496462267,-17.548358496462267,17.548358496462267,-1.9463525660557932,-43.36676045273089,-0.008583953943433366,22.880756378927778,21.92519669569761,-0.9555596832301667,-0.15768787727150624,0.1503178928247048,0.6330124750618228,1.3492161100062903,4404,1365,12133.85,0,891.1638846614327,2914.0379386215845,1.1413326184992043,4.0,45.62132917766998,0.5279291553133515,0.7643051771117166,1366,4404,0.6139872842870118,0.3967789165446559,275.97000000000116,90.53000000000065,187.83000000000175,-186.76000000000022,89.73999999999978,0.5299999999988358,-0.5100000000002183,4993.517724510122,4375.141262370912,1.0,1984.0,1897093.5038507069
ab3ced07,0,4250,4.3406871113024295,3.3540088621265243,2.1545824422577535,2.1545824422577535,1.7570736498146289,-2.030272574924311,-0.00011592778448381087,3.975900739134741,4.870631912501255,0.8947311733665142,-0.5299448011988259,0.0,0.7584030802398976,2.4008710203936108,4250,1757,12222.14,0,635.6662821201392,817.030544135608,1.135265679742523,2.82925362874357,1.9123705470092636,1.0,1.0,1758,4250,0.49105882352941177,0.3043230944254835,124.02000000000044,26.48999999999978,127.17000000000007,127.17000000000007,3.1599999999998545,0.010000000000218279,0.00999999999839929,5407.208925193161,4244.257493625908,0.0,0.0,0.0
ae0784a8,0,7823,6.57042980880186,5.835323459482965,5.1617154297421255,5.1617154297421255,0.6797129483275057,1.4816923738126206,-0.000632151181752378,7.479516227983139,6.626266056995572,-0.8532501709875673,-0.055836248193712024,0.23021858622012015,0.6387997941411628,7.63405870157567,7823,1347,12067.03,0,1001.5363455837152,1181.1015685793038,2.960908162425949,4.0,7.77150407201673,0.9311006007925348,1.0,1348,7823,0.574715582257446,0.30489614243323443,259.34000000000015,24.94000000000051,248.23000000000138,-248.23000000000138,9.869999999998981,0.010000000000218279,-0.049999999999272404,8995.922544924644,7811.937761208653,2.0,539.0,69029.53440682054
aed44918,0,2719,2.1353417341164413,1.3045463349227555,0.43220551299575344,0.43220551299575344,0.4696083427097619,8.841029270415675,0.0013908669084533637,3.2949312580177885,2.294333680361232,-1.0005975776565563,-0.15899194624479085,0.0,0.3682933418590914,-1.4579826155923674,2719,1300,12770.94,0,1492.909243934139,2049.486141847773,0.9706104673233984,2.8486228639812907,10.96445084618753,1.0,1.0,1301,2719,0.7006252298639205,0.5672559569561876,88.66000000000167,16.279999999998836,90.01000000000022,90.01000000000022,1.359999999998763,0.010000000000218279,0.029999999998835847,3904.272107699013,2717.020771543638,0.0,0.0,0.0
af7a59ce,0,3024,2.6334441299931224,2.276714231240784,0.7203652906946565,0.7203652906946565,-0.5063084264784266,-7.142647437420237,-0.0021154326826866602,3.05113243957883,2.6960818992881044,-0.3550505402907258,-0.062637769294982,0.0,0.25357388353346544,3.917841790575544,3024,1305,11315.72,0,1114.4272057428077,1216.351308648044,1.628956260739409,3.936842361849173,-1.5251920812570834,1.0,1.0,1306,3024,0.2857142857142857,0.19218989280245022,89.63999999999942,11.169999999998254,85.39999999999964,-85.39999999999964,4.239999999999782,0.0,-0.030000000000654836,4031.9339199910987,3020.9228962190064,0.0,0.0,0.0
b38e3116,0,6211,4.0770882407608635,2.9450135267052335,2.516606232208398,2.516606232208398,4.560832974921141,11.082338255635475,0.0009209753284566193,4.864977215654792,4.474004944089373,-0.3909722715654196,-0.39691670332850926,0.04282724199001771,1.4640537060889263,-0.34302216264940383,6211,1742,12012.820000000002,0,427.8305448712319,893.4261604634979,1.2044966780508493,4.0,7.936441795721235,0.9468684591853164,1.0,1743,6211,0.055385606182579296,0.04360298336201951,157.27000000000044,24.770000000000437,155.3700000000008,155.3700000000008,-1.8800000000010186,0.019999999998617568,0.0,7429.686069182005,6202.239107169303,1.0,330.0,41376.142757503454
bd4ae5da,0,5006,5.8975653199898845,4.340843581525282,3.9524188443881108,3.9524188443881108,0.2714143413068086,6.501820179360948,0.0022901934741248395,4.9572003235383155,5.847591136621322,0.8903908130830063,0.04997418336856274,0.03595685177786656,0.43901827922414216,-1.7787903246093024,5006,1898,11877.71,0,622.2482853533093,945.5329212932764,1.6513064514880504,4.0,-10.90936027219698,0.8691570115860967,1.0,1899,5006,0.670994806232521,0.5250131648235914,207.95999999999913,22.299999999999272,193.14999999999964,193.14999999999964,-14.80999999999949,0.0,0.040000000000873115,6271.690000019715,4995.538616775962,1.0,655.0,86472.95886077131
bd6f0e19,0,5140,2.722833911109052,2.154573179459541,-1.7773260975360718,1.7773260975360718,-2.704029422511667,-0.8240224143064552,0.0007742580393539183,3.693357699275968,2.564387146312212,-1.128970552963756,0.15844676479683972,0.0,0.9028466002683591,-3.7667821296559643,5140,1838,11345.85,0,742.2123336350041,1312.4698330722572,1.2685300445486236,3.2566187739400507,8.547021360664434,1.0,1.0,1839,5140,0.2519455252918288,0.005437737901033171,157.71999999999935,16.23999999999978,150.07000000000153,-149.17000000000007,8.549999999999272,0.0,-0.010000000000218279,6469.642531077321,5133.7291190029,0.0,0.0,0.0
bd8f847e,0,4961,6.716069750981854,5.95621202971097,5.95621202971097,5.95621202971097,0.2931811621256202,3.2450837486758246,0.00017870173565941603,9.534724926323591,6.497966513495079,-3.0367584128285117,0.2181032374867744,0.705906067325136,1.3612128049534271,5.51303172527562,4961,1199,12797.820000000002,0,896.0481673018785,1239.783873301971,4.0,4.0,19.614462084968693,0.8669623059866962,1.0,1200,4961,0.19854867970167306,0.08666666666666667,217.02999999999884,24.520000000000437,209.9499999999989,-209.9499999999989,7.039999999999054,-0.040000000000873115,-0.020000000000436557,5876.05144382165,4952.966039879465,1.0,660.0,75512.58422545085
beda8696,0,5912,6.910006239294932,4.977206034057328,4.606067197707193,4.606067197707193,0.4352243951088894,18.308988909091568,0.0023671701786641976,8.664666680916076,6.918311855462691,-1.746354825453385,-0.0083056161677586,0.045500676589986466,1.1130589287234167,-2.3901042653348434,5912,1955,10951.43,0,1108.9832840037063,1252.2723241372853,2.285193595496056,4.0,-3.102243923324812,0.8453991880920162,1.0,1956,5912,0.5267253044654939,0.4938650306748466,106.02000000000044,48.94999999999891,84.0,77.85000000000036,-28.159999999999854,0.010000000000218279,0.029999999998835847,7331.586466780353,5907.7723249715345,1.0,914.0,197255.79915711284
c03d4aed,0,4641,11.058433857799125,10.207608707542304,10.207608707542304,10.207608707542304,4.353376765919165,23.5314844658642,0.002815308896578554,14.336648492262674,11.15560753335958,-3.1810409589030932,-0.09717367556045531,0.601379013143719,1.0766175296709832,3.6760920674800532,4641,1733,12793.21,0,1344.6473967731272,1690.5476486188718,4.0,4.0,22.69956505380039,0.6416720534367594,1.0,1734,4641,0.18444300797241975,0.09284890426758939,173.5599999999995,28.69000000000051,174.6800000000003,-174.6800000000003,-1.1299999999991996,-0.00999999999839929,-0.050000000001091394,5863.373389019468,4633.178986937772,1.0,1663.0,393664.6833689842
c1708b88,0,6315,20.490766501362483,19.607281500520678,-19.607281500520678,19.607281500520678,-9.978843463344674,-39.23152413205935,-0.001981553541229501,18.562549967640102,20.5159790456041,1.9534290779639996,-0.025212544241618673,0.10847189231987332,2.1637131983421,-13.351516970859148,6315,1644,11366.3,0,1010.7163372209388,2680.847908372368,1.7789270363478964,4.0,-34.48069423781071,0.0992874109263658,0.8842438638163104,1645,6315,0.6406967537608868,0.5544072948328268,281.53000000000065,37.97999999999956,281.5600000000013,-281.5600000000013,0.010000000000218279,0.040000000000873115,-0.05999999999949068,7420.7904549788145,6264.749565824728,1.0,5688.0,2614730.5905985055
c3957531,0,5316,4.6248365124642445,3.838115524872093,0.714555025506239,0.714555025506239,0.8969284671275091,5.233784887084767,-0.0017122437739783942,6.52891046233735,4.793328177133773,-1.7355822852035772,-0.1684916646695287,0.22498118886380739,1.0120799494627883,5.264842854853824,5316,1937,12663.72,0,1449.7639558390822,1562.893675790549,1.7866008908989184,4.0,2.5673268411281787,0.9924755455229496,1.0,1938,5316,0.03781038374717833,0.03973168214654283,101.86000000000058,45.6100000000024,99.01000000000022,99.01000000000022,-2.889999999999418,-0.039999999999054126,0.05999999999949068,6652.832610679088,5308.088251301135,0.0,0.0,0.0
c593337f,0,5208,10.80892890524765,9.666224704125648,2.5202557559759464,2.5202557559759464,-1.336520075919907,12.37697317405764,0.006427425789653121,9.727892027244295,11.379369266108606,1.6514772388643113,-0.5704403608609567,0.40476190476190477,1.9461425987341685,-14.213547287385952,5208,1909,12115.4,0,1782.3173446105693,4029.639991618377,3.0789452488373463,4.0,-27.722557760597123,0.5360983102918587,1.0,1910,5208,0.30913978494623656,0.3240837696335079,187.04000000000087,48.349999999998545,149.84000000000015,149.84000000000015,-37.19000000000051,0.010000000000218279,0.020000000000436557,6730.173687035577,5173.147311453543,2.0,2416.0,484177.71409129654
c66be2b8,0,4154,13.568762026158696,10.680553789120315,10.676278792695527,10.676278792695527,0.2903597738222743,15.18382967301659,0.006000378271885098,14.642632666053364,13.551386504605686,-1.0912461614476783,0.01737552155301003,0.5669234472797304,0.5650649995498077,-1.7835066888738818,4154,2052,11366.95,0,562.4468552670472,640.7480920187169,4.0,4.0,-9.013834501341432,0.4369282619162253,1.0,2053,4154,0.29537794896485314,0.19678519240136386,181.29000000000087,48.149999999999636,152.91000000000167,152.91000000000167,-28.360000000000582,0.019999999998617568,0.039999999999054126,5510.448929864811,4143.922825451643,1.0,2339.0,754319.2914964717
c70c0e01,0,4312,6.058359663852526,4.272381904834248,0.7299870188736394,0.7299870188736394,-1.0866318743919692,14.818622444032371,0.002941443335253348,6.282238272526898,6.555550694476166,0.2733124219492673,-0.49719103062363956,0.4134972170686456,1.088293498297093,-5.6102940902649525,4312,1744,12587.86,0,665.9113510063892,1334.5456426254611,2.412944516385441,4.0,-4.2405816181340334,0.8235157699443414,1.0,1745,4312,0.7003710575139147,0.6429799426934097,169.82999999999993,26.920000000000073,185.3199999999997,-185.3199999999997,-15.5,-0.010000000000218279,-0.030000000000654836,5585.361699690702,4305.161442559587,1.0,761.0,128611.09805097536
c84c65be,0,8496,10.057883418343346,8.815472392955133,-7.697194966647325,7.697194966647325,1.3337262731274675,-7.810888285814144,-8.090816063911962e-05,9.354682293776197,10.40887460430914,1.0541923105329438,-0.35099118596579437,0.1560734463276836,2.4906492338822765,-7.353537554332667,8496,1746,10055.26,0,1605.1857060166903,2924.3753631032378,1.4017031785152574,4.0,-10.938048732491977,0.6272363465160076,1.0,1747,8496,0.4393832391713748,0.3989696622781912,310.1299999999992,37.029999999998836,305.6899999999987,305.6899999999987,-4.450000000000728,-0.010000000000218279,0.020000000000436557,9774.959432844124,8479.484974483901,2.0,3068.0,632117.5819526374
c9e6734f,0,4735,4.902207716367109,4.281308432588182,4.278746147320552,4.278746147320552,-0.6463293842261919,9.926716177713388,0.00014862192977598362,3.794314533269706,5.163612825436902,1.3692982921671955,-0.2614051090697922,0.1303062302006336,0.7424183839715146,3.926958039540795,4735,1652,11202.85,0,1145.3686151194852,1981.6056803636895,1.2959701530795398,4.0,19.152954213508337,0.9784582893347412,1.0,1653,4735,0.05237592397043295,0.03932244404113733,64.43999999999869,32.42000000000007,46.45000000000073,-45.94000000000051,8.890000000001237,-0.029999999998835847,-0.019999999998617568,6089.765427758845,4728.531067688823,0.0,0.0,0.0
cad13e8f,0,4848,3.3855858719003056,2.876037520592993,-1.9046585353765824,1.9046585353765824,1.732724417397549,-3.790818251005476,0.0007343313859424978,3.1836373622186533,2.984608909162885,-0.19902845305576822,0.40097696273742045,0.0,1.166295042575183,-3.6843106492082263,4848,2017,12753.01,0,494.143821599468,611.9385283263058,0.6233514341181756,2.0752304459309103,-24.576495557988608,1.0,1.0,2018,4848,0.04785478547854786,0.027750247770069375,105.07999999999993,24.530000000002474,126.81000000000131,-126.81000000000131,-21.75,-0.019999999998617568,-0.010000000000218279,6174.179656840585,4842.13012516203,0.0,0.0,0.0
cb34231f,0,5609,11.321712130657183,10.4938730610391,-10.306662276418084,10.306662276418084,7.0394779411053605,-19.25731651533897,-0.0023978438145541374,14.999662943180175,11.327696946493942,-3.6719659966862324,-0.005984815836759694,0.8507755393118203,0.7039498304146198,-3.5831082204082874,5609,1900,12759.81,0,701.303311003737,1192.3163514146586,4.0,4.0,-23.51523824103476,0.5063291139240507,1.0,1901,5609,0.10714922446068818,0.03314045239347712,139.63999999999942,17.889999999999418,137.9300000000003,-137.9300000000003,1.7200000000011642,0.010000000002037268,-0.010000000000218279,6878.955571558397,5602.252234681893,3.0,2769.0,564613.7867614614
cbb406b5,0,6328,3.7978128991351157,2.8468671079345054,-1.3495632877539994,1.3495632877539994,1.4101766129715545,1.0866511276199162,0.0005218749681108636,4.36802212365324,4.543594841850799,0.17557271819755904,-0.7457819427156838,0.0,1.2755440073978017,-3.000514749372717,6328,1806,11397.06,0,1168.9058209490622,1401.3591490495437,1.8655973291541783,3.4212767952412566,6.149030961281465,1.0,1.0,1807,6328,0.5109039190897599,0.4089651355838406,204.96000000000095,30.94999999999891,205.11000000000058,205.08000000000175,1.7900000000008731,0.0,0.0,7525.797797948535,6319.118214181448,0.0,0.0,0.0
ccedb12b,0,4401,8.750838469481375,6.96773055655046,6.9252525490596595,6.9252525490596595,0.2894363967752724,19.868684156383097,0.003076072321470975,10.307603693003704,8.7178828764464,-1.5897208165573051,0.032955593034975195,0.01772324471710975,0.32605699247613196,0.15789344182351175,4401,2025,12670.12,0,439.2785306041192,578.1518570411149,1.6654582030983298,4.0,5.130923626182866,0.7250624857986822,1.0,2026,4401,0.45557827766416725,0.3608094768015795,152.45000000000073,35.77000000000044,133.96000000000276,133.96000000000276,-16.920000000000073,0.029999999998835847,0.00999999999839929,5873.965982975219,4394.332238918769,1.0,1098.0,253820.16886933992
cd7f1687,0,4232,3.7636280595477722,2.808485099835724,-0.750916685595892,0.750916685595892,-0.2748932630020135,-13.171815958874504,-2.719864758311622e-05,3.9362258053639536,4.11427124161536,0.17804543625140656,-0.35064318206758793,0.0,0.8317363791258947,-0.693377946633809,4232,1748,11448.36,0,780.1609697045157,1409.4836276895228,1.64696572995102,3.177201280976955,-10.4780388410935,0.9662098298676748,1.0,1749,4232,0.7001417769376181,0.4854202401372213,167.42000000000007,18.80999999999949,170.5599999999995,170.5599999999995,3.139999999999418,0.0,0.049999999999272404,5465.068282148616,4227.394421437436,1.0,143.0,19086.742548468002
cdc60a53,0,5878,2.9166750846731646,2.3724369129494796,-0.19667790043202465,0.19667790043202465,0.1917077604284713,-4.136522751223311,-0.0011231787377511098,5.395638215356494,3.013889060491789,-2.381749154864705,-0.09721397581862457,0.4908132017693093,0.4265103075963887,3.1037828204496116,5878,1752,11207.88,0,607.7913089417153,1090.4413395615572,3.959750635923847,4.0,2.4838532025374107,1.0,1.0,1753,5878,0.5529091527730521,0.4803194523673702,200.77999999999884,30.69000000000051,211.7599999999984,211.7599999999984,10.970000000001164,-0.00999999999839929,0.030000000000654836,7125.793554144255,5871.079818176522,0.0,0.0,0.0
cf50c9d1,0,4858,8.36082173921251,7.196546697827591,7.082469665249794,7.082469665249794,-2.5868039623237564,18.672285135262428,0.002573269515733382,10.127795698101222,8.350629108999769,-1.7771665891014532,0.010192630212740639,0.0800741045697818,0.989061975463063,0.8332846462912742,4858,1775,11223.79,0,1030.1629674599292,1331.988964668864,1.720309878008441,4.0,-25.40715258904822,0.8367641004528613,1.0,1776,4858,0.161177439275422,0.1981981981981982,224.65999999999985,44.42000000000007,180.27999999999884,180.27999999999884,-44.400000000001455,-0.020000000000436557,0.049999999999272404,6078.002962046837,4849.384549899125,1.0,793.0,192109.458187316
d1ee630d,0,6290,9.559575529121425,8.833565346947667,-8.680231511234096,8.680231511234096,-2.029498476864319,-13.738687644678066,-0.0012105264678461361,10.043673098200747,9.305500627152949,-0.7381724710477986,0.25407490196847604,0.48330683624801274,1.8038812075871666,-4.873731033091925,6290,1588,11345.820000000002,0,1093.6582264355843,1373.924569254087,3.6580110346597934,4.0,-8.483794745375537,0.5747217806041336,1.0,1589,6290,0.4271860095389507,0.3234738829452486,300.65999999999985,19.19999999999891,291.6999999999989,-291.6999999999989,9.0,0.039999999999054126,-0.07999999999992724,7463.695751483987,6278.1471543840535,2.0,2615.0,383035.87356575194
d4f60a28,0,4501,5.782639468655261,3.655811195737371,2.5740807820081106,2.5740807820081106,-0.7947533356364147,18.16978933690916,0.0015823911715481267,5.292875999695739,5.975235386752908,0.6823593870571694,-0.19259591809764753,0.11308598089313486,0.8223250406114166,-0.9862993539751745,4501,1933,12546.48,0,514.585875534687,761.5295965685881,1.4249493049440192,4.0,11.83269186521991,0.8835814263497,1.0,1934,4501,0.37325038880248834,0.3293691830403309,153.4399999999987,18.779999999998836,154.5,-154.5,-1.0499999999992724,0.010000000002037268,-0.030000000000654836,5758.584517846944,4496.123699477119,1.0,524.0,122701.41327456666
d9ae59b2,0,3648,17.44676035084651,16.1395726553513,16.07157379327479,16.07157379327479,-2.04970851073449,16.944147217900536,0.005530053990227425,16.24391768843169,17.432111068331736,1.1881933799000457,0.014649282514774598,0.0,0.44547801142078275,5.987520342095083,3648,1501,11039.17,0,1015.6279958725048,1267.212506192055,1.2908035092448054,2.5710579716648745,12.128486374967178,0.1652960526315789,1.0,1502,3648,0.43146929824561403,0.3954727030625832,157.38999999999942,13.420000000000073,161.11000000000058,-161.11000000000058,-3.710000000000946,0.010000000000218279,-0.05999999999949068,4682.754785958536,3643.347456021636,1.0,3045.0,1102022.1537551386
dafc88c3,0,5572,6.726268545009827,5.952873924858568,-5.879291612058985,5.879291612058985,-0.3080844685391639,-5.054128294697875,-0.0011209338954141599,9.276189298953149,6.843992302776748,-2.432196996176401,-0.11772375776692101,0.4475951184493898,0.9826195415208141,-2.756930246382842,5572,1614,11194.320000000002,0,1025.7300670739814,1531.7817543059728,3.550451344925846,4.0,-3.279541983251583,0.8944723618090452,1.0,1615,5572,0.04971284996410624,0.04396284829721362,107.14000000000124,20.73999999999978,96.29000000000087,-96.29000000000087,10.8799999999992,0.029999999998835847,-0.05999999999949068,6944.781383065121,5567.557596504938,1.0,556.0,74795.98718369189
e161bd0c,0,2949,1.1687529114620414,0.8293858329318142,0.31397025922199334,0.31397025922199334,-0.4562283313025546,-3.2497476678345265,-0.0004372570913373211,2.5500250788059335,1.6245065813789177,-0.9255184974270159,-0.45575366991687627,0.0,0.6906292568906834,0.958487211853205,2949,1863,12218.58,0,803.691891165419,2030.8216772101164,1.3887014238589162,3.319418841558896,5.756552681168264,1.0,1.0,1864,2949,0.5395049169209901,0.3444206008583691,92.13999999999942,18.290000000000873,80.63999999999942,-80.63999999999942,11.510000000000218,0.010000000000218279,-0.029999999998835847,4079.308453380193,2941.975290327897,0.0,0.0,0.0
e25f1537,0,3177,13.516871812960161,9.879212520812743,5.970325001722984,5.970325001722984,-0.6499140431515116,22.396303842469933,0.011183348172849378,13.363723006078411,13.978890505722912,0.6151674996445013,-0.46201869276275076,0.0,0.9810960314837838,-11.788831896761831,3177,1840,10787.18,0,4540.919802666793,5147.019729816619,1.620832992070877,2.1404568584786063,1.1883238926576023,0.6587976078061064,0.9301227573182248,1841,3177,0.24394082467736858,0.2254209668658338,173.9400000000005,30.7400000000016,152.40999999999985,152.40999999999985,-21.530000000000655,0.0,0.05999999999949068,4464.104778738876,3166.6214479315167,1.0,1084.0,546262.1638126541
e32da4ec,0,4689,6.314731073155714,5.077705720947624,4.012230823325592,4.012230823325592,0.2607659252462326,-7.635550288163358,-0.0004152008479207703,5.691120586064563,6.11496577893165,0.4238451928670868,0.19976529422406397,0.007464278097675411,0.7159886928610191,4.985461610851878,4689,1458,11986.19,0,421.40685352778536,687.3144436866912,1.3328614947012682,4.0,16.61798480514041,0.81744508423971,1.0,1459,4689,0.34250373213904883,0.24400274160383825,125.52000000000044,32.80999999999767,149.21999999999935,149.21999999999935,28.43999999999869,-0.010000000000218279,0.039999999999054126,5937.94143072327,4680.706141449183,1.0,856.0,109568.05827926006
e45a2a62,0,5007,8.699307849990822,7.69770937432825,-0.25922658151605055,0.25922658151605055,-0.1363754861067718,7.980803354590535,-0.0020300521510839913,7.166317018753664,8.784366662405056,1.6180496436513918,-0.08505881241423374,0.37667265827841023,1.1947681550470295,4.821993952647181,5007,1689,11212.01,0,1041.0007459773576,1315.8725957040504,2.0490763054477523,4.0,12.26926039933664,0.6185340523267425,1.0,1690,5007,0.6425004993009786,0.5136094674556213,171.5,47.960000000000946,174.9400000000005,174.9400000000005,3.5900000000001455,-0.040000000000873115,0.05999999999949068,6307.189893080231,5000.557161926902,3.0,1910.0,274214.97631793376
e6c55748,0,4472,5.623298275310651,4.682444199350981,-4.439296662142276,4.439296662142276,1.8222717067001213,-6.124869862416745,-0.002047190234654927,8.04016519883871,5.809083898973847,-2.231081299864864,-0.18578562366319584,0.48278175313059035,0.6062719244776138,0.13719710742881286,4472,1486,11215.64,0,637.4589909357901,1044.2231412995363,3.47673320579995,4.0,-0.2701219049567323,0.9961985688729876,1.0,1487,4472,0.13416815742397137,0.05850706119704102,134.26999999999862,30.01000000000022,126.17000000000007,-126.17000000000007,8.069999999999709,-0.029999999998835847,-0.020000000000436557,5495.831418355436,4468.122372149132,0.0,0.0,0.0
e7c36e81,0,3531,1.2787681288726045,1.0171798776675123,0.8280644106571553,0.8280644106571553,-0.2080898681833787,0.6991293714982021,2.221439098420195e-05,2.643053087947598,1.6210950273255151,-1.021958060622083,-0.34232689845291064,0.0,0.4706553111640441,0.788856010570039,3531,2123,11191.13,0,441.4023993194469,732.6015262402702,1.3669641005211552,2.23345026721506,-4.470533812551016,1.0,1.0,2124,3531,0.6374964599263665,0.3794726930320151,122.51000000000022,21.579999999999927,115.05000000000109,115.05000000000109,-7.429999999998472,0.030000000000654836,0.0,5061.233962257001,3523.269919449802,0.0,0.0,0.0
eb640a35,0,6037,9.487285824200285,7.21151399302323,-6.967704140086881,6.967704140086881,0.0943097403578576,-10.506549168485437,0.0009998723253569774,11.98774890731399,9.509595967956997,-2.478152939356992,-0.022310143756712364,0.7135994699353984,0.7539296352762861,-9.985318818014244,6037,1744,10862.51,0,739.5643866661254,1110.181564891548,4.0,4.0,-14.872960795088456,0.722544310087792,1.0,1745,6037,0.5042239522941858,0.37822349570200575,231.90999999999985,31.019999999998618,231.23999999999978,-231.23999999999978,0.6700000000000728,0.0,-0.040000000000873115,7315.331862178801,6028.717750343043,1.0,1620.0,426205.8253337261
eba6605e,0,4410,11.55275169824827,9.055587294327132,-1.9962622383663824,1.9962622383663824,-7.416340153335113,36.34536330747869,0.007639722588399504,11.289092114004621,11.717916363375236,0.42882424937061536,-0.16516466512696582,0.2256235827664399,1.9057789567195618,-18.838030684493077,4410,1308,11280.47,16,2321.4882889915866,2810.384724717327,1.2683443062640625,4.0,55.76447071349314,0.6045351473922902,0.9473922902494332,1309,4410,0.22630385487528346,0.14514896867838045,88.63999999999942,26.599999999998545,71.0,-60.280000000000655,25.3700000000008,0.050000000001091394,-0.029999999998835847,5310.747379711876,4404.666233269067,2.0,1744.0,513079.4862640822
ebe69318,0,4976,2.983722937312124,2.5387579414724404,1.0928833345393785,1.0928833345393785,-0.1649218966285843,-4.661413942772924,-0.001522013207279595,4.480629601193021,2.8797843521349016,-1.6008452490581195,0.10393858517722254,0.3567122186495177,0.5534744528149856,4.878891187647372,4976,1741,11178.59,0,761.252779518735,1162.742685603819,3.0782833914305265,4.0,7.897467083877824,1.0,1.0,1742,4976,0.23512861736334406,0.134902411021814,116.26000000000022,18.23999999999978,108.83000000000175,-108.83000000000175,7.459999999999127,0.030000000000654836,-0.05999999999949068,6134.8660906189725,4970.271411442216,0.0,0.0,0.0
eeda36f5,0,4797,6.231675414984295,5.498253601857814,5.498253601857814,5.498253601857814,0.5694680298765888,6.087959062666414,0.0015456880634707522,9.805549400434558,6.120202570876568,-3.6853468295579894,0.11147284410772684,0.9314154680008339,1.0449952507153069,1.7916936256549485,4797,1400,12811.97,0,1681.155190999687,1833.2973943827517,4.0,4.0,8.00423631312464,0.9007713154054616,1.0,1401,4797,0.03731498853450073,0.05353319057815846,178.11000000000058,13.200000000000728,182.70000000000073,-182.70000000000073,-4.619999999998981,-0.029999999998835847,-0.029999999998835847,5881.511594030098,4789.733528089068,1.0,476.0,64586.64503070646
ef04658e,0,4104,1.9274319836758091,1.4960352171573723,-0.7689685530958378,0.7689685530958378,0.4020229771376762,0.0002131649289367,-0.0007713358058786762,4.5396028072927,2.334159645886143,-2.205443161406557,-0.40672766221033374,0.3618421052631579,0.6475509778200503,0.8134268526642673,4104,1559,10775.26,0,436.5514245188791,1330.3845344295607,2.8716913841181504,4.0,14.450552433262256,1.0,1.0,1560,4104,0.1695906432748538,0.08974358974358974,139.07999999999993,29.23999999999978,157.47999999999956,157.47999999999956,18.409999999999854,0.010000000000218279,0.029999999998835847,5227.902536735399,4097.065977623705,0.0,0.0,0.0
f021b650,0,3739,6.450573976829675,4.893925683293267,4.8554220180312955,4.8554220180312955,-0.2865778144678188,-0.1760491263212316,-0.001195279633391175,5.013915025872162,6.3770754571283925,1.3631604312562304,0.07349851970128274,0.2254613533030222,0.7368984034402439,7.089399652839408,3739,1870,12134.52,0,1878.085718397924,4295.274025999477,2.417478252497608,4.0,-3.575625341201509,0.8783097084782028,1.0,1871,3739,0.3944905054827494,0.2725815072153928,185.78000000000065,12.3799999999992,186.71999999999935,186.71999999999935,0.9499999999989086,0.010000000000218279,0.049999999999272404,5022.875941987659,3731.1364148341518,2.0,435.0,53057.55001720479
f074d277,0,2453,4.652957973241748,4.054553412762441,-4.054553068709764,4.054553068709764,-0.0372280305837193,-4.768354022015046,-0.0013762299537882225,5.697756780471838,4.694528825082452,-1.0032279553893861,-0.04157085184070386,0.0,0.5645748739546134,-2.3672951453654054,2453,1414,12010.52,0,1396.254938630223,1697.8614915309877,1.0962305388764182,1.6556173135963788,7.492133122621609,1.0,1.0,1415,2453,0.27435792906644924,0.14346289752650176,101.45000000000073,24.030000000000655,113.45000000000073,113.45000000000073,12.0,0.0,0.039999999999054126,3556.3546927354946,2448.9389441551116,0.0,0.0,0.0
f40cd091,0,5166,3.060445994614632,2.4742551832929003,0.05630453732294185,0.05630453732294185,0.5643380014626018,-2.6529818141298165,-0.0015436303759206983,3.8024087082602858,3.0040394380338413,-0.7983692702264444,0.056406556580790745,0.0,0.6958880234525298,4.042729983138145,5166,1609,11899.75,0,933.1109082258474,1298.1518257122257,0.7816403188483367,2.9017358751829554,2.6589648322848185,1.0,1.0,1610,5166,0.6624080526519551,0.5658385093167702,217.84000000000015,26.3700000000008,220.82000000000153,220.82000000000153,2.9400000000005093,-0.040000000000873115,0.07999999999992724,6473.793739753864,5156.8260522341925,0.0,0.0,0.0
f439a621,0,2821,4.099483091788376,3.106949043369986,-1.7017278652568404,1.7017278652568404,1.3060793116746936,7.184757414399428,-0.0008595879802173747,5.828554630915495,4.021786695875638,-1.8067679350398578,0.07769639591273858,0.47465437788018433,0.6668796831515076,-0.48970881315034304,2821,1873,11021.37,0,718.591344228519,813.7742883624566,3.9031857666859695,4.0,-15.431643216176752,0.9883020205600852,1.0,1874,2821,0.4984048209854661,0.33938100320170755,173.0699999999997,23.55999999999949,161.42999999999847,161.42999999999847,-11.640000000001237,0.0,0.06000000000130967,4267.877564855359,2811.280992181458,0.0,0.0,0.0
f4d12d23,0,3701,2.1362827187424487,1.8779678868483536,0.19202856750724012,0.19202856750724012,0.0223061816795961,-0.4379041376669192,-0.00026762858619404264,2.7904986353753305,2.1186937024452153,-0.6718049329301152,0.017589016297233417,0.0,0.4368024985027823,0.6871414519662192,3701,1746,11200.91,0,771.6694424424647,996.525211171528,1.2801666785208496,2.9524421385107886,-16.289797604681567,1.0,1.0,1747,3701,0.28776006484733857,0.15855752718946767,86.27000000000044,24.61999999999898,72.75,72.75,-13.430000000000291,0.05999999999949068,-0.00999999999839929,4910.826438710517,3697.9394046145376,0.0,0.0,0.0
f5859199,0,5790,14.298194774877347,13.37685860397983,-13.374952981375738,13.374952981375738,0.3884676612669864,-17.059458965311933,-0.0021014026786068253,17.584455247487128,14.775124777205775,-2.8093304702813526,-0.4769300023284284,0.21174438687392055,1.7327260259979296,-7.2924429281482785,5790,1647,12242.62,0,1777.951209636861,5418.107662984893,2.843122687674461,4.0,-16.135353431219023,0.2500863557858376,1.0,1648,5790,0.6721934369602763,0.470873786407767,294.97000000000116,26.94999999999891,293.7500000000018,293.7500000000018,-1.2000000000007276,0.019999999998617568,0.039999999999054126,6924.754190658826,5776.620883224149,2.0,4342.0,1122588.4393666475
f631da6e,0,4093,3.3831615438848712,2.681554956153903,2.365753653185795,2.365753653185795,-0.3035520588291547,-4.743652564342483,-2.2160664318821727e-06,3.376050066008267,3.948601752363519,0.572551686355252,-0.5654402084786478,0.0,0.8629893935647169,2.3702877251054257,4093,1510,11173.25,0,1268.0411860523902,1745.7977947417448,0.8629140104182447,2.1625348987101485,-1.9991989257255651,1.0,1.0,1511,4093,0.5665770828243343,0.4493712772998015,156.96000000000095,20.359999999998763,157.0699999999997,157.0699999999997,0.1000000000003638,-0.00999999999839929,0.039999999999054126,5342.611130975225,4085.8384227720235,0.0,0.0,0.0
f6d009f4,0,6715,12.422198221917794,10.273674666586238,-9.176821995632375,9.176821995632375,-1.6170139144360292,-23.87481874315199,-0.0010865127779760009,15.098053387763487,12.925330325542465,-2.1727230622210225,-0.5031321036246705,0.5511541325390916,1.1525501810594727,-5.529398599966936,6715,1287,11001.490000000002,0,925.3521354733708,1697.1008821883224,4.0,4.0,57.63123208665091,0.4515264333581534,1.0,1288,6715,0.3231571109456441,0.11568322981366459,395.3299999999999,84.47999999999956,467.53999999999905,467.53999999999905,83.72999999999774,0.27999999999883585,-0.20999999999912689,7444.3680912755335,6695.814159047357,3.0,3683.0,991569.6576543228
f88ddb26,0,4990,7.920916658095865,5.41900171655113,4.903253830498994,4.903253830498994,-1.5784351392030658,-0.5822137907798606,-0.0002366939069422242,9.46655418943249,7.952395404581991,-1.5141587848504985,-0.03147874648612614,0.06312625250501001,0.7468085440903455,5.493686781366371,4990,1594,12186.8,0,771.2241871856874,1436.528806689979,1.207166788558656,4.0,-43.38313865951328,0.7100200400801603,1.0,1595,4990,0.03727454909819639,0.042633228840125395,91.04000000000087,78.59000000000015,95.75000000000182,-95.75000000000182,-41.06999999999971,-0.029999999998835847,0.010000000000218279,6112.521537091866,4985.948696807964,1.0,1447.0,283750.868019184
f8f59188,0,4807,3.9866318224978157,3.4099545872860926,1.3713857092820252,1.3713857092820252,1.069205646437695,4.830588191889547,-0.0011806606453634713,5.225285536321079,3.904147929558801,-1.3211376067622775,0.08248389293901459,0.1814021219055544,0.7340876558812504,4.208513240090447,4807,1932,11308.97,0,1214.7370313777622,1504.5718002974618,1.2722968027283723,4.0,5.598953676273866,1.0,1.0,1933,4807,0.6432286249219887,0.5468184169684428,162.14999999999964,17.770000000000437,160.51000000000022,160.51000000000022,-1.6299999999991996,0.010000000000218279,0.030000000000654836,6154.099945306528,4800.575411448069,0.0,0.0,0.0
fa667be2,0,7296,2.4641397001798055,1.9059588766886382,-0.3798415991749405,0.3798415991749405,-0.6482201692888339,-1.8550072610596544,-0.0003658133898859409,4.093628721862485,2.46695272342232,-1.6266759984401653,-0.002813023242514312,0.12184758771929824,0.5421390818966647,0.9544627404340288,7296,1501,12590.22,0,531.5206883321492,685.106409344576,2.1118548609212047,4.0,-22.831642448838664,1.0,1.0,1502,7296,0.12541118421052633,0.1617842876165113,253.85000000000036,23.469999999999345,230.40000000000146,230.40000000000146,-23.44999999999891,0.0,0.029999999998835847,8599.331925355698,7289.295943724637,0.0,0.0,0.0
fae0c593,0,4403,6.109377953216677,4.637071396128642,3.7924869890113575,3.7924869890113575,-2.0433705686664325,1.7169598482705624,-0.0024457087511303285,5.0546717340701655,6.208850876613674,1.1541791425435086,-0.09947292339699665,0.2382466500113559,1.4246234797450619,9.17549195024921,4403,1743,10875.63,0,776.5509504371126,1244.3372267296638,2.7897470312128863,4.0,2.0418162946362792,0.8621394503747445,1.0,1744,4403,0.03202362025891438,0.03268348623853211,186.28000000000065,31.829999999999927,180.67000000000007,180.67000000000007,-5.649999999999636,-0.039999999999054126,0.05999999999949068,5602.98417857475,4391.821363398122,1.0,489.0,71230.50759964691
fc0d20b2,0,3954,8.006347931806275,5.637451584444109,5.386809045647762,5.386809045647762,-2.9599790993925126,13.588230915054735,0.004745344355531511,7.04843938402275,8.206273295025731,1.1578339110029816,-0.19992536321945664,0.0,1.1142774598699197,-3.992364073060266,3954,1353,10796.320000000002,0,1329.6921108384015,2671.0804169707576,0.7034774721556534,3.5031918436150558,-9.53814284323444,0.7164896307536671,1.0,1354,3954,0.47774405665149217,0.33825701624815363,196.15000000000146,23.730000000001382,174.63000000000284,174.63000000000284,-21.530000000000655,-0.010000000002037268,0.05999999999949068,5128.690797847607,3941.6485129953644,1.0,1121.0,223519.3483688529
fde20ecf,0,4667,2.8010182445935894,2.328981319975815,-0.799249885420506,0.799249885420506,-3.718760827277947,-7.062171790445063,-0.000601930539783478,4.4354322179006385,2.4694762150080565,-1.965956002892582,0.3315420295855329,0.23076923076923078,1.092169420548335,0.6050540638943481,4667,1718,12023.39,0,466.7137704472776,905.9575904262082,2.5253474126373328,4.0,11.038731318240783,1.0,1.0,1719,4667,0.2989072209127919,0.19429901105293776,123.07999999999993,24.31000000000131,101.11000000000058,-101.10999999999876,21.970000000001164,0.0,-0.00999999999839929,5751.869789298352,4663.303698034124,0.0,0.0,0.0
00bbac68,1,6014,5.448402450402091,4.538889072829499,-1.6787060500410957,1.6787060500410957,-4.278664300818491,-7.203902877605287,0.0006235362407523429,5.84461453888304,5.8964225769687095,0.05180803808566914,-0.44802012656661816,0.2810109743930828,1.3535872914346714,-3.5533677578630156,6014,1544,12223.54,0,579.5127001410549,1537.5286508954282,3.1941332391194326,4.0,-10.699220781487847,0.9486198869304956,1.0,1545,6014,0.13834386431659462,0.07119741100323625,176.48999999999978,50.18999999999869,169.72999999999956,169.72999999999956,-6.740000000001601,0.019999999998617568,0.010000000000218279,7146.672332304235,6003.106962232059,1.0,309.0,38672.47445624463
02e7fe5a,1,5108,7.253574291484345,6.458576452054522,-6.433917625079174,6.433917625079174,1.2824227561413863,-14.710142046529654,-0.0006424705690875306,10.490325406181539,7.302398299090093,-3.1879271070914452,-0.048824007605748676,0.7286609240407205,0.4720712805961328,-4.793369026914162,5108,1779,12178.98,0,600.8946493560933,1531.399938169251,4.0,4.0,1.0496114165071244,0.9218872357086922,1.0,1780,5108,0.6366483946750195,0.41685393258426967,79.68000000000029,24.18000000000029,98.0,98.0,18.93000000000029,0.040000000000873115,0.0,6349.335932782148,5105.179444574071,1.0,392.0,72324.81223406788
071d7b45,1,3211,13.914148455499124,12.976445147633102,-12.976445147633102,12.976445147633102,-0.4966165355235716,-8.69088182951964,0.002504004640236626,16.084662248605557,14.03196289461399,-2.052699353991567,-0.11781443911486633,0.0,0.9572883565709726,-16.99537259521289,3211,1508,10530.11,0,5750.140583674872,6218.767733371289,2.1643179156965027,2.963262618835598,2.437717186826024,0.3871068203052009,1.0,1509,3211,0.15384615384615385,0.15904572564612326,136.9499999999989,23.80999999999949,149.21000000000095,149.21000000000095,13.159999999999854,0.039999999999054126,0.010000000000218279,4579.063645560718,3205.720943874996,1.0,1968.0,547647.8087607422
08fecf00,1,5574,7.409976010242213,6.289589704104484,-2.90048109306513,2.90048109306513,0.0419385578607034,5.571825281407655,-0.0019756393509366694,7.051718096514456,7.387230398633388,0.3355123021189321,0.02274561160882449,0.0,0.36140929486111306,2.6046379583199006,5574,1830,12148.1,0,450.5497892852121,1055.6132034271936,1.0329496998778502,2.5415607838489542,-4.11200416143295,0.86670254754216,1.0,1831,5574,0.28238249013275923,0.12342981977061715,146.53999999999905,15.979999999997744,153.96999999999935,-153.96999999999935,-7.440000000000509,-0.010000000000218279,-0.020000000000436557,6803.077346193044,5570.045282580797,1.0,743.0,132520.6518736156
0dd99dc5,1,7342,6.0548870428948565,4.535562005424041,-0.8200340989694052,0.8200340989694052,-0.5432198970720492,-1.7213447370031645,-0.0010206846466437847,7.495773227763356,5.914681797292928,-1.581091430470428,0.14020524560192804,0.5576137292290929,0.7252291822055067,2.926388896536608,7342,1839,12581.48,0,565.429967369398,1305.7461794413507,4.0,4.0,-4.471795903017164,0.8733315172977391,1.0,1840,7342,0.476436938163988,0.4483695652173913,242.57999999999993,29.340000000000146,242.23999999999978,242.23999999999978,-0.2600000000002183,0.030000000000654836,0.010000000000218279,8651.487982826198,7332.230299601889,1.0,795.0,138859.52041047072
14a53cb3,1,6919,3.3541279852373886,2.7459632484203222,-2.112131793423644,2.112131793423644,0.2960829504845605,-5.004502996769588,-4.583246437012981e-05,6.034375346013799,2.8263932213710348,-3.207982124642764,0.5277347638663539,0.6386761092643446,0.8097698026802395,-1.9535972991673647,6919,1860,11180.84,0,613.630824702357,1040.1607280251817,4.0,4.0,5.4028066298001045,1.0,1.0,1861,6919,0.13079924844630728,0.12412681354110693,169.84000000000015,20.36999999999898,181.63000000000102,181.63000000000102,11.780000000000655,-0.010000000000218279,0.039999999999054126,8225.963063168208,6911.503363205422,0.0,0.0,0.0
1550491d,1,4563,5.477725579543691,4.777651181132298,1.065344474772532,1.065344474772532,-0.954685714588777,-10.092463142726046,-0.0019934310827886556,6.576958670742294,5.241800364509984,-1.3351583062323096,0.23592521503370634,0.05566513258820951,0.9071927614929657,5.612360774613455,4563,1365,11383.7,0,449.3379373309521,629.7561538007684,1.062790576560329,4.0,-29.509070698613773,0.9592373438527284,1.0,1366,4563,0.037256191102344946,0.040995607613469986,187.36000000000058,30.44999999999891,171.15999999999985,171.15999999999985,-16.200000000000728,0.0,0.049999999999272404,5770.543955863525,4553.823161487453,1.0,181.0,19768.62529977293
16e4a047,1,4131,2.053989668919288,1.655849047522397,0.436658987918327,0.436658987918327,0.0689703538700996,0.0937846105171047,-0.0007210552678798471,2.6291410567452744,2.071319097593369,-0.5578219591519056,-0.017329428674080827,0.0,0.27914785305642187,1.9256381160902107,4131,1552,12014.59,0,712.49541607262,938.409064227931,1.1257670502494443,2.056588526464561,-10.145345059862588,1.0,1.0,1553,4131,0.5727426773178407,0.4971023824855119,111.31999999999971,14.6200000000008,101.47999999999956,101.47999999999956,-8.5,-0.049999999999272404,0.06999999999970896,5201.781666048513,4122.758263505195,0.0,0.0,0.0
173ed841,1,4883,16.15853294862906,14.503665451427418,-14.491593844851295,14.491593844851295,-0.4664359550079098,-18.54095040935681,-0.0030150701741583873,18.082831444913257,16.184246496892506,-1.8985849480207513,-0.02571354826344674,0.3352447266024985,0.9258276122306234,-7.131807549730677,4883,1646,12724.83,0,551.9316743264486,806.639441960032,1.6210130875911708,4.0,-10.106617071927529,0.2383780462830227,1.0,1647,4883,0.38951464263772273,0.27443837279902855,173.6900000000005,45.279999999998836,183.29000000000087,183.29000000000087,9.610000000000582,0.010000000000218279,0.030000000000654836,6009.50248782406,4875.210988716356,1.0,3697.0,1256064.6440150314
177622d7,1,3154,2.443234689741355,1.9882872960654308,0.27988826120926874,0.27988826120926874,0.3729405298818165,-2.4599895333922177,0.0014170730535549088,4.002177732646448,2.440959142309641,-1.5612185903368072,0.002275547431714209,0.06467977171845275,0.21844855667909463,-1.954127407720045,3154,1544,12294.39,0,551.2436144755577,820.5938367124305,0.8942633102411566,4.0,-5.819164994791402,1.0,1.0,1545,3154,0.5630944831959417,0.28996763754045307,97.98999999999978,19.520000000000437,90.82999999999811,90.82999999999811,-7.180000000000291,-0.019999999998617568,0.040000000000873115,4376.47736736541,3150.629261116016,0.0,0.0,0.0
19871e7f,1,5293,4.998810948927653,4.008270399433127,3.9605050537359845,3.9605050537359845,-0.4734609486949921,2.137957538592673,0.0015437319215944496,6.941333858801607,5.008429245041981,-1.932904613759626,-0.009618296114328295,0.0,0.7081408527523293,-0.12420961080292964,5293,1858,12553.16,0,1044.5182801772987,1794.0048227428808,2.360562328867112,3.865030297891249,0.4616943360874121,1.0,1.0,1859,5293,0.14358586812771584,0.13394298009682626,176.72000000000116,17.349999999998545,170.7400000000016,170.7400000000016,-5.969999999999345,0.010000000000218279,0.029999999998835847,6750.166746788697,5285.477484627162,0.0,0.0,0.0
19fb4f7b,1,5620,9.549421517775611,8.707163829058862,-4.193228372495501,4.193228372495501,-2.8498664295748317,-5.254984384657291,-0.0030282943575703773,9.028745916032028,9.562004472870369,0.5332585568383408,-0.012582955094757153,0.0,0.6553183205542374,4.314764625098472,5620,2302,12766.14,0,642.1944973681778,1248.435205657719,1.6747853434586946,2.527939006818895,-14.643567565172493,0.5252669039145907,1.0,2303,5620,0.04306049822064057,0.02518454190186713,217.84999999999854,33.780000000002474,207.1999999999989,207.1999999999989,-10.68999999999869,-0.039999999999054126,0.050000000001091394,7129.575364733886,5613.3263394623245,2.0,2668.0,404463.0185113845
1a518997,1,4606,1.214126748643265,1.042356059918742,-0.9916239675813974,0.9916239675813974,1.0601381668111571,-1.8690312039016133,-0.00017334143190084634,4.331445897846794,1.2089426370470393,-3.1225032607997543,0.005184111596225671,0.5206252713851498,0.38510163109480355,-0.5925053206296989,4606,1937,11200.63,0,656.4905286829403,1011.4629781782731,4.0,4.0,7.34822669831509,1.0,1.0,1938,4606,0.4066435084672167,0.2708978328173375,156.34000000000015,14.720000000001164,141.61999999999898,-141.61999999999898,14.7400000000016,0.020000000000436557,-0.040000000000873115,5994.3535922682,4602.1648934061595,0.0,0.0,0.0
1b1eba53,1,4655,50.04096954935235,44.86689014473411,-44.79845180352931,44.79845180352931,3.185866548114064,-50.93119632581329,-0.015452933352888101,49.95407991275364,50.20517828480064,0.2510983720469966,-0.16420873544829107,0.0,1.1846640795951076,-8.839475891358733,4655,2054,12726.15,0,1617.7951484969117,2284.8308280536457,1.0877812433263792,3.795339473059225,19.34112827469889,0.0917293233082706,0.2758324382384532,2055,4655,0.16305048335123523,0.08856447688564477,105.70000000000073,98.88000000000102,65.44000000000051,-23.200000000000728,70.95000000000073,0.040000000000873115,-0.039999999999054126,6116.367928551779,4647.558549528853,1.0,4228.0,11647798.950430397
1d3fbf02,1,2694,3.6010201235671966,2.8323103284491093,0.4767071362959282,0.4767071362959282,-0.497119513225698,-4.804552694802624,-0.0030078019403529193,4.665195667866025,3.6327001111758754,-1.03249555669015,-0.03167998760867885,0.4532293986636971,0.5177401127492222,4.526712448981131,2694,1557,11761.8,0,1356.5184300349365,2003.609771643112,3.170554898289933,4.0,-4.216444792567662,1.0,1.0,1558,2694,0.3593170007423905,0.2811296534017972,68.19000000000051,15.229999999999563,62.909999999999854,-62.909999999999854,5.280000000000655,0.0,-0.010000000000218279,4057.024587776312,2692.1527761997277,0.0,0.0,0.0
1e30dedf,1,4071,12.25684314333353,10.390978139628523,-10.303852994977762,10.303852994977762,0.1079354814592079,-32.277986065861114,-0.00313387133567053,15.583877140328243,12.087804690626433,-3.49607244970181,0.16903845270709716,0.9223777941537705,0.862961731763335,-3.926424826888236,4071,1402,10651.68,0,3145.8813093195376,4680.416737964899,4.0,4.0,-30.87909711778573,0.5180545320560059,0.9658560550233358,1403,4071,0.4750675509702776,0.3791874554526016,263.7099999999991,25.049999999999272,263.89999999999964,263.89999999999964,0.15999999999985448,-0.030000000000654836,0.07999999999992724,5371.025697438086,4059.2455626139053,2.0,1962.0,531178.9715104806
1f9afacb,1,5328,2.5979421803053566,1.8925727026792314,1.3647903337686,1.3647903337686,-0.3158766766100598,0.1091214530551951,-0.000324453773417345,2.9435719838265473,2.302508028605243,-0.6410639552213042,0.29543415170011356,0.20439189189189189,0.49083322336595236,2.2289729592656986,5328,1725,11951.83,0,801.0892144142152,1030.7343473591934,3.0910502789301093,4.0,-2.105708582903025,1.0,1.0,1726,5328,0.44069069069069067,0.22769409038238703,152.14999999999964,7.539999999999054,154.1800000000003,153.14000000000124,0.9900000000016007,0.0,0.010000000000218279,6584.554187951315,5321.467157927423,0.0,0.0,0.0
1fdbba44,1,4911,2.447213927013165,1.9897415311642894,-0.04531316928907474,0.04531316928907474,-2.982970224611563,-3.709642079207697,-0.0008916558453476417,4.307916213611815,2.3985285632580924,-1.9093876503537226,0.0486853637550726,0.7139075544695581,0.5643809062018208,2.143701931039385,4911,1421,12803.78,0,618.1481839535198,872.7564626657021,4.0,4.0,11.282684271680404,1.0,1.0,1422,4911,0.19894115251476277,0.1751054852320675,242.0500000000011,17.770000000000437,242.38000000000102,242.0699999999997,11.269999999998618,0.010000000000218279,0.039999999999054126,6102.940405121017,4898.707022429446,0.0,0.0,0.0
2364716c,1,4316,3.2251242751460967,2.079485070737536,-1.9469429587004472,1.9469429587004472,0.8608241457786789,-0.6518795341908117,0.000440777244801785,5.206235768590767,3.517840205828694,-1.6883955627620733,-0.2927159306825975,0.0,0.5703471432530149,-2.897919864360297,4316,1776,10967.56,0,853.5596881441278,1750.1499012939885,2.002878536548004,3.808102216447955,25.26888340902724,1.0,1.0,1777,4316,0.293790546802595,0.23747889701744512,190.98999999999978,33.47999999999956,171.63999999999942,-171.63999999999942,19.020000000000437,0.0,-0.030000000000654836,5541.6174807754305,4309.516673456391,0.0,0.0,0.0
261785ee,1,3646,6.554426162964964,5.848369203427167,2.5088810346659804,2.5088810346659804,1.290214946224296,-0.1480330542017327,-0.0027935923984571957,7.693335199468923,6.846520478118963,-0.8468147213499604,-0.2920943151539994,0.5647284695556775,0.7665257009227943,7.600203180854221,3646,1865,11319.490000000002,0,929.4871769020624,1137.9472036633122,4.0,4.0,-23.07168220148997,0.9533735600658256,1.0,1866,3646,0.37602852441031265,0.2427652733118971,171.6999999999989,37.47999999999956,143.49999999999818,143.49999999999818,-28.200000000000728,0.0,0.040000000000873115,4877.554491669424,3640.4426213993665,1.0,162.0,16579.031319370744
27c3155b,1,4958,3.9730615068389628,3.0973914786794237,-0.8352367971172306,0.8352367971172306,2.8969035933005216,-7.267746518949934,0.001050766747181751,3.6263164305991062,3.629713189951487,0.003396759352380929,0.3433483168874756,0.0,1.4203904305531923,-3.4395621800072007,4958,1982,12756.02,0,374.9177734184692,647.5071785311017,0.9644531393352672,2.750005697068683,-23.06615816436224,0.973981444130698,1.0,1983,4958,0.03448971359419121,0.030761472516389308,99.75,24.76000000000022,118.52999999999884,-117.97999999999774,-18.19999999999891,0.029999999998835847,-0.019999999998617568,6246.396024528654,4954.724785253007,1.0,129.0,15685.237791544245
2ab29395,1,1852,1.7682467580554213,1.335868610453818,0.31282236184724416,0.31282236184724416,0.0301173752959584,-4.275008398179125,-0.001534964578513859,1.7619173997763797,1.761917399776768,3.8835601401387976e-13,0.006329358278653219,0.0,0.059450836979719555,1.7334320792618203,1852,1472,12213.59,0,605.5922546150031,796.4871466788402,1.3642720870463233e-12,3.545643708940923e-12,-2.7622967286433284,1.0,1.0,1473,1852,0.35853131749460043,0.22267481330617786,48.649999999999636,7.020000000000437,47.06999999999971,-47.06999999999971,1.5799999999999272,0.0,-0.029999999998835847,3189.996654235235,1850.1643167297204,0.0,0.0,0.0
2acc78d4,1,4266,12.023479953906245,9.064109069048191,-9.053858736497578,9.053858736497578,0.8868972129384929,-12.037600067085805,-0.005450550694360949,14.81476517964793,11.7673735800154,-3.0473915996325296,0.25610637389084445,0.7815283638068449,0.7321999604088584,2.5694406192271444,4266,1842,11861.61,0,769.6376479387728,1314.0681651460063,4.0,4.0,-10.327637377365608,0.6204875761837787,1.0,1843,4266,0.6819034224097515,0.40477482365708084,141.64999999999964,33.02000000000044,123.67000000000007,-123.67000000000007,5.510000000000218,0.0,-0.030000000000654836,5551.141101526478,4260.1410325246015,1.0,1619.0,582689.607717478
2bff06cf,1,7624,14.327876530054846,11.130686523482074,-10.809266824073228,10.809266824073228,6.175588018064445,0.4646590092215774,-0.003151371708181456,12.777789289807192,13.945545228948852,1.16775593914166,0.3823313011059941,0.047875131164742915,1.9632916211681448,1.2021864416603862,7624,1549,11004.13,0,1674.9141384335787,2048.8645431617474,2.289111621479915,4.0,16.707479181663054,0.5486621196222455,1.0,1550,7624,0.5001311647429171,0.3554838709677419,355.4499999999989,44.47999999999956,369.34999999999854,369.34999999999854,13.950000000000728,0.050000000001091394,0.0,8651.292235414829,7593.855756998673,1.0,3441.0,1469168.6468831776
2c0c4a4e,1,4790,3.8497913727513606,3.4809290892932214,3.4809290892932214,3.4809290892932214,1.6026855481286475,4.055250113166039,0.0008379247810603423,5.4131823987383045,3.9955375308125074,-1.4176448679257971,-0.14574615806114677,0.04405010438413361,0.6457911120939139,1.4745182010442328,4790,1928,10963.62,0,1052.821255223086,1620.4595966653865,1.6147658302201702,4.0,18.19648500705514,1.0,1.0,1929,4790,0.04676409185803758,0.0658372213582167,169.6900000000005,20.0,156.6899999999987,-156.6899999999987,12.659999999999854,0.00999999999839929,-0.020000000000436557,6236.391906438983,4783.859546401759,0.0,0.0,0.0
2d9f6cb9,1,7338,3.867422159585277,3.178132376723593,1.5760046287040042,1.5760046287040042,-0.8004851808364037,-5.509632379500545,-0.00011954437490786898,4.8652836046800685,3.8169371619621413,-1.0483464427179272,0.05048499762313563,0.10002725538293814,1.0095691524489894,2.014553168053522,7338,1288,12523.69,0,572.7772120118901,719.4061627831277,2.828714402580035,4.0,15.571859109546637,1.0,1.0,1289,7338,0.036249659307713275,0.0504266873545384,201.0599999999995,19.520000000000437,212.98999999999978,212.98999999999978,11.949999999998909,0.019999999998617568,0.0,8529.89255915788,7330.765090664169,0.0,0.0,0.0
2ddad940,1,5331,5.267322636923284,4.503128667067796,2.8566307730611364,2.8566307730611364,3.302177848925566,4.972600079447147,0.002399290462733038,5.953327832006217,5.3493979688640385,-0.6039298631421781,-0.08207533194075456,0.09529169011442506,1.2142463300414112,-3.5374783101224088,5331,1480,11701.37,0,898.9064032062698,1522.840088059187,1.667850239897937,4.0,-0.358349549020609,0.969424123053836,1.0,1481,5331,0.1637591446257738,0.1262660364618501,190.26000000000022,24.710000000000946,197.61000000000058,-197.61000000000058,-7.350000000000364,0.0,-0.030000000000654836,6418.258260296327,5321.843282040437,1.0,163.0,17898.20454413321
2fd68f7b,1,4730,8.022611818383128,7.129466531505938,-5.596044934375199,5.596044934375199,2.592362531240724,-2.943773113656789,-0.0007035047217085865,11.031395990827503,8.285004315238002,-2.7463916755895017,-0.26239249685487387,0.7507399577167019,0.8776408235065416,-3.932608019895246,4730,1650,10810.63,0,841.9637977077474,1203.915304298993,4.0,4.0,55.810678238630025,0.7095137420718816,1.0,1651,4730,0.6139534883720931,0.41550575408843127,250.07999999999993,75.98999999999978,186.3100000000013,-186.3100000000013,63.76000000000022,-0.00999999999839929,-0.029999999998835847,5852.524667651174,4718.142045106243,2.0,1372.0,170917.0136967545
30d75030,1,3404,5.997073039751624,5.297846233463905,-4.276267604389102,4.276267604389102,-1.1174182467038918,9.358834224731254,0.002317286652484223,6.140116768842986,6.147862503058261,0.007745734215275135,-0.15078946330663712,0.19242068155111633,0.514284177263203,-8.219130843591005,3404,1604,10885.83,0,780.8279621815367,908.2047424590128,1.985894348629667,4.0,-29.716211962847865,0.9571092831962396,1.0,1605,3404,0.19829612220916568,0.12398753894080997,166.11999999999898,53.39000000000124,119.3799999999992,119.3799999999992,-45.95000000000073,0.05999999999949068,0.0,4756.182101402191,3396.6733570511597,1.0,146.0,16804.8521309871
310c71a5,1,5245,3.482908048005042,2.7213860282318385,1.5002930689100034,1.5002930689100034,-0.0541876397928717,7.759942983117071,0.001474795778666453,4.916517043677165,4.091885680562387,-0.8246313631147775,-0.6089776325573455,0.25910390848427073,0.9824826778898412,-2.3666214627534368,5245,1742,11182.06,0,1027.28953917599,1209.8630184652284,2.6460814847594016,4.0,0.276809642212827,1.0,1.0,1743,5245,0.16244041944709248,0.05163511187607573,206.4399999999987,34.38999999999942,192.21999999999935,192.21999999999935,-14.219999999999345,0.0,0.040000000000873115,6507.125629916718,5235.707255615014,0.0,0.0,0.0
368fe682,1,4936,3.618632502187271,2.960044271154899,0.5065836824014213,0.5065836824014213,1.426702735834624,-4.537187266532783,0.0009833674464296768,3.902388624619582,3.4828977504437537,-0.4194908741758283,0.13573475174351746,0.29355753646677474,1.0560523341692234,-1.9198754916638057,4936,1479,11280.87,0,870.8465492841749,1047.2806915645206,2.393714209999559,4.0,10.42903348882753,1.0,1.0,1480,4936,0.03606158833063209,0.03783783783783784,150.85999999999876,28.6399999999976,161.64999999999782,161.64999999999782,10.789999999999054,0.0,0.040000000000873115,6108.915281871727,4927.340601023919,0.0,0.0,0.0
37d36812,1,4367,3.3328952215284735,2.85742445567303,-1.7331573128847273,1.7331573128847273,-1.2353146955283592,-5.85553821508438,-0.0018086810343462888,2.8541790700812113,3.5669534339399718,0.7127743638587605,-0.23405821241149827,0.01717426150675521,0.9031016701927472,2.21519338509322,4367,1649,12209.81,0,543.424143855225,971.5478553836738,0.6026667735892548,4.0,22.211271401142472,1.0,1.0,1650,4367,0.2518891687657431,0.16242424242424242,101.09000000000015,33.92000000000007,128.87000000000262,128.87000000000262,32.63000000000102,0.0,0.029999999998835847,5534.823222641231,4361.565142858666,0.0,0.0,0.0
39b51819,1,4231,1.1178001407187705,0.917933598220859,-0.07759544820969569,0.07759544820969569,0.0803647797747544,0.2776857951866986,0.0003222500007022728,2.8123081133117855,1.0203409201036502,-1.7919671932081354,0.09745922061512036,0.20042543134010873,0.7549277945834852,-0.7591541996950029,4231,2150,10982.86,0,1126.1232441549116,1443.6100127285054,1.1244296985327518,4.0,1.6539385993229434,1.0,1.0,2151,4231,0.5582604585204444,0.47419804741980476,162.59000000000015,10.319999999999709,163.76000000000022,163.76000000000022,1.180000000000291,0.010000000000218279,0.040000000000873115,5867.381390287448,4223.391578009347,0.0,0.0,0.0
3ef98781,1,3892,3.0906280669541926,2.6752319395129165,2.3242503198234097,2.3242503198234097,0.0574777465662919,-1.7690030385074351,0.00025670438971144515,4.545939529735795,3.256989798919529,-1.2889497308162663,-0.16636173196533655,0.1223021582733813,0.7186785269606357,1.8248319296397946,3892,1450,11963.61,0,491.4070723187561,742.7439252020118,1.59558763965343,4.0,1.223665893041721,1.0,1.0,1451,3892,0.03802672147995889,0.042729152308752585,105.78000000000065,19.590000000001965,102.17999999999847,102.17999999999847,-2.650000000001455,-0.039999999999054126,0.05999999999949068,5058.015553568856,3889.0620878560667,0.0,0.0,0.0
42c538a1,1,3279,12.625905661120632,10.311476280649071,-9.727582277734683,9.727582277734683,3.9677782371691137,2.6725125860466505,0.0015698000264591323,13.046131752618551,12.768711096386506,-0.2774206562320458,-0.14280543526587408,0.6151265629765172,1.0628526162041843,-12.300484521101202,3279,1482,11283.46,9,2510.0353152347598,2891.8007237790807,4.0,4.0,19.17130719592168,0.494967978042086,1.0,1483,3279,0.24306190911863373,0.18543492919757248,57.1200000000008,42.38999999999942,56.00000000000182,56.0,19.960000000000946,-0.019999999998617568,0.030000000000654836,4544.650727191627,3275.6828386308557,1.0,1656.0,487992.7816257623
43c7f85a,1,5978,4.81705970443623,4.110135532854107,0.9980333733157392,0.9980333733157392,1.1986518100547985,-3.449725631986439,0.0005143238559520058,5.110354104340179,5.006063705093932,-0.10429039924624739,-0.18900400065770206,0.11625961860153898,0.762440330976959,-0.5390234701968313,5978,1505,10976.95,0,1171.87293992346,1374.5220790968538,0.7029291775477992,4.0,-9.206514676985222,1.0,1.0,1506,5978,0.5043492806958849,0.4216467463479416,210.13999999999942,24.270000000000437,218.59000000000015,-218.59000000000015,-8.450000000000728,0.0,-0.020000000000436557,7168.3115231061365,5971.16260000533,0.0,0.0,0.0
4463446c,1,3256,11.039665972504215,8.725177690516594,-8.652673340843137,8.652673340843137,0.4028439028734283,-8.777567789675231,-0.006700437923397865,12.40332079553455,11.073798344349077,-1.329522451185472,-0.034132371844862064,0.0,1.0567312499405996,2.252289379486888,3256,1472,10510.78,0,2600.7572757181,4556.243352864989,1.523315086397152,2.598191391050386,8.051884783341997,0.5795454545454546,1.0,1473,3256,0.1977886977886978,0.16768499660556688,149.40999999999985,32.3700000000008,126.94000000000051,-126.94000000000051,21.31999999999971,0.010000000000218279,-0.049999999999272404,4549.139576107424,3249.081762667755,1.0,1369.0,359545.44606139837
4630ab92,1,3373,4.05801795056748,3.1004129632913275,2.9334029512364084,2.9334029512364084,-0.3836404276844405,-2.570711995706006,0.0013544108026554318,6.812044033954431,4.079000799755549,-2.733043234198882,-0.020982849188068364,0.41861844055736736,1.2330611873581405,0.6498663379593513,3373,1933,12026.36,0,823.6502185395613,1353.8848839633142,3.05515081196479,4.0,-2.187900665872085,0.9872517047139046,1.0,1934,3373,0.27334716869255854,0.19751809720785937,101.81999999999971,24.340000000000146,95.34999999999854,95.34999999999854,-6.470000000001164,0.0,0.020000000000436557,4728.137002599573,3366.682614592484,0.0,0.0,0.0
46d41ff6,1,7901,6.810480250458804,6.334442381784908,-6.334442381784908,6.334442381784908,-2.985390805026327,-13.0309192327677,-0.0002885460345318978,9.399404088082735,6.729520310533884,-2.6698837775488506,0.08095993992492012,0.5973927350968232,1.3979678975227499,-5.194685545383911,7901,1324,12061.59,0,1129.7562777541932,2964.3164793674687,4.0,4.0,-6.057282036056181,0.9039362106062524,1.0,1325,7901,0.3350208834324769,0.14113207547169812,266.1800000000003,24.86999999999898,255.72000000000116,-255.72000000000116,10.459999999999127,0.0,-0.020000000000436557,9013.028830069903,7889.877196008809,2.0,759.0,101369.96427867262
481de5fc,1,5952,3.8609226676326602,3.0229341724455008,0.12584341444768088,0.12584341444768088,-1.0042291228110116,3.4650046986462257,-0.0011666878179353653,5.393486186518875,3.9402198964200856,-1.4532662900987896,-0.0792972287874254,0.33518145161290325,1.0028892021387597,3.5973230167143604,5952,1741,12071.51,0,986.7471234440126,1164.416554438302,2.9550443677297604,4.0,-18.52884849380959,0.976478494623656,1.0,1742,5952,0.37163978494623656,0.2462686567164179,203.34999999999854,24.31000000000131,181.5699999999979,181.5699999999979,-21.780000000000655,0.0,0.040000000000873115,7171.708835375342,5943.293577622005,1.0,140.0,15265.99282836102
48c1f673,1,2917,24.377572528080425,22.2620321250614,-22.252054265860608,22.252054265860608,0.7702374195541779,-10.840875889740346,-0.006065820945216006,24.15881574485321,24.21095254613311,0.05213680127990017,0.16661998194731353,0.0,0.8207427072341179,-13.408087327735666,2917,1748,10854.43,0,3190.3498476850496,5030.642413024939,0.7294950105038862,1.516042244265666,1.893041458296308,0.1484401782653411,0.5039424065821049,1749,2917,0.03599588618443606,0.148084619782733,170.1999999999989,28.639999999999418,179.92999999999847,179.92999999999847,9.729999999999563,0.0,0.06000000000130967,4100.3697895194,2910.70478901589,1.0,2484.0,1721355.0813867243
4c2208f5,1,5384,6.80787494334492,5.115085316204059,4.552141907328763,4.552141907328763,-3.91562341999088,4.75101038376306,-0.00012501454625286063,8.35176844026774,6.699179662658731,-1.652588777609009,0.10869528068618894,0.2436849925705795,0.6886604305917468,4.888618558568337,5384,1863,12672.98,0,726.9858176397908,1091.0033429482787,2.134323309649871,4.0,38.87253689000402,0.8358098068350669,1.0,1864,5384,0.037704309063893014,0.038090128755364806,44.31999999999971,49.77000000000044,81.63000000000284,76.28000000000065,32.02000000000044,0.020000000000436557,0.020000000000436557,6785.908201568979,5380.316814705152,1.0,884.0,163198.50583743877
4cecf7b3,1,6019,3.912041269395631,3.2911986126949118,-2.69179195126445,2.69179195126445,-0.3070657896569173,-2.124697314213336,-5.9083125123477114e-05,7.456951692095002,5.026236617901546,-2.430715074193456,-1.1141953485059148,0.49327130752616716,1.6511548143216979,-2.514010827767908,6019,1656,12052.16,0,717.129437200714,1342.289618822867,3.93997570027043,4.0,-18.83788727436789,0.9930220966938028,1.0,1657,6019,0.48297059312178103,0.35546167773083887,205.03000000000065,30.23999999999978,187.28000000000065,187.28000000000065,-17.729999999999563,0.020000000000436557,0.0,7357.189921046297,6009.640799523658,0.0,0.0,0.0
4f4ac5ce,1,5162,5.113833477865108,3.769347106918669,3.3156925833822215,3.3156925833822215,-0.3162603796154144,10.204508693657772,0.0012700302748934662,4.3054508399805345,5.217207970561811,0.9117571305812762,-0.10337449269670262,0.16737698566447112,0.9294427744897842,0.0383794590196335,5162,1736,11197.18,0,1077.3100397286053,1403.618489351706,1.449727882121056,4.0,18.40011538993732,0.8994575745834947,1.0,1737,5162,0.5984114684230918,0.4525043177892919,144.0500000000011,25.3799999999992,157.65000000000146,157.65000000000146,13.600000000000364,0.0,0.039999999999054126,6525.576417066495,5155.052967215682,1.0,409.0,50432.35019091246
52f1e77a,1,4442,3.808416771321583,3.3442522101109455,2.1059760148931583,2.1059760148931583,-1.0942754420048004,-3.9642920606565895,0.0014843248438070032,4.223505198554164,4.132987915746126,-0.09051728280803761,-0.32457114442454316,0.15285907248986944,1.188272995294635,-1.1899673007802942,4442,1610,12024.5,0,661.99497056235,817.5373162429656,2.9971807218689843,4.0,16.1187227306835,1.0,1.0,1611,4442,0.062359297613687525,0.055865921787709494,124.67000000000007,22.950000000000728,103.79999999999927,-103.51000000000022,21.25,0.09000000000014552,-0.06999999999970896,5813.727309134199,4437.602765469259,0.0,0.0,0.0
53134831,1,5126,7.715910048665487,7.049766674176675,7.049766674176675,7.049766674176675,0.4676061670561466,5.0920298500768695,0.0010919116330806245,10.256508046274876,7.667060806676625,-2.5894472395982504,0.048849241988861536,0.2276628950448693,0.4931418531318945,4.251743114407577,5126,2087,12206.570000000002,0,780.0743300800973,1046.6045055559891,3.156652601871312,4.0,-11.527403794070416,0.7910651580179477,1.0,2088,5126,0.5793991416309013,0.428639846743295,94.32000000000153,22.31000000000131,112.48999999999978,-112.48999999999978,-19.200000000000728,-0.040000000000873115,0.0,6595.220567046814,5119.718692936111,1.0,1071.0,151669.3489639624
5567d551,1,6889,4.1163177753954505,3.158424171704546,1.5930346764226757,1.5930346764226757,-1.1807683157148858,-10.65703555255459,-0.00038400184456241656,4.4939406354336215,4.153825224487727,-0.34011541094589415,-0.03750744909227688,0.0,0.7742935691581607,2.915537029095638,6889,1500,11415.03,0,654.856248901268,2055.888030201085,0.4397329506793282,2.3780002703780454,-0.5956213111148827,0.9869356945855712,1.0,1501,6889,0.6619248076643925,0.5316455696202531,253.27000000000044,38.79000000000087,267.4400000000005,267.4400000000005,14.170000000000073,0.0,0.039999999999054126,8054.34007845972,6878.095380088969,0.0,0.0,0.0
57796579,1,5890,7.051320785039616,5.755839029282124,5.755839029282124,5.755839029282124,0.4330391857329232,5.407818575475176,8.499910140608462e-05,8.687948709510783,7.562088052825197,-1.1258606566855862,-0.5107672677855808,0.06485568760611206,1.3248565151712772,5.505559175191911,5890,1731,11192.64,0,932.4281428212774,2910.8614006208577,2.5955478269899865,4.0,24.7000247117939,0.7307300509337861,1.0,1732,5890,0.06723259762308999,0.05600461893764434,236.9499999999989,29.269999999998618,257.3899999999994,257.3899999999994,20.38000000000102,-0.05999999999949068,0.11000000000058208,7113.391992664174,5880.404809747424,1.0,1586.0,214164.20738679817
593876b6,1,4842,2.324787415240664,1.9553095974739179,1.2748858860649852,1.2748858860649852,1.8713060510144717,3.735791556229742,0.000577543242344869,3.317906290571644,2.067277879768989,-1.2506284108026549,0.25750953547167477,0.10057827344072698,0.6855671267126575,-0.12305753203077056,4842,1523,11369.77,0,381.1359191945584,637.7570467856355,0.4916015017010573,4.0,-3.438098887267136,1.0,1.0,1524,4842,0.03593556381660471,0.0557742782152231,161.09000000000015,28.850000000000364,172.78999999999905,-172.78999999999905,-11.659999999999854,0.039999999999054126,-0.05999999999949068,6056.349260124316,4837.021626341815,0.0,0.0,0.0
5aa03df7,1,4871,5.3815505508635395,4.38678349122536,-3.8933949819290268,3.8933949819290268,-6.422635326120144,-14.859892823204063,-0.0007652133842920813,4.190796466412545,5.393564228027331,1.202767761614786,-0.012013677163791314,0.1233832888523917,1.6213895625624561,-2.0301003911778093,4871,1880,11330.0,0,1655.4675446230167,2218.2504143694573,2.1257674127407107,4.0,11.893217723066524,0.92096078833915,1.0,1881,4871,0.3319646889755697,0.14992025518341306,175.4400000000005,40.840000000000146,146.52000000000044,-146.52000000000044,28.920000000000073,0.0,-0.020000000000436557,6108.72801440742,4863.280811314707,2.0,385.0,48510.827051891094
5bd25f59,1,4210,11.191199153161781,9.879887060630423,-9.877197999156266,9.877197999156266,0.1800642780890484,-0.8676679459749721,-0.0019116739502653534,15.5762951215565,12.021946623270805,-3.5543484982856945,-0.8307474701090243,0.9453681710213777,1.3790616708599246,-5.854080170822827,4210,1909,10803.98,0,2689.9191163767973,4946.72233101895,4.0,4.0,-10.08990646580006,0.4076009501187648,1.0,1910,4210,0.021852731591448932,0.0387434554973822,270.21999999999935,12.709999999999127,262.4499999999989,262.4499999999989,-7.75,0.020000000000436557,0.040000000000873115,5512.3205099753195,4199.562406465717,1.0,2494.0,479434.4605066981
5d11dfb5,1,5895,5.644811463641256,3.9071330623854923,-0.036865774523447324,0.036865774523447324,2.8870275123517786,21.1070407816278,0.0014148577256649915,5.846255857685096,5.642572170524864,-0.20368368716023166,0.002239293116391927,0.0,1.0336570952243254,-4.206451492058176,5895,1747,12220.12,0,603.8055442356521,778.8282256058977,1.5662940515766344,3.699121551812362,-5.675719875820956,0.9306191687871076,1.0,1748,5895,0.495843935538592,0.2242562929061785,239.76000000000022,46.04999999999927,215.0,215.0,-24.770000000000437,-0.010000000000218279,0.040000000000873115,7121.3610023603205,5883.287086017498,1.0,409.0,113147.42498246703
5eae34a8,1,4904,2.9302862744436045,2.257179776116359,1.196780680646434,1.196780680646434,0.5731463118136162,3.616670435254491,0.000879245656190653,4.49792931386605,3.0697558796474365,-1.4281734342186132,-0.139469605203832,0.08299347471451876,0.6514270129018331,-0.9586900455049527,4904,1747,10895.45,0,934.4178725413468,1811.446412677238,1.5181751935274836,4.0,0.2474752821008565,1.0,1.0,1748,4904,0.4641109298531811,0.43135011441647597,142.89999999999964,25.80999999999949,148.92999999999847,-148.92999999999847,-6.010000000000218,0.019999999998617568,-0.050000000001091394,6154.583558484886,4899.712359884081,0.0,0.0,0.0
5fb1c15f,1,2860,9.011411334825572,8.243962760226225,-8.128511084125408,8.128511084125408,1.3627014522808167,-7.387531901571492,-0.003423475036450459,5.87441010217571,9.0929214366289,3.218511334453191,-0.08151010180332818,0.46923076923076923,0.47849413042164357,-3.2346535195194748,2860,1996,11012.240000000002,0,1048.9749803736383,1239.3446584586172,3.835899008913046,4.0,7.237159311032345,0.622027972027972,1.0,1997,2860,0.5237762237762238,0.3925888833249875,136.67000000000007,23.92000000000189,151.04999999999927,151.04999999999927,14.389999999997599,0.00999999999839929,0.040000000000873115,4416.665085083793,2850.993483331723,2.0,1080.0,132129.48810930905
633774dc,1,6233,8.417684155494765,7.062655854867492,-6.587481933895533,6.587481933895533,-0.9882843892173696,-19.20048272144777,-0.002145393591803019,9.333542984804193,8.372618917472105,-0.9609240673320887,0.04506523802266038,0.0,0.49546934750071925,0.09756449816266907,6233,1738,11153.89,0,881.5769145825643,1452.997016721014,0.9854303899445284,3.2080351028447462,11.098872485587524,0.6358094015722766,1.0,1739,6233,0.3641905984277234,0.2282921219091432,208.4300000000003,42.76000000000022,239.39000000000124,239.39000000000124,30.970000000001164,0.010000000000218279,0.020000000000436557,7484.718457596818,6225.280795112939,2.0,2270.0,312277.65234991524
65156b96,1,3221,6.67361101276583,4.481763133450163,-3.6827637703102396,3.6827637703102396,-0.52038039720901,-24.18378044351084,-0.004781356758576113,6.448800904158599,6.651310669488638,0.2025097653300394,0.022300343277191992,0.0,0.21094580749692263,4.0152206109973,3221,1824,11031.26,0,1019.0068647953988,1832.154793092219,1.246722710034957,1.4314977739806711,1.1434823862793575,0.8919590189382179,1.0,1825,3221,0.050294939459795095,0.04547945205479452,190.1900000000005,31.790000000000873,165.1299999999992,-165.1299999999992,25.06000000000131,0.0,-0.049999999999272404,4509.6101884895925,3214.006007850434,1.0,348.0,101722.0276160041
656a067b,1,3051,5.288923603761732,4.5900949943508556,-1.0238070931867356,1.0238070931867356,-0.0720346899379364,-6.395349435566459,0.002474184920373673,6.7382978416858785,5.427999725364296,-1.310298116321582,-0.13907612160256466,0.0,0.461638665530429,-4.796939096756587,3051,1844,11020.21,0,477.3113231947131,534.5659933999265,1.853457411516191,3.305263024774762,1.8531932528266168,0.978695509668961,1.0,1845,3051,0.20419534578826615,0.17127371273712738,127.14000000000124,39.61000000000058,127.45000000000073,127.45000000000073,2.2000000000007276,0.09000000000014552,0.0,4388.532001292166,3040.682987257839,0.0,0.0,0.0
698930d1,1,4741,1.3541242099477457,1.1739608682779252,-0.2944935338809988,0.2944935338809988,0.6533770016121707,0.4945650901390763,-0.00023649849757246272,2.1440668310687134,1.4182356126254139,-0.7258312184432996,-0.06411140267766813,0.08774520143429657,0.4273631006451564,0.2660079053657382,4741,1756,11032.97,0,375.4767134260651,556.2366332102415,1.63073341299568,4.0,23.206498943219,1.0,1.0,1757,4741,0.1489137312803206,0.03471826977803073,150.96000000000095,30.23999999999978,176.4900000000016,176.4900000000016,25.530000000000655,0.0,0.049999999999272404,5936.284209258563,4734.237150566244,0.0,0.0,0.0
69c1bdad,1,2714,8.391039684214078,6.171761656718008,5.893695567954579,5.893695567954579,-0.8647416171752411,22.766799124065077,0.0026777932454686176,8.857162595258819,8.448814023033124,-0.40834857222569454,-0.05777433881904592,0.02468680913780398,0.5202078808395201,2.261269030476399,2714,1930,11414.38,0,788.8795254189915,1028.5121094326785,0.4398282733289306,4.0,4.874744407643712,0.8275607958732498,1.0,1931,2714,0.4086219602063375,0.3158984981874676,89.47999999999956,33.32000000000153,71.56999999999971,71.56999999999971,-17.959999999999127,-0.049999999999272404,0.07000000000152795,4237.433840000613,2709.6686449270273,1.0,414.0,127436.04536006536
6d1d74e1,1,5830,4.673644123399382,3.902813558395006,-2.098448559325397,2.098448559325397,2.028611816027478,-3.9814991135954183,0.001699495666180895,5.348878568155636,4.345198561291001,-1.0036800068646352,0.3284455621083806,0.03018867924528302,1.0875728167668763,-7.051628678409617,5830,1485,10962.94,0,1254.3839414230638,1787.471596152083,1.6927954025626164,4.0,-20.01160057134755,1.0,1.0,1486,5830,0.307032590051458,0.24024226110363392,261.6800000000003,39.97999999999956,283.3700000000008,-283.3700000000008,-21.69000000000051,0.0,-0.05999999999949068,7058.0170661808315,5821.349369149626,0.0,0.0,0.0
7224331b,1,6063,5.473001127523559,4.261549555002265,3.1348613494340314,3.1348613494340314,0.171110532943203,7.045891334206317,0.0020951689528062012,4.946410934961247,5.319215947268459,0.37280501230721175,0.1537851802550998,0.39040079168728353,1.1851287893041405,-3.2155957465215654,6063,1502,12174.79,0,1114.0904917683754,2061.889260272109,2.899019559934941,4.0,0.6219319814691249,0.8941118258287977,1.0,1503,6063,0.7085601187530925,0.614105123087159,243.8099999999995,17.079999999999927,234.5699999999997,234.5699999999997,-9.260000000000218,-0.020000000000436557,0.07000000000152795,7292.178681383262,6049.855313881498,2.0,603.0,70246.80775916668
727a3a10,1,4397,7.164805838529614,5.466200602813924,5.421582942163383,5.421582942163383,-1.4351662282788311,1.1633078435534117,9.222830073087697e-05,6.228006807074238,6.970593990287822,0.7425871832135833,0.1942118482417925,0.0,0.5208800419756715,5.218865137156912,4397,1944,12738.23,0,1180.0628313038678,2026.0382800740667,0.6845411836243184,2.1161050682182965,-7.78088027277204,0.7302706390720947,1.0,1945,4397,0.3297702979304071,0.14652956298200515,18.600000000000364,18.51000000000022,21.350000000000364,-0.7800000000006548,-9.209999999999127,-0.039999999999054126,0.039999999999054126,5832.452265235292,4387.178561308096,1.0,1186.0,167100.8534270348
729665c0,1,4263,6.062404916722908,4.628617372376987,-4.241441295987478,4.241441295987478,2.915888300061852,-14.50095899390908,-0.0027424292418150053,6.764599845692824,6.05765275139306,-0.706947094299764,0.004752165329848346,0.23340370631011026,1.1737910501630104,1.6026754183202998,4263,1511,11859.08,0,781.3472173751643,1139.246067208934,1.918352003083996,4.0,0.2533694309432863,0.8594886230354211,1.0,1512,4263,0.555008210180624,0.036375661375661374,168.88999999999942,25.81999999999971,152.40999999999985,-152.40999999999985,14.340000000000146,-0.05999999999949068,0.020000000000436557,5416.706739717525,4255.701515120673,2.0,599.0,85329.84919238588
74b6186b,1,3405,1.2448960450972804,0.9652995336057069,-0.8487620430515764,0.8487620430515764,-0.0833391368159937,-3.3852813592384337,6.907387095638994e-05,2.040647059536101,1.3089188337170503,-0.7317282258190505,-0.06402278861976995,0.0,0.2492534510827831,-0.9663257714193519,3405,1742,10800.5,0,741.3836647276963,1021.9820087579584,0.7694583064912994,1.4710630767501636,5.791687430457702,1.0,1.0,1743,3405,0.6405286343612335,0.5628227194492255,134.75,11.069999999999709,143.85999999999876,143.85999999999876,9.670000000000073,0.030000000000654836,0.0,4643.04390759007,3400.4480530218275,0.0,0.0,0.0
77b0d905,1,4174,5.6455027522594765,5.195439839764034,-5.195439839764034,5.195439839764034,-0.6921064627022133,-9.698579488533142,-0.0014294902713648885,9.269486503417287,5.693473833173567,-3.5760126702437205,-0.04797108091409008,0.8696693818878773,0.4607478972939923,-2.212808388561195,4174,1748,12205.98,0,781.3239533795664,911.3202152509656,4.0,4.0,2.112982175722594,1.0,1.0,1749,4174,0.25563009103977,0.16123499142367068,121.57999999999993,19.529999999998836,131.54999999999927,131.54999999999927,15.140000000001237,0.040000000000873115,-0.030000000000654836,5428.308479119654,4168.448083327789,0.0,0.0,0.0
77e4821c,1,5393,9.493109755815494,8.74718515200973,8.743310410794779,8.743310410794779,-0.8243949678744684,7.768412558962154,-0.0004295927037785612,9.35892520868618,9.80363428312912,0.4447090744429403,-0.31052452731362656,0.024661598368255145,1.2886521463096445,9.901492340181779,5393,1146,11183.9,0,1348.4790766728988,1694.3664971387989,1.4465201844668658,4.0,32.95370345767127,0.632486556647506,1.0,1147,5393,0.632857407750788,0.3714036617262424,133.20000000000073,40.23999999999978,109.61000000000058,-109.61000000000058,20.26000000000022,0.0,-0.049999999999272404,6281.546609116156,5382.258069490861,3.0,1895.0,299242.3416414437
7987f2f2,1,3705,5.305608482772463,3.989439494983121,3.1731058179721785,3.1731058179721785,-1.7551608641751957,-7.500585519999731,-0.0018321563520245954,6.072544154826627,5.639939701419489,-0.43260445340713805,-0.33433121864702553,0.08879892037786774,1.2523294399034122,6.566259381921727,3705,2008,12222.97,0,805.9189824814484,931.9851482856678,0.970806373118596,4.0,7.556046917126743,0.9271255060728744,1.0,2009,3705,0.46180836707152495,0.42458934793429565,189.21999999999935,42.52000000000044,176.76999999999862,-176.76999999999862,12.44000000000051,-0.010000000000218279,-0.050000000001091394,5076.907832921115,3694.7119851216803,1.0,270.0,33895.70161780173
7bb17b96,1,3922,4.9806492358893015,4.409919659289867,-4.348914549250348,4.348914549250348,1.9924504027148944,-1.7514331562870211,-0.0013355499112468305,7.181931232779904,5.0407579239715625,-2.141173308808342,-0.060108688082261,0.014788373278939317,0.5746643141691544,-1.730568948250936,3922,1372,12009.45,0,815.0512584651219,1537.6641316380733,1.949897948718897,4.0,6.51695097427603,1.0,1.0,1373,3922,0.4474757776644569,0.3408594319009468,167.17000000000007,31.090000000000146,154.01000000000022,-154.01000000000022,13.149999999999636,-0.010000000000218279,-0.020000000000436557,4990.64606119357,3909.8500185685693,0.0,0.0,0.0
7cbbd047,1,5121,5.463747950936451,4.49461979053678,-0.6899030517776904,0.6899030517776904,-0.7892005160647386,-8.678202583267193,-0.0021525716252499176,4.945017263908429,5.73864273914682,0.7936254752383904,-0.2748947882103687,0.0,0.7431341503833266,4.820680308862098,5121,1668,12014.6,0,920.6237211939704,1453.6140454052447,1.3597640679639778,2.7942107579253435,12.028628607544134,0.9910173794180824,1.0,1669,5121,0.16637375512595196,0.10665068903535051,261.6900000000005,30.899999999999636,241.28999999999905,-241.28999999999905,20.43000000000029,0.029999999998835847,-0.09000000000014552,6292.642849140619,5109.67799715389,0.0,0.0,0.0
7d57c75d,1,4405,7.010548628946007,5.019314442392788,-0.09555178775817354,0.09555178775817354,-0.7298960352982249,-13.959413573780694,-0.0015434807252357147,7.141327932732266,7.116229330882294,-0.02509860184997237,-0.10568070193628643,0.0,0.9369054969584246,3.3031927692108707,4405,1741,10794.1,0,652.7562186794812,984.6646820746032,0.8671198739320125,2.262603595961372,14.32497886534754,0.7595913734392735,1.0,1742,4405,0.10102156640181612,0.04994259471871412,156.63999999999942,42.73999999999978,125.31999999999971,-125.31999999999971,19.729999999999563,0.0,-0.040000000000873115,5675.310424754346,4399.04826007855,2.0,1059.0,167482.109746326
7ff89f8f,1,7337,10.6869106888606,8.865804585131894,-6.714053806220923,6.714053806220923,-0.4756739993808878,7.571306496865873,-0.0015128850867730534,12.948977259714434,10.757185584796549,-2.1917916749178854,-0.07027489593594893,0.40193539593839445,0.5965593555240791,-1.1647913079373666,7337,2201,10682.81,0,1066.379450582891,1715.5955753032526,2.4807561193422405,4.0,-10.516209864637403,0.5464086138748807,1.0,2202,7337,0.2108491208940984,0.17892824704813806,185.79999999999927,40.969999999999345,173.75,171.42000000000007,-14.3799999999992,0.0,0.030000000000654836,8797.97225058205,7331.69134855656,1.0,3328.0,756670.8257116326
81fc01c6,1,5909,8.138458962770157,5.332102372877943,0.542173603071565,0.542173603071565,-0.4822101900936104,-32.66167713098912,-0.002193830099465508,9.487583822953923,8.594213600762249,-0.893370222191674,-0.4557546379920918,0.8179048908444745,1.7840087295459033,7.022747716892677,5909,1745,10794.71,0,402.39050712577176,3136.5913180790967,4.0,4.0,18.881289079240133,0.9048908444745304,0.9671687256727026,1746,5909,0.17684887459807075,0.12256586483390607,218.46999999999935,42.76000000000022,258.0100000000002,258.0100000000002,39.54000000000087,0.0,0.030000000000654836,7091.194648810998,5892.922748144276,1.0,562.0,289894.74917170656
8382f4b6,1,4967,6.7283694379873475,5.21871000071996,4.607561991352122,4.607561991352122,-1.135427562512632,16.55815211749905,0.0032799561237170267,9.645284458648568,6.934071058499226,-2.711213400149342,-0.20570162051187868,0.5592913227300181,0.7095855139338674,-3.5365690638372564,4967,1712,11400.77,0,1014.8050127243376,1265.5432820039682,4.0,4.0,-32.313045436143824,0.7799476545198308,1.0,1713,4967,0.6559291322730018,0.4454173963806188,172.98999999999978,58.279999999998836,116.59000000000015,116.59000000000015,-56.42000000000007,-0.020000000000436557,0.040000000000873115,6436.914198642599,4956.348506168519,2.0,1093.0,161537.36111331193
884ecb5f,1,6724,4.5346069275745435,3.550818474900414,-3.2316532701526417,3.2316532701526417,-0.9936833216197556,-5.546986010771434,0.0009433263167017866,6.290006405219099,4.3118466121809895,-1.9781597930381096,0.222760315393554,0.36644854253420583,1.123167782163193,-6.402644683745699,6724,1329,11173.91,0,718.0644912018922,1032.9464969809458,2.6481740212140226,4.0,5.600536958210995,0.95523497917906,1.0,1330,6724,0.03896490184414039,0.05263157894736842,229.29000000000087,45.48999999999978,215.34000000000196,-215.34000000000015,10.360000000000582,-0.07999999999992724,0.05999999999949068,7643.220268117631,6712.04513796653,1.0,301.0,36660.692775372416
8b9d8326,1,6163,5.00308372539978,4.427496731234781,-4.175222889024946,4.175222889024946,-1.9496400639363856,1.9208646646948184,-0.0008126883661844185,7.706320049955958,4.812269448244488,-2.89405060171147,0.1908142771552921,0.4888852831413273,1.4229666074808258,-1.6713300328107517,6163,1668,12247.12,0,1410.6639275973705,2015.848132976676,2.972873739115704,4.0,-20.60422615191237,1.0,1.0,1669,6163,0.6563361999026448,0.42300778909526665,174.76000000000022,22.349999999998545,188.88999999999942,-188.88999999999942,-14.1299999999992,0.0,-0.039999999999054126,7414.093440654214,6154.132337551621,0.0,0.0,0.0
8bb9c1e6,1,4546,11.413591101990056,9.428182488170648,8.89908182028177,8.89908182028177,-0.0823439987489109,14.793073640625153,0.005259230201590659,8.79111695770339,11.291729268003618,2.5006123103002285,0.12186183398643813,0.35833699956005277,0.6923153253342049,-3.0525188128329988,4546,1835,11185.25,0,635.9567446179335,965.9557740006072,2.917861724080107,4.0,8.794329551991986,0.4824021117465904,1.0,1836,4546,0.12120545534535855,0.10947712418300654,162.72999999999956,14.349999999998545,156.96999999999935,156.96999999999935,-5.75,0.010000000000218279,0.030000000000654836,5883.799979281264,4539.853138736881,1.0,2353.0,547894.2986404827
8bfa881d,1,4089,6.1037247470880756,4.437021021880422,-3.598488102521537,3.598488102521537,0.8654655827704119,-11.266308945814671,-0.00384613465631796,8.421547665375828,6.226314621977441,-2.195233043398387,-0.12258987488936501,0.47542186353631694,0.5551188304906692,4.263011134992375,4089,1753,12181.81,0,676.2591190704162,888.6775905944056,3.6739732070978057,4.0,35.11002254184286,0.8322328197603326,1.0,1754,4089,0.4590364392271949,0.33580387685290763,75.07000000000153,56.77000000000044,128.28000000000065,128.28000000000065,53.19000000000051,-0.019999999998617568,0.039999999999054126,5359.063305740135,4086.7940550632798,2.0,618.0,75146.18406753795
8d5d46d7,1,5755,4.197216899658605,3.4513062162990886,-2.5115381228791427,2.5115381228791427,0.6544885104576679,-2.5894890235358616,0.0007426368848645445,6.77978160703441,4.424193239946573,-2.3555883670878375,-0.2269763402879681,0.16976542137271938,1.0169274017925412,-4.648104440634436,5755,1526,11208.18,0,1263.142329559436,1451.8065214241794,2.842261395633248,4.0,9.748247372753475,1.0,1.0,1527,5755,0.28236316246741966,0.09037328094302555,205.67000000000007,26.670000000000073,213.52000000000044,213.52000000000044,7.8400000000001455,-0.010000000000218279,0.039999999999054126,6876.282700891982,5746.4022926521775,0.0,0.0,0.0
91db7070,1,4073,22.3677167720203,18.718865381314785,-18.718865381314785,18.718865381314785,-1.0103250578758889,-24.086925354447885,-0.009346550815170319,22.640001344024324,22.537769584674198,-0.10223175935012563,-0.17005281265389627,0.0,0.7900093940284093,0.31071207837196896,4073,1572,12029.18,0,1056.5155935669957,2250.4970750704583,0.6050840102044638,3.303234631463293,34.19734204868052,0.3103363614043702,0.5936656027498158,1573,4073,0.3336606923643506,0.19389701207883026,195.13999999999942,62.3600000000024,138.14999999999782,-138.14999999999782,57.02000000000044,0.029999999998835847,-0.05999999999949068,5262.279088030029,4065.223138734273,1.0,2809.0,2022299.162880179
925a7cd1,1,4517,4.789354045209612,3.8664566457375362,-3.6336590111446445,3.6336590111446445,-0.3381078126767534,-5.584499897946444,-0.002054655650991924,3.9263129947226987,4.7219793335802756,0.7956663388575769,0.06737471162933684,0.0,0.36709992707874745,1.0057534487951199,4517,1983,12096.4,0,1108.4445983562246,1348.6550829074065,0.938579148819412,2.0232391350523216,-11.939464867508724,1.0,1.0,1984,4517,0.17467345583351782,0.12701612903225806,175.97999999999956,9.69000000000051,168.27000000000044,168.27000000000044,-7.709999999999127,0.0,0.030000000000654836,5973.526638823012,4512.170181475886,0.0,0.0,0.0
940a48d9,1,3963,7.285269293871876,5.913410817423057,-5.85441702334065,5.85441702334065,0.3222308601471013,-3.614171438335688,0.0015828549432356275,8.204049498107096,7.7725362080095,-0.4315132900975964,-0.48726691413762424,0.14080242240726723,1.2341067161845753,-8.990052665890431,3963,1663,10918.16,0,729.6342056297833,1077.143762839789,2.302384889894192,4.0,-20.37935057840631,0.8157961140550088,1.0,1664,3963,0.1680545041635125,0.22776442307692307,104.79000000000087,24.530000000000655,115.26000000000022,-115.26000000000022,-10.459999999999127,0.010000000000218279,-0.039999999999054126,5044.842953270287,3958.852537604756,1.0,730.0,129462.38816734689
95c8427f,1,6335,5.092128522634888,4.591947674505806,4.515991231964621,4.515991231964621,-1.6333229100455355,1.0359854595153593,-0.0001268377759582787,8.274492083051049,5.766847103649892,-2.5076449794011575,-0.6747185810150036,0.6339384372533544,1.614563652243968,4.91768646842449,6335,1715,11218.09,0,716.1131891156442,1200.5029464872712,4.0,4.0,-11.382304554553832,1.0,1.0,1716,6335,0.19984214680347276,0.1317016317016317,169.6200000000008,39.92000000000007,150.4400000000005,150.4400000000005,-19.19000000000051,-0.010000000000218279,0.029999999998835847,7533.637397071369,6325.699325205186,0.0,0.0,0.0
96ae5806,1,9839,2.713323155638746,2.1986305824151717,-0.36573336074726776,0.36573336074726776,-3.675293517226237,6.556065747503453,0.000324189632500853,5.0870456229089145,2.4777264557324323,-2.609319167176482,0.2355966999063135,0.6107327980485822,1.578468292452618,-1.9604221630189638,9839,1687,12120.820000000002,0,1241.3259533657458,3765.8827924968336,4.0,4.0,-8.354210281864578,1.0,1.0,1688,9839,0.552393535928448,0.5509478672985783,327.9599999999991,25.909999999998035,334.5899999999983,-334.5899999999983,-6.6200000000008,0.00999999999839929,-0.050000000001091394,10971.743123117445,9825.336490125765,0.0,0.0,0.0
98bc6f66,1,6063,7.963320552436143,7.200316689492254,-7.183823824497157,7.183823824497157,0.8009524254593998,-3.4188905797873304,-0.0005358821022366924,11.634935649069579,8.033539844367745,-3.601395804701834,-0.07021929193160226,0.8749793831436583,0.5237116651518319,-5.5595651726177415,6063,1656,10947.31,0,884.5906974697515,1298.7773629264302,4.0,4.0,-4.148245562760532,0.830611908296223,1.0,1657,6063,0.42734619825169057,0.40615570307785154,160.98000000000138,26.409999999998035,160.49000000000342,160.49000000000342,-0.48999999999796273,0.0,0.039999999999054126,7263.188139484617,6054.9833442300505,2.0,1008.0,144023.39748226517
992ce078,1,2879,2.8321573874662307,2.4436547668334923,-2.4436547668334923,2.4436547668334923,-0.479093243360694,-0.2812869517110812,-0.0003874509689242229,1.2318988160870639,2.9141274497496426,1.6822286336625787,-0.08197006228341186,0.0,0.32906712502796565,-1.8861128225515364,2879,1781,11989.02,0,545.84897567948,803.9666432137226,2.642552809546864,3.318537091204874,-6.0271932093009575,1.0,1.0,1782,2879,0.038555053838138245,0.045454545454545456,109.92000000000007,11.179999999998472,102.92000000000007,102.92000000000007,-7.0,0.0,0.019999999998617568,4129.144396845152,2875.62588354273,0.0,0.0,0.0
995ff498,1,4526,10.33503159453737,7.64283669604578,6.430885308060907,6.430885308060907,-2.925141103905844,25.300717831525617,0.005062845178969671,11.678969331354178,10.301082648139774,-1.3778866832144043,0.03394894639759549,0.18448961555457358,1.108447166699474,-5.023801909357976,4526,1600,11214.69,0,1126.6539887871832,1291.6635350779811,1.2081758461372956,4.0,11.321828141010812,0.70415377817057,0.9927087936367652,1601,4526,0.5627485638532921,0.4122423485321674,146.72999999999956,27.31999999999971,128.92999999999847,128.92999999999847,-17.80000000000109,0.0,0.030000000000654836,5784.576578265893,4521.9620857433,2.0,1232.0,398712.12513434986
999daf80,1,3564,5.2320626239781864,4.025877178989873,3.749140979121287,3.749140979121287,-0.0747354098639334,10.305788831312384,0.003300997897864241,3.9052085386199216,5.141761723529534,1.2365531849096123,0.09030090044865258,0.0,0.3247223068257522,-2.1315867759238585,3564,1874,11143.92,0,601.7227564461086,775.9019534872627,0.9496746794403568,2.1918788306397934,6.501089095258823,0.9054433221099888,1.0,1875,3564,0.08052749719416386,0.088,109.22999999999956,12.299999999999272,107.34999999999854,107.34999999999854,-1.8700000000008004,0.010000000000218279,0.030000000000654836,4956.25858458063,3560.9288460314715,1.0,337.0,35924.62641252094
9c211c53,1,7265,7.051454156912903,4.306756721857873,4.062491163197555,4.062491163197555,1.5487216393430572,21.909230438197483,0.002205344701638827,8.73535087020224,7.874924624393353,-0.8604262458088865,-0.8234704674804503,0.15003441156228492,1.2249763251287338,-3.9473207931546668,7265,1576,10075.14,0,1637.0621200798994,3905.257823117992,1.9963511424520397,4.0,11.16833859044472,0.8224363386097728,1.0,1577,7265,0.4802477632484515,0.4654407102092581,275.0499999999993,25.030000000000655,263.5,263.5,-11.56999999999789,-0.019999999998617568,0.05999999999949068,8439.416353032397,7251.126554405222,1.0,1290.0,315777.884866371
9d072e4c,1,5107,4.302666849103394,3.6067175764921267,3.4995677192577515,3.4995677192577515,1.1817560064337158,5.618840539698795,-9.011217000175544e-05,5.406606232832144,4.195795877823894,-1.2108103550082499,0.10687097127950018,0.11963971020168396,1.0518491731388115,3.7296240892722325,5107,1690,12011.820000000002,0,709.8870180000723,1276.562035909576,0.772301431214048,4.0,19.442133684137577,1.0,1.0,1691,5107,0.14626982572939104,0.12300413956238912,157.53000000000065,26.979999999997744,143.5600000000013,-143.5600000000013,14.0099999999984,0.039999999999054126,-0.06999999999970896,6542.10356012478,5095.159181890278,0.0,0.0,0.0
9d4272e3,1,4030,7.393454682904467,6.47798330232619,-4.600208374346506,4.600208374346506,4.14321899953211,-9.427104982918536,-0.0037262098167684683,10.031143133961098,7.251252012764373,-2.7798911211967257,0.1422026701400947,0.5109181141439206,0.6904430666422937,2.9062413015335746,4030,1740,12500.21,0,1374.498071451762,2357.646507351025,4.0,4.0,12.389167684281585,0.780893300248139,1.0,1741,4030,0.5369727047146402,0.4755887421022401,113.65999999999985,26.910000000001673,139.32000000000153,139.32000000000153,25.660000000001673,0.0,0.019999999998617568,5324.729746871032,4019.2834910962165,2.0,811.0,103692.9415454016
9da441ba,1,5783,7.734914597103931,7.028583720454677,-6.668949759544636,6.668949759544636,0.9075663923831598,-11.012636711322555,-0.001840981982794748,10.979644105682203,7.806623204456197,-3.173020901226006,-0.07170860735226636,0.5383019194189866,0.8836526882727805,-1.3466708472850197,5783,1499,11349.27,0,830.2764629327885,1045.396624791376,4.0,4.0,-3.102645858188917,0.7556631506138682,1.0,1500,5783,0.20560262839356735,0.238,279.40999999999985,32.64999999999782,267.3099999999995,-267.3099999999995,12.090000000000146,-0.010000000000218279,-0.05999999999949068,7059.708095849364,5769.304810754844,2.0,1413.0,171866.22568528983
a0b83014,1,5035,3.4200607117219275,2.6703502931751606,-1.9091461039669115,1.9091461039669115,0.6685345223650074,4.060367312244125,-0.0006106823285109141,4.568445926290044,3.8504278467338273,-0.718018079556217,-0.4303671350118998,0.17259185700099305,0.6604895265937175,-0.37205868310494183,5035,1837,11396.69,0,682.0948382739523,1171.6867740141963,0.7797416356331764,4.0,3.862266012940744,1.0,1.0,1838,5035,0.551142005958292,0.4836779107725789,121.86999999999898,26.239999999997963,115.71999999999753,-115.71999999999753,6.130000000001019,-0.020000000000436557,-0.010000000000218279,6273.7642269756525,5029.846077963032,0.0,0.0,0.0
a0e92ed6,1,4897,9.896450907508603,8.766790196101281,-7.849946816605001,7.849946816605001,-1.2136917784755497,9.88039161208144,0.0017728275238725793,8.856833043625988,9.660317675341041,0.8034846317150528,0.2361332321675622,0.0,0.9532223047030403,-12.18982859504508,4897,1548,11956.48,0,524.3806091479637,843.8535197089969,1.2999744071758157,2.6751556956724047,-15.622580371734356,0.5754543598121299,1.0,1549,4897,0.4998978966714315,0.29244673983214975,177.51000000000022,32.82999999999993,154.3100000000013,154.3100000000013,-23.209999999999127,-0.010000000000218279,0.039999999999054126,6274.378479679293,4891.666389738926,3.0,2079.0,367036.8682954435
a15bc102,1,3236,2.446982851385909,2.0769877533520655,-1.9051499985091447,1.9051499985091447,-0.1437545802145905,-1.871687314129304,-0.0007845307116537964,2.631005097849491,2.4109259268010135,-0.22007917104847774,0.03605692458489562,0.0,0.31622293385073036,-0.6361715724091296,3236,1887,10944.61,0,1454.71741834113,2051.0950903604157,0.2149416106670924,0.720066484793362,2.5769629517150987,1.0,1.0,1888,3236,0.5633498145859085,0.4867584745762712,116.71999999999935,7.4099999999998545,120.60000000000036,120.59999999999854,3.859999999998763,-0.020000000000436557,0.049999999999272404,4563.6177526614865,3233.039730423875,0.0,0.0,0.0
a2e8e7f6,1,4760,10.77428488210503,8.81917499292943,-8.067331554237937,8.067331554237937,-0.3542930804960633,-12.027141789563755,-0.004382071424528174,10.233249000938434,10.629144765336045,0.3958957643976113,0.1451401167689852,0.09915966386554621,0.5974969585482751,2.3598074004268557,4760,1051,10775.26,0,391.80332547112295,1481.3500342594605,2.3669264813036133,4.0,3.954628014214656,0.4642857142857143,1.0,1052,4760,0.4808823529411765,0.1806083650190114,130.01000000000022,35.659999999999854,110.72999999999956,-110.72999999999956,19.11999999999898,-0.030000000000654836,0.010000000000218279,5530.941641737107,4756.182732917313,1.0,2550.0,529641.9536174653
a7744f5b,1,4377,4.308727801094073,3.155139785008894,0.6307851454553658,0.6307851454553658,1.4855569863066194,-6.54587818426262,-0.0021586503414949137,4.679087361792585,3.8044477188025527,-0.8746396429900325,0.5042800822915203,0.0,0.6332502185644793,5.353912092646235,4377,1639,11196.51,0,598.1053690610165,940.8576123012078,1.6233331646334497,3.272152058786085,12.952447301512214,0.9828649760109665,1.0,1640,4377,0.16860863605209048,0.12804878048780488,153.09000000000015,29.649999999999636,132.3099999999995,-132.3099999999995,20.770000000000437,-0.010000000000218279,-0.020000000000436557,5552.178297678677,4372.008978512991,0.0,0.0,0.0
a7fc3e6b,1,4764,13.587452371527935,10.822836737782668,-7.049471439772654,7.049471439772654,-2.9813458209519013,15.732446249210623,0.00046700158462207616,12.702346890476221,14.034198430969914,1.3318515404936928,-0.4467460594419794,0.7758186397984886,2.5623065854978013,-8.161635713550128,4764,1613,10947.85,0,2770.1025856903857,3506.394123718642,4.0,4.0,25.2546662542428,0.5291771620486986,1.0,1614,4764,0.6341309823677582,0.5266418835192069,215.5,33.029999999998836,211.07999999999993,-211.07999999999993,4.440000000000509,0.020000000000436557,-0.049999999999272404,5943.600096471913,4750.73728801126,2.0,2243.0,816991.3434947272
aaeffccb,1,2712,5.315355871196441,3.9109625103399033,-3.694083886495,3.694083886495,2.311094726594092,-15.13589849265736,-0.003757129508340419,7.474916293762571,5.6505941416035546,-1.8243221521590165,-0.33523827040711396,0.008480825958702065,0.7503485484547276,1.3987051620604358,2712,1873,12212.01,0,752.4360825015261,1132.4552341923695,2.930010811394337,4.0,-11.09746098776881,0.9170353982300884,1.0,1874,2712,0.6084070796460177,0.44930629669156885,54.67000000000007,14.590000000000146,46.30000000000109,-46.30000000000109,7.360000000000582,-0.019999999998617568,-0.010000000000218279,3967.432696580856,2708.6397726535542,1.0,225.0,39406.09332096178
ab6fe95d,1,5491,2.9519625614742986,2.0577636897971265,-0.7892138657997957,0.7892138657997957,-0.6464981193639687,0.8544462075915362,-0.0005958274897158582,3.0882566843228716,2.8688157808888244,-0.2194409034340472,0.0831467805854742,0.0,0.9153849302063002,0.846332593470235,5491,1932,10065.52,0,1300.1767172678758,2740.6946132549347,0.5198619611507204,1.522756008857533,6.0864842770303245,0.9859770533600436,1.0,1933,5491,0.2504097614277909,0.19606828763579928,176.90000000000146,24.649999999999636,186.84000000000015,184.36000000000058,7.930000000000291,0.0,0.029999999997926352,6870.632652305902,5483.108425783635,0.0,0.0,0.0
ab94878e,1,6004,4.207043912661932,3.4344548636922116,3.1479538149875723,3.1479538149875723,-0.9383139097426464,4.776967999423505,0.0007010619963961271,5.435166427159965,4.260763552798635,-1.1744028743613297,-0.05371964013670283,0.030812791472351764,0.3741347970270267,1.043716232804597,6004,1647,11172.76,0,609.5897723053638,3033.5037103979857,1.3413083073008565,4.0,10.64652834318118,1.0,1.0,1648,6004,0.040972684876748836,0.05703883495145631,267.4800000000014,21.840000000000146,271.6100000000006,271.6100000000006,4.1599999999998545,0.030000000000654836,0.039999999999054126,7139.068236809886,5994.305682403796,0.0,0.0,0.0
add9c322,1,3932,2.7591716729495523,2.5067159765559395,0.12613842438813774,0.12613842438813774,1.7000526108895428,-1.9034555724047093,0.0015882426002572989,5.133712472117328,3.0969502528033868,-2.0367622193139416,-0.3377785798538344,0.7131230925737538,0.7938998014080993,-2.9955524064175836,3932,1586,10887.54,0,527.2996117010587,803.8882070444794,4.0,4.0,-6.671963300991589,1.0,1.0,1587,3932,0.5846897253306206,0.46502835538752363,138.78999999999905,22.670000000000073,130.95999999999913,130.95999999999913,-7.900000000001455,-0.07000000000152795,0.06000000000130967,5179.691962127384,3926.648414525997,0.0,0.0,0.0
ae069086,1,4770,5.049730358372677,4.072083630707214,1.0223508654430453,1.0223508654430453,1.8957648706327743,1.2098577042961551,0.0004978688880069295,4.932345382172631,5.369536455208625,0.4371910730359936,-0.31980609683594796,0.23857442348008387,1.0553566739085773,-0.16481749800947784,4770,1970,11205.75,0,711.15668493322,974.6745867852892,2.254664794405344,4.0,-8.528548868314553,0.919287211740042,1.0,1971,4770,0.0067085953878406705,0.0060882800608828,217.11999999999898,38.159999999999854,208.4399999999987,208.4399999999987,-8.649999999999636,0.030000000000654836,0.020000000000436557,6136.645106011349,4759.4198892302375,1.0,385.0,44359.77123136133
ae8959c3,1,4518,30.025688293875834,27.69652811794411,-27.696346728568844,27.696346728568844,0.1024998672382935,-37.58586349857069,-0.00717178675069234,29.90865790179914,30.02027947833589,0.11162157653675209,0.005408815539944101,0.5367419212040726,1.5238390222702922,-11.498866352130188,4518,2126,10869.47,0,3047.8640964819056,4988.586245803912,4.0,4.0,-9.308252807418944,0.1374501992031872,0.3384240814519699,2127,4518,0.06905710491367861,0.09496944052656324,237.0500000000011,34.210000000000946,271.2500000000018,271.2500000000018,34.20000000000073,0.0,0.05999999999949068,5998.233114906392,4509.114891705502,1.0,3897.0,4053969.1482548695
b04b58a3,1,3402,13.744627541214925,10.386975636639798,-8.444981122782327,8.444981122782327,1.9409581055642773,-4.176777745837171,0.0021301563417546895,11.435600798865469,13.968686877403083,2.5330860785376146,-0.22405933618815865,0.3924162257495591,1.029429632006389,-12.067311981936177,3402,1826,10750.64,0,1723.635239203848,4243.25782829929,1.657334581668973,4.0,-3.901817009166292,0.583480305702528,1.0,1827,3402,0.04879482657260435,0.0662287903667214,132.76999999999862,31.44000000000051,137.52999999999884,-137.52999999999884,-4.779999999998836,-0.019999999998617568,-0.050000000001091394,4860.087104613382,3396.229171257484,1.0,1417.0,614073.6260282508
b0f53bf4,1,2755,7.382781650531197,6.245990142413808,6.189775063431378,6.189775063431378,1.45571381618538,-0.2210509344222373,0.0021352292475201023,7.113448139146759,7.437371589765189,0.3239234506184303,-0.05458993923399191,0.0,0.6865713259318765,3.249564389596196,2755,1446,12216.87,0,1120.111627751714,1297.5603691641106,0.6795907226513186,2.20603997823742,1.1264055670535091,0.7858439201451906,1.0,1447,2755,0.2754990925589837,0.2722874913614375,93.67000000000007,18.679999999998472,93.59999999999854,93.59999999999854,-0.07000000000152795,0.0,0.030000000000654836,4059.3197158980383,2750.1970015982292,1.0,550.0,69669.3675564972
b32e4903,1,5770,1.679383066409728,1.3190975360066048,0.6553692454987441,0.6553692454987441,3.3810006373514625,-4.489375304008718,2.992646056384299e-05,2.9219352945610404,1.4812768569183337,-1.4406584376427067,0.19810620949139435,0.0,1.0384931362392957,0.5690463700023393,5770,1649,11184.37,0,677.5315621429968,934.1784511672114,1.4941677496133925,3.3204248780555607,11.35884348283176,1.0,1.0,1650,5770,0.04072790294627383,0.13696969696969696,179.67000000000007,22.459999999999127,192.76000000000022,192.76000000000022,13.289999999999054,-0.030000000000654836,0.06999999999970896,6941.868462261364,5759.655571455404,0.0,0.0,0.0
b585b4fa,1,4294,7.897201207577699,5.645993887459043,-4.680702370419286,4.680702370419286,-0.0239160399269167,3.858022634009103,-0.0032741439987615303,10.203885637026787,7.87466636428167,-2.3292192727451164,0.02253484329602884,0.5309734513274337,0.7137980377652375,2.3472477229223396,4294,1704,11233.570000000002,0,566.4244303081779,750.195685038123,4.0,4.0,-23.17751158193509,0.6965533302282254,1.0,1705,4294,0.11830461108523521,0.1278592375366569,189.76000000000022,36.73999999999978,165.27000000000044,165.27000000000044,-24.510000000002037,-0.020000000002255547,0.05999999999949068,5465.651197275362,4285.780318600059,1.0,1303.0,237391.0683936192
b881d27e,1,4009,3.0597441023327403,2.708519552612022,-1.7481313244349768,1.7481313244349768,-0.2727215528866509,-4.870207487578227,-0.001050979608783364,4.367312016570806,3.0819826413178943,-1.2853293752529118,-0.022238538985154044,0.0,0.5100386443367633,0.3580318115668842,4009,1432,11170.12,0,703.1023837252128,952.859010032308,1.8857896306278243,3.347189663190635,13.20543008633535,1.0,1.0,1433,4009,0.506610127213769,0.23656664340544312,155.5,27.4900000000016,136.04999999999927,-136.04999999999927,19.450000000000728,0.0,-0.039999999999054126,5039.501043808179,4001.159039740628,0.0,0.0,0.0
b8c49c1a,1,4319,2.2531163462272854,1.804444013046801,0.18403487516389713,0.18403487516389713,-0.1211701596512284,7.952976787957596,0.00018929641383715504,2.884544285160453,2.5899191004405604,-0.29462518471989263,-0.336802754213275,0.15466543181291967,0.5589534375055097,-0.22465608231052056,4319,1934,10786.990000000002,0,1061.6218638478683,1961.7073721891563,1.106492109206783,4.0,10.532612021282496,1.0,1.0,1935,4319,0.22759898124565872,0.17674418604651163,124.86000000000058,32.13999999999942,121.67000000000007,-121.67000000000007,3.1599999999980355,-0.030000000002473826,-0.030000000000654836,5615.183967754756,4315.203453094746,0.0,0.0,0.0
bd2c2f34,1,9823,4.6471919333230405,3.968784756475973,3.6238934589211,3.6238934589211,1.7769575442252972,7.47101449172078,-0.0002780495388899077,6.299271218272155,4.73773005314603,-1.5615411651261253,-0.09053811982298932,0.38990125216329025,0.9866152591174897,4.989394744409436,9823,1797,10685.38,0,1141.5820361673443,2143.2331121519182,2.8380057300193027,4.0,4.406345533243775,0.9902270182225388,1.0,1798,9823,0.6298483151786624,0.5088987764182424,248.70000000000073,24.73999999999978,244.13000000000102,244.13000000000102,-4.299999999999272,-0.039999999999054126,0.049999999999272404,11200.204020071995,9812.814900873167,0.0,0.0,0.0
be35c8f2,1,4226,9.743803050327312,7.698619239679603,-6.639793592280516,6.639793592280516,0.355041699771391,3.277265599250313,0.0008199389477878532,7.7255656098224765,9.713758500303339,1.9881928904808621,0.030044550023973216,0.5347846663511595,0.7782679797265635,-8.371914619482359,4226,1671,12549.26,0,1355.484729552628,1990.123695263821,4.0,4.0,-1.4072014136644184,0.6767628963558922,1.0,1672,4226,0.375769048745859,0.16208133971291866,140.0699999999997,17.43000000000211,128.58999999999833,128.58999999999833,-11.450000000000728,0.030000000000654836,0.020000000000436557,5401.007265476577,4220.197686661085,1.0,1341.0,334516.3984164153
bf39bc20,1,3303,4.075066302603734,3.3565135367584986,0.9944940055912931,0.9944940055912931,1.058011469674966,10.299333621891492,0.002074433971317565,4.624475897331547,4.700350423465337,0.07587452613378964,-0.6252841208616031,0.0,1.252208365859008,-2.4303964810540073,3303,1743,11201.28,0,864.6670523676165,1544.69589166447,0.7907073783553602,2.4096756606795644,-2.672473242471204,0.9906145927944292,1.0,1744,3303,0.6164093248561914,0.38704128440366975,57.1200000000008,33.82000000000153,73.17000000000189,-73.17000000000189,-16.06000000000131,-0.010000000000218279,-0.020000000000436557,4534.445658149829,3298.9516411127393,0.0,0.0,0.0
bf70b410,1,6347,12.348986846315565,8.017555110709512,6.651026338598985,6.651026338598985,3.774340586460312,20.057276512781755,0.004119033995345161,11.888128653641754,12.3474684600219,0.4593398063801466,0.0015183862936645198,0.0,0.8875753649011965,-6.4186685286312075,6347,1652,10982.53,0,1059.4023071997317,1336.489441278788,1.6905783915776351,3.755950897815637,-22.14632566039131,0.7026941862297148,1.0,1653,6347,0.41988340948479597,0.22746521476104054,147.23999999999978,48.17999999999847,112.94000000000051,101.71000000000095,-45.539999999999054,-0.010000000000218279,0.039999999999054126,7520.867221788963,6340.585684382792,1.0,1887.0,934535.4440251646
c03fba65,1,3699,16.2574921696048,14.68084431059234,14.305659372510931,14.305659372510931,-1.0289433558446035,22.126322233893006,0.0061783938507951365,19.728748341105835,16.15689551415873,-3.5718528269471044,0.10059665544606844,0.8967288456339552,1.1514767814315574,2.881809142390715,3699,1969,10805.3,0,2973.0743961932385,5142.01035325923,4.0,4.0,-7.120175595125539,0.2562854825628548,1.0,1970,3699,0.5114895917815626,0.32588832487309644,138.9399999999987,35.090000000000146,104.14999999999782,104.14999999999782,-34.79999999999927,-0.00999999999839929,0.050000000001091394,5027.370319619493,3693.7275843514453,1.0,2751.0,958390.6990132227
c2c6fc71,1,7119,3.515714209543646,2.613425313721282,1.7876626542304084,1.7876626542304084,1.83481788343488,-5.97650531619729,0.00011904423542657382,3.7869663338064767,3.272760276666472,-0.5142060571400049,0.24295393287717415,0.06278971765697429,1.4402107487104499,1.3639842203472314,7119,1720,12077.78,0,857.7205755955024,2259.6321300600134,1.455170145021374,4.0,12.19445022798631,1.0,1.0,1721,7119,0.3833403567916842,0.3027309703660662,204.79999999999927,24.229999999999563,195.88999999999942,-195.88999999999942,8.93999999999869,0.029999999998835847,-0.06000000000130967,8372.318237945423,7112.308263095948,0.0,0.0,0.0
c43812e2,1,5527,4.895233967066579,3.8495857731284886,-2.037096059599733,2.037096059599733,-0.0838903673284221,3.37209416792939,-0.0010718848590336191,4.08266332950986,5.387425723902751,1.304762394392891,-0.49219175683617244,0.11688076714311561,1.2227349334270456,0.9245218059101573,5527,1765,12194.58,0,1303.6760042281628,2168.865424530952,2.035849389400253,4.0,-7.46802972517847,0.9256377781798444,1.0,1766,5527,0.6205898317351185,0.5962627406568517,239.82999999999993,21.390000000001237,227.35000000000036,227.35000000000036,-12.430000000000291,0.0,0.049999999999272404,6735.142245590834,5494.1464718736615,1.0,411.0,46130.91572676379
c472c0b5,1,3054,16.764892277123103,15.860771443496192,-15.860771443496192,15.860771443496192,-2.1129789036149305,-17.34694857260547,-0.004997876241638511,17.616314589789358,17.221347035308675,-0.394967554480683,-0.456454758185572,0.05795677799607073,1.6329937303043687,-8.231513360635013,3054,1812,10796.13,0,3218.879289741119,5033.733952537197,1.2600101366532446,4.0,-6.235260468485135,0.1872953503601833,1.0,1813,3054,0.031106745252128355,0.16105901820187535,169.71999999999935,14.3700000000008,181.0600000000013,181.0600000000013,11.360000000002401,0.020000000000436557,0.040000000000873115,4308.1878673543415,3048.320452068463,1.0,2482.0,833810.650871403
c8d9680c,1,6281,23.033205664898126,20.93203179094273,-20.4297395181754,20.4297395181754,0.838980516882657,-24.10214028745213,-0.005258976045637902,26.215987329443468,22.904513352222942,-3.311473977220526,0.12869231267518444,0.47715331953510587,1.2328887012555674,-3.9165547348723844,6281,1459,11364.54,0,802.1111283669538,1582.7459291526095,3.8778752970235,4.0,10.38793904735092,0.1655787295016717,0.6172583983442127,1460,6281,0.38560738735870087,0.22534246575342465,236.09000000000015,63.590000000000146,269.0699999999997,269.0699999999997,32.969999999999345,-0.010000000000218279,0.050000000001091394,7437.613964388667,6273.318522544452,1.0,5241.0,3310164.575667736
cb879f40,1,6315,7.7017665999130225,6.090057455864636,-4.414457653359947,4.414457653359947,-1.1621534042096755,4.160983121320896,-0.0010775860664543502,8.515033243366824,7.473845202290964,-1.04118804107586,0.2279213976220582,0.11179730799683293,1.4713293505683878,-1.0125184415635644,6315,1588,10828.04,0,867.4821534333372,1536.616450679836,2.34707637257403,4.0,-14.232142836495123,0.8125098970704672,1.0,1589,6315,0.3805225653206651,0.2448080553807426,264.4800000000014,28.1200000000008,252.4200000000037,252.4200000000037,-12.049999999999272,0.00999999999839929,0.029999999998835847,7609.571897781832,6304.442942322547,1.0,1184.0,239341.66209594285
cbe51de1,1,3963,7.097655779865356,4.5698790498604565,3.793953992392693,3.793953992392693,1.0471709138018923,16.231327159499415,0.003909932313024395,6.066238852350538,7.007501947605752,0.9412630952552137,0.09015383225960427,0.0,0.5203941937697035,-3.9516219197086366,3963,1398,12191.6,0,597.9789283913027,859.0776083974448,1.6604172345578676,2.5651397067319217,17.614243243591122,0.7612919505425183,1.0,1399,3963,0.0464294726217512,0.12580414581844174,183.84000000000015,30.090000000000146,179.08000000000175,-179.08000000000175,4.779999999998836,0.020000000000436557,-0.06999999999970896,5055.215888966544,3955.553894980871,1.0,946.0,180527.35957522702
cbe62450,1,6258,10.551387324321638,8.962178369967088,-8.182584663235343,8.182584663235343,-1.5934911230724538,11.365011321810016,-0.0007070182671570765,13.60605221761726,10.521558490519924,-3.0844937270973354,0.029828833801714083,0.5888462767657399,0.7753351336088248,-5.97067801443443,6258,1599,10816.19,0,722.7659233802143,1500.864102991988,4.0,4.0,-4.301735228091661,0.5902844359220198,1.0,1600,6258,0.38031319910514544,0.115,251.97000000000116,40.51000000000204,242.03000000000065,242.03000000000065,-9.960000000000946,-0.020000000000436557,0.049999999999272404,7532.119083894077,6248.216888081018,2.0,2516.0,560236.976735577
cda7eb37,1,5973,2.0998338067847384,1.6169945638827024,0.587478681542476,0.587478681542476,-2.323673476359545,11.405860874076096,-0.000618938651965725,4.242241567161658,2.4132646636202937,-1.8289769035413643,-0.31343085683555527,0.3304871923656454,0.8955922459927598,2.435629496312132,5973,1646,12056.34,0,531.9556908474009,1042.3936324873855,3.3268641901737275,4.0,7.082097253630268,0.9973212790892348,1.0,1647,5973,0.17361459902896367,0.07225258044930176,167.07999999999993,31.909999999999854,172.3199999999997,162.36999999999898,-4.710000000000946,0.0,0.010000000000218279,7181.257151456747,5967.616410301646,0.0,0.0,0.0
cdc31d65,1,4840,2.91268845803405,2.2990445357242,2.0601286193848245,2.0601286193848245,-0.2238369848109869,4.339590739215055,-0.0005280164280067856,5.679833057482998,2.8370727492212495,-2.8427603082617487,0.07561570881280044,0.26487603305785123,0.6627180351077581,3.3376643669472426,4840,1767,12090.43,0,567.8553573978874,780.4415445756916,3.4751226887686557,4.0,-2.0983400280736197,1.0,1.0,1768,4840,0.4493801652892562,0.43552036199095023,123.82999999999993,27.019999999998618,133.8099999999995,-133.8099999999995,-9.979999999999563,0.0,-0.040000000000873115,6011.846125268305,4832.727291633304,0.0,0.0,0.0
d273674e,1,3899,2.0749257952293423,1.6524824612365487,-1.57858078898493,1.57858078898493,-0.1750987267641903,-4.65552284561636,0.0004928758150053766,3.341601703942997,2.3154628410342757,-1.0261388629087214,-0.2405370458049334,0.0,0.7585515582528519,-2.5391957524304094,3899,1838,11954.09,0,737.4931271712072,989.2880088731818,1.1591287497282934,3.18559579719164,0.3199178406595759,1.0,1.0,1839,3899,0.20671967171069505,0.1789015769439913,98.22999999999956,18.68000000000029,107.85000000000036,107.85000000000036,11.670000000000073,-0.010000000000218279,0.039999999999054126,5101.70306075651,3896.44972965136,0.0,0.0,0.0
d40f61d5,1,4039,5.5471690511559375,5.095549722461561,5.095549722461561,5.095549722461561,0.689983253907485,3.9722169189353735,0.0007939419601757656,7.399715549255862,5.6196457275979546,-1.7800698216579072,-0.07247667644201705,0.0,0.3212538517259649,3.492580904866693,4039,1840,11201.06,0,710.1250786478988,930.7068510681506,2.281643241758947,3.38469071292068,7.613146309372437,1.0,1.0,1841,4039,0.15424610051993068,0.15535035306898426,117.71999999999935,17.269999999998618,116.29000000000087,-116.29000000000087,1.3999999999996362,-0.029999999998835847,-0.010000000000218279,5351.60288499605,4034.548411631761,0.0,0.0,0.0
d41beaf2,1,4753,3.3954885032546374,2.5521403194245744,1.157393634903584,1.157393634903584,-0.1922184694085444,0.1455058444407768,-0.0002243328565332303,2.9262858891143724,3.5175817898222435,0.5912959007078711,-0.1220932865676061,0.0,0.7030004782625437,1.6904085020265391,4753,1838,11225.78,0,646.4693853733761,768.3738098254661,0.8282994814451612,3.312500698970692,-16.494548482421514,1.0,1.0,1839,4753,0.2852934988428361,0.22838499184339314,203.6900000000005,32.72999999999956,188.11999999999898,188.11999999999898,-15.570000000001528,0.0,0.049999999999272404,6091.930706514855,4745.190895938904,0.0,0.0,0.0
d50c649a,1,4873,3.2199073683289985,2.3250727426353275,-0.15218752971160965,0.15218752971160965,0.7722899983727984,10.369108876020618,0.0015356290157346516,3.587199403989531,3.2791125595341164,-0.3080868444554148,-0.05920519120511791,0.16478555304740405,0.6735448323339857,-3.8929798120412213,4873,1674,11914.25,0,644.9726581801831,911.50970446004,2.756141099610684,4.0,9.34299273735261,0.9940488405499692,1.0,1675,4873,0.33182844243792325,0.20716417910447762,228.47999999999956,18.5,231.67999999999847,231.67999999999847,3.219999999999345,0.020000000000436557,0.020000000000436557,6125.807874869313,4864.862572622173,0.0,0.0,0.0
d63196fe,1,4510,7.853552996726448,6.6481402831232925,6.4268421812585474,6.4268421812585474,-0.0728558681657887,12.947735871381155,0.003278807981546596,10.446184456919825,7.77491421174966,-2.671270245170165,0.07863878497678733,0.3649667405764967,0.34346410353503026,-0.9652304131382546,4510,1370,12057.08,0,985.4394204618025,1562.969451852735,3.184045102823392,4.0,-13.813310639839852,0.7037694013303769,1.0,1371,4510,0.18070953436807094,0.10649161196207148,150.23000000000138,32.58999999999833,118.69000000000233,118.69000000000233,-31.539999999999054,0.0,0.049999999999272404,5587.597574250225,4505.867715989875,3.0,1330.0,159815.03488179756
d6c320d9,1,5452,12.16873265885364,11.483912403646455,-11.184474956587591,11.184474956587591,6.629097059485503,-21.88729593813332,-0.001541848478246517,12.521008941856852,11.73694436127789,-0.7840645805789617,0.4317882975757499,0.07079970652971386,1.8189823232642965,-6.982166929126717,5452,1493,11167.64,0,656.9561965041664,1607.153327672604,1.963040128297848,4.0,-0.7334096111499955,0.3195157740278797,1.0,1494,5452,0.036867204695524576,0.03413654618473896,174.1200000000008,19.920000000000073,156.42000000000007,-156.42000000000007,17.700000000000728,0.0,-0.00999999999839929,6608.646386155128,5445.508338851339,3.0,3710.0,709518.2878892637
d84b621b,1,3994,7.1967786820261415,6.297353882554504,5.987162803168534,5.987162803168534,0.5075632027856045,10.427346010048495,0.002949572958460395,3.807131019724671,7.058380775599075,3.2512497558744045,0.13839790642706618,0.6892839258888332,0.7230171805284693,0.09834039160235462,3994,1751,11205.51,0,1181.4496388971068,1415.215150356581,4.0,4.0,-8.651182112012433,0.771156735102654,1.0,1752,3994,0.32073109664496746,0.1552511415525114,127.59000000000015,27.06999999999971,112.19000000000051,112.19000000000051,-15.030000000000655,-0.040000000000873115,0.06999999999970896,5221.031292944531,3984.9133542523764,2.0,914.0,102590.89948296692
d90aa14c,1,10018,8.495170075450053,6.985304754090445,-4.413594116008758,4.413594116008758,3.5878005326521816,18.957640365282717,0.0006462146389618929,9.73729156527725,10.735818890311789,0.998527325034539,-2.2406488148617356,0.7995607905769615,4.265878837868962,-7.650160135249397,10018,2122,10916.87,0,3348.0510226098886,9225.330590430434,4.0,4.0,10.657451616605329,0.7750049910161709,1.0,2123,10018,0.3864044719504891,0.4837494112105511,321.9500000000007,48.81999999999971,297.14000000000124,297.14000000000124,-24.850000000000364,-0.040000000000873115,0.05999999999949068,11583.107627574918,10001.697052305708,3.0,2254.0,481892.19507366436
d924e971,1,3184,25.945756636324532,18.92075325786648,-18.768254904390588,18.768254904390588,-1.2926700245679967,-53.48500490237893,-0.018790616739120334,24.154747510844167,26.010429749558977,1.8556822387148095,-0.06467311323444491,0.0,0.5770839653333473,11.137011635919425,3184,2123,12029.45,0,1043.5168575182,1107.153075064734,0.8544107148982729,3.876673004485741,19.05462382268624,0.4654522613065326,0.589824120603015,2124,3184,0.06469849246231156,0.17325800376647835,109.82999999999993,68.81000000000131,178.32000000000153,178.32000000000153,68.8700000000008,0.05999999999949068,-0.010000000000218279,4649.982309516407,3180.1294408405843,1.0,1702.0,2129019.395221551
da3bfe4e,1,5549,4.581694829868509,3.5119208236822614,2.7139641003246084,2.7139641003246084,2.5192187169795943,-1.3426193499399233,-9.637616165664673e-05,5.885595164997831,4.9416393848604185,-0.9439557801374123,-0.3599445549919098,0.0,1.4591245973905338,2.9813115727601454,5549,1557,10996.19,0,947.5193549078384,1179.292632057744,1.1843307038881896,3.155473990799829,-28.86073551962984,1.0,1.0,1558,5549,0.5846098396107406,0.3748395378690629,96.76000000000022,47.98000000000138,125.03000000000065,-125.03000000000065,-31.350000000000364,0.010000000000218279,-0.030000000000654836,6810.8348735464715,5540.015000494162,0.0,0.0,0.0
dd7d638e,1,4301,3.6557286007167296,3.0281725918317117,2.633366809824039,2.633366809824039,-0.0268802856371621,-0.3048118453625648,-0.00023358626670179702,2.3165276489992603,3.749212420867136,1.4326847718678755,-0.09348382015040624,0.7189025807951639,0.3505629875404616,3.1355772832329025,4301,1744,11194.27,0,592.5781759819696,1350.6614683275554,4.0,4.0,8.53722213702121,1.0,1.0,1745,4301,0.3717740060451058,0.24641833810888253,123.59000000000015,22.700000000000728,137.11000000000058,137.11000000000058,13.510000000000218,-0.010000000000218279,0.030000000000654836,5485.941417908121,4297.740246885614,0.0,0.0,0.0
ddc790ff,1,4726,4.673353368834524,3.6886948008517964,3.416095917394681,3.416095917394681,0.1799947331401199,10.157606825534458,0.00199076362977546,4.571571860169368,4.563918381641614,-0.007653478527754665,0.10943498719291078,0.0,0.8422155590713702,-1.2870831579498425,4726,1741,11314.96,0,802.4297956986234,1106.0540932749357,1.4962729223836826,3.703899380552684,1.1082695220109084,0.9843419382141346,1.0,1742,4726,0.41345746931866273,0.417910447761194,136.25,15.159999999999854,126.71000000000095,126.71000000000095,-9.529999999998836,0.010000000000218279,0.020000000000436557,5950.965362575451,4719.45240049113,0.0,0.0,0.0
df71d1ff,1,6228,16.368343784192167,14.527137894964373,14.332174342106667,14.332174342106667,-0.7757310357865208,3.844079654729285,0.00234162371598478,17.57769192300973,16.48901519487542,-1.0886767281343097,-0.12067141068325427,0.04784842646114323,0.5202599818479026,7.04152890238805,6228,1650,10959.0,0,1223.1634349093065,1567.9180446055022,1.886044624317304,4.0,10.32852009363368,0.2321772639691715,0.934649967886962,1651,6228,0.5716120745022479,0.38764385221078135,281.40999999999985,38.399999999999636,279.5699999999997,-279.5699999999997,1.860000000000582,0.020000000000436557,-0.06000000000130967,7452.3304571065455,6219.159823038708,1.0,4782.0,1643456.8880608957
e201fd6d,1,5070,9.324248491365505,7.7972140465118835,-1.642880826688244,1.642880826688244,0.3271982367787132,-11.303932537090075,-0.0036593743525197477,9.001466806614998,9.670752538846505,0.6692857322315078,-0.34650404748099994,0.0,1.1102302342098085,7.631803469773058,5070,1841,12517.570000000002,0,863.5869525705956,3177.19981040318,0.8195071320716825,2.806138366316698,-13.416781467777234,0.7037475345167653,1.0,1842,5070,0.27593688362919133,0.30130293159609123,165.3099999999995,40.529999999998836,170.3199999999979,170.3199999999979,5.009999999998399,0.0,0.030000000000654836,6367.039858909733,5060.46236271945,2.0,1502.0,334106.3153196632
e46f4ef4,1,7195,2.978320578996366,2.4203378324295914,-0.18661625140965327,0.18661625140965327,0.5327872362449853,-1.5568123814482533,-0.0008235321799026587,5.026182254990477,3.0952227750165933,-1.9309594799738838,-0.11690219602022722,0.6400277970813064,1.393380695831904,2.7756289997002104,7195,1734,12487.9,0,749.1944201602122,1851.7184570354516,4.0,4.0,-12.84093305872066,1.0,1.0,1735,7195,0.3879082696316887,0.3561959654178674,135.29000000000087,22.109999999998763,128.40999999999985,-128.40999999999804,-11.799999999999272,-0.020000000000436557,-0.030000000000654836,8413.921919778091,7180.963187351577,0.0,0.0,0.0
e730c32b,1,4728,4.294243489535772,3.393545401373592,2.9255972670908976,2.9255972670908976,1.737728127020091,3.800428428909072,0.00027012320838122155,4.2638589356929,4.264268516007389,0.00040958031448923293,0.02997497352838252,0.0,0.3049429704140862,2.28716106408188,4728,1740,11366.070000000002,0,1372.153111400185,1465.143780803164,0.1463409206661157,1.8200991963962725,17.122080728012676,0.9860406091370558,1.0,1741,4728,0.6298646362098139,0.4480183802412407,165.20000000000073,20.0,178.39000000000124,178.39000000000124,13.209999999999127,0.019999999998617568,0.00999999999839929,5924.763380426283,4719.503765460849,0.0,0.0,0.0
e9949a23,1,4559,6.713455326598657,5.473184168713735,3.4071249041091316,3.4071249041091316,0.8230117485454684,-12.042546972439595,0.0003207707313084378,8.59914584760061,6.803897172152536,-1.7952486754480743,-0.09044184555387869,0.14235577977626673,0.43546325288704696,2.676088407457199,4559,1847,12051.17,0,1037.5356480260623,1566.0290199259962,2.8456902809950115,4.0,14.187392841335551,0.8153103750822549,1.0,1848,4559,0.40930028515025224,0.28679653679653677,111.05999999999949,48.68999999999869,134.42000000000007,134.42000000000007,23.340000000000146,-0.020000000000436557,0.040000000000873115,5833.895708532676,4555.5719989481695,2.0,842.0,118180.20276665411
ea0b99b7,1,9239,7.476361976893866,6.426314732998032,-5.9310673301876,5.9310673301876,-4.431324673769268,0.5197808801931387,-1.0075022130994246e-05,10.004950789577492,7.814340738192261,-2.1906100513852316,-0.33797876129839466,0.2829310531442797,1.892253641686185,-5.88453080296454,9239,1699,12518.2,0,1347.063189479004,3191.493018639391,2.7709006092703543,4.0,3.5036463143988623,0.7622037016993181,1.0,1700,9239,0.5112025110942743,0.518235294117647,317.1700000000001,27.589999999998327,304.21000000000095,-304.21000000000095,13.0,0.040000000000873115,-0.05999999999949068,10430.147911255972,9224.000662060917,4.0,2152.0,281697.10796565
ec0d597b,1,4616,13.327242137585895,10.019915346946387,-8.399050582053523,8.399050582053523,-1.1054732996417442,-0.6055310067695245,-0.0051982321204292435,12.227918054143498,13.81850850834963,1.5905904542061329,-0.4912663707637357,0.21338821490467938,1.7628700445183658,3.5958700358369575,4616,1835,10936.98,0,1471.30735457444,1839.5646343972048,1.470612275254643,4.0,-7.737125146003549,0.6085355285961872,0.9295927209705372,1836,4616,0.06737435008665511,0.08278867102396514,103.53000000000065,44.279999999998836,105.13999999999942,-105.13999999999942,-9.289999999999054,0.0,-0.049999999999272404,5883.536972031101,4610.368444983738,1.0,1807.0,767219.6926476739
edf885a3,1,3117,7.580920047980286,6.276496878801161,-6.159316585683986,6.159316585683986,-1.7496135919682274,-2.1543499179315404,-0.0023278094021822525,7.389726134130741,7.623699565827166,0.23397343169642504,-0.0427795178468795,0.0,0.29947685617510716,-2.532589537084037,3117,1745,12280.14,0,758.761117562506,1149.6386791079838,2.3171243670577355,3.10101316545571,-3.476011471951993,0.655758742380494,1.0,1746,3117,0.1206288097529676,0.07617411225658649,95.36000000000058,24.860000000000582,92.27000000000044,92.27000000000044,-3.0799999999999272,-0.010000000000218279,0.039999999999054126,4360.631005758993,3113.341829176264,1.0,1073.0,132566.20148983924
ee288beb,1,4638,19.21077122177702,15.75448783040184,-15.430869666596882,15.430869666596882,0.2322897606245533,-37.47496124580903,-0.00844932696649014,22.27052798214083,19.235081553331,-3.0354464288098306,-0.024310331553980546,0.7015955153083225,0.5933946016194199,4.158894905210497,4638,1551,11020.51,0,915.7471749340252,1501.6699708409428,4.0,4.0,4.152278338801065,0.3548943510133678,0.7188443294523501,1552,4638,0.32621819749892195,0.22487113402061856,166.27000000000044,59.75,120.46000000000095,-120.46000000000095,45.659999999999854,-0.06999999999970896,0.010000000000218279,5702.950129866901,4628.976527268259,1.0,2992.0,1668434.6453753584
ef8e3ed0,1,5224,6.838761271788903,5.659747268822105,4.660353205326348,4.660353205326348,-0.9688847254928988,0.6673770204633911,-0.0008683772581221912,6.73449271625812,7.03466235348931,0.30016963723118995,-0.19590108170040654,0.08250382848392036,0.7872230957237536,6.928120414912454,5224,1412,12120.11,0,792.8135501650972,895.3321909914205,1.8973698477174767,4.0,-13.415610948482165,0.8556661562021439,1.0,1413,5224,0.4971286370597244,0.3750884642604388,156.59000000000015,32.8799999999992,141.09000000000015,141.09000000000015,-15.510000000000218,-0.010000000000218279,0.019999999998617568,6456.313416250451,5217.170018257138,1.0,754.0,118649.27431084625
f07d7037,1,5563,2.931145786641458,2.289855534516238,1.5541085073307028,1.5541085073307028,-0.2523906717196951,-3.721400304371855,-0.0002076679194316793,3.202385407015121,2.9022726146907027,-0.30011279232441845,0.02887317195075534,0.0,0.15379228524568514,2.131632991270203,5563,2124,12125.35,0,646.1486063204984,783.1870685859313,0.4560514393420622,1.0199683888901896,11.550089485280497,1.0,1.0,2125,5563,0.043321948588890886,0.03529411764705882,128.8700000000008,16.3799999999992,144.1800000000003,144.1800000000003,15.299999999999272,-0.010000000000218279,0.030000000000654836,7102.384681783976,5558.522544750491,0.0,0.0,0.0
f140c2fa,1,4082,1.2868363619748655,0.9850746520856116,0.21083065682716198,0.21083065682716198,-0.1120890846468682,-3.3118143443134613,0.0002614709363248037,2.9012521137248073,1.3753861549650293,-1.525865958759778,-0.08854979299016374,0.030867221950024497,0.6336749544896481,-0.3227007887436001,4082,1941,12058.27,0,585.4750878772649,1028.0861963496468,0.855388511026343,4.0,-17.201410714150825,1.0,1.0,1942,4082,0.21362077413032826,0.21833161688980432,153.42000000000007,22.670000000000073,131.5099999999984,131.5099999999984,-21.890000000001237,0.020000000000436557,0.019999999998617568,5435.894166840449,4077.5126709428923,0.0,0.0,0.0
f49fdea3,1,5391,6.683760565109077,5.338322329706507,-3.5233515499615993,3.5233515499615993,-1.8502990210745336,-9.04170736091328,-0.0019544881870310633,9.178653519118125,6.465537091086585,-2.7131164280315403,0.21822347402249243,0.8252643294379521,0.9681257111377009,1.7439941140871142,5391,1635,12101.06,0,1165.8404476816086,2359.874776953209,4.0,4.0,1.1677536482870376,0.860879243183083,1.0,1636,5391,0.05639028009645706,0.05134474327628362,229.11000000000058,17.179999999998472,242.26999999999862,242.26999999999862,13.170000000000073,0.010000000002037268,0.010000000000218279,6522.945343382575,5383.680874764037,1.0,750.0,124752.09712495876
f8662c22,1,5429,7.363590473961277,5.729678559563507,-5.1860544929711345,5.1860544929711345,-1.2561678948459305,-5.148276753281607,-0.0021680216112842945,10.06908561644277,7.557945774497449,-2.5111398419453206,-0.19435530053617267,0.6894455700865721,1.2723442647690608,0.697956160054442,5429,1527,11705.46,0,858.8205494749544,1565.7154483254992,4.0,4.0,-3.64799165959921,0.7067599926321606,1.0,1528,5429,0.5074599373733653,0.35732984293193715,188.8099999999995,26.88000000000102,181.79999999999927,-181.79999999999927,7.020000000000437,0.010000000000218279,-0.030000000000654836,6662.851901706936,5419.7422215914785,3.0,1587.0,237230.4313411244
f8afa78a,1,6032,6.459810667544221,5.019425707249959,-3.9431510443847517,3.9431510443847517,-0.2685072860876971,-10.8044597630942,0.0005420717225516118,8.98277676612605,6.317227595257673,-2.665549170868376,0.14258307228654754,0.4955238726790451,0.511659120982296,-5.577768323739134,6032,1334,10968.070000000002,0,1170.4354637163528,1336.75755603799,3.955587210772297,4.0,11.190850278449236,0.8280835543766578,1.0,1335,6032,0.4923740053050398,0.3797752808988764,226.48999999999978,25.710000000000946,201.03999999999905,-201.03999999999905,25.43999999999869,-0.010000000002037268,-0.020000000000436557,7066.9893627416095,6024.602022540741,1.0,933.0,137032.1818544463
fb3848a1,1,5919,9.43252666876214,7.512911388215033,-7.283987581391113,7.283987581391113,4.833033331606202,-19.21090017541792,-0.0029730163205205734,10.490830708679301,9.404921734569765,-1.085908974109536,0.027604934192375197,0.06284845413076533,1.7865359520458783,1.513167711029261,5919,1939,10937.11,0,703.2840867320832,878.8940531425153,1.7372862317703397,4.0,-9.282972917376194,0.6455482344990708,1.0,1940,5919,0.6058455820239905,0.4623711340206186,188.88000000000102,22.3700000000008,198.20000000000073,198.20000000000073,9.329999999999927,0.010000000000218279,0.030000000000654836,7292.991079466376,5912.107047720069,3.0,2098.0,438127.4630223762
fbd68d27,1,6829,4.218474145526725,3.4617182042468126,2.528748757880448,2.528748757880448,-0.2350906277752074,11.26927408418851,0.0015692490279414903,7.305139064556219,4.330228495532606,-2.9749105690236126,-0.11175435000588063,0.5926197100600381,0.8462801033928802,-2.8286674235117992,6829,1722,11231.63,0,780.9104419363346,1122.7044544871362,4.0,4.0,-8.363768009764534,0.9815492751500952,1.0,1723,6829,0.2525992092546493,0.09460243760882182,207.60000000000036,38.94999999999891,230.09000000000015,-226.76000000000022,-19.539999999999054,0.040000000000873115,-0.010000000000218279,8163.11305075259,6821.067782466145,0.0,0.0,0.0
fc03f21f,1,4803,11.785406882778291,8.329706222238904,8.118038403776334,8.118038403776334,0.4515362674083008,27.539605484776985,0.004563174665868362,9.296820116092372,11.827670901087572,2.5308507849952004,-0.042264018309280615,0.5586092025817198,0.805219754651804,-2.8381439689736014,4803,1398,11887.91,0,982.6342758373078,1571.8796173527471,4.0,4.0,-2.603966910924795,0.7116385592338123,0.9027691026441808,1399,4803,0.07287112221528212,0.06647605432451752,227.53000000000065,27.909999999999854,199.69000000000233,199.69000000000233,-27.86999999999898,-0.030000000000654836,0.07999999999992724,5640.3354189786405,4791.032999782265,3.0,1265.0,561271.0160795713
fd3b4faa,1,5022,2.5860071237156013,1.952500328640116,-1.636190441860282,1.636190441860282,1.043187478202526,-3.3284939721634146,0.00023599872241648738,4.912195808235181,2.9373856559398197,-1.974810152295361,-0.35137853222421844,0.2801672640382318,0.9186382286952587,-2.228665234486873,5022,1933,11338.92,0,1103.179569030446,1301.5884334150237,1.6815675993725998,4.0,-1.463537785545225,1.0,1.0,1934,5022,0.5503783353245719,0.5573940020682523,168.85000000000036,22.220000000001164,175.5599999999995,175.5599999999995,7.260000000000218,0.0,0.040000000000873115,6395.698407018997,5014.597150689073,0.0,0.0,0.0
ff8bb73a,1,5927,5.128532686800227,3.7149663041190557,3.158020783542865,3.158020783542865,-0.4741832107847585,-3.20420076866867,0.000570442419017172,6.298347866219061,6.192426880759031,-0.10592098546002937,-1.063894193958804,0.14391766492323266,1.6185321970913051,1.4677998959949852,5927,1742,11211.820000000002,0,353.1270980823296,2971.2023179596063,1.2344608143347575,4.0,0.7243947412149829,0.927788088408976,1.0,1743,5927,0.05230302007761093,0.03843947217441193,276.1799999999985,43.79000000000087,276.369999999999,276.369999999999,0.17999999999847205,-0.010000000002037268,0.06000000000130967,7149.292751693578,5913.613073992837,1.0,428.0,70664.08089628385
015fe0d2,2,4296,7.440671131132815,5.258820837671413,-4.616438039267939,4.616438039267939,-0.5846138756514847,2.124684238420741,-0.0019684049200171506,5.513073227121532,7.410903364480169,1.8978301373586373,0.02976776665264591,0.45554003724394787,0.5951172802447141,-0.3892884735311068,4296,1653,12233.78,0,1191.6063619437457,1398.1066872915574,2.906164605020652,4.0,28.153440259854243,0.7816573556797021,1.0,1654,4296,0.3202979515828678,0.08282950423216445,176.82999999999993,38.61000000000058,152.8799999999992,-152.8799999999992,23.979999999999563,0.029999999998835847,-0.06999999999970896,5710.270740373737,4289.813344424114,1.0,938.0,189792.8287350579
059c8f24,2,6258,12.919446724800181,11.213319129647754,8.173849757658319,8.173849757658319,0.7145667389831942,-34.29058547040222,-0.002991239263225828,14.763768754905193,12.548226640821863,-2.2155421140833305,0.3712200839783186,0.5607222754873762,2.569591610575717,17.531941792660312,6258,1739,10300.070000000002,0,2044.3395166409448,7439.644174860068,4.0,4.0,-2.0004978208414173,0.4964844998402045,0.9697986577181208,1740,6258,0.43528283796740175,0.3086206896551724,247.86999999999898,31.31999999999971,242.0,-196.61000000000058,26.05999999999767,0.039999999999054126,-0.040000000000873115,7485.223824905248,6246.359036254398,2.0,3151.0,923413.5892126481
0955cd6c,2,5195,3.299150533744116,2.7940244132525804,-0.7689888907354457,0.7689888907354457,-1.270493614314546,7.457495121241664,0.0015339420182202898,3.7840762787872166,3.6784071464436794,-0.10566913234353725,-0.37925661269956334,0.2673724735322425,1.0141128592944795,-4.752636312053533,5195,1929,12184.63,0,679.4311865819294,1089.1968822942135,2.512003680898271,4.0,-3.4525044704071206,1.0,1.0,1930,5195,0.6454282964388836,0.4067357512953368,118.31999999999971,20.079999999999927,129.15999999999804,-129.15999999999804,-10.839999999998327,0.0,0.0,6663.349932726749,5187.989740824269,0.0,0.0,0.0
0bbf5e67,2,4298,1.4794049271649736,1.1762668990217278,-0.749049787315193,0.749049787315193,0.0874484644682525,-5.485994625076273,-0.0003390981463299846,2.604677769302208,1.9898942317463144,-0.6147835375558934,-0.5104893045813408,0.1137738483015356,0.8187304124569436,-0.02049741992522104,4298,1732,10947.13,0,1062.7506582682215,1194.5568310467984,1.0656249363588834,4.0,-22.28280455403877,1.0,1.0,1733,4298,0.5274546300604932,0.432198499711483,107.35999999999876,31.1299999999992,124.97999999999956,-124.97999999999956,-20.899999999999636,-0.06999999999970896,0.020000000000436557,5483.843955184884,4292.357551392996,0.0,0.0,0.0
0be01c24,2,4738,6.360793850452679,5.243239964300927,-4.057324443915197,4.057324443915197,-1.1312076494650682,-10.802221665890102,-0.0030639995200600163,4.196029919567723,6.455469200004991,2.2594392804372685,-0.09467534955231205,0.3879273955255382,0.5100936754834691,3.1997584193469484,4738,1646,11306.28,0,795.3695740345468,1270.218462410692,2.5107846639133133,4.0,4.152489908083807,0.8763191219924018,1.0,1647,4738,0.03503588011819333,0.04796599878567092,175.53999999999905,20.969999999999345,168.97999999999774,-168.97999999999774,6.579999999999927,0.019999999998617568,-0.050000000001091394,5910.643793842989,4732.676661890218,1.0,547.0,62625.228203863495
0dc5e64d,2,4879,15.422260357515311,10.209567235780582,-9.633812976386517,9.633812976386517,0.1403225075446244,-43.738979415258655,-0.00504825361749359,17.177831966502325,15.547859987604141,-1.6299719788981832,-0.12559963008883024,0.14203730272596843,1.1643190847744938,2.6788775966803455,4879,1311,10861.64,0,1361.4013113792248,1898.5309032509128,2.18589303629874,4.0,5.847524835663009,0.7265833162533306,0.8639065382250462,1312,4879,0.011477761836441894,0.009908536585365854,252.3700000000008,65.95999999999913,198.97000000000116,-198.97000000000116,53.409999999999854,0.010000000000218279,-0.030000000000654836,5888.1876389537065,4869.090697009146,1.0,1281.0,1048032.5380675131
0e5e560d,2,3253,5.493134086983016,4.226674920371314,0.8277977881861567,0.8277977881861567,-2.56650374167657,13.563589214645615,0.005113767617134627,6.362633635501283,5.6755126712686375,-0.6871209642326459,-0.1823785842856216,0.0,0.5628425553169804,-7.487188357274745,3253,1642,11012.59,0,2377.032609305467,3045.817930462476,1.7589239065404405,2.926015990102937,7.681861940439309,0.9071626191208116,1.0,1643,3253,0.2846603135567169,0.17102860620815583,125.53999999999905,24.93000000000029,118.48000000000138,118.48000000000138,-6.729999999999563,0.049999999999272404,0.010000000000218279,4385.864671034641,3246.8620382301165,1.0,302.0,49853.359495321245
113011eb,2,3272,10.51307817500145,8.325645359519047,7.576583361043985,7.576583361043985,-1.257910165706562,12.730294033215614,0.006655986492211834,7.69320961717273,10.396004374059451,2.702794756886721,0.11707380094199848,0.6115525672371638,0.4843441294505447,-3.309282546968465,3272,1288,12534.83,0,998.9875350699548,1484.594683895531,4.0,4.0,8.542836649620194,0.4810513447432762,1.0,1289,3272,0.5030562347188264,0.4142746314972847,134.77000000000044,20.55999999999949,134.88000000000102,-134.88000000000102,-0.1000000000003638,0.010000000000218279,-0.040000000000873115,4382.650957671631,3267.092576098747,1.0,1698.0,349992.6671231097
11d0f5ac,2,4883,2.8750005661441613,2.3789531257956456,1.4099006751590553,1.4099006751590553,1.264657032523246,-1.4080136958382354,0.00018486967933164695,2.636911517858853,2.8174993972898963,0.18058787943104315,0.05750116885426504,0.053655539627278315,1.6533968442488716,0.9586337879105055,4883,1494,10917.26,0,2047.8876925321583,2831.070121283883,1.483328043767805,4.0,26.87084780333747,1.0,1.0,1495,4883,0.4040548842924432,0.27224080267558526,138.8099999999995,28.76000000000022,161.4399999999987,161.4399999999987,22.610000000000582,-0.019999999998617568,0.049999999999272404,6128.192967393788,4876.860543526203,0.0,0.0,0.0
12203f2a,2,3261,5.226987557908581,4.7837342365301785,3.9412867018420528,3.9412867018420528,-1.3008120727099597,-8.892150594314444,-0.0018301826198824018,7.332290698572654,5.269557171718253,-2.0627335268544016,-0.042569613809671836,0.6304814474087703,0.6419664957448736,6.924484372250366,3261,1729,12031.41,0,1687.5221225293594,2476.738404030624,4.0,4.0,-5.786957877154059,1.0,1.0,1730,3261,0.291015026065624,0.1994219653179191,123.73999999999978,20.920000000000073,121.16000000000167,121.16000000000167,-2.5899999999983265,-0.010000000000218279,0.049999999999272404,4457.0800756226845,3256.158453653563,0.0,0.0,0.0
122bd617,2,4570,4.299046336904069,3.514971824505597,-0.4911832938886521,0.4911832938886521,1.3599166545445769,-5.1539500916187535,0.0011189814879784816,5.398139474968917,4.872549384176049,-0.5255900907928677,-0.5735030472719806,0.10153172866520788,1.240103845610307,-3.0474965031754935,4570,1837,10813.01,0,741.3836647276963,1104.7954900456648,0.608692802708146,4.0,11.811641919734672,1.0,1.0,1838,4570,0.30459518599562363,0.26550598476605003,163.48999999999978,40.18000000000029,172.95999999999913,172.95999999999913,9.489999999999782,0.020000000000436557,0.030000000000654836,5813.471839062502,4562.244138491311,0.0,0.0,0.0
13ce113d,2,2966,3.2738902296864376,2.0992361144760534,-1.9431302283535827,1.9431302283535827,-0.6260435251788294,-10.070976408631395,-0.0022691521661498968,4.587026009125978,3.4143653843813593,-1.1726606247446187,-0.14047515469492167,0.0,0.7865488562982379,1.4208878579636364,2966,1908,11186.15,0,6516.901819392457,8245.83319559755,0.9277993959424276,2.275933458765484,-3.26764398193584,0.9979770734996628,1.0,1909,2966,0.19116655428186108,0.18543740178103718,95.43000000000029,14.380000000001019,105.07000000000153,105.07000000000153,9.640000000001237,0.0,0.040000000000873115,4344.094883146105,2960.2014770111678,0.0,0.0,0.0
13f598d9,2,7306,7.943506484621443,6.373352317234836,6.354658892238126,6.354658892238126,0.2185446635539847,4.330335378253949,0.0012879788201149546,10.8631723941811,8.127756070769678,-2.735416323411423,-0.18424958614823517,0.3274021352313167,0.9902731860931875,1.6503162517682552,7306,1627,12518.61,0,544.9967357012571,1933.709497015896,3.4392546125269075,4.0,27.88044177996694,0.7966055297016151,1.0,1628,7306,0.556118258965234,0.4355036855036855,220.8799999999992,25.8700000000008,232.75,232.75,18.079999999999927,0.049999999999272404,-0.040000000000873115,8539.007083142411,7292.517411004154,1.0,1486.0,323888.52982481034
14ab73fb,2,3649,10.842140439527526,8.989518344841342,8.981036070800817,8.981036070800817,3.887060653161825,33.64710829864089,0.0032917545549655284,11.471914970115222,11.252480786397049,-0.2194341837181728,-0.41034034686952303,0.05892025212386955,1.595787544339381,2.9768757625436963,3649,1629,11311.54,16,2287.02187533231,2889.458072895957,1.7303237398984492,4.0,5.676016906819426,0.5741298986023569,0.9684845163058372,1630,3649,0.4097012880241162,0.37975460122699384,44.850000000000364,30.329999999999927,45.19000000000051,-40.159999999999854,-30.340000000000146,-0.010000000000218279,0.040000000000873115,4904.869666485062,3646.0676436949525,2.0,1554.0,365653.523944082
153552f5,2,4695,4.337206293751977,3.6358409669172422,1.4785297775307096,1.4785297775307096,1.30045905357656,5.582031688574716,0.0026490302103954334,5.79781387161868,4.184318531617425,-1.613495340001255,0.15288776213455169,0.21214057507987222,0.983568550028321,-4.738744126267372,4695,1802,12085.88,0,923.6038051021784,1291.425095776479,2.148091708629283,4.0,0.156831740610573,1.0,1.0,1803,4695,0.2078807241746539,0.13477537437603992,172.38999999999942,17.0,165.15999999999985,165.15999999999985,-7.229999999999563,0.0,0.050000000001091394,5948.906807912375,4690.468308665642,0.0,0.0,0.0
155887bb,2,5585,3.4877980183078976,2.8632790758049977,-0.7557520218108337,0.7557520218108337,-3.137526157530374,-9.94328046029841,0.0008448349914105781,4.854678129642222,3.664713383937437,-1.1899647457047853,-0.17691536562953925,0.4830796777081468,1.3271538822350144,-3.1145313178291674,5585,1476,12294.490000000002,0,799.022894994136,1249.3126922534882,3.890394630370791,4.0,15.599197016481194,1.0,1.0,1477,5585,0.2712623097582811,0.16655382532159782,117.97000000000116,35.159999999999854,144.63000000000102,144.63000000000102,26.609999999998763,-0.050000000001091394,0.07999999999992724,6441.631561443118,5558.170689606129,0.0,0.0,0.0
1619e2ca,2,4443,7.433150154729539,6.294133953020344,-5.804174309968491,5.804174309968491,-0.3510183806156419,-20.515646671487048,-0.002944409982995756,8.012543902543353,7.909211131047398,-0.1033327714959551,-0.47606097631785893,0.026108485257708754,1.7684224090595115,0.7353602622650839,4443,1558,11455.88,0,1438.04715278259,2414.491517095353,0.6659567192874021,4.0,-10.281918711806757,0.8291694800810263,1.0,1559,4443,0.3968039612874184,0.2584990378447723,135.0699999999997,29.05000000000109,127.81999999999971,-127.63999999999942,4.920000000000073,-0.06999999999970896,-0.010000000000218279,5515.478618304656,4437.54392221662,1.0,759.0,124944.4329116061
1b08ed48,2,5618,1.8631796136972605,1.6018865665538293,-0.24949132806536736,0.24949132806536736,-0.7151020187138784,-0.8718183398996189,-0.0005265965950069813,2.52372971888581,1.9087303960616653,-0.6149993228241446,-0.045550782364404796,0.05411178355286579,0.5012387537206676,1.22945520901174,5618,1556,12122.9,0,664.4239023772108,815.0186043584205,1.3509978835197605,4.0,-16.01964426388265,1.0,1.0,1557,5618,0.5802776788892845,0.4341682723185613,164.26000000000022,21.31000000000131,151.38000000000102,151.38000000000102,-12.8799999999992,0.0,0.020000000000436557,6865.428959535348,5612.483821714079,0.0,0.0,0.0
1fee2b62,2,4641,3.611554242121043,3.0611530664337576,-0.6363168522112973,0.6363168522112973,-0.925567341486385,-3.3489248709411186,-0.001114807955253586,4.08769172925696,3.617329891276619,-0.47036183798034115,-0.005775649155575824,0.0,0.892097419059712,1.9500376039770222,4641,1681,12510.64,0,1444.2973973874507,1891.0183062371775,1.90351779620458,3.7707244245308194,5.6958989169515535,1.0,1.0,1682,4641,0.5850032320620556,0.4708680142687277,137.48999999999978,25.770000000000437,141.14000000000124,141.14000000000124,3.650000000001455,0.0,0.029999999998835847,5845.6566410990945,4634.683408918051,0.0,0.0,0.0
201661b5,2,5955,8.018608009789983,5.582737614235734,-4.273281044213192,4.273281044213192,0.014475703388598,-8.073810759980915,-0.0034712454682037314,7.8740851634615545,7.609964743672549,-0.26412041978900547,0.4086432661174335,0.11788413098236776,2.1167316751857057,6.060616714629315,5955,2180,12188.4,0,1472.5148807400008,3115.749458769896,1.8215138499229608,4.0,-4.848496824085526,0.7628883291351806,1.0,2181,5955,0.06616288832913518,0.03851444291609354,207.51000000000022,45.969999999999345,209.71000000000095,209.69000000000233,3.2000000000007276,-0.020000000000436557,0.010000000000218279,7473.336626718922,5943.465937052282,1.0,1412.0,332395.62051237666
203721ab,2,5730,2.724036469257775,2.185692850588845,-2.1324316370054537,2.1324316370054537,-1.4400412998147658,-4.554286916767524,-5.6712630659759945e-05,4.74435948127567,2.652343850476552,-2.0920156307991182,0.07169261878122324,0.06666666666666667,0.9516599003873764,-1.9699783064805714,5730,1504,11200.73,0,1129.76476592515,1608.6059982016225,2.5062754109241987,4.0,-6.436675192477046,1.0,1.0,1505,5730,0.2048865619546248,0.18272425249169436,101.1299999999992,28.969999999999345,101.36999999999898,-99.0099999999984,1.5500000000010914,-0.010000000000218279,0.0,6847.159822275955,5724.778184488925,0.0,0.0,0.0
2075c696,2,3188,3.458643922886471,3.0574420549192936,0.24438399586780354,0.24438399586780354,0.6010327457534004,4.273766198275553,-0.0019659031646853667,5.2828947623696765,3.589719080640045,-1.6931756817296315,-0.1310751577535738,0.29705144291091595,0.3663363188296205,3.377050688793934,3188,2391,11192.35,0,1032.226951886047,2594.863941601832,2.513961486388998,4.0,26.42101709834456,1.0,1.0,2392,3188,0.0809284818067754,0.08403010033444816,138.39999999999964,32.11999999999898,113.92000000000007,-113.92000000000007,24.479999999999563,0.0,-0.020000000000436557,4775.184144585363,3182.253034643829,0.0,0.0,0.0
230eaaa3,2,4690,7.618423867159866,6.425519211073676,-1.6871998415398932,1.6871998415398932,-4.68507163076174,-13.597095137412907,-0.004597309827026521,10.12527322767172,8.016678283193801,-2.108594944477918,-0.39825441603393585,0.41002132196162044,1.3626849735077726,9.09119304792379,4690,1760,11430.25,0,1203.4708131276998,1866.0084410981367,2.3577252859226725,4.0,29.44647092092569,0.7059701492537314,1.0,1761,4690,0.18891257995735608,0.16524701873935263,180.90999999999985,83.3700000000008,126.89999999999964,-126.89999999999782,53.9900000000016,-0.020000000000436557,-0.020000000000436557,5858.41019995078,4676.277774779617,3.0,1379.0,170330.35004014906
24d8997e,2,3442,2.6241733801145437,2.0197522229715346,2.0197522229715346,2.0197522229715346,0.8932615333505964,5.501603363009053,0.0005096855175338224,5.541986370342035,2.868157482197889,-2.673828888144146,-0.2439841020833451,0.24055781522370714,0.7012094253193298,1.1428382900545937,3442,1745,11183.39,0,686.4871431607564,840.5195619671523,3.047487141004579,4.0,10.164321504883832,1.0,1.0,1746,3442,0.14875072632190586,0.07101947308132875,101.93000000000029,18.909999999999854,107.04000000000087,107.04000000000087,5.130000000001019,0.020000000000436557,0.0,4639.754298778158,3436.6995522158363,0.0,0.0,0.0
25939962,2,4319,3.1957974295513227,2.483005659819228,1.389074934007218,1.389074934007218,-1.2086649355405823,0.9645543423175696,-0.00041652472983053714,4.152505576089867,3.6851510990882983,-0.46735447700156874,-0.48935366953697557,0.023385042833989348,0.9448740798525587,2.2883518257113473,4319,1751,12257.09,0,578.4886604982717,906.8301776652556,1.4113089947216464,4.0,3.086273365408653,1.0,1.0,1752,4319,0.6225978235702709,0.4743150684931507,136.4400000000005,34.73000000000138,138.36000000000058,138.36000000000058,1.9200000000000728,0.0,0.029999999998835847,5521.1076177401355,4311.055333732299,0.0,0.0,0.0
264feceb,2,5665,2.4126618279296856,1.970855594483684,-1.5279140549230232,1.5279140549230232,3.7393962772730447,-4.034532202667833,2.7349889282031035e-05,4.028317737113207,1.8982194127532481,-2.130098324359959,0.5144424151764375,0.3954104148278906,1.3426076448639976,-1.6053689413697358,5665,1742,11199.93,0,674.4443983012596,948.5744557231644,2.082785138147074,4.0,-16.417067206611094,1.0,1.0,1743,5665,0.04289496910856134,0.037292025243832475,210.82999999999993,18.8799999999992,201.54999999999927,201.54999999999927,-9.300000000001091,-0.020000000000436557,0.05999999999949068,6898.432411082621,5655.515921726142,0.0,0.0,0.0
26d3a96a,2,4721,9.237303590223199,8.797067227259516,-8.381203875295913,8.381203875295913,5.834552617567169,7.326551336855118,-0.0003700534076229669,10.714763418246163,9.398766847027915,-1.315996571218248,-0.16146325680471563,0.21033679305231942,1.6975922198073699,-7.507877833305716,4721,1743,12631.820000000002,0,543.6801235329757,676.010452378043,2.7761897012294714,4.0,-17.794465630197273,0.6229612370260538,1.0,1744,4721,0.31709383605168395,0.32224770642201833,186.78999999999905,38.38000000000102,163.8199999999979,163.8199999999979,-22.94000000000233,0.029999999998835847,0.040000000000873115,5982.519141387327,4714.914871394623,1.0,1780.0,230062.50728566875
283269ac,2,2626,2.3300833707034796,2.169468762618113,-2.169468762618113,2.169468762618113,-0.3809839394489245,-5.015220318109641,-0.0009781543608208118,4.031963998379564,2.3112470704075276,-1.7207169279720365,0.018836300295951958,0.0,0.1672134744526572,-0.8856411640407975,2626,1940,11451.62,0,537.2138459216695,796.7446031349349,1.0243485956377865,3.068836669928981,-6.552590374717173,1.0,1.0,1941,2626,0.6770753998476771,0.46264811952601753,89.42000000000007,3.6200000000008004,89.19999999999891,89.19999999999891,-0.23000000000138243,-0.010000000000218279,0.039999999999054126,3996.262685209743,2622.7740401717924,0.0,0.0,0.0
28473855,2,4290,5.5300141609932645,5.125452777472592,-5.125452777472592,5.125452777472592,-1.122821320534058,-8.972121721231815,-0.0013102307168940544,9.607399769682873,6.519079431113299,-3.0883203385695737,-0.9890652701200349,0.5967365967365967,1.4783312911399888,-2.3156630050932914,4290,2329,10982.9,0,2489.0689109837026,2619.340838670644,4.0,4.0,-1.8373082950934805,0.9722610722610724,1.0,2330,4290,0.03076923076923077,0.0296137339055794,125.75,21.340000000000146,139.03000000000065,138.96999999999935,14.220000000001164,0.010000000000218279,0.030000000000654836,5920.578412134222,4276.121479214463,0.0,0.0,0.0
2be5c96a,2,4210,7.257700075033414,6.6273954908225035,5.480929309819943,5.480929309819943,0.3878342875741509,4.159360305564405,0.0023071165256822583,5.578036740712613,7.160277903940647,1.5822411632280335,0.0974221710927674,0.0,0.31011565395387186,0.6256025815216302,4210,1542,11797.61,0,693.5315002580362,1000.4070097344684,2.518758265183914,2.881306265474288,2.720080663253936,0.8460807600950119,1.0,1543,4210,0.7743467933491687,0.6079066753078418,152.3799999999992,14.81000000000131,151.27999999999884,-151.27999999999884,1.1199999999989814,0.019999999998617568,-0.050000000001091394,5365.863905728168,4206.082839317692,2.0,648.0,80130.33797722367
2d196986,2,6474,4.109735760302975,3.14488341925509,1.4263263087037426,1.4263263087037426,-3.858372770193455,6.183128171895078,0.0014948642760212797,4.73287833464072,4.333974261081454,-0.39890407355926616,-0.22423850077847884,0.025332097621254247,0.7568402693465175,-3.41180192063913,6474,1841,11202.46,0,774.7742466356215,1017.6328881405352,0.6975247710397505,4.0,-11.740812287264506,0.9925857275254866,1.0,1842,6474,0.01282051282051282,0.009229098805646038,177.14000000000124,31.549999999999272,158.67000000000007,158.67000000000007,-18.48999999999978,-0.019999999998617568,0.029999999998835847,7794.050368306802,6465.861158314413,0.0,0.0,0.0
2d2d0c6b,2,5045,8.80072287588847,8.07798778316184,-8.063289651657517,8.063289651657517,0.9915940333921752,-13.11601450800481,-0.0013362978651716578,10.22622413840257,8.821189405841126,-1.4050347325614432,-0.020466529952656742,0.20574826560951437,0.6440104588031575,-4.693146435694593,5045,1921,11193.320000000002,0,943.793436152116,1249.2157666713326,2.028851686481656,4.0,-9.334513203446656,0.6616451932606541,1.0,1922,5045,0.6251734390485629,0.5530697190426639,91.64999999999964,13.590000000000146,85.72999999999956,-85.72999999999956,5.920000000000073,0.0,-0.020000000000436557,6394.402443754878,5039.012827181601,2.0,1706.0,245403.92117658127
2e29e833,2,5428,15.100521497797597,14.076793909329309,-14.076793909329309,14.076793909329309,-0.2003374254145455,-22.23132773636462,-0.0023520908214269415,18.333267391492914,15.087256972840587,-3.246010418652327,0.013264524957010693,0.7175755342667649,0.47969487933126614,-7.694395465387302,5428,1825,12150.02,0,1009.2923804828652,1853.9323256595064,4.0,4.0,-24.35783343219968,0.1978629329403095,1.0,1826,5428,0.04476787030213707,0.03778751369112815,207.03000000000065,17.649999999999636,209.17000000000007,209.17000000000007,2.1299999999991996,-0.010000000000218279,0.049999999999272404,6784.3565984426,5422.845583021915,1.0,4354.0,1200553.1401023082
2e63d9de,2,4699,15.62173978375225,12.77539414516194,12.70904613222736,12.70904613222736,1.1780164120573318,15.823814805346046,0.006228408790309939,17.384571397685114,15.740625071381794,-1.64394632630332,-0.11888528762954387,0.22153649712704832,0.6386920077747523,-1.921486116210691,4699,1805,12533.92,0,1271.24946884954,2710.8920715974727,1.8832230430822887,4.0,6.1766563402016175,0.4481804639284954,0.9110449031708874,1806,4699,0.15556501383273036,0.12901439645625692,90.71999999999935,41.669999999998254,106.26000000000022,-104.30000000000109,-16.460000000000946,0.030000000000654836,-0.06000000000130967,5966.929109126804,4694.0836934380695,1.0,2531.0,1075452.4842010925
32fe84c9,2,6408,6.86961126066512,5.671409826741203,5.670914028404304,5.670914028404304,2.108847949781193,9.69565690066156,0.0013894620410020886,8.687106816309635,7.3446022516596985,-1.3425045646499365,-0.47499099099457887,0.0,1.4665878535484533,1.2197723800541138,6408,1754,12127.51,0,1398.8812785224334,2336.179975141273,2.1191245617944965,3.773597753901279,-13.879499291832856,0.8583021223470662,1.0,1755,6408,0.1518414481897628,0.13105413105413105,125.10000000000036,38.55000000000109,155.1200000000008,-155.1200000000008,-31.350000000000364,-0.019999999998617568,-0.010000000000218279,7678.093769497096,6403.193737542281,1.0,908.0,120931.10553266184
3417285d,2,5449,5.291722390453413,4.753844567674476,-4.39539836749042,4.39539836749042,0.558633958307837,-3.075177072407314,-0.00031505082818355335,8.544780101933362,5.4857666093262285,-3.059013492607134,-0.19404421887281575,0.7505964397137089,0.6361129063372333,-3.537199911518421,5449,2008,12164.85,0,955.7708968157106,1360.090562352316,4.0,4.0,25.045558276946814,1.0,1.0,2009,5449,0.09818315287208662,0.031856645097063215,112.26000000000022,45.7400000000016,144.59000000000196,144.59000000000196,32.44000000000051,0.029999999998835847,0.0,6771.721829015095,5395.930890680521,0.0,0.0,0.0
347242c8,2,3595,6.948253189937677,5.437540735095909,3.756100379664119,3.756100379664119,-0.8639678086910862,9.53480591767402,0.00424163487982188,5.085577891349155,6.905223833612008,1.819645942262853,0.04302935632566918,0.0,0.9437312492938915,-3.8661174993758,3595,1841,12035.04,0,1558.7388070245784,2227.6907221830647,1.8008456530326256,3.672309313390923,9.504256358700582,0.8328233657858136,1.0,1842,3595,0.05702364394993046,0.031487513572204126,158.15000000000146,10.340000000000146,155.66000000000167,-155.66000000000167,2.4899999999997817,0.0,-0.039999999999054126,4859.735845370104,3588.40654704824,2.0,560.0,78471.31804218968
3584a6eb,2,4494,12.167063555304235,11.050134529504108,11.050134529504108,11.050134529504108,0.0553303743890865,12.24303360112208,0.0027422308164400397,11.043559579769706,12.184576782522067,1.1410172027523604,-0.01751322721783133,0.0,0.6979382818617875,4.889713000371564,4494,1655,12223.77,0,845.9394239542409,1229.5548412329156,1.030836899564638,3.204833973811093,2.986334132674568,0.2828215398308856,1.0,1656,4494,0.20004450378282154,0.10929951690821256,120.45999999999913,13.610000000000582,111.15999999999804,111.15999999999804,-9.31000000000131,-0.010000000000218279,0.030000000000654836,5637.91479040726,4488.8635626626565,1.0,3223.0,628827.8696882993
368131f9,2,4991,5.250955409195134,4.665853289450442,1.240304795499207,1.240304795499207,-0.267106743182012,-7.16888063688566,-0.002800026847752475,4.8883318516466305,5.434010832981699,0.5456789813350689,-0.18305542378656536,0.0667200961731116,1.4902140028943163,8.226371780641628,4991,1576,11875.51,0,1093.6582264355843,1797.8509820688228,1.5419122837529184,4.0,22.035565870526703,1.0,1.0,1577,4991,0.6359447004608295,0.5168040583386176,188.22999999999956,43.05999999999949,212.6899999999987,212.6899999999987,24.469999999999345,0.010000000000218279,0.020000000000436557,6268.847904927968,4982.982442925148,0.0,0.0,0.0
3df4b19e,2,4988,3.0471971180488735,2.119530168346429,-0.717541084910719,0.717541084910719,2.5111332497253898,-3.5405019147965504,0.0006018438967337576,2.9394540752408655,2.7614128946499554,-0.17804118059091012,0.28578422339891807,0.0,0.48511787963537567,-2.218238841416343,4988,1669,11382.94,0,809.8939271901587,1080.4099499842273,0.9577895940052048,1.9746148444601943,-8.84806175318287,1.0,1.0,1670,4988,0.2947072975140337,0.23832335329341317,149.64999999999964,17.600000000000364,140.36999999999898,140.36999999999898,-9.290000000000873,-0.010000000000218279,0.029999999998835847,6185.699593856529,4981.386309954124,0.0,0.0,0.0
4121c517,2,3723,2.50644460525534,1.9269664710034302,-1.0015151517308676,1.0015151517308676,-0.927743083839232,-5.58068776348955,0.0003283335780517667,4.523034627542319,2.8555239628519513,-1.6675106646903681,-0.34907935759661113,0.284716626376578,1.2264458615159823,-1.6125439404852058,3723,1747,10947.09,0,527.6955920319353,1048.7003434370658,2.4926693760234224,4.0,5.604368027821192,1.0,1.0,1748,3723,0.38651625033575077,0.2030892448512586,145.67000000000007,28.290000000000873,158.32999999999993,158.32999999999993,12.670000000000073,0.010000000000218279,0.030000000000654836,4982.648028869155,3718.3214300137897,0.0,0.0,0.0
42669188,2,4282,2.767283452460125,2.2912060871655124,1.6311248498466382,1.6311248498466382,1.1453789462611894,7.771388068187662,0.0009829012782015826,4.596389581548366,3.385640783567767,-1.210748797980599,-0.6183573311076422,0.08734236338159738,1.4676074991688297,-0.4727753361438493,4282,1797,11623.16,0,1115.7208626941697,2151.4431149351126,1.2802047911303862,4.0,-25.08704580722708,1.0,1.0,1798,4282,0.0751985053713218,0.07341490545050056,183.23999999999978,37.75,147.34000000000015,147.34000000000015,-35.8799999999992,0.020000000000436557,0.030000000000654836,5534.130490619531,4274.90173717497,0.0,0.0,0.0
44a94013,2,4903,13.469113211890337,10.51566124509235,10.515627907325928,10.515627907325928,0.3624381380705017,41.19955413338721,0.0018073756571631275,14.960088832439146,13.517279547022273,-1.4428092854168728,-0.04816633513193658,0.41423618192943096,0.49740797602548836,6.085750171619106,4903,1588,10931.54,0,1300.2938506833214,1705.078177687338,0.8868513493915952,4.0,-14.685004275774691,0.5207016112584132,0.9271874362635122,1589,4903,0.2502549459514583,0.21774701069855254,220.64000000000124,60.07999999999993,160.5600000000013,160.5600000000013,-60.100000000000364,-0.020000000000436557,0.05999999999949068,6272.745982667483,4893.290967539147,3.0,2350.0,827832.1160147116
49dbc14c,2,3872,3.447555717581901,2.9940382347870713,-2.9773355430716673,2.9773355430716673,-0.0136488113239465,-0.0845281810034066,0.00036302311448252727,3.4700436611661174,3.4344815596845755,-0.03556210148154193,0.013074157897325467,0.0,0.30201306322558497,-3.6799667811525993,3872,1325,11199.1,0,820.4494818238146,964.5590823010735,0.133927323937509,1.1659537975151837,-7.736771446758698,1.0,1.0,1326,3872,0.6738119834710744,0.4230769230769231,118.73999999999978,17.110000000000582,124.97999999999956,-124.97999999999956,-6.229999999999563,0.010000000000218279,-0.039999999999054126,4911.573725422293,3868.2932858949616,0.0,0.0,0.0
4c3168cf,2,4334,2.915919818877539,2.3710524500614136,-2.2165333246349244,2.2165333246349244,0.2556129834047169,0.6808218409878464,1.6352075682556066e-05,3.3278182185911476,2.873388007936529,-0.4544302106546185,0.04253181094100977,0.0,0.5246442489171863,-2.2519600966011817,4334,1624,11997.88,0,510.23238333191847,590.7067229175111,0.6585277575319729,1.7830346989352792,2.698865558606958,1.0,1.0,1625,4334,0.23534840793724043,0.15015384615384617,126.06000000000131,16.01000000000022,131.95000000000073,131.95000000000073,7.1600000000016735,-0.019999999998617568,0.039999999999054126,5594.585122221124,4324.946536143626,0.0,0.0,0.0
4fbe9c06,2,6287,4.003342154497197,3.4193070719762235,0.3467830362406333,0.3467830362406333,-0.3176131592499587,-13.401008136022938,-0.00018355093353279842,5.264093715604438,4.126049490671084,-1.1380442249333536,-0.12270733617388707,0.3090504215046922,0.8582079280148037,0.9236836203342187,6287,1650,11207.94,0,718.431155800675,963.9743034047071,3.6203403580401736,4.0,0.6707350138757038,0.970733259106092,1.0,1651,6287,0.6146015587720693,0.536038764385221,216.77999999999884,24.730000000001382,211.2599999999984,-211.2599999999984,5.510000000000218,-0.010000000000218279,-0.010000000000218279,7384.797873953448,6279.920814548416,1.0,184.0,25063.167667326954
529e88ca,2,3417,10.643920750961822,8.443701259483344,-7.686445665907764,7.686445665907764,-2.18133228926672,-16.349662163413086,-0.00710199723292187,11.073268748267537,10.772849820540273,-0.3004189277272644,-0.12892906957845085,0.0,0.9025255930383423,4.4437656079227885,3417,1835,11004.46,0,1454.174124803886,1920.4812191028443,0.7185478748486029,1.536498769278227,-6.607315334551956,0.5610184372256365,1.0,1836,3417,0.549897570968686,0.4074074074074074,258.97999999999956,36.2599999999984,271.22999999999956,271.22999999999956,12.260000000000218,0.010000000000218279,0.040000000000873115,4666.332432486286,3401.4772006436897,2.0,1500.0,348104.7088590258
5397ceb1,2,5255,7.588410254256666,6.74419439777693,6.739840198763711,6.739840198763711,5.518728210063273,4.763252936609206,0.0009234454810811817,7.003937068126737,7.9290084353440005,0.9250713672172637,-0.3405981810873344,0.0,1.3871612602414265,4.3139489199634475,5255,1555,11402.9,0,1541.8749191326028,1891.8531821272843,1.2948964532159508,1.8355497286831208,17.879131119329728,0.7731684110371075,1.0,1556,5255,0.08544243577545195,0.05976863753213368,203.11000000000058,32.3799999999992,184.13000000000102,-184.13000000000102,14.149999999999636,-0.039999999999054126,0.019999999998617568,6441.762546552288,5247.075192266664,1.0,1097.0,152042.56943702803
53f23031,2,8550,8.903610568418381,7.829787446392218,-7.761015276443928,7.761015276443928,1.5719520116999774,-10.313210741747753,-0.001092472592159125,10.518766135482833,8.722680829339904,-1.7960853061429294,0.18092973907847743,0.23695906432748537,1.3929857965257346,-3.0912411812597456,8550,1649,11389.73,0,775.356951249051,2421.315146082796,1.6868200882163822,4.0,-3.126719004817792,0.668187134502924,1.0,1650,8550,0.04105263157894737,0.0036363636363636364,261.3100000000013,25.269999999998618,249.3700000000008,-249.3700000000008,11.930000000000291,-0.010000000000218279,-0.019999999998617568,9703.77723867133,8514.471052654913,2.0,2736.0,477086.1471563402
55efee7f,2,4801,9.962438904667795,7.231826545376117,-3.303562090785445,3.303562090785445,-2.226478994432909,-29.97436947193637,-0.003530648563352514,10.327991488987914,9.924430355261922,-0.4035611337259919,0.03800854940587328,0.1116434076234118,0.836938734453183,5.169994461260589,4801,1775,11228.11,0,710.2407220795443,1024.8825774811764,1.8538637821549415,4.0,-10.872648192818907,0.7935846698604457,0.9539679233493022,1776,4801,0.011039366798583628,0.18243243243243243,201.17999999999847,61.539999999999054,213.0799999999981,213.0799999999981,11.909999999999854,0.010000000000218279,0.06000000000130967,6134.611400294304,4793.022569829794,1.0,991.0,396667.39203327143
5693dde2,2,3488,19.011364472899928,16.12405071835489,16.11288524987696,16.11288524987696,-0.7442553907876572,29.95264191817296,0.009726541765089096,21.006875435362204,18.989545468803573,-2.0173299665586306,0.021819004096354178,0.2098623853211009,0.7315151925859997,-0.8453403175558702,3488,1357,12249.48,0,1515.5562439087305,2147.308111671741,1.2040131453618796,4.0,30.29764242803192,0.2818233944954128,0.7339449541284404,1358,3488,0.5874426605504587,0.34977908689248893,180.61000000000058,13.179999999998472,183.52000000000226,-183.52000000000226,-2.899999999999636,0.010000000002037268,-0.049999999999272404,4547.37566334879,3480.6717139801326,1.0,2505.0,1222879.010009
58850d2c,2,4995,4.284713691255244,3.781581818533111,3.149074762019742,3.149074762019742,-1.2494302620980309,2.9526694271771703,-0.0003577672872466836,2.3778425871930557,4.312782063495825,1.9349394763027692,-0.028068372240580786,0.426026026026026,0.4815120379104769,4.04241967827471,4995,1922,12526.59,0,1022.3030489289548,1544.0818178856275,1.457635428878243,4.0,-13.189806958440286,1.0,1.0,1923,4995,0.022022022022022022,0.015600624024960999,70.79999999999927,21.109999999998763,56.86999999999898,56.86999999999898,-13.930000000000291,0.0,0.0,6480.516797391107,4991.850989733153,0.0,0.0,0.0
58fa8486,2,4475,3.1646424494875003,2.2084145790769827,1.4018503017082793,1.4018503017082793,1.373104259611864,-3.836269261844791,0.0008710700453773924,4.316625947639814,3.106704621515588,-1.2099213261242259,0.05793782797191227,0.0,0.4295573789573989,-0.5467333898009482,4475,1650,12052.81,0,592.7621165568568,1017.8171273123338,1.6163380957113689,3.652951015308104,-7.89812967795504,1.0,1.0,1651,4475,0.28268156424581004,0.22107813446396124,143.0599999999995,28.360000000000582,135.4499999999971,135.4499999999971,-7.600000000000364,0.010000000002037268,0.020000000000436557,5601.096538587295,4469.545739792908,0.0,0.0,0.0
59f8b2e8,2,3747,3.9309264129135153,3.5088835538645866,-3.5088835538645866,3.5088835538645866,-2.9557442774967058,-8.311444450655472,-0.0012354419800635983,7.476653005958679,4.109764718471247,-3.3668882874874315,-0.17883830555773184,0.7736856151587937,0.6631874696549661,-1.1949007252054678,3747,1920,11509.990000000002,0,1134.4964464137508,1838.9720807079268,4.0,4.0,-4.644806084112509,1.0,1.0,1921,3747,0.337336535895383,0.29776158250910983,161.0600000000013,22.729999999999563,149.95000000000255,-149.95000000000255,11.109999999998763,0.0,-0.039999999999054126,5288.999880677635,3740.2741278413832,0.0,0.0,0.0
5a63b5d1,2,6217,6.290975053128462,5.728181717437073,3.634374160478243,3.634374160478243,-0.5938668149174191,-10.284777353057509,-0.0006394123069320378,7.058277572119998,6.348253175741772,-0.710024396378226,-0.05727812261330989,0.0,0.6472563066793119,5.621667610423018,6217,1834,11512.320000000002,0,1100.7240977648632,2197.3251282243205,1.1372308861038962,3.596627415303112,-16.316708582468625,0.9897056458098762,1.0,1835,6217,0.546244169213447,0.4871934604904632,94.93000000000029,31.579999999999927,84.32000000000153,82.96000000000095,-11.960000000000946,0.00999999999839929,0.010000000000218279,7562.314784639611,6213.140728118124,0.0,0.0,0.0
5d7198fd,2,3368,4.1747709137787306,3.4143278969957866,0.6047082445623274,0.6047082445623274,0.6316706216093735,7.018906742681793,0.002861697786028155,4.80528940383666,4.235363256821474,-0.5699261470151864,-0.0605923430427433,0.11906175771971496,0.43717083537665363,-4.212959978216075,3368,1428,12239.46,0,672.4603381055203,1183.8895765759364,1.073641449954886,4.0,-18.58820634799456,1.0,1.0,1429,3368,0.041270783847980996,0.044086773967809655,182.92999999999847,34.470000000001164,157.45999999999913,157.45999999999913,-25.44999999999891,0.020000000000436557,0.030000000000654836,4731.601109408344,3357.264824302686,0.0,0.0,0.0
5f4d2a52,2,5225,13.760248401524166,11.713936045257046,-7.905358760605202,7.905358760605202,2.784633496992683,-7.854133005286712,-0.006765748064591286,16.782593642231916,14.448489200275837,-2.334104441956079,-0.6882407987516714,0.44057416267942584,1.618318625466004,9.766775184107228,5225,1886,10865.83,0,1371.920954000395,1820.377422108901,2.892143186733193,4.0,47.72588370486349,0.4769377990430622,0.9783732057416268,1887,5225,0.21511961722488038,0.09220985691573927,160.23999999999978,93.91000000000167,211.84000000000015,211.84000000000015,51.57999999999993,-0.020000000000436557,0.049999999999272404,6670.845437811893,5218.347485650941,1.0,2733.0,907478.5020897631
5f6756c5,2,5931,6.7741728083720485,5.777175507516115,5.777175507516115,5.777175507516115,0.5712844032186695,4.039982779886486,0.0017465547817777612,7.422029894030575,6.943035701774744,-0.47899419225583095,-0.16886289340269567,0.058168942842690946,1.5476851022761413,0.5986405795450538,5931,2132,12202.3,0,906.5606343892612,1339.721606762081,1.0644420788684743,4.0,10.766577450828606,0.7720451863092227,1.0,2133,5931,0.03237228123419322,0.03844350679793718,249.22999999999956,21.339999999998327,247.1899999999987,247.1899999999987,-2.0499999999992724,-0.00999999999839929,0.020000000000436557,7424.610572818233,5921.505777967146,2.0,1352.0,174516.11224920492
5f75f796,2,5562,7.530443478731643,6.231008491225317,-6.071976746240171,6.071976746240171,1.0993002513405372,-6.394615803477791,0.0016467332944653844,5.530040850852454,7.484916293361035,1.9548754425085813,0.045527185370607626,0.4527148507731032,0.7665150106298653,-10.650718671501178,5562,1761,12769.39,0,1058.8301736938952,1884.8511975753984,3.385984323033623,4.0,11.083596814291436,0.6886012225818051,1.0,1762,5562,0.5016181229773463,0.24801362088535756,180.3799999999992,21.950000000000728,202.32999999999993,202.32999999999993,21.960000000000946,0.010000000000218279,0.020000000000436557,6726.955104741377,5556.2256019892675,2.0,1732.0,219975.00985726426
60e37807,2,2699,11.511615088656685,7.689996649360466,-6.736157139151282,6.736157139151282,2.6538496681805555,-15.846492113334534,-0.009863570908886718,12.800451216592691,11.612540897384042,-1.1879103192086493,-0.10092580872735724,0.18303075213041867,1.0287391105185335,6.5698000169369015,2699,1941,11424.490000000002,0,654.7865288973753,786.9024319603213,1.649853147672952,4.0,6.8193874785820565,0.6739533160429789,1.0,1942,2699,0.025935531678399407,0.01956745623069001,115.25,46.93000000000029,139.28999999999905,139.28999999999905,24.05999999999767,0.019999999998617568,0.020000000000436557,4040.2843714941387,2695.451436364627,1.0,880.0,345481.5947435129
62569ae3,2,3588,9.609043111655795,7.30387782731778,6.0443786813884595,6.0443786813884595,-0.1677480513662885,14.982952289805326,0.006884994481530921,9.015955720260216,9.60610426700711,0.5901485467468941,0.0029388446486855457,0.0,0.26053552043085415,-6.303858921237254,3588,1653,11952.04,0,628.8368744158328,857.3346621072164,1.474727798061219,3.075730659489971,-0.1288437531356416,0.6546822742474916,1.0,1654,3588,0.3124303232998885,0.1759371221281741,86.86000000000058,21.659999999999854,100.84000000000015,-100.84000000000015,-13.960000000000946,0.019999999998617568,-0.040000000000873115,4900.3609355558665,3585.744734152019,1.0,1239.0,297169.0308618616
63559d57,2,4069,4.0548538650707195,3.3471586242183546,-1.6396682523262769,1.6396682523262769,-0.2445523053356737,-11.824515607740976,-0.0026683699376417297,2.575303765255526,3.932612330501185,1.357308565245659,0.12224153456953468,0.4910297370361268,0.3715662579511654,3.787796200836997,4069,1740,12133.94,0,639.9147486385971,1001.8379881247748,3.922172525744111,4.0,9.009915009112031,0.983779798476284,1.0,1741,4069,0.6586384861145245,0.36817920735209647,208.64999999999964,19.94000000000051,192.98999999999978,-192.98999999999978,15.670000000000073,0.010000000000218279,-0.06999999999970896,5326.034907063939,4061.963775970899,0.0,0.0,0.0
67847288,2,7429,9.462897342662092,8.718395740114019,8.718395740114019,8.718395740114019,0.8283411857373721,13.314381860984213,0.0013287579468912872,12.909891470236897,9.56237247582577,-3.3475189944111268,-0.0994751331636774,0.6222910216718266,0.944012575365736,3.7833887253597798,7429,1744,12541.94,0,898.054262419597,1571.795426399424,4.0,4.0,4.560688764844344,0.6288867949925966,1.0,1745,7429,0.4664153991115897,0.46131805157593125,240.27000000000044,24.639999999999418,226.8099999999995,226.8099999999995,-13.470000000001164,-0.010000000000218279,0.049999999999272404,8689.928512604654,7414.572073026085,4.0,2757.0,433133.21368089283
684a6fc1,2,9818,6.0564061429346,4.1918495272752745,-0.1252891440732659,0.1252891440732659,-1.8592073340732893,15.451528480878553,-0.00025907347608329916,6.570710915995419,6.481964755923462,-0.08874616007195701,-0.425558612988862,0.2742921165206763,2.0856250870213686,1.1463730132816081,9818,1630,10929.02,0,616.3740457913043,3560.448914143112,3.239451261217717,4.0,24.112948450066767,0.8507842737828478,1.0,1631,9818,0.5022407822367081,0.4488044144696505,231.28999999999905,37.979999999997744,225.90999999999985,-225.90999999999985,5.430000000000291,0.050000000001091394,-0.07000000000152795,10968.179510619128,9805.086023253403,2.0,1465.0,262326.8010993222
699ea575,2,4120,2.0259512761720897,1.6808810754481045,1.1015583328270238,1.1015583328270238,0.8238657664023776,4.662884404167926,-6.832290293906084e-05,4.176455999194167,2.271442366616715,-1.905013632577452,-0.24549109044462547,0.14975728155339807,0.6734972753035113,1.2422693514300192,4120,1353,11991.05,0,656.1834803810809,934.799756632341,2.201858834206638,4.0,15.649393007271676,1.0,1.0,1354,4120,0.4507281553398058,0.3419497784342688,88.72000000000116,24.80000000000109,97.53000000000247,97.53000000000247,8.820000000001528,0.010000000000218279,0.020000000000436557,5287.7724257471855,4114.732711185471,0.0,0.0,0.0
6a0ff78e,2,6465,4.155049514437169,2.8841717905508277,-0.9907936062573162,0.9907936062573162,-1.564421478580698,4.842029776969866,0.0016538341267930221,5.3986199255569725,5.577493559846749,0.17887363428977654,-1.4224440454095797,0.3254447022428461,1.429527086095593,-6.335985504052365,6465,1424,11206.01,0,737.3147796733004,891.2043376242553,3.125180999799189,4.0,-9.657517325832249,0.948801237432328,1.0,1425,6465,0.04021655065738593,0.04912280701754386,193.36999999999898,43.75,211.04999999999927,-209.60000000000036,-16.170000000000073,0.06000000000130967,-0.050000000001091394,7593.645889556784,6459.204873326372,1.0,331.0,35123.62079814996
6a8fa194,2,3017,4.8793782619808805,4.034306751018189,-3.8930229830161536,3.8930229830161536,0.7294429370649596,-0.5063293797229562,-0.0028503927808271644,6.802875247343351,4.9940822169838714,-1.80879303035948,-0.11470395500299091,0.10308253231687106,0.40091641556831387,0.4053693304712094,3017,1639,11989.88,0,803.9666432137226,1144.7539212641038,1.2560068567892957,4.0,-4.461776113621639,1.0,1.0,1640,3017,0.05601590984421611,0.06951219512195123,116.90000000000146,15.770000000000437,116.52000000000226,116.52000000000226,-0.37999999999919964,0.0,0.019999999998617568,4269.584678050411,3011.4004566813287,0.0,0.0,0.0
6d590e26,2,6096,3.9210149053467025,3.06407680043703,0.22277265646217406,0.22277265646217406,-2.966696620707808,-4.333552912705272,0.0007691616654670848,3.908068079941865,3.780113366608023,-0.12795471333384167,0.1409015387386794,0.0,1.3295240029016369,-2.1212475190487656,6096,1745,11374.69,0,506.43216557083696,764.046425814426,0.8534372027275843,3.2315980671524263,-4.737478370534716,1.0,1.0,1746,6096,0.33218503937007876,0.19243986254295534,246.4400000000005,31.899999999997817,239.39000000000124,239.39000000000124,-7.030000000000655,0.019999999998617568,0.030000000000654836,7301.633186670311,6081.752883248212,0.0,0.0,0.0
6e9ccd38,2,8282,15.24623836137211,12.452504410819596,10.066201834744534,10.066201834744534,-0.0592800822760182,30.010433829205795,0.004253612079872931,12.785437760368774,15.271071029765704,2.4856332693969296,-0.024832668393592883,0.8177976334218787,0.40448964622100486,-7.545878981969334,8282,1336,10690.94,0,1388.9760964914472,2137.802430768412,4.0,4.0,9.200449554362953,0.3794977058681478,0.8621106013040328,1337,8282,0.03887949770586815,0.041884816753926704,200.9499999999989,44.719999999999345,185.34000000000015,185.34000000000015,-15.579999999999927,0.029999999998835847,0.0,9515.52721433745,8275.531710005209,1.0,5139.0,1858720.0519355636
726f3dc2,2,6723,2.9732448104513343,2.137386416743692,0.19187783500995256,0.19187783500995256,0.523768270140863,-1.9320147299986277,0.0006856463340877031,3.82523969421537,3.1210614491998094,-0.7041782450155605,-0.14781663874847517,0.15573404730031237,1.187614383971167,-2.1125794938588185,6723,1895,11439.94,0,672.5872416463172,1193.4732832054706,1.5439002508030866,4.0,1.7303031957568489,1.0,1.0,1896,6723,0.36635430611334224,0.31751054852320676,207.84000000000015,22.55000000000109,206.53000000000065,206.53000000000065,-1.319999999999709,-0.010000000000218279,0.06000000000130967,8031.868928303223,6709.883255802936,0.0,0.0,0.0
73348914,2,4221,16.526117230216215,15.131695883812117,15.11873542793709,15.11873542793709,-1.2786037543774,15.160724521927476,0.003618506090363992,14.809877877787027,16.572875579659584,1.7629977018725569,-0.046758349443368985,0.0,0.6063580814642475,7.483687577269068,4221,1464,12741.68,0,610.1108441296708,710.2502781765588,1.6943843958526168,3.593339649557021,20.58576851718496,0.1682065861170338,1.0,1465,4221,0.22506515043828476,0.13447098976109215,171.14999999999964,21.299999999999272,163.45999999999913,-163.45999999999913,7.680000000000291,-0.010000000000218279,-0.039999999999054126,5526.951021644168,4213.449592174944,1.0,3511.0,1146213.2649638103
76201745,2,4448,3.0238565518628784,2.4113011640457596,0.8452071701931991,0.8452071701931991,0.4659464435862901,-7.992561814780856,0.00018993316135548313,4.006389942414625,3.128756751348805,-0.8776331910658199,-0.10490019948592666,0.10611510791366907,1.0723651354230512,0.4228907859192824,4448,1409,10618.89,0,423.50176649554334,692.8240619558358,2.2338159022666413,4.0,1.3829716900057705,1.0,1.0,1410,4448,0.49303057553956836,0.40283687943262414,184.53999999999905,29.30999999999767,178.61999999999898,-178.61999999999898,5.920000000000073,0.0,-0.030000000000654836,5559.455850320067,4438.840596304476,0.0,0.0,0.0
7d50373e,2,5122,5.253609387748672,4.253387587043671,-4.112470344127849,4.112470344127849,-0.3571683867594402,-4.336603632566039,-0.0007466910290934212,2.8639840773192913,4.930816571436818,2.0668324941175267,0.3227928163118543,0.45001952362358455,0.7043373084591524,-2.200567964134144,5122,1371,11218.09,0,782.4373228891906,1293.0156009304976,3.8063012935529104,4.0,-17.316781060791936,1.0,1.0,1372,5122,0.2844591956267083,0.13556851311953352,86.71000000000095,18.650000000001455,102.21000000000276,-102.21000000000276,-16.420000000000073,-0.019999999998617568,0.010000000000218279,6214.506392910853,5118.918763498961,0.0,0.0,0.0
81bf5923,2,4543,8.05978257986276,6.483307461737002,2.7523929568049557,2.7523929568049557,-4.004365813998447,5.9652394893255405,0.0038209643655170724,10.055638136356446,8.112019831851978,-1.9436183045044686,-0.052237251989216915,0.7151661897424609,1.1328516750025661,-5.92501711728432,4543,1842,12773.62,0,1110.808198261741,2180.2349173655543,4.0,4.0,-31.552373434808874,0.7772397094430993,1.0,1843,4543,0.08320493066255778,0.05751492132392838,50.31000000000131,53.55000000000109,10.320000000001528,1.0100000000002183,-40.17000000000007,-0.010000000000218279,0.0,5873.6371997480055,4494.506181161755,1.0,1012.0,207470.08800111874
82aab6d2,2,6140,5.313341140245331,4.291098117422613,4.291098117422613,4.291098117422613,1.916237427820306,4.872340468029506,-0.0008846435263626793,3.850754615935785,5.388272058207281,1.5375174422714966,-0.07493091796195017,0.43403908794788276,1.1199144456051067,7.006511421592855,6140,1748,12160.7,0,473.8215414322096,818.7935137291113,3.5122214535169016,4.0,-11.582298987478085,0.9219869706840392,1.0,1749,6140,0.4190553745928339,0.12807318467695827,238.32999999999993,28.349999999998545,224.76000000000022,224.76000000000022,-13.680000000000291,-0.11000000000058208,0.13999999999941792,7397.666929030505,6131.187669293584,1.0,479.0,64744.91423006922
833af382,2,3628,3.980533371878303,3.2205536478442243,2.680459374469044,2.680459374469044,-1.26467290130131,-3.903988561929509,-0.0009562723328166169,6.9499555909119115,5.086260218108227,-1.8636953728036847,-1.1057268462299237,0.05374862183020948,1.3362569292981024,4.414659250031981,3628,1748,11170.19,0,832.3742651746056,1042.0376009048305,1.935916303896088,4.0,-1.4675269212175166,1.0,1.0,1749,3628,0.28969128996692395,0.2252715837621498,79.14999999999964,28.950000000000728,70.92000000000007,70.92000000000007,-6.520000000000437,0.05999999999949068,-0.039999999999054126,4860.046579357251,3618.8048064104823,0.0,0.0,0.0
84633df4,2,4972,11.25406942793023,9.715632725799052,-9.577672307801352,9.577672307801352,0.0364546524342586,-13.38761625924053,-0.0033235707487690516,11.175045230129344,11.164486504107781,-0.010558726021562492,0.08958292382244792,0.0,0.6168047685082357,-1.316937211735875,4972,1746,10877.31,0,665.6750768396699,1255.1356615222387,0.6552959316875292,3.5528137230281067,-7.335915002109016,0.3572003218020917,1.0,1747,4972,0.5679806918744972,0.40526617057813397,227.60000000000036,14.550000000001091,232.71000000000095,232.71000000000095,5.100000000000364,-0.010000000000218279,0.030000000000654836,6129.681783139635,4965.066004898696,1.0,3196.0,609668.7127811033
8612b37f,2,5165,9.51170707219852,7.2869425789687465,-6.891300066533423,6.891300066533423,0.1414452514036384,6.847416662807518,-0.0024113833990114983,10.602417474897303,9.636316875708252,-0.9661005991890512,-0.12460980350973117,0.015488867376573089,1.1133180234891586,-0.6651081302857337,5165,1641,11880.09,0,973.468023113738,1499.930252320083,1.2627432112147026,4.0,5.697279750703,0.6904162633107453,1.0,1642,5165,0.5823814133591481,0.5152253349573691,225.45000000000073,45.25,227.90999999999985,227.90999999999985,2.4899999999997817,0.030000000000654836,0.049999999999272404,6436.901700289487,5155.092464670354,1.0,1599.0,402643.3442489534
861e71df,2,4700,2.654477178771394,2.401180321048157,0.13011405129853496,0.13011405129853496,0.0178716379450634,-4.167617732378858,-0.0015001954857006203,1.7719988826801667,2.5360408917498005,0.7640420090696338,0.11843628702159359,0.09170212765957447,0.6243967406675144,3.6548233449521423,4700,1583,11389.73,0,687.4469035679449,1101.626810051746,2.038503743760769,4.0,-13.78940361095171,1.0,1.0,1584,4700,0.15170212765957447,0.07323232323232323,151.16000000000167,20.0099999999984,163.02000000000407,-163.02000000000407,-11.850000000000364,0.010000000002037268,-0.039999999999054126,5783.937077929901,4685.328308336509,0.0,0.0,0.0
8902c3f6,2,4959,16.69364215347965,13.350785935406485,13.093878832755934,13.093878832755934,-0.0124524684924836,21.89019501832081,0.0063502959982720125,17.117422468035386,16.59544233358592,-0.5219801344494677,0.09819981989373261,0.027626537608388787,0.5712381535926155,-2.6485049469603834,4959,1573,10766.36,0,1143.8790279571167,1813.06668124022,0.9312726284340082,4.0,23.28836915126396,0.4188344424279088,0.8937285743093366,1574,4959,0.4831619278080258,0.39135959339263027,136.85000000000036,21.329999999999927,134.88000000000102,-134.88000000000102,1.9799999999995634,0.010000000000218279,-0.05999999999949068,6212.5299124423655,4954.351505504967,1.0,2882.0,1362746.265228801
896d15b9,2,4279,27.996379871182587,23.58772810616089,-22.041908750453732,22.041908750453732,-0.9002233948558569,-17.730335229201955,-0.010647182410153739,29.78460727060298,28.07470390232434,-1.7099033682786384,-0.07832403114175435,0.0,1.1877749487202829,0.732414424865117,4279,1418,11945.53,16,1376.7836003254415,3030.9168038898224,2.2322944868131467,2.7222264049321896,0.0,0.309651787800888,0.4473007712082262,1419,4279,0.6620705772376724,0.4376321353065539,175.6800000000003,48.48999999999978,195.54000000000087,195.53999999999905,19.81999999999971,-0.039999999999054126,0.040000000000873115,5498.733077836567,4271.49904329857,1.0,2954.0,3330551.0512311924
89f36adf,2,5292,5.557111103182759,4.894730387737772,-4.894730387737772,4.894730387737772,-0.7900158319353068,-3.075653518675608,-0.0010686787196983335,5.275415281664489,5.746212266887883,0.4707969852233944,-0.1891011637051241,0.0,0.8080890108047538,-2.0675408347758277,5292,1748,12229.33,0,593.066323124833,1205.3360177250686,0.3257189252652127,3.761467694022544,-8.95420761221023,1.0,1.0,1749,5292,0.608843537414966,0.3950829045168668,103.27999999999884,18.720000000001164,109.0,-109.0,-5.819999999999709,0.010000000000218279,-0.020000000000436557,6535.422838777633,5285.8431262382,0.0,0.0,0.0
8b95d6d1,2,1731,5.272312072766324,4.712752044918995,4.712752044918995,4.712752044918995,0.017611228626265,6.212455063166999,0.00436051749095404,5.365802949061462,5.309476406265739,-0.05632654279572247,-0.03716433349941539,0.0,0.18109109819912483,0.9409044152437456,1731,1051,10775.76,0,1008.83119425367,1283.9578070656291,0.1072925210524538,0.5672790311949293,-8.632652123889395,1.0,1.0,1052,1731,0.537261698440208,0.1806083650190114,35.56999999999971,16.55999999999949,49.969999999997526,-49.969999999997526,-14.569999999999709,-0.040000000000873115,0.010000000000218279,2503.686274717071,1729.6578638852561,0.0,0.0,0.0
8c167025,2,5368,23.20280529556378,18.36899800810519,-17.93814981896225,17.93814981896225,-1.5403041793979355,-12.555017153827066,-0.008141156658564838,21.243734164651453,23.351683315819145,2.1079491511676913,-0.14887802025536345,0.10730253353204174,1.5410146810812684,3.9086440742964994,5368,1744,10764.61,0,1465.510125007441,2648.152814142539,2.6217569504772555,4.0,-11.956703142075352,0.4074143070044709,0.6104694485842027,1745,5368,0.1328241430700447,0.1329512893982808,139.36999999999898,30.270000000000437,128.96999999999935,-128.96999999999935,4.5,0.010000000000218279,-0.050000000001091394,6616.7289559373185,5361.094611597684,1.0,3181.0,2836005.575367381
9426ec1e,2,2532,5.08971363802264,3.844490110333114,2.9889983350496183,2.9889983350496183,0.0867978515616414,5.87529585192533,0.004905743064518556,4.526703585827862,5.143660590593467,0.616957004765605,-0.05394695257082738,0.0,0.19836482756519513,-3.2192195130986136,2532,1390,12018.85,0,544.500249081807,739.5277845523558,1.399948927874716,1.810541983102438,-10.32411170100958,1.0,1.0,1391,2532,0.15205371248025276,0.10783608914450037,81.20000000000073,17.80999999999949,96.63000000000102,-96.63000000000102,-15.44000000000051,-0.010000000000218279,-0.019999999998617568,3669.8025834050713,2529.26278666343,0.0,0.0,0.0
96b7eea1,2,4332,7.309277630247148,6.591709060329631,-6.591304443380122,6.591304443380122,0.223843314937767,-12.592945311154836,-0.0018284130760415256,9.676916702958918,7.336843823616506,-2.3400728793424124,-0.02756619336935806,0.0974145891043398,0.6580503337666709,-2.6318759272121968,4332,1745,11126.92,0,950.9848692803312,1721.8723507932573,2.317271698469686,4.0,-3.0203396169415875,0.8704986149584487,1.0,1746,4332,0.38550323176361956,0.3528064146620848,182.97999999999956,15.630000000001019,196.10000000000036,196.10000000000036,13.180000000000291,0.05999999999949068,0.010000000000218279,5564.8307035307,4325.478701484831,1.0,561.0,108587.10345011365
992c99e8,2,4904,3.3805264982005814,2.5271930988717988,1.374567709241122,1.374567709241122,0.3137963111730641,4.998853163320746,0.0015654429284808506,5.6415143035579165,3.3346170485130706,-2.306897255044846,0.04590944968751076,0.4066068515497553,0.49380554427950313,-2.4631156299296832,4904,1835,11389.55,0,850.890809710818,1057.9739011080535,2.446928558112674,4.0,-11.757696608332028,1.0,1.0,1836,4904,0.3786704730831974,0.27233115468409586,146.8799999999992,30.390000000001237,126.0,126.0,-20.8799999999992,0.0,0.040000000000873115,6204.258819716309,4897.9383913031115,0.0,0.0,0.0
9a6b0392,2,4255,3.001391484593772,2.588827454347546,-0.10801734062668265,0.10801734062668265,1.0377717465489695,5.482803101578611,0.0018820195920688566,3.4138124913409547,3.035995023629743,-0.37781746771121183,-0.03460353903597069,0.0,0.6369567903521082,-4.111073012957139,4255,1546,10626.66,0,1056.7298290127565,1239.0756558518076,1.809116012780565,3.202047607588077,-9.273625905140458,1.0,1.0,1547,4255,0.5029377203290247,0.4298642533936652,147.22999999999956,19.43999999999869,163.14999999999782,-163.14999999999782,-15.869999999998981,0.049999999999272404,-0.06999999999970896,5437.966280580477,4250.877853914311,0.0,0.0,0.0
9a95e33f,2,6447,24.658638175774545,22.47969131917836,22.47969131917836,22.47969131917836,0.538810457681393,17.894870405178153,0.004286956825276536,23.268585706254754,24.63591859829036,1.3673328920356056,0.022719577484185294,0.16395222584147665,1.0630788002208085,8.662829471312085,6447,1708,11500.37,0,918.5114335298584,1738.5347292762106,1.255548918158678,4.0,5.953154887674781,0.1033038622615169,0.554211261051652,1709,6447,0.1532495734450132,0.06026916325336454,196.64000000000124,52.79999999999927,187.83000000000175,186.53000000000065,-10.110000000000582,0.0,0.00999999999839929,7557.319114891242,6434.364945579318,2.0,5780.0,3899513.440358733
9b9e3b49,2,5118,4.771272074175864,3.9565642651140847,-1.4000792327595726,1.4000792327595726,-0.0717964055183983,6.121914209734314,-0.0006095622086947053,7.238785943169394,4.956069962789487,-2.2827159803799075,-0.18479788861362234,0.8389996092223525,1.058957080974493,0.15948567818583004,5118,1756,11913.23,0,607.8341491722056,1068.574996736329,4.0,4.0,-13.24101725670966,1.0,1.0,1757,5118,0.5775693630324346,0.37962435970404096,222.60999999999876,27.969999999999345,214.02999999999884,214.02999999999884,-7.93999999999869,-0.029999999998835847,0.040000000000873115,6315.2026417933885,5109.024849303279,0.0,0.0,0.0
9bd2bba3,2,7439,5.288000647111403,4.005466748736838,3.6488071035078122,3.6488071035078122,-0.7492810378589638,2.4510231999865937,0.001144794864051161,6.627780178047866,5.4624868536354665,-1.1652933244123993,-0.17448620652406355,0.13657749697539992,1.0751516264990042,-0.6086849958984532,7439,1652,12524.19,0,908.9534232975346,1316.41463257222,1.6234067535726853,4.0,19.46609112767901,0.9282161580857642,1.0,1653,7439,0.037639467670385805,0.03871748336358137,217.46000000000095,22.409999999999854,218.47000000000116,218.47000000000116,3.75,0.039999999999054126,0.0,8624.587893310289,7428.793091451742,2.0,534.0,55240.02314043791
9c8375f7,2,3674,6.075756925924418,5.193661330508704,5.109605042688931,5.109605042688931,0.6906557691745547,6.031882663506622,0.0009737865001668792,5.315486963438481,6.044932364801712,0.7294454013632308,0.030824561122706484,0.0,0.3337719857734602,3.321246135132455,3674,1757,11200.64,0,687.9724442154243,1186.656207469091,1.5993412758976429,3.855992294725162,8.934550962991704,0.9801306477953184,1.0,1758,3674,0.27708219923788785,0.21046643913538113,55.75,19.68000000000211,61.14000000000124,61.14000000000124,5.390000000001237,0.0,0.020000000000436557,4903.276786062136,3672.1122149519606,0.0,0.0,0.0
9d5e14d4,2,5400,14.27653337241547,12.804501309397022,12.804501309397022,12.804501309397022,0.1195210223522735,19.571409595209843,0.0038092194799800826,14.79253914264842,14.469716456509264,-0.32282268613915654,-0.19318308409379448,0.0,0.7620740674867472,2.5215133231907934,5400,1164,10964.66,0,1574.6910600178237,2413.690152986835,0.6723186912854188,3.66072404048492,-16.903128928016894,0.324074074074074,1.0,1165,5400,0.5618518518518518,0.36738197424892705,229.47999999999956,40.81999999999971,191.98999999999978,191.98999999999978,-37.48999999999978,0.0,0.040000000000873115,6132.539210455472,5389.8305577077845,2.0,3650.0,1031043.7039181966
a0383629,2,5832,2.471853407861116,1.9735445948395307,-1.3383354447429858,1.3383354447429858,-1.1821244242328248,-6.484912248317414,-0.0005522726337951777,4.87794035474355,2.490368060227787,-2.387572294515763,-0.018514652366671047,0.47890946502057613,0.8520304485523901,0.2718154190868548,5832,1854,11200.62,0,957.9793744388428,1614.8136526621795,3.769283185501244,4.0,-7.937494738377584,1.0,1.0,1855,5832,0.546639231824417,0.4517520215633423,173.04999999999927,17.219999999997526,172.11999999999898,-172.11999999999898,0.9399999999986903,0.00999999999839929,-0.040000000000873115,7236.770471282702,5826.333247875483,0.0,0.0,0.0
a056d01e,2,6557,6.195193124906878,4.56696862561405,-0.8722736029978687,0.8722736029978687,0.4687907739717047,13.613837257009436,-0.0002421498268836585,6.235293987419018,6.108998175350336,-0.12629581206868234,0.08619494955654261,0.3188958365105994,0.9099849942171482,-0.07850647047323593,6557,1734,11730.37,0,1035.5713055359683,1672.2423154631626,2.593108350996029,4.0,-10.54320671718106,0.8214122312032942,1.0,1735,6557,0.2696355040414824,0.1515850144092219,186.96999999999935,42.93000000000029,211.89999999999964,-211.89999999999964,-24.910000000001673,0.019999999998617568,-0.040000000000873115,7790.329580745623,6549.100438999482,2.0,1171.0,178840.00829702587
a5aa7973,2,4616,6.555481476154067,5.405868797608352,1.7396095428550318,1.7396095428550318,0.3537596817222947,5.572248121461598,0.0031827043613489106,6.832332643869151,6.4332443268484925,-0.3990883170206585,0.12223714930557428,0.3123916811091854,0.42736130458263294,-5.604480770957582,4616,1832,10953.87,0,488.4602306484401,1220.8928675871382,1.9801856294190556,4.0,-12.76819748219549,0.8260398613518197,1.0,1833,4616,0.4016464471403813,0.23295144571740317,201.22000000000116,35.44999999999891,178.90999999999985,178.90999999999985,-22.31000000000131,0.0,0.039999999999054126,5862.787193805998,4608.830741706758,2.0,803.0,106193.65118977382
a5e6f7dc,2,5649,3.3066614524891764,2.3787836185314,1.5429687155432812,1.5429687155432812,1.8651368386290412,-0.4775397803259693,-0.0014333632942843666,3.8190694501925666,3.312654119615522,-0.5064153305770445,-0.005992667126345719,0.02779252965126571,0.9805558877472437,5.590786658602334,5649,1681,11402.85,0,1817.5845129867448,2617.072942745407,2.1732183117412136,4.0,-10.123469802883031,1.0,1.0,1682,5649,0.5186758718357232,0.49048751486325803,270.9400000000005,19.979999999999563,282.89999999999964,-282.89999999999964,-13.200000000000728,-0.050000000001091394,0.0,6847.681681504038,5637.499318101953,0.0,0.0,0.0
a692b17e,2,3566,4.079852412254106,3.264975943593578,0.9042823633172277,0.9042823633172277,-0.7323313567412697,10.517173406517031,-6.370885109366688e-05,5.699652904053802,4.539071404413801,-1.160581499640001,-0.45921899215969475,0.37324733595064497,1.1330393565247963,1.0178433903916888,3566,1842,11174.29,0,521.292539870503,836.565774894946,3.0350289728497053,4.0,8.451186276819403,0.9924284913067865,1.0,1843,3566,0.5975883342680874,0.5957677699403147,113.36000000000058,34.3799999999992,116.30999999999949,116.30999999999949,2.899999999999636,-0.049999999999272404,0.06999999999970896,4882.313320823523,3559.063531324131,0.0,0.0,0.0
abf460d2,2,3217,4.911937649239798,4.315417329077385,-2.375327290363566,2.375327290363566,0.5403332584210148,-11.618457995933568,-0.0042632895792732535,4.38783467370381,4.952732047779849,0.5648973740760388,-0.040794398540050736,0.0,0.7178722511989687,4.480042353107825,3217,1545,12086.87,0,422.210849487734,708.7390714677797,0.5341213764906395,1.5131792396714605,10.984799783772694,0.9794839912962388,1.0,1546,3217,0.5825303077401306,0.3654592496765847,73.18000000000029,26.0,95.60000000000036,95.60000000000036,22.399999999999636,-0.020000000000436557,0.029999999998835847,4432.564657092679,3211.8873246890707,0.0,0.0,0.0
ac6f01d5,2,5004,15.736164693204776,13.04857815611215,12.660891577010053,12.660891577010053,-1.1538298703162582,24.5988253550604,0.005610235698238164,15.96357255653728,15.280993657358735,-0.6825788991785444,0.4551710358460408,0.0903277378097522,0.9842525628954206,-1.373113022132717,5004,1724,12523.62,0,1554.07270033422,2134.2066861303297,0.6724137113246077,4.0,5.209078491492338,0.3892885691446842,1.0,1725,5004,0.02697841726618705,0.01565217391304348,110.29999999999927,32.69000000000051,125.5,-125.5,-15.140000000001237,0.05999999999949068,-0.06999999999970896,6209.526660334657,4995.388727897027,1.0,3056.0,1208807.0661219265
ad2133a8,2,5729,8.402248433331186,7.4061737940514005,3.7667760652980458,3.7667760652980458,-2.33746509552293,-19.96275223245175,-0.0017947428484988762,9.47458398884215,8.501733914686673,-0.9728500741554775,-0.09948548135548663,0.5418048525048001,0.8409486769888208,8.906919583398818,5729,1457,12070.21,0,816.9283219628261,1201.03421838216,4.0,4.0,-7.83236729622587,0.7751789142956886,1.0,1458,5729,0.2871356257636586,0.23593964334705075,155.14000000000124,48.63000000000102,161.5500000000011,161.5500000000011,6.380000000001019,-0.029999999998835847,0.029999999998835847,6910.831395212233,5720.231078077094,3.0,1191.0,199865.7708656801
b0d42b0d,2,4971,18.247411433940364,17.39399004638563,-17.39399004638563,17.39399004638563,-0.1428954672137479,-1.8818633185255749,-0.0006484417545382393,18.59859115147595,18.16098423869731,-0.43760691277864083,0.0864271952430542,0.11728022530677933,0.8364865425378266,-15.782612286358113,4971,1385,11065.59,0,1373.3012131722437,1821.7130613244988,2.346382173313461,4.0,-8.22717758456174,0.1225105612552806,0.9702273184469924,1386,4971,0.5608529470931403,0.43722943722943725,218.65999999999985,32.93000000000029,212.14999999999964,212.14999999999964,-6.479999999999563,0.030000000000654836,0.010000000000218279,6149.553941959634,4961.6019995563465,1.0,4362.0,1631150.7429054482
b19b0395,2,5813,8.066272854972755,7.274853992609694,7.274853992609694,7.274853992609694,2.0206867268207134,18.49671911391124,0.0019034100255474165,11.075872848949677,8.055135354660216,-3.0207374942894614,0.011137500312539572,0.6308274557027352,1.0597842485092248,1.7435444583689013,5813,1382,11199.23,0,1268.3970213029188,1685.4374212130845,4.0,4.0,4.13271641193928,0.748322724926888,1.0,1383,5813,0.037674178565284704,0.04844540853217643,111.10000000000036,25.81000000000131,120.39999999999964,-120.22999999999956,-14.359999999998763,-0.029999999998835847,0.039999999999054126,6910.28865242211,5808.537325351172,3.0,1463.0,208469.39146369908
b4f37e6e,2,2992,4.5658654888950725,2.6855279767606293,-1.8809433969296427,1.8809433969296427,-0.1639829716132226,-14.472776829614304,-0.0036869014199802904,5.1268702626308436,4.627976684896682,-0.49889357773416165,-0.062111196001609414,0.0,0.3828046974480966,3.6328176766508826,2992,1506,11179.72,0,1084.477244044605,1273.3208315659797,0.6242594387704089,2.769447126756576,18.92447942696785,0.9237967914438504,1.0,1507,2992,0.35093582887700536,0.24618447246184472,83.80999999999949,34.960000000000946,50.18999999999869,-50.18999999999869,33.63000000000102,0.010000000000218279,-0.030000000000654836,4161.769403431049,2989.0332219633674,1.0,228.0,34731.82913517567
b7974e66,2,5558,2.031552869002532,1.6714607722608537,0.8245922458769683,0.8245922458769683,-0.9980994403631483,5.045728045337455,-0.00013252735544274247,3.512036026117007,2.0378428455530315,-1.4741931805639754,-0.006289976550499343,0.1705649514213746,0.7315356914473176,1.192819502974629,5558,1611,12116.19,0,646.0806219037838,888.1197579158703,2.271590810576648,4.0,-1.601883441966092,1.0,1.0,1612,5558,0.5273479668945664,0.3939205955334988,150.36999999999898,19.149999999999636,143.86999999999898,143.86999999999898,-6.520000000000437,-0.020000000000436557,0.040000000000873115,6847.615041614972,5552.715898693225,0.0,0.0,0.0
b85f7b06,2,3803,4.664081994060356,4.29138721388387,4.29138721388387,4.29138721388387,0.3347654759672878,9.081279755520882,0.001091355124046903,4.018318317897874,4.507877363093772,0.48955904519589755,0.15620463096658455,0.0,0.40817479479653096,2.2167211230707093,3803,1649,11393.1,0,645.8181685659326,1054.375791878679,0.4636175597567812,1.4063894493219775,13.805906115216631,1.0,1.0,1650,3803,0.20168288193531422,0.17393939393939395,178.21999999999935,9.959999999999127,169.92000000000007,-169.92000000000007,8.299999999999272,0.0,-0.049999999999272404,5058.588860685753,3796.405231228766,0.0,0.0,0.0
b95e7121,2,6306,3.8874995170521705,3.2566649547252156,2.812998664185853,2.812998664185853,1.718988054597503,7.388546774907809,0.0005743623636648809,3.8845645105817153,3.8797398916261883,-0.004824618955526994,0.007759625425982186,0.0,0.829018068947381,1.0023213127323156,6306,1185,11360.92,0,830.2764629327885,1350.645914553427,0.9390990490422402,1.929955638927324,7.165174005329307,1.0,1.0,1186,6306,0.06660323501427212,0.05311973018549747,332.02999999999884,11.399999999999636,330.6299999999974,-330.6299999999974,1.4000000000014552,0.0,-0.07999999999992724,7237.111296901381,6292.003267266945,0.0,0.0,0.0
ba48188d,2,4166,16.17803715055962,12.293006616102165,10.781192490084868,10.781192490084868,0.4736735313417739,35.65939780012741,0.009570410159481164,16.617804372845793,15.91969734589388,-0.698107026951913,0.25833980466574147,0.05184829572731637,0.9059423318639183,-9.149186667034659,4166,1367,12271.54,0,516.2205021109978,1082.7014461179622,2.6320652471353925,4.0,-67.57694692125318,0.5014402304368699,0.8629380700912146,1368,4166,0.17690830532885263,0.13669590643274854,233.13999999999942,104.98999999999978,129.35000000000036,129.35000000000036,-103.78000000000065,0.00999999999839929,0.020000000000436557,5277.299857199931,4158.332358049053,1.0,2077.0,1061679.5298460845
bb337fa0,2,6873,12.297663003435925,11.15654855689095,-11.15654855689095,11.15654855689095,-1.141737740364988,-15.077474395688114,-0.0019100503231850427,13.74252071331988,12.053425552695048,-1.6890951606248326,0.24423745074087755,0.25287356321839083,2.1544609082759982,-4.593615646427148,6873,1342,11424.42,0,1732.530581692494,2627.518037159653,1.4696514789454929,4.0,12.77558875941959,0.4900334642805179,1.0,1343,6873,0.6688491197439255,0.5994043186895012,226.6899999999987,36.93000000000029,256.2400000000016,256.2400000000016,33.70000000000073,0.049999999999272404,-0.010000000000218279,7918.697433609476,6861.710621426779,2.0,3505.0,864691.2821432967
bb682ebd,2,4139,14.759627475328479,11.804100230111292,-11.561536244304136,11.561536244304136,-1.3590073390205362,-22.92705090500749,-0.006799608834553346,17.889835366014815,14.748190192756876,-3.1416451732579382,0.01143728257160248,0.6554723363131191,0.6584222687206831,2.5068544343867343,4139,1791,11016.97,0,489.6107858543218,1153.7757758767732,4.0,4.0,2.533867489436485,0.4600144962551341,0.912780864943223,1792,4139,0.28799226866392846,0.18415178571428573,162.3100000000013,35.95000000000073,191.63000000000284,191.63000000000284,29.320000000001528,0.0,0.049999999999272404,5392.193195665823,4130.36245103276,2.0,2235.0,872219.9348467154
bffe3082,2,5723,12.076880969230956,8.161436117114363,-7.237584029858578,7.237584029858578,-3.5017707182760205,-20.074644880009146,-0.005184185614398748,10.79727165502817,12.213533375933128,1.4162617209049575,-0.13665240670217216,0.18906168093657172,2.1480492014835204,7.594371012936241,5723,1462,11889.740000000002,0,2213.415344558009,2822.5266408884254,1.6410660894453613,4.0,9.24680924721493,0.6763934999126332,1.0,1463,5723,0.3110256858291106,0.28708133971291866,182.86000000000058,37.81999999999789,151.26000000000022,-151.26000000000022,31.61999999999898,0.019999999998617568,-0.049999999999272404,6722.134415120179,5714.814123740158,1.0,1852.0,795817.8167338687
c03b9305,2,4255,17.47513078053597,16.148780455144873,-16.148780455144873,16.148780455144873,-1.3025822822819464,-31.474912251500427,-0.004850681919159881,14.587104624282707,17.704578688970333,3.1174740646876256,-0.2294479084343628,0.39600470035252644,0.9949850904484439,-5.831380013091789,4255,1811,10797.47,0,1191.9685521436395,2341.5686229749726,3.4287340969458278,4.0,-4.925589380766208,0.2343125734430082,0.936310223266745,1812,4255,0.5163337250293772,0.3758278145695364,178.8099999999995,22.1200000000008,198.38999999999942,198.38999999999942,19.600000000002183,0.020000000002255547,0.050000000001091394,5425.988729304239,4239.2304328145265,1.0,3258.0,1257689.173331899
c1d046f4,2,5513,2.0396277045651368,1.471833372494517,-0.0042511554811279495,0.0042511554811279495,-2.562185842985855,8.547126912986641,0.00042964489162017984,2.400697324446798,2.014666419678197,-0.3860309047686008,0.024961284886939605,0.0,1.5845399874909383,-1.1883524767863434,5513,1403,11382.18,0,723.751794419266,915.4140858791944,0.4423751622645757,2.271091809258824,-2.114776683937308,1.0,1.0,1404,5513,0.014511155450752766,0.009259259259259259,175.9300000000003,21.3700000000008,184.77000000000044,-184.77000000000044,-8.880000000001019,-0.040000000000873115,0.0,6705.068200047511,5504.227559876277,0.0,0.0,0.0
c2c4db09,2,6039,3.794390685112758,2.8834288036015634,2.081354838208592,2.081354838208592,-2.2783432466912927,-2.538190409388335,0.0007032347712139568,5.860557696417478,3.7515882350982137,-2.1089694613192647,0.0428024500145443,0.19854280510018216,0.6909955365762982,-0.04171093608634313,6039,1811,11382.0,0,1154.914016594155,1500.1561767446717,2.397469505362116,4.0,7.627377530924358,1.0,1.0,1812,6039,0.23381354528895512,0.20253863134657837,324.10000000000036,28.910000000001673,321.130000000001,-321.130000000001,2.9799999999995634,0.010000000000218279,-0.05999999999949068,7463.475858196414,6025.900358037793,0.0,0.0,0.0
c42fe306,2,5095,8.999047211324777,5.4674166132498305,-5.0510402480849335,5.0510402480849335,-0.1228692030363163,-19.250372743128537,-0.003961791376526225,10.931977644611305,8.928716687828784,-2.003260956782521,0.07033052349599345,0.08439646712463199,0.889760552128694,5.03964238792736,5095,1927,10965.09,0,1065.0263164942708,1383.1381250348784,1.645410780049185,4.0,0.6167566253939611,0.7695780176643768,1.0,1928,5095,0.5952894995093229,0.44813278008298757,153.22000000000116,30.709999999999127,178.01000000000204,178.01000000000204,24.75,-0.040000000000873115,0.049999999999272404,6532.209484548146,5088.097644503416,1.0,1174.0,386095.13168806926
c6b782a4,2,4877,4.317442374305534,3.3089119913785114,0.32461452163766097,0.32461452163766097,1.587942799740631,-5.950548865976089,-0.0004177904795668223,5.282199962615229,4.613679088791066,-0.6685208738241624,-0.29623671448553246,0.1818741029321304,0.8202328553328887,1.3431877108215708,4877,1797,11217.87,0,777.8318463045844,1044.6385304256794,1.6473849148159858,4.0,-11.68841492904598,0.9903629280295264,1.0,1798,4877,0.2731187205249129,0.2753058954393771,201.67000000000007,25.18000000000029,197.9300000000021,197.9300000000021,-3.7999999999992724,-0.06000000000130967,0.11000000000058208,6066.728500763229,4866.996513220708,0.0,0.0,0.0
c99f9fae,2,6361,4.662662571134212,4.173151312080959,-4.029013086995183,4.029013086995183,3.185537335481058,1.9624430913099784,0.00031576462459512487,4.675483462926275,4.931888174832606,0.2564047119063311,-0.269225603698394,0.13865744379814496,1.2715019548015098,-5.03314459320768,6361,2032,12188.740000000002,0,1367.3977784282206,1617.9891091879972,2.453059496805815,4.0,-17.7330479197018,1.0,1.0,2033,6361,0.038201540638264427,0.03443187407771766,285.46999999999935,27.06999999999971,303.7399999999998,-301.8000000000011,-26.200000000000728,0.0,-0.040000000000873115,7707.83127188773,6343.804141026031,0.0,0.0,0.0
ce55ba43,2,4104,4.154971665788498,3.37980940703819,0.016743909199768633,0.016743909199768633,-0.0858913273932557,-7.759323726995717,0.00012833820938271343,5.562818203553872,4.560534282563157,-1.0022839209907142,-0.40556261677465955,0.6137914230019493,1.1489387125239856,-0.2465419273488677,4104,1553,11432.77,0,1576.3165783718289,2147.6313076972287,4.0,4.0,11.018947895194586,1.0,1.0,1554,4104,0.6410818713450293,0.6196911196911197,127.68999999999869,25.710000000000946,141.4399999999987,141.4399999999987,14.199999999998909,0.0,0.029999999998835847,5409.901371786638,4094.8492153069683,0.0,0.0,0.0
ce8399b7,2,1615,3.1093378166817147,2.7775720441353835,2.62711459943806,2.62711459943806,0.1175940772736794,6.1995997064714174,0.003163863812044132,1.7987295152541487,2.9966948207260455,1.1979653054718968,0.11264299595566918,0.0,0.24767269845856854,0.07387650311844511,1615,1932,11184.3,0,496.7438413559321,605.5430552199475,1.538080032970631,1.8990781940422252,-1.1764804659529149,1.0,1.0,1933,1615,0.03715170278637771,0.07708225556130367,72.28999999999905,8.109999999998763,77.34999999999854,-77.34999999999854,-5.019999999998618,0.040000000000873115,-0.05999999999949068,2938.059565611279,1612.3473237796154,0.0,0.0,0.0
d00e7eb9,2,5704,7.633668382228361,6.870302772676997,6.688185980209634,6.688185980209634,-0.3883099192571535,2.396112018097483,0.0005554231938336634,8.62037450547288,7.79636630206449,-0.8240082034083898,-0.1626979198361287,0.0,1.06921571222311,5.104396742992951,5704,1616,10932.16,0,1979.8854675965151,4579.588186420262,0.986352397419796,2.8214893755586345,2.2571533622334563,0.7901472650771388,1.0,1617,5704,0.48685133239831696,0.4056895485466914,181.21000000000095,16.57999999999811,189.07000000000153,-189.07000000000153,-7.850000000000364,0.010000000000218279,-0.020000000000436557,6824.599215976206,5692.486981741917,1.0,1197.0,156876.0133838871
d07aed8f,2,2957,2.647184933948596,2.232677829331375,-1.6787195893414475,1.6787195893414475,-1.9160450039071293,-0.8359256589519646,0.0008688068250725511,3.7307922415334906,2.6614371171618463,-1.0693551243716444,-0.01425218321325028,0.0,0.7769352754309906,-2.962816076798678,2957,1751,12375.28,0,3130.255092304715,4116.11326650802,1.5105955826278747,1.7482028346169365,2.8492813912140957,1.0,1.0,1752,2957,0.33040243490023674,0.23515981735159816,35.590000000000146,9.569999999999709,31.80000000000109,-31.80000000000109,3.7999999999992724,0.010000000000218279,-0.020000000000436557,4202.175548165909,2955.2562987497013,0.0,0.0,0.0
d085e611,2,6191,5.380789959549519,4.211177277104415,3.2568709061539747,3.2568709061539747,1.5455506548605626,13.62172783735332,0.00032763007252377863,5.323772233972727,5.663130776223619,0.339358542250892,-0.2823408166741004,0.0,1.4678079650387237,2.242855831692879,6191,1660,10911.490000000002,0,646.5741660667636,1489.1043259790692,0.8745062185292928,2.884091414699616,0.7763311764391734,0.8929090615409465,1.0,1661,6191,0.4811823614924891,0.4334738109572547,236.01000000000022,36.44000000000051,247.66999999999825,-247.66999999999825,-12.0,-0.050000000001091394,0.00999999999839929,7374.048003849995,6182.349990294939,1.0,663.0,100408.80522054681
d1ecf309,2,6168,15.04324811254207,13.382709053016479,-13.294931294155313,13.294931294155313,2.8331687936497474,-26.0432236648885,-0.0036852405338300112,17.009627810938536,15.045037489835757,-1.9645903211027793,-0.001789377293686556,0.0,0.5844025430068829,-1.931492108090474,6168,1695,11040.04,0,938.6406612221394,1484.2806108854704,1.9946902176693109,3.903878700272974,-10.82915157676596,0.3313878080415045,0.9542801556420234,1696,6168,0.5358300907911803,0.2824292452830189,186.3700000000008,26.44999999999891,201.76000000000022,201.76000000000022,15.369999999998981,-0.020000000000436557,0.049999999999272404,7230.168493330817,6157.914154728139,1.0,4124.0,1327141.0665039492
d2f3b1ab,2,5581,5.206055418719414,3.9545514486603914,1.6648771033102479,1.6648771033102479,2.780716933946678,10.406122228987442,0.001754371647857139,7.674636848592075,5.208304264067319,-2.466332584524756,-0.0022488453479052595,0.45009854864719584,0.9448640669699399,-3.2298197942111693,5581,1436,11157.1,0,1110.3416449003423,1410.8231592675802,3.203763178563058,4.0,-2.0891090991553565,0.9883533416950367,1.0,1437,5581,0.23884608493101595,0.15309672929714682,169.64999999999964,47.81999999999971,185.3000000000011,-185.3000000000011,-15.630000000001019,0.020000000000436557,-0.040000000000873115,6736.410210122429,5575.405042514638,0.0,0.0,0.0
d6dd7330,2,6193,5.042639329021086,4.051549993754379,-2.5359613482108316,2.5359613482108316,2.103195826231968,7.111236521863248,-0.00010357953071106971,7.511581159569411,5.268258955097112,-2.2433222044722987,-0.2256196260760257,0.30550621669627,0.6785725525175488,-2.2152791211293605,6193,1466,11943.55,0,446.1968256836692,844.277839102883,3.335746853140467,4.0,-0.9640003423135272,0.9098982722428548,1.0,1467,6193,0.06830292265461005,0.0408997955010225,166.4400000000005,36.95000000000073,162.6900000000005,162.6900000000005,-3.7299999999977445,0.020000000002255547,0.029999999998835847,7350.301503966256,6186.152597835025,1.0,558.0,66463.5258260188
dc7da28f,2,4774,6.9126247775351874,5.2700401364043215,-5.154060218100675,5.154060218100675,-1.5806871138447605,-11.030792641344306,-0.0030662973185535793,10.058209434482848,7.036013471317343,-3.0221959631655047,-0.12338869378215556,0.6772098868873062,0.633433797968248,2.163658332627444,4774,1897,10955.19,0,2032.282344883654,2150.841374532184,4.0,4.0,2.4559319208671706,0.7582739840804357,1.0,1898,4774,0.0611646418098031,0.1053740779768177,107.06999999999971,26.43000000000029,86.86999999999898,-86.86999999999898,20.219999999999345,0.019999999998617568,-0.040000000000873115,6075.164934569266,4769.697492399193,2.0,1049.0,139412.47921478463
dc7f9757,2,4360,5.823679860117519,5.6055172559132185,5.6055172559132185,5.6055172559132185,1.6842702633839508,4.787312015150746,0.0007843141500569821,6.296720363420934,5.670168624478127,-0.6265517389428066,0.1535112356393915,0.0,0.9600873334994624,3.8961045658640225,4360,1842,11050.320000000002,0,838.0731491495886,2072.081901518745,0.7888803264291826,1.7038832938850603,-9.533203777498333,1.0,1.0,1843,4360,0.5995412844036697,0.38958220293000545,124.06999999999971,18.450000000000728,110.08000000000175,108.92000000000007,-15.200000000000728,-0.050000000001091394,0.040000000000873115,5641.404699392744,4354.209969179267,0.0,0.0,0.0
dd64382d,2,3124,3.0200144629471937,2.1852595084009114,-2.1852595084009114,2.1852595084009114,-0.1226678923540021,-9.887310106685618,-0.0010800861158971446,3.235285083028641,2.9864904568026738,-0.24879462622596726,0.03352400614451989,0.0,0.15354135124421894,-0.498705038427521,3124,1933,10824.14,0,802.1362039111792,1003.5522966444992,0.1410073682864774,0.6614451862792868,3.9265550231414887,1.0,1.0,1934,3124,0.6264404609475032,0.5031023784901758,122.71999999999935,15.649999999999636,137.17000000000007,137.17000000000007,14.450000000000728,0.0,0.050000000001091394,4503.053296262473,3117.882646364402,0.0,0.0,0.0
dd6bc5b2,2,3602,1.465927213109828,1.2883354533128313,-0.9952285262420444,0.9952285262420444,-0.0914949350699316,-2.198548319938709,-0.0006437422329006567,3.732271315330076,1.9575121211237827,-1.7747591942062935,-0.4915849080139547,0.0,0.48981224364943265,0.1638293640955887,3602,2161,11145.39,0,892.8205309576463,1810.585271182859,2.143680670727297,3.4152298956405014,9.759554301456934,1.0,1.0,2162,3602,0.11910049972237646,0.05041628122109158,131.57999999999993,25.1200000000008,117.93999999999869,-117.93999999999869,13.630000000001019,-0.010000000000218279,0.0,4973.968056179066,3594.066782963229,0.0,0.0,0.0
e03b45fd,2,5342,6.9921266924084815,6.232554611764428,-3.987911465685718,3.987911465685718,5.252483274542101,12.502127945534085,0.0007589423810878082,10.719804953202528,9.469270087448743,-1.2505348657537851,-2.4771433950402617,0.3874953201048297,2.9405332965407656,-6.014667094380707,5342,1740,12806.71,0,810.8694092761642,1127.8285682787466,2.949671910596084,4.0,-14.425995593698966,0.8367652564582553,1.0,1741,5342,0.44646199925121677,0.21367030442274554,303.6899999999987,75.76000000000022,262.79999999999745,262.79999999999745,-40.85999999999876,0.030000000002473826,0.020000000000436557,6592.504706070542,5325.965335157482,2.0,784.0,92173.5122017807
e2fc7745,2,3692,6.252982267084382,4.86221651750018,-4.353821233813598,4.353821233813598,0.9884501593223832,-3.8193829961546726,0.0002760444392903123,4.910968752734378,6.315280283815398,1.40431153108102,-0.06229801673101587,0.04658721560130011,0.6504182366339377,-4.863261246523871,3692,1650,11981.26,0,1370.511003385267,2265.2002414191143,2.576148230921828,4.0,1.51177427604277,0.8924702058504875,1.0,1651,3692,0.06256771397616467,0.09569957601453664,132.8199999999997,34.68000000000029,134.4399999999987,134.4399999999987,1.6199999999989814,0.0,0.040000000000873115,4758.421627869509,3686.5600487445995,1.0,325.0,60154.0343079154
e4726608,2,4733,6.608304393583528,5.253107025648721,-4.6226550583966795,4.6226550583966795,-1.8199773042142624,-16.027379706581996,-0.0029990925196317912,4.190018914413672,6.5045002578412925,2.3144813434276204,0.10380413574223546,0.28692161419818296,0.8294916391289292,2.4731978430521404,4733,1534,11958.94,0,437.7766423930482,742.7439252020118,3.632183982806347,4.0,-3.4951011477750207,0.8753433340376083,1.0,1535,4733,0.3545320092964293,0.21954397394136807,143.95000000000073,23.590000000001965,153.32000000000153,153.32000000000153,9.380000000001019,0.010000000000218279,0.019999999998617568,5899.925880245655,4727.547159045557,1.0,590.0,114174.03824508193
e5864244,2,4469,7.007761758915687,5.526662669395991,-5.333160083867115,5.333160083867115,-0.809164360684008,-19.276610485287165,-0.0012298100727326242,9.474236436653404,6.7440265749849155,-2.730209861668489,0.26373518393077156,0.6048332960393824,0.8108686578356838,-2.5857643813824334,4469,1567,12725.62,0,517.027875457374,832.7263166854941,4.0,4.0,31.0192361424942,0.90713806220631,1.0,1568,4469,0.36294473036473485,0.24681122448979592,196.0599999999995,52.95999999999913,150.17999999999847,-143.09000000000015,53.0099999999984,0.05999999999949068,-0.06000000000130967,5577.585919531269,4463.957063245364,1.0,325.0,84102.88568626283
e5ff9fd2,2,2354,3.8367983091382674,3.3304492320181205,1.4275250494710094,1.4275250494710094,-0.3512858964804763,8.299638644784864,-0.0008010338617810604,3.8054410461666976,3.8536646002356494,0.048223554068951735,-0.016866291097382025,0.0,0.2508570885724469,2.369941387856427,2354,1843,11760.83,0,1299.8243029444227,2246.584128833005,0.6110250029204476,1.1061850099742812,11.909120818381638,1.0,1.0,1844,2354,0.5951571792693288,0.4061822125813449,65.96999999999935,16.529999999998836,69.18999999999869,69.18999999999869,3.210000000000946,-0.00999999999839929,0.040000000000873115,3613.5557739603837,2352.3824005889473,0.0,0.0,0.0
e737965a,2,5955,5.753591411573309,4.878008127097746,1.6184685814397182,1.6184685814397182,2.6473276067226834,14.55024443847833,0.0025456668933052573,4.7641350980778485,6.915188735447157,2.1510536373693085,-1.1615973238738482,0.29353484466834595,1.9334034292671183,-5.959981759930035,5955,1738,10935.88,0,805.6992575396588,1160.1667335342709,2.276503026918525,4.0,-4.866511328827269,0.9749790092359362,1.0,1739,5955,0.6228379513014274,0.515813686026452,201.82999999999993,30.399999999999636,186.15000000000146,186.15000000000146,-14.959999999999127,0.010000000000218279,0.029999999998835847,7311.438941893164,5945.297968049807,1.0,149.0,22670.759648363346
e748dd88,2,4812,3.302999764113749,2.769604920894162,-2.3961875780600534,2.3961875780600534,-0.5208419312602928,3.2538718635951227,0.0005681964194045426,3.405496904970673,3.274273083522076,-0.131223821448597,0.02872668059167305,0.0,0.866986586578311,-3.7629840649376827,4812,1451,12028.33,0,825.1895227915329,1318.2919308332505,0.9703331836257124,1.6815628045886322,-8.916080756618285,1.0,1.0,1452,4812,0.03428927680798005,0.03168044077134986,96.2599999999984,19.399999999999636,107.26000000000022,-107.26000000000022,-12.55999999999949,0.030000000000654836,-0.06000000000130967,5900.245043059778,4779.624202685922,0.0,0.0,0.0
e7818f7a,2,5371,4.506357639535,3.7406905799132457,-0.723405680622192,0.723405680622192,-0.8326058695183747,-4.426177509294575,0.001225526175097935,4.468130900253802,4.4708734564734725,0.0027425562196707887,0.03548418306152712,0.0,0.5142136872707198,-4.0139434607601485,5371,1457,11022.87,0,1171.157000672676,1818.342583075,1.1668530820595855,2.690724330292796,3.035684607377842,1.0,1.0,1458,5371,0.2850493390430088,0.0850480109739369,265.15999999999985,24.399999999999636,256.0100000000002,-256.0100000000002,9.1299999999992,-0.020000000000436557,-0.030000000000654836,6374.647451042488,5359.676582528049,0.0,0.0,0.0
e7d0c1de,2,4711,6.776271718866068,5.959139462356982,-5.949990332697868,5.949990332697868,0.4025331386947073,-0.9656047036442033,-0.0008327808145544246,6.603191695995294,6.548556478110448,-0.05463521788484638,0.22771524075562066,0.0,0.45502120977160293,-3.988791514422198,4711,1743,11319.1,0,588.9308985779048,1170.2448291810651,0.6058992167031938,1.1522001466635177,-15.570553233144045,0.8541710889407769,1.0,1744,4711,0.03672256421142008,0.03612385321100917,157.42000000000007,17.070000000001528,171.84000000000015,-171.84000000000015,-14.430000000000291,-0.010000000000218279,-0.020000000000436557,5964.953765368984,4706.576761352257,1.0,687.0,83338.76490181222
ea41324e,2,5025,3.6316105496370876,3.0443553964558348,-2.6523442472390033,2.6523442472390033,-0.0897882902117999,1.6565836239242344,-0.0010079375049659959,6.643336353211656,3.6464876210863197,-2.9968487321253363,-0.014877071449232115,0.4597014925373134,0.7300129983335577,-0.12040523476442419,5025,1813,11356.37,0,719.6263270790328,826.7135176255304,3.699940864925204,4.0,-8.975356017716635,1.0,1.0,1814,5025,0.3434825870646766,0.22601984564498345,158.73999999999978,20.539999999999054,164.14999999999964,-164.14999999999964,-5.420000000000073,-0.010000000000218279,-0.030000000000654836,6429.008381895438,5016.523893344715,0.0,0.0,0.0
eabc711b,2,5348,12.297316611021683,9.410172842014855,6.185668127473049,6.185668127473049,-1.2144762269253988,-5.017989936108279,0.005111360279784454,11.847642517910039,12.324433546259376,0.4767910283493375,-0.027116935237692985,0.1206058339566193,0.6440731085142319,-7.479553580530686,5348,1965,11869.94,0,1201.8532586489148,1681.7908990493777,1.993196734409936,4.0,11.417298823704314,0.6209798055347794,1.0,1966,5348,0.43324607329842935,0.35096642929806715,112.90999999999985,37.1399999999976,121.5,121.5,14.269999999998618,0.019999999998617568,0.020000000000436557,6743.51822202854,5340.894838891744,1.0,2027.0,750180.8025518255
eafb863e,2,3568,4.442577314333186,3.277322415325461,-0.08122906126116335,0.08122906126116335,-1.4170829780341592,-15.858011793106924,-0.0007305926957486294,4.446106111988446,4.498642572494816,0.05253646050636984,-0.056065258161630105,0.0,0.702645882178549,1.221783011606517,3568,1748,11189.63,0,925.0527499688206,1150.3055562111294,1.2983746891877987,3.3736696768054597,18.3398535582704,0.9652466367713004,1.0,1749,3568,0.33548206278026904,0.2727272727272727,54.89000000000124,36.409999999999854,84.42000000000007,84.42000000000007,36.43000000000029,0.020000000000436557,0.0,4826.068495505562,3564.8396017912896,0.0,0.0,0.0
eb06a4e7,2,4535,6.848829216676687,5.162499733314631,4.161962871394341,4.161962871394341,-0.0580476167488086,11.06427385652023,0.0033785794026701746,9.22164391579994,7.1620538556370805,-2.0595900601628587,-0.3132246389603939,0.08401323042998897,0.4914179344200966,-3.497276634458946,4535,1843,11373.76,0,483.37208178574537,778.1753933721627,1.8449463299191744,4.0,1.6613586354794032,0.7144432194046306,1.0,1844,4535,0.033958103638368244,0.04175704989154013,155.07999999999993,30.459999999999127,141.53000000000065,141.53000000000065,-13.090000000000146,0.049999999999272404,0.0,5844.2721679833885,4512.996310490541,1.0,1295.0,176843.08313888143
ed6436d6,2,2945,4.529798943419498,3.3174488760756824,3.1996202767650943,3.1996202767650943,0.7268744632856396,1.3842303584224285,-0.0008352731356664008,3.9642431128850997,4.429927152385877,0.46568403950077775,0.0998717910336202,0.0,0.1917377909384282,4.429142332466037,2945,2081,12230.94,0,536.8190272801389,1379.5497468379133,0.4387796330265097,2.2950896967510306,3.831444267341208,1.0,1.0,2082,2945,0.03395585738539898,0.039865513928914506,80.43000000000029,5.329999999999927,81.82999999999993,81.82999999999993,1.3999999999996362,0.0,0.030000000000654836,4399.82313278872,2942.3362470150983,0.0,0.0,0.0
ee4aecac,2,5265,3.372498998631969,2.9545671587238584,-2.9545671587238584,2.9545671587238584,-0.9862587281968443,-8.478350554691133,-0.0005256659176330973,6.822318422111419,3.462024260645472,-3.360294161465947,-0.08952526201350297,0.7333333333333333,0.6443129817705975,-1.5710144635135477,5265,1330,11746.45,0,778.8806523463768,1094.2467226362105,4.0,4.0,8.05114674500961,1.0,1.0,1331,5265,0.17834757834757833,0.12321562734785875,207.60000000000036,20.420000000000073,187.85000000000036,-187.1800000000003,20.43999999999869,0.019999999998617568,-0.029999999998835847,6377.585773000894,5253.120106945892,0.0,0.0,0.0
efde6ac3,2,4559,8.7097318580303,7.00867215339542,7.00867215339542,7.00867215339542,1.0987343853157654,16.556481974344933,0.0030404917810319325,9.29917495601725,8.719531179714787,-0.5796437763024631,-0.009799321684486273,0.0,1.2391762606867347,0.07939138442364688,4559,1660,10911.490000000002,0,648.8460793209772,1191.8822626414174,1.089145841326995,2.019502199486602,-3.265020618263631,0.7198947137530161,1.0,1661,4559,0.4073261680193025,0.4334738109572547,165.36000000000058,26.719999999997526,183.96000000000095,-183.8600000000024,-18.840000000001965,-0.050000000001091394,0.010000000000218279,5744.1513585618395,4551.860561144249,1.0,1277.0,284614.15715302713
f0188a48,2,4170,12.119607939124325,11.55910805823853,11.55910805823853,11.55910805823853,1.0358724346642705,11.163641320294118,0.0006819227037547281,12.534324832032619,12.144229104132593,-0.3900957279000252,-0.024621165008268164,0.0,0.9554526712302471,10.1376401822618,4170,1968,11404.72,0,1388.6466237671916,1611.707625943901,0.4980493566715156,2.496187298558794,14.438887324320484,0.3107913669064748,1.0,1969,4170,0.01342925659472422,0.12493651599796851,227.34000000000015,27.890000000001237,222.1200000000008,-222.1200000000008,5.170000000000073,-0.049999999999272404,-0.039999999999054126,5563.195200836938,4161.780655741266,2.0,2874.0,546455.4101427227
f053a1b9,2,4108,9.931411883259837,9.435361077624759,9.435361077624759,9.435361077624759,1.4354051449336112,11.865737590242134,0.001266683174964316,10.614062055804954,10.273681356391226,-0.3403806994137284,-0.3422694731313882,0.0,0.5883928299669071,6.834227177835534,4108,1843,12275.3,0,794.6205708549438,1145.4036223201845,0.6661655178709307,1.6612498888540808,0.5158929431075062,0.4849074975657254,1.0,1844,4108,0.23369036027263876,0.12093275488069415,125.14999999999964,21.470000000001164,112.63999999999942,112.51999999999862,-12.670000000000073,-0.039999999999054126,0.029999999998835847,5428.428510315369,4102.915727430851,4.0,2116.0,303758.20161520893
f5d8aab6,2,4444,7.480626219502487,6.246073840363564,6.153525488402555,6.153525488402555,-0.0975500007225491,5.720753762967433,0.002614187512545265,10.45313061786602,7.52824039385545,-2.9248902240105696,-0.04761417435296256,0.5623312331233123,0.5981523492244752,0.3461079292832467,4444,2131,11043.71,0,381.3372973169671,780.7259427288501,4.0,4.0,-4.527903067884438,0.8161566156615662,1.0,2132,4444,0.15864086408640865,0.043151969981238276,175.91000000000167,24.139999999999418,162.09000000000196,162.09000000000196,-13.859999999998763,-0.039999999999054126,0.06999999999970896,5917.519696278402,4436.79170970428,1.0,817.0,146218.27955682352
f72b268f,2,6404,10.496772220489927,9.424143326262675,9.149782930889467,9.149782930889467,0.7265238342424709,-0.8263360854507482,-0.0017164769460345421,13.576277157423187,10.573308800065098,-3.002968357358089,-0.0765365795751709,0.8107432854465959,0.8738998558808017,14.645083873619045,6404,1513,11037.92,0,577.7632985272813,1416.0803009099204,4.0,4.0,21.266971983863087,0.4428482198625859,1.0,1514,6404,0.046845721424109935,0.11822985468956407,236.75,32.82999999999993,219.11000000000058,-218.48999999999978,18.280000000000655,0.020000000000436557,-0.049999999999272404,7501.8179319589035,6349.5396546519905,2.0,3568.0,604920.2775382763
f9fc81aa,2,5598,5.770471856895479,4.043695799314198,-3.9834190458037044,3.9834190458037044,0.3364085568991868,-2.743132187582887,-0.0005206901687354826,5.053020738946569,6.146787024753083,1.093766285806514,-0.3763151678576042,0.20471596998928188,0.6194642604511262,-2.52626760859746,5598,1514,11178.46,0,810.487353942166,1104.1671727822404,2.238318822439547,4.0,-9.663555687618963,0.8449446230796713,1.0,1515,5598,0.06555912826009289,0.039603960396039604,175.82999999999993,31.109999999998763,186.16999999999825,-186.16999999999825,-10.339999999998327,0.0,-0.010000000000218279,6780.3689576316865,5591.646736517021,1.0,868.0,118084.28436028707
fb03ae90,2,6431,58.80267476547148,56.3859462797317,56.3859462797317,56.3859462797317,2.415605182062791,70.40532376701594,0.007486507056344417,57.51124088904886,58.530460997214774,1.0192201081659178,0.2722137682567052,0.3074171979474421,1.6335969094296208,32.31682609358441,6431,1697,11478.2,0,1239.0854035234197,1669.456974206306,2.959207158525184,4.0,29.786745865304614,0.0348312859586378,0.0886331830197481,1698,6431,0.16902503498678276,0.10836277974087162,149.5,50.76000000000022,139.6999999999989,114.72999999999956,-34.81000000000131,-0.040000000000873115,0.010000000000218279,7565.787443244444,6426.386458321642,1.0,6207.0,22226372.94530808
fb73b13a,2,5640,5.864215160397334,5.067187932833729,2.516926613421737,2.516926613421737,-0.5269036688059714,-7.090971641648139,-0.001427400550701523,6.908710670019562,5.901445834805599,-1.007264835213963,-0.03723067440826444,0.0,0.9682242389534805,6.541482466124677,5640,1824,10797.7,0,780.6629131866056,1246.8377381296266,1.0600691025089408,2.749294925772677,1.68917647178903,0.9881205673758864,1.0,1825,5640,0.4015957446808511,0.19068493150684931,402.3600000000006,31.019999999998618,413.0100000000002,413.0100000000002,10.699999999998909,0.049999999999272404,0.010000000000218279,6971.835776114617,5622.563996131898,0.0,0.0,0.0
fba7683c,2,407,1.4322686004628684,1.1489677254992816,0.6167086943063516,0.6167086943063516,0.2756776537607948,-3.8796701525370736,-0.002408368477273294,1.430046733684455,1.430046733684455,0.0,0.002221866778413517,0.0,0.02082439313623427,1.1056074951928296,407,1650,11857.08,0,1032.716275181357,1112.7621865652782,0.0,0.0,1.9735270061845744,1.0,1.0,1651,407,0.0171990171990172,0.021199273167777106,7.799999999999272,9.94000000000051,7.819999999999709,7.819999999999709,5.8400000000001455,0.0,0.020000000000436557,1539.0352849906712,406.2865595856577,0.0,0.0,0.0
fd710aea,2,4217,3.4308342678374557,2.6272511617800918,2.537597242560608,2.537597242560608,-1.4604613437240914,10.897503873444292,0.0009798955533402427,4.790301353558784,3.6789845715878684,-1.111316781970916,-0.2481503037504127,0.005691249703580745,1.0173086313750057,0.47197741611937577,4217,1742,12161.08,0,663.4950122272548,1119.996166064925,2.2882475084938783,4.0,16.452924211810924,0.982451980080626,1.0,1743,4217,0.25752904908702867,0.13654618473895583,99.77999999999884,15.94000000000051,104.26999999999862,104.26999999999862,4.510000000000218,0.020000000000436557,0.010000000000218279,5476.8241787756,4214.011717971434,0.0,0.0,0.0
ff0aea78,2,3261,5.843603021168242,5.017968440659507,-4.9014636179727775,4.9014636179727775,0.1590491682291031,1.9204955225504816,0.000359106184425783,9.170251213161764,5.8720181300709156,-3.2982330830908486,-0.028415108902673403,0.7804354492486967,0.35634005301036276,-5.486806698586803,3261,1714,11721.43,0,883.1464828242014,1670.1477241548916,4.0,4.0,17.76960266139181,0.9377491567003986,1.0,1715,3261,0.4563017479300828,0.15276967930029153,76.8799999999992,39.43000000000029,88.30999999999949,88.30999999999949,22.06999999999971,-0.020000000000436557,0.020000000000436557,4609.185181777072,3255.975957850279,1.0,201.0,22688.959515769173
000d7d20,3,3836,8.823644909301954,7.4604251836227595,7.071643069738025,7.071643069738025,-0.5740045900292898,15.129161153286988,0.004380975833653982,6.965957334869065,9.00885734860264,2.0429000137335755,-0.18521243930068643,0.17440041710114704,0.4734137564510581,-1.328878091293484,3836,1441,11747.37,0,777.710356173829,1953.5982639029455,0.633633405173742,4.0,1.6641994334159729,0.7288842544316997,1.0,1442,3836,0.47340980187695514,0.3065187239944521,100.02000000000044,15.200000000000728,89.95000000000073,89.95000000000073,-10.06000000000131,0.00999999999839929,0.010000000000218279,5028.530210675847,3829.3746833785553,1.0,1040.0,209785.029258736
01982c1d,3,3941,5.112308327041992,4.106039553645837,-4.106039553645837,4.106039553645837,-0.217977677417366,-4.296903658711017,-0.0022632728309497484,7.686769869932759,5.3447025140281825,-2.342067355904576,-0.2323941869861903,0.22126363867038823,0.9433976206280168,0.3526079233251695,3941,1645,10694.08,0,1044.489657643784,1511.1512222227464,2.482433319860005,4.0,-21.813594285824752,0.9731032732808932,1.0,1646,3941,0.15808170515097691,0.13547995139732685,159.98999999999978,18.01000000000022,148.75,148.75,-11.219999999999345,0.020000000000436557,0.010000000000218279,5092.622068184755,3935.6387128520378,0.0,0.0,0.0
028d7b28,3,6234,23.35191537112499,20.625986160234042,19.945962334712856,19.945962334712856,-2.781411107964232,25.613851691736272,0.004216903119442493,22.124895864727723,22.488705841547432,0.3638099768197094,0.8632095295775564,0.5455566249598973,1.6711007123793262,6.803983762970318,6234,1526,12427.92,0,2627.904224557963,3555.817685328704,4.0,4.0,27.40495468641988,0.2375681745267885,0.6581649021495027,1527,6234,0.23307667629130574,0.1558611656843484,239.32999999999993,26.23999999999978,236.6299999999992,-236.04999999999927,0.8600000000005821,0.020000000000436557,-0.05999999999949068,7420.307574361206,6224.4480112056235,1.0,4753.0,3357893.9392313007
0390d174,3,4411,6.469235242980749,5.155400317298758,-3.152520861825695,3.152520861825695,-1.3730981008920935,2.419417289302146,-0.0010411953425153993,7.48742865658684,6.897753582605765,-0.5896750739810752,-0.4285183396250165,0.19360689186125596,1.5354070055287725,-0.8566851315792396,4411,1689,10620.96,0,950.2366606928516,1311.680623370265,1.845853396533116,4.0,-5.566191436904399,0.814781228746316,1.0,1690,4411,0.4978462933575153,0.4319526627218935,177.89000000000124,31.399999999999636,180.0,-180.0,-2.0899999999983265,0.020000000000436557,-0.05999999999949068,5822.674011836227,4403.322694011982,1.0,817.0,122057.61957936706
0498acab,3,4798,2.298039094150053,1.6177087653642632,-1.186260228747882,1.186260228747882,0.733205349813943,1.0876337833433354,-0.0005438584841237643,3.195487486485064,2.406266802999093,-0.7892206834859712,-0.1082277088490402,0.0,0.7678916906268344,0.11818434542296634,4798,1633,11400.71,0,1229.7481087306005,1806.3727043792453,1.0006341496632118,3.874292743045341,-6.6652909484249845,1.0,1.0,1634,4798,0.47457273864110044,0.40820073439412485,137.0699999999997,22.399999999999636,143.71999999999935,-143.71999999999935,-6.599999999998545,0.050000000001091394,-0.07999999999992724,5896.986610821168,4790.59500773148,0.0,0.0,0.0
060ab2b8,3,6258,7.806694824269214,6.767053579678001,6.707407889409475,6.707407889409475,2.3609339761405863,10.274232004612712,0.0018745028526030091,11.668470252620516,8.24871216380672,-3.4197580888137953,-0.44201733953750644,0.7690955576861617,1.0132539493966262,0.843025715040966,6258,1559,10950.59,0,755.6558987393931,1070.0432059033003,4.0,4.0,32.40821530189595,0.738255033557047,1.0,1560,6258,0.5749440715883669,0.5371794871794872,148.32000000000153,27.079999999999927,163.4300000000003,163.4300000000003,15.170000000000073,0.010000000000218279,0.010000000000218279,7274.369277527754,6252.352303013598,2.0,1608.0,220686.0817028142
06df5958,3,3509,6.945046431487153,5.40115355325509,4.17948466200052,4.17948466200052,0.3485164987487223,9.714814013257635,0.0051859763613100384,6.746007219050785,6.894423244903875,0.14841602585308955,0.05062318658327847,0.0,0.6526182125565727,-4.916717875737285,3509,1529,11338.8,0,1215.4768328728908,1528.4899783200506,0.4067588663500935,2.2976695000213474,15.290116998227685,0.8036477628954118,1.0,1530,3509,0.18922770019948704,0.08235294117647059,131.11999999999898,10.849999999998545,127.59999999999673,-127.59999999999673,3.5200000000022555,0.0,-0.040000000000873115,4712.309715327412,3503.6115476605655,1.0,689.0,106330.11596602795
084d66f9,3,3885,8.1393488314969,6.342718915255592,-5.269522813799574,5.269522813799574,1.2374377877949885,10.190382199429225,-0.0031300964853693456,10.879839183316472,8.131299970193352,-2.74853921312312,0.008048861303548094,0.5984555984555985,1.1271146173883384,0.8091245607876943,3885,1746,11007.070000000002,0,1056.3296767228176,1323.194136710216,4.0,4.0,-20.32844665689234,0.7068211068211068,1.0,1747,3885,0.6463320463320463,0.4979965655409273,121.53000000000065,44.63000000000102,145.14000000000124,-145.14000000000124,-23.600000000002183,0.00999999999839929,-0.029999999998835847,5064.093593370683,3880.159234065114,1.0,1135.0,199566.54989156604
09053135,3,5907,14.186670151882488,13.189274154841687,-13.074012955398702,13.074012955398702,1.6379319175575802,-19.733521926173125,-0.002179314761113651,15.528043972276615,14.046959908379083,-1.4810840638975318,0.139710243503405,0.23700694091755545,0.8364515147241935,-6.638496465830094,5907,1807,11461.63,0,1137.8612713771267,1850.6031875038937,1.6151786081490862,4.0,-14.016575439141294,0.1973929236499069,1.0,1808,5907,0.4218723548332487,0.2079646017699115,176.71999999999935,25.679999999998472,165.63999999999942,-165.63999999999942,11.06000000000131,-0.019999999998617568,-0.030000000000654836,7205.23322001204,5899.115483434735,4.0,4741.0,1132194.976707628
1131525f,3,4159,4.186826130184931,3.7339904431527864,-1.9270401931108532,1.9270401931108532,-0.2768166349851526,-8.111185437104723,-0.0020159249443443845,4.928507957607584,4.501280383698036,-0.4272275739095477,-0.3144542535131052,0.0,0.6488218037327947,2.264067766181123,4159,1388,11290.35,0,1054.5250537680647,1139.5565875595173,1.5254752337239548,2.3953369684225083,15.349472919393625,1.0,1.0,1389,4159,0.35393123346958405,0.20014398848092152,119.30999999999949,23.01000000000022,96.30999999999949,-96.30999999999949,23.039999999999054,0.039999999999054126,-0.06000000000130967,5253.3318092871405,4153.157026660461,0.0,0.0,0.0
1285a37b,3,5597,12.91434685233288,11.53277704510678,11.531060509914806,11.531060509914806,-0.1614513398835697,17.396919432825598,0.0034656834531734313,11.652276470917707,12.911047209817319,1.2587707388996119,0.003299642515560919,0.0,0.22938798258699494,1.8340782079355453,5597,1805,12755.8,0,1282.1870518084215,2423.236589961068,1.3240104058390711,2.0919842109909434,12.138880882864754,0.3555476147936394,1.0,1806,5597,0.0418081114882973,0.02768549280177187,191.02000000000044,10.730000000001382,186.82000000000153,186.82000000000153,-4.18999999999869,0.010000000000218279,0.019999999998617568,6916.15603301784,5592.282303290666,1.0,3607.0,879333.3939230365
12f0cd90,3,5947,7.314457530278753,5.951430003324766,5.90994782972274,5.90994782972274,-0.403341288172669,17.858723421950344,0.0005387179577088419,8.490715669867365,7.588986934060012,-0.9017287358073531,-0.27452940378125845,0.2497057339835211,1.6162685360792255,4.308339341454352,5947,1483,11394.42,0,1042.980691827409,1405.1943613071712,2.6274126411038563,4.0,3.753327050082356,0.8409281990919791,1.0,1484,5947,0.2914074323188162,0.13409703504043127,302.77000000000044,35.17000000000007,313.9599999999991,-313.9599999999991,-11.219999999999345,-0.030000000000654836,-0.039999999999054126,7125.766868302135,5932.143524907378,2.0,946.0,171479.67531600548
137d1e44,3,4554,8.863311223824631,7.333936773176658,1.5726131426201937,1.5726131426201937,-1.019906931624064,-5.303582977416227,-0.004926348478071759,10.513914563459853,9.002763469769041,-1.5111510936908115,-0.13945224594441008,0.06038647342995169,0.7314546994666906,12.787445452950555,4554,1758,12750.83,0,1273.957251647572,2503.6650589285914,2.1194775941044908,4.0,20.571113098888404,0.7516469038208169,1.0,1759,4554,0.4857268335529205,0.30926662876634453,132.95000000000073,52.97999999999956,161.20000000000073,161.20000000000073,28.280000000000655,0.030000000000654836,0.0,5706.84624183583,4549.942066235603,1.0,1056.0,240914.09520728397
19137a89,3,6267,14.82576852093534,13.49059436787858,-13.49059436787858,13.49059436787858,-0.5928640802085283,-27.21487520639312,-0.00156522275575133,15.20732007938283,15.176935050724435,-0.03038502865839554,-0.35116652978909535,0.35423647678314985,0.8141506120819889,-8.586751474109672,6267,1690,11041.54,0,591.1907171124211,1921.979899511022,1.463055548327497,4.0,9.990740940078885,0.2431785543322163,0.9760651029200574,1691,6267,0.057124621030796234,0.17267888823181549,245.36000000000058,40.98999999999796,205.65000000000146,-205.65000000000146,39.73999999999978,0.030000000000654836,-0.06999999999970896,7451.825412169516,6222.203700145226,2.0,4743.0,1328926.0628777235
1a68190b,3,4474,14.627294828001721,12.394088289085996,-12.269382525397353,12.269382525397353,0.8078530045659136,-15.749574533325358,-0.0022111321911845207,12.558062624280218,14.665442208809232,2.1073795845290135,-0.038147380807510345,0.44501564595440324,0.8190716318594808,-7.324185379813171,4474,2027,12793.43,0,1447.2131631004124,1987.704608492901,3.572394394764385,4.0,-4.413359722083936,0.4613321412606169,0.9821189092534643,2028,4474,0.275592311130979,0.14990138067061143,148.76000000000022,32.0,141.15000000000146,-141.15000000000146,7.619999999998981,0.010000000000218279,-0.049999999999272404,5926.6853554627205,4466.768284397497,2.0,2410.0,869488.1975991186
1aaf1da0,3,4804,8.506072696745672,7.43903569170493,7.318458061022584,7.318458061022584,1.1367665224970551,14.27768281049066,0.0022857423645405504,7.691046143501026,8.343932744061087,0.6528866005600609,0.16213995268458525,0.1908825978351374,0.9451296847453562,1.8292477725784528,4804,1516,11897.740000000002,0,713.9876604677175,944.998005407981,1.6134143871818032,4.0,28.213720545647025,0.611157368859284,1.0,1517,4804,0.2670691090757702,0.14172709294660515,202.28999999999905,18.26000000000022,217.07999999999993,217.07999999999993,14.799999999999272,0.00999999999839929,0.040000000000873115,5840.6101956009115,4796.407860659801,3.0,1868.0,258378.8399282358
1d78281a,3,4949,7.904380411472969,6.540169413128812,-6.28593607434235,6.28593607434235,-2.4369296693457727,-11.348160418361658,-0.001225524746256581,11.053736402147484,7.885771092552851,-3.167965309594633,0.01860931892011841,0.5550616286118408,0.7087340497923922,-3.253987852103567,4949,1860,12780.2,0,1690.5476486188718,2238.853628098412,4.0,4.0,-8.584414431939933,0.7090321277025662,1.0,1861,4949,0.21479086684178622,0.13326168726491133,166.10999999999876,26.80999999999949,159.61999999999898,-159.61999999999898,6.509999999998399,0.019999999998617568,-0.06000000000130967,6191.040638076859,4941.744964443286,2.0,1440.0,207357.76871235133
20402d71,3,6372,6.949341419938797,6.337801268825665,6.319970848308702,6.319970848308702,-1.0012745116073347,13.981480318334434,0.0005908136879116747,9.43641570747029,6.917649677476008,-2.518766029994283,0.031691742462789385,0.3261142498430634,0.6825835172127627,4.437933845466061,6372,1557,10966.39,0,808.9115513608222,1257.0532225211186,2.195611820328756,4.0,2.9799068715166417,0.8725674827369743,1.0,1558,6372,0.013339610797237916,0.010269576379974325,123.1299999999992,25.3700000000008,114.36000000000058,106.11000000000058,-15.479999999999563,0.020000000000436557,0.010000000000218279,7486.4019120257435,6366.395902871252,3.0,812.0,109518.91635223129
204cc64b,3,4805,11.613545476104417,9.844092857498518,9.02700348419051,9.02700348419051,0.5270260260022042,10.534925169113194,0.004015506624504199,12.084936233880503,11.674401730968317,-0.41053450291218674,-0.060856254863900006,0.0,0.34163739192134646,-0.6182434278685769,4805,1648,12558.35,0,416.26052614335424,837.0933206339347,0.5583328002183212,2.3721664843680004,0.0445378208428639,0.445369406867846,1.0,1649,4805,0.3573361082206035,0.24317768344451182,168.61000000000058,26.210000000000946,153.73000000000138,153.73000000000138,-14.859999999998763,0.020000000000436557,0.019999999998617568,5995.3482013847215,4799.228011024003,3.0,2665.0,595987.9779366468
26623a50,3,5735,15.78263125449267,13.485643687214832,-13.485643687214832,13.485643687214832,-0.5510147882378078,-30.411680377843368,-0.004461588466658001,16.315194177353245,15.717652426498097,-0.5975417508551484,0.06497882799457422,0.0,0.4106524627054457,-0.694269553306345,5735,1743,11385.69,0,1254.799378835365,2502.811287571862,0.5481424391982561,2.201421741381648,-43.464022954354206,0.4519616390584132,0.9248474280732344,1744,5735,0.28055797733217086,0.20871559633027523,271.0,34.600000000000364,254.64999999999964,254.64999999999964,-16.340000000000146,0.010000000000218279,0.05999999999949068,6964.268531415251,5725.182233326731,2.0,3143.0,1322137.3867419437
272abef3,3,4135,9.879064919161047,8.37472253247777,7.8140406729220295,7.8140406729220295,-0.4581298024804709,11.474116943199988,0.0044192506102859515,8.82844993707036,9.904695873247485,1.0762459361771253,-0.025630954086437896,0.0,0.7247685827951592,-1.3205503385390298,4135,1546,11446.94,0,960.025452266682,1789.402865099612,1.6540022790191184,3.970488234041113,8.321311563098153,0.3683192261185006,1.0,1547,4135,0.046674727932285366,0.04460245636716225,153.26000000000022,20.649999999999636,154.95999999999913,-154.95999999999913,-1.6999999999989086,0.0,-0.019999999998617568,5300.328764474021,4124.839527702669,2.0,2612.0,389283.9895757047
27300fd5,3,5467,4.886474345049613,4.17061389627539,1.240511265149417,1.240511265149417,1.717650149576002,9.720076823226918,0.002128404565115324,5.0936194672637995,5.440296902944089,0.34667743568028975,-0.5538225578944767,0.00859703676605085,1.6482643906807644,-4.576418411310764,5467,1918,12560.42,0,1239.8939784111014,2301.8109874183765,0.6733673778100564,4.0,14.730172182402942,1.0,1.0,1919,5467,0.036948966526431315,0.024491922876498175,196.6800000000003,27.6200000000008,202.98999999999978,202.98999999999978,6.299999999999272,-0.010000000000218279,0.030000000000654836,7005.196780582797,5460.537147579911,0.0,0.0,0.0
27ebb9b9,3,5766,5.950655839608337,5.148507943880073,-3.6457696954190637,3.6457696954190637,-1.871028901057798,4.328700902971832,0.0015872874168556103,6.079367830070496,5.947125126793724,-0.13224270327677257,0.003530712814613146,0.32466181061394384,1.5890021105468437,-8.221125674505355,5766,1884,11934.83,0,606.8457264618323,1228.523460754818,2.8198140234360007,4.0,4.931008681808881,0.9823100936524454,1.0,1885,5766,0.21574748525841136,0.12254641909814323,169.1800000000003,24.38000000000102,170.73999999999978,170.73999999999978,1.5799999999999272,0.020000000000436557,0.0,7161.555692943901,5759.3990118588345,0.0,0.0,0.0
29b24409,3,5587,4.015943527085162,3.375365498357643,-2.8064788589413947,2.8064788589413947,0.1003219652775442,-7.437946950260084,-0.0010276572922170726,7.0715092827207435,3.8058327169638115,-3.265676565756932,0.2101108101213507,0.710399140862717,0.641141928750252,0.06376795822088889,5587,1829,11201.320000000002,0,820.3506314984166,1098.88687625293,4.0,4.0,3.798217366919422,1.0,1.0,1830,5587,0.5954895292643637,0.45737704918032784,188.28000000000065,20.590000000000146,204.70000000000073,204.70000000000073,16.429999999998472,0.00999999999839929,0.020000000000436557,6921.370742032997,5582.13613438465,0.0,0.0,0.0
2b034622,3,5203,2.958532999627201,2.1252491717257,-1.9546554544940882,1.9546554544940882,0.2975002590010263,-4.190305388819979,-0.001051353350660724,1.8825252902468403,2.892357713131155,1.0098324228843147,0.06617528649604587,0.47568710359408034,0.4587528360775696,0.7799146105744562,5203,1557,10071.9,0,1349.677822788209,2594.945817840232,3.7847482884434536,4.0,-6.28084033569192,1.0,1.0,1558,5203,0.3105900442052662,0.14762516046213095,189.8199999999997,12.409999999999854,183.52000000000044,183.52000000000044,-6.309999999999491,-0.010000000000218279,0.040000000000873115,6384.060921605875,5194.303348910195,0.0,0.0,0.0
2b547943,3,3480,6.27080121732837,5.449357950559397,-5.250669425457292,5.250669425457292,0.360405447327139,-4.720759920646742,-0.00276429491050292,9.562464075607465,6.208485490619649,-3.353978584987816,0.06231572670872065,0.6850574712643678,0.472676477325577,-0.4421784286374627,3480,1650,12209.62,0,471.6339537448735,1311.8600056788227,4.0,4.0,4.487603911236546,1.0,1.0,1651,3480,0.3563218390804598,0.2350090854027862,101.71000000000095,18.98999999999978,87.48000000000138,-87.48000000000138,14.219999999999345,-0.010000000000218279,-0.039999999999054126,4603.59738008701,3476.4163476344497,0.0,0.0,0.0
2fa01aa6,3,2174,7.8212412669157105,5.2192383319033615,4.331703563186297,4.331703563186297,0.682547490880097,21.180628634601817,0.009249423107918256,6.909782010319358,7.927474805924137,1.0176927956047797,-0.1062335390084268,0.0,0.7239399992071623,-5.71779464356689,2174,1685,12716.09,0,1270.8727716513638,1411.9260937194554,0.8051712821018633,3.5131981308653017,-13.281636646323852,0.8192272309107635,1.0,1686,2174,0.3969641214351426,0.099644128113879,73.29000000000087,34.2400000000016,105.67000000000189,-105.67000000000189,-32.38000000000102,0.0,-0.020000000000436557,3359.7178658099683,2171.8860391832254,1.0,393.0,106540.17778611534
357c12f9,3,4079,1.9298994155068196,1.531039774263237,-0.04984424037372776,0.04984424037372776,-1.1746429823488145,0.8515051827926072,-0.000736328818507082,1.923293896857977,2.9829895134109794,1.0596956165530025,-1.0530900979041597,0.04437362098553567,1.1647730261403126,1.4515302205622123,4079,1690,10784.23,0,1044.856305742775,1828.6847444609948,0.352064456862965,4.0,3.427871415628845,1.0,1.0,1691,4079,0.10983084089237559,0.11354228267297457,152.0,16.400000000001455,155.4300000000003,155.4300000000003,3.4200000000000728,-0.010000000000218279,0.049999999999272404,5202.994146394851,4073.670823826773,0.0,0.0,0.0
35b30c7f,3,9579,8.493671980116911,7.388099394177075,7.362567071338198,7.362567071338198,1.8597496760739889,2.920196009792562,0.0011863843355159956,11.494990773784448,8.24094529916373,-3.2540454746207175,0.25272668095318096,0.5454640359118906,1.3638595218758478,1.6809724885520951,9579,1690,11002.62,0,946.3861600977336,2554.61232628352,4.0,4.0,-8.594041737953443,0.7285729199290114,1.0,1691,9579,0.44388767094686293,0.322294500295683,340.6299999999992,34.51000000000022,357.22999999999774,-357.22999999999774,-16.579999999999927,0.019999999998617568,-0.039999999999054126,10674.852310297445,9567.09411703457,2.0,2599.0,426922.9822381088
367456ce,3,5569,2.224453166982658,1.738488953945175,-0.5785265496081257,0.5785265496081257,-0.0661802393115067,-3.5233980994362355,-4.365517611431423e-05,3.4810402353314407,2.457398388262788,-1.0236418470686526,-0.23294522128013018,0.03968396480517149,0.7157782160343874,-0.45699053930587435,5569,1742,10869.42,0,666.1703692376169,1585.6718079175434,1.7319878047565989,4.0,16.695385420693945,1.0,1.0,1743,5569,0.3462021906985096,0.33964429145152036,246.5699999999997,23.329999999999927,223.23999999999978,-223.23999999999978,23.340000000000146,0.010000000000218279,-0.039999999999054126,6815.86343031185,5556.20582934973,0.0,0.0,0.0
3690a146,3,4073,1.853476811288577,1.5763479893368488,0.009195212315630209,0.009195212315630209,1.540091995066177,-2.720385132182855,-0.0014096836980892144,3.8977816938279957,2.257616772262583,-1.6401649215654128,-0.40413996097400573,0.13945494721335625,1.0651452248406925,2.8793112216252696,4073,1687,11198.25,0,704.9335594578305,808.5178650004585,2.6621427231619577,4.0,4.469111149862422,1.0,1.0,1688,4073,0.17677387674932482,0.14218009478672985,110.10000000000036,23.18000000000029,99.84000000000015,-99.84000000000015,10.1299999999992,-0.030000000000654836,0.0,5188.542236996046,4068.3075419267807,0.0,0.0,0.0
37344c2a,3,5197,12.6244801680302,8.645677572269298,-8.494624823358178,8.494624823358178,1.5840301745956822,-16.264661999328382,-0.005469045856990072,13.634434101886429,13.184130685895266,-0.4503034159911632,-0.5596505178650659,0.0,1.3138103546809548,5.713956313102034,5197,1745,11016.71,0,841.903223550691,1348.4280909358013,1.0085087434032038,3.849186740651612,-5.087360344150072,0.5941889551664422,0.9422743890706176,1746,5197,0.14354435251106407,0.1323024054982818,80.14000000000124,40.07999999999993,63.840000000000146,-63.840000000000146,10.680000000000291,0.020000000000436557,-0.019999999998617568,6378.156947653996,5188.419085858463,1.0,2109.0,811433.2389470695
373ef48b,3,3509,2.462155228739829,1.9486393734535996,-1.2352867300647765,1.2352867300647765,1.0362722287936776,0.5929380439210945,0.0016319355390192018,4.047460244854916,2.4845294145021044,-1.5629308303528116,-0.022374185762275456,0.426902251353662,0.617545369569188,-4.097701665504457,3509,1482,11183.44,0,1137.5842048941706,1869.025436056529,3.759537552227389,4.0,2.6287850820237124,1.0,1.0,1483,3509,0.4579652322599031,0.2306136210384356,123.43000000000029,14.30999999999949,119.5,-119.5,3.959999999999127,0.029999999998835847,-0.039999999999054126,4722.460126349875,3500.7736237152094,0.0,0.0,0.0
374be387,3,9965,4.034090397800451,2.7698786962115354,-1.054067950580377,1.054067950580377,1.8718302298475464,9.810590243860132,0.0005780689204789588,4.233475741690334,3.9346231605087114,-0.29885258118162294,0.09946723729173979,0.0677370797792273,0.7251612995965065,-3.93400731240655,9965,1836,10711.58,0,1384.7758867503633,2837.2983451246446,1.340593460248301,4.0,-3.296988541741313,0.9964877069744104,1.0,1837,9965,0.6087305569493227,0.49428415895481764,253.90999999999985,23.910000000001673,244.84999999999854,244.84999999999854,-9.020000000000437,0.040000000000873115,0.010000000000218279,11268.746329985273,9954.667694072028,0.0,0.0,0.0
3932faa6,3,5452,9.153540437435963,6.418814586818335,-1.283129355472666,1.283129355472666,-7.1719018657640845,26.182988523387397,0.001762625207144734,8.336895310042918,9.693593987739336,1.3566986776964178,-0.540053550303373,0.24596478356566398,1.5394042295078656,-6.087164357545642,5452,1935,12030.31,0,1200.2224758873738,1876.3818316244133,2.5907480520042694,4.0,20.76558913588932,0.7351430667644901,0.9822083639031548,1936,5452,0.30502567865003666,0.2510330578512397,152.89999999999964,52.1299999999992,146.8100000000013,129.4400000000005,-3.0900000000001455,-0.010000000000218279,0.040000000000873115,6852.139763121332,5444.394104342686,2.0,1444.0,396345.73283591564
3c3dbcbc,3,5069,3.2928019300233244,2.6455789606045714,2.520862815190313,2.520862815190313,-2.8023353760254395,6.032904285750192,0.0007603069131775292,6.038564965430092,3.4029007221194227,-2.6356642433106696,-0.1100987920960983,0.40915367922667195,0.43868426406512456,0.5942450971984542,5069,1841,11859.75,0,686.4146624672337,1057.866567590378,2.123637201706071,4.0,15.415694542543704,1.0,1.0,1842,5069,0.5642138488853817,0.44516829533116176,125.57999999999993,29.0,131.13999999999942,131.13999999999942,5.559999999999491,0.0,0.020000000000436557,6396.124625880247,5064.920965405066,0.0,0.0,0.0
3f603129,3,5051,14.903649670013701,13.672134674800667,-13.590750118864863,13.590750118864863,1.609092564391176,-1.136596385633311,-0.0004927983241947469,18.55238153555991,15.2898312696394,-3.2625502659205097,-0.386181599625699,0.6176994654523856,1.8952088428513674,-12.346434350273121,5051,1547,10974.28,0,890.4653548002767,1116.119626944012,4.0,4.0,5.823063725237236,0.2421302712334191,1.0,1548,5051,0.30291031478915065,0.29457364341085274,196.5500000000011,44.030000000000655,181.59000000000196,-181.59000000000196,15.019999999998618,0.05999999999949068,-0.11999999999898137,6305.156681889475,5004.880762395958,1.0,3828.0,1078295.0086850496
404c4384,3,911,1.57726468504,0.9592213140415257,-0.7798143916316154,0.7798143916316154,0.1140152620719163,-4.980856626969398,-0.004431677942298924,1.5645213426901663,1.568767172899901,0.004245830209734791,0.008497512140098973,0.0,0.08939664333020449,1.2365990721143953,911,1700,10810.45,0,1368.657597081908,1477.637791112769,0.0605025535481556,0.1681250430421794,3.9204731679086433,1.0,1.0,1701,911,0.33150384193194293,0.12522045855379188,27.459999999999127,8.880000000001019,36.340000000000146,36.340000000000146,8.899999999999636,0.019999999998617568,0.010000000000218279,2146.5220386587243,910.4664947705058,0.0,0.0,0.0
41fb0192,3,2973,2.622866123886597,2.0809393937449534,-1.0933716080069333,1.0933716080069333,-0.0212162426123541,4.859488357526061,0.002190969947641069,3.784744419729682,2.62840083842097,-1.156343581308712,-0.005534714534372931,0.0750084090144635,0.45355113055646756,-4.349152950201563,2973,1407,12593.8,0,857.6447477972393,1892.825815447901,1.4558326603956266,4.0,9.716305924962056,1.0,1.0,1408,2973,0.062226707029936094,0.05113636363636364,119.94000000000051,8.350000000000364,114.59000000000196,-114.59000000000196,5.3700000000008,0.020000000002255547,-0.039999999999054126,4098.860995729759,2969.87333718157,0.0,0.0,0.0
43e16325,3,3720,4.518444067457981,3.5336307172026173,1.335841958202766,1.335841958202766,-1.0175795622417354,-8.403224360432432,-0.00277973194526636,4.3979665408133375,4.449439758553061,0.05147321773972369,0.06900430890491993,0.317741935483871,0.8483837383423682,6.504753510425559,3720,2124,10952.1,16,1694.533321861855,4746.689100104524,3.24190883207395,4.0,81.34380056984163,1.0,1.0,2125,3720,0.16048387096774194,0.2056470588235294,114.28999999999905,84.47999999999956,31.32999999999811,-30.149999999999636,84.1299999999992,-0.010000000000218279,-0.010000000000218279,5232.019199807406,3716.269957174731,0.0,0.0,0.0
460f859e,3,3336,9.37738658642103,8.336240414146365,-0.24319519885938248,0.24319519885938248,-0.6050428219277819,9.211078651285789,0.00712491907582321,9.162653338800421,9.54798763571842,0.38533429691799803,-0.17060104929738884,0.5173860911270983,1.178606535954572,-12.12399775779458,3336,1645,11214.37,0,908.5015424446966,1496.8071312044844,4.0,4.0,-19.819138341836407,0.5953237410071942,1.0,1646,3336,0.6205035971223022,0.4738760631834751,42.48999999999978,61.020000000002256,63.94000000000051,-63.94000000000051,-27.9900000000016,0.029999999998835847,-0.049999999999272404,4485.760079156133,3333.2143910043983,2.0,1350.0,215445.07975356682
463c38f2,3,4460,3.8145965119955636,3.1759209946436204,2.7349242374488076,2.7349242374488076,0.1534677170384384,0.2119407791487901,0.0008488996929538763,3.845627327275824,4.148750484851571,0.3031231575757469,-0.33415397285600745,0.22937219730941705,0.5179107890122053,0.8423023720081397,4460,1587,11182.63,0,894.6733573907864,1240.8762804664923,1.7840299067926877,4.0,2.3244074390066336,1.0,1.0,1588,4460,0.22780269058295965,0.14483627204030228,189.88000000000102,19.889999999999418,191.84000000000015,191.84000000000015,2.0100000000002183,0.050000000001091394,0.010000000000218279,5880.494978451132,4448.9090638606285,0.0,0.0,0.0
4654e7de,3,5373,4.660143480980794,3.835186843550802,2.0822364230277315,2.0822364230277315,1.028116480418248,-5.878569555883587,-0.00025399194940432226,4.821463833758777,4.122737384706686,-0.6987264490520912,0.5374060962741076,0.3716731807184068,1.3152689609732462,2.7644587991277394,5373,1636,11220.92,0,823.3778438240511,1432.6287524073348,2.479917118444788,4.0,6.344988330198106,0.9851107388795832,1.0,1637,5373,0.05025125628140704,0.046426389737324374,173.32000000000153,22.31000000000131,166.22000000000116,-166.22000000000116,7.139999999999418,0.039999999999054126,-0.06999999999970896,6645.9297251081025,5366.509686062293,0.0,0.0,0.0
47222616,3,4406,7.558730832705947,6.973068480068962,-1.1685493167312415,1.1685493167312415,0.1026881600773776,-5.88627757276663,-0.004794089939747044,6.878645136313217,7.666032995594223,0.7873878592810053,-0.10730216288827599,0.0,0.3687055884135431,9.390433775561622,4406,1428,12201.84,0,794.6205708549438,1036.132926136389,0.4889849515469824,3.4561385414356103,8.918025373201399,0.870177031320926,1.0,1429,4406,0.18883340898774398,0.09587123862841147,105.18000000000029,30.81999999999971,124.52000000000044,119.58000000000175,14.360000000000582,-0.040000000000873115,0.020000000000436557,5660.4839090313535,4399.767788077069,1.0,572.0,96830.26303183152
4a035ec2,3,2588,14.398273392779009,11.927115328806558,11.927115328806558,11.927115328806558,0.7031403346991283,24.26671991446165,0.010618555760697392,13.983257620296484,14.392057507641367,0.40879988734488215,0.006215885137642374,0.0,0.31090846136151945,-1.80798654765551,2588,1933,12610.1,0,1167.4946076643448,2008.8708269199765,0.4708802221285452,0.9804158728250224,-5.181066127852077,0.3894899536321484,1.0,1934,2588,0.08693972179289026,0.09100310237849017,82.10000000000036,28.840000000000146,110.94000000000051,-110.94000000000051,-28.850000000000364,-0.010000000000218279,-0.019999999998617568,4049.8357708211843,2586.174185181547,1.0,1580.0,522910.44726709963
4a8ecc0b,3,5809,9.583092785182057,8.483370137492717,-7.198607678415024,7.198607678415024,-1.168946317759037,-15.435537553459652,-0.0032679396089482816,7.02415086305556,9.580403104356913,2.556252241301353,0.0026896808251439808,0.5691168875882252,1.1177589295345056,2.29148894597079,5809,1564,11866.88,0,115.38449213389366,1500.0409731069972,4.0,4.0,-5.178265128830553,0.4560165260802203,1.0,1565,5809,0.01996901359958685,0.012140575079872205,157.48999999999978,39.219999999999345,165.21999999999935,161.27000000000044,4.940000000002328,-0.06999999999970896,-0.00999999999839929,6850.896899880609,5802.135000721752,3.0,3160.0,453762.33857113984
4b831d20,3,7312,6.046142436053215,5.279294107849295,-3.433873300328105,3.433873300328105,0.1674841626172565,-9.30026022855236,-0.0006048600745763262,5.314307144007893,5.984826022699708,0.6705188786918148,0.06131641335350757,0.0,0.5403811323901937,-1.2228072977143458,7312,2120,12550.17,0,735.2056256591741,926.3878688891932,1.756128653176256,2.530187851136238,-36.55343995161697,1.0,1.0,2121,7312,0.038840262582056896,0.030645921735030647,294.53000000000065,31.019999999998618,265.33000000000175,265.33000000000175,-29.23999999999978,-0.040000000000873115,0.05999999999949068,8697.015831792338,7303.747328775701,0.0,0.0,0.0
4c3df468,3,5392,5.044824097784358,3.8198022109984935,1.5464406994731814,1.5464406994731814,2.2690596210595686,2.783238655756577,0.0019325290558663112,5.356918781641362,5.042145989954633,-0.3147727916867291,0.002678107829725107,0.13056379821958458,0.5842373068249,-3.66269137061446,5392,1510,10942.490000000002,0,1197.614609985273,1784.7217331137742,1.4490614823061567,4.0,19.517939084767725,0.901706231454006,1.0,1511,5392,0.5070474777448071,0.40370615486432826,284.71999999999935,36.04999999999927,270.5599999999995,-270.5599999999995,14.179999999998472,0.019999999998617568,-0.05999999999949068,6604.356010683756,5381.005976441254,1.0,529.0,64127.3932727567
4e050c92,3,3705,6.861618396174668,5.547696815733075,4.492480276699771,4.492480276699771,-0.1438586587810277,8.452438895683372,0.003957093476249391,4.868459860089784,6.985716725841297,2.1172568657515134,-0.12409832966662915,0.18677462887989205,0.4776053197576815,-2.8360568413141,3705,1530,12048.33,0,513.1178303762485,632.5159267758028,2.891469962715481,4.0,-6.263597561075684,0.8107962213225371,1.0,1531,3705,0.19406207827260458,0.12214239059438275,106.04999999999927,20.0,120.52000000000226,-116.4900000000016,-10.450000000000728,-0.00999999999839929,-0.030000000000654836,4901.625298256817,3701.4980584216696,2.0,701.0,111610.6734142738
4ed93db6,3,4657,11.314527174057181,10.516255528865603,-10.19250588667077,10.19250588667077,-0.3019350467784534,-11.245607705101063,-0.0022838015053818083,8.478103828917675,11.196424765030768,2.718320936113093,0.11810240902641311,0.48314365471333476,0.685613174789557,-4.875815982141921,4657,1838,11373.78,0,642.7749191008616,1062.0204490740011,3.3436499491403566,4.0,-19.76166325205884,0.2750697874167919,1.0,1839,4657,0.037363109297831223,0.044589450788472,127.45999999999913,14.460000000000946,115.65999999999804,115.65999999999804,-11.680000000000291,-0.039999999999054126,0.050000000001091394,5918.815667157256,4653.109371259209,2.0,3376.0,554710.2949974791
504c8b08,3,6367,6.755099245694981,5.151226930241154,4.154699555448923,4.154699555448923,0.6141906458888116,11.18962502013892,0.0009034367780512945,8.05102981052612,6.685750142393718,-1.3652796681324029,0.06934910330126343,0.09690592115596042,0.4458086942608042,1.279060290911653,6367,1644,11211.9,0,906.5976317254004,1046.8819475472676,1.9982616698202391,4.0,-13.75663877801342,0.828333595099733,1.0,1645,6367,0.18595885032197268,0.17933130699088146,164.10000000000036,30.390000000001237,137.47000000000116,137.47000000000116,-26.659999999998035,-0.029999999998835847,0.040000000000873115,7461.069742946882,6359.224953758116,1.0,1093.0,201981.39073429303
516088b7,3,6645,8.996132990382266,8.320962224518453,-8.310665680890944,8.310665680890944,1.175032004563036,-11.831463921766044,-9.526090972554332e-05,10.92831930198795,9.20725947343097,-1.7210598285569798,-0.2111264830487034,0.653122648607976,1.9633171505630538,-7.994208938782688,6645,1654,11463.26,0,954.4931595878068,1122.199064615855,4.0,4.0,-16.966959893656224,0.6990218209179835,1.0,1655,6645,0.5921745673438675,0.3595166163141994,246.6800000000003,28.68999999999869,244.61000000000058,244.61000000000058,-2.0799999999999272,-0.010000000000218279,0.05999999999949068,7807.688943594505,6635.039641418829,2.0,2000.0,330724.3333954362
5663b2b7,3,4972,2.9829083391203923,2.432265159880601,-0.610669597554869,0.610669597554869,-4.265863781862208,2.460222896630512,-0.0007465980667737607,4.8298132207756606,3.0149476860984636,-1.814865534677197,-0.032039346978071315,0.417135961383749,1.0626706314763883,1.2449998974113128,4972,1934,12055.54,0,656.1204379151742,951.716607005459,3.2330628529869907,4.0,-3.804558794117725,1.0,1.0,1935,4972,0.1566773934030571,0.11782945736434108,157.8199999999997,43.43000000000029,154.8099999999995,154.8099999999995,-3.0100000000002183,0.0,0.020000000000436557,6263.8464145831,4964.932726714348,0.0,0.0,0.0
577eec7c,3,4539,12.21022802858051,10.106546208672256,-7.345191526849478,7.345191526849478,1.0257977716337336,12.127961806680103,0.00561726172114527,14.689862134201624,12.642415627695229,-2.047446506506395,-0.4321875991147195,0.22736285525446134,1.7084739190508165,-20.090758372128093,4539,1545,10062.71,0,5045.603965119194,7403.10481533441,3.100754863692763,4.0,5.180474786198195,0.5375633399427187,1.0,1546,4539,0.34236615994712494,0.20827943078913325,183.97999999999956,34.10999999999876,186.4599999999973,-186.4599999999973,-2.469999999997526,0.010000000000218279,-0.040000000000873115,5674.998234284591,4529.664151656235,1.0,2019.0,598119.7782204014
591cc951,3,4609,3.55913240023187,2.9057635439121277,1.8058919446461486,1.8058919446461486,-1.4744692088097509,-8.20273272054692,0.0005802958946433346,3.0564205370863924,3.5785933181852156,0.5221727810988233,-0.019460917953345813,0.0,1.2800534548827807,0.46889020338790544,4609,2059,11212.45,0,924.3928170018904,1256.2307960123885,0.7175841296131167,3.750901664928381,-15.47234025926073,1.0,1.0,2060,4609,0.009112605771316989,0.10339805825242719,221.82999999999993,30.340000000000146,207.21999999999935,207.21999999999935,-14.610000000000582,0.0,0.049999999999272404,6113.833778095662,4599.589272533081,0.0,0.0,0.0
5aef5c6c,3,3121,9.120780092429717,6.4852569532097375,5.472320191144908,5.472320191144908,-4.388323422650501,32.81211325042932,0.002846525072328528,11.555304056251439,10.702117691527908,-0.8531863647235305,-1.581337599098191,0.0,2.7221103059002627,1.0317410783124046,3121,1731,11323.1,0,3447.783359134326,5473.84522880417,1.4704550546925867,1.733281938320143,2.8879800814283154,0.737584107657802,0.9682793976289652,1732,3121,0.6507529637936559,0.5594688221709007,51.19000000000051,42.31999999999971,78.07000000000153,-78.07000000000153,-30.210000000000946,0.0,-0.019999999998617568,4338.562883053997,3117.4717416683775,2.0,819.0,214003.93433393032
5cdd8dbc,3,4010,7.360016237680734,6.711932966650691,2.786358270378212,2.786358270378212,0.3879933800562867,-14.037518764062042,-0.004972394996944023,7.510296095411658,7.323995652563543,-0.18630044284811564,0.03602058511719086,0.12219451371571072,0.3955592667515977,12.753524041752506,4010,1740,11189.87,0,826.5457689988914,1052.0187858825134,3.184704968518749,4.0,18.874182998340167,0.8930174563591022,1.0,1741,4010,0.41970074812967584,0.26421596783457785,99.5099999999984,48.44999999999891,132.89999999999964,132.3799999999992,32.82999999999993,-0.040000000000873115,0.050000000001091394,5189.528833169062,4005.8848099888287,1.0,309.0,44536.127034978155
5def1ce5,3,6443,6.1326615367184365,5.014219519189418,-1.5036280515080858,1.5036280515080858,2.9897072567837317,4.573778357158517,0.0012218258625293337,6.300202133789239,5.5239930699987,-0.7762090637905388,0.6086684667197364,0.004035387241968028,1.4667435616083022,-5.439129154715071,6443,1553,11183.3,0,780.3134156221912,905.3853274298182,1.7121838340216893,4.0,2.39156117078655,0.9106006518702467,1.0,1554,6443,0.027161260282477107,0.03153153153153153,218.67000000000007,27.350000000000364,218.75000000000182,-218.75000000000182,-3.039999999999054,0.020000000002255547,-0.020000000000436557,7600.692978014626,6432.439800674415,1.0,576.0,100249.91915821828
6767c111,3,6783,7.360777577109022,6.466690734761287,2.9336850857069727,2.9336850857069727,-1.0166528507670591,-6.501250883251487,0.002438375104116872,9.448558724374385,7.225914853519402,-2.2226438708549825,0.13486272358961937,0.7080937638213181,1.1903151555935314,-5.334844892353337,6783,1570,11039.61,0,920.990837983857,1218.5112148234557,4.0,4.0,35.778081759936825,0.8549314462627157,1.0,1571,6783,0.4820875718708536,0.5035009548058561,422.22999999999956,40.17000000000189,453.7999999999993,453.7999999999993,32.099999999998545,0.039999999999054126,0.019999999998617568,7863.554738801227,6761.7879460468175,3.0,944.0,154105.7075273282
67a8da4a,3,4911,6.7088339631429115,4.945641059513956,-4.2244031544036975,4.2244031544036975,2.445921003953117,-19.42499568578023,-0.0028310021656462116,5.5290048542029915,6.498929249042697,0.9699243948397056,0.20990471410021438,0.0,0.9579916825519215,2.7257071622577493,4911,1733,12662.68,0,614.4865866924438,897.5292619881614,1.644067818225635,3.6294990174099344,-0.6973375628018682,0.8935043779271025,1.0,1734,4911,0.187945428629607,0.13264129181084197,156.85000000000036,27.789999999999054,172.1900000000005,172.1900000000005,15.350000000000364,0.010000000000218279,0.019999999998617568,6137.222241136849,4905.466654132002,1.0,523.0,144429.57593080413
6ae68655,3,4204,5.090160598122973,3.9102637582186706,1.3973136268880446,1.3973136268880446,-0.5538792608840595,13.27302417310966,0.00045540692339012917,5.496033187421824,5.114412686328153,-0.3816205010936704,-0.024252088205179767,0.0,0.8696779225300357,0.4402759773836887,4204,1743,12126.45,0,1379.399130074315,2062.569649811951,0.6350153461132131,1.588309871851281,4.506960837959912,0.9027117031398668,1.0,1744,4204,0.1988582302568982,0.16399082568807338,182.9300000000003,15.849999999998545,174.25000000000182,174.25000000000182,-8.709999999999127,-0.030000000000654836,0.05999999999949068,5455.601739140839,4196.506697444782,2.0,409.0,55551.69073192139
6e6d122c,3,5632,2.77640344339376,2.288779504767263,0.8731241059564386,0.8731241059564386,0.1572219038680486,7.499978612393534,0.00048473854437510486,4.256218422207921,2.6366713672550897,-1.619547054952831,0.13973207613867045,0.3533380681818182,0.6929131795106737,-0.49165726573166857,5632,1450,12263.45,0,698.6659678453475,957.03387884152,2.9852886993120684,4.0,1.4411980727938951,1.0,1.0,1451,5632,0.2872869318181818,0.1447277739490007,165.9399999999987,29.780000000000655,172.8199999999997,-172.8199999999997,-7.100000000000364,-0.010000000000218279,-0.010000000000218279,6765.497716840544,5624.919019594897,0.0,0.0,0.0
71642c7d,3,4648,5.633095378687018,3.9355993515452816,-3.646149487179168,3.646149487179168,1.510278203881171,0.0947348468689597,0.0017349951606544657,8.03649183123648,5.909622738872567,-2.126869092363913,-0.2765273601855496,0.5331325301204819,1.4031418006483565,-7.677410742959814,4648,2008,12824.37,0,538.4628094865103,860.48103674668,4.0,4.0,-1.4320665915461397,0.8541308089500861,1.0,2009,4648,0.2689328743545611,0.12045793927327028,171.53000000000065,24.94999999999891,174.1899999999987,-174.1899999999987,-2.6299999999991996,0.029999999998835847,-0.06999999999970896,5958.86163924255,4642.073704735894,1.0,678.0,94231.89408354239
71ccf778,3,2698,10.4978200604384,8.813961133668789,8.78714179629924,8.78714179629924,-0.9777840964125062,16.518453860491718,0.00710295280671333,9.568965538315238,10.465807198412401,0.8968416600971629,0.032012862025998956,0.0,0.3879291303301822,-0.7911900635536915,2698,1924,11983.3,0,567.6517954919879,822.9445928189845,1.905771275998538,2.588342801687268,11.32719804078629,0.5411415863602669,1.0,1925,2698,0.04595997034840623,0.04415584415584416,90.53999999999905,12.510000000000218,88.86999999999898,88.86999999999898,-1.679999999998472,-0.00999999999839929,0.020000000000436557,4062.9853153134063,2694.556771437953,1.0,1238.0,259724.2022271592
7256229b,3,5415,3.2525065561713387,2.6456788817625663,-0.5896530438073627,0.5896530438073627,-0.4163778295787779,7.104022749103024,0.001089887353576253,4.4969703783550035,3.958299535502292,-0.5386708428527114,-0.7057929793309534,0.0,1.1929024720258008,-3.5399781099382794,5415,1556,10895.55,0,1352.6662744832613,1730.3098377458573,1.5472126893825566,3.8305535799398576,1.8271276803635583,1.0,1.0,1557,5415,0.6642659279778393,0.5838150289017341,224.33999999999833,24.88000000000102,226.4499999999989,-226.4499999999989,-2.1199999999989814,-0.00999999999839929,-0.030000000000654836,6492.722079116926,5403.121385541985,0.0,0.0,0.0
729e9750,3,5919,2.410708869313927,1.8686832624924192,0.32007961416081365,0.32007961416081365,-0.094674075677176,0.2153116899789893,0.00041473450925026353,4.20234761361457,2.6435321616062666,-1.5588154520083037,-0.23282329229233945,0.4603818212535901,0.8135255223574764,-0.9071197987107167,5919,1507,10959.53,0,1099.2762653331474,1279.5138789591358,3.789245517753377,4.0,16.35545831947594,1.0,1.0,1508,5919,0.5720560905558372,0.51657824933687,222.1900000000005,27.43999999999869,206.1800000000021,-206.1800000000021,16.019999999998618,0.010000000000218279,-0.039999999999054126,7113.841238574015,5909.493114853525,0.0,0.0,0.0
75c20ec7,3,5361,3.7788006674756405,2.7182529278250906,-0.5798252260806006,0.5798252260806006,0.6624030173061328,11.542885971199212,-9.904955633346284e-05,4.202245799421705,4.143127420551046,-0.05911837887065907,-0.36432675307540574,0.0,1.090496506386789,-0.3143724151069204,5361,1843,12203.03,0,1282.5127897704897,1905.2761136181416,0.9622008523681288,2.3363641477710404,1.8945775428672256,0.9826524902070508,1.0,1844,5361,0.6590188397686999,0.5390455531453362,193.65999999999985,32.710000000000946,186.29999999999927,186.29999999999927,-2.9400000000005093,0.0,0.0,6588.469111226435,5353.0824808140815,0.0,0.0,0.0
764072a5,3,2949,2.500780785897329,1.8452608169605667,-1.7371856029228552,1.7371856029228552,-0.6551963831116154,0.2139796047540585,-0.0002767330949654175,2.7361664922445783,2.6650126992436816,-0.07115379300089675,-0.16423191334635234,0.0,0.40039831848650753,-1.3292810209438297,2949,1644,11178.16,0,768.9430363329187,963.0899865797642,0.5002474888613031,1.4069773484251225,-0.9476372320696664,1.0,1.0,1645,2949,0.6398779247202442,0.4419452887537994,92.11000000000058,14.579999999998108,91.17000000000007,91.17000000000007,-0.8999999999996362,0.040000000000873115,0.039999999999054126,4172.387029810315,2945.051313254091,0.0,0.0,0.0
78a4a386,3,5119,2.19486230151949,1.5411700412019824,0.5860980791621561,0.5860980791621561,-0.880777096206657,-1.1246799888958776,0.0001411853992712934,3.7615422150005715,2.4390056788965073,-1.3225365361040642,-0.2441433773770174,0.2135182652861887,0.7802237838773587,0.2248046424269168,5119,1126,11366.86,0,590.4711700199803,839.0336943471793,2.1637760189634343,4.0,-1.5318518532749,1.0,1.0,1127,5119,0.223481148661848,0.13575865128660158,169.86000000000058,18.980000000001382,166.5,166.5,-3.390000000001237,-0.030000000000654836,0.05999999999949068,6196.871468287692,5113.950164334456,0.0,0.0,0.0
796dbd4c,3,6248,4.555818708836915,3.969257461448069,3.9229919189961953,3.9229919189961953,1.1995320630485369,3.256883550548082,0.0010123018030176068,3.542878549620856,4.642838343948474,1.0999597943276185,-0.08701963511155952,0.09362996158770806,1.0223739927733728,0.7610672372707004,6248,1820,10897.98,0,722.8608391667085,1144.667975931963,1.4834889032754837,4.0,5.856384693730586,1.0,1.0,1821,6248,0.4007682458386684,0.2729269632070291,256.60999999999876,18.950000000000728,255.13999999999942,-255.13999999999942,1.5,0.030000000000654836,-0.040000000000873115,7465.803980726909,6238.142907324335,0.0,0.0,0.0
7b38844c,3,3749,2.9119208988567027,2.67764212806114,2.5854492533337394,2.5854492533337394,-0.3066639162934734,1.9655346343388371,0.0003312293044603276,4.6601255511922,3.1395478161726103,-1.52057773501959,-0.22762691731590756,0.12670045345425446,0.7507904334978491,1.9647255367750862,3749,1447,12037.26,0,350.0247549103455,689.0921515297272,2.583110858691306,4.0,14.009722666106256,1.0,1.0,1448,3749,0.15017337956788476,0.03798342541436464,123.78999999999905,29.789999999999054,115.29999999999927,-115.29999999999927,8.510000000000218,0.020000000000436557,-0.040000000000873115,4911.31232998321,3742.7115174429077,0.0,0.0,0.0
7cd4bb31,3,6439,4.4927405176813835,3.470209466249609,2.2276491525738726,2.2276491525738726,1.6055399627584848,4.678746519344713,0.0015503241417532815,6.5715920578433105,4.909087000250388,-1.6625050575929228,-0.4163464825690042,0.44401304550396026,0.8966577317157074,-2.7628442597299387,6439,1519,11192.95,0,867.585257193719,1472.803642037948,3.4631356529903115,4.0,10.81901752456039,0.9517005746233888,1.0,1520,6439,0.3393384065848734,0.19210526315789472,231.0699999999997,26.929999999998472,228.3199999999997,-228.3199999999997,2.7399999999997817,-0.010000000000218279,-0.020000000000436557,7673.605204883617,6431.1475732719155,1.0,311.0,33807.85675634719
7e721392,3,6174,9.225340445817913,8.37885958410556,8.284409828581285,8.284409828581285,-0.1301269666691951,10.318513777085172,0.001961318925653206,12.489264878237114,9.17367686510923,-3.3155880131278828,0.05166358070868249,0.7063492063492064,0.34522592699872806,2.2307989645526667,6174,2126,11514.17,0,1461.3421594033896,1984.714954175067,4.0,4.0,-33.93413147140223,0.6345966958211856,1.0,2127,6174,0.5672173631357305,0.44945933239304187,118.90999999999985,53.01999999999862,73.21000000000095,71.11000000000058,-47.82999999999993,-0.030000000000654836,0.040000000000873115,7637.522114746989,6169.213470581005,1.0,2249.0,353363.21831194696
8478df29,3,4857,6.1632344174948885,5.012772924792028,-3.9255971483208856,3.9255971483208856,-1.0160573829416537,-15.003791242155785,-0.0027668096836129183,4.165786672739459,6.220521429162529,2.0547347564230707,-0.05728701166764072,0.23265390158534074,0.5561508186446505,2.792216763491278,4857,1840,10921.63,0,862.084687980324,1067.3249903964895,2.8760367172912886,4.0,-14.47927795080065,0.8733786287831995,1.0,1841,4857,0.6660490014412188,0.46496469310157523,232.82999999999993,17.80999999999949,230.8099999999995,230.8099999999995,-2.0499999999992724,-0.029999999998835847,0.07999999999992724,6129.626834048154,4843.03793848441,2.0,615.0,80343.36997522501
84815d5a,3,3647,3.8241239440893753,2.9928857469847157,-2.811066744596858,2.811066744596858,1.5609678933869873,-6.787667988792236,-8.641433796624434e-05,7.122773123684431,4.046986194837941,-3.0757869288464903,-0.22286225074856558,0.7436248971757609,0.6561874313056737,-2.6535334064843936,3647,1638,11942.31,0,665.662381579513,1043.0496672977529,4.0,4.0,11.0045039454059,1.0,1.0,1639,3647,0.27858513846997535,0.16778523489932887,88.92000000000007,34.350000000000364,110.21000000000095,110.21000000000095,21.31000000000131,0.020000000000436557,0.010000000000218279,4807.05640975877,3643.8048036085106,0.0,0.0,0.0
84c3b497,3,5312,31.523766893709332,25.857864509626964,-25.78942533633038,25.78942533633038,0.2064944063367875,-59.6732239893463,-0.01099692996701817,33.07216864028106,31.718397337893677,-1.3537713023873863,-0.1946304441843445,0.4604668674698795,1.2346742126332655,3.4129221910863725,5312,1574,11516.44,0,1284.994964134052,1370.7134222916206,3.8051649107094887,4.0,-23.26397829882748,0.2579066265060241,0.5124246987951807,1575,5312,0.17865210843373494,0.1568253968253968,168.67000000000007,63.35999999999876,202.20999999999913,202.20999999999913,33.51999999999862,-0.020000000000436557,0.039999999999054126,6658.73384507333,5305.157612032023,1.0,3942.0,5261086.082974
865033f8,3,3557,3.668142901919186,2.6164873851550503,-2.0329407962711987,2.0329407962711987,-0.4107844043501245,-4.430455497133153,-0.0024368246126361785,3.1618097740884834,3.669363545341395,0.5075537712529115,-0.0012206434222088447,0.06550463874051167,0.2506808532922582,2.299733364995928,3557,1745,11194.25,0,561.760608288519,763.5658092301677,2.590019677701489,4.0,2.5567151609424226,1.0,1.0,1746,3557,0.6589822884453191,0.3963344788087056,109.28000000000065,19.3799999999992,113.79000000000087,113.79000000000087,4.510000000000218,0.0,0.030000000000654836,4783.1935068432185,3553.5819686760333,0.0,0.0,0.0
87695469,3,7003,11.074939978204585,8.740989481517227,8.362430794000433,8.362430794000433,-0.7280672879242047,11.564873021794485,0.0028195704256337947,8.9534258327696,10.812580587739188,1.8591547549695875,0.2623593904653969,0.2079108953305726,2.0944386957651258,-1.508885266143485,7003,1650,10096.98,0,1930.3365806249583,3913.212926755477,2.445115459917149,4.0,7.648116229598925,0.5808939026131658,1.0,1651,7003,0.4412394687990861,0.3700787401574803,235.02000000000044,26.01000000000022,226.28000000000247,226.28000000000247,-8.739999999997963,0.0,0.040000000000873115,8135.857438780547,6991.717984794464,3.0,2935.0,775325.07887044
87aa3730,3,5607,10.16962699402901,7.70514865933934,7.70514865933934,7.70514865933934,1.6707434797735914,16.06317257824776,0.0034195245770324025,10.272209716055961,10.080641021627793,-0.19156869442816848,0.08898597240121653,0.13090779382914214,0.4742498046033005,-1.8797787300824844,5607,1685,11212.68,0,834.1090173502214,1145.2406950614482,2.8797274093689342,4.0,8.030501906281033,0.5444979489923311,1.0,1686,5607,0.23256643481362582,0.15895610913404506,211.17000000000007,24.18999999999869,216.01000000000204,-216.01000000000204,-5.470000000001164,-0.010000000000218279,-0.00999999999839929,6905.485325008442,5597.623380694714,1.0,2554.0,555952.0370144164
89969c7a,3,4947,4.181320804808175,3.131441812330294,-2.9102778841945733,2.9102778841945733,-0.5385797157141496,2.596770249620022,-0.00034860687084538534,7.313289702263548,4.889731037400788,-2.4235586648627603,-0.7084102325926125,0.38346472609662424,1.1091222854849225,-2.0481730925939363,4947,1369,10906.21,0,835.6868780977135,1243.6980458498638,3.432122473818527,4.0,-7.866687089066978,1.0,1.0,1370,4947,0.38164544168182735,0.2781021897810219,206.1999999999989,25.23999999999978,199.32999999999993,199.32999999999993,-6.869999999998981,0.0,0.040000000000873115,5757.736116182765,4938.289220215973,0.0,0.0,0.0
89fdb2f2,3,2031,0.5681043819394559,0.43779059195264336,0.026437559128850898,0.026437559128850898,0.0502392516864347,0.1314899183453235,-0.00013197962184321966,2.87947003840438,0.6386544111155849,-2.240815627288795,-0.07055002917612896,0.15657311669128507,0.19854940389606007,0.1603968752997188,2031,1538,11951.4,0,254.59093316553205,503.36510417379134,2.8329559198987484,4.0,-2.9317500130870857,1.0,1.0,1539,2031,0.534711964549483,0.31968810916179335,53.1299999999992,6.350000000000364,52.7599999999984,-52.7599999999984,0.3000000000010914,-0.010000000000218279,-0.020000000000436557,3265.9900319796125,2028.7383236878704,0.0,0.0,0.0
8a3da6d1,3,4593,4.961708368501027,3.750932935004601,-1.988444749011885,1.988444749011885,1.3499745667413665,-12.540700624072995,-0.0027920787484423523,4.80554237838837,4.871001793337362,0.06545941494899132,0.09070657516366509,0.4417591987807533,0.9726291478112558,4.422168057411756,4593,1740,12003.01,0,748.0802727648393,1183.359376394181,3.555250111867119,4.0,2.5930826192149894,0.9135641193119964,1.0,1741,4593,0.46026562159808404,0.26421596783457785,186.65999999999985,25.829999999999927,198.3099999999995,198.3099999999995,11.659999999999854,0.010000000000218279,0.010000000000218279,5763.721731166843,4584.277239805564,1.0,397.0,60522.66622224463
8b12bab6,3,5234,9.667087463512065,7.387351142297611,-6.255002156797462,6.255002156797462,3.8740394936667135,-18.853134885415784,-0.004592269679865169,9.207269123879861,9.602624134624987,0.395355010745126,0.06446332888707751,0.2869698127627054,0.795307062978929,5.760671460569757,5234,1745,11856.72,0,882.8455072093401,1144.8421531916476,1.3406246169445084,4.0,8.430913187274317,0.6453954910202522,1.0,1746,5234,0.5827283148643485,0.4547537227949599,114.95999999999913,31.69999999999891,142.42000000000007,142.42000000000007,27.460000000000946,0.0,0.040000000000873115,6401.4544619280205,5227.182621355378,1.0,1856.0,438951.9367025797
8bda1a11,3,5981,3.870775611641846,2.8910004606603366,-0.7078589092673272,0.7078589092673272,-1.1058859331187705,-8.22896335812402,-0.0011434200427060254,4.986393626286333,3.8244937898674216,-1.161899836418911,0.046281821774424525,0.0,0.5917131891689563,2.7109670184236885,5981,1456,10968.740000000002,0,1114.3889425713603,1602.2726425299966,0.6064030833142986,3.2810987603831423,6.825444900324788,1.0,1.0,1457,5981,0.5472329041966226,0.4461221688400824,209.5599999999995,46.36000000000058,190.78999999999905,-190.78999999999905,18.799999999999272,0.029999999998835847,-0.06000000000130967,7124.520111729347,5973.678020951394,0.0,0.0,0.0
8c8348e8,3,3888,3.0973294447417064,2.8035934574394905,-0.6931709030598165,0.6931709030598165,-4.372971349801446,0.8839665920204425,0.0019357882511193156,4.266547768525954,3.2039311849486536,-1.0626165835773005,-0.10660174020694724,0.0,0.7358555674491956,-4.455375369110208,3888,1692,12446.69,0,438.9661850588273,943.481148685768,2.0462261121083865,3.3443140925847907,-1.9130317706704112,1.0,1.0,1693,3888,0.3073559670781893,0.16479621972829298,40.14000000000124,19.06999999999971,46.17000000000371,-46.17000000000371,-5.980000000001382,0.050000000001091394,-0.05999999999949068,5192.802305567044,3885.3649385611334,0.0,0.0,0.0
90386ee4,3,3840,3.1856273407847477,2.367598275987638,0.5409570694115657,0.5409570694115657,0.0247223422611568,2.470980594798675,0.0011851444179792109,3.4984622560193377,3.606741185656247,0.1082789296369091,-0.42111384487149905,0.0,0.7308324271045213,-1.7339276408995288,3840,1463,11183.43,0,952.859010032308,1283.6331818126748,0.18030594000184,2.711349623030745,11.530651732566565,1.0,1.0,1464,3840,0.5026041666666666,0.2957650273224044,145.27999999999884,22.359999999998763,137.61999999999898,-137.61999999999898,7.670000000000073,0.010000000000218279,-0.05999999999949068,4998.436592899443,3828.367863319733,0.0,0.0,0.0
91b301ce,3,6570,27.21404900632369,19.977476827260112,7.004051373429901,7.004051373429901,-6.112548045321091,65.66083321908991,0.012058153849011124,27.33108149240637,27.71222569366465,0.3811442012582802,-0.4981766873409583,0.6426179604261796,2.9881828070798804,-32.60095494364714,6570,1941,11011.78,0,2555.853456778268,3404.1577251832964,4.0,4.0,-21.53977795140533,0.4277016742770167,0.7496194824961948,1942,6570,0.14657534246575343,0.11740473738414006,282.25,121.84000000000015,207.0699999999997,191.20000000000073,-91.02000000000044,0.029999999998835847,0.020000000000436557,7952.313233717251,6557.606836293046,2.0,3760.0,4750668.70770402
939d9c34,3,5101,14.394131939412421,11.724848720682173,11.522240733436144,11.522240733436144,-0.2013473371662257,-5.098655157305984,0.003520789165114011,16.56106568484839,14.54182332704129,-2.0192423578070997,-0.14769138762886946,0.864340325426387,1.2580141981196977,2.5442283623954194,5101,1525,11860.97,0,1138.032596029214,2156.37561886844,4.0,4.0,29.53772602023385,0.5465594981376201,0.9272691629092334,1526,5101,0.4348167026073319,0.3918741808650065,162.9399999999987,67.52000000000044,163.0699999999997,163.0699999999997,30.960000000000946,-0.039999999999054126,0.07999999999992724,5963.765697528783,5091.8706922311885,2.0,2313.0,947984.4065525285
974802e7,3,5843,11.335767655472237,7.371906205791895,-6.527674598951625,6.527674598951625,2.304938033139478,-31.653676804116916,-0.004606915821666717,12.405039516884115,11.476982505151957,-0.9280570117321574,-0.1412148496797201,0.0,1.3534124594866048,6.929126516136854,5843,1693,10092.6,0,1520.2847825737304,2181.995776032901,1.551852629340983,3.737021104262716,0.775449291829104,0.7491014889611501,0.924525072736608,1694,5843,0.5676878315933596,0.5495867768595041,202.53000000000065,53.67000000000007,234.77000000000044,234.77000000000044,32.25,0.010000000000218279,0.049999999999272404,7185.005015164426,5832.5088348153895,1.0,1466.0,684218.854138237
9ad5410a,3,4205,8.075225892712682,7.322042388505161,-1.304950498864455,1.304950498864455,3.307101817765215,-6.353589068716246,-0.005877307864490295,7.14921413222285,7.966255749896027,0.8170416176731772,0.10897014281665474,0.0,1.3325546032352091,11.049150632294145,4205,1543,11901.570000000002,0,1108.8913111977745,1233.3746306979754,1.3331650534277717,2.9599597285676342,-15.384023709446357,0.6944114149821641,1.0,1544,4205,0.08014268727705114,0.08160621761658031,211.01000000000022,19.399999999999636,200.02000000000044,196.98999999999978,-14.070000000001528,-0.050000000001091394,0.07999999999992724,5529.321459087918,4195.67589187972,1.0,1285.0,170854.0078931494
9af1ffd0,3,3525,10.087200822219744,6.498919534685876,6.13830462194188,6.13830462194188,-0.0788260146691754,18.62409895463861,0.00706051774223232,12.649524805433195,10.142826575915741,-2.506698229517454,-0.055625753695997204,0.29304964539007095,0.5434047140937697,-6.302327639871467,3525,1928,10813.69,0,1863.7157291953365,2225.8419383683745,1.5538383803140974,4.0,-8.401120681176751,0.7015602836879432,1.0,1929,3525,0.05446808510638298,0.07620528771384137,167.03999999999905,32.80000000000109,134.74999999999818,134.74999999999818,-32.29000000000087,0.0,0.040000000000873115,4920.499605299885,3516.097949047953,1.0,1052.0,338195.49137957185
9df1b1f9,3,4701,2.816785477944353,2.3572967390655646,2.2629469962373303,2.2629469962373303,-2.2775592362868338,2.504506838376983,-0.0006185714271874995,3.908900022498933,2.6951144424705897,-1.2137855800283432,0.12167103547376312,0.0,0.6454859690699369,3.716589850127953,4701,1742,11989.71,0,992.3431692966152,1273.5057096949142,1.916357998162689,3.4421571368966424,14.848562846855328,1.0,1.0,1743,4701,0.6855988087640927,0.561675272518646,182.70999999999913,23.390000000001237,192.46999999999935,192.46999999999935,9.7400000000016,-0.019999999998617568,0.06000000000130967,5938.188141851448,4690.624369356494,0.0,0.0,0.0
9e3e364d,3,4290,5.407106923381755,4.384926413542593,-1.482186818641564,1.482186818641564,-0.6120632737693086,-16.85291650365616,-0.0030275640861298562,7.489302970915078,5.388778946960119,-2.100524023954959,0.018327976421636194,0.548018648018648,0.5334328676225619,5.010424364063911,4290,1518,11394.6,0,775.5641459125947,1413.185203432325,4.0,4.0,-3.400600854070726,0.9251748251748252,1.0,1519,4290,0.5186480186480187,0.511520737327189,183.5,21.079999999999927,165.8199999999997,-165.8199999999997,17.670000000000073,-0.010000000000218279,-0.050000000001091394,5518.382079753889,4279.364499408691,1.0,321.0,56005.40899418103
9f0c7bae,3,2542,10.671353568095727,9.992923475393274,-9.992923475393274,9.992923475393274,-2.262551391704619,-19.74927408789881,-0.0044598574237514855,13.949123976653079,10.728634738754579,-3.2204892378984997,-0.057281170658852076,0.34736428009441384,0.6550271604590652,-4.326674618517017,2542,1497,12791.0,0,2262.743296531637,2773.372044087376,3.845359268761096,4.0,-9.90923139946285,0.4492525570416995,1.0,1498,2542,0.3202202989771833,0.20293724966622162,63.409999999999854,12.649999999999636,51.05000000000109,-51.05000000000109,12.389999999999418,0.030000000000654836,-0.029999999998835847,3878.4922354184796,2538.4079925220667,1.0,1400.0,233913.15528320256
9ffce529,3,5212,2.7929593189054467,2.404306116314638,-1.5698032099314936,1.5698032099314936,-0.0446463428252172,3.848101306173703,0.00031833493297579935,4.5645853674298955,2.9009538342001018,-1.6636315332297937,-0.10799451529465509,0.29451266308518803,0.4246320514977927,-2.3992248777999383,5212,1462,12054.09,0,991.4681901352728,1349.1590170174384,1.6632988103709008,4.0,-16.86906290850405,1.0,1.0,1463,5212,0.4113584036838066,0.18523581681476417,170.15000000000146,31.390000000001237,148.96000000000095,148.96000000000095,-21.200000000000728,-0.010000000000218279,0.049999999999272404,6457.048939779803,5201.866827438058,0.0,0.0,0.0
a08d9e63,3,3685,4.935648464362953,4.080949944603348,-0.2587913588550352,0.2587913588550352,-1.3446146889018564,5.509406471808688,0.00217721825155988,6.245695486376303,5.084083366646365,-1.1616121197299378,-0.14843490228341238,0.39810040705563093,0.47958875593074757,-4.269227378228333,3685,1513,10991.21,0,1264.7492275743218,1441.0652241746768,3.71011886978897,4.0,17.110635912475136,0.9807327001356853,1.0,1514,3685,0.25590230664857533,0.142668428005284,156.23999999999978,36.04999999999927,141.8199999999997,-141.8199999999997,14.380000000001019,-0.039999999999054126,-0.040000000000873115,4840.3149882166235,3677.9176390178386,0.0,0.0,0.0
a3518960,3,4967,6.266126414363808,5.457273729512332,4.782406751741946,4.782406751741946,-0.024181524038795,-7.391312174320774,0.0004603982073372846,8.97214046634962,6.260325360081732,-2.7118151062678875,0.005801054282075668,0.522850815381518,0.31694974816418975,3.63923800292347,4967,2024,12147.37,0,889.2220061663654,1215.2287271539217,4.0,4.0,6.7046524600533,0.944030601973022,1.0,2025,4967,0.0376484799677874,0.030617283950617285,163.8099999999995,23.31999999999971,174.36999999999898,174.36999999999898,10.55999999999949,0.0,0.040000000000873115,6335.414797283485,4961.722432643868,1.0,278.0,29048.387145501645
a4f989c2,3,5385,2.725092461368534,2.291466998282417,1.293610161933308,1.293610161933308,0.3383175154813216,1.802986793409218,0.0001759703194361636,3.102748825686989,2.13176335456045,-0.9709854711265389,0.5933291068080839,0.14057567316620243,0.89476251912072,0.8198980620111556,5385,1638,11170.570000000002,0,433.6366599181295,1510.209644006065,1.0250916572397526,4.0,-3.8277886252283615,1.0,1.0,1639,5385,0.0479108635097493,0.04514948139109213,167.23000000000138,21.719999999999345,175.8700000000008,-175.8700000000008,-8.6200000000008,0.019999999998617568,-0.049999999999272404,6683.944198248305,5374.1894527174545,0.0,0.0,0.0
a612d5a0,3,5329,5.801269094439917,4.821372810614235,-4.685453319372889,4.685453319372889,-0.5264847757898679,3.115700212536467,-0.001212161202668864,8.68031415826271,5.8179429463562276,-2.862371211906483,-0.016673851916310767,0.4730718708951023,0.8848537963579182,-1.4562558754630375,5329,1830,11145.740000000002,0,806.3902747582911,1420.033885106075,3.5555425261322,4.0,9.857826545847308,1.0,1.0,1831,5329,0.047100769375117285,0.042053522665210265,173.36999999999898,27.329999999999927,157.47999999999956,-157.47999999999956,15.929999999998472,0.039999999999054126,-0.06999999999970896,6648.8148127711065,5321.399739664236,0.0,0.0,0.0
a6b8ac67,3,5453,10.520525554709517,8.584996170992858,5.130558209488463,5.130558209488463,2.6738625237012457,16.90557282377813,0.004138079055345077,9.561434952628773,10.987306882885443,1.4258719302566707,-0.46678132817592655,0.21969558041445075,1.1267833630916495,-6.149845295382219,5453,1563,12752.41,0,1100.438905459842,1622.995393123604,3.2621579082924423,4.0,31.666559867321016,0.5932514212360168,1.0,1564,5453,0.0737208875848157,0.0639386189258312,235.9499999999989,30.409999999999854,250.26999999999862,250.26999999999862,14.319999999999709,0.0,0.040000000000873115,6525.207726008004,5442.909837522647,3.0,2218.0,522965.8550094265
a6ed2eff,3,5275,4.560912922797611,2.2136340691097267,-1.9894839174300385,1.9894839174300385,-0.3668252536972431,-14.086686853155696,-0.0013433600839513704,5.323238295847808,4.749438320096377,-0.5737999757514318,-0.18852539729876572,0.0,0.6425997845911365,1.552956623949726,5275,1778,11314.65,0,598.2581813901458,1164.195754008177,1.833076286999805,3.819275282235016,1.5619611921025478,0.9000947867298578,1.0,1779,5275,0.5624644549763033,0.40022484541877457,132.29000000000087,34.279999999998836,144.33000000000175,144.33000000000175,12.040000000000873,0.0,0.029999999998835847,6531.200594620194,5266.2187216350985,1.0,527.0,94697.70106920165
a783cc24,3,1889,3.7487906422317594,2.0423016286509337,1.9309282774293721,1.9309282774293721,-0.091986344417819,13.227929080128888,0.0040495051783479355,5.784998572885886,3.7976017330294605,-1.9873968398564257,-0.04881109079770107,0.22604552673372155,0.26250061021733584,-1.8918046109310793,1889,1385,10769.72,0,976.6865347307332,1087.9772970630863,1.791512263224765,4.0,-38.12413937678213,0.9438856537850716,1.0,1386,1889,0.11646373742721017,0.08585858585858586,15.079999999999927,55.75,67.02000000000044,-67.02000000000044,-55.779999999998836,-0.029999999998835847,-0.010000000000218279,3035.5250500320412,1888.3887036835395,0.0,0.0,0.0
a85bb86f,3,3099,8.961659569490278,7.691910670078228,-7.6671456084262255,7.6671456084262255,0.4705985931141185,-15.764611032247558,-0.004786823393337382,11.07625484106725,8.996962247748932,-2.0792925933183177,-0.035302678258654296,0.0,0.3729345911038559,-0.2523561721466199,3099,2000,11142.83,0,1300.5328542175594,1503.0543142884062,2.751199183200286,3.405434522570928,-18.249671159342483,0.680864795095192,1.0,2001,3099,0.14746692481445628,0.1549225387306347,128.07000000000153,19.13000000000102,127.21999999999935,127.21999999999935,-0.8600000000005821,-0.00999999999839929,0.039999999999054126,4481.267734960844,3091.015634075493,3.0,843.0,148710.13055978552
a85e4bc3,3,4581,7.753181151147887,6.363325114875401,-2.4585830663324115,2.4585830663324115,1.4383594870269008,-14.31735975801348,-0.002738212515451781,7.9432923222162986,8.192616474000001,0.2493241517837026,-0.4394353228521144,0.4942152368478498,1.327171877344526,3.811923594052166,4581,1411,10083.11,0,4577.225020755266,7377.047256872318,3.944250186059152,4.0,-4.541000402577861,0.7638070290329623,1.0,1412,4581,0.4977079240340537,0.45750708215297453,208.3099999999995,31.1200000000008,206.88999999999942,-206.88999999999942,1.0900000000001455,-0.020000000000436557,0.0,5632.484108348428,4571.999778094716,2.0,1007.0,169970.44029115088
a9c9b150,3,3986,8.000245810154556,6.923688081151553,6.665183273570247,6.665183273570247,-0.1012237569957505,12.024062921540462,0.0037236115780398147,7.092868761731336,8.00706974777705,0.9142009860457145,-0.006823937622494114,0.0,0.1341619133934192,-0.7541127956740824,3986,1839,11158.3,0,1012.949289858381,1613.596657114071,0.8581707766097793,2.169580812304412,10.453711225803378,0.7428499749121926,1.0,1840,3986,0.5474159558454591,0.40380434782608693,160.1900000000005,5.680000000000291,160.98999999999978,160.98999999999978,0.7900000000008731,-0.00999999999839929,0.049999999999272404,5299.903511281677,3979.5015992582776,1.0,1025.0,155379.63255542357
aa95015b,3,4300,6.839541328814961,5.16597684419078,5.16597684419078,5.16597684419078,0.4051800993474899,6.631713343986121,0.0029128756108909195,7.060113546969995,6.823119056273231,-0.23699449069676426,0.01642227254173001,0.0,0.6287937276033153,-1.0952492814192514,4300,1460,11344.81,0,1151.5067799736623,2151.490597568372,0.6199903673858318,1.9925938997179475,16.257516219207787,0.8065116279069767,1.0,1461,4300,0.3444186046511628,0.29842573579739906,163.6900000000005,25.61999999999898,153.53000000000065,-153.53000000000065,10.130000000001019,-0.029999999998835847,0.0,5328.860376973584,4293.595519025897,1.0,832.0,128954.59148723158
aee6393a,3,5865,5.741697010990641,4.905590848354915,4.667146264440177,4.667146264440177,0.3548472924558155,15.901679584576414,0.0006367230885598404,6.0415191683075555,5.729526246383687,-0.31199292192386885,0.012170764606953988,0.2721227621483376,0.5856463575341813,2.800274168782724,5865,1280,11003.59,0,764.4272481570849,1185.2423601629632,1.963794686169122,4.0,15.956829140667493,0.9266837169650468,1.0,1281,5865,0.4854219948849105,0.5035128805620609,128.8000000000011,14.039999999999054,126.45000000000073,-126.45000000000073,-0.7199999999993452,0.0,-0.029999999998835847,6925.114369352785,5860.233277515764,2.0,430.0,60908.35851948178
b1efb8a4,3,5998,4.759722416127833,3.4775124216205504,-2.9024629094487144,2.9024629094487144,3.0119751453203207,1.944296343710448,-0.0011597506093649816,6.66795264880459,4.611262991284146,-2.056689657520444,0.14845942484368635,0.0,0.613828955280932,0.5750492927321834,5998,1563,12015.570000000002,0,750.9323955089093,1067.4994321424354,1.7148328127795605,3.81453823108406,2.129673946052356,0.9688229409803268,1.0,1564,5998,0.051683894631543846,0.04219948849104859,148.5600000000013,19.3799999999992,151.25000000000182,150.99000000000342,2.4200000000000728,-0.010000000002037268,0.049999999999272404,7216.769468875037,5991.712975143068,1.0,187.0,19438.88476053552
b3388334,3,6080,26.430037749408026,22.72655772201383,-22.52918359913008,22.52918359913008,3.464951594862214,-55.32446612325293,-0.00724219684725073,25.590221012830256,26.53914891250709,0.9489278996768356,-0.10911116309906532,0.17828947368421053,0.9141031735353566,-0.516526281911478,6080,1726,11481.52,0,958.4383789531856,1209.1952980494418,1.2261595342587506,4.0,-32.71241461444737,0.2161184210526315,0.7371710526315789,1727,6080,0.2455592105263158,0.17371163867979156,194.52000000000044,57.960000000000946,219.2400000000016,219.2400000000016,24.720000000001164,0.0,0.06999999999970896,7225.350189119803,6072.560660298061,2.0,4680.0,4184677.875108696
b4d8dd4f,3,4259,9.014802539603176,4.948536080632509,-3.5477420213810444,3.5477420213810444,1.8846114544830923,-23.56242562412081,-0.004818327771077589,11.759630332716087,10.049589189740828,-1.7100411429752587,-1.0347866501376526,0.18055881662362055,1.0224790512354485,6.710477803243148,4259,1649,11194.490000000002,0,819.9578536272567,1492.181171883694,2.6352626382820388,4.0,5.865794180748317,0.7844564451749237,1.0,1650,4259,0.09673632308053534,0.15272727272727274,119.44000000000051,54.69999999999891,148.21000000000095,148.21000000000095,28.739999999997963,-0.030000000002473826,0.06999999999970896,5362.781060591713,4248.3232266979885,1.0,918.0,335943.9432107677
b7cdcecb,3,6168,9.17357556586551,8.466861899744686,-8.466861899744686,8.466861899744686,-0.5949149814423436,-15.929081143915027,-0.0017162763103101164,12.793351112973543,9.164248057965066,-3.6291030550084766,0.009327507900444232,0.8657587548638133,0.7773168399150092,-3.174723896903442,6168,1451,10956.66,0,1229.0520613157428,1681.7821865211836,4.0,4.0,1.0373663529826889,0.7788586251621271,1.0,1452,6168,0.425745784695201,0.3822314049586777,277.22999999999956,25.409999999999854,256.90999999999985,-256.90999999999985,20.350000000000364,0.030000000000654836,-0.07000000000152795,7266.57923305614,6159.384550310094,1.0,1204.0,221794.01362717903
b7fea9ef,3,3866,7.4769894416475955,6.639798874590556,6.615451984024271,6.615451984024271,-0.8119108039209095,9.512512213552329,0.00130154837392681,5.4860905371698925,7.587817282454142,2.1017267452842496,-0.11082784080654662,0.0,0.48340514362429193,4.100209751410714,3866,1708,10769.62,0,974.6942052892688,2330.384605435382,2.1496605456553946,3.5249912759011925,3.527985806860787,0.7959130884635282,1.0,1709,3866,0.1404552509053285,0.1743709771796372,167.3700000000008,18.30999999999949,169.04000000000087,-169.04000000000087,-1.7000000000007276,-0.030000000000654836,-0.019999999998617568,5044.021183860956,3857.9018301663486,1.0,789.0,101803.2605537583
bb2cdd83,3,3825,1.6582238125471702,1.2470712271783684,0.9023681892199342,0.9023681892199342,0.2340582708529837,-2.185402655553844,-2.649759279165742e-05,1.605182057116814,1.6561967886391742,0.051014731522360135,0.0020270239079960284,0.0,0.23383778435892333,0.9530315866375828,3825,1839,11216.240000000002,0,634.7472936728615,785.0435248603964,1.1888968300742415,3.029249130131252,2.895111557999844,1.0,1.0,1840,3825,0.14431372549019608,0.14945652173913043,136.42000000000007,12.640000000001237,142.90999999999985,142.90999999999985,6.4799999999977445,-0.010000000002037268,0.05999999999949068,5064.369617489108,3820.3138648547388,0.0,0.0,0.0
be83e781,3,3221,2.5666826139206234,2.1618924639617556,0.6556797122490322,0.6556797122490322,-0.9402275548054604,-5.01745375113569,-0.0007903285045716792,3.2231444021145084,2.330906819286745,-0.8922375828277636,0.23577579463387854,0.11176653213287799,0.44644185246760915,1.9281086046094351,3221,1554,11181.45,0,1358.1677870295189,1567.0047130513965,1.8073252713772692,4.0,9.184499554084294,1.0,1.0,1555,3221,0.5209562247749147,0.2996784565916399,119.25,15.639999999999418,109.23999999999978,-109.23999999999978,10.05999999999949,0.049999999999272404,-0.05999999999949068,4457.847448058527,3214.970696134006,0.0,0.0,0.0
c07fd0cd,3,4191,8.80277803574526,6.921510982471233,6.353726142305886,6.353726142305886,-1.162349843112679,13.158701146312524,0.004312196347085237,6.883347169214443,8.619851979419884,1.7365048102054415,0.18292605632537473,0.0,1.019502504481267,-2.6803252048376818,4191,1843,12532.42,0,435.5878710719267,905.9082256221196,2.376709886556988,3.471470396709777,10.50131746864322,0.691720353137676,1.0,1844,4191,0.48484848484848486,0.31724511930585686,135.14999999999964,14.980000000001382,132.78999999999905,-126.71999999999935,4.389999999999418,0.0,-0.040000000000873115,5528.773463588479,4181.550884372965,2.0,1253.0,245123.52594530728
c36625df,3,4742,2.2976892218365244,2.106694579577153,1.4857842928344804,1.4857842928344804,-0.1501946941425558,6.273187264372609,-0.000278385887052384,2.245161058088985,2.5813534822349893,0.33619242414600414,-0.28366426039846493,0.0,0.3287036382761061,2.145698038092157,4742,1643,11874.22,0,647.606345958174,990.0311502799452,0.7491079954218492,0.9290808250852544,-12.393292556806548,1.0,1.0,1644,4742,0.7692956558414171,0.6824817518248175,191.40999999999985,20.3700000000008,171.8199999999979,171.8199999999979,-19.56999999999971,0.020000000002255547,0.049999999999272404,5867.374827015463,4730.629986058926,0.0,0.0,0.0
c6c96179,3,4004,1.44758114648676,1.1579430128694013,-1.0024545378936192,1.0024545378936192,-0.7247249527026725,-0.3830358934610558,0.00010253837667970087,4.434742712175452,1.6394816214298136,-2.7952610907456386,-0.1919004749430535,0.3998501498501498,0.355542909602075,-1.20768509881804,4004,1808,11117.92,0,646.3828555312173,930.7068510681506,3.2872777678182445,4.0,3.8893442373965614,1.0,1.0,1809,4004,0.3821178821178821,0.20619126589275844,133.8099999999995,18.709999999999127,127.0,-127.0,6.809999999999491,0.0,-0.030000000000654836,5232.636929036975,4000.0554917401287,0.0,0.0,0.0
c908edd0,3,5293,2.2437715136096883,1.7084612539476478,0.6023800981149973,0.6023800981149973,-1.9432267332522315,-0.3549947287065151,-0.0004465060282576758,2.897188654042831,2.214028548737533,-0.6831601053052978,0.02974296487215522,0.3145664084640091,0.6065014891622136,1.7838350488848067,5293,1457,11348.79,0,788.3747980815484,1347.9890913969118,2.7485698355145662,4.0,-15.682202525027996,1.0,1.0,1458,5293,0.048365766106177974,0.04458161865569273,147.28000000000065,31.780000000000655,128.3100000000013,128.3100000000013,-19.0,-0.030000000000654836,0.049999999999272404,6451.660678822352,5289.066088337354,0.0,0.0,0.0
c9578d27,3,4487,10.979608119801672,9.03134776892575,-8.165068411969264,8.165068411969264,-0.7274790896426566,-11.13183686543016,-0.003788215057849538,11.557913490529478,10.823514541318863,-0.7343989492106147,0.15609357848280858,0.0,1.1370666817331434,0.33189796278724737,4487,1714,11221.94,0,704.3443273001687,865.6601586362824,1.054078000190764,3.987319456393268,-14.47948522096994,0.5168263873412079,1.0,1715,4487,0.5741029641185648,0.30495626822157434,183.67999999999847,35.57999999999993,175.3099999999995,175.3099999999995,-8.220000000001164,0.029999999998835847,0.0,5819.220112875917,4479.459506647876,3.0,2168.0,472532.8821085156
c9fedcf3,3,3517,2.584217549701551,2.210537277877584,-1.4103735451258612,1.4103735451258612,-1.1804161209383892,-4.70635879179099,-0.001188387497904568,2.813053257525947,2.691338972967472,-0.12171428455847488,-0.10712142326592078,0.0,0.7018352888353584,0.6788116761903693,3517,1692,12122.05,0,1705.3102096242087,2531.764425064884,0.5319682016246581,1.4710049131456742,5.564090944397538,1.0,1.0,1693,3517,0.06056297981234006,0.0490253987005316,106.82999999999993,15.3700000000008,97.97999999999956,-97.97999999999956,8.860000000000582,0.010000000000218279,-0.050000000001091394,4712.966554575024,3513.860279308214,0.0,0.0,0.0
cc08aa63,3,3274,12.557365592553833,11.132448102868675,-11.132448102868675,11.132448102868675,-1.4642113403224355,-13.968897903341713,-0.004947827347200066,12.543840476415024,12.49551262471149,-0.04832785170353482,0.061852967842343176,0.0,0.421439638163235,-3.0353286491757694,3274,1743,11193.23,0,1034.4564584480938,1309.2083049022408,0.4650256913935882,1.9248077425450083,-5.551678488422998,0.3060476481368356,1.0,1744,3274,0.47251069028711057,0.2815366972477064,107.95000000000073,21.600000000000364,116.01000000000022,116.01000000000022,8.180000000000291,0.030000000000654836,0.0,4512.154608783022,3270.292470101143,1.0,2272.0,500605.1366963062
d0a43760,3,4041,2.434665100115848,1.8874309696582903,1.7150103508142953,1.7150103508142953,-1.0304677663043549,3.8772944618995098,-0.0006779145618271355,2.353539035482403,2.5251069261298236,0.17156789064742073,-0.09044182601397566,0.0,0.45337448544748815,3.0843977657051083,4041,1460,11180.53,0,1486.735263723731,1818.41269140158,0.350885193420334,1.5181340122815397,4.181104808017189,1.0,1.0,1461,4041,0.012620638455827766,0.02053388090349076,36.75,10.890000000001237,30.100000000000364,-25.410000000001673,0.42999999999847205,-0.010000000000218279,-0.010000000000218279,5271.671460290722,4026.380358014028,0.0,0.0,0.0
d1457cc5,3,6920,6.414181924586558,5.420410469321138,-1.3636847905151772,1.3636847905151772,0.0428049632682814,-1.9060606867333263,0.0005896773597458834,6.516580705814926,6.601926266420896,0.08534556060596987,-0.18774434183433808,0.26575144508670523,1.0004333913037324,-3.4036736165560604,6920,1522,10704.67,0,1575.24645451123,1999.4117990175184,1.6529484436821194,4.0,5.175556621401091,0.8823699421965318,1.0,1523,6920,0.2878612716763006,0.32895600787918583,150.38000000000102,26.269999999998618,155.60000000000218,155.60000000000218,5.200000000000728,-0.020000000000436557,0.039999999999054126,7784.77571427594,6912.25237737319,1.0,814.0,111335.70648653911
d543916f,3,4799,15.890290728265057,13.6714650388417,-13.603979782984974,13.603979782984974,-2.043360195020796,-15.886693781385476,-0.00490364333728512,17.656360942417418,16.007660988846453,-1.648699953570965,-0.11737026058139577,0.040425088560116694,1.0077980313031514,-1.8401394168379661,4799,1481,10875.77,0,662.4287423752618,1297.76316593173,1.5691271291904203,4.0,-11.626699308057637,0.3865388622629714,0.9106063763284018,1482,4799,0.5219837466138779,0.3798920377867746,162.3199999999997,27.710000000000946,155.54000000000087,-155.54000000000087,6.789999999999054,0.010000000000218279,-0.06000000000130967,5950.834955951567,4791.067380000062,3.0,2944.0,1148450.6505251005
d60430e6,3,2511,3.7119196812440824,3.321534583875829,-2.6997481763177165,2.6997481763177165,0.0564378755734651,-2.365657019645369,-0.0015436916985460043,4.006742005743314,3.6853912304165775,-0.32135077532673684,0.02652845082750499,0.0,0.34857751520621766,-0.7624150946424805,2511,1664,11204.22,0,800.0472367619257,1124.5459791068347,0.579275069146508,1.3693504769354816,-0.5799697473498613,1.0,1.0,1665,2511,0.4054161688570291,0.23423423423423423,84.10000000000036,19.389999999999418,86.06999999999971,84.90999999999985,0.7900000000008731,-0.019999999998617568,0.049999999999272404,3768.8264046428853,2506.0064467594457,0.0,0.0,0.0
d7ba4f9d,3,6023,19.018389271087948,16.260793912545875,16.153500873037455,16.153500873037455,-4.461878452855672,27.313699333248223,0.005515169493709839,20.407660815697877,19.142248942133293,-1.2654118735645845,-0.12385967104534501,0.0,1.4794196193433184,-0.45267447252286636,6023,1747,12606.42,0,2467.989311251204,3624.2515921015647,2.23493782999397,2.883901581225792,22.623490365452973,0.3768885937240577,0.6788975593558028,1748,6023,0.3270795284741823,0.2660183066361556,235.21999999999935,15.229999999999563,243.22999999999956,-243.22999999999956,-9.1299999999992,0.0,-0.020000000000436557,7319.008545839103,6014.268032370899,1.0,3753.0,2115647.187315927
d7eb0be8,3,5401,15.998930063663682,13.495284097251673,4.439688380630912,4.439688380630912,-0.4402541080380615,30.63560282599974,0.007869275264731936,14.215910961444656,15.690145851573263,1.4742348901286064,0.3087842120904192,0.7176448805776708,1.0901866050461384,-16.807354834145304,5401,1806,12730.83,0,726.9858176397908,1114.6530285808708,4.0,4.0,23.6714882575309,0.3819663025365673,0.8613219774115904,1807,5401,0.04813923347528235,0.042058660763696736,66.09000000000015,56.31999999999971,86.45000000000073,62.649999999999636,-3.4200000000000728,0.020000000000436557,0.029999999998835847,6793.478417691252,5399.454469073873,3.0,3338.0,1313439.0845084204
d9eca87b,3,6373,6.976381929702946,3.51558449994404,2.7146226150094854,2.7146226150094854,0.9646538672022872,30.81893892470725,0.002318472666744177,7.343024194359983,7.308043211140303,-0.034980983219679906,-0.3316612814373574,0.10889690883414405,0.5964918928191727,-4.67203130123746,6373,1558,10984.61,0,871.4659656292577,1631.5789977808668,1.103794094476218,4.0,-48.37999907801365,0.8948689785030598,0.976463204142476,1559,6373,0.5873215126314137,0.4804361770365619,179.77999999999884,83.01000000000022,110.6200000000008,96.76999999999862,-83.03000000000065,-0.020000000000436557,0.050000000001091394,7441.499166932175,6365.990146473581,1.0,670.0,272963.81598631747
da3cf798,3,5844,3.1851535593153235,2.7722062820615423,-0.7391282211556889,0.7391282211556889,0.7503954935291404,-2.221910916885463,-0.0014628966593956696,2.678895004637434,3.626352912801365,0.9474579081639312,-0.44119935348604145,0.0,1.1408103535366518,3.534724369268759,5844,1746,10779.490000000002,0,966.2162119579252,2528.559886442174,0.9228551770399896,2.9252934392711034,16.916562054913033,1.0,1.0,1747,5844,0.5174537987679672,0.41213508872352606,239.0699999999997,25.639999999999418,255.26999999999862,255.26999999999862,17.659999999998035,0.039999999999054126,-0.010000000000218279,7061.751818259295,5833.656791070313,0.0,0.0,0.0
dc5fbe29,3,5203,8.359174518690745,7.3352250637130885,-7.273483404015739,7.273483404015739,-1.556637775114723,0.9405633322276116,-0.0006747830876709604,8.058642919582319,8.388037163929011,0.32939424434669284,-0.028862645238266538,0.0,0.8380834674057768,-5.518372592983572,5203,1351,12047.1,0,1008.6332117401008,1583.9389381618948,1.5892486647176745,2.2134864130541567,-8.700115419878056,0.5573707476455891,1.0,1352,5203,0.36863348068422064,0.20044378698224852,141.9499999999989,28.889999999999418,150.70999999999913,-150.70999999999913,-8.970000000001164,-0.020000000000436557,-0.010000000000218279,6111.336934825512,5198.374768107865,1.0,2303.0,283761.32773667783
dd168de0,3,3304,3.491226036982518,3.0155587377084894,2.7944896832740524,2.7944896832740524,-0.754089803847819,0.90949847198317,0.00012473790949259642,3.1787508722657387,3.561770060028579,0.3830191877628404,-0.070544023046061,0.0,0.28717319034960115,2.5884850257470315,3304,1790,11002.35,0,794.5359309843234,1039.8070011548848,0.4572285993067254,0.5745667728369312,7.753734502944462,1.0,1.0,1791,3304,0.0847457627118644,0.036292573981016193,140.8100000000013,14.840000000000146,148.08000000000175,148.08000000000175,7.270000000000437,0.0,0.049999999999272404,4690.809593290306,3296.3070682963776,0.0,0.0,0.0
e0f36d98,3,4976,7.967328852558808,6.484131587662482,-5.466361293534866,5.466361293534866,1.3114340430784068,-14.858640542046489,-0.0009125397175799073,10.658205921483324,8.195933663922753,-2.4622722575605707,-0.22860481136394561,0.477491961414791,0.691105041146772,-3.1964187460548463,4976,1737,11349.3,0,704.6281307542715,1208.1253090737946,3.693192344435749,4.0,-1.700640011175338,0.7029742765273312,1.0,1738,4976,0.49356913183279744,0.3613348676639816,138.82999999999993,29.209999999999127,123.01000000000204,-122.76000000000022,16.06000000000131,-0.00999999999839929,0.0,6354.787180058136,4971.318394198714,2.0,1478.0,228782.8845486002
e149204f,3,6097,7.303128974007657,6.370259757621423,-6.3482629848120835,6.3482629848120835,-1.2587349462228303,-2.5790951356266305,-0.0012631246787113636,6.003069572699925,7.119191236239617,1.1161216635396922,0.1839377377680398,0.29293094964736754,1.3440281998914634,-2.498258964099847,6097,1451,10965.53,0,1223.1634349093065,1350.643496976428,1.8819944422933403,4.0,-4.546319143235866,0.8154830244382483,1.0,1452,6097,0.5999671969821223,0.400137741046832,227.1200000000008,16.799999999999272,227.14000000000124,-227.14000000000124,-0.010000000000218279,0.010000000000218279,-0.05999999999949068,7253.9167018684075,6090.031323302197,3.0,1125.0,124573.59237099472
e14d641e,3,3184,4.61838609423071,3.874734090311112,3.385186979272071,3.385186979272071,-0.31758523093049,6.402272408837234,0.0031011369170222407,5.41824298975146,4.695465514409562,-0.7227774753418981,-0.07707942017885205,0.0,0.42996497633849734,-1.5502724241688248,3184,1793,11231.85,0,712.2976598653795,774.9913969201535,0.851151907923855,2.471728329708202,-1.5570625159065374,1.0,1.0,1794,3184,0.6557788944723618,0.5613154960981048,109.28000000000065,19.649999999999636,100.82999999999993,100.82999999999993,-8.430000000000291,0.020000000000436557,0.0,4500.207001552203,3179.2970692592626,0.0,0.0,0.0
e97032ad,3,3530,5.453882020523974,4.985454535491972,-4.918622474904616,4.918622474904616,0.3042872670903307,-4.914889844911158,-0.0005431282604764276,5.854993771952835,5.530752519340421,-0.3242412526124143,-0.07687049881644725,0.0,0.3847801367774669,-3.9602726592939614,3530,2123,11191.16,0,472.8571248274996,661.1367162700805,1.143273671120768,1.747209653751019,2.476806945016679,1.0,1.0,2124,3530,0.5464589235127478,0.3794726930320151,112.90999999999985,16.36999999999898,120.84999999999854,120.84999999999854,7.969999999999345,0.030000000000654836,0.0,5060.865009089066,3512.187699909872,0.0,0.0,0.0
ea3a0e38,3,10052,4.270294418265951,3.426530232476303,-2.7293265730320244,2.7293265730320244,-5.080358621638879,-1.6944473261937674,-0.00010359463490655426,4.078131307620897,4.958990519024074,0.8808592114031777,-0.6886961007581238,0.1953840031834461,2.0595506770030427,-2.2087117353091372,10052,1741,10951.42,0,910.4494110321798,4021.5717478277184,2.2598268936656,4.0,-15.94149751482018,1.0,1.0,1742,10052,0.5691404695582969,0.3840413318025258,229.26999999999862,33.4900000000016,241.89999999999782,-241.89999999999782,-13.719999999999345,-0.030000000000654836,0.010000000000218279,11254.124071585113,10040.820186802426,0.0,0.0,0.0
eac10e86,3,6067,3.1695876504238707,2.638458746456602,-1.4806696862069917,1.4806696862069917,1.2512613738581422,-7.951632616601273,0.00021193432501288325,3.4263411847700525,2.9163849824133714,-0.509956202356681,0.2532026680104993,0.0,0.6879160499675079,-2.1234664939710677,6067,1433,10950.3,0,927.546883518662,1456.7466589029352,0.8120454598694982,2.711205855558095,-7.001927730298913,0.9993406955661776,1.0,1434,6067,0.2685017306741388,0.13110181311018132,117.46999999999935,17.600000000000364,117.27000000000044,-117.27000000000044,0.13000000000101863,0.0,0.0,7238.543834490536,6062.21157388118,0.0,0.0,0.0
ec13af42,3,5462,6.689619111344489,5.639778609787439,-5.639696728400669,5.639696728400669,-0.36314040383877,-14.32604204026211,-0.00046708651876027255,7.852524259538359,6.721544648456534,-1.1309796110818242,-0.03192553711204571,0.12614426949835225,0.4792426446950386,-4.364316988925746,5462,1899,12212.5,0,514.2863720724552,975.617730632809,0.9066097400601794,4.0,-19.48698177156882,0.8280849505675577,1.0,1900,5462,0.5510801904064445,0.4163157894736842,125.33000000000175,29.609999999998763,127.65000000000146,-127.65000000000146,-5.649999999999636,0.040000000000873115,-0.049999999999272404,6771.464805146233,5452.206819747341,3.0,939.0,115170.0392332456
ecdaf714,3,6592,8.966165017899419,8.03655472285981,2.9241775124053624,2.9241775124053624,1.5089357105134695,10.283888472600664,0.0014305845625672067,10.09887326758496,9.753895782069554,-0.34497748551540575,-0.787730764170135,0.5445995145631068,2.297765807735084,-1.790313913534867,6592,1647,11013.31,0,1921.201819499616,2100.1614212717827,4.0,4.0,37.47204044775268,0.7826152912621359,1.0,1648,6592,0.043234223300970875,0.044902912621359224,240.98000000000138,31.860000000000582,262.0100000000002,262.0100000000002,21.390000000001237,-0.039999999999054126,0.07999999999992724,7742.087774655741,6581.649073909816,1.0,1301.0,268122.7320187944
ed6e6e54,3,6048,5.836830362296235,4.762172051154337,0.18033892307552066,0.18033892307552066,3.3164321313233813,-6.33849877216926,0.0005491774332818335,7.249145984940311,7.703850028880827,0.45470404394051567,-1.867019666584592,0.8176256613756614,1.6485277033392292,-1.4800990464521033,6048,1336,11946.18,0,557.7519241785313,971.8352896579268,4.0,4.0,-8.876179261240752,0.9165013227513228,1.0,1337,6048,0.08349867724867725,0.039640987284966345,175.78999999999905,43.06000000000131,176.21999999999935,176.21999999999935,0.4099999999998545,-0.020000000000436557,0.06000000000130967,7232.268244495047,6042.266131593103,1.0,505.0,76404.02078568388
ee0300f7,3,4544,5.583204541699106,4.528492927339869,-4.496454969619004,4.496454969619004,0.7413970378147496,-8.18450650120758,-0.002116703917504546,8.704474211683001,5.609784259004156,-3.094689952678845,-0.026579717305049932,0.6120158450704225,0.5674314238786952,0.3116379789925701,4544,1616,12528.47,0,1073.569690331775,1246.9335145869602,4.0,4.0,21.84660328957643,0.9025088028169014,1.0,1617,4544,0.3686179577464789,0.12739641311069883,114.73000000000138,36.55999999999767,79.79000000000269,-79.79000000000269,34.960000000000946,0.020000000002255547,-0.039999999999054126,5680.6538836982945,4540.466756843369,1.0,443.0,50593.61216217155
eeed308d,3,3899,2.614925420426498,2.039976875372652,1.9342167903636787,1.9342167903636787,0.5138395402827882,-0.3406136010125919,-0.0012099849476223177,2.9152747938596457,2.6698305769325854,-0.2454442169270603,-0.054905156506087405,0.0,0.2455255189175341,4.2924774532795755,3899,1603,11191.81,0,729.0110186064846,834.0895810403114,0.5400015836581613,2.199497799638266,9.302261082112471,1.0,1.0,1604,3899,0.565016670941267,0.4682044887780549,138.52000000000044,22.409999999999854,128.8100000000013,-128.8100000000013,9.69000000000051,-0.019999999998617568,-0.030000000000654836,5033.119561100537,3894.7071794423327,0.0,0.0,0.0
efe96181,3,4012,13.595654598440147,13.075032429567294,13.075032429567294,13.075032429567294,2.2329810672417807,15.46245812343841,0.0029306226493627276,17.410280161365467,13.692953299137498,-3.717326862227969,-0.09729870069735114,0.8469591226321037,0.3454755026764369,7.197668706270342,4012,1451,10791.62,0,1637.4718935679105,2714.1268668993803,4.0,4.0,-4.155299856399504,0.1522931206380857,1.0,1452,4012,0.1719840478564307,0.21487603305785125,155.3799999999992,30.360000000000582,174.79999999999927,-174.79999999999927,-26.980000000001382,-0.030000000000654836,0.029999999998835847,4901.4909609176375,4005.9511053682168,1.0,3401.0,709067.4249908867
f08774c3,3,3900,14.356347235054049,9.65311247030951,-7.899678695415138,7.899678695415138,-1.091732873721412,-31.41335283142689,-0.00941578999917123,17.063344818372933,14.678953966560131,-2.3843908518128014,-0.32260673150608277,0.4687179487179487,0.7610584736187593,10.456403907969184,3900,1744,12038.4,0,995.39785015851,2475.3215324985117,3.932934259949925,4.0,-17.40180031164899,0.6384615384615384,0.8451282051282051,1745,3900,0.0758974358974359,0.07335243553008595,141.4400000000005,36.72999999999956,163.67000000000007,163.67000000000007,22.229999999999563,0.0,0.019999999998617568,5065.7705300808075,3894.5563271958245,1.0,1410.0,785622.8024900127
f16e25e3,3,4651,9.140210642611308,8.143977976491428,8.139057235152649,8.139057235152649,-0.5403721467446303,17.886069134521676,0.0024851294920922983,7.162588614737584,9.115881264212383,1.9532926494747995,0.02432937839892446,0.2169425929907547,0.35271067107266024,2.3611311660380556,4651,1933,10879.39,0,1652.3617166118368,2551.92268887596,1.7936220346994225,4.0,14.063505850799178,0.74650612771447,1.0,1934,4651,0.44356052461836165,0.297311271975181,134.53999999999905,11.860000000000582,134.53999999999905,134.53999999999905,-0.010000000000218279,-0.010000000000218279,0.050000000001091394,6035.030396150398,4647.079047659796,1.0,1123.0,223108.32014375017
f321a31c,3,5141,6.774230658284642,6.018719328674682,-3.461866791741418,3.461866791741418,-6.574794166028369,10.32325734124788,0.0017637894266609266,7.0848951717433755,7.867091783062549,0.7821966113191738,-1.0928611247779072,0.5765415288854309,5.206683884488018,-7.994805618260002,5141,1413,12545.08,0,1910.7959797556712,3434.8309176907514,4.0,4.0,-15.350765161928209,0.828438047072554,1.0,1414,5141,0.039291966543474034,0.039603960396039604,193.77000000000044,35.19000000000051,205.91999999999825,-205.91999999999825,-18.589999999998327,0.0,-0.040000000000873115,6337.656605665623,5126.585022068707,1.0,763.0,95095.58412012775
f56d3ace,3,5432,11.494524395640942,10.216232553070306,-10.216144679693512,10.216144679693512,-0.3714296470388945,-5.568174252823155,-0.00031714531493859095,11.796468574297988,11.488797330866607,-0.30767124343138086,0.0057270647743354886,0.2759572901325479,0.6965249640620691,-9.354936576977773,5432,1950,11311.69,0,858.9638982517262,997.3011799979208,1.2607300704677955,4.0,-6.050119244894309,0.4201030927835051,1.0,1951,5432,0.3959867452135493,0.33931317273193234,174.9400000000005,17.8799999999992,166.36000000000058,-166.36000000000058,8.579999999999927,0.0,-0.039999999999054126,6787.950394304329,5426.5394612956225,1.0,3150.0,643955.1739739742
f6824bb0,3,5015,1.7308069160602695,1.2855772575615465,-0.16088538142259678,0.16088538142259678,-0.774255844153231,-6.116860312380595,-0.0004415285210018147,2.6525227776621385,1.5102462584674188,-1.1422765191947197,0.2205606575928507,0.2823529411764706,0.9571983051506411,0.9460266207289528,5015,1848,11225.11,0,649.2667426605101,790.512330390865,1.378237119908346,4.0,-25.858712312385865,1.0,1.0,1849,5015,0.15154536390827517,0.11032990805840995,208.22999999999956,37.43999999999869,182.51000000000022,182.51000000000022,-25.700000000000728,0.019999999998617568,0.020000000000436557,6238.710862750063,5007.074025266579,0.0,0.0,0.0
fa16d114,3,5686,5.35197042263861,4.496402702966542,4.496339668591478,4.496339668591478,4.056054698818116,0.2302279959458246,0.0007987715289742441,8.158496265439101,5.2171073189351835,-2.941388946503918,0.13486310370342647,0.6966232852620471,0.7846067006334811,2.225831597482189,5686,1241,10954.6,0,1111.0503010776454,1232.481722106094,4.0,4.0,-9.590856439770771,0.9474147027787548,1.0,1242,5686,0.5116074569117129,0.4524959742351047,139.38999999999942,40.95999999999913,153.38999999999942,-153.38999999999942,-13.989999999999782,0.010000000000218279,-0.040000000000873115,6822.708742118799,5679.9997541639395,1.0,244.0,29151.115125308177
fa31da94,3,5027,2.74519413756365,2.1093223448400376,0.3051911435149133,0.3051911435149133,0.0623780070018256,-0.779230010266474,0.0009258057394617864,3.1579261169640236,3.107730831325253,-0.050195285638770404,-0.36253669376160325,0.0958822359259996,0.738005208111492,-2.0213586797525567,5027,1653,12189.97,0,842.389921888851,1310.907648053822,1.139422077847725,4.0,1.094380739799255,1.0,1.0,1654,5027,0.695046747563159,0.4607013301088271,243.10000000000036,17.3700000000008,244.64999999999964,-244.64999999999964,-1.5599999999994907,-0.010000000000218279,-0.049999999999272404,6094.472852753148,5017.216487665381,0.0,0.0,0.0
fb0904bd,3,3181,6.508357113679416,5.992925143878767,5.992925143878767,5.992925143878767,0.1111148320906068,0.2485793407468008,-0.0009751345977805169,3.337338138313624,6.501437071941862,3.1640989336282384,0.006920041737553895,0.6199308393586922,0.3671889210728455,7.543389154349791,3181,1905,10968.85,0,1468.454072323978,1981.3185844346624,4.0,4.0,-2.097987148995176,1.0,1.0,1906,3181,0.5422823011631562,0.44648478488982163,128.26000000000022,5.0900000000001455,128.16000000000167,128.16000000000167,-0.10999999999876309,-0.010000000000218279,0.030000000000654836,4548.77915626105,3174.736837534885,0.0,0.0,0.0
fcfcc902,3,2791,9.530347247696644,8.022240370840224,-3.2622856436146996,3.2622856436146996,-0.0942947323528642,-12.996741988825306,-0.009507266944362864,8.694537145984576,9.675257117318141,0.9807199713335653,-0.14490986962149677,0.01003224650662845,0.5201144076450386,10.000351743771498,2791,1873,11414.16,0,996.677036481577,2454.552398101357,0.6104097353245996,4.0,-30.477045554639865,0.6847008240773916,1.0,1874,2791,0.04693658187029739,0.029882604055496264,48.149999999999636,17.640000000001237,64.9900000000016,-63.719999999999345,-16.18000000000029,0.0,-0.010000000000218279,4015.0193179788703,2789.21662423345,1.0,880.0,193055.71106231067
fdfd57da,3,5236,14.468011898506154,13.125969206239024,12.941131034407235,12.941131034407235,-4.363865214076213,10.322544303373434,0.0015985394061531226,12.451182200787395,14.480816030140689,2.029633829353294,-0.01280413163453531,0.11134453781512606,0.6498100298000049,8.756954138801436,5236,2127,11367.820000000002,0,866.2387374446598,1221.3581317636651,1.7876903232728922,4.0,12.479894099847098,0.309205500381971,0.989877769289534,2128,5236,0.5544308632543926,0.3298872180451128,196.11000000000058,15.329999999999927,193.21000000000276,-193.21000000000276,2.899999999997817,0.0,-0.030000000000654836,6685.039553672097,5226.9876376838165,2.0,3617.0,1021257.0220809118
ffefef30,3,4570,3.068057108468794,2.3819571989622714,-2.2806757422611788,2.2806757422611788,-0.1120860359096695,-8.91011607800101,4.3162231772313816e-05,2.771253663971248,3.073623631556587,0.3023699675853391,-0.0055665230877930405,0.0,0.6530246318058865,-2.3792798607450303,4570,1850,12762.570000000002,0,555.5403802605995,713.4151434655292,0.7747073288021903,2.197934726300861,-11.130639628897464,1.0,1.0,1851,4570,0.28687089715536107,0.302539168017288,161.76000000000022,21.68999999999869,171.0699999999997,-171.0699999999997,-9.300000000001091,0.00999999999839929,-0.050000000001091394,5937.158631043876,4562.563651829932,0.0,0.0,0.0
00e12e8b,4,4301,2.290969280468635,1.6258197574546984,0.5544882720791682,0.5544882720791682,-0.3902564440832066,7.051137864689736,0.001118011565118473,3.0346512413343616,2.6440720022061894,-0.39057923912817216,-0.3531027217375544,0.08277144850034876,0.654800563768778,-1.8492365929255483,4301,2082,11604.820000000002,0,1104.869422477748,2164.878397167888,1.4532661013920314,4.0,-4.963683795748064,1.0,1.0,2083,4301,0.09718670076726342,0.07969275084013443,144.8099999999995,29.590000000000146,136.3199999999997,136.3199999999997,-8.450000000000728,0.039999999999054126,0.010000000000218279,5753.4325798568,4295.93383385964,0.0,0.0,0.0
01869cd4,4,5557,5.760292981416184,5.2761337131943,5.2761337131943,5.2761337131943,3.255611078826405,14.097187289491558,0.0005991935980918434,8.803644147694012,6.3533043647309535,-2.4503397829630584,-0.5930113833147699,0.5826885009897427,1.5429190811337306,3.6115738976951604,5557,1292,11745.94,0,1091.5333911636314,1413.308030579,4.0,4.0,21.716327807529066,0.9404354867734388,1.0,1293,5557,0.5112470757603024,0.33023975251353443,213.71000000000095,39.0,210.26000000000204,-210.26000000000204,3.4499999999989086,0.0,-0.039999999999054126,6655.423635211094,5547.868689758093,1.0,331.0,51044.58377295504
052d64df,4,2445,5.6509317676419695,4.371603082402878,-1.9550484244403117,1.9550484244403117,1.2981696479000675,-9.65297619825651,-0.003917951543074068,5.146837672707432,5.7298209694164495,0.5829832967090178,-0.07888920177448,0.0,0.404678075001882,2.8326883611962006,2445,2144,11440.240000000002,0,754.0012908642092,1028.3346257908663,0.7445551711546003,1.525254304637902,1.5408720249683905,0.849079754601227,1.0,2145,2445,0.2752556237218814,0.2289044289044289,76.88000000000102,24.850000000000364,86.50000000000182,86.50000000000182,9.609999999998763,-0.010000000002037268,0.039999999999054126,4023.4411132676432,2442.290519594285,1.0,369.0,48157.59099590528
05948241,4,3879,1.5726577321729358,1.343516402979395,-0.31310467559394783,0.31310467559394783,0.2201912632262974,0.0073677616946952,-0.0009203693743128777,2.3263576799643166,1.8129454920849188,-0.5134121878793978,-0.24028775991198303,0.0,0.6496947078436739,1.4714915411987222,3879,1548,10837.56,0,536.9197809031009,893.0023862232209,0.8908290947683822,2.5007786662547558,-2.1880602261556694,1.0,1.0,1549,3879,0.5986078886310905,0.42027114267269206,154.6200000000008,15.010000000000218,157.95000000000073,157.95000000000073,3.860000000000582,-0.039999999999054126,0.06999999999970896,4903.6380093744365,3871.1922445157215,0.0,0.0,0.0
09441b8d,4,5488,3.1072072138492235,2.414398447841703,-0.34634400465680965,0.34634400465680965,-0.4638626713222038,-3.340757393862077,-0.0008658429753210726,4.848593209767196,3.284740867452876,-1.5638523423143198,-0.17753365360365247,0.12645772594752186,0.5248878849968681,2.0290961981365534,5488,1906,11212.2,0,820.0520997166993,1269.1990584811897,1.0828187495949049,4.0,-10.124358506171706,1.0,1.0,1907,5488,0.11716472303206997,0.17671735710540115,196.3700000000008,34.72999999999956,189.5,189.5,-6.8700000000008,0.0,0.029999999998835847,6806.387091764009,5479.365051435913,0.0,0.0,0.0
09ec2ca9,4,5885,8.237732988406615,7.101278475429124,7.014299362999806,7.014299362999806,-0.7832152137743833,15.056411462646793,0.0013483639832617617,10.347102218925045,7.988325190650271,-2.3587770282747735,0.24940779775634336,0.0,0.9207342641458613,3.0474125242437,5885,1938,11053.11,0,865.8360850208037,991.941670374376,2.722117354793879,3.535413022712922,4.294406492994812,0.6791843670348343,1.0,1939,5885,0.5604078164825829,0.370809695719443,177.59000000000015,19.56000000000131,164.1999999999989,164.1999999999989,-10.480000000001382,0.029999999998835847,-0.010000000000218279,7316.757914951966,5877.397553509521,2.0,1888.0,264550.63803233235
0d99f8e4,4,5823,4.535421903172698,3.8334535564972345,2.0392285845428435,2.0392285845428435,-0.0421896557218133,5.313555741633536,0.00020234716689577982,5.9568448120851425,4.967610428841315,-0.9892343832438275,-0.4321885256686171,0.0,0.7460363678809127,1.450195981709229,5823,1698,11199.34,0,1224.573452472255,2649.2968345061327,1.5891576440666824,3.725247087344591,-6.699874982694203,1.0,1.0,1699,5823,0.5399278722308088,0.3890523837551501,159.61000000000058,22.770000000000437,170.3000000000011,-170.3000000000011,-10.680000000000291,0.010000000000218279,-0.030000000000654836,7230.00518741868,5816.282166642436,0.0,0.0,0.0
0dc835f3,4,4428,5.308291083089579,4.206821044109405,-1.4130763121522774,1.4130763121522774,0.4497424806668277,-0.4304420807020506,-0.0026594245342890185,4.354870014652241,5.450639889776109,1.0957698751238674,-0.14234880668652927,0.0,0.9094300710469112,4.473559894496464,4428,850,10687.83,0,705.3892001051438,975.6368064499268,1.2028028123277623,2.714837174138811,-12.823661331065258,0.9175700090334236,1.0,851,4428,0.03342366757000903,0.04935370152761457,211.01000000000022,26.23999999999978,191.5,191.5,-19.48999999999978,0.020000000000436557,0.00999999999839929,5230.224530828953,4416.117875340394,1.0,365.0,40749.826876545434
10a1281a,4,5609,5.403687026255357,4.309460111669312,-2.702592273638054,2.702592273638054,6.786170443432638,-4.2080848153927946,6.81080096423039e-05,4.627363948362797,4.52869836668832,-0.09866558167447703,0.8749886595670366,0.70903904439294,1.1162737660715154,-2.893567132675075,5609,1743,11257.52,0,739.1358336767552,948.7747623381832,4.0,4.0,4.571750102031888,0.910144410768408,1.0,1744,5609,0.04278837582456766,0.06307339449541284,179.47999999999956,9.940000000002328,184.28999999999905,184.28999999999905,4.819999999999709,0.010000000000218279,0.049999999999272404,6881.092649803479,5600.510496195797,2.0,504.0,79188.66763462932
10b89021,4,5414,7.545078530507957,6.920420426319289,6.759329670010488,6.759329670010488,0.4660372070065932,6.569302666857766,0.0012793860728045042,9.60063032786934,7.37346961042158,-2.2271607174477595,0.17160892008637685,0.37901736239379386,1.0107939148460123,3.2966712639650995,5414,1751,12141.92,0,1237.4225228274777,2089.0264321986447,1.5658323980207136,4.0,2.617748400116289,0.8782785371259697,1.0,1752,5414,0.5733284078315478,0.2979452054794521,133.67999999999847,18.860000000000582,126.39999999999964,126.39999999999964,-4.329999999999927,0.0,0.07000000000152795,6593.322340026918,5380.036026738129,1.0,659.0,74034.70415406452
125be846,4,6510,11.346550868163646,10.47648661321057,10.4216490682117,10.4216490682117,-1.1111773199372692,8.727369944324892,0.0017413825253070618,7.943876192588013,11.471050609564724,3.5271744169767114,-0.12449974140107756,0.7423963133640553,1.130584902436697,4.754319639599868,6510,1522,11459.09,0,712.0317299285979,1326.1536442848792,4.0,4.0,-10.625081296466584,0.3139784946236559,1.0,1523,6510,0.27588325652841783,0.09323703217334209,236.4399999999987,27.039999999999054,214.14999999999964,214.14999999999964,-22.299999999999272,-0.010000000000218279,0.050000000001091394,7672.900864311996,6501.294759945951,1.0,4466.0,781901.202582819
1295a25b,4,5551,6.626671233595009,5.206170871786971,3.1108010321692787,3.1108010321692787,2.093348535683617,14.731726112326214,0.002275433440186321,8.749417801440828,6.8362075054043006,-1.9132102960365271,-0.20953627180929146,0.4514501891551072,1.3981229923742235,-3.2035267643477625,5551,1485,11752.77,0,911.5678891339268,1327.8834579227912,3.698026200798033,4.0,12.429564732623067,0.911007025761124,1.0,1486,5551,0.44550531435777335,0.27860026917900405,193.9300000000003,32.22999999999956,200.62000000000262,-200.62000000000262,-6.720000000001164,-0.029999999998835847,-0.010000000000218279,6688.821518539111,5543.801786004176,1.0,494.0,103995.79139034008
14ad5efb,4,5842,4.242360141280403,3.357335227431633,3.0159327506860674,3.0159327506860674,-0.834348296333701,9.613000958099292,0.00044953571552768917,5.022519598251713,4.1654536907494455,-0.8570659075022675,0.07690645053095757,0.0,0.5466663378814541,1.7030636934874515,5842,1509,11404.28,0,1112.1363242427744,1290.3712740917997,1.231749344126542,2.665445150119436,11.240052873305922,1.0,1.0,1510,5842,0.20386853817185896,0.05496688741721854,295.14999999999964,25.219999999999345,291.75,-291.75,3.399999999999636,0.0,-0.049999999999272404,7027.227712637541,5825.537709302091,0.0,0.0,0.0
1770d7c6,4,7240,5.757480944314102,4.608208694975506,-0.562630187616993,0.562630187616993,1.6571702158544213,11.60032814828446,0.0012075974954655535,4.359813253779091,5.9946778161430245,1.6348645623639335,-0.2371968718289228,0.507182320441989,0.9154664918052937,-4.9335293224545635,7240,1880,12579.06,0,857.1100199656837,1072.1809209851974,4.0,4.0,1.395813251553122,0.9208563535911602,1.0,1881,7240,0.04599447513812155,0.04093567251461988,256.21000000000095,29.43000000000029,246.95000000000255,246.95000000000255,-9.239999999997963,0.020000000000436557,0.029999999998835847,8714.441083871918,7232.557257409197,2.0,572.0,66432.88967615427
1944513c,4,4722,6.60900431938996,5.845082602907462,-5.845082602907462,5.845082602907462,-0.3397924722430616,-6.025439267970796,6.498555734883294e-05,7.123564019230026,6.541026395117993,-0.5825376241120326,0.06797792427196736,0.0,0.3561254657188167,-5.998481011029386,4722,1876,11312.41,0,691.782909661574,871.4794880261164,0.4180295233001084,3.1747939951876245,2.8692780940985694,0.8966539601863617,1.0,1877,4722,0.03748411689961881,0.17368140649973363,160.5600000000013,17.770000000000437,165.69000000000233,165.69000000000233,9.330000000001746,-0.010000000000218279,0.049999999999272404,5969.537362572324,4716.131840099606,2.0,488.0,53327.387043650015
197f8a5a,4,6310,19.486446360348005,17.384379735395523,-17.274683819776627,17.274683819776627,1.44259075291302,-13.51637194759678,-0.004306333495151172,23.172992380315346,20.23866477240139,-2.934327607913957,-0.7522184120533844,0.46418383518225037,1.791953677406488,-3.690354809322255,6310,1937,10949.52,0,1436.2678424044836,2955.5090097521,3.811196038321123,4.0,-3.826683785780435,0.2228209191759112,0.7190174326465927,1938,6310,0.5215530903328051,0.5061919504643962,168.84000000000015,52.159999999999854,176.74999999999818,172.54999999999927,3.709999999999127,0.0,0.040000000000873115,7628.393952145801,6278.1523383955155,1.0,4904.0,2370901.902488268
198a5607,4,6251,8.922335670558878,6.879572736880308,6.875461893240411,6.875461893240411,0.5731130918684357,-0.6359363730825862,0.0021172313799950075,6.2692871262052545,9.104641744702356,2.8353546184971012,-0.18230607414347766,0.500239961606143,0.6634092693313418,0.25911383075601574,6251,1842,11166.35,0,854.3398659199952,1303.128916041943,4.0,4.0,1.3004693722250518,0.5879059350503919,1.0,1843,6251,0.26907694768836987,0.18339663591969615,226.53000000000065,23.899999999999636,231.86000000000058,231.86000000000058,5.329999999999927,0.0,0.030000000000654836,7500.388278561514,6243.329299700489,1.0,2527.0,444031.6483654614
1b6ba517,4,6597,6.558867155615769,4.588663798777121,0.13582675976610295,0.13582675976610295,4.142117038032666,-26.39845345951653,-0.0016499528760920857,6.6812977940725595,5.842431343195188,-0.8388664508773713,0.7164358124205812,0.6413521297559497,1.0424311803255373,5.577371345117803,6597,2013,12061.48,0,998.3427921435618,1846.8239212768824,4.0,4.0,-17.715854095496148,0.8415946642413218,0.9962103986660604,2014,6597,0.42382901318781263,0.40814299900695133,218.4400000000005,18.51000000000022,223.59000000000196,223.59000000000196,5.130000000001019,-0.020000000000436557,0.06999999999970896,7958.698426033736,6589.466944427155,2.0,1045.0,213374.01120570538
20096916,4,5133,4.927636441474685,3.5788351027608583,-3.2448448928867797,3.2448448928867797,1.7601676028389193,-7.565495496271978,-0.0020532805981044915,7.576917157529102,4.846317439131837,-2.730599718397265,0.08131900234284828,0.41126047145918565,0.5331068388859835,2.0238731218493475,5133,1746,11891.11,0,692.4987109197766,1052.6746302278907,3.832707417426712,4.0,-4.968369289889198,0.9668809662965128,1.0,1747,5133,0.5176310150009741,0.3840870062965083,150.6900000000005,21.969999999999345,152.63000000000102,152.63000000000102,3.649999999999636,0.039999999999054126,0.0,6406.539813347708,5125.9492931650375,1.0,170.0,18429.719271002814
200d233d,4,3926,2.1199490901517435,1.5759511016234686,-0.3800181444670192,0.3800181444670192,0.7676505922354409,-0.1818275120895123,0.001217913577447195,2.2184574033238986,2.0355001922335276,-0.182957211090371,0.08444889791821586,0.0,0.7476141118005025,-2.7701735402071397,3926,1969,12039.88,0,1064.733377071524,1383.2801474213895,0.667797790763708,2.416170733715952,10.065490469528568,1.0,1.0,1970,3926,0.0781966377992868,0.04111675126903553,106.57000000000153,19.420000000000073,96.56000000000131,-96.56000000000131,10.0,0.010000000000218279,-0.039999999999054126,5401.920568515133,3920.9772840580194,0.0,0.0,0.0
2043abc5,4,6958,6.384143934632253,5.490203286642639,-3.0683453850801263,3.0683453850801263,-1.1499479438189155,-13.047784610793316,0.0005167645628339813,7.2843163375256985,6.7305823466679735,-0.553733990857725,-0.34643841203572023,0.0,1.0907037625046827,-4.865910916898129,6958,1554,11420.990000000002,0,1538.7156074549705,2199.663619630476,1.0717004298543271,3.916367345352357,13.373107216854534,0.917073871802242,1.0,1555,6958,0.6724633515377982,0.5993569131832798,250.14000000000124,32.61999999999898,277.5,277.5,28.669999999998254,0.019999999998617568,0.020000000000436557,8277.470369690813,6948.127808733749,2.0,533.0,74806.73130631616
25fd32b3,4,2885,2.509659284442571,2.0893557218277894,-2.0497366276311366,2.0497366276311366,-0.039189939492644,-2.3745708854257828,-0.0015311827818426517,2.550665708189757,2.5506656816787423,-2.6511014716845693e-08,-0.04100639723617139,0.0,0.17660391745775744,0.15822894378596775,2885,1660,11185.4,0,1056.624426227138,1240.896637163641,1.2447865954705704e-08,7.957870773453275e-08,0.8001786871063402,1.0,1.0,1661,2885,0.2558058925476603,0.18121613485851895,47.719999999999345,6.059999999999491,44.909999999999854,-44.909999999999854,2.819999999999709,0.010000000000218279,-0.030000000000654836,4251.766427646287,2880.0577354800844,0.0,0.0,0.0
276b012a,4,4837,5.420935783272293,4.614136230870459,3.338710880865481,3.338710880865481,4.363997071830454,-2.184176554910664,-0.0013943065663754532,5.3342487056301415,6.419006875268589,1.0847581696384472,-0.9980710919962954,0.018193094893529046,1.858596789787817,6.7101441583613255,4837,1453,12406.78,0,2277.162214824561,3708.32534897142,2.081570427734908,4.0,17.213911353306777,0.9152367169733304,1.0,1454,4837,0.16001653917717593,0.10591471801925723,167.40999999999985,48.13000000000102,153.04999999999927,-153.04999999999927,11.1299999999992,0.019999999998617568,-0.06999999999970896,5994.391453637518,4828.207840182521,1.0,410.0,47484.184651838994
2cee0cba,4,5500,5.037277402444674,3.9332263403153767,1.5023251170106,1.5023251170106,0.8962790067162132,-14.881338640652755,-0.0010466745769947877,7.1804326559016936,5.5497678145419735,-1.63066484135972,-0.5124904120973,0.6647272727272727,1.0567070442032005,4.380156866457769,5500,1834,11231.11,0,1260.058110018968,2471.154110354267,4.0,4.0,1.2655919888933562,0.9532727272727272,1.0,1835,5500,0.46963636363636363,0.3008174386920981,170.98999999999978,35.43000000000029,159.52999999999884,-159.52999999999884,11.409999999999854,-0.050000000001091394,-0.010000000000218279,6816.2574219708495,5492.569664282853,1.0,257.0,41722.23876672717
2d179ded,4,7008,6.916621170771276,5.213306991683618,4.646054257327478,4.646054257327478,0.3090187515135767,-0.9678464509161132,-0.0014296078179825778,6.628016261011132,6.971453697329981,0.3434374363188484,-0.05483252655870441,0.0,0.5292943361701994,9.65468524762944,7008,2216,10698.47,0,1080.011335982128,1637.685565577353,2.2182005193104306,3.204623575083829,-2.2126326094311417,0.798087899543379,1.0,2217,7008,0.4634703196347032,0.2814614343707713,162.13999999999942,24.850000000002183,160.3299999999981,160.3299999999981,-1.8400000000001455,-0.029999999998835847,0.039999999999054126,8559.303152258357,7002.3151346681825,1.0,1415.0,239553.10238713745
2d35f86d,4,4896,4.905891698339655,3.8782772713242046,-3.026981718150267,3.026981718150267,0.1526723550996394,-7.194187161141599,-0.002092529359136861,5.746642450733328,5.099805748625168,-0.6468367021081596,-0.193914050285513,0.2847222222222222,0.49554474144539157,2.094483888337199,4896,1731,11880.98,0,1390.7764439779523,1703.606934954693,0.7117882662815332,4.0,3.287647191686223,0.9963235294117648,1.0,1732,4896,0.2534722222222222,0.20958429561200922,212.70000000000073,30.779999999998836,223.42000000000007,223.42000000000007,10.69000000000051,-0.029999999998835847,0.06999999999970896,6230.410666558296,4887.910706078769,0.0,0.0,0.0
2ee0235b,4,5556,3.850994874885483,3.042606715861189,-0.9336309579056867,0.9336309579056867,0.4098635597583779,-12.397991335352344,-0.0017099329051228642,6.308660199612546,4.007145748721012,-2.301514450891534,-0.15615087383552861,0.8111951043916487,0.9004042729885143,3.81570768607307,5556,1699,11187.39,0,715.7888832088687,1203.9552765882431,4.0,4.0,-11.108436286909397,0.9681425485961124,1.0,1700,5556,0.11753059755219583,0.09705882352941177,204.22999999999956,19.05999999999949,205.79000000000087,205.79000000000087,4.0900000000001455,-0.010000000000218279,0.06999999999970896,6796.248755981785,5549.752179917599,1.0,177.0,22974.925302374017
33c40295,4,4169,8.892472446382616,8.296739926549556,8.296739926549556,8.296739926549556,1.6466570058892105,8.892579100236617,0.001990079109442306,10.994313765496035,8.897155044460654,-2.097158721035381,-0.004682598078037614,0.5749580235068362,1.0829537812648242,4.149415062471788,4169,1819,11405.81,0,1548.2027448789254,1863.0965777572392,4.0,4.0,24.764458415106763,0.6296473974574238,1.0,1820,4169,0.053250179899256414,0.12252747252747252,155.63999999999942,22.839999999998327,165.64999999999964,165.64999999999964,9.960000000000946,-0.049999999999272404,0.07999999999992724,5451.815019940852,4159.718812432151,2.0,1544.0,211489.18756309242
3407f5bf,4,3638,20.021773797015612,14.934547284683052,14.934547284683052,14.934547284683052,2.885995231252309,58.85866020856702,0.01088287325773164,17.441197523704176,20.00604218154468,2.564844657840503,0.01573161547093349,0.44584936778449696,0.6003680495350862,-4.855957734501934,3638,1670,11008.05,0,1539.6797809366544,1699.5605708021849,3.7088387923602255,4.0,-14.66450692121002,0.5280373831775701,0.8441451346893898,1671,3638,0.4601429356789445,0.29204069419509276,90.76000000000022,68.90999999999985,156.1900000000005,-154.96999999999935,-68.93999999999869,-0.029999999998835847,-0.029999999998835847,4944.179013231722,3628.944482380488,1.0,1647.0,1372035.572065555
353e5502,4,6062,6.21252244271059,5.428892951834032,5.268270545569948,5.268270545569948,0.2695078725701023,0.2984254670336668,-0.00021810984274824827,5.3851798330898015,6.561062035537022,1.1758822024472204,-0.3485395928264321,0.027383701748597822,1.4673794091164374,5.929252424018519,6062,1838,11189.8,0,1458.0198394140075,2870.44794030922,0.7529228269337622,4.0,2.379128558383477,0.885186407126361,1.0,1839,6062,0.19844935664797098,0.008156606851549755,230.79000000000087,19.590000000000146,229.85000000000218,229.85000000000218,-0.9399999999986903,0.0,0.019999999998617568,7338.649855711716,6050.638493597247,1.0,696.0,79680.71546037754
3a7dd95d,4,3072,6.8046670412844925,5.675146976588934,5.159507106859794,5.159507106859794,-2.740815760025725,6.822403828566166,-0.0016880099254833227,7.962151481661496,6.768168753554012,-1.1939827281074837,0.03649828773048025,0.1083984375,0.6960866058396634,7.751446347439439,3072,1247,11895.75,16,3674.225215586095,4808.282758493224,1.9846039354178084,4.0,-5.904667888364173,0.8186848958333334,1.0,1248,3072,0.4736328125,0.3189102564102564,56.32999999999993,27.649999999999636,51.4900000000016,-51.090000000000146,-6.25,0.0,-0.020000000000436557,4165.495290982419,3070.0540698333607,2.0,551.0,57977.61153104948
3a824aa7,4,4201,3.4953935214495764,2.9328045170768995,1.105063530680132,1.105063530680132,-2.5341567148461763,-0.1216124129732634,-0.002060191405177601,4.315784819710945,3.547536729703471,-0.7682480900074742,-0.052143208253894624,0.1518686027136396,0.6459105147798837,5.431465481553097,4201,1476,12210.62,0,815.0623315122558,938.6422308978852,2.0759273270601954,4.0,4.529247628850543,1.0,1.0,1477,4201,0.47179243037372054,0.45429925524712256,118.36000000000058,17.610000000000582,121.75000000000182,121.75000000000182,3.399999999999636,0.00999999999839929,0.020000000000436557,5393.921006696666,4194.691544285411,0.0,0.0,0.0
3ac16ad0,4,5649,3.7665635507392095,2.806749577162933,2.247051408938039,2.247051408938039,4.930790417005483,-2.8023646619421925,0.0008876561214719303,5.729881243194584,3.498710458287024,-2.2311707849075604,0.2678530924521856,0.42627013630731103,1.2271761143381068,-0.25968947809869264,5649,1762,10961.66,0,869.5141752150563,1246.396226907578,2.7994081995077478,4.0,5.879830538575525,1.0,1.0,1763,5649,0.2526110816073641,0.238230289279637,147.23999999999978,29.81999999999971,143.9200000000019,-143.9200000000019,2.639999999999418,-0.05999999999949068,-0.020000000000436557,6843.243614861169,5643.281267861614,0.0,0.0,0.0
3b21ea64,4,7376,4.73863513265798,3.7635466093373564,3.2321675211144,3.2321675211144,-1.236370889830141,5.905462753560641,0.0001427853623296456,5.241014865678937,4.945947791487162,-0.2950670741917749,-0.20731265882918226,0.022234273318872018,0.856850497707626,2.7056464975238304,7376,1726,12425.91,0,735.2056256591741,1026.8875553339203,0.8177162992198814,4.0,18.704081093891396,0.962445770065076,1.0,1727,7376,0.06033080260303687,0.03126809496236248,202.17000000000007,28.409999999999854,212.14000000000124,212.14000000000124,11.100000000000364,0.0,0.030000000000654836,8682.436599018241,7367.375661692624,1.0,277.0,33938.18579741006
3bbe1f5d,4,6918,7.6593243773541735,7.1211621471278495,-7.119536899409959,7.119536899409959,0.2807800011396466,-11.770847400624916,-0.0011593170690613656,11.013860814786417,7.664016677920566,-3.349844136865851,-0.004692300566392582,0.5949696444058976,0.9093008969426565,-3.110038816061229,6918,1265,11194.53,0,936.9794569384768,1708.7325946737612,4.0,4.0,-0.2303965638214998,0.8326105810928014,1.0,1266,6918,0.45952587453021104,0.10821484992101106,249.29999999999927,21.6200000000008,231.32999999999993,-231.32999999999993,16.149999999999636,-0.030000000000654836,0.010000000000218279,7665.418344540468,6908.197203996257,1.0,1143.0,148275.75555189225
3d96d897,4,5659,2.159718066454295,1.7283746987273765,-0.23831085394492146,0.23831085394492146,3.49838469358474,-3.3075857768271817,0.0006967748686764697,1.7471702008950167,1.6984155990148604,-0.048754601880156345,0.4613024674394348,0.0,0.8997607393868189,-2.2094869574306535,5659,1487,11202.03,0,752.1170378504814,1136.7117077890484,0.7946810705809471,2.775692740195585,5.111576334514301,1.0,1.0,1488,5659,0.07227425340166108,0.046370967741935484,201.95000000000073,11.840000000000146,198.28000000000065,-198.28000000000065,3.6700000000000728,0.0,-0.010000000000218279,6781.343298784114,5647.325239881369,0.0,0.0,0.0
3e678ea7,4,6858,5.767889967148549,4.949186740700143,4.528552927593107,4.528552927593107,0.6638082258414215,3.0799838817601994,0.0012220056912090375,5.0802831087936235,5.688367630559597,0.6080845217659734,0.07952233658895214,0.006561679790026247,1.6941208748732945,0.33890641528291904,6858,1878,12528.21,0,805.1646624915052,1702.7876447830768,2.1034817276842706,4.0,10.032358873101895,1.0,1.0,1879,6858,0.39282589676290464,0.3602980308674827,142.21999999999935,27.469999999999345,132.05999999999767,-132.05999999999767,4.570000000001528,0.0,-0.020000000000436557,8270.769153004781,6851.981613358241,0.0,0.0,0.0
3ef6372a,4,4727,2.154277443343912,1.6772874312203248,0.9640922066729114,0.9640922066729114,-0.0737655547291069,-1.2717103072554892,-0.00022549298858920536,2.9431904035360383,2.5514371503412034,-0.3917532531948349,-0.39715970699729164,0.0,0.6700897301286116,1.4969321387092043,4727,1938,11415.56,0,1203.4708131276998,2200.7869656215407,0.8266351758343197,2.20091868893735,-1.3066074795025835,1.0,1.0,1939,4727,0.03469430928707425,0.04899432697266632,122.64999999999964,21.109999999998763,124.83999999999833,-124.83999999999833,-2.1899999999986903,0.0,-0.040000000000873115,6086.90900854248,4714.81780986316,0.0,0.0,0.0
44441e54,4,4357,2.666214057003341,1.7777841951297222,-0.9783917546225883,0.9783917546225883,0.1526207367478491,-1.620992568490692,-0.0014650866004014534,3.0606241566417127,2.8897166695782466,-0.17090748706346615,-0.22350261257490578,0.0,0.4792557599912247,2.212566861051777,4357,1210,11971.16,0,180.9594010406,715.06038075468,0.8632076186226347,2.8003126946714474,-10.27513069134925,1.0,1.0,1211,4357,0.40945604773927013,0.18001651527663087,112.73999999999978,13.350000000000364,117.8799999999992,-117.8799999999992,-5.149999999999636,-0.010000000000218279,-0.020000000000436557,5379.845966483207,4352.9209198077215,0.0,0.0,0.0
445af6c2,4,6041,9.013529358180309,8.182971543981141,8.122622631119665,8.122622631119665,0.040768683908027,13.71851916430387,0.0016982155094662373,12.489378981821531,8.98394386144435,-3.5054351203771805,0.029585496735958117,0.712133752689952,0.37837388384416104,2.994011792531632,6041,1956,11223.73,0,748.9236482608788,1012.0828468558932,4.0,4.0,-18.873519594337736,0.6045356729018374,1.0,1957,6041,0.1607349776527065,0.10015329586101175,176.59000000000015,39.06000000000131,212.32999999999993,-212.32999999999993,-35.70999999999913,0.030000000000654836,-0.050000000001091394,7447.863130704747,6031.485481670432,4.0,2389.0,289282.89686635643
45fb3e21,4,3649,5.42848405272658,4.296332485988367,2.880687439078122,2.880687439078122,-0.8680376733445883,9.949121266708971,0.0038943746343216715,8.062586732757971,5.454888057904699,-2.607698674853272,-0.026404005178119583,0.5031515483694162,0.34629433220536426,-4.222651893924605,3649,1976,11468.84,0,605.0235718754498,1079.9010948345165,4.0,4.0,-21.335985170557933,1.0,1.0,1977,3649,0.5661825157577418,0.3131006575619626,142.59999999999854,40.0099999999984,106.88999999999942,106.88999999999942,-35.719999999999345,-0.010000000000218279,0.040000000000873115,5030.833291322315,3644.892330385078,0.0,0.0,0.0
466fc788,4,6197,7.491003771853555,6.441023427923102,6.441023427923102,6.441023427923102,3.23659737194248,5.70185544423839,-9.704280991610548e-05,10.787898951472759,7.860818173287244,-2.9270807781855144,-0.3698144014336888,0.8129740196869453,1.4915537046915084,6.741662053043202,6197,1569,11993.9,0,869.5257528389382,1327.3860090042674,4.0,4.0,29.48417798220742,0.7542359206067452,1.0,1570,6197,0.4797482652896563,0.3579617834394904,147.9300000000003,37.9900000000016,170.40000000000146,170.40000000000146,22.42000000000189,-0.049999999999272404,0.06999999999970896,7228.513796454894,6189.773470911592,1.0,1523.0,226334.08298296144
46a7190b,4,4215,3.9946080357386555,3.237993534096044,-1.4978237719467922,1.4978237719467922,0.4433724836890178,-4.533212213736988,-0.002455702573559876,4.34262903606814,4.091094720478391,-0.25153431558974937,-0.0964866847397352,0.0,0.6151364675443116,3.6763415505438712,4215,1430,12490.41,0,481.5439695396644,905.4775424744236,0.6446788464092359,2.312715243671112,13.365490327960533,1.0,1.0,1431,4215,0.4099644128113879,0.19217330538085256,65.02999999999884,27.76000000000022,46.899999999999636,-46.899999999999636,15.450000000000728,-0.010000000000218279,-0.020000000000436557,5334.107885320496,4210.667370002171,0.0,0.0,0.0
47ee27ab,4,6397,5.207111008049971,3.877899573484405,3.837260195420374,3.837260195420374,-0.7926532000292354,10.01581458669898,0.001281465336155888,8.078548742996373,5.297462708096638,-2.7810860348997357,-0.09035170004666693,0.5332186962638736,0.6472828594605182,-0.2608659496061565,6397,1876,11367.15,0,678.453916507689,1236.707542166232,4.0,4.0,-2.9229311643899933,0.9119899953103016,1.0,1877,6397,0.16726590589338752,0.20245071923281832,222.42000000000007,28.429999999998472,205.9900000000016,205.9900000000016,-16.44999999999891,-0.020000000000436557,0.05999999999949068,7661.058682058712,6390.405337511656,2.0,561.0,60029.264068027805
4936af16,4,3991,2.2175329847440586,1.9187757468910156,0.7972275045691379,0.7972275045691379,-1.05967199303268,-2.201972032989943,0.0007960610470728463,4.264037530425308,2.7528872281168613,-1.511150302308447,-0.5353542433728027,0.17790027562014532,0.8305773376354953,-0.7909142843411909,3991,1567,10868.75,0,750.7614359601931,1060.2674343416911,2.498415101318174,4.0,4.598847770304344,1.0,1.0,1568,3991,0.5590077674768229,0.3985969387755102,134.65999999999985,17.890000000001237,132.25,-132.25,2.430000000000291,0.020000000000436557,-0.05999999999949068,5206.101690754205,3987.0147407428913,0.0,0.0,0.0
4a335117,4,5015,6.810058298610643,5.327239598786286,0.19310358419031307,0.19310358419031307,0.1036337928817374,-19.462360485364115,0.0016047403018030644,6.57594720764267,6.75636935160876,0.1804221439660898,0.053688947001882426,0.054037886340977066,0.6095522493834241,-3.829980352429969,5015,1711,11189.89,0,704.2323417204422,1672.870425182428,1.4735498973553862,4.0,30.29140212168864,0.8157527417746759,1.0,1712,5015,0.2875373878364905,0.20969626168224298,214.59000000000015,47.29000000000087,168.03000000000065,-168.03000000000065,46.6200000000008,0.06000000000130967,-0.09000000000014552,6202.86870565973,5005.2210738789045,2.0,924.0,157668.63598814007
4b462989,4,3106,3.2950926851055127,2.4961107572678207,2.053848759260119,2.053848759260119,0.3769093676637567,3.4285811091212963,-0.0002558497463147661,5.706450263872323,3.225756889102595,-2.480693374769728,0.0693357960029175,0.29233741146168707,0.6921286694890958,2.4510554904137933,3106,1631,10976.77,0,717.2913224415292,928.5444941943742,2.854237273119695,4.0,3.814119714551952,1.0,1.0,1632,3106,0.3966516419832582,0.3125,173.39000000000124,18.55000000000109,168.84000000000196,168.84000000000196,-4.520000000000437,0.029999999998835847,0.020000000000436557,4333.817327702083,3098.6958452227327,0.0,0.0,0.0
4caa7289,4,5396,8.593343692160753,7.5058859184235205,-7.490314413263414,7.490314413263414,-0.1373700413842016,-6.421254408349341,0.0012497023523021001,9.80197435540461,8.781885612009706,-1.0200887433949042,-0.1885419198489533,0.01575240919199407,0.7100605166835563,-10.861386508598327,5396,1457,11191.1,0,1319.769067318206,1462.094726625399,1.3635918470480002,4.0,6.253823584586816,0.7907709414381023,1.0,1458,5396,0.6123054114158636,0.3765432098765432,157.35999999999876,22.159999999999854,172.80999999999767,172.80999999999767,15.420000000000073,-0.029999999998835847,0.06000000000130967,6548.866464539209,5391.181663290497,1.0,1129.0,239148.1195313631
5254b6db,4,3274,2.008549965281106,1.6971650781765621,-1.6971650781765621,1.6971650781765621,-0.2071784938016208,-4.773757093722452,-0.0006273930036147902,2.698411337146982,2.080309630387708,-0.618101706759274,-0.07175966510660192,0.0,0.4572747980653827,-0.670436427760957,3274,1840,12042.06,0,773.5364573822138,1008.7063692176994,0.7441673183120354,1.7806607718462593,2.8640231216541525,1.0,1.0,1841,3274,0.21991447770311545,0.200434546442151,101.03000000000065,10.25,109.39000000000124,109.39000000000124,8.470000000001164,0.050000000001091394,0.0,4625.4987137017615,3270.846031747581,0.0,0.0,0.0
543198e8,4,6503,10.316103500162487,7.861657009992447,4.656902939322673,4.656902939322673,5.114571842997975,32.773164328602434,0.0029523210754974663,11.031635334675235,11.154263077504684,0.1226277428294491,-0.8381595773421964,0.48162386590804246,2.3794922600670754,-4.941092877119589,6503,1807,10978.35,0,1290.1062596255133,1502.7657190160728,3.765000860790796,4.0,-11.818121809937557,0.6344763955097648,0.9798554513301552,1808,6503,0.2755651237890204,0.24944690265486727,339.39999999999964,90.29999999999927,293.5599999999995,291.369999999999,-48.01000000000022,0.020000000000436557,0.030000000000654836,7769.043175959048,6488.273527680666,3.0,2377.0,609970.5411050804
54753541,4,4026,11.782881184975597,7.215734713807561,-3.6005959353747796,3.6005959353747796,-2.879677091326812,-38.34334210400448,-0.00741936548794378,11.846780476453945,11.859931366702622,0.013150890248676106,-0.07705018172702438,0.0,0.9455936166644829,11.330877109112075,4026,1652,10775.6,0,1115.3050540660076,1837.8558578207824,0.8766016827542717,2.5888285366276502,12.980748741925645,0.8161947342275211,0.9041231992051664,1653,4026,0.2985593641331346,0.19177253478523895,144.64999999999964,70.35000000000036,93.94999999999891,-93.94999999999891,50.68000000000029,-0.020000000000436557,-0.020000000000436557,5422.9432787623955,4016.5166821141474,1.0,740.0,509734.44389300916
5542c301,4,3591,7.627441039075514,5.287687062905606,5.162851343793204,5.162851343793204,-0.1346630777570681,12.393380449781034,0.004818935765024761,10.517867714354288,7.697907306076164,-2.819960408278124,-0.07046626700065062,0.531328320802005,0.3835351017685502,-3.4871383544262393,3591,1841,10979.91,0,784.5258257378274,1171.0766259411987,4.0,4.0,16.503246998899584,0.7201336675020885,1.0,1842,3591,0.48120300751879697,0.41205211726384366,170.67000000000007,20.980000000001382,169.79000000000087,169.79000000000087,-0.9099999999998545,-0.030000000000654836,0.06999999999970896,4788.6045738757875,3582.648140203055,1.0,1005.0,177605.06165709646
57f05c51,4,4771,7.187031852467127,6.197264036125329,-0.18771444552789565,0.18771444552789565,6.018202146706244,5.046591541777161,-0.0019101785509349535,8.373821408645552,7.101151013470096,-1.2726703951754565,0.08588083899703136,0.5097463844057849,0.9377355315927162,4.368061398451966,4771,1706,12664.45,0,465.2118943287981,684.7000431211172,4.0,4.0,19.405935791555358,0.819115489415217,1.0,1707,4771,0.05805910710542863,0.061511423550087874,137.52000000000044,63.82999999999993,116.08000000000175,-116.08000000000175,12.68999999999869,-0.010000000000218279,0.0,5910.620069063903,4762.3754328801115,1.0,863.0,108529.57495564985
5a5269a9,4,6513,5.011167900806067,4.416448391736725,-0.33582665116789795,0.33582665116789795,0.457726211161571,6.608151250891751,0.002182224695276886,5.154253589019705,5.530787611045781,0.37653402202607644,-0.5196197102397138,0.08598188238906802,1.5827572709320565,-7.441150258989438,6513,1539,11404.87,0,1063.929393016706,1535.3643496335612,0.651262584046673,4.0,3.7846861094520543,1.0,1.0,1540,6513,0.46338093044679873,0.38571428571428573,315.7900000000009,22.600000000000364,317.8600000000024,-317.8600000000024,-2.070000000001528,0.0,-0.039999999999054126,7703.091516217849,6498.041031233719,0.0,0.0,0.0
5a5d1982,4,3894,1.720653090602531,1.1511046046823705,1.0669563307334933,1.0669563307334933,0.8235846618499636,0.4672464990089793,-0.0006529010967301159,1.4205192113920873,1.7448082635275137,0.32428905213542647,-0.024155172924982704,0.0,0.47397933750265986,2.3378283155186645,3894,1551,11200.16,0,566.5367970836854,737.9950552849741,0.5343902592770149,1.4876828518040317,12.247061598495312,1.0,1.0,1552,3894,0.2840267077555213,0.28930412371134023,141.8099999999995,23.31999999999971,128.07999999999993,-128.07999999999993,13.719999999999345,-0.010000000000218279,-0.030000000000654836,4923.441564844532,3889.2311601781266,0.0,0.0,0.0
5cb483ac,4,3852,5.27231767975392,4.705250964635646,-3.6817304057659923,3.6817304057659923,-1.3324758360922715,-9.92199709531269,-0.0021564884517392053,4.894683804653186,5.248756026934988,0.35407222228180135,0.02356165281893219,0.0,0.5562392670799511,0.47058810805784584,3852,1353,11997.63,0,315.0799570346304,774.2036977601765,0.7803696780018883,3.023740926599032,-3.2566976208915968,1.0,1.0,1354,3852,0.11941848390446522,0.07976366322008863,113.04999999999927,20.219999999999345,106.24999999999818,-106.24999999999818,6.800000000001091,0.0,-0.020000000000436557,4926.845212101194,3846.2487367952945,0.0,0.0,0.0
647f2a41,4,3881,2.82187487803985,1.938512504108945,1.934741450019178,1.934741450019178,-0.1440757819527789,8.575270317298418,0.0013597559081156211,3.0750463402849935,2.8657440008415813,-0.20930233944341214,-0.043869122801731386,0.0,0.5704635511431988,-0.7031850117251268,3881,1954,11897.17,0,594.8560539325225,1019.0132690009824,0.4526242017935566,1.3644269398551705,-0.6921989002363773,1.0,1.0,1955,3881,0.43442411749549087,0.061381074168797956,146.33999999999833,21.150000000001455,151.1899999999987,-151.1899999999987,-4.8400000000001455,0.010000000000218279,-0.030000000000654836,5245.095329737997,3874.701499276889,0.0,0.0,0.0
65a5466a,4,4683,8.920455036679018,7.762336010797359,-7.699117396214179,7.699117396214179,2.098002976630596,-11.519515019112076,0.0007147885404174766,11.764121385564966,9.026758627766686,-2.73736275779828,-0.10630359108766818,0.28720905402519753,1.0192560444220002,-9.372437369331491,4683,1433,10846.09,0,692.8240619558358,894.9042516378864,3.109954620560643,4.0,-2.821501113187296,0.6117873158231902,1.0,1434,4683,0.2746102925475123,0.15690376569037656,193.92000000000007,36.23999999999978,181.6200000000008,-181.6200000000008,12.30999999999949,0.010000000000218279,-0.039999999999054126,5803.509846500706,4673.136598485054,1.0,1638.0,258986.46726029308
660d9546,4,4732,9.409517389463064,7.716686569583826,7.685166910288058,7.685166910288058,-1.80473380618605,4.919893793208757,0.0028156641153250688,8.582622782525682,9.471399564901278,0.8887767823755954,-0.06188217543821395,0.0,1.0897945202139896,1.024713445486609,4732,1407,12012.35,0,967.2015376974288,1162.1414160610814,0.8199068618971027,3.093929592049437,1.2319897679035954,0.6777261200338124,1.0,1408,4732,0.2081572273879966,0.11576704545454546,112.23999999999978,22.350000000000364,118.29000000000087,-118.29000000000087,-6.040000000000873,0.010000000000218279,-0.030000000000654836,5881.719584452485,4725.733279280629,1.0,1525.0,342174.3725503722
69e41fa6,4,5772,4.637089011417144,3.786761607819483,-3.0705562332752647,3.0705562332752647,-0.7359591423319216,-10.185960143009652,-0.00010035931368204694,6.61240658406396,4.594170488128888,-2.0182360959350722,0.042918523288256516,0.27234927234927236,0.6440306989979847,-2.780969433645718,5772,1394,12051.81,0,480.6382041099064,1090.6209768061306,1.6037976536402658,4.0,-26.53129225115378,0.9747054747054748,1.0,1395,5772,0.4442134442134442,0.24014336917562723,130.34000000000015,16.679999999998472,140.57999999999993,-140.57999999999993,-12.670000000000073,-0.029999999998835847,0.00999999999839929,6877.796899539024,5765.860891072597,0.0,0.0,0.0
6dbe4b60,4,4648,2.2028679525409145,1.8238968317401163,1.072025700700332,1.072025700700332,-1.554782760425951,8.214488441173671,0.0005284136149486356,2.7722406262002495,2.3450583327427914,-0.42718229345745806,-0.1421903802018769,0.0,1.6014087945602014,-0.15574333363282325,4648,2024,11397.76,0,874.836391632705,1086.3886784321323,0.8183437394604223,3.061799848499852,2.264659174279542,1.0,1.0,2025,4648,0.5,0.397037037037037,161.17000000000007,21.94000000000051,165.53000000000247,-165.53000000000247,-4.380000000001019,-0.019999999998617568,0.0,6148.035152987391,4639.881270086435,0.0,0.0,0.0
6ea22614,4,5971,7.821834502571631,6.285382059291386,5.171572659602799,5.171572659602799,2.2832246238103835,7.711707374734033,9.050093102036427e-05,9.225748746197915,8.266153865114891,-0.9595948810830244,-0.44431936254325954,0.5057779266454531,1.0020162450839796,4.901427380507009,5971,1922,10866.070000000002,0,565.4590379952749,1160.7186545630716,4.0,4.0,5.100217584903152,0.7623513649304974,1.0,1923,5971,0.44615642270976386,0.3780551222048882,224.8799999999992,24.399999999999636,229.0699999999979,-229.0699999999979,-4.200000000000728,-0.010000000002037268,-0.010000000000218279,7235.270930900735,5961.92601048507,1.0,1419.0,257784.4305799721
6ede926a,4,4938,4.0790433302491635,3.278744675557631,-1.4559836289713204,1.4559836289713204,1.385807270729856,-0.8699891846481478,0.0009311627003700255,4.551993502586527,4.552573937472603,0.0005804348860767305,-0.47353060722343976,0.0,1.1469168117383937,-3.7545587548347283,4938,1682,11196.3,0,1123.2788955664337,1611.8806421151342,1.5926816494484362,3.018916425837563,10.774283514817968,1.0,1.0,1683,4938,0.35905224787363305,0.3107546048722519,144.48999999999978,23.18999999999869,155.95999999999913,155.95999999999913,11.450000000000728,-0.019999999998617568,0.05999999999949068,6141.800304984115,4931.435903527627,0.0,0.0,0.0
708caea9,4,6548,14.683587321384895,13.19473571497888,-13.00325581403742,13.00325581403742,2.7398656853674765,-20.83237198886127,-0.002692206162476821,16.847462042461846,14.435342195491087,-2.412119846970759,0.2482451258938081,0.12354917532070861,1.7988193331151399,-4.190318941169548,6548,1933,11014.1,0,1363.5098261565497,1715.859749935636,2.3233860689769403,4.0,17.97741459717467,0.2455711667684789,0.987477092241906,1934,6548,0.21701282834453267,0.13236814891416754,416.34000000000015,50.63000000000102,457.3299999999999,457.3299999999999,41.0,0.010000000000218279,0.049999999999272404,7853.203606360792,6526.531148113905,3.0,4940.0,1365296.2176397627
70925e23,4,5947,33.03803224920812,28.77071870527323,28.029490760441778,28.029490760441778,-2.218050828558262,57.02624124032627,0.009749858043509621,31.70560911506922,32.84030893122269,1.1346998161534678,0.1977233179854352,0.09181099714141584,1.3953262072825432,-0.95683720291233,5947,2124,12705.63,0,2297.542492076967,6927.512744672241,1.5720812525487724,4.0,44.96220643947662,0.2011098032621489,0.2793004876408273,2125,5947,0.11804271061039179,0.06823529411764706,98.15000000000146,26.81999999999971,87.82000000000153,83.7400000000016,-8.7599999999984,-0.029999999998835847,0.06999999999970896,7387.717427737448,5933.341466660923,1.0,4751.0,6471795.691102576
70e1788b,4,9285,5.1684019791911755,3.790687040432008,-1.5903518793219205,1.5903518793219205,-1.34774340515105,3.677644934685304,0.0006486664401331845,5.159311882036168,5.11425244486401,-0.04505943717215821,0.054149534327165405,0.33742595584275714,1.577917375525788,-4.601461494420163,9285,2052,10673.77,0,1444.9526932047752,2039.1288784982355,2.7457414125211628,4.0,4.386479981655905,0.9336564351103932,1.0,2053,9285,0.03963381798599892,0.044812469556746226,222.04000000000087,25.55999999999949,221.4200000000019,221.42000000000007,9.5,0.020000000000436557,0.010000000000218279,10780.077105923374,9275.076782544704,1.0,616.0,103529.41557195438
739a914f,4,5505,2.363855663853824,1.7300704773116842,1.1457112491868744,1.1457112491868744,1.473161349675138,-1.0159233496433444,0.0006033707610451451,5.146851977584058,2.6843326779249304,-2.4625192996591276,-0.3204770140711064,0.48029064486830153,0.8359181111875398,-0.5147650852093645,5505,1813,11387.02,0,742.9445705096894,1482.3987089261227,3.0485459966574897,4.0,-10.104402843380893,1.0,1.0,1814,5505,0.42397820163487737,0.3472987872105843,209.38999999999942,33.26999999999862,223.09000000000015,-223.09000000000015,-13.69000000000051,0.010000000000218279,-0.039999999999054126,6674.841494553879,5497.350894067062,0.0,0.0,0.0
73b1447d,4,5670,5.143944563734699,4.096680424827938,-1.3650232835129874,1.3650232835129874,-4.689458486584044,-0.5968166138136439,-0.0002331123619993024,5.94056374776519,5.048462205473834,-0.8921015422913561,0.09548235826086504,0.4038800705467372,1.8522464252622346,-0.7042662934259655,5670,1851,12286.12,0,517.5280633211645,964.0971931298104,2.725620114255088,4.0,28.79006753259497,0.9414462081128748,1.0,1852,5670,0.3843033509700176,0.22786177105831534,212.92000000000007,52.210000000000946,177.11999999999898,-177.11999999999898,35.42000000000007,-0.040000000000873115,0.019999999998617568,6827.953060257905,5660.385349744241,1.0,332.0,49764.3050346499
75d20a82,4,5067,3.2660776896929344,2.82330552509781,-0.286192395079008,0.286192395079008,-7.042484613361012,-2.0536538882042805,-0.0013216735289458626,4.8499633577189325,3.3860111492490104,-1.4639522084699221,-0.11993345955607593,0.5835800276297612,1.4206267675625859,3.06160665374086,5067,1934,12056.27,0,451.4892470756428,617.3640516341712,4.0,4.0,5.6428910197011,1.0,1.0,1935,5067,0.15117426485099664,0.11782945736434108,139.53000000000065,43.840000000000146,152.36000000000058,152.36000000000058,12.840000000000146,0.010000000000218279,0.020000000000436557,6359.944067386387,5061.020122198636,0.0,0.0,0.0
7850c72e,4,5497,20.308877999896414,18.99841420290085,18.986391846003453,18.986391846003453,-1.153335489650999,28.11012765092164,0.003236290668407304,22.612113260240132,20.419401777661253,-2.192711482578879,-0.11052377776483979,0.5935965071857376,0.9566211597869269,10.093065089220184,5497,2214,12873.070000000002,0,424.7987998159955,1074.6956091031466,4.0,4.0,37.6378117656836,0.1013279970893214,0.7025650354738948,2215,5497,0.04748044387847917,0.03747178329571106,195.0600000000013,45.25,186.90000000000146,-186.89999999999964,7.829999999998108,-0.020000000002255547,0.00999999999839929,6999.936492633222,5490.432805025158,2.0,4940.0,2246969.5530275195
7993a768,4,5487,4.782869389147503,3.859233043180403,3.7077645754238944,3.7077645754238944,2.010859843554499,-2.8376355786695058,-6.627880761202094e-05,2.3736131182417024,4.633637765971641,2.2600246477299386,0.14923162317586236,0.8017131401494442,0.6962152405237498,3.8895673447036696,5487,1559,12156.36,0,726.5127667150406,1581.6371812225952,4.0,4.0,7.384713363147209,1.0,1.0,1560,5487,0.19938035356296702,0.07435897435897436,95.53000000000065,19.1299999999992,107.13999999999942,107.13999999999942,11.609999999998763,0.0,0.039999999999054126,6555.189445895085,5483.975445058007,0.0,0.0,0.0
7b2c7b3c,4,2584,7.256503106316951,5.268775469518006,5.250201812869115,5.250201812869115,-0.3940891820839169,1.6153367111273838,0.005592647979730482,8.450753508902704,7.484348512962762,-0.9664049959399419,-0.22784540664581066,0.06153250773993808,0.927592901045717,-1.9727030529528018,2584,1646,11412.39,0,908.5744728009272,1066.4086206751986,0.920363613788686,4.0,19.38755518262563,0.7685758513931888,1.0,1647,2584,0.04024767801857585,0.029751062537947785,103.13000000000102,19.75,120.15000000000146,120.15000000000146,17.020000000000437,0.0,0.029999999998835847,3986.6588043713055,2578.776003475309,1.0,598.0,97576.53500990762
7e208414,4,4226,5.524988816858239,4.746587044706062,4.146189788739537,4.146189788739537,-0.0502250523895781,5.053536215933491,0.002356557547832947,5.045683102507338,5.503828718447128,0.45814561593978986,0.021160098411111328,0.0,0.21254225064532709,-0.8320380310575649,4226,1505,12032.75,0,994.6010758712124,1057.2098918970582,0.6999498800693306,1.5065333121475442,-4.911605207029787,1.0,1.0,1506,4226,0.09252247988641742,0.05776892430278884,113.89999999999964,11.25,123.39999999999964,-123.39999999999964,-9.5,0.0,-0.030000000000654836,5435.7111206127465,4223.171202082518,0.0,0.0,0.0
8050c789,4,3077,3.9472147423325774,2.8571035107470992,2.3619342438184066,2.3619342438184066,-0.760603585624267,10.134804594081288,0.003143447961391255,6.7148749477806495,3.9522380104088293,-2.7626369373718203,-0.005023268076251863,0.5297367565810854,0.490854130393627,-2.4726887208013437,3077,1862,12282.63,0,986.0694827443332,1243.043173908342,4.0,4.0,-2.071306074287404,0.9954501137471564,1.0,1863,3077,0.24894377640558987,0.2549651100375738,97.1200000000008,29.459999999999127,81.02000000000044,81.02000000000044,-16.109999999998763,-0.00999999999839929,0.049999999999272404,4378.69076482263,3074.0181553790103,0.0,0.0,0.0
807f0298,4,3747,5.348677840134999,3.738543386490915,-2.154591632328192,2.154591632328192,-0.1207293614424998,-14.287937444703855,-0.0015795496753239677,4.772379781700679,5.463141564948516,0.6907617832478365,-0.11446372481351652,0.32986389111289033,0.5932459682921835,0.8039049095535977,3747,1751,11036.990000000002,0,1021.0488100477992,1706.5075124725088,2.805144464055762,4.0,10.16517197996227,0.8932479316786762,1.0,1752,3747,0.44141980250867363,0.2579908675799087,250.23999999999978,37.11999999999898,265.1399999999976,265.1399999999976,14.899999999997817,0.0,0.05999999999949068,5167.065296632804,3735.2980781322185,1.0,400.0,67508.44448658288
8255c867,4,3589,6.70731600259861,6.139270015020167,-6.128141074861776,6.128141074861776,-0.4760754283197457,-12.701849055552884,-0.0002778562339019091,8.956167710437294,6.774576314250988,-2.181591396186306,-0.06726031165237778,0.5374756199498467,0.6503559112554778,-5.629666991241749,3589,1748,11151.14,0,714.9463063931664,932.9711613173596,4.0,4.0,27.336930308008075,0.9308999721370856,1.0,1749,3589,0.229869044302034,0.1949685534591195,55.8799999999992,42.02000000000044,85.45000000000073,84.38000000000102,41.63000000000102,0.040000000000873115,-0.09000000000014552,4826.210036709312,3581.5689696697254,1.0,139.0,15239.935242660787
82fcf37c,4,6014,7.4461844958139585,5.592241763961478,5.507310268329698,5.507310268329698,-1.7376034918779624,13.582134151563878,0.002554850239902815,10.001862395234442,7.519039310331325,-2.4828230849031163,-0.07285481451736686,0.6558031260392417,0.6698168464013755,-2.1738469779381147,6014,1382,10955.63,0,1255.0231415595408,1605.3716366779408,4.0,4.0,25.665851776235883,0.7472564017292983,1.0,1383,6014,0.5483870967741935,0.4063629790310918,91.05000000000109,16.850000000000364,100.69000000000233,100.69000000000233,10.140000000001237,0.010000000000218279,0.00999999999839929,7175.625618625204,6009.77303082248,1.0,1520.0,267334.2396407288
85380836,4,6618,6.295753789233754,5.090054009657895,4.938999217042426,4.938999217042426,0.4918214172757871,6.631469121126429,0.00047434688172542645,6.196622501492252,6.34648013335468,0.14985763186242806,-0.05072634412092558,0.03535811423390753,1.0034032817265117,3.3696225588538518,6618,1556,11195.13,0,760.2624377310135,1315.8933251786589,1.9399137708844572,4.0,28.70020648177691,0.8517679057116954,1.0,1557,6618,0.41175581746751283,0.43352601156069365,184.51000000000022,27.13000000000102,207.42000000000007,207.42000000000007,22.890000000001237,-0.019999999998617568,0.049999999999272404,7737.353311156032,6612.197906127837,1.0,981.0,133500.14037723897
86454a6f,4,7964,18.52303326517216,17.03189940103316,-16.749877755304226,16.749877755304226,0.2637494459177105,-11.6595153727485,-0.0009667823163573004,19.57448190305247,18.609652019593494,-0.9648298834589752,-0.08661875442133393,0.4552988448016072,1.4079987482242695,-12.900633962727628,7964,1135,12177.94,0,772.2635593016157,3055.5801523805653,1.906965402489608,4.0,61.83872571030677,0.1348568558513309,0.8979156202913109,1136,7964,0.8117780010045204,0.7253521126760564,307.64999999999964,96.67999999999847,228.47000000000116,-228.47000000000116,79.18999999999869,0.010000000000218279,-0.06000000000130967,9051.133226578211,7944.270624651259,1.0,6890.0,2718087.684203986
8648abae,4,4244,3.7919938903877046,3.0207299335962112,2.5460296050402493,2.5460296050402493,-2.0029453516217472,1.588694303824013,0.0017966243674045498,2.613562922056467,3.820163302029884,1.206600379973417,-0.028169411642179565,0.0,0.6152941080408997,-1.2655089904085048,4244,1841,12013.11,0,958.0944207772668,2820.0451775187,1.6083050634223894,2.528276487069629,9.169266157438244,1.0,1.0,1842,4244,0.050188501413760606,0.04017372421281216,189.82999999999993,20.93000000000029,184.11000000000058,-184.11000000000058,5.699999999998909,-0.020000000000436557,-0.029999999998835847,5486.564301333548,4237.668615418134,0.0,0.0,0.0
877ed19c,4,3708,3.191875100075925,2.5994041989575947,-2.370667746957823,2.370667746957823,0.4765280109058949,-5.504151128438025,-0.0003725740436637924,4.965866616092207,3.4020078164054306,-1.563858799686776,-0.2101327163295057,0.0,0.4619833108962933,-1.6801017570269847,3708,1922,11365.28,0,534.0570897620526,912.2957144068544,2.1183130937399475,3.3343465929687923,-10.788617753731774,1.0,1.0,1923,3708,0.30393743257820927,0.2251690067602704,145.47999999999956,12.489999999999782,145.8799999999992,-145.8799999999992,-0.43000000000029104,-0.030000000000654836,-0.020000000000436557,5053.150701507131,3700.8923844122933,0.0,0.0,0.0
8995c945,4,6724,5.895399268766515,4.695988923192658,-3.6715753379099962,3.6715753379099962,0.3810638004306383,-19.40284023187633,-0.001060458359560107,4.978979745866237,5.836941522063589,0.8579617761973521,0.05845774670292592,0.2778108268887567,0.8550272215595873,-0.10684456224869796,6724,1473,10986.86,0,1222.182653135327,1801.73194508106,1.9326038020088467,4.0,7.605436827927471,0.9055621653777514,1.0,1474,6724,0.12120761451516954,0.06309362279511534,428.7600000000002,29.899999999999636,457.5799999999999,457.5799999999999,28.81999999999971,0.0,0.050000000001091394,7748.403476729802,6705.498219893741,2.0,612.0,87144.83653795575
89f1085d,4,5994,5.674558443357209,4.0661250075151845,2.3890210050991207,2.3890210050991207,-1.7689337319607148,-10.04638799629356,-0.0005522880560873831,5.168295457288823,6.091714746115239,0.9234192888264161,-0.4171563027580305,0.7005338672005339,0.9301774035658128,4.043952165164965,5994,1502,12813.12,0,915.69429840163,3966.6485234323695,4.0,4.0,-25.72015769794918,0.860694027360694,1.0,1503,5994,0.3314981648314982,0.26280771789753826,258.9300000000003,43.56999999999971,245.90999999999985,245.90999999999985,-13.040000000000873,-0.020000000000436557,0.09000000000014552,7327.990225002479,5982.605378302951,2.0,833.0,110903.86726074037
8ac2f237,4,5319,9.54672874343041,6.976760086786199,6.964034353779043,6.964034353779043,-1.124693714931709,23.4999175812427,0.003797007258417852,10.640332526023734,9.68441255116548,-0.9559199748582543,-0.13768380773506905,0.11731528482797518,0.610851825161934,-3.132207946354023,5319,1455,11360.27,0,995.2280697032336,1335.0232425876509,0.7316446742138508,4.0,-14.068383283673953,0.6864072194021432,1.0,1456,5319,0.04230118443316413,0.05631868131868132,156.67000000000007,45.29999999999927,115.90999999999985,115.90999999999985,-40.77000000000044,-0.010000000000218279,0.030000000000654836,6438.43876732613,5314.952293520676,1.0,1668.0,425553.3179119772
8b5be31b,4,5672,4.5838037073331925,3.451285965159906,-1.642155940663705,1.642155940663705,1.6130314949223248,-4.089553654404881,-0.0008955720298750036,4.880538015643948,5.838820929073707,0.958282913429759,-1.2550172217405144,0.0,1.7298590058202024,0.8972385500468667,5672,1766,10842.45,0,511.904759330283,2757.1382349911864,1.0115008650052029,2.864634545675772,-6.684677581468339,0.968441466854725,1.0,1767,5672,0.599083215796897,0.4742501414827391,260.75,32.04000000000087,249.15999999999985,249.15999999999985,-11.610000000000582,-0.020000000000436557,0.050000000001091394,6842.966618382182,5661.431304431797,1.0,178.0,18361.441394163165
8d92cb49,4,3589,6.857918342840883,5.354815541987573,3.3683969310912767,3.3683969310912767,0.3389156847151753,20.5030512093781,0.005446312677858748,7.941815725720259,6.870300539648951,-1.0715151860713084,-0.012382196808067292,0.0,0.6297753502467258,-6.402288012987322,3589,1249,11423.96,0,771.7618768927198,1048.314059097209,0.505458232726339,2.2396491078518923,-0.4107487225501091,0.8509334076344386,1.0,1250,3589,0.224575090554472,0.1136,141.3700000000008,23.459999999999127,119.7400000000016,119.7400000000016,-21.669999999998254,-0.039999999999054126,0.029999999998835847,4618.328566218148,3581.502823802039,1.0,535.0,108164.99828152132
91abc4c7,4,5848,2.671217810705968,1.987637024251931,-1.1597924594226117,1.1597924594226117,0.4830635851503757,1.93658270387823,-0.0006500994259523117,2.7611177849339135,1.9786569540121632,-0.7824608309217502,0.6925608566938048,0.0,1.2913962730972073,0.7407732123489715,5848,1938,10965.71,0,744.9902336273944,833.0665709593853,1.0539812429370778,3.8784505686242032,-4.323999457632369,1.0,1.0,1939,5848,0.6109781121751026,0.4368231046931408,192.4400000000005,22.26000000000022,183.0699999999997,183.0699999999997,-6.119999999998981,0.07000000000152795,-0.029999999998835847,7279.142672746992,5841.409398578332,0.0,0.0,0.0
9283ae69,4,3371,7.018407313334628,5.991363314510999,-5.9503024540502425,5.9503024540502425,0.0912195142100245,-4.376844447968324,0.0005538651865252459,4.846286040540104,7.072019578534258,2.225733537994154,-0.05361226519962958,0.009196084247997626,0.4867610940432604,-6.883565293345284,3371,1746,10981.86,0,799.0064616288369,988.5040506875198,2.5331797922767927,4.0,-3.305818962022664,0.7781073865321863,1.0,1747,3371,0.3814891723524177,0.29307384087006294,166.1900000000005,15.06000000000131,164.09000000000196,164.09000000000196,-2.1199999999989814,-0.020000000000436557,0.05999999999949068,4596.361789108926,3364.924590566438,1.0,748.0,84206.29930302217
93f5d2e6,4,3691,12.549343476246401,9.205267400160855,8.529909315311835,8.529909315311835,-0.0352743918738269,27.96843440155681,0.007303134196186803,10.87406345918925,12.543982199653545,1.6699187404642952,0.005361276592855901,0.1362774315903549,0.5720149033216059,-4.944373276652819,3691,1479,11037.89,0,1260.2352700390322,1838.5022044181128,0.8652065967793828,4.0,-22.324756607755305,0.6589000270929287,0.8986724464914657,1480,3691,0.3351395285830398,0.1945945945945946,87.5,48.23999999999978,135.4399999999987,-135.4399999999987,-47.93999999999869,0.0,-0.019999999998617568,4858.75543488806,3688.34499803097,2.0,1259.0,525010.19752072
944f36b9,4,4630,8.609077583043346,7.542273602415437,-6.776196742067577,6.776196742067577,0.6168754240406997,-7.846362154548842,-0.003547145315660678,8.259689703581385,8.774196472149718,0.5145067685683333,-0.16511888910637218,0.0,0.43737615348275366,1.4336710910290629,4630,1404,10850.3,0,509.9292558042222,1016.3059180804086,0.4841609329262929,1.8308142936234275,-4.309009768369686,0.688768898488121,1.0,1405,4630,0.15831533477321813,0.15516014234875444,189.23999999999978,12.010000000000218,181.73999999999978,-181.73999999999978,7.530000000000655,0.030000000000654836,-0.06999999999970896,5747.283165954148,4623.688596196807,1.0,1441.0,206893.72732366054
94d813a4,4,4847,23.116890500554888,18.13076867158738,18.08236322712365,18.08236322712365,-1.219136324374631,38.22579604966813,0.00971183276880488,25.862254671464893,22.814968346550643,-3.04728632491425,0.30192215400424516,0.755931504023107,1.0391218836622467,-5.449407571690579,4847,1743,12740.53,0,895.8794084586291,1144.3007588261455,4.0,4.0,-15.496093212350493,0.3926139880338353,0.6044976273983907,1744,4847,0.28636269857643903,0.2098623853211009,193.1800000000003,61.44000000000051,137.51000000000022,136.92999999999847,-54.8700000000008,0.0,0.020000000000436557,6077.555402155039,4840.118210839166,2.0,2944.0,2552028.9441417586
95b559e7,4,2887,4.286364842761673,3.2823140186647497,-2.6496304854505177,2.6496304854505177,0.4386911974124814,3.254411356318087,-0.00228292338048963,7.13218362651614,4.372743969518814,-2.7594396569973254,-0.08637912675714166,0.47073086248701074,0.22434468017273373,0.6446279525960198,2887,1750,11940.93,0,659.4861838016362,1294.107923725863,3.6406942930842376,4.0,6.481380702182571,1.0,1.0,1751,2887,0.3023900242466228,0.1102227298686465,68.78999999999905,28.100000000002183,57.479999999997744,-57.479999999997744,8.140000000001237,0.039999999999054126,-0.05999999999949068,4149.198462721655,2885.1836035165884,0.0,0.0,0.0
96936c22,4,3346,3.564420784086019,2.3428554196497045,1.4482416182786466,1.4482416182786466,-0.1377125187063939,-0.7831138925594132,0.002065742743444237,4.1836371804835295,3.506302814822551,-0.6773343656609785,0.058117969263467906,0.03825463239689181,0.5700583267985332,-2.0067131201318387,3346,1650,12087.070000000002,0,470.37326135723214,1003.4440826597832,1.2518155699639042,4.0,11.825466939625215,0.9722056186491332,1.0,1651,3346,0.2023311416616856,0.11568746214415505,83.22999999999956,14.619999999998981,91.45000000000073,91.45000000000073,8.199999999998909,-0.020000000002255547,0.040000000000873115,4500.771849206591,3344.312284102707,0.0,0.0,0.0
9719aa04,4,4871,9.272050347134684,8.519683698040307,-7.829390175761619,7.829390175761619,1.609149403302581,-13.456760019065769,-0.0028795943945230224,6.8525926408862325,9.412008845174363,2.55941620428813,-0.13995849803967886,0.20940258673783618,0.9082460061399996,-0.8175778250980571,4871,1793,10958.39,0,531.3563794669777,949.4780362127486,2.79570372897386,4.0,-2.427170826872116,0.6700882775610758,1.0,1794,4871,0.043112297269554505,0.03511705685618729,195.38999999999942,23.6299999999992,202.6900000000005,202.6900000000005,7.31000000000131,0.010000000000218279,0.020000000000436557,6080.426917762894,4863.891529917216,2.0,1496.0,245325.06150653725
9896fc0b,4,3595,15.567434465065219,9.691117542346577,8.774675986624455,8.774675986624455,0.8368161370799498,47.547456930886256,0.010210392748459557,18.106577979018528,15.577869452677202,-2.528708526341326,-0.01043498761198336,0.7407510431154382,0.9352079510335761,-9.573399782357372,3595,1513,10977.98,0,1366.1749537303006,1905.4675324773,4.0,4.0,7.05006779885667,0.729346314325452,0.8723226703755216,1514,3595,0.3972183588317107,0.33487450462351387,125.65000000000146,52.70999999999913,169.15999999999985,-169.15999999999985,-43.48999999999796,0.020000000000436557,-0.029999999998835847,4761.45595078604,3588.0805065245104,1.0,973.0,834907.8800248057
9ab94eeb,4,4442,3.2078990732181176,2.485505553288479,-0.040113461940067964,0.040113461940067964,-0.3908826342703833,1.2752567500065195,-0.001277310110001828,4.100664342123996,3.2116669389364843,-0.8889974031875116,-0.0037678657183666253,0.6224673570463755,0.441832427412037,2.796153637318991,4442,1929,10983.39,0,1197.6536015582933,2214.34641401225,4.0,4.0,-9.990771348682388,1.0,1.0,1930,4442,0.534894191805493,0.43523316062176165,187.51000000000022,24.93000000000029,171.07000000000153,171.07000000000153,-16.44999999999891,-0.010000000000218279,0.039999999999054126,5801.848023236835,4435.059777015625,0.0,0.0,0.0
9dfff011,4,4319,24.808376979831994,23.529321849123473,23.529321849123473,23.529321849123473,0.9001927692588652,28.83459084764945,0.004361404193125772,25.7678454435508,24.769907366563793,-0.9979380769870083,0.03846961326820164,0.0,0.8332333694721005,14.113050196164936,4319,1747,11419.13,0,1888.3735543910807,2902.847144619497,1.0183437082664042,2.202360785203158,34.33720723280664,0.1034961796712201,0.294281083584163,1748,4319,0.3727714748784441,0.2889016018306636,81.98999999999978,15.910000000001673,86.59000000000015,83.6200000000008,5.040000000000873,0.0,0.020000000000436557,5509.606406976593,4301.884515837182,1.0,3872.0,2642441.6871051136
9efc812e,4,4450,4.807867138082997,3.488401827256066,-3.0725034550028947,3.0725034550028947,0.5231236585987062,0.6419346071088512,-0.002394665794123436,4.583759483091717,4.742357895067851,0.15859841197613367,0.06550924301514627,0.0,0.48818573108101454,2.2544306040246958,4450,1649,11167.54,0,1103.5819462662262,1360.5158593807157,0.22517855424976,1.8817634685126905,-13.827998239426307,0.9307865168539324,1.0,1650,4450,0.02292134831460674,0.017575757575757574,39.95999999999913,27.06000000000131,28.210000000000946,-18.80000000000109,-13.31000000000131,-0.010000000000218279,0.0,5848.331587656616,4444.2718754934795,1.0,308.0,40455.69774989631
a3f71395,4,5543,17.83867978585739,16.381683608364256,-4.611831050352034,4.611831050352034,-0.7558100063433812,-18.869579600346697,-0.008558940172584373,17.172794645578815,18.029970614116316,0.8571759685375007,-0.19129082825892496,0.10626014793433158,0.582841389571693,19.104992167879264,5543,1496,12773.56,0,1389.4493528375565,2158.7844600893163,3.242846724974719,4.0,-26.731172677509573,0.192855854230561,0.827530218293343,1497,5543,0.07865776655240844,0.13827655310621242,303.02000000000044,38.32999999999993,293.97000000000116,293.97000000000116,-9.06999999999789,-0.019999999998617568,0.05999999999949068,6799.128695629582,5530.730591088336,2.0,4474.0,1719120.8250929432
a4719920,4,5884,7.115575308077417,6.1600931073539416,5.895192084634331,5.895192084634331,5.683268137096093,7.295901185292678,0.0019180737421248103,10.131649611142326,7.293279984980548,-2.8383696261617777,-0.1777046769031312,0.4189326988443236,1.3964132789237589,0.2531781721742066,5884,1610,11440.05,0,1771.226929595536,2089.9515576023537,2.9710180147564182,4.0,16.584101008292077,0.9005778382053025,1.0,1611,5884,0.6442895989123045,0.5828677839851024,199.1900000000005,25.17000000000189,192.4900000000016,-191.75000000000182,6.950000000000728,-0.00999999999839929,-0.019999999998617568,7173.1729203153955,5875.972214808424,1.0,585.0,63600.28026116393
a48640d9,4,4532,19.73444798977935,17.384628136656783,-17.148697526998795,17.148697526998795,3.820140390658708,-21.63636230771772,-0.00701015471457539,21.378859200752842,19.758204174609684,-1.620655026143158,-0.023756184830332927,0.12157987643424537,1.966468689530904,-1.2671920211282464,4532,2053,12509.75,0,2647.637686863341,3005.9561007315283,2.420981596531747,4.0,-12.17758477131316,0.2447043248014122,0.691747572815534,2054,4532,0.13879082082965577,0.09737098344693282,119.93999999999869,27.399999999999636,100.75,-100.75,2.959999999999127,0.0,-0.06999999999970896,6149.1019340222665,4526.731328563634,1.0,3423.0,1748377.752490242
a4cdbb0f,4,5204,7.484411344055079,4.93354200042867,-4.434459951631493,4.434459951631493,0.0555123249068856,-2.850722311086429,-0.002994885583184483,9.046695968177273,7.553409875660544,-1.4932860925167288,-0.0689985316054651,0.09915449654112221,0.7953171886101809,3.356734893022942,5204,1554,10964.9,0,1132.2143740697338,1313.6305001216265,1.134266852095171,4.0,-10.034528292564824,0.7770945426594927,1.0,1555,5204,0.037855495772482706,0.052733118971061095,188.36000000000058,41.409999999999854,183.46000000000276,183.46000000000276,-4.9099999999980355,-0.010000000000218279,0.039999999999054126,6529.058691102953,5187.146408151605,1.0,1160.0,246040.6587115049
a6f967fb,4,4670,2.610254168652219,2.09136724307186,1.6511192083797748,1.6511192083797748,1.758024934464629,3.341573749377858,-0.00010827033941028389,2.612592036681267,2.7308938357020627,0.11830179902079552,-0.12063966704984352,0.0,0.8645831964965469,1.9038763157330834,4670,2361,12677.94,0,464.6259108411849,587.9537744797622,1.7545044223349668,3.3082133610777222,-9.770438300833993,1.0,1.0,2362,4670,0.04197002141327623,0.03598645215918713,107.0,21.850000000000364,118.0,-118.0,-11.030000000000655,-0.030000000000654836,0.0,6326.407319780908,4666.892114715893,0.0,0.0,0.0
a79fd2e7,4,4404,4.6636395168310365,3.694011061010793,-3.204664783652149,3.204664783652149,-2.49544647293078,-10.315324303677698,0.00043545493967203137,5.220413217941866,5.36441153969205,0.14399832175018368,-0.7007720228610133,0.18369663941871026,1.5979830687700518,-4.163318833340128,4404,1922,11964.67,0,639.3794057521961,1390.774779116182,2.0685311189030013,4.0,-12.666969811244629,0.9970481380563124,1.0,1923,4404,0.5249772933696639,0.28965158606344255,187.01000000000022,27.55000000000109,186.3099999999995,186.3099999999995,-0.6900000000005093,0.010000000000218279,0.010000000000218279,5720.783002331897,4398.102575838673,0.0,0.0,0.0
a87433c9,4,5721,4.850369432842137,4.009469783422324,3.3473119805920897,3.3473119805920897,0.3318399246527406,5.070486529883056,0.001554729294615673,5.111272006742973,5.2855638618237855,0.17429185508081257,-0.4351944289816485,0.0,0.9172673822387781,-1.099213802008737,5721,1738,11899.42,0,1084.7293623873672,1774.542316239616,0.8502582314757456,2.370435439963854,8.326171863581072,1.0,1.0,1739,5721,0.5813668938996679,0.4117308798159862,163.9300000000003,20.840000000000146,164.8100000000013,-164.8100000000013,-0.8700000000008004,0.010000000000218279,-0.039999999999054126,6865.765425606778,5712.826815902971,0.0,0.0,0.0
a8ed028a,4,5538,22.338105567896168,19.367993695679054,-19.367993695679054,19.367993695679054,-7.169274847028646,-32.610505936934715,-0.006536068153993875,20.85280992117155,22.296901985563782,1.4440920643922333,0.04120358233238619,0.03178042614662333,1.2292238845193888,-1.27288901134701,5538,1771,12822.85,0,558.2138970186114,1207.4655231617871,1.796549879493592,4.0,-14.846311391873716,0.2746478873239437,0.566088840736728,1772,5538,0.04749006861682918,0.039503386004514675,88.59000000000015,36.89000000000124,107.11999999999898,104.75,16.159999999999854,0.0,0.010000000000218279,6796.181199348357,5535.5590818090395,2.0,4017.0,2708954.691483101
aaaf3c03,4,2997,19.55601171128623,15.941044269849485,15.923166487647299,15.923166487647299,0.8322184067001217,11.20190886076307,-0.005418026859909112,19.506341713529576,19.608775889344983,0.10243417581540726,-0.052764178058751554,0.0,0.5627816250221366,24.03937072379116,2997,1730,11995.84,0,1045.9223310074212,2097.845496991981,1.885138371035356,3.042626088876872,11.56331005043326,0.4030697364030697,0.69336002669336,1731,2997,0.05538872205538872,0.0681686886192952,111.67999999999847,48.150000000001455,130.24999999999818,115.6299999999992,3.9099999999998545,-0.040000000000873115,0.010000000000218279,4233.928995560117,2991.72152114807,1.0,1740.0,1105293.7182581807
ab112491,4,5185,12.6212550702758,10.089502740996663,-7.99665514624278,7.99665514624278,-0.3741553507479693,-3.862426195906664,-0.00039457612434246216,13.840934912010047,12.696910783458069,-1.1440241285519779,-0.07565571318226816,0.08023143683702989,0.9756337656608199,-6.973913831947121,5185,1992,12276.5,0,1405.4991563944668,2448.558099928446,1.526084724285044,4.0,20.61834798015954,0.5863066538090647,0.9745419479267116,1993,5185,0.04223722275795564,0.05519317611640743,126.6299999999992,43.57999999999993,152.61999999999898,152.61999999999898,29.770000000000437,0.020000000000436557,0.010000000000218279,6542.61281846098,5177.2440828108765,1.0,2034.0,732083.1148427676
ab18d3fc,4,5694,9.151538201485307,8.13155766279127,5.428806578477087,5.428806578477087,0.6238354621473263,14.695947173555396,0.0035861400038773176,9.484163134320525,9.1626550672512,-0.3215080670693258,-0.011116865765892214,0.0,0.8469201436027552,-4.779140942559696,5694,1642,12282.02,0,1070.620299755954,1370.7565928711306,0.6598669324154993,3.046969405119935,-11.986151669765675,0.6062521952932912,1.0,1643,5694,0.31383912890762206,0.22763237979306147,159.71999999999935,37.07000000000153,186.82999999999993,-185.8799999999992,-26.100000000000364,0.05999999999949068,-0.040000000000873115,6840.451354280062,5688.819513202903,3.0,2185.0,344857.6722238324
ae35f33a,4,4450,8.773906169475644,7.703741020836071,-7.703741020836071,7.703741020836071,-0.2223957346141105,-10.701689641447956,-0.0027581674781381738,7.069995127270906,8.760992514401082,1.6909973871301753,0.012913655074562769,0.17797752808988765,0.6618015489258965,-1.5681974657176951,4450,2018,12679.47,0,430.97214228393966,565.8582569203568,1.6507969830044975,4.0,-16.79435573377986,0.6624719101123595,1.0,2019,4450,0.2541573033707865,0.40713224368499257,146.39999999999964,20.43000000000029,158.4399999999987,-158.4399999999987,-12.029999999998836,0.010000000000218279,-0.049999999999272404,5822.227189988105,4446.317471278973,1.0,1484.0,235586.77290413386
aff4e561,4,6026,10.54383428093259,9.38450730306914,9.384254312676342,9.384254312676342,-0.0863614056706865,1.505913376022363,0.001799081447577901,11.771211768144545,10.460923009245839,-1.3102887588987056,0.08291127168675061,0.13939595087952208,1.1150284411739206,3.9645214518479155,6026,1696,10940.68,0,1512.3961905861263,1742.8414241257478,1.347581482662318,4.0,33.64337420811175,0.5431463657484235,1.0,1697,6026,0.354629936939927,0.3070123747790218,101.72000000000116,21.0,120.67000000000189,120.67000000000189,19.51000000000022,0.039999999999054126,-0.010000000000218279,7253.184186857352,6020.843719953062,2.0,2638.0,522767.1098210333
b32902c0,4,3808,13.098239853428721,10.44492518240473,-10.32738830882622,10.32738830882622,-0.4629106747179321,-34.55495844306279,-0.006758628279158547,12.88418064848754,12.822331919459486,-0.061848729028053384,0.2759079339692345,0.0,0.5924214697997693,2.537660620552071,3808,1928,10919.4,0,938.7635411807344,1681.765076058743,0.9853502793107032,2.4641311037963844,-9.268245740090212,0.4708508403361344,0.9640231092436976,1929,3808,0.5428046218487395,0.36858475894245724,132.23999999999978,27.93000000000029,154.1900000000005,154.1900000000005,21.950000000000728,0.0,0.029999999998835847,5217.307942468768,3800.663036892245,1.0,2015.0,629846.6060362227
b37fd114,4,8161,7.79604442533211,6.444488107725942,-4.77312208507856,4.77312208507856,-0.8578180924669141,-11.989542389537746,-0.0021892773465563954,8.39162253398518,8.167501748695955,-0.22412078528922486,-0.3714573233638445,0.12020585712535228,2.3959102829968946,4.159129488871534,8161,1624,11373.26,0,1666.9484419442158,2460.197487295929,1.7464183839110072,4.0,8.649993462802058,0.7106972184781277,1.0,1625,8161,0.08148511211861291,0.10523076923076922,256.4200000000001,53.150000000001455,235.28000000000247,-235.28000000000247,18.049999999999272,-0.019999999998617568,0.010000000000218279,9492.535941112397,8147.833788026238,2.0,2361.0,360048.5073307656
b56bc0aa,4,5602,10.964704398125992,10.127052978388642,-10.120183818755041,10.120183818755041,-0.0303309100254409,-8.544829929889602,-0.0020929762008514703,14.670237146969042,11.08788596823804,-3.5823511787310007,-0.12318157011204889,0.7640128525526597,0.6600134017028082,-4.258803968270504,5602,1828,11192.6,0,1157.4896457420398,1562.63814533299,4.0,4.0,-12.2908540084193,0.3272045697965012,1.0,1829,5602,0.22438414851838628,0.1481683980317113,208.6800000000003,15.239999999999782,208.8199999999979,208.8199999999979,0.10999999999876309,-0.029999999998835847,0.049999999999272404,6773.023710992913,5594.599577914258,2.0,3767.0,602405.9960462528
b5aa9634,4,7326,6.482459057047477,4.638496621236423,4.49748057779718,4.49748057779718,-2.0053592235326505,20.040114380566592,0.0011013733297811955,7.141533637145982,6.630290108069028,-0.5112435290769541,-0.14783105102155059,0.2503412503412503,0.9269998990344644,0.4637007574735494,7326,1420,12541.7,0,704.6965684071268,1052.8026319544629,1.9277682367020013,4.0,-13.73320560421626,0.8832923832923832,1.0,1421,7326,0.042042042042042045,0.030260380014074596,257.60999999999876,37.06000000000131,224.1899999999987,224.1899999999987,-33.400000000001455,0.019999999998617568,0.030000000000654836,8605.660844255262,7312.4166517846525,1.0,855.0,197600.76620765394
b977be4a,4,5917,9.581830416718384,8.515790897299839,3.6582805133762606,3.6582805133762606,3.204705387914146,13.904985807763296,0.004508206304606538,11.967578669741496,9.618121321556448,-2.349457348185048,-0.0362909048380633,0.5311813418962312,0.8082242814273967,-9.676993735649878,5917,1577,11387.65,0,937.2332293780828,1039.933085599738,4.0,4.0,3.388642242783245,0.5345614331586953,1.0,1578,5917,0.2467466621598783,0.17427122940430925,302.59000000000015,54.23999999999978,314.2600000000002,-314.2600000000002,-11.649999999999636,0.020000000000436557,-0.05999999999949068,7140.499279339858,5902.855407690385,2.0,2754.0,438315.0698111275
bc4381e2,4,4955,13.698285126140032,13.238246641744201,-13.227638836319477,13.227638836319477,1.53007150123085,-18.1187376418784,-0.001809759117810269,12.31193786678455,13.465827609767777,1.1538897429832264,0.2324575163722553,0.0,1.0161288291590138,-8.744865501503435,4955,1929,12127.25,0,1375.2795221791923,1585.179133417991,1.9756437930688355,2.9769250121033304,0.0762479784468169,0.1973763874873864,1.0,1930,4955,0.5814328960645813,0.39378238341968913,130.36000000000058,20.48999999999978,145.8700000000008,145.8700000000008,15.530000000000655,0.020000000000436557,0.049999999999272404,6321.386104823016,4888.1539328157405,1.0,3977.0,864609.2619942848
bcebcc5f,4,6258,3.6023971597619124,3.093412160059506,-1.2050593897598803,1.2050593897598803,1.5442022806710156,-1.2500050556081987,3.6680808103551755e-05,4.877446720376723,4.087318927635854,-0.7901277927408685,-0.4849217678739417,0.22834771492489614,1.6531959959892004,-1.319815297911842,6258,1630,10928.62,0,787.6408430559658,1171.5574134456945,2.881306043738439,4.0,28.583668521247937,1.0,1.0,1631,6258,0.4852988175135826,0.4488044144696505,190.46999999999935,37.69000000000051,152.86999999999898,-152.86999999999898,37.649999999999636,0.049999999999272404,-0.07000000000152795,7409.23793921936,6249.261363153188,0.0,0.0,0.0
be063506,4,4500,3.3794611319326875,2.8759601339883503,2.1085031745841496,2.1085031745841496,1.041828413317489,0.1617994302887382,0.0009055910543580194,5.755896143486562,3.3135037866355894,-2.4423923568509727,0.06595734529709807,0.20155555555555554,1.1624912343714418,0.07137609780578545,4500,2038,11874.12,0,1467.4357888848735,1964.6166557500565,2.9331575448997977,4.0,6.886808047700535,1.0,1.0,2039,4500,0.25,0.260912211868563,181.32999999999993,16.4900000000016,178.8899999999976,178.8899999999976,-2.4900000000016007,-0.049999999999272404,0.09000000000014552,6024.153088419849,4492.936560112999,0.0,0.0,0.0
c2717d4f,4,4721,9.0478715496808,7.521136451564977,-7.521136451564977,7.521136451564977,-2.776795766010764,-4.838520416529718,-0.000944388683001472,8.913642751245025,9.34125975675193,0.42761700550690485,-0.2933882070711302,0.32090658758737556,1.139437720021723,-5.292379159681505,4721,1960,11318.56,0,466.9054384185935,883.3629215954456,2.034347189427677,4.0,-1.4049230503125276,0.6096166066511333,1.0,1961,4721,0.03240838805337852,0.15043345232024477,162.28000000000065,21.459999999999127,165.85999999999876,165.85999999999876,9.819999999999709,-0.029999999998835847,0.06999999999970896,6059.258390393883,4715.119703051029,1.0,1843.0,315557.4809929138
c47e0767,4,4356,9.410963196086687,8.33070020488157,-7.878649559488891,7.878649559488891,-1.3126765785636962,-15.398284513716137,-0.003344961650013507,12.738494807181285,9.38089067796746,-3.357604129213824,0.030072518119226288,0.49127640036730946,0.6333898936648003,-0.5949955665844808,4356,1742,12153.58,0,709.1730001381873,1289.4785296782031,3.943455926555061,4.0,11.546723245619162,0.4990817263544536,1.0,1743,4356,0.14830119375573922,0.042455536431440045,108.72999999999956,31.729999999999563,139.60999999999876,139.60999999999876,30.889999999999418,0.010000000000218279,0.010000000000218279,5612.39300048523,4353.254081098451,2.0,2182.0,311670.1779852277
c50b42f6,4,6014,2.318081836218208,1.81172449634186,-1.3251370528119881,1.3251370528119881,-0.6698910123122914,-2.311948935903274,0.0003214769700324805,5.0864612975709,3.4534504036737332,-1.633010893897167,-1.1353685674555254,0.23628200864649151,1.0239506187778382,-2.291657563214641,6014,1905,10966.65,0,1251.1493666422286,1676.9594106299269,2.027893349657944,4.0,5.941108885227976,1.0,1.0,1906,6014,0.18407050216162288,0.1993704092339979,135.17000000000007,29.94000000000051,120.96000000000095,-120.95999999999913,14.220000000001164,0.010000000000218279,-0.030000000000654836,7407.679132149536,6008.201990487584,0.0,0.0,0.0
c59b6c4a,4,5499,10.22488809033925,6.834117178814567,6.632398900467258,6.632398900467258,-0.6399728191772738,21.48482468604925,0.00433426032420048,9.924127277203064,10.275418458690055,0.35129118148699057,-0.05053036835080427,0.0,0.43483405369174993,-5.282482730759862,5499,1960,10944.88,0,1091.7709225499138,1231.3842165731612,0.5857264361898753,1.919995996322276,-17.155746746362098,0.7383160574649936,1.0,1961,5499,0.149118021458447,0.14482406935237124,140.54000000000087,40.909999999999854,99.63000000000102,99.63000000000102,-40.909999999999854,0.0,0.030000000000654836,6875.667308428559,5494.3324578148895,1.0,1439.0,530396.6045450518
c6797dd7,4,4664,2.76774585039474,2.139111370550647,1.450748648877851,1.450748648877851,0.8877919678870967,0.0335489331682765,0.0014469076040727574,3.8394091729137387,2.7705601013997083,-1.0688490715140304,-0.002814251004968238,0.0,0.6478360350158444,-1.922716430017783,4664,1616,12033.740000000002,0,1052.3197149633277,1258.5444240472768,1.5459005628756382,3.326789939547549,-5.544754740369781,1.0,1.0,1617,4664,0.149442538593482,0.26777983920841064,113.76000000000022,22.019999999998618,118.4900000000016,-118.30000000000109,-7.300000000001091,0.039999999999054126,-0.06999999999970896,5554.177854125372,4655.938322583527,0.0,0.0,0.0
c96c018a,4,6236,6.2070787415670186,5.482055403033775,-2.8548951611654902,2.8548951611654902,-1.685463762432846,3.8891348738416127,-0.0011313151651503926,6.061537582335035,6.1842852299816995,0.12274764764666468,0.02279351158531906,0.0,1.0406116226606632,0.6719798661908579,6236,1442,11350.13,0,650.3195353054678,1141.7741859160396,0.8987631874787234,2.9120160287598345,10.339281268848392,0.9355355997434252,1.0,1443,6236,0.07456703014753047,0.07276507276507277,230.04999999999927,24.200000000000728,223.36000000000058,-223.36000000000058,6.680000000000291,-0.00999999999839929,-0.040000000000873115,7280.082110548515,6224.996864296612,2.0,402.0,47741.334809395965
c9e980e8,4,4359,2.856904025163011,2.2285188433507344,2.0847060765117305,2.0847060765117305,0.1885583265466266,5.991323420272238,0.0011859393116035264,2.951107953482772,2.8332301474287447,-0.11787780605402753,0.023673877734266213,0.0,0.38462966185220215,-0.4994556834723532,4359,1902,11393.52,0,605.3295895831549,1066.8891121623888,0.1249285086749461,0.8459842509616847,-8.573811308219405,1.0,1.0,1903,4359,0.14888735948612067,0.16184971098265896,156.72999999999956,15.739999999999782,170.3199999999997,-170.3199999999997,-13.610000000000582,-0.020000000000436557,-0.06000000000130967,5628.213617393927,4353.8119056867945,0.0,0.0,0.0
cc8a1d57,4,6638,7.088929355336655,5.178909559691633,-5.163982148820012,5.163982148820012,-3.905139304277327,-13.695054439902378,-0.0010809557901230466,9.464449454959851,7.02929037760556,-2.4351590773542915,0.05963897773109483,0.0757758360952094,1.0475248198187366,-1.5768303592966826,6638,1682,12054.77,0,1027.6229149114197,1620.2511282590951,2.7965317587381,4.0,-21.32286974945051,0.8412172341066586,1.0,1683,6638,0.17414884001205183,0.0962566844919786,197.92000000000007,38.8700000000008,194.8199999999997,194.8199999999997,-3.110000000000582,-0.010000000000218279,0.049999999999272404,7913.898052099908,6630.573267893392,1.0,1054.0,207117.37959778964
d011f41b,4,2267,3.461805732246822,2.9621702370397927,2.916242398089676,2.916242398089676,1.039900424419102,-0.1533759611720597,0.0004684113990437047,5.082747347011709,3.662601583584191,-1.4201457634275174,-0.20079585133736932,0.20379355977062197,0.6356085888107245,2.3855322829731582,2267,1638,11169.75,0,641.4461119416377,920.428196072344,1.0874244376489717,4.0,-1.7549540883944523,1.0,1.0,1639,2267,0.044993383325981476,0.04514948139109213,70.82999999999993,21.899999999997817,76.80999999999767,-76.80999999999767,-5.929999999998472,0.049999999999272404,-0.049999999999272404,3568.2897902359923,2261.9348921221267,0.0,0.0,0.0
d0a0e7b5,4,3816,3.5155107699860797,3.0437579768945953,3.0362619397887753,3.0362619397887753,2.173478208247616,7.5888164865409635,0.00010662109085141443,3.5182502060406176,3.459808647349514,-0.058441558691103346,0.05570212263656549,0.0,0.8248814242747262,2.8328822089897026,3816,1606,10903.08,0,735.8177087431613,1508.2787608728258,1.329695165775104,3.190388203579701,19.30030020682835,1.0,1.0,1607,3816,0.1391509433962264,0.11885500933416304,95.21999999999935,17.98999999999978,111.11999999999898,111.11999999999898,15.920000000000073,0.020000000000436557,0.0,5145.616411547336,3809.0595589201753,0.0,0.0,0.0
d0cb63ae,4,5223,9.701784611703133,8.13705923326939,5.363979397501343,5.363979397501343,-1.212869811428391,1.8037764957607576,0.00018195821668871962,8.883529387199475,9.997152005458675,1.1136226182591997,-0.29536739375554255,0.0,1.6456990870587531,4.888886493727099,5223,1635,11044.69,0,1118.5172501129491,1978.855090905108,1.1003998601607008,3.825293260546984,-13.186442502334796,0.5494926287574191,1.0,1636,5223,0.36358414704192993,0.23288508557457213,352.7399999999998,42.20000000000073,352.71000000000095,352.71000000000095,0.0,0.019999999998617568,0.039999999999054126,6281.160370129821,5205.461394266681,3.0,2353.0,414070.20069377613
d114d9c2,4,6206,5.374048281793546,4.221290578931701,1.9245720010377965,1.9245720010377965,-1.0992431081722316,8.991854119720301,0.0017548728530199773,5.394931905033713,5.42852205024647,0.033590145212757605,-0.054473768452924176,0.0,0.6320284662351869,-3.519921025456682,6206,1336,10965.77,0,1492.675110941679,1838.783020369828,0.666063956967776,2.881039188816238,1.0073478537539795,0.9010634869481148,1.0,1337,6206,0.4666451820818563,0.3335826477187734,112.28000000000065,23.80999999999949,103.05999999999949,103.05999999999949,-7.5,0.0,0.020000000000436557,7309.569974051456,6199.703753382093,1.0,613.0,75596.83204072123
d217e0c5,4,3838,11.025545514778225,8.49456357077577,-8.23661699824536,8.23661699824536,-0.9793102699841256,-25.659537990966783,-0.006330063095078909,10.158010914167559,11.001273961565255,0.8432630473976968,0.024271553212969366,0.0,0.90267264171783,3.907609049663526,3838,1874,11432.02,0,1028.6597086501422,1750.8276511191402,0.897002561827374,2.443028391917325,-12.30741327684786,0.6214174048983846,0.9872329338196978,1875,3838,0.1321000521104742,0.12906666666666666,136.65999999999985,17.919999999998254,126.75,-126.75,9.909999999999854,0.0,-0.030000000000654836,5249.508406070967,3832.8197382343483,1.0,1453.0,420549.14372807194
d24ff243,4,5641,4.540695413154223,3.702487616288896,2.5795439721617943,2.5795439721617943,-1.957342084457196,-3.434246076236377,0.0008738977990629594,2.7540364100172545,4.347990689781898,1.593954279764643,0.19270472337232558,0.3338060627548307,0.7331088440759991,0.11515217880424986,5641,1474,11207.43,0,942.8132298737974,1377.675635046237,3.147709669310841,4.0,-3.632040040475141,0.9501861372097146,1.0,1475,5641,0.2636057436624712,0.14508474576271185,98.6299999999992,16.030000000000655,97.67999999999847,-97.57999999999811,1.0,-0.050000000001091394,-0.010000000000218279,6762.858727939812,5636.833239727719,1.0,281.0,35236.57953111845
d3df146b,4,5787,4.778523150702138,3.70644326796649,3.319373866128175,3.319373866128175,-0.4184375753029599,-6.576503919362949,-0.0009689000458539908,5.6388813264197815,4.899106864269715,-0.7397744621500664,-0.12058371356757736,0.18334197338862968,0.6436176172005572,6.122401698783762,5787,1464,12209.54,0,795.8787119437004,1502.603521575099,2.458560179148069,4.0,20.991151502307225,0.9453948505270434,1.0,1465,5787,0.29428028339381374,0.2136518771331058,168.86000000000058,27.649999999999636,143.22999999999956,-143.22999999999956,25.639999999999418,0.00999999999839929,-0.039999999999054126,6792.829063450859,5777.570908478818,1.0,316.0,37454.282271700315
d463e527,4,4767,6.0438446008681765,5.36855678881421,-1.1781742592169302,1.1781742592169302,1.00408204633095,6.330563757515847,-0.0032750170364322217,7.70204841303861,6.08722016544514,-1.6148282475934703,-0.04337556457696312,0.10635619886721208,0.5596570261349666,6.626191338601054,4767,2223,12211.240000000002,0,1132.8465857520996,1435.12554559687,1.9835212349335836,4.0,1.1199599413081385,0.9288860918816866,1.0,2224,4767,0.05747849800713237,0.0368705035971223,159.1800000000003,31.590000000000146,157.0500000000011,157.0500000000011,-2.1200000000008004,0.00999999999839929,0.00999999999839929,6274.510710600843,4760.193391554631,1.0,267.0,30803.93779437922
d5df0ff5,4,4032,10.049980523722493,8.922911510224136,8.922911510224136,8.922911510224136,0.6362243523435609,19.49553386007028,0.0035167503714987926,13.046818144087936,10.053786795542637,-2.9930313485452995,-0.003806271820144147,0.5059523809523809,0.5692782457333668,1.8349011364683272,4032,1457,12058.95,0,1505.0780201040004,2002.79712495402,4.0,4.0,-3.994637004729416,0.6098710317460317,1.0,1458,4032,0.03521825396825397,0.012345679012345678,178.4400000000005,24.780000000000655,155.6200000000008,155.6200000000008,-22.829999999999927,-0.010000000000218279,0.049999999999272404,5325.829072205142,4025.451709336409,1.0,1573.0,309372.6010895375
d9d6d94d,4,4919,8.676108304669782,6.8931997258634174,3.5147520349021275,3.5147520349021275,1.4835564516051818,12.661252289843103,0.0024029841510669185,9.79073952654148,8.819118961911476,-0.9716205646300029,-0.14301065724169426,0.3557633665379142,0.8242462360334525,-2.394185992571424,4919,1740,12625.34,0,1050.5311308572136,1335.4280786042984,3.1706032260583497,4.0,10.247701792588522,0.8042285017279935,1.0,1741,4919,0.16243138849359626,0.1746122917863297,153.53000000000065,32.5,151.01000000000022,151.01000000000022,-2.349999999998545,-0.019999999998617568,0.040000000000873115,6166.153528194169,4911.045007572217,1.0,963.0,248983.4221910513
da2d4d7c,4,2114,3.942593130849661,3.1097299887701078,3.017543030517176,3.017543030517176,0.1777500083553604,8.9504922824799,0.0038946013901939667,2.5827437408127873,3.9522175669273185,1.3694738261145312,-0.009624436077657617,0.0,0.258092416989253,-1.0971033382227515,2114,1452,12250.56,0,449.2936474348695,743.6088934717525,1.6860259778283078,3.1071584382594457,8.350444541351344,1.0,1.0,1453,2114,0.32024597918637654,0.13695801789401238,64.19000000000051,11.969999999999345,63.14000000000124,-63.14000000000124,1.0799999999999272,0.030000000000654836,-0.040000000000873115,3320.595074421209,2110.9716474884845,0.0,0.0,0.0
da940160,4,5132,1.8859668595849188,1.5893777302107541,0.49756997216143367,0.49756997216143367,0.0550540827316581,1.4174977730672254,0.0005444708112426584,2.204488805639902,1.6433897353821711,-0.5610990702577308,0.24257712420274768,0.0,0.40210473720463613,-0.8992698940816057,5132,1659,11367.19,0,726.5267205167002,971.1401086995093,2.1614106256608108,3.7234358716683422,11.76734798364134,1.0,1.0,1660,5132,0.37587685113016367,0.2246987951807229,111.98999999999978,19.909999999999854,123.59999999999854,123.59999999999854,11.619999999998981,0.010000000000218279,0.020000000000436557,6253.266233331431,5119.65405863516,0.0,0.0,0.0
dbee6c86,4,7369,5.678628072693704,4.9400954932166785,-4.7158515844831825,4.7158515844831825,0.3019115159240755,-9.75564612449125,-0.0007065489233415666,7.90728291300265,5.702513138657185,-2.204769774345465,-0.023885065963480834,0.22187542407382277,1.2737435396161534,-2.1129253508928523,7369,1744,12591.84,0,686.200029473607,1045.773918982888,2.8752008972785625,4.0,-11.308861411702416,1.0,1.0,1745,7369,0.05061745148595467,0.05272206303724929,232.28999999999905,18.590000000000146,231.54999999999927,231.54999999999927,0.039999999999054126,0.0,0.040000000000873115,8625.075884055448,7361.125860906107,0.0,0.0,0.0
df73b8f3,4,5311,9.112831425414118,7.7630276103713545,-5.720378651814314,5.720378651814314,0.9672474611725193,14.070868254157176,0.0005819696782216997,9.260241282588513,9.378166814341473,0.1179255317529595,-0.26533538892735464,0.024289211071361325,1.2841184951329407,-7.265508147492928,5311,1838,12554.65,0,1004.528301069886,2858.8594878943723,0.4055191700522438,4.0,-22.595872538358044,0.606100546036528,1.0,1839,5311,0.6558086989267558,0.5546492659053833,214.6800000000003,45.51999999999862,242.8099999999995,-242.8099999999995,-28.11999999999898,0.010000000000218279,-0.039999999999054126,6641.828868254352,5299.42324198593,2.0,2092.0,349042.65895488823
df8290be,4,3972,2.6543585994556698,2.3629286745045115,-0.3033955806301134,0.3033955806301134,1.5607179402904876,-1.3052005738736625,-0.0019209053940344569,4.758339840842321,2.90807802083409,-1.8502618200082313,-0.2537194213784204,0.34113796576032224,0.618395927739391,3.5105620792253,3972,1702,11220.64,0,720.2834112348107,1319.2510418890918,2.9906138235234114,4.0,9.775249914674491,1.0,1.0,1703,3972,0.6382175226586103,0.5073399882560188,124.69000000000051,38.69000000000051,141.01000000000022,140.89999999999964,16.170000000000073,-0.039999999999054126,0.030000000000654836,5229.72049217962,3964.93915767929,0.0,0.0,0.0
e0079ed1,4,3471,7.93170483180954,6.13784192803896,3.3240450140772184,3.3240450140772184,2.849327669588092,18.107493314399107,0.006787932465843308,6.291147462892965,7.860087903414983,1.5689404405220175,0.07161692839455736,0.40276577355229043,0.6450095024148795,-8.453017814160921,3471,1785,10958.18,0,2383.6945728273085,2675.125490518862,3.1226813124351707,4.0,10.336186984144517,0.7816191299337367,1.0,1786,3471,0.3197925669835782,0.21612541993281076,138.85000000000036,20.980000000001382,142.6700000000019,-142.6700000000019,-3.8000000000010914,0.020000000000436557,-0.030000000000654836,4814.808374516598,3466.97290622509,1.0,758.0,156362.9939125019
e3b34f5b,4,5455,1.6257414267295425,1.3304100622609134,0.14068233723992674,0.14068233723992674,-1.786668844817541,0.232000645422886,0.0005446070671665586,4.464891025160982,2.152746998339006,-2.312144026821976,-0.5270055716094637,0.4791934005499542,0.9647990678927801,-1.3444611349232785,5455,1837,10966.87,0,786.218712715932,3863.7537765916018,3.8857638760819566,4.0,-7.904686285952399,1.0,1.0,1838,5455,0.27296058661778183,0.3280739934711643,169.42000000000007,30.230000000001382,179.53999999999905,-179.53999999999905,-10.100000000000364,0.019999999998617568,-0.049999999999272404,6831.435499983714,5448.329878155279,0.0,0.0,0.0
e5c92e59,4,4295,3.798140749839489,3.1794879743059665,-2.891087896105463,2.891087896105463,0.989689209858625,1.3220007197178347,0.00046745327440582705,6.0520964926724075,3.9516725721030337,-2.1004239205693738,-0.1535318222635449,0.4142025611175786,0.7460761256228748,-3.894710076254774,4295,1631,12205.0,0,514.6922471974111,821.2786652835828,2.8984524209387708,4.0,-14.509359961182364,1.0,1.0,1632,4295,0.38556461001164144,0.2708333333333333,205.61000000000058,26.979999999999563,198.15999999999985,198.15999999999985,-7.420000000000073,0.0,0.019999999998617568,5551.176517538566,4285.09232522474,0.0,0.0,0.0
e85074c5,4,5675,2.373273678080168,2.0134636397041348,1.3411611490402258,1.3411611490402258,0.2061494304962252,4.564230571850203,0.0004323234316038853,1.6102412468047453,2.22878734136238,0.6185460945576349,0.144486336717788,0.0,0.4461786102808644,0.11465957358000255,5675,1560,10992.31,0,658.6518851412566,878.7306916512812,1.6659088842958605,3.5716871856745045,8.046225432345913,1.0,1.0,1561,5675,0.4437004405286344,0.4349775784753363,106.44000000000051,17.0099999999984,101.06000000000131,-101.06000000000131,5.390000000001237,0.010000000002037268,-0.029999999998835847,6764.884530332658,5668.754471848214,0.0,0.0,0.0
eb934281,4,5971,4.2767011576272544,3.3377271097799652,3.0168636005200304,3.0168636005200304,0.5116139752135496,11.256425054445572,0.0016090525719431794,2.8414475580815584,4.383559414273316,1.5421118561917577,-0.10685825664606163,0.1324736225087925,0.6401610782582624,-1.7861583267303585,5971,1840,11944.54,0,500.5609287587918,1021.388711607949,3.0813238509028285,4.0,3.7005459715949622,0.9819125774577124,1.0,1841,5971,0.17300284709428906,0.10374796306355241,152.11999999999898,10.1299999999992,147.28999999999905,147.28999999999905,-4.820000000001528,0.00999999999839929,0.030000000000654836,7336.513171317148,5967.35763676015,0.0,0.0,0.0
ecdab904,4,6147,5.104469807303963,4.06201641300012,0.08791552553508074,0.08791552553508074,3.671101705493129,-15.399650164543344,0.0005675174764580175,5.422486019079359,5.100026363103336,-0.3224596559760231,0.004443444200627589,0.11257523995444932,0.7470559018290026,-1.6560656796204076,6147,2028,12169.8,0,494.9486116000181,766.7498647212179,1.3567045466715573,4.0,6.027852358896699,0.9513583862046526,1.0,2029,6147,0.07027818448023426,0.0645638245441104,220.78999999999905,30.43000000000029,242.36999999999898,242.36999999999898,21.579999999999927,0.0,0.040000000000873115,7492.312340110026,6139.596057600135,1.0,299.0,55249.66316252815
f03f10fe,4,4145,2.4650534228526735,1.9508098883049407,-0.8690458779945405,0.8690458779945405,1.8280196116775187,4.675905232821606,-0.0006759266839018456,4.266215897306935,2.1527143872238206,-2.1135015100831147,0.3123390356288529,0.34813027744270203,1.1355256689386928,0.5314742110500833,4145,1677,11208.85,0,576.8085271560788,947.6490319337436,1.94288293399653,4.0,-8.401098935211833,1.0,1.0,1678,4145,0.2287092882991556,0.15494636471990464,102.94999999999891,24.769999999998618,108.34000000000015,-108.34000000000015,-5.960000000000946,-0.050000000001091394,0.0,5415.69293158342,4138.458989962424,0.0,0.0,0.0
f2d4c8c9,4,6249,18.135184225068855,15.343716450979244,-15.161685359897549,15.161685359897549,-3.070060941057818,-23.37460496441417,-0.004643445585285006,17.446560004910566,17.81106096915261,0.36450096424204403,0.3241232559162448,0.0776124179868779,0.9240184202066821,-0.6555613514671941,6249,1658,10928.72,0,1137.990823962857,1521.59771799242,1.9260367098228663,4.0,-24.329069962585685,0.3290126420227236,0.8108497359577532,1659,6249,0.5621699471915507,0.35804701627486435,151.22000000000116,15.409999999999854,149.51000000000204,149.51000000000204,-1.7099999999991269,0.0,0.039999999999054126,7519.026722443548,6242.131083179649,1.0,4133.0,2002528.9525655448
f6bc699b,4,3752,5.352699677600077,4.066556534454177,-1.1144086207452597,1.1144086207452597,1.0966523055958532,-12.890720098097518,-0.003027017395149566,7.100874631156205,5.20332255124623,-1.8975520799099748,0.1493771263538468,0.20282515991471214,0.9962732445309302,4.562762503857751,3752,1748,10982.67,0,1216.0565087612536,1666.7100635158324,1.4851566945190626,4.0,-2.5243119560452865,0.9506929637526652,1.0,1749,3752,0.3382196162046908,0.2864493996569468,137.38999999999942,29.079999999999927,124.61999999999898,-124.61999999999898,12.760000000000218,-0.010000000000218279,-0.039999999999054126,4972.667659656169,3739.47165392416,1.0,183.0,23605.504122964026
fd8f77fa,4,5272,4.609904599075507,3.036061527313227,2.492107929760727,2.492107929760727,0.9506106530443504,15.643214151265056,0.001457210373790067,6.894937500076802,4.993689866975131,-1.9012476331016712,-0.38378526789962386,0.18323216995447647,0.9636496030564421,-1.3483700103629948,5272,1483,11380.16,0,678.7688387810013,1151.8142582138732,2.415254650106064,4.0,28.99100424792066,0.934370257966616,1.0,1484,5272,0.5058801213960546,0.3578167115902965,196.08999999999833,41.79999999999927,185.17000000000007,-185.17000000000007,10.469999999999345,0.020000000000436557,-0.040000000000873115,6173.4839167047085,5261.526274922453,1.0,346.0,66772.33407345544
febb4411,4,4247,6.544419905146563,4.917785970175346,-2.3707534432171884,2.3707534432171884,0.3736150393051503,-9.257793878921802,-0.002043742055383949,7.008246090045679,6.461623740000129,-0.54662235004555,0.08279616514643351,0.0,0.46289251604890563,1.9681109403629347,4247,2027,12613.23,0,564.155636615253,690.2721885238668,1.37266301521781,3.307495021817375,-19.736862662005294,0.8356486931951966,1.0,2028,4247,0.035083588415352016,0.02514792899408284,116.18000000000029,31.770000000000437,129.98000000000138,-124.18999999999869,-7.989999999997963,0.020000000000436557,-0.039999999999054126,5659.733565177616,4243.726988732686,1.0,605.0,97346.79752478973
fef8af96,4,3826,17.63926834822794,12.606512253781686,12.562723702569938,12.562723702569938,-0.6873221680107235,47.61706313650939,0.010207091130763731,20.627290115020045,17.683817756313356,-2.943472358706689,-0.044549408085416076,0.8050182958703607,0.41799159302465444,-6.958338085015692,3826,1241,11042.3,0,1271.044822695107,1874.6345743236711,4.0,4.0,-35.710716343327384,0.5818086774699425,0.8536330371144799,1242,3826,0.34892838473601673,0.2576489533011272,69.42000000000007,88.76000000000022,157.3000000000011,-157.3000000000011,-87.85999999999876,0.020000000002255547,-0.050000000001091394,4825.600436779261,3819.7923536496282,2.0,1566.0,1111246.1799953275
