well,suffix_rows,posterior_mean_rmse_ft,persistent_episodes,persistent_rows,persistent_row_fraction,has_persistent_episode,top1_joint_path_log_probability,top5_joint_path_log_mass,top1_joint_path_log10_probability,top5_joint_path_log10_mass,top1_surprisal_nats_per_row,top5_surprisal_nats_per_row,top5_vs_top1_log_mass_gain
000d7d20,3836,6.701227791836168,2,513,0.13373305526590198,True,-824.073545724532,-822.4744805488605,-357.8905935906113,-357.1961284086135,0.2148262632232878,0.21440940577394693,1.5990651756715124
00bbac68,6014,4.224995442776048,1,295,0.049052211506484866,True,-1348.8320719193216,-1347.2241714650947,-585.7903258486914,-585.092023553971,0.2242820206051416,0.22401466103510057,1.607900454226865
00e12e8b,4301,7.555206391396678,2,1130,0.26272959776796095,True,-952.0677595208174,-950.4634191165587,-413.4777743578831,-412.78101817321914,0.22135962788207797,0.22098661221031357,1.6043404042586644
015fe0d2,4296,7.181338219795383,1,858,0.19972067039106145,True,-961.5225316383752,-959.9141432903992,-417.58392971619116,-416.8854155319077,0.22381809395679125,0.22344370188324006,1.6083883479759606
01869cd4,5557,7.35219209942589,2,840,0.1511606982184632,True,-1254.2402527622787,-1252.6317180103995,-544.7096207555974,-544.0110429889066,0.2257045623110093,0.22541510131552986,1.6085347518792332
01982c1d,3941,2.7265740763566746,0,0,0.0,False,-856.7883226174459,-855.1791288359508,-372.0984406718998,-371.39957669228346,0.2174037865053149,0.2169954653224945,1.6091937814951507
028d7b28,6234,28.19060949233911,1,4839,0.7762271414821944,True,-1512.997561952773,-1511.3881972807383,-657.0864922891626,-656.3875540927279,0.24270092427859688,0.2424427650434293,1.6093646720346442
02e7fe5a,5108,6.830467428356592,1,652,0.12764291307752546,True,-1099.6393008148757,-1098.035825886745,-477.5672804278505,-476.8709001146931,0.21527785842107983,0.21496394398722493,1.6034749281307086
0390d174,4411,3.8650828831850546,0,0,0.0,False,-975.346331399828,-974.3216167717693,-423.58752967152566,-423.1425017630342,0.22111682870093585,0.22088451978503046,1.0247146280587458
03a935ae,2786,1.1780829861111344,0,0,0.0,False,-749.2434281230774,-747.6340268312899,-325.39228643612813,-324.69333233593693,0.2689315965983767,0.26835392204999636,1.6094012917874352
044af7d1,4519,2.0694637833980973,0,0,0.0,False,-1002.2065823059344,-1000.6014328717456,-435.25278842258444,-434.5556808806861,0.22177618550695605,0.22142098536661775,1.6051494341887746
0498acab,4798,4.790759203860665,1,278,0.05794080867027928,True,-1016.3343197372492,-1014.7442384152965,-441.3883868307825,-440.69782328688103,0.21182457685228204,0.21149317182478045,1.5900813219526526
052d64df,2445,2.9680048041374043,0,0,0.0,False,-523.9538633718937,-522.7671976260403,-227.55027163430375,-227.03490924901604,0.21429605863881132,0.2138107147754766,1.186665745853361
05948241,3879,3.594042652677206,0,0,0.0,False,-865.816795109075,-864.2100656726498,-376.0194564550296,-375.3216627268786,0.22320618590076693,0.22279197362017267,1.606729436425212
059c8f24,6258,4.118796581018192,1,293,0.046820070310003195,True,-1392.4958170156733,-1390.8863791032393,-604.7532494032671,-604.0542793989312,0.2225145121469596,0.2222573312724895,1.6094379124340321
05a0ee4d,4348,5.648677490993058,2,732,0.16835326586936522,True,-956.7759490683056,-955.1756239051526,-415.5225150981118,-414.82750271050355,0.22004966629905834,0.21968160623393576,1.600325163153002
060ab2b8,6258,2.0366166529956273,0,0,0.0,False,-1363.0502234572632,-1361.4427864173615,-591.9651906044837,-591.2670895680475,0.21780923992605675,0.21755237878193695,1.607437039901697
06df5958,3509,2.036227979852899,0,0,0.0,False,-810.3291131364708,-808.726747307336,-351.9214623607251,-351.22556372314153,0.23092878687274745,0.2304721422933417,1.6023658291347829
071d7b45,3211,2.5436333418824115,0,0,0.0,False,-710.365961547008,-708.762262296907,-308.5080172317631,-307.81153949681186,0.2212288886786073,0.22072944948517814,1.6036992501010445
0849b4e2,5537,2.0201150354290243,0,0,0.0,False,-1400.5933033104925,-1398.9841095178215,-608.2699430183943,-607.5710790339243,0.25295165311730045,0.25266102754520886,1.6091937926710216
084d66f9,3885,17.54911908992119,1,713,0.18352638352638354,True,-844.7855044004343,-843.182602315032,-366.88568295296386,-366.1895514222424,0.21744800628067806,0.21703541887130812,1.6029020854023202
08fecf00,5574,9.560825135718499,2,1904,0.3415859346968066,True,-1198.560171429372,-1196.9553694796612,-520.5280686807918,-519.8311120494848,0.2150269414117998,0.2147390329170544,1.604801949710918
09053135,5907,14.484388663850035,1,2792,0.47265955645843916,True,-1287.8402421589258,-1286.2318537394758,-559.301910742569,-558.6033965272447,0.21801934013186486,0.21774705497536412,1.608388419449966
09441b8d,5488,12.225308608524484,2,2567,0.46774781341107874,True,-1245.9922600456684,-1244.384066808114,-541.1275630319954,-540.4291335830914,0.2270394059849979,0.22674636785862137,1.6081932375543602
0955cd6c,5195,3.6068305144492108,0,0,0.0,False,-1099.5116823087335,-1097.9959990942084,-477.5118564148442,-476.85360355846257,0.21164806204210462,0.21135630396423646,1.5156832145250974
09ec2ca9,5885,8.64047175686752,1,2162,0.367374681393373,True,-1221.5672599534832,-1219.9614802410954,-530.5199202714729,-529.8225390032306,0.20757302633024355,0.2073001665660315,1.6057797123878572
0a57a29c,5821,3.8697687809163135,0,0,0.0,False,-1255.8834773193555,-1254.2753085757697,-545.4232641132637,-544.7248453019552,0.2157504685310695,0.21547419834663628,1.608168743585793
0bbf5e67,4298,2.9772974378920614,0,0,0.0,False,-946.4825660049544,-944.8784641890713,-411.05215563358195,-410.355503066533,0.22021465007095262,0.21984142954608454,1.6041018158830411
0be01c24,4738,1.7806628591542975,0,0,0.0,False,-1044.879441609861,-1043.2738341929246,-453.7853757453136,-453.0880693040352,0.2205317521337824,0.2201928734050073,1.6056074169364365
0c1b160c,5054,6.175658216398278,2,444,0.08785120696478037,True,-1055.0266341367392,-1053.4233891499757,-458.1922454665467,-457.4959650156563,0.2087508179930232,0.20843359500395245,1.6032449867634568
0d99f8e4,5823,3.156176316697604,0,0,0.0,False,-1280.5424229058078,-1278.9398789704398,-556.1325081110125,-555.4365321228747,0.21991111504478925,0.21963590571362526,1.6025439353679758
0dc5e64d,4879,6.453820996626507,2,648,0.1328141012502562,True,-1174.427455350854,-1172.818261567124,-510.0473632545535,-509.3484992739665,0.24071068976242138,0.24038086935173683,1.6091937837300065
0dc835f3,4428,7.285986300335432,3,791,0.17863595302619692,True,-968.9685061972756,-967.3592880012709,-420.8176753795136,-420.1188007968105,0.21882757592531066,0.21846415718185883,1.60921819600469
0dd99dc5,7342,5.972848114305866,1,525,0.0715064015254699,True,-1599.0790589188168,-1597.471353819423,-694.471211415487,-693.7729939622925,0.2177988366819418,0.21757986295551934,1.6077050993937974
0e5e560d,3253,13.387604532352587,1,2689,0.8266215800799263,True,-709.8788241163386,-708.2712864216458,-308.29645613369485,-307.5983113834383,0.21822281712767863,0.21772864630238112,1.6075376946928372
109d9d70,4215,16.40328471042567,1,2679,0.6355871886120996,True,-931.8954372772204,-930.2873652019388,-404.7170461203147,-404.0186692915172,0.22109025795426343,0.22070874619263078,1.6080720752815978
10a1281a,5609,11.925819595345565,1,3087,0.5503654840435015,True,-1130.8335084983028,-1129.2242170660713,-491.1147526921069,-490.4158463033146,0.20161053815266586,0.20132362579177596,1.60929143223143
10b89021,5414,1.2465590040106107,0,0,0.0,False,-1197.6192293700365,-1196.0100355892864,-520.1194227366317,-519.4205587573389,0.2212078369726702,0.2209106087161593,1.6091937807500472
10be2420,3271,3.990434618019694,0,0,0.0,False,-695.7699234740265,-694.1615716800846,-302.1690384390175,-301.4705401299493,0.21270862839316004,0.21221692805872353,1.6083517939418925
113011eb,3272,26.157974325198587,1,1866,0.5702933985330073,True,-709.4165739356409,-707.8119634138578,-308.0957034309591,-307.3988299357448,0.21681435633729856,0.2163239496986118,1.6046105217831155
1131525f,4159,3.4000858099770777,1,195,0.04688627073815821,True,-883.4673743613215,-881.8645174796936,-383.6850056266763,-382.9888937277047,0.21242302821863945,0.2120376334406573,1.602856881627872
11d0f5ac,4883,21.160938807287597,1,3537,0.7243497849682572,True,-1036.0173206392576,-1034.4138094823707,-449.93660550982145,-449.24020946271514,0.21216820000803965,0.21183981353314985,1.6035111568869524
12203f2a,3261,6.518745686048947,1,210,0.06439742410303588,True,-763.4360101635166,-761.8283291340257,-331.5560465002501,-330.85783950048165,0.2341110120096647,0.23361800954738599,1.607681029490891
122bd617,4570,18.028585620074114,1,2076,0.45426695842450765,True,-1004.66246414075,-1003.0559300992774,-436.3193643516513,-435.62165548245,0.21983861359753828,0.21948707441997317,1.606534041472628
125be846,6510,6.506247801645161,1,957,0.14700460829493087,True,-1504.1649948019008,-1502.5566064926772,-653.2505571144989,-652.5520429470454,0.23105453069153623,0.23080746643512706,1.6083883092235283
1285a37b,5597,5.7342189850845555,1,697,0.12453099874933,True,-1279.0628325476175,-1277.4535411034665,-555.4899301829732,-554.7910237890044,0.2285265021525134,0.22823897464775172,1.6092914441510402
1295a25b,5551,3.8968033141855725,0,0,0.0,False,-1255.918124488335,-1254.308808640253,-545.4383111875651,-544.7393941951036,0.22625078805410467,0.22596087347149216,1.609315848082133
12f0cd90,5947,7.024485009894812,1,1234,0.20749957961997645,True,-1211.6148274766977,-1210.0054872193214,-526.1976337652902,-525.4987061720069,0.20373546787904787,0.20346485408093515,1.6093402573762887
137d1e44,4554,21.997694489838054,1,2544,0.5586297760210803,True,-1002.8843668209454,-1001.2756855614604,-435.5471464973732,-434.8485051032377,0.2202205460739889,0.21986730029895923,1.6086812594850244
13ce113d,2966,4.084547248519499,0,0,0.0,False,-658.2876105322337,-656.6793930956381,-285.890676759426,-285.192236801012,0.22194457536487985,0.22140235775308098,1.6082174365955098
13f598d9,7306,3.590471490852199,1,403,0.05516014234875445,True,-1621.2069814026363,-1619.6004950599433,-704.0812460461926,-703.3835578923082,0.2219007639478013,0.22168087805364678,1.6064863426929605
14a53cb3,6919,2.320551193642998,0,0,0.0,False,-1600.7289561474463,-1599.1204946127204,-695.1877526775883,-694.4892067087031,0.23135264577936787,0.23112017554743755,1.6084615347258477
14ab73fb,3649,3.1112903283134643,0,0,0.0,False,-827.3651644080721,-825.7559218033695,-359.3201254214024,-358.6212402381364,0.22673750737409484,0.2262964981648039,1.609242604702672
14ad5efb,5842,3.488641940621939,0,0,0.0,False,-1354.891512835159,-1353.2824898408116,-588.4219076018584,-587.7231177941579,0.2319225458464839,0.2316471225335179,1.6090229943472423
14fee784,4910,13.369241809249198,1,965,0.19653767820773932,True,-1062.3490205122027,-1060.7407786044878,-461.3723174637741,-460.67386687768794,0.2163643626297765,0.2160368184530525,1.6082419077149552
153552f5,4695,12.395628482232988,2,2940,0.6261980830670927,True,-1034.9426625355095,-1033.3352013173528,-449.46988742543107,-448.77177588851214,0.2204350718925473,0.2200926946362839,1.6074612181566863
1550491d,4563,17.715228477937515,1,2092,0.4584703046241508,True,-1092.4589864610452,-1090.8496706159433,-474.4489095256512,-473.74999253448397,0.23941682806509867,0.23906413995528014,1.6093158451019463
155887bb,5585,2.7027185987515514,0,0,0.0,False,-1310.1884839929835,-1308.5795587299635,-569.0076288513396,-568.3088814878154,0.2345905969548762,0.23430251723007403,1.6089252630199553
1590af81,3799,7.129890734388088,1,971,0.25559357725717297,True,-907.0366762746468,-905.4337015637807,-393.9210233899452,-393.22486031838565,0.2387566928861929,0.23833474639741528,1.6029747108660786
15e154a1,6068,6.11677182498391,2,677,0.11156888595912987,True,-1338.8800442503618,-1337.2726561760458,-581.4682151483137,-580.7701353773612,0.22064601915793702,0.22038112329862322,1.607388074316077
1619e2ca,4443,1.6325176422272003,0,0,0.0,False,-909.0978652295504,-907.4902801588217,-394.8161863792198,-394.1180210538123,0.2046135190703467,0.20425169483655678,1.6075850707286463
16e4a047,4131,1.9802637206727833,0,0,0.0,False,-879.83318632056,-878.2257493677494,-382.1066978143748,-381.40859681576177,0.21298310005339144,0.21259398435433294,1.6074369528106445
173ed841,4883,21.113139352175384,1,3558,0.7286504198238788,True,-1101.972064640292,-1100.3644325954133,-478.5803868848123,-477.8822011587906,0.22567521291015605,0.22534598250981228,1.6076320448787556
1770d7c6,7240,10.621502099011064,1,1317,0.1819060773480663,True,-1666.2453669105562,-1664.6364171363443,-723.6411683461137,-722.9424103375139,0.2301443876948282,0.22992215706303099,1.608949774211851
177622d7,3154,4.95365251124907,1,262,0.08306911857958148,True,-669.5047748801712,-667.8996413890216,-290.7622293383372,-290.06512872041276,0.21227164707678225,0.2117627271366587,1.6051334911496724
18d24f7b,4558,5.685432186575362,0,0,0.0,False,-1049.7852383160414,-1048.1771913715256,-455.9159361841469,-455.21757026950235,0.2303170772961916,0.22996428068703942,1.6080469445157632
19137a89,6267,7.2329624277202695,2,1416,0.22594542843465773,True,-1555.5616269883328,-1553.9545805433647,-675.5718308614775,-674.8738994582656,0.24821471628982492,0.2479582863480716,1.6070464449680912
1944513c,4722,1.6418461827505293,0,0,0.0,False,-997.5910364258148,-995.9831604905897,-433.2482823158772,-432.5499906696239,0.2112645142790798,0.21092400688068397,1.6078759352250245
197f8a5a,6310,19.629299650434955,2,4704,0.7454833597464342,True,-1399.7450027955483,-1398.135784599544,-607.9015307857584,-607.2026562030554,0.2218296359422422,0.221574609286774,1.609218196004349
19871e7f,5293,11.033533714391924,1,3461,0.6538824863026639,True,-1109.9577063074255,-1108.3518277249648,-482.04850699530505,-481.35108278833576,0.20970294848052626,0.20939955180898637,1.6058785824607185
198a5607,6251,2.9370818103808247,0,0,0.0,False,-1365.2670053688323,-1363.6579823178872,-592.9279267562611,-592.2291369239805,0.21840777561491478,0.21815037311116417,1.6090230509450976
19fb4f7b,5620,7.238800035146937,1,1005,0.17882562277580072,True,-1267.5488507732412,-1265.9411946503094,-550.4894714336269,-549.7912752506397,0.2255425001375874,0.22525644032923656,1.6076561229317576
1a518997,4606,0.551826641540878,0,0,0.0,False,-1034.9574334630015,-1033.3488742857364,-449.4763023577334,-448.7777139832324,0.22469766249739503,0.22434843123876172,1.6085591772650787
1a68190b,4474,13.060903343649686,1,2155,0.4816718819848011,True,-1012.0557705188638,-1010.4487709986763,-439.53023651468624,-438.83232549064763,0.2262082634150344,0.225849077111908,1.6069995201875145
1a730ac2,4605,1.5604051438917963,0,0,0.0,False,-1059.030360156274,-1057.4238241474686,-459.93104158388314,-459.2333318602801,0.22997401957790964,0.22962515182355453,1.6065360088052785
1aaf1da0,4804,5.994103596270754,2,357,0.07431307243963364,True,-1036.6116047852825,-1035.00309443854,-450.19469983512266,-449.49613266744814,0.21578093355230693,0.2154461062528185,1.6085103467423778
1b08ed48,5618,2.160276862826877,0,0,0.0,False,-1244.1633041768046,-1242.5569888419247,-540.3332575905032,-539.6356437043684,0.221460182302742,0.22117425931682533,1.6063153348798096
1b1c5372,4261,25.069918087397483,1,2159,0.506688570758038,True,-936.525592017004,-934.9290075161641,-406.7278967741609,-406.0345089355539,0.2197900943480413,0.21941539721102185,1.5965845008398674
1b1eba53,4655,18.45271596902519,1,4263,0.9157894736842105,True,-1162.1019582543286,-1160.4947411141372,-504.694467878818,-503.99646234361256,0.2496459631051189,0.24930069626512077,1.6072171401913238
1b6ba517,6597,10.765365792983497,1,1023,0.1550704865848113,True,-1421.7052875732982,-1420.0986806441842,-617.4387612857591,-616.7410207618574,0.2155078501702741,0.21526431417980663,1.6066069291139229
1b82b665,3806,12.94131078957287,1,2028,0.5328428796636889,True,-811.0219034210855,-809.4184866831168,-352.22233735844947,-351.52598231695833,0.21309035822939715,0.21266907164559035,1.6034167379687005
1bcb2fcf,4524,7.818548426612383,1,590,0.1304155614500442,True,-984.2766827609672,-982.6681723009734,-427.4659319891256,-426.7673647722666,0.21756779017704847,0.21721223967749193,1.608510459993795
1beca81d,5036,7.14270188903448,4,1357,0.2694598888006354,True,-1073.6900142474465,-1072.0815281276482,-466.29764846228977,-465.59909181624346,0.21320294166946913,0.21288354410795238,1.6084861197982718
1d3fbf02,2694,17.10199074533982,1,2078,0.771343726800297,True,-581.6361744009804,-580.1719977412711,-252.6013810176632,-251.9654971738199,0.21590058441016347,0.21535708899082073,1.4641766597093238
1d78281a,4949,12.69344914529677,1,2175,0.43948272378258235,True,-1164.0104778647303,-1162.4026751085403,-505.5233274142196,-504.8250675492174,0.23520114727515262,0.23487627300637307,1.6078027561900399
1e30dedf,4071,12.204052173152947,1,634,0.15573569147629576,True,-842.7003890183986,-841.0946587786549,-365.98012884841415,-365.28276906586825,0.20700083247811313,0.20660640107557232,1.605730239743707
1e5e3573,5480,5.6011359766662725,1,467,0.08521897810218979,True,-1191.605775744434,-1189.9975581208598,-517.5078130098514,-516.8093729702335,0.21744630944241494,0.2171528390731496,1.6082176235740917
1f9afacb,5328,2.7942498073500666,0,0,0.0,False,-1121.8781380800897,-1120.272529394893,-487.2254847360773,-486.5281777440004,0.21056271360362044,0.21026136062216458,1.6056086851967848
1fdbba44,4911,13.478658888762977,3,3057,0.6224801466096518,True,-1156.1951448108343,-1154.5857801387997,-502.12917139467646,-501.4302331982418,0.23542967721662275,0.2351019711135817,1.6093646720346442
1fee2b62,4641,14.118279771193716,1,2532,0.5455720749838396,True,-1005.4498287701556,-1003.8425865823837,-436.66131246544796,-435.9632960522165,0.21664508269126387,0.2162987689253143,1.6072421877719307
20096916,5133,2.5695718061667243,0,0,0.0,False,-1122.010530064686,-1120.402336967217,-487.2829818444357,-486.58455245637003,0.21858767388752892,0.21827436917343015,1.608193097468984
200d233d,3926,7.651503359510212,1,497,0.12659195109526236,True,-914.5012267863176,-912.8930336322112,-397.16283648705195,-396.464407074389,0.2329345967361991,0.2325249703597074,1.6081931541064023
201661b5,5955,5.477121007033927,1,555,0.09319899244332494,True,-1333.314121726332,-1331.7049035303276,-579.0509657094265,-578.3520911267235,0.22389825721684833,0.22362802746101218,1.609218196004349
203721ab,5730,2.4293501122946717,0,0,0.0,False,-1310.4358692953172,-1308.8266510993126,-569.1150669230472,-568.4161923403441,0.2286973593883625,0.22841651851645944,1.6092181960045764
20402d71,6372,5.825136660358722,2,783,0.1228813559322034,True,-1478.2186678025691,-1476.6105479085213,-641.9822104730318,-641.283812876808,0.23198660825526823,0.23173423539054006,1.6081198940478316
2043abc5,6958,28.364589789367546,1,6666,0.958033917792469,True,-1506.221093099181,-1504.614749959941,-654.1435092592584,-653.4458832978434,0.2164732815606756,0.21624241879274805,1.6063431392399252
204cc64b,4805,4.2993500749063225,0,0,0.0,False,-1027.7517557410554,-1026.2251173318343,-446.34691628471904,-445.6839056477328,0.21389214479522484,0.21357442608362837,1.52663840922105
206b6193,6535,9.621649296649833,1,2705,0.4139250191277735,True,-1491.1680391529417,-1489.5589917987531,-647.6060509946146,-646.9072506075696,0.22818179635087096,0.22793557640378778,1.609047354188533
2075c696,3188,2.9596542389944522,0,0,0.0,False,-716.019251474058,-714.4136411158519,-310.9632098516802,-310.26590213302455,0.22459825955898935,0.22409461766494726,1.6056103582061496
22c5f93f,5172,6.711168008987562,2,1094,0.21152358855375097,True,-1115.7538269601955,-1114.1485844882031,-484.56573021124854,-483.86858226354553,0.2157296649188313,0.21541929321117617,1.6052424719923692
230eaaa3,4690,4.247930507316385,1,324,0.06908315565031983,True,-1030.734589157791,-1029.1253465411683,-447.64234437804396,-446.9434591896011,0.2197728335091239,0.21942971141602735,1.6092426166228506
2364716c,4316,4.475461094100625,0,0,0.0,False,-915.4555806898334,-913.8478747391305,-397.5773071211317,-396.8790892982184,0.21210740979838585,0.21173491073659187,1.6077059507028935
23b9beb0,7340,1.185296530892005,0,0,0.0,False,-1602.4753390287228,-1600.8669262786082,-695.9461971262169,-695.2476723442193,0.2183208908758478,0.21810176107337986,1.6084127501146668
24d8997e,3442,0.7262961721783977,0,0,0.0,False,-858.6767338475908,-857.0686628621144,-372.9185672487159,-372.22019089321475,0.2494702887413105,0.24900309786813316,1.6080709854763882
25050f63,6124,3.3851938659405056,0,0,0.0,False,-1467.058293647411,-1465.4496124654074,-637.135321561471,-636.4366802009853,0.23955883305803574,0.23929614834510246,1.6086811820034654
25939962,4319,3.587417146732708,0,0,0.0,False,-958.7184294881026,-957.1089915756685,-416.36612362563477,-415.6671536212987,0.22197694593380474,0.22160430460191444,1.6094379124341458
25fd32b3,2885,0.9931505339149881,0,0,0.0,False,-680.0138519186944,-678.4049998717841,-295.326263506064,-294.62754793989205,0.23570670777077796,0.23514904674931858,1.6088520469103287
261785ee,3646,6.9376741843043135,1,776,0.21283598464070214,True,-851.4392810077086,-849.831770809744,-369.77538141732003,-369.0772486087408,0.2335269558441329,0.23308605891655074,1.6075101979646433
264feceb,5665,1.726910199646518,0,0,0.0,False,-1347.9309134126277,-1346.3217928573758,-585.3989576819141,-584.7001255040511,0.23794014358563595,0.23765609759176978,1.6091205552518204
26623a50,5735,9.021677141345622,1,2244,0.39128160418483,True,-1253.1868823564807,-1251.5774932674035,-544.2521478009592,-543.5531990003376,0.21851558541525384,0.21823495959327,1.60938908907724
26d3a96a,4721,4.776352273749008,0,0,0.0,False,-906.3673178602152,-904.7599788256126,-393.6303247241421,-392.93226625086646,0.19198629905956685,0.19164583326109141,1.6073390346025462
272abef3,4135,5.398987873322884,1,221,0.05344619105199516,True,-997.3505844136804,-995.7432195572534,-433.1438553338447,-432.44578564629325,0.24119723927779455,0.24080851742617979,1.6073648564270115
27300fd5,5467,11.369410635291855,4,2204,0.4031461496250229,True,-1352.7068316896475,-1351.0995167973747,-587.4731126356447,-586.7750646472497,0.24743128437710765,0.24713728128724616,1.607314892272825
276b012a,4837,19.026848663775738,3,3543,0.7324788091792434,True,-1077.616526047817,-1076.007088135383,-468.0029108703187,-467.3039408659827,0.22278613315026194,0.22245339841541925,1.6094379124340321
27c3155b,4958,7.742701418451653,1,1330,0.2682533279548205,True,-1111.5752677602338,-1109.96665967143,-482.75100500839915,-482.0523953918867,0.2241983194353033,0.223873872462975,1.6086080888037486
27ebb9b9,5766,3.2235532836725795,1,168,0.029136316337148804,True,-1284.182627270866,-1282.573189358432,-557.7134287797575,-557.0144587754215,0.2227163765644929,0.22243725101603054,1.6094379124340321
283269ac,2626,1.7040170609035203,0,0,0.0,False,-540.7450934103688,-539.1438844641334,-234.8426101843816,-234.14721397465746,0.20591968522862483,0.20530993315465856,1.6012089462353742
28473855,4290,2.0922765450642524,0,0,0.0,False,-955.3338659130102,-953.7247209377374,-414.8962263413214,-414.19738355797807,0.2226885468328695,0.22231345476404135,1.609144975272784
28f4eda9,5266,2.1062399938849246,0,0,0.0,False,-1191.908733431914,-1190.3012478784403,-517.6393858617741,-516.9412637561613,0.22634043551688454,0.22603517810072926,1.6074855534736798
29b24409,5587,2.7249193084575745,0,0,0.0,False,-1188.361939707385,-1186.7563325347078,-516.0990329187622,-515.4017265835641,0.2127012600156408,0.21241387731066902,1.6056071726773098
29de15c8,3431,11.376492163950335,1,1327,0.3867677062081026,True,-801.7711904375079,-800.1628997308794,-348.2048037560109,-347.5063319768259,0.2336844040913751,0.2332156513351441,1.6082907066285088
2ab29395,1852,2.409087013117503,0,0,0.0,False,-380.4443174579699,-378.95699625712086,-165.2248677434453,-164.57893235309882,0.20542349754749994,0.20462040834617756,1.48732120084901
2ac7cb6b,4990,4.113173723502282,0,0,0.0,False,-1182.7862015912172,-1181.1772518944717,-513.6775206223728,-512.9787626474164,0.2370313029240916,0.2367088681151246,1.6089496967454124
2acc78d4,4266,2.9912583691446706,0,0,0.0,False,-938.6739983850316,-937.0646581246754,-407.6609378046811,-406.96201021010364,0.22003609901196242,0.2196588509434307,1.609340260356248
2b034622,5203,8.980678973082087,2,1910,0.36709590620795696,True,-1144.7264023777911,-1143.1196001327937,-497.14835984163614,-496.450534493124,0.22001276232515687,0.21970394006011795,1.606802244997425
2b06ad65,4256,1.9345430991951154,0,0,0.0,False,-949.9436404197388,-948.3368378680105,-412.5552811533794,-411.8574556716557,0.22320104333170554,0.22282350513816038,1.606802551728265
2b547943,3480,3.554667795356418,0,0,0.0,False,-732.0968481612024,-730.5021584499636,-317.945621375173,-317.2530564332341,0.21037265751758688,0.2099144133476907,1.5946897112387433
2be5c96a,4210,8.742228096593745,2,1179,0.2800475059382423,True,-910.3476487849904,-908.739052947293,-395.3589604809208,-394.6603561849963,0.2162345959109241,0.21585250663831188,1.6085958376974077
2bff06cf,7624,14.217687451151157,2,4367,0.5727964323189927,True,-1630.1274620814995,-1628.518512366866,-707.9553615809475,-707.2566035982223,0.2138152494860309,0.21360421201034444,1.6089497146335816
2c0c4a4e,4790,1.3662482768966488,0,0,0.0,False,-1061.0272888079526,-1059.423557472759,-460.79829667806166,-460.1018050087318,0.2215088285611592,0.221174020349219,1.6037313351935154
2cee0cba,5500,1.896973571076711,0,0,0.0,False,-1220.4789046618575,-1218.8704673879934,-530.0472535739697,-529.3487181414429,0.22190525539306502,0.22161281225236243,1.6084372738641832
2d0c268a,4550,5.917720152810325,1,414,0.090989010989011,True,-989.0423738502702,-987.4423315860198,-429.53564533166536,-428.84075580548944,0.21737195029676268,0.2170202926562681,1.600042264250419
2d179ded,7008,2.001560921961236,0,0,0.0,False,-1504.0710487314664,-1502.4636851409841,-653.2097568545128,-652.5116877167541,0.21462201037834852,0.2143926491354144,1.6073635904822368
2d196986,6474,12.564957649039645,2,2630,0.40624034599938214,True,-1605.1998597696804,-1603.5912517136474,-697.1294414498458,-696.4308318475655,0.24794560700798277,0.24769713495731346,1.608608056033063
2d2d0c6b,5045,2.6530384815786645,0,0,0.0,False,-1101.950592139828,-1100.3432772445317,-478.5710614963481,-477.87301350664,0.21842429973039204,0.21810570411189925,1.6073148952962129
2d35f86d,4896,19.161176362610526,1,2531,0.516952614379085,True,-1061.0779256179403,-1059.476166628185,-460.82028796522053,-460.12465287463084,0.21672343252000414,0.21639627586359986,1.6017589897553535
2d9f6cb9,7338,1.8785274880984797,0,0,0.0,False,-1709.8040158160456,-1708.1954564451771,-742.5584492049288,-741.859860746347,0.23300681600109643,0.23278760649293773,1.6085593708685337
2ddad940,5331,8.71239506323065,2,1879,0.35246670418308007,True,-1146.6279632531853,-1145.0185497536215,-497.97419723682293,-497.2752378348618,0.215086843604049,0.21478494649289467,1.6094134995637432
2e29e833,5428,4.576879372034505,0,0,0.0,False,-1164.767116337082,-1163.1630657967835,-505.85193132755757,-505.15530102921207,0.214584951425402,0.214289437324389,1.6040505402984309
2e43c2ea,5698,2.585972473582339,0,0,0.0,False,-1292.8843138665484,-1291.2753397813656,-561.4925232515138,-560.7937546847936,0.22690142398500324,0.2266190487506784,1.6089740851828083
2e63d9de,4699,26.088271541906693,1,3428,0.7295169184932965,True,-1080.531948115116,-1078.9236572565392,-469.2690625865656,-468.5705907413903,0.22994933988404254,0.22960707751788448,1.6082908585767655
2ee0235b,5556,3.1271837522085124,0,0,0.0,False,-1270.7337570967188,-1269.124392424684,-551.8726586752921,-551.1737204788574,0.22871377917507538,0.22842411670710655,1.6093646720348715
2f19d536,3088,3.0660602765592904,0,0,0.0,False,-641.8064816909141,-640.202442968621,-278.7330134481044,-278.03638828225337,0.2078388865579385,0.20731944396652233,1.6040387222931258
2f8e53c3,2594,4.660590331239038,1,273,0.10524286815728605,True,-544.1379596214565,-542.5412924654869,-236.316113257693,-235.62268952241922,0.2097679104169069,0.20915238722647914,1.5966671559696124
2fa01aa6,2174,3.210360227901671,0,0,0.0,False,-568.7665629876839,-567.1572349359978,-247.0121797966294,-246.31325750421004,0.2616221540881711,0.2608818927948472,1.6093280516860204
2fd68f7b,4730,5.945231277678433,1,211,0.04460887949260042,True,-1062.1505398989862,-1060.5422004017837,-461.28611842868935,-460.58762546002725,0.22455613951352774,0.22421611002151876,1.6083394972024507
2fe023be,4221,0.840219299160765,0,0,0.0,False,-978.6247275665036,-977.0154361312917,-425.0113190362056,-424.3124126461189,0.23184665424461112,0.2314653959088585,1.6092914352118441
30d75030,3404,3.7112256867375173,0,0,0.0,False,-780.307598617852,-778.7017964305977,-338.8832842669106,-338.1858932379579,0.22923254953520916,0.22876080976222024,1.6058021872543122
310c71a5,5245,2.8794639614420103,0,0,0.0,False,-1179.577455422423,-1177.9687742314832,-512.2839798674373,-511.58533850307055,0.22489560637224462,0.22458889880485855,1.608681190939933
32fe84c9,6408,3.6201834612556922,0,0,0.0,False,-1540.1788218909342,-1538.5703359916129,-668.891163491484,-668.1926069411895,0.2403525002950896,0.24010148813851637,1.6084858993212947
33c40295,4169,10.84190552676806,3,1574,0.37754857279923243,True,-977.2316484873348,-975.6232355346912,-424.40631247926774,-423.7077876093129,0.2344043292126013,0.23401852615367982,1.6084129526436755
3407f5bf,3638,24.098206071385967,1,1685,0.46316657504123143,True,-820.0500834286001,-818.4419512642274,-356.1432261173423,-355.4448231921841,0.22541233739103908,0.22497029996267934,1.6081321643727051
3417285d,5449,1.3742992483861034,0,0,0.0,False,-1302.4364152083726,-1300.8276607925295,-565.6409481548487,-564.9422749893106,0.23902301618799277,0.23872777771931172,1.6087544158431228
347242c8,3595,9.888616810949575,1,1699,0.47260083449235046,True,-760.3662282222217,-758.764130646717,-330.2228571424995,-329.52707500598723,0.21150660033997823,0.21106095428281418,1.602097575504672
353e5502,6062,26.489692563334426,1,4309,0.7108215110524579,True,-1449.6454545746994,-1448.0360166622654,-629.573021637923,-628.874051633587,0.23913649861014508,0.23887100241871748,1.6094379124340321
357c12f9,4079,0.8225192825410622,0,0,0.0,False,-907.3628452196403,-905.7547496573956,-394.0626767629241,-393.36428973386813,0.22244737563609718,0.22205313794003323,1.6080955622447846
3584a6eb,4494,3.0137222756078335,0,0,0.0,False,-1017.7347849948832,-1016.12654296802,-441.99660116427015,-441.2981505264386,0.22646523920669406,0.2261073749372541,1.608242026863195
35b30c7f,9579,2.598983460243768,0,0,0.0,False,-2060.5153137718,-2058.906071167097,-894.8704306482401,-894.171545464974,0.21510755963793712,0.21493956270666006,1.609242604703013
35b3ef6a,3904,12.263885228613772,1,2356,0.6034836065573771,True,-886.3318689112228,-884.7314027395314,-384.9290398031404,-384.233966176302,0.22703172871701405,0.22662177324270785,1.600466171691437
367456ce,5569,5.229156030726153,0,0,0.0,False,-1287.9956091957893,-1286.386268935433,-559.3693857893485,-558.670458194771,0.2312795132332177,0.2309905313225773,1.609340260356248
368131f9,4991,25.647477876493465,2,3719,0.7451412542576638,True,-1083.4257128547372,-1081.8165678943635,-470.5258086449093,-469.8269658680366,0.2170758791534236,0.2167534698245569,1.6091449603736692
368fe682,4936,5.161563556211779,0,0,0.0,False,-1085.1135942649958,-1083.5069367747435,-471.2588462274917,-470.5610837451666,0.21983662768739784,0.2195111298166012,1.6066574902522461
3690a146,4073,5.4349606073513455,1,552,0.13552663884114902,True,-948.4708829061954,-946.8628602210823,-411.91567069206593,-411.21731531314606,0.2328678818821987,0.23247308132115943,1.608022685113042
37344c2a,5197,14.11926276028184,2,3005,0.578218202809313,True,-1138.100411593955,-1136.492291732685,-494.27072860707426,-493.57233102508576,0.2189918051941418,0.21868237285601022,1.60811986126987
373ef48b,3509,3.0799203082132744,0,0,0.0,False,-820.9422248482069,-819.334860132137,-356.53067821295485,-355.8326085863597,0.23395332711547648,0.23349525794589257,1.6073647160699238
374be387,9965,3.4005952419537304,0,0,0.0,False,-2150.3074452892724,-2148.700203736272,-933.8666578846095,-933.1686417470559,0.21578599551322353,0.2156247068475938,1.6072415530002218
37d36812,4367,6.974857588630117,2,675,0.15456835356079687,True,-968.0701758626956,-966.4630807600424,-420.4275354722792,-419.72958293730323,0.22167853809541918,0.22131052914129665,1.6070951026531475
38991fd4,4798,19.235440384663406,1,4360,0.9087119633180492,True,-1019.8108946097336,-1018.2030187162296,-442.89824411382597,-442.19995248569194,0.21254916519585945,0.21221405142063976,1.6078758935040014
389ae58f,6463,7.873985267566128,2,1040,0.16091598328949405,True,-1505.6707102240016,-1504.0626392504414,-653.9044810136339,-653.206104663308,0.23296777196719815,0.232718960119208,1.6080709735601886
3932faa6,5452,8.434710765572985,1,1021,0.1872707263389582,True,-1353.9939552433311,-1352.3846638110995,-588.0321032925372,-587.3331969037448,0.24834812091770564,0.24805294640702485,1.6092914322316574
398dce4b,3166,2.17719058958842,0,0,0.0,False,-695.5332417167837,-693.9266590231788,-302.06624885787977,-301.3685188593259,0.21968832650561707,0.2191808777710609,1.606582693604878
39b51819,4231,1.921442228718035,0,0,0.0,False,-957.5551501671364,-955.9462248832572,-415.86091783562694,-415.1621704630436,0.22631887264645154,0.225938601957754,1.6089252838792163
3a0af893,2927,8.096331528718826,3,1049,0.35838742740006835,True,-619.682639356763,-618.0759062805937,-269.12475080388504,-268.42695549501326,0.21171255188136762,0.2111636167682247,1.6067330761693484
3a223519,4583,6.192059371585211,1,959,0.2092515819332315,True,-1057.97634612997,-1056.3669814579353,-459.47328910841065,-458.774350911976,0.23084799173684703,0.23049683208770133,1.6093646720346442
3a7dd95d,3072,2.8653940262978614,0,0,0.0,False,-674.9826153428859,-673.3745686755376,-293.1412252240405,-292.44285942976825,0.219720903431929,0.2191974507407349,1.608046667348276
3a824aa7,4201,13.588274630990407,1,2084,0.4960723637229231,True,-888.0266005405576,-886.4231845069781,-385.6650523980674,-384.96869766248864,0.21138457522983994,0.21100290038252276,1.6034160335794923
3a86fe8d,5118,5.585259099839317,0,0,0.0,False,-1130.1958773244642,-1128.5869763944677,-490.83783299181925,-490.1390961959928,0.22082764308801567,0.22051328182775845,1.60890092999648
3aaa2b30,4711,3.3417488154105026,0,0,0.0,False,-1018.2463950227194,-1016.6499375216317,-442.2187905762458,-441.5254578929304,0.21614230418652502,0.21580342549811754,1.5964575010876842
3ac16ad0,5649,1.7742414386183223,0,0,0.0,False,-1261.4687401444548,-1259.8609374836133,-547.8489129381837,-547.1506531145909,0.22330832716311821,0.22302370994576265,1.6078026608415712
3b21ea64,7376,9.719176953274484,5,3254,0.44116052060737526,True,-1865.9295463185667,-1864.3201572294895,-810.3629055863915,-809.6639567857701,0.2529730946744261,0.2527549020105056,1.60938908907724
3bbe1f5d,6918,1.018614177135689,0,0,0.0,False,-1625.964964696043,-1624.3559661991817,-706.147611935507,-705.4488327669296,0.23503396425210218,0.2348013827983784,1.6089984968612043
3bfee975,3603,9.872608630908509,1,1047,0.29059117402164863,True,-762.8762537778578,-761.2790698717125,-331.3129473907484,-330.6192992337248,0.21173362580567798,0.2112903330201811,1.5971839061452329
3c3dbcbc,5069,2.274592090896052,0,0,0.0,False,-1091.4508745794665,-1089.845165291589,-474.01109209834044,-473.31374141507445,0.21531877580971917,0.21500200538401834,1.6057092878775165
3d96d897,5659,1.35399567285765,0,0,0.0,False,-1232.4500517814265,-1230.8407603462147,-535.2462567100505,-534.5473503199638,0.21778583703506388,0.2175014596830208,1.6092914352118441
3df4b19e,4988,4.455904301451719,0,0,0.0,False,-1081.6292556939316,-1080.0222328916848,-469.74561721299585,-469.04769607768736,0.21684628221610497,0.21652410442896647,1.6070228022467745
3e011332,2723,2.100467868722447,0,0,0.0,False,-659.8755028608348,-658.2664066941666,-286.580289635594,-285.8814680495583,0.24233400766097496,0.24174307994644384,1.6090961666682233
3e678ea7,6858,16.79651251501199,2,4776,0.6964129483814523,True,-1420.313559807763,-1418.7134497528652,-616.8343415968757,-616.1394226295956,0.2071031729086852,0.2068698526907065,1.6001100548978684
3ef6372a,4727,3.9658045010893366,0,0,0.0,False,-1058.556469389847,-1056.9498131859095,-459.72523343899906,-459.0274715153133,0.22393832650515064,0.2235984373145567,1.6066562039375185
3ef98781,3892,3.7897616046619036,0,0,0.0,False,-866.6641237386615,-865.0568450789734,-376.3874466032177,-375.68941435043433,0.22267834628434263,0.2222653764334464,1.6072786596880633
3f603129,5051,2.8018289691134926,0,0,0.0,False,-1191.056982088478,-1189.4476906532661,-517.2694749533662,-516.5705685632795,0.23580617344852067,0.23548756496797985,1.6092914352118441
404c4384,911,0.7433343194942694,0,0,0.0,False,-199.04673990633324,-197.46209326466865,-86.4449007821523,-85.75669748991086,0.21849257948005846,0.2167531210369579,1.584646641664591
4121c517,3723,4.567900753848036,1,238,0.0639269406392694,True,-813.2247628278196,-811.6255397385486,-353.1790270432027,-352.48449328020007,0.21843265184738642,0.21800309958059322,1.5992230892710495
41fb0192,2973,2.4775661587646782,0,0,0.0,False,-654.3799088629752,-652.7713984618414,-284.1935834875429,-283.49501629624655,0.22010760473023047,0.21956656524111717,1.608510401133799
42669188,4282,3.3463356803143927,0,0,0.0,False,-1169.9191870468485,-1168.310725524039,-508.0894472071846,-507.39090124347473,0.2732179325191145,0.2728422992816532,1.6084615228094208
42c538a1,3279,0.3247859186527684,0,0,0.0,False,-783.8658495003945,-782.2564848283597,-340.42861299042613,-339.7296747939914,0.2390563737421148,0.23856556414405602,1.6093646720347579
43b06c70,4846,23.181791241156944,2,4145,0.8553446141147338,True,-1105.8946961079837,-1104.286600608349,-480.28396408577083,-479.5855770839061,0.22820773753775975,0.2278758977730807,1.6080954996346009
43c7f85a,5978,1.6377337876418379,0,0,0.0,False,-1292.219737271918,-1290.6113487392927,-561.2039013036638,-560.5053870391881,0.2161625522368548,0.21589350096006904,1.608388532625213
43e16325,3720,2.0717079359249775,0,0,0.0,False,-869.4293626732976,-867.8213525762612,-377.5883746136742,-376.89002470168657,0.23371757061110152,0.23328530983232829,1.6080100970364128
44441e54,4357,1.465971257061911,0,0,0.0,False,-1052.5442770799575,-1050.9354005759315,-457.11417149467286,-456.41544530691056,0.2415754595088266,0.24120619705667465,1.6088765040260569
445af6c2,6041,3.7237909868868964,0,0,0.0,False,-1284.3307778544468,-1282.7239996665703,-557.7777697606973,-557.0799548600601,0.21260234693832922,0.21233636809577394,1.6067781878764436
4463446c,3256,4.639279343581098,1,175,0.05374692874692875,True,-742.7752745650781,-741.1659465119019,-322.5832030377862,-321.88428074471966,0.22812508432588394,0.22763081895328682,1.6093280531762275
44a94013,4903,4.341343510327069,1,407,0.0830104017948195,True,-1094.095059169847,-1092.486866105155,-475.1594468750763,-474.4610175012455,0.22314808467669733,0.22282008282789212,1.6081930646919318
45fb3e21,3649,0.8514691123105534,0,0,0.0,False,-818.806752271944,-817.1988762540934,-355.60325425682817,-354.90496257469107,0.22439209434692903,0.22395145964760027,1.6078760178505718
460f859e,3336,1.5772722578805072,0,0,0.0,False,-814.6875106820108,-813.0795000808124,-353.8142903646938,-353.1159402337514,0.24421088449700565,0.24372886693069917,1.6080106011984299
4630ab92,3373,5.165153541842411,0,0,0.0,False,-811.218625327489,-809.6106396096036,-352.30777259686994,-351.6094332726131,0.24050359481989,0.24002687210483356,1.6079857178854127
463c38f2,4460,7.451380664492522,1,998,0.22376681614349775,True,-981.7518356355006,-980.1479091369279,-426.36940481488614,-425.6728283871776,0.22012372996311672,0.219764105187652,1.6039264985727186
4654e7de,5373,3.498323473029892,0,0,0.0,False,-1168.0612482682145,-1166.4521033078408,-507.28255464790976,-506.58371187103705,0.21739461162631948,0.21709512438262438,1.6091449603736692
466fc788,6197,2.248711358884561,0,0,0.0,False,-1397.063029927912,-1395.455764192041,-606.7367647687297,-606.0387381286887,0.22544183151975344,0.2251824696130452,1.607265735871124
46a301e9,8226,1.9249297074797223,0,0,0.0,False,-1761.0504024212364,-1759.4417211527973,-764.814472125044,-764.1158307270197,0.21408344303686316,0.21388788246447815,1.6086812684391134
46a7190b,4215,4.880302737070491,0,0,0.0,False,-932.4181311924758,-930.8158386533265,-404.94404920343453,-404.24818239528724,0.22121426600058738,0.22083412542190428,1.602292539149289
46d24a09,4449,2.082047521658855,0,0,0.0,False,-1038.2929589098633,-1036.683691885138,-450.9249026535534,-450.22600686480627,0.23337670463247095,0.23301499030908923,1.6092670247253409
46d41ff6,7901,6.468841087931797,1,871,0.1102392102265536,True,-1751.8291309467393,-1750.2223773767998,-760.8097248075379,-760.1119205983349,0.22172245677088206,0.2215190959849133,1.6067535699394284
46dfcfca,3606,4.824772137744665,1,258,0.07154742096505824,True,-783.1043667409988,-781.4977713166215,-340.09790522995615,-339.4001697024981,0.21716704568524647,0.21672151173505866,1.6065954243772467
47222616,4406,23.432750476947735,2,2597,0.5894235133908307,True,-962.1030178572568,-960.4950932899701,-417.8360316778723,-417.13771891098304,0.2183620104079112,0.2179970706513777,1.6079245672866591
47ee27ab,6397,4.694733343636398,0,0,0.0,False,-1368.2206331558418,-1366.6157333792667,-594.2106710057554,-593.5136718887811,0.2138847323989123,0.21363384920732634,1.6048997765751665
481de5fc,5952,3.81337240215765,1,311,0.05225134408602151,True,-1421.5221363393086,-1419.9130402016951,-617.3592197154837,-616.6603981420664,0.23883100408926555,0.23856065863603748,1.6090961376135056
48c1f673,2917,16.371847906479747,1,2200,0.7541995200548509,True,-646.6861025164023,-645.0782633603202,-280.8522058463941,-280.15393017311965,0.22169561279273306,0.22114441664735007,1.6078391560821501
4936af16,3991,6.407835445596724,0,0,0.0,False,-897.1493277971022,-895.5418178581951,-389.62700250549307,-388.92886980942114,0.2247931164613135,0.22439033271315337,1.6075099389070147
493b5b31,4671,14.670059954532608,2,2225,0.4763433954185399,True,-1216.2735829355772,-1214.6641450231432,-528.2209055536183,-527.5219355492823,0.2603882643835532,0.26004370477909294,1.6094379124340321
49dbc14c,3872,16.527750744925903,1,3439,0.8881714876033058,True,-857.9276492029733,-856.3209198575797,-372.59324392108005,-371.8954502324636,0.2215722234511811,0.22115726235991212,1.6067293453935463
4a035ec2,2588,3.1561742660201375,0,0,0.0,False,-573.6411364025704,-572.0344928838219,-249.1291801323469,-248.4314237177688,0.2216542258124306,0.2210334207433624,1.6066435187484558
4a335117,5015,20.575515744970765,1,3270,0.6520438683948155,True,-1136.05000675861,-1134.4405932590462,-493.3802491014162,-492.6812896994551,0.2265304101213579,0.22620949018126543,1.6094134995637432
4a8ecc0b,5809,11.02588192769367,1,2114,0.3639180581855741,True,-1084.644400732839,-1083.0351093006072,-471.0550780655313,-470.3561716767389,0.1867179205943947,0.18644088643494702,1.6092914322316574
4b462989,3106,5.981749817589542,1,424,0.1365099806825499,True,-659.5430865871735,-657.9418630805857,-286.43592308224805,-285.7405205490432,0.21234484436161416,0.21182931844191424,1.6012235065878713
4b831d20,7312,8.141770690126133,1,1218,0.16657549234135668,True,-1684.531679905191,-1682.9243406650194,-731.5828131740393,-730.8847546114862,0.23037905906799658,0.2301592369618462,1.607339240171541
4c2208f5,5384,37.629492862502964,1,4913,0.912518573551263,True,-1151.248453127906,-1149.64038203517,-499.980850493104,-499.2824740910206,0.21382772160622326,0.21352904569746842,1.6080710927360542
4c3168cf,4334,3.018023425986634,0,0,0.0,False,-944.4945137479432,-942.8899021558892,-410.1887555086267,-409.4918815485997,0.21792674521180047,0.21755650718871464,1.6046115920539705
4c3df468,5392,25.476416378994482,1,3413,0.6329747774480712,True,-1204.5244832626486,-1202.9169489001674,-523.118336398334,-522.4201930952386,0.22339103918075826,0.22309290595329515,1.6075343624811467
4caa7289,5396,38.95583123984636,1,5099,0.9449592290585619,True,-1123.5864095653992,-1121.9779967318507,-487.9673776157399,-487.2688527975074,0.20822579865926596,0.20792772363451645,1.6084128335485275
4cd1ac61,4489,12.18678792307214,2,2018,0.4495433281354422,True,-1024.3732806093683,-1022.7683530404357,-444.87966317777995,-444.1826519907381,0.22819632002881896,0.22783879550911912,1.6049275689325668
4cecf7b3,6019,15.648942224902772,4,3557,0.5909619538129257,True,-1342.084646260386,-1340.476135913635,-582.8599561179633,-582.1613889502851,0.222974687865158,0.2227074490635712,1.608510346751018
4ddde4c1,4472,5.003767623748046,2,449,0.10040250447227192,True,-1033.131455152161,-1031.5223101888068,-448.68329005326035,-447.98444727509326,0.23102223952418624,0.23066241283291744,1.6091449633540833
4e050c92,3705,9.763492776772527,2,1208,0.3260458839406208,True,-799.6295410087748,-798.0260431271043,-347.2746972269409,-346.5783069451879,0.21582443751923747,0.21539164456871912,1.603497881670478
4ed93db6,4657,16.212575705509465,1,3574,0.7674468541979815,True,-1044.3542272797554,-1042.7451555305763,-453.55727805993223,-452.85846707827733,0.22425471919256074,0.22390920239007436,1.6090717491790656
4f3eb9e9,4697,3.352046725096741,0,0,0.0,False,-1103.0171736934433,-1101.4128824291442,-479.034271979583,-478.33753713613237,0.2348343993386083,0.2344928427568968,1.604291264299036
4f4ac5ce,5162,3.679523459682369,0,0,0.0,False,-1147.0759175233256,-1145.466504023762,-498.1687413044899,-497.4697819025288,0.22221540440203907,0.2219036234063855,1.6094134995637432
4f4afcc6,5645,9.478586974930286,2,1705,0.3020372010628875,True,-1336.2277430520537,-1334.618817777113,-580.3163353735431,-579.6175880048417,0.23670996333960206,0.23642494557610505,1.6089252749407024
4f69febf,5460,1.2313956186921746,0,0,0.0,False,-1249.5645348180014,-1247.955414238911,-542.6789822534618,-541.9801500652459,0.22885797340989036,0.22856326268111923,1.6091205790903587
4fbe9c06,6287,1.2643084710043595,0,0,0.0,False,-1351.1301603227362,-1349.5233328357967,-586.7883729612203,-586.0905366502719,0.21490856693538032,0.2146529875673289,1.6068274869394372
504c8b08,6367,4.1624634581698405,0,0,0.0,False,-1553.798409218345,-1552.190020870369,-674.8060751135779,-674.1075609292944,0.24403932923171742,0.2437867160154498,1.6083883479759606
511e1db0,3821,1.7266640548684284,0,0,0.0,False,-866.0502302276484,-864.4426471538134,-376.12083603890846,-375.4226715807409,0.22665538608417912,0.2262346629557219,1.6075830738350305
512943b2,5029,1.6313160946719565,0,0,0.0,False,-1061.915052586873,-1060.314533305975,-461.1838475884803,-460.4887508966066,0.21115829242133086,0.21084003446131933,1.60051928089797
5138a660,3559,4.44166895468919,0,0,0.0,False,-764.5081463644303,-762.9037793211842,-332.02166933615564,-331.3249015823264,0.21480981915269187,0.2143590276260703,1.6043670432461568
516088b7,6645,6.230136546934844,2,871,0.1310759969902182,True,-1409.0766739184469,-1407.4783879006004,-611.9542240613691,-611.2600972633153,0.21205066575145928,0.21181014114380745,1.5982860178464762
521a7819,5200,8.157290828688136,1,828,0.15923076923076923,True,-1184.2539795645134,-1182.644639304157,-514.3149684968345,-513.6160409022569,0.22774114991625258,0.22743166140464557,1.6093402603564755
5254b6db,3274,5.688951939288402,0,0,0.0,False,-714.5107971033985,-712.9022379313516,-310.3080964422999,-309.6095080700651,0.21823787327532027,0.21774656015007685,1.6085591720469665
529e88ca,3417,24.48180347600674,1,2099,0.614281533508926,True,-742.9389055236403,-741.3296140928989,-322.6542670601583,-321.9553606720131,0.2174243211950952,0.21695335501694435,1.6092914307414503
52f1e77a,4442,29.555069749643376,1,3113,0.7008104457451598,True,-1084.4612433535349,-1082.8520007458521,-470.97553382637966,-470.27664864181946,0.2441380556851722,0.24377577684508153,1.609242607682745
5305524b,4898,5.136696486975456,1,291,0.05941200489995917,True,-1149.8381097418287,-1148.2310144842681,-499.36834614294185,-498.67039354069044,0.23475665776680862,0.2344285452193279,1.6070952575605588
53134831,5126,26.653452319590155,1,4896,0.9551307062036676,True,-1078.728759791244,-1077.1224694972161,-468.48594784767573,-467.7883448366446,0.21044259847663754,0.21012923712392043,1.6062902940279855
5397ceb1,5255,7.707161209222805,1,1257,0.23920076117982875,True,-1203.1671143257056,-1201.560457605996,-522.5288385591128,-521.8310764114301,0.22895663450536738,0.22865089583368142,1.6066567197096902
53f23031,8550,2.0021705098752123,0,0,0.0,False,-2013.152997517784,-2011.5438037340534,-874.3012380489643,-873.6023740683771,0.2354564909377525,0.23526828113848577,1.6091937837304613
543198e8,6503,18.273778865078977,2,3278,0.5040750422881747,True,-1407.211011768496,-1405.6016226794188,-611.1439772845498,-610.4450284839282,0.2163941275978004,0.21614664349983373,1.60938908907724
54753541,4026,22.438565429727323,1,2024,0.5027322404371585,True,-961.7417241417808,-960.1323838784442,-417.6791238108948,-416.980196215023,0.23888269352751634,0.2384829567507313,1.6093402633365486
54a7e3c2,6155,8.61889879304039,2,1216,0.19756295694557272,True,-1301.3470775453611,-1299.7411708385443,-565.1678548188735,-564.4704183976515,0.21142925711541205,0.21116834619635164,1.6059067068167678
5542c301,3591,4.915207659794571,1,255,0.07101086048454469,True,-782.0768400330703,-780.4745400737947,-339.6516560506946,-338.9557860200274,0.2177880367677723,0.21734183794870363,1.6022999592755696
5567d551,6889,10.966751129979022,2,4024,0.5841196109740165,True,-1450.824130190831,-1449.2173270259293,-630.0849139539629,-629.3870882059414,0.21060010599373363,0.21036686413498756,1.6068031649017485
55efee7f,4801,18.781493854483717,2,2654,0.5528014996875651,True,-909.0990630850343,-907.4897472399326,-394.8167066012466,-394.11778961007946,0.18935618893668701,0.18902098463652003,1.6093158451017189
5663b2b7,4972,6.324076886404478,2,719,0.14460981496379727,True,-1131.8119812814757,-1130.202567781912,-491.5396980225314,-490.8407386205703,0.22763716437680526,0.22731346898268542,1.6094134995637432
5693dde2,3488,3.1545513733062998,0,0,0.0,False,-734.3980308501774,-733.0811504238352,-318.9450123188461,-318.3730984163593,0.21054989416576186,0.2101723481719711,1.316880426342209
56b00794,6065,6.505977584870022,2,1379,0.2273701566364386,True,-1283.6957605726475,-1282.0863959006128,-557.5019852592987,-556.803047062864,0.2116563496409971,0.21139099685088422,1.6093646720346442
57796579,5890,6.464880707580117,1,898,0.15246179966044143,True,-1234.767796742805,-1233.1662801130294,-536.2528405572363,-535.5573107222484,0.20963799605141004,0.209366091700005,1.6015166297756878
577eec7c,4539,10.870033232958704,2,2348,0.5172945582727473,True,-988.5920855452196,-986.9864500630575,-429.3400876055163,-428.64276897566526,0.2177995341584533,0.21744579203856743,1.605635482162029
57f05c51,4771,13.380016450391336,3,2997,0.6281701949276881,True,-1198.4397605644758,-1196.8314698012246,-520.4757749066061,-519.7773031028302,0.2511925719061991,0.25085547470157715,1.6082907632512615
58850d2c,4995,5.825334473034529,0,0,0.0,False,-1124.8444424501822,-1123.2363957709174,-488.513734355654,-487.81536855620647,0.22519408257260906,0.22487215130548896,1.6080466792648167
58fa8486,4475,2.8891419242942633,0,0,0.0,False,-980.8176940550838,-979.2114272728481,-425.9637122811948,-425.2661194812053,0.2191771383363316,0.2188181960386253,1.606266782235707
591cc951,4609,8.688903424377475,1,1301,0.2822738121067477,True,-1000.8346745082248,-999.2480412162327,-434.6569764363591,-433.9679103528429,0.21714790073947163,0.2168036539848628,1.5866332919921433
593876b6,4842,11.855428492250937,1,3057,0.6313506815365552,True,-1121.8333507798577,-1120.2263528429298,-487.2060338587272,-486.50812352228957,0.23168801131347744,0.23135612408982442,1.6069979369278826
59f8b2e8,3747,2.0565011643154385,0,0,0.0,False,-822.4697699884813,-820.861771815506,-357.19408263823414,-356.4957379048005,0.21950087269508442,0.21907172986802936,1.6079981729752717
5a1a8fd8,5260,1.4146877707256738,0,0,0.0,False,-1154.0055444559198,-1152.3968143951422,-501.1782400429637,-500.4795774546961,0.2193926890600608,0.21908684684318291,1.6087300607775887
5a5269a9,6513,6.091564120614007,1,566,0.08690311684323661,True,-1370.8475734874276,-1369.2383064686624,-595.3515366960522,-594.6526409098936,0.21047866935167012,0.21023158398106284,1.6092670187651947
5a5d1982,3894,0.6768335872297148,0,0,0.0,False,-848.3659512473693,-846.7661187376892,-368.4406512613356,-367.7458528304121,0.21786490787040813,0.21745406233633519,1.5998325096800272
5a63b5d1,6217,6.134887880653406,1,380,0.061122728003860385,True,-1352.6432834441362,-1351.0523583724953,-587.4455139832845,-586.7545840035493,0.21757170394790673,0.21731580478888457,1.5909250716408678
5aa03df7,4871,5.876251332385479,2,661,0.13570108807226441,True,-1049.179810212738,-1047.5705431939728,-455.6530020996931,-454.95410631353445,0.2153931041290778,0.2150627269952726,1.6092670187651947
5aa403d0,3118,15.215269411805263,1,2232,0.7158434894162925,True,-679.8634581839499,-678.2565819456217,-295.2609483369516,-294.5630908535442,0.21804472680691145,0.2175293720159146,1.606876238328141
5aef5c6c,3121,8.860493342745398,2,795,0.25472604934315923,True,-683.1323446108239,-681.5285154362712,-296.6806076741114,-295.98407351368775,0.21888251990093685,0.218368636794704,1.603829174552743
5b7b6324,6564,7.505569769068189,3,1051,0.1601157830591103,True,-1404.8899909608938,-1403.2807971771638,-610.1359707554254,-609.4371067748385,0.21402955377222635,0.21378439932619803,1.6091937837300065
5bd25f59,4210,2.7260850368299403,0,0,0.0,False,-867.5896561827193,-865.9825117516675,-376.78940023649443,-376.0914262784671,0.20607830313128725,0.2056965586108474,1.607144431051779
5beded95,3057,12.764675084470454,2,2057,0.6728819103696434,True,-633.09157419571,-631.4857324665563,-274.94817721263996,-274.25076901085856,0.2070957063119758,0.20657040643328634,1.605841729153667
5cb483ac,3852,4.734178239585592,1,350,0.0908618899273105,True,-848.5741099010081,-846.9779500530954,-368.53105341597137,-367.83785000178733,0.22029442105425964,0.2198800493388098,1.5961598479127588
5cdd8dbc,4010,14.245334047450193,1,1163,0.29002493765586035,True,-917.1226615758652,-915.5138827578799,-398.30131115082173,-397.60262738756785,0.22870889316106363,0.22830770143588025,1.6087788179853533
5d11dfb5,5895,4.5339725170458705,1,419,0.07107718405428329,True,-1285.9606638214634,-1284.3519580329685,-558.4856202423042,-557.786968195355,0.2181443025990608,0.21787140933553326,1.6087057884949445
5d7198fd,3368,1.5145404893657182,0,0,0.0,False,-746.8908226091935,-745.2839100117918,-324.37056284335324,-323.67268956940086,0.22176093307873915,0.2212838212624085,1.6069125974016742
5def1ce5,6443,6.913270178088896,3,1791,0.2779760980909514,True,-1563.96046799294,-1562.3557144377646,-679.2194011641611,-678.5224655503338,0.24273792767234828,0.24248885836376916,1.6047535551754208
5eae34a8,4904,1.5027714529372524,0,0,0.0,False,-1090.7700763000123,-1089.163322399454,-473.71542516228425,-473.01762080949527,0.22242456694535323,0.22209692544850204,1.6067539005582603
5f4d2a52,5225,3.373045373050953,0,0,0.0,False,-1496.0954012079387,-1494.4861341832132,-649.7459771454394,-649.0470813566922,0.2863340480780744,0.2860260543891317,1.6092670247255683
5f6756c5,5931,7.752097024511591,1,1445,0.2436351374135896,True,-1302.7850347735946,-1301.1766464017992,-565.7923517083082,-565.09383751368,0.2196568934030677,0.21938571006605956,1.6083883717953995
5f75f796,5562,10.759678270755062,2,1795,0.32272563825961886,True,-1188.0143524805983,-1186.408110755174,-515.9480777041886,-515.2504957862341,0.21359481346289075,0.2133060249469928,1.6062417254242973
5fb1c15f,2860,25.391966663916705,1,2426,0.8482517482517482,True,-620.746346656818,-619.1388732952012,-269.5867130146591,-268.88859620390247,0.21704417715273355,0.21648212352979063,1.607473361616826
5fffa282,4201,14.836366818557295,1,3299,0.7852892168531302,True,-968.6816066403794,-967.0728522334756,-420.6930764850931,-419.99440332343727,0.23058357691987133,0.23020063133384328,1.608754406903813
60e37807,2699,1.385834254603906,0,0,0.0,False,-694.8863646373551,-693.2785862773686,-301.78531371181424,-301.08706444194866,0.2574606760419989,0.256864981947895,1.6077783599864688
61f27424,6220,4.280813893031989,0,0,0.0,False,-1312.4159657311563,-1310.8071624252057,-569.9750118787684,-569.2763174805264,0.2109993514037229,0.21074070135453468,1.608803305950687
62569ae3,3588,14.542779271165191,1,1670,0.4654403567447046,True,-773.3904902913205,-771.8022855073218,-335.8792222899709,-335.1894737161479,0.2155491890444037,0.21510654557060252,1.5882047839986626
62a6f539,3693,2.943968926605873,0,0,0.0,False,-905.6163438736404,-904.0077480933171,-393.3041808657198,-392.6055765947125,0.24522511342367734,0.24478953373769757,1.6085957803232986
633774dc,6233,3.8788097746252803,1,258,0.041392587838921864,True,-1341.221074555994,-1339.6139057458142,-582.484911692018,-581.7869271462699,0.2151806633332254,0.21492281497606516,1.6071688101797008
63559d57,4069,4.563589137730868,0,0,0.0,False,-870.6416162042583,-869.7072481937274,-378.1148496328381,-377.7090587617977,0.2139694313601028,0.2137398004899797,0.9343680105308749
647f2a41,3881,5.2070914559249,1,179,0.04612213347075496,True,-822.8931201838211,-821.2876097951832,-357.3779412919829,-356.6806769895591,0.21203120849879442,0.21161752378128917,1.6055103886378674
65156b96,3221,2.727712364577481,0,0,0.0,False,-734.7363502877436,-733.1316787906098,-319.0919425837017,-318.39504260722913,0.22810814973230165,0.227609959264393,1.6046714971337224
653612bc,4605,18.614036943438954,1,4035,0.8762214983713354,True,-974.2222900648118,-972.623165395822,-423.0993647222969,-422.40487370267925,0.21155750055696237,0.21121024221407642,1.5991246689898162
656a067b,3051,6.527459391951071,1,357,0.11701081612586037,True,-665.1694962780383,-663.5740893491314,-288.8794417639176,-288.1865653383031,0.21801687849165463,0.2174939656994859,1.5954069289068684
65a5466a,4683,11.16910764502299,2,1891,0.4038009822763186,True,-1022.014387864612,-1020.4067057200646,-443.85520907533066,-443.1570015912994,0.21823924575370746,0.21789594399318057,1.6076821445474252
660d9546,4732,1.7078702123695988,0,0,0.0,False,-1075.948422431556,-1074.3432545399812,-467.2784626745337,-466.5813471166945,0.22737709687902707,0.22703788134826314,1.6051678915748653
6767c111,6783,5.65935783737273,1,451,0.06648975379625534,True,-1351.5876862432397,-1349.978321571205,-586.9870739438226,-586.288135747388,0.19926104765490782,0.19902378321851763,1.6093646720346442
67847288,7429,12.600008007812713,3,5399,0.7267465338538162,True,-1622.4696751580186,-1620.8604569649942,-704.6296269764889,-703.9307523950802,0.21839677953399092,0.2181801665049124,1.6092181930243896
67a8da4a,4911,8.508505937279454,1,952,0.19385053960496842,True,-1103.9739685357783,-1102.3657020674564,-479.44980269992266,-478.7513414473004,0.2247961654522049,0.22446868297036374,1.6082664683219718
684a6fc1,9818,7.436944666162289,2,1124,0.11448360154817681,True,-2207.3901811745845,-2205.7808897393725,-958.6573750915413,-957.9584687014545,0.22483094124817524,0.22466702889991572,1.6092914352120715
698930d1,4741,2.714135276500629,0,0,0.0,False,-1128.7794548495958,-1127.1701634173644,-490.2226885269402,-489.5237821381479,0.23808889577084916,0.23774945442256157,1.60929143223143
699ea575,4120,14.341209793409881,1,1894,0.4597087378640777,True,-876.1281497276584,-874.5276476246946,-380.497620866828,-379.8025316352363,0.21265246352613068,0.21226399214191616,1.6005021029637874
69c1bdad,2714,10.01622285302382,1,1334,0.4915254237288136,True,-591.029264452309,-589.420095082194,-256.68074819497554,-255.98189481708687,0.2177705469610571,0.21717763267582685,1.6091693701149552
69e41fa6,5772,4.700848762019163,0,0,0.0,False,-1267.5664480637793,-1265.9572054560965,-550.4971138398041,-549.7982286552439,0.2196061067331565,0.2193273051725739,1.609242607682745
6a0ff78e,6465,4.864018931370818,1,611,0.09450889404485692,True,-1490.8695950936888,-1489.264060884832,-647.4764383865244,-646.7791637391109,0.23060627921016066,0.23035793671845814,1.6055342088568523
6a8fa194,3017,2.1419749100606866,0,0,0.0,False,-719.7213401754489,-718.1125613299012,-312.5710065462106,-311.87232277098656,0.2385553000250079,0.23802206209144885,1.608778845547704
6ae68655,4204,4.989295107213599,0,0,0.0,False,-929.4003191256332,-927.8033979786401,-403.6334300753838,-402.93989603321,0.22107524241808593,0.22069538486647006,1.596921146993168
6d1d74e1,5830,10.336746339133342,2,1709,0.29313893653516293,True,-1243.7782277816016,-1242.171522376555,-540.1660210369554,-539.4682377454994,0.21334103392480303,0.21306544123097,1.6067054050465686
6d590e26,6096,11.687016408995262,1,3141,0.515255905511811,True,-1387.7401916243289,-1386.13190077165,-602.6879075378073,-601.9894356951934,0.22764766922971275,0.22738384199010006,1.6082908526789197
6d6d93af,3595,2.8328433968957025,0,0,0.0,False,-903.6120976542916,-902.0027329822567,-392.4337477922811,-391.73480959584634,0.251352461099942,0.2509047935972898,1.6093646720348715
6dbe4b60,4648,6.231672533148865,1,377,0.08111015490533563,True,-1002.8211541213446,-1001.2142539765968,-435.5196935707504,-434.8218257049168,0.21575326035312922,0.21540754173334697,1.6069001447478968
6e6d122c,5632,6.03283866889154,2,844,0.14985795454545456,True,-1263.9286938979787,-1262.3256203443427,-548.9172572790764,-548.2210512806472,0.22441915729722633,0.22413452065773132,1.6030735536360226
6e9ccd38,8282,3.943327506076906,1,269,0.032480077276020286,True,-1913.3799015015888,-1911.770610066377,-830.9703330067275,-830.2714266166408,0.2310287251269728,0.23083441319323558,1.6092914352118441
6ea22614,5971,4.855914728325542,1,438,0.07335454697705578,True,-1322.1662441333242,-1320.558953118437,-574.2095039858503,-573.5114663672722,0.22143129193323133,0.22116210904679903,1.607291014887096
6ede926a,4938,2.0550200211956238,0,0,0.0,False,-829.102008883338,-827.4927906865885,-360.0744273929346,-359.3755528099079,0.1679023914304046,0.16757650682190936,1.6092181967495662
708caea9,6548,47.14637252781016,1,6242,0.953268173488088,True,-1445.5811666908596,-1443.9726074718785,-627.8079238371051,-627.109335444487,0.22076682447936158,0.22052116790957216,1.6085592189810995
70925e23,5947,12.114028054524844,2,4594,0.7724903312594585,True,-1435.6258826668875,-1434.0165179948528,-623.4843989197144,-622.7854607232798,0.2414033769407916,0.241132759037305,1.6093646720346442
70e1788b,9285,3.463304335862721,0,0,0.0,False,-2165.4431009815507,-2163.8337118924737,-940.4399896317535,-939.7410408311321,0.23321950468298877,0.2330461725247683,1.6093890890770126
71642c7d,4648,5.252290366002451,1,536,0.1153184165232358,True,-1080.0136117034772,-1078.4043690957944,-469.0439519432214,-468.3450667586612,0.23236093194997356,0.2320147093579592,1.609242607682745
71ccf778,2698,4.2036841001665035,1,131,0.048554484803558194,True,-586.4084887192198,-584.799343758846,-254.67397079198244,-253.97512801510968,0.2173493286579762,0.21675290724938695,1.6091449603737829
7224331b,6063,15.81234326560982,5,3393,0.5596239485403266,True,-1301.0096144614615,-1299.4013237280121,-565.0212964636897,-564.3228246728565,0.2145818265646481,0.21431656337258984,1.6082907334493939
722cf0d8,5143,1.4277013319266172,0,0,0.0,False,-1164.6572457676975,-1163.051418582838,-505.80421514555036,-505.1068132602757,0.2264548407092548,0.2261426052076294,1.6058271848594359
7256229b,5415,21.781250904105452,1,3070,0.566943674976916,True,-1168.6651278666368,-1167.0604399840345,-507.54481622523855,-506.8479091326473,0.21581996821175195,0.2155236269591938,1.6046878826023203
726f3dc2,6723,24.925759121312524,1,4707,0.7001338688085676,True,-1465.5628209883355,-1463.955262256414,-636.4858460377973,-635.7876921511884,0.21799238747409422,0.21775327417171114,1.607558731921472
7271dd80,4340,2.729398663283442,0,0,0.0,False,-921.5961036191416,-919.9942955447619,-400.24410234533065,-399.5484459375595,0.21234933263113862,0.21198025242966864,1.601808074379619
727a3a10,4397,1.6877619227654856,0,0,0.0,False,-959.4348060878428,-957.8272715405938,-416.67724202986653,-415.9790986465274,0.2182021392057864,0.21783654117366244,1.607534547249088
729665c0,4263,30.986844735225297,2,3868,0.907342247243725,True,-976.6315269865931,-975.0238945630879,-424.14568302302416,-423.44749713256704,0.2290948925607772,0.22871777963009332,1.6076324235052653
729e9750,5919,3.546351569269927,0,0,0.0,False,-1291.3238423328278,-1289.7169410423032,-560.8148190752519,-560.1169507118138,0.21816587976564078,0.21789439787840906,1.6069012905245472
729f4217,6195,1.1662225311193641,0,0,0.0,False,-1382.2011840071227,-1380.5948448336198,-600.2823470944345,-599.5847228553172,0.22311560678081077,0.22285631070760611,1.6063391735028745
72dd8501,5193,1.7377407092758392,0,0,0.0,False,-1101.1667378801264,-1099.5594951455762,-478.2306379167434,-477.5326212660491,0.212048283820552,0.2117387820422831,1.6072427345502547
73348914,4221,18.40926427352405,1,3495,0.828002842928216,True,-930.6312678866698,-929.0218299742356,-404.16802432980757,-403.4690543254715,0.2204764908520895,0.22009519781431786,1.6094379124341458
739a914f,5505,4.1028569889749384,0,0,0.0,False,-1186.1791052091723,-1184.5707656344782,-515.1510399412803,-514.452546938964,0.21547304363472705,0.21518088385730758,1.6083395746941278
73b1447d,5670,4.071066781254408,0,0,0.0,False,-1422.544654822109,-1420.9352413225452,-617.803293850208,-617.1043344482468,0.2508897098451691,0.25060586266711554,1.6094134995637432
74b6186b,3405,2.834544459693649,0,0,0.0,False,-716.7630680516974,-715.1950937790251,-311.2862452868971,-310.6052827125093,0.21050310368625474,0.21004261197621882,1.5679742726722452
75c20ec7,5361,15.47510923958561,3,3807,0.7101287073307219,True,-1170.7844652988967,-1169.1752715151665,-508.46523277736003,-507.76636879677295,0.21838919330328235,0.21808902658369084,1.609193783730234
75cd5f11,4946,4.3756490793306115,0,0,0.0,False,-1083.5493592203252,-1082.285102964027,-470.5795075791916,-470.0304480633696,0.21907589147196224,0.2188202796126217,1.2642562562982675
75d20a82,5067,7.107841936889375,2,1403,0.27688967831063743,True,-1164.9512367827106,-1163.3418232831468,-505.93189382109966,-505.23293441913853,0.22990946058470704,0.22959183407995792,1.6094134995637432
76201745,4448,5.598089794008455,1,609,0.1369154676258993,True,-1021.7515677788886,-1020.1423984080286,-443.74106776236766,-443.04221438415544,0.22971033448266379,0.2293485607931719,1.609169370859945
764072a5,2949,9.482904879584177,2,1546,0.524245506951509,True,-463.2766623268443,-461.7766373567659,-201.19849804310456,-200.5470454758824,0.15709618932751587,0.15658753386122953,1.5000249700784138
77b0d905,4174,18.735260248446796,1,4030,0.9655007187350264,True,-895.0611637082876,-893.4553610007528,-388.7201243644124,-388.0227331095047,0.21443726969532526,0.21405255414488567,1.605802707534849
77e4821c,5393,6.1232818223985666,1,336,0.06230298535138142,True,-1251.1318734047848,-1249.5231678099121,-543.3596687529758,-542.6610167901157,0.23199181780174016,0.23169352267938292,1.6087055948726174
7850c72e,5497,1.7521398438038955,0,0,0.0,False,-1324.1776353448074,-1322.569686274691,-575.0830400899462,-574.3847166816132,0.24089096513458386,0.24059845120514664,1.6079490701163195
78a4a386,5119,3.8624915153112815,0,0,0.0,False,-1136.5271518687443,-1134.9194955044845,-493.5874705898147,-492.88927430202,0.22202132288899087,0.2217072661661427,1.6076563642598103
79507629,5302,1.5936045566360297,0,0,0.0,False,-1136.9845499201954,-1135.3784055428755,-493.7861160395932,-493.0885763993832,0.21444446433802253,0.21414153254297916,1.606144377319879
796dbd4c,6248,5.5036711235635245,1,504,0.08066581306017925,True,-1363.6091748345457,-1362.0063899711133,-592.2079401032897,-591.511859481423,0.2182473071118031,0.21799077944480047,1.6027848634323618
7987f2f2,3705,9.395302307105467,1,888,0.23967611336032388,True,-817.0806849432158,-815.473370151507,-354.853632740568,-354.1555847958474,0.22053459782542936,0.22010077466977246,1.607314791708859
7993a768,5487,6.447925410831945,0,0,0.0,False,-1215.7447241996947,-1214.1356280531418,-527.9912251229182,-527.2924035456184,0.22156820196823304,0.22127494588174626,1.609096146552929
7a5660b0,4998,9.273930578932054,1,1576,0.3153261304521809,True,-1034.679307449773,-1033.0794214629482,-449.3555137649145,-448.6606921091622,0.20701866895753762,0.20669856371807688,1.5998859868248019
7acda2df,3091,2.4596460888839093,0,0,0.0,False,-710.958298163123,-709.3510319020085,-308.76526575557114,-308.0672388874198,0.23000915501880395,0.2294891724044026,1.607266261114546
7b2c7b3c,2584,5.327188035340326,1,306,0.11842105263157894,True,-631.3069207666717,-629.7006181254947,-274.17311207629893,-273.4755037029691,0.24431382382611136,0.243692189677049,1.6063026411770807
7b38844c,3749,19.08738217808574,1,2721,0.7257935449453188,True,-862.3880615800443,-860.7812826409418,-374.53037640345497,-373.83256117656435,0.23003149148574134,0.2296029028116676,1.6067789391025826
7bb17b96,3922,4.837541529475466,0,0,0.0,False,-851.9624347503228,-850.354607535985,-370.0025842009244,-369.30431371388363,0.21722652594347852,0.21681657509841534,1.6078272143378172
7c607683,5328,1.2476770766145735,0,0,0.0,False,-1185.564781829279,-1183.9566860732998,-514.8842426872884,-514.1858555740946,0.2225159125054953,0.2222140927314752,1.6080957559790932
7cbbd047,5121,1.4237033914090207,0,0,0.0,False,-1148.3147760524053,-1146.7079655872515,-498.70677072752795,-498.00894180904726,0.22423643351931366,0.22392266463332386,1.6068104651537851
7cd4bb31,6439,2.389138383949003,0,0,0.0,False,-1424.8660110123346,-1423.261085623031,-618.811446034155,-618.1144357937139,0.22128684749376218,0.22103759677326154,1.6049253893036166
7d50373e,5122,3.9787644228867842,0,0,0.0,False,-1181.895585433046,-1180.2872947264177,-513.2907309393852,-512.5922591602002,0.23074884526221126,0.23043484863850405,1.6082907066283951
7d57c75d,4405,4.468685270370822,0,0,0.0,False,-1006.811147806038,-1005.201880787273,-437.2525258108415,-436.553630024683,0.22856098701612668,0.22819565965658864,1.6092670187649674
7e208414,4226,9.463471813796746,1,1152,0.2725982016090866,True,-887.954730538712,-886.3568361116972,-385.6338396528515,-384.939882920535,0.21011706827702603,0.20973895790622274,1.5978944270148077
7e721392,6174,2.911753031128401,0,0,0.0,False,-1367.0571378650284,-1365.4488467503957,-593.7053714212348,-593.0068994648557,0.22142162906786983,0.2211611348802066,1.6082911146327206
7ff89f8f,7337,14.265698023110708,1,3695,0.5036118304484122,True,-1618.1935883501678,-1616.5855905174783,-702.7725460717,-702.0742014860506,0.22055248580484774,0.2203333229545425,1.6079978326895343
8050c789,3077,0.9108326649192707,0,0,0.0,False,-673.9583103943194,-672.3499220843394,-292.6963752370919,-291.99786106930986,0.2190309751037762,0.218508261970861,1.6083883099800005
807f0298,3747,15.951982555813274,2,985,0.26287696824125967,True,-662.4784406484515,-660.8895355985028,-287.7107311534934,-287.0206784580324,0.17680235939376876,0.1763783121426482,1.5889050499487212
811f52b3,4836,31.95938189569432,1,3195,0.6606699751861043,True,-1082.4772793597267,-1080.870817212537,-470.1139092115741,-469.41623156566317,0.2238373199668583,0.22350513176437906,1.6064621471896317
81bf5923,4543,16.65317775826682,4,3374,0.7426810477657936,True,-1013.0709073749306,-1011.4724808067193,-439.97110484965265,-439.276917011351,0.22299601747191958,0.22264417363123912,1.5984265682112664
81fc01c6,5909,11.569466172809353,3,1292,0.21864951768488747,True,-1290.1612339310554,-1288.5525770820502,-560.3099046617477,-559.611273868949,0.21833833710121095,0.218066098676942,1.6086568490052287
8255c867,3589,1.9238119357408399,0,0,0.0,False,-839.2832108679261,-837.6739682632234,-364.4960672339836,-363.7971820507176,0.23384876312842745,0.23340038123801155,1.609242604702672
82aab6d2,6140,7.790090346795488,2,1523,0.2480456026058632,True,-1303.111347336739,-1301.5019338371753,-565.9340674538574,-565.2351080518963,0.21223311845875228,0.21197099899628263,1.6094134995637432
82fcf37c,6014,1.1958088870251011,0,0,0.0,False,-1361.2677211180176,-1359.66086948229,-591.1910596745697,-590.493212875936,0.22634980397705645,0.22608261880317426,1.6068516357274802
833af382,3628,10.099317866478938,2,1507,0.41538037486218304,True,-821.7470231584293,-820.1402440226399,-356.8801976781295,-356.18238236581885,0.22650138455304006,0.22605850166004407,1.606779135789452
8382f4b6,4967,4.504405996115684,0,0,0.0,False,-1099.567675964916,-1097.961336758994,-477.5361741507458,-476.8385498975491,0.22137460760316408,0.22105120530682384,1.6063392059218131
84633df4,4972,15.911081672589352,1,3327,0.669147224456959,True,-1046.7396523713664,-1045.1320441070807,-454.59325501421245,-453.8950796159711,0.21052688100791764,0.2102035486941031,1.6076082642857727
8478df29,4857,10.235206794637328,2,1396,0.287420218241713,True,-1022.302595127343,-1020.7014031533528,-443.9803758991792,-443.28498706040745,0.21048025429840292,0.21015058743120296,1.6011919739902396
84815d5a,3647,1.4177003668870651,0,0,0.0,False,-787.1090620945757,-785.5032955177796,-341.83712232371823,-341.139746760191,0.21582370773089546,0.2153834097937427,1.6057665767960998
84c3b497,5312,20.51436107243134,2,3257,0.6131400602409639,True,-1339.0919123079166,-1337.48257204756,-581.5602282766013,-580.8613006820237,0.25208808590133974,0.2517851227499172,1.6093402603564755
85380836,6618,5.4792775610548015,1,305,0.04608643094590511,True,-1434.5510768220845,-1432.9427616840983,-623.0176166721991,-622.3191342826102,0.21676504636175348,0.21652202503537296,1.6083151379862102
8612b37f,5165,21.58303267472492,2,3052,0.5909002904162634,True,-822.6599112361882,-821.0504977373696,-357.2766599328955,-356.57770053125796,0.15927587826450887,0.158964278361543,1.6094134988186397
861e71df,4700,12.452660629835627,1,2290,0.48723404255319147,True,-1065.348492419864,-1063.7450502792587,-462.6749715618952,-461.9786054881792,0.22666989200422638,0.22632873410196994,1.6034421406052388
86454a6f,7964,5.0980007743290585,1,538,0.06755399296835761,True,-1779.4711151996432,-1777.8619214039923,-772.8144860374307,-772.1156220516666,0.22343936654942784,0.22323730806177702,1.609193795650981
8648abae,4244,8.24230029635924,1,881,0.20758718190386427,True,-980.7122513124548,-979.1061072594732,-425.9179190799142,-425.2203795805626,0.23108205733092713,0.23070360680006438,1.6061440529815627
865033f8,3557,3.5440539478635884,0,0,0.0,False,-834.4690447603238,-832.8599974426393,-362.40530145848624,-361.7065010872946,0.23459911294920544,0.23414675216267622,1.6090473176844853
87695469,7003,6.124244778430392,0,0,0.0,False,-1519.1963354925529,-1517.5873125846094,-659.778585432057,-659.0797956618811,0.21693507575218518,0.21670531380617014,1.6090229079434266
877ed19c,3708,22.068367478402354,1,2582,0.6963322545846817,True,-802.4279872440399,-800.8246588625512,-348.4900469848194,-347.79373031606,0.21640452730421786,0.2159721302218315,1.603328381488609
87aa3730,5607,2.008208950123282,0,0,0.0,False,-1303.350842145805,-1301.741745972436,-566.0380787278793,-565.3392571389335,0.2324506584886401,0.2321636786110997,1.6090961733689255
884ecb5f,6724,1.5545157904640052,0,0,0.0,False,-1714.8446516366253,-1713.2354578528953,-744.7475695270905,-744.0487055465035,0.25503341041591693,0.25479408950816407,1.6091937837300065
8902c3f6,4959,8.066597164431874,1,1007,0.20306513409961685,True,-1110.8815136781693,-1109.2726127958326,-482.44971143876063,-481.7509746636326,0.22401321106637817,0.22368877047707858,1.608900882336684
896d15b9,4279,2.1452311949305414,0,0,0.0,False,-972.3721209299388,-970.762707430375,-422.29584647643384,-421.5968870744727,0.22724284200279007,0.2268667229330159,1.6094134995637432
8995c945,6724,8.70322966174846,4,1962,0.2917906008328376,True,-1420.0306871980615,-1418.4214445933587,-616.7114915834007,-616.0126064001347,0.21118838298602938,0.21094905481757267,1.6092426047027857
89969c7a,4947,7.176887794922832,1,822,0.16616130988477865,True,-1066.351156873145,-1064.7419875022852,-463.1104232011557,-462.41156982294353,0.2155551155999889,0.2152298337380807,1.609169370859945
89f1085d,5994,25.001905222948178,2,4364,0.7280613947280614,True,-1121.4125290553427,-1119.803164383308,-487.0232733059054,-486.32433510947067,0.1870891773532437,0.1868206814119633,1.6093646720346442
89f36adf,5292,5.108865992336862,0,0,0.0,False,-1123.4527278012129,-1121.8673828892204,-487.9093203632227,-487.22081381603095,0.21229265453537657,0.2119930806668973,1.585344911992479
89fdb2f2,2031,1.9723212099750305,0,0,0.0,False,-421.1384181847001,-420.1388116182952,-182.8980911350793,-182.46396751921543,0.20735520343904484,0.20686302886178987,0.9996065664048501
8a3da6d1,4593,47.25000148032095,1,2805,0.6107119529719138,True,-1210.9653545587962,-1209.3575027855043,-525.9155712609,-525.217290108041,0.2636545513953399,0.2633044856924677,1.6078517732919408
8a89da23,3935,1.4940712529297708,0,0,0.0,False,-887.9413936145877,-886.3381967270327,-385.62804750029875,-384.93178793862916,0.22565219659837044,0.2252447768048368,1.6031968875549865
8a9c8932,4663,1.9563640688344264,0,0,0.0,False,-1055.6233632549247,-1054.014120647242,-458.45140162976566,-457.75251644520546,0.22638287867358453,0.2260377698149779,1.609242607682745
8ac2f237,5319,3.075496166735036,0,0,0.0,False,-1193.576985264585,-1191.9712076808967,-518.3638984271281,-517.6665180833684,0.22439875639492102,0.22409686175613774,1.6057775836882229
8b12bab6,5234,8.669341266392173,2,1544,0.2949942682460833,True,-1128.953584075448,-1127.3447075952538,-490.29831188886584,-489.59958571145364,0.21569613757650896,0.2153887481076144,1.6088764801941124
8b5be31b,5672,7.872224230657855,1,1106,0.1949929478138223,True,-1226.9629380826518,-1225.3712376130734,-532.8632335090969,-532.1719667783161,0.21631927681287938,0.21603865261161379,1.5917004695784271
8b95d6d1,1731,4.766781242583449,0,0,0.0,False,-381.9901605460546,-380.3890611213531,-165.89621886648877,-165.20087022136244,0.22067600262625917,0.21975104628616587,1.6010994247014878
8b9d8326,6163,4.629532068471632,0,0,0.0,False,-1358.7417379676826,-1357.1325930043286,-590.0940391309987,-589.3951963528316,0.2204675868842581,0.22020648921050276,1.6091449633540833
8bb9c1e6,4546,16.71618334393331,1,2939,0.6465024197096348,True,-992.4759474966254,-990.8714847904747,-431.02682741948587,-430.33001811978505,0.21831851022803023,0.21796557078541018,1.6044627061506844
8bda1a11,5981,2.3775212168557553,0,0,0.0,False,-1319.6197458784936,-1318.0107229437276,-573.1035738456012,-572.4047840637766,0.22063530277185983,0.2203662803784865,1.609022934766017
8bfa881d,4089,3.548273946944973,0,0,0.0,False,-896.8119290440538,-895.2046261247015,-389.48047208884316,-388.78242930022145,0.2193230445204338,0.2189299648140625,1.607302919352378
8c167025,5368,19.516365819795585,2,3310,0.6166169895678092,True,-1187.3060464666096,-1185.6967306185275,-515.6404643108144,-514.9415473183528,0.22118219941628345,0.22088240138199094,1.609315848082133
8c8348e8,3888,4.428241677181978,0,0,0.0,False,-837.1006115307094,-835.4967071511738,-363.5481763856247,-362.8516095640919,0.21530365522909192,0.21489112838250357,1.6039043795356065
8cc21f01,4044,13.268797425163903,2,2198,0.5435212660731948,True,-863.3947450849756,-861.7871374559866,-374.96757349466964,-374.26939837233414,0.2135001842445538,0.2131026551572667,1.607607628989058
8cc800b3,6576,4.6288054899797855,1,472,0.07177615571776155,True,-1484.3928963141898,-1482.7840686043285,-644.6636438456384,-643.9649388489125,0.22572884676310673,0.22548419534737354,1.6088277098613162
8d5d46d7,5755,56.42298016803102,1,5348,0.9292788879235447,True,-1232.663180585225,-1231.0565244766474,-535.3388173734749,-534.6410554912034,0.2141899531859644,0.2139107774937702,1.6066561085776812
8d92cb49,3589,1.700057124325069,0,0,0.0,False,-803.5360257235245,-801.9300029013975,-348.9712619821961,-348.27377513273564,0.22388855550948022,0.2234410707443292,1.606022822126988
8f201368,6349,17.707447345809392,2,5100,0.8032761064734604,True,-1407.0784832103122,-1405.4692406026295,-611.0864208630359,-610.3875356784757,0.22162206382269842,0.22136859987441007,1.609242607682745
90386ee4,3840,3.815888362063498,0,0,0.0,False,-867.2306907233469,-865.6238624982316,-376.63350351829513,-375.93566688676117,0.22584132570920493,0.22542288085891446,1.6068282251153505
91abc4c7,5848,1.5411122840446658,0,0,0.0,False,-1298.706165818273,-1297.0971429013903,-564.0209214286054,-563.3221316545474,0.22207697773910276,0.22180183702144157,1.6090229168826227
91b301ce,6570,42.3535136806129,1,5025,0.7648401826484018,True,-1488.7276616855174,-1487.1189072875516,-646.5462085267513,-645.8475353689771,0.2265947734681153,0.22634990978501546,1.6087543979658676
91db7070,4073,47.654410709021185,3,3535,0.8679106309845322,True,-890.276214695547,-888.6686801544242,-386.64204741199075,-385.94390403131223,0.21857996923534176,0.2181852885230602,1.6075345411227318
925a7cd1,4517,2.4152999050621053,0,0,0.0,False,-1012.4374660186638,-1010.8310524944536,-439.6960047640167,-438.99834823479745,0.22413935488569045,0.2237837176210878,1.606413524210211
9283ae69,3371,14.300276715984955,2,2636,0.7819638089587659,True,-700.8922950582489,-699.2944772461576,-304.3936561523033,-303.6997326934253,0.20791821271380864,0.207444223448875,1.5978178120913071
9298ad5b,3964,2.0707013603155153,0,0,0.0,False,-852.2364589282353,-850.6315790305939,-370.12159138929985,-369.42460090563674,0.21499406128361132,0.21458919753546768,1.6048798976413536
9314ff13,2748,6.288091033546056,1,401,0.14592430858806404,True,-631.9003513501051,-630.2909500583177,-274.4308357040767,-273.7318816038854,0.22994918171401205,0.22936351894407483,1.6094012917874352
93209a3d,4697,14.852914741889602,3,2973,0.6329572067276985,True,-1016.2215370467984,-1014.6122211987163,-441.3394059306655,-440.640488938204,0.21635544752965688,0.21601282120475118,1.609315848082133
939d9c34,5101,14.007818937945256,3,2122,0.4159968633601255,True,-1125.2011093221745,-1123.591769064798,-488.66863281003793,-487.96970521675456,0.22058441664814243,0.22026892159670614,1.609340257376516
93f5d2e6,3691,24.535210823155325,1,1483,0.4017881332972094,True,-799.6570841488777,-798.0531938266015,-347.2866590607019,-346.5900983441593,0.21665052401757728,0.21621598315540544,1.6038903222762428
940a48d9,3963,5.709385761696567,1,442,0.11153166792833712,True,-844.7054838457522,-843.1037495504131,-366.85093046762654,-366.1553061016856,0.2131479898677144,0.21274381770134068,1.6017342953390425
940e709a,3348,23.191209076106148,1,3139,0.9375746714456392,True,-730.131533067793,-728.5327895016698,-317.09209587490415,-316.39777036615845,0.21807990832371357,0.21760238635055848,1.5987435661232894
9426ec1e,2532,2.9650617987787244,0,0,0.0,False,-550.1594910906174,-548.5692827189982,-238.93123114735636,-238.2406124264858,0.2172825794196751,0.21665453503909882,1.5902083716191555
94467f50,3035,9.329959734900338,1,1083,0.356836902800659,True,-692.9163953391676,-691.3071039084261,-300.9297669160926,-300.23086052794736,0.22830853223695802,0.22777828794346824,1.6092914307414503
944f36b9,4630,6.53338599997557,1,324,0.06997840172786177,True,-1010.9497042334336,-1009.3413890239201,-439.0498780303047,-438.3513956096519,0.2183476683009576,0.21800030000516632,1.6083152095135347
94d813a4,4847,10.393277565835476,2,2622,0.5409531669073654,True,-1079.4730231652702,-1077.8637561375654,-468.80917732409796,-468.11028153405687,0.22270951581705595,0.22237750281360952,1.6092670277048455
95b559e7,2887,3.516761900623043,0,0,0.0,False,-766.0635500812023,-764.4541854099126,-332.69717258748153,-331.9982343913704,0.26534934190550824,0.2647918896466618,1.6093646712896543
95c8427f,6335,1.9013372452891708,0,0,0.0,False,-1650.8066651040417,-1649.197446908037,-716.9362253437947,-716.2373507610915,0.26058510893512893,0.2603310886989798,1.6092181960048038
96936c22,3346,4.616856901117723,1,295,0.0881649731022116,True,-736.2310049619814,-734.6228726396106,-319.7410628610741,-319.0426598672982,0.22003317542199086,0.2195525620560701,1.6081323223708068
96ae5806,9839,5.318867639408203,1,769,0.07815834942575466,True,-2121.121157174367,-2119.514256648584,-921.1912140090676,-920.4933459777525,0.21558300205044892,0.21541968255397742,1.6069005257832032
96b7eea1,4332,6.3068544270931195,1,575,0.1327331486611265,True,-834.3174905208133,-832.7106028393588,-362.3394822885578,-361.6416198354638,0.1925940652171776,0.19222313084934414,1.6068876814545092
9719aa04,4871,2.4666200203892363,0,0,0.0,False,-1109.9647597127882,-1108.3581770064839,-482.0515702503327,-481.35384024626353,0.2278720508546065,0.22754222480116687,1.6065827063043798
974802e7,5843,16.56046500935775,2,2749,0.4704774944377888,True,-1333.766880631319,-1332.1575647862173,-579.247596403495,-578.5486794123278,0.2282674791427895,0.22799205284720475,1.6093158451017189
97cd5bf9,3449,40.488869938501175,1,2368,0.6865758190779936,True,-728.8471095548914,-727.2402196149005,-316.5342778308242,-315.8364143968603,0.21132128430121525,0.21085538405766904,1.6068899399908787
98177ced,4772,10.813558797007865,2,2612,0.5473595976529757,True,-1105.073374880953,-1103.4645228541583,-479.9272688090014,-479.22855325156564,0.2315744708468049,0.23123732666683955,1.6088520267946933
9896fc0b,3595,18.45782640835586,2,1256,0.3493741307371349,True,-773.4490916802213,-771.841191056875,-335.9046725498024,-335.2063701816343,0.21514578349936614,0.21469852324252434,1.6079006233462678
98bc6f66,6063,1.6745430925044282,0,0,0.0,False,-1334.2209206755267,-1332.612239267141,-579.4447834892575,-578.7461420304552,0.22005952839774479,0.21979420076977418,1.6086814083857917
992c99e8,4904,1.7141072041118477,0,0,0.0,False,-1081.3190522542625,-1079.7145653389139,-469.6108975708802,-468.9140777572583,0.22049735975821014,0.22017018053403628,1.604486915348616
992ce078,2879,8.38372950119268,1,644,0.22368878082667593,True,-632.330832263396,-630.7236513903603,-274.6177911892836,-273.9198014047037,0.21963557911198195,0.21907733636344573,1.6071808730357589
99529c45,5840,5.804386217577224,1,399,0.06832191780821918,True,-1253.7941686588154,-1252.208168796711,-544.5158888909986,-543.8270979025873,0.21469078230459168,0.21441920698573821,1.585999862104245
995ff498,4526,6.464601037249898,1,514,0.11356606274856386,True,-994.4878101377456,-992.8821278115655,-431.9005682628716,-431.20322928892205,0.21972775301320052,0.2193729844921709,1.6056823261800446
999daf80,3564,5.49900241006411,0,0,0.0,False,-777.9400216179001,-776.3324384435147,-337.8550586403504,-337.1568941385143,0.2182772226761785,0.21782616117943734,1.6075831743854678
9a6b0392,4255,5.879656138204455,0,0,0.0,False,-886.2319429118539,-885.4845856570146,-384.88564249301584,-384.5610693612287,0.20828012759385522,0.20810448546580837,0.7473572548393577
9a8ae0d6,6294,4.7651902220582105,0,0,0.0,False,-1315.7095641444382,-1314.1133635986155,-571.405403495262,-570.7121824062002,0.2090418754598726,0.20878826876368214,1.5962005458227395
9a95e33f,6447,2.672195700301668,1,146,0.02264619202729952,True,-1679.2729560390062,-1677.6636157756698,-729.2989784171023,-728.6000508212305,0.2604735467719879,0.2602239205484209,1.6093402633364349
9ab94eeb,4442,6.030749054109984,1,598,0.13462404322377308,True,-926.5233111815174,-924.9847325843681,-402.38396140086246,-401.71576520614605,0.20858246537179592,0.20823609468355878,1.5385785971493533
9ad5410a,4205,16.923534490929985,1,1533,0.3645659928656361,True,-930.3439978859246,-928.7372198084344,-404.0432645536676,-403.34544970097045,0.22124708629867412,0.22086497498416988,1.6067780774902758
9ae248be,5271,13.691137632263395,1,4154,0.7880857522291785,True,-1227.1512042821553,-1225.5419372633903,-532.9449964806702,-532.2461006945116,0.23281183917324139,0.23250653334535956,1.6092670187649674
9af1ffd0,3525,4.53631106537497,0,0,0.0,False,-735.5366111457278,-733.9348058918504,-319.4394914584074,-318.74383627556483,0.20866286841013554,0.20820845557215614,1.6018052538773873
9b5b61c1,5532,1.278573875247266,0,0,0.0,False,-1206.151358171965,-1204.5424572717538,-523.824879194197,-523.1261424113061,0.21803169887418022,0.2177408635704544,1.6089009002112107
9b9e3b49,5118,7.47610496183354,2,1167,0.22801875732708088,True,-1078.6617980840638,-1077.0540420881996,-468.45686674774845,-467.7586271904978,0.21075845996171624,0.2104443224087924,1.6077559958641814
9bd2bba3,7439,1.1939395126724794,0,0,0.0,False,-1781.9676737033906,-1780.3583822681787,-773.8987276193568,-773.1998212292701,0.2395439808715406,0.239327649182441,1.6092914352118441
9c211c53,7265,2.3562620549455535,0,0,0.0,False,-1637.1240112108817,-1635.5147197786503,-710.9939242602032,-710.2950178714109,0.22534397951973595,0.22512246659031662,1.60929143223143
9c350a6a,6052,26.11142253705095,1,4394,0.7260409781890285,True,-1370.1462335727622,-1368.5370153797378,-595.0469486411746,-594.3480740597657,0.22639561030614047,0.22612971172831095,1.6092181930243896
9c8375f7,3674,1.6811484218019677,0,0,0.0,False,-835.8899063666204,-834.2824817336198,-363.02237381364904,-362.3242781654615,0.2275149445744748,0.2270774310652204,1.607424633000619
9d072e4c,5107,3.703218754763585,0,0,0.0,False,-1157.1722476622124,-1155.5663715515732,-502.5535217712819,-501.85609863781104,0.22658551941692037,0.22627107334082106,1.6058761106392012
9d3ec64c,3480,8.763156485090377,2,1143,0.328448275862069,True,-747.0856547674084,-745.4786076464738,-324.4551773745633,-323.75724567778286,0.21467978585270356,0.21421799070300973,1.607047120934567
9d4272e3,4030,14.34217532496121,2,2524,0.6263027295285359,True,-842.0025289664908,-841.0542125119699,-365.67705207872984,-365.2652034754334,0.20893363001649895,0.20869831575979403,0.9483164545208638
9d5e14d4,5400,4.069209325606454,0,0,0.0,False,-1184.8714660442454,-1183.2630287853292,-514.5831394676319,-513.8846040415971,0.21942064186004545,0.2191227831083943,1.608437258916183
9da441ba,5783,10.530412105822284,2,2671,0.4618710012104444,True,-1072.9137452345612,-1071.3045758637013,-465.96051911352123,-465.26166573530907,0.18552892015122968,0.18525066157075934,1.609169370859945
9dede370,6297,10.876224251456138,4,2265,0.35969509290138163,True,-1350.241636618912,-1348.6333459152647,-586.4024920196092,-585.7040202417188,0.21442617700792632,0.2141707711474138,1.6082907036472989
9def2eb2,6003,15.136336853960682,2,3144,0.5237381309345327,True,-1380.5676968475163,-1378.9601133921515,-599.5729326347576,-598.8747680108937,0.2299796263280887,0.2297118296505333,1.6075834553648747
9df1b1f9,4701,18.834004108372884,1,3870,0.8232291001914487,True,-1004.029483564324,-1002.4302059213182,-436.04446438015754,-435.3499069247689,0.2135778522791585,0.21323765282308407,1.5992776430057347
9dfff011,4319,8.026991334682602,1,1390,0.32183375781430884,True,-916.0760763373446,-914.4867722600673,-397.8467849568908,-397.1565589660629,0.2121037453895218,0.2117357657467162,1.5893040772773475
9e3e364d,4290,10.04177579095633,2,2217,0.5167832167832168,True,-902.458152779102,-900.8524182595646,-391.93259590056573,-391.2352342593291,0.21036320577601444,0.2099889086852132,1.60573451953735
9efc812e,4450,7.366895235767662,1,623,0.14,True,-1056.2818814234106,-1054.6733955360078,-458.7373924365721,-458.03883589145386,0.23736671492660913,0.23700525742382197,1.6084858874028214
9f0c7bae,2542,5.84392289139108,0,0,0.0,False,-544.412713559713,-542.8320338186344,-236.43543737695896,-235.74895688775229,0.21416707850500116,0.21354525327247614,1.5806797410785975
9ffce529,5212,2.1896392440405146,0,0,0.0,False,-1219.07754582771,-1217.46952332718,-529.438651165133,-528.7402958663765,0.23389822444890832,0.23358970132908288,1.608022500530069
a0383629,5832,1.6751379843177152,0,0,0.0,False,-1215.642148074969,-1214.0486754706933,-527.9466768779748,-527.2546405188738,0.20844344102794396,0.20817021184339735,1.593472604275803
a056d01e,6557,4.693362875424229,1,402,0.06130852524020131,True,-1473.3194644870246,-1471.7101730547931,-639.8545135073687,-639.1556071185764,0.22469413824722045,0.22444870719151946,1.60929143223143
a08d9e63,3685,4.916437695303877,1,333,0.0903663500678426,True,-774.4148099742924,-772.8065558558156,-336.3240786759905,-335.6256227868379,0.21015327272029646,0.20971684012369488,1.6082541184767933
a0b83014,5035,3.0375603478502367,0,0,0.0,False,-1058.8283662650208,-1057.2290688157063,-459.84331675153373,-459.14875069437454,0.21029361792751158,0.20997598188991187,1.599297449314463
a0e92ed6,4897,4.228899626528824,1,222,0.04533387788441903,True,-1071.3823500827748,-1069.7749134122732,-465.29544264948703,-464.59734177347923,0.21878340822601078,0.21845515895696818,1.6074366705015564
a15bc102,3236,2.8131836850522496,0,0,0.0,False,-669.3732876015904,-668.4099681006326,-290.705125138809,-290.28676079523325,0.206852066625955,0.20655437827584444,0.963319500957823
a247e7cf,5674,1.32838012714914,0,0,0.0,False,-1209.707217935029,-1208.0992444729134,-525.3691694677175,-524.6708354660739,0.21320183608301532,0.2129184428045318,1.607973462115524
a2e8e7f6,4760,23.456023272695376,1,2550,0.5357142857142857,True,-1052.804667524436,-1051.2014727424496,-457.2272576278501,-456.5309989806174,0.22117745116059578,0.22084064553412808,1.6031947819863035
a3518960,4967,4.728197081583023,1,316,0.06361989128246426,True,-1064.1169749899905,-1062.5102214676533,-462.14013033773347,-461.44232614920384,0.2142373615844555,0.21391387587430105,1.6067535223371578
a3f71395,5543,26.636454827309112,1,2764,0.4986469420891214,True,-1362.1181071170454,-1360.5104014487972,-591.5603776214352,-590.8621599211905,0.24573662405142438,0.24544658153505272,1.6077056682481725
a4719920,5884,0.840755049107869,0,0,0.0,False,-1318.7577518175142,-1317.1490950310967,-572.7292145814845,-572.0305838158671,0.2241260625114742,0.2238526674084121,1.6086567864174413
a48640d9,4532,4.676145523071983,1,265,0.05847308031774051,True,-849.6884770277646,-848.079063528201,-369.0150169099361,-368.316057507975,0.1874864247634079,0.18713130263199493,1.6094134995636296
a4cdbb0f,5204,1.2360779135353739,0,0,0.0,False,-1198.39968693656,-1196.7928838631035,-520.4583711511325,-519.7605454428251,0.23028433645975405,0.229975573378767,1.6068030734566037
a4f989c2,5385,17.288551113013572,1,938,0.17418755803156918,True,-1346.881236758109,-1345.2735074007596,-584.943088903074,-584.2448609147833,0.2501172213106981,0.24981866432697486,1.607729357349399
a5aa7973,4616,2.4270889970206615,0,0,0.0,False,-1000.7470301526934,-999.1401784456503,-434.61891297638186,-433.92106614677624,0.21679961658420566,0.21645151179498492,1.6068517070430062
a5e6f7dc,5649,5.764015809027924,1,523,0.0925827580102673,True,-1227.4717102781694,-1225.8623456061348,-533.084190466156,-532.3852522697213,0.21729008856048318,0.2170051948320295,1.6093646720346442
a612d5a0,5329,16.170285349298236,1,2725,0.511352974291612,True,-1211.413753642637,-1209.8049987532363,-526.1103085087025,-525.411635137501,0.22732478019190033,0.22702289336709258,1.6087548894006432
a622ce4d,6298,5.600511575659711,1,536,0.0851063829787234,True,-1318.1499529359498,-1316.5416134119318,-572.4652508811141,-571.7667579008062,0.20929659462304698,0.2090412215642953,1.6083395240179925
a645da9a,5153,2.2859624917803534,0,0,0.0,False,-1117.275348587582,-1115.668790167309,-485.22651865811895,-484.5287992013392,0.2168203665025387,0.2165085950256761,1.6065584202729042
a692b17e,3566,10.219938802080511,2,1120,0.3140773976444195,True,-787.4118740431879,-785.8027290828142,-341.96863188205486,-341.2697891051821,0.22081095738732134,0.2203597109037617,1.6091449603737829
a6b8ac67,5453,32.11752125484812,1,4916,0.9015220979277462,True,-1342.8846259068134,-1341.2756761326016,-583.2073828640416,-582.5086248554419,0.2462652899150584,0.24597023219009748,1.608949774211851
a6ed2eff,5275,8.123349540273463,1,740,0.14028436018957346,True,-1136.5309455362526,-1134.9354005232997,-493.5891181586797,-492.896181763926,0.2154561034191948,0.21515363043095728,1.5955450129529254
a6f967fb,4670,12.785495553911945,1,2694,0.5768736616702356,True,-1088.907292478871,-1087.2985867737411,-472.90642842778396,-472.2077764170398,0.23317072644087175,0.2328262498444842,1.608705705129978
a76db406,4672,9.300661993744571,4,2068,0.4426369863013699,True,-1201.099455734833,-1199.4903107655196,-521.630865842637,-520.9320230618818,0.2570846437788598,0.2567402206261814,1.6091449693135473
a7744f5b,4377,2.0034748810320475,0,0,0.0,False,-990.7794906253524,-989.1711754218218,-430.2900655615051,-429.5915831434507,0.22636040452943854,0.22599295760151286,1.6083152035306512
a783cc24,1889,2.4809539954956294,0,0,0.0,False,-477.8473663045859,-476.2478760426551,-207.5264743780835,-206.83182458346897,0.25296313727082365,0.2521163981168105,1.5994902619307823
a79fd2e7,4404,11.561132342100498,2,1471,0.3340145322434151,True,-975.079466609154,-973.4710293949314,-423.47163176552164,-422.7730963588969,0.22140768996574794,0.22104246807332684,1.6084372142225902
a7fc3e6b,4764,10.259854011915591,1,899,0.18870696893366917,True,-1039.8110752357588,-1038.2019302753852,-451.58421219677706,-450.88536941990435,0.218264289512124,0.21792651769004726,1.6091449603736692
a85bb86f,3099,3.2869976148981057,0,0,0.0,False,-692.760270585437,-691.1552101052013,-300.8619627970589,-300.16489388737153,0.22354316572618166,0.22302523720722855,1.605060480235693
a85e4bc3,4581,9.411566997643133,1,963,0.21021611001964635,True,-1003.7240325138358,-1002.1147899091332,-435.911808674439,-435.212923491173,0.21910587917787291,0.21875459286381427,1.609242604702672
a87433c9,5721,3.803578468037022,1,274,0.0478937248732739,True,-1227.2622427248302,-1225.655098639115,-532.993219863603,-532.2952460555534,0.2145188328482486,0.2142379127144057,1.6071440857151629
a8ed028a,5538,5.509044464618662,1,495,0.08938244853737812,True,-1266.0967076489649,-1264.488465815741,-549.8588136878201,-549.160363134085,0.22861984609045952,0.22832944489269427,1.6082418332239286
a959858c,4404,2.39108163994652,0,0,0.0,False,-992.5394524906236,-990.9301366425415,-431.0544072879526,-430.35549029549105,0.2253722644165812,0.2250068430160176,1.609315848082133
a9c9b150,3986,35.7456719256379,1,3582,0.8986452584044154,True,-829.8676700227177,-828.2644607247878,-360.4069498007749,-359.71068484934796,0.2081956021130752,0.2077933920533838,1.6032092979298795
aa95015b,4300,4.551133456636482,0,0,0.0,False,-918.115858700074,-916.5186964882363,-398.73265118130774,-398.03901244600223,0.2135153159767614,0.213143882904241,1.5971622118377127
aaaf3c03,2997,4.117092938735067,1,169,0.05638972305638972,True,-718.5925005400507,-716.9833311699357,-312.0807577216035,-311.38190434371484,0.23977060411746767,0.2392336774007126,1.6091693701149552
aaeffccb,2712,4.619714343426535,0,0,0.0,False,-589.145683285537,-587.5497729061751,-255.86271928802955,-255.16962421666057,0.2172366088810977,0.2166481463518345,1.5959103793618397
ab112491,5185,31.315196810950933,1,4275,0.8244937319189971,True,-1176.7857434799578,-1175.1772574495421,-511.07155477576123,-510.37299816853323,0.2269596419440613,0.22664942284465614,1.6084860304156336
ab18d3fc,5694,7.070124828786015,2,1093,0.1919564453811029,True,-1239.6143729058194,-1238.006643426341,-538.3576818409572,-537.6594537996266,0.217705369319603,0.21742301430037603,1.6077294794783938
ab3ced07,4250,12.397202637086986,2,1416,0.3331764705882353,True,-916.145356333304,-914.5436740189116,-397.87687287684224,-397.1812710859396,0.21556361325489506,0.2151867468279792,1.6016823143924057
ab6fe95d,5491,7.775423849749549,2,1303,0.23729739573848116,True,-1173.0793601805813,-1171.4776714506536,-509.46189296102364,-508.7662883838894,0.21363674379540726,0.2133450503461398,1.6016887299276732
ab94878e,6004,8.451716496047247,4,1511,0.2516655562958028,True,-1088.5560483872157,-1086.9473912523233,-472.7538850569769,-472.05525414001886,0.18130513797255424,0.18103720707067344,1.6086571348923826
abf460d2,3217,19.51366448751628,1,2275,0.7071806030463165,True,-695.7378028604065,-694.1303661601052,-302.155088633767,-301.4569877448173,0.21626913362151276,0.21576946414675324,1.6074367003013776
ac6f01d5,5004,6.149026709128292,2,417,0.08333333333333333,True,-1200.6787428482105,-1199.0749145378402,-521.4481525575112,-520.7516187723973,0.23994379353481424,0.23962328428014393,1.603828310370318
ad2133a8,5729,15.099216502961951,2,1922,0.33548612323267585,True,-1237.521273527443,-1235.9122993886272,-537.4486603308533,-536.7498917408404,0.21600999712470642,0.21572914983219185,1.6089741388159382
add9c322,3932,21.256793375133984,1,3717,0.9453204476093591,True,-604.8045220280828,-603.1950841156487,-262.66326654693006,-261.964296542594,0.1538160025503771,0.1534066846682728,1.6094379124341458
ae069086,4770,8.130014066358255,1,1100,0.23060796645702306,True,-1097.589865520962,-1095.9820385240973,-476.677221988686,-475.9789515960926,0.23010269717420584,0.229765626524968,1.60782699686456
ae0784a8,7823,2.1507804518123868,0,0,0.0,False,-1464.9855592727122,-1463.3761213602781,-636.2351444600881,-635.5361744557521,0.1872664654573325,0.1870607339077436,1.6094379124340321
ae35f33a,4450,5.970817066925157,1,406,0.09123595505617978,True,-939.201776793781,-937.7130331787957,-407.8901490552687,-407.2435959183118,0.21105657905478226,0.21072202992781927,1.4887436149853102
ae8959c3,4518,2.6188241677796174,0,0,0.0,False,-1191.4449732452,-1189.8357794644498,-517.4379773717578,-516.739113392465,0.26371070678291275,0.26335453286065735,1.6091937807500472
aed44918,2719,21.22505979421336,1,2196,0.8076498712762045,True,-577.8285627080837,-576.2243310373924,-250.94775627020786,-250.25104730793217,0.21251510213611025,0.21192509416601413,1.6042316706913198
aee6393a,5865,20.976607543778147,1,5155,0.8789428815004262,True,-1265.615435397969,-1264.0074131059762,-549.6497998049193,-548.9514445967295,0.21579120808149513,0.21551703548268988,1.608022291992711
af7a59ce,3024,0.49094799077521156,0,0,0.0,False,-649.7799135568451,-648.1719273461898,-282.1958309093098,-281.49749137104567,0.21487431003863927,0.2143425685668617,1.6079862106553264
aff4e561,6026,7.103205413534271,1,1198,0.19880517756388982,True,-1298.110311385432,-1296.5067490442984,-563.762145136405,-563.0657268602629,0.21541823952629138,0.215152132267557,1.603562341133511
b04b58a3,3402,3.497797945653971,0,0,0.0,False,-583.9744461210615,-582.3678024348285,-253.61687952288483,-252.91912303556913,0.1716562157910234,0.17118395133298897,1.606643686233042
b0d42b0d,4971,22.90543000317309,1,4453,0.895795614564474,True,-1055.756091901322,-1054.1966555268064,-458.5090449484865,-457.83179033615517,0.21238304001233593,0.2120693332381425,1.5594363745155988
b0f53bf4,2755,5.934228377008344,1,453,0.16442831215970963,True,-577.8865841706106,-576.2831438022412,-250.97295467121523,-250.27658936717148,0.20975919570621074,0.20917718468320914,1.6034403683694336
b19b0395,5813,55.97093048462987,1,4562,0.7847927060037846,True,-1467.8581071804806,-1466.2492551119683,-637.4826761654347,-636.7839605898811,0.2525130065681198,0.25223623862239264,1.6088520685123058
b1efb8a4,5998,7.653165719445967,1,1503,0.25058352784261423,True,-1309.080849474976,-1307.4752910832303,-568.5265892922034,-567.8293041422949,0.2182528925433438,0.21798521025062192,1.605558391745717
b32902c0,3808,13.244018323215045,1,1673,0.43933823529411764,True,-798.6211782456988,-797.1013198798017,-346.83677084318026,-346.17670474159667,0.20972194806872343,0.20932282559868742,1.5198583658971074
b32e4903,5770,1.5671423482806788,0,0,0.0,False,-1241.6510959122486,-1240.0418044770367,-539.2422194038148,-538.5433130137282,0.21519083118063234,0.21491192451941712,1.6092914352118441
b3388334,6080,7.643137682657639,3,1518,0.24967105263157896,True,-1488.514721168013,-1486.9054785633102,-646.4537296350255,-645.7548444517595,0.2448215001921074,0.2445568221321234,1.6092426047027857
b37fd114,8161,4.393996938792556,0,0,0.0,False,-1946.7243993334264,-1945.116133017018,-845.4516644169295,-844.7532032302825,0.23853993374996035,0.2383428664400218,1.6082663164083897
b38e3116,6211,3.1180776826232512,0,0,0.0,False,-1424.0847636253593,-1422.4815427766373,-618.4721546049902,-617.775884637118,0.2292842961882723,0.22902617014597285,1.6032208487220032
b4d8dd4f,4259,26.707591100320187,1,1339,0.31439305001173984,True,-1044.746231241263,-1043.1377449040701,-453.7275232172992,-453.02896647683957,0.24530317709351093,0.24492550948675043,1.6084863371929714
b4f37e6e,2992,0.8759609199838072,0,0,0.0,False,-713.1588805117331,-711.5500527013345,-309.72096652654614,-309.02226148615756,0.238355240812745,0.23781753098306635,1.6088278103985658
b56bc0aa,5602,5.537163568552723,0,0,0.0,False,-1192.5425920052412,-1190.9357891348004,-517.9146671424772,-517.2168415223384,0.2128780064272119,0.21259117978129247,1.606802870440788
b585b4fa,4294,1.726465149297049,0,0,0.0,False,-983.217691648619,-981.6121318621358,-427.0060179926482,-426.30873223701275,0.22897477681616651,0.22860086908759567,1.6055597864832407
b5aa9634,7326,3.28348142629992,0,0,0.0,False,-1797.0888624251158,-1795.4797174647422,-780.4657764410198,-779.7669336641471,0.24530287502390333,0.24508322651716383,1.6091449603736692
b7974e66,5558,5.121557304654148,0,0,0.0,False,-1208.4941063265712,-1206.8920308788636,-524.8423217902315,-524.1465492636994,0.21743326850064254,0.21714502174862604,1.602075447707648
b7cdcecb,6168,4.830212457136732,1,590,0.09565499351491569,True,-1401.9409580667343,-1400.3319839011024,-608.8552220425408,-608.1564534408819,0.2272926326307935,0.22703177430303217,1.6089741656319347
b7fea9ef,3866,6.002949287213032,1,581,0.15028453181583032,True,-855.8173565464558,-854.2107815586121,-371.6767554651535,-370.97902881316924,0.2213702422520579,0.22095467707154995,1.6065749878437146
b85f7b06,3803,11.038685765765399,3,2510,0.6600052590060479,True,-806.9454444418717,-805.3440370405572,-350.45195371807193,-349.756471320402,0.21218654863052108,0.21176545807009128,1.6014074013145319
b881d27e,4009,2.111986384063004,0,0,0.0,False,-857.4950293006818,-855.8899710723124,-372.4053594847533,-371.7082915530391,0.21389249920196604,0.21349213546328571,1.605058228369444
b8c49c1a,4319,29.64960103393416,1,3269,0.7568881685575365,True,-941.229539235424,-939.6250265810725,-408.7707950942849,-408.07396410235606,0.2179276543726381,0.21755615341076,1.604512654351538
b95e7121,6306,14.53875999111774,3,2884,0.45734221376466855,True,-984.8778657979756,-983.268891715772,-427.72702246471215,-427.0282538992858,0.156181076085946,0.1559259263742106,1.608974082203531
b977be4a,5917,22.772492929372216,1,3677,0.6214297786040223,True,-1325.4163915521644,-1323.8071489355414,-575.6210250752248,-574.9221398867818,0.22400141821060748,0.22372944886522586,1.609242616623078
ba48188d,4166,2.444745832872954,0,0,0.0,False,-938.615295449518,-937.0059796014359,-407.63544344371604,-406.9365264512545,0.22530371950300482,0.22491742189184732,1.609315848082133
bb2cdd83,3825,3.606903586234676,0,0,0.0,False,-798.8888545560654,-797.6780109087883,-346.9530211877087,-346.42715847324865,0.2088598312564877,0.20854327082582702,1.2108436472771018
bb337fa0,6873,10.47603072369371,2,1323,0.1924923614142296,True,-1506.0923612596498,-1504.4884069398431,-654.0876017317047,-653.3910132213878,0.21913172723114357,0.21889835689507392,1.6039543198066895
bb682ebd,4139,40.585273441314946,1,3809,0.920270596762503,True,-876.1424105403867,-874.5355592030711,-380.50381425910336,-379.80596759006835,0.21167973194983974,0.21129150983403505,1.606851337315561
bc4381e2,4955,8.056797142572952,4,1471,0.29687184661957616,True,-932.8522046600368,-931.2427667476027,-405.13256491513687,-404.4335949108009,0.18826482435116787,0.18794001347075734,1.6094379124341458
bcebcc5f,6258,4.569060583701006,2,457,0.07302652604666028,True,-1413.0170407714254,-1411.4094328853716,-613.6655036422922,-612.9673284083149,0.22579371057389347,0.2255368221293339,1.6076078860537564
bd2c2f34,9823,6.581419545848138,1,1035,0.10536495978825205,True,-2063.89792497752,-2062.289463484511,-896.3394800293083,-895.6409340785408,0.21010871678484372,0.20994497235920911,1.60846149300869
bd4ae5da,5006,4.628651112986348,0,0,0.0,False,-1081.912224653514,-1080.3061775197134,-469.86850907069237,-469.1710116628063,0.21612309721404593,0.21580227277661074,1.60604713380053
bd6f0e19,5140,3.2758090204221104,0,0,0.0,False,-1210.0538641191188,-1208.4446459231142,-525.5197159926405,-524.8208414099374,0.23541903971189082,0.235105962241851,1.6092181960045764
bd8f847e,4961,0.8636276654071745,0,0,0.0,False,-1133.060277241474,-1131.4528648329717,-492.0818260697408,-491.38373573058544,0.22839352494284904,0.22806951518503765,1.6074124085023413
be063506,4500,7.925119583882211,1,729,0.162,True,-976.7654829661204,-975.1603139074028,-424.20385936575076,-423.5067433010279,0.21705899621469343,0.21670229197942284,1.6051690587175926
be35c8f2,4226,4.257488445758923,0,0,0.0,False,-918.9488355696222,-917.3404959174716,-399.0944084393056,-398.3959154033504,0.21745121523180838,0.21707063320337708,1.6083396521506756
be83e781,3221,3.3585794770548314,0,0,0.0,False,-780.0829559523809,-778.4771899880493,-338.7857231968964,-338.0883478993592,0.24218657434100616,0.24168804408197744,1.6057659643315674
beda8696,5912,8.34101340757991,1,1155,0.19536535859269283,True,-1272.8716099331018,-1271.2635632329527,-552.8011163652544,-552.102750556737,0.21530304633509842,0.21503104926132488,1.6080467001490888
bf39bc20,3303,5.252113104426362,1,380,0.11504692703602785,True,-747.0873747538715,-745.4828958704217,-324.45592435519313,-323.7591080297806,0.2261844912969638,0.2256987271784504,1.604478883449815
bf70b410,6347,16.611556082790255,1,1924,0.3031353395304868,True,-1349.9081917514109,-1348.3030959481234,-586.2576787536344,-585.5605945033407,0.21268444804654338,0.21243155757808782,1.6050958032874405
bffe3082,5723,0.9888348976606223,0,0,0.0,False,-1279.1596629962958,-1277.5504936254358,-555.5319831125145,-554.8331297343022,0.2235120850945825,0.2232309092478483,1.609169370859945
c03b9305,4255,9.861055537430147,2,1064,0.2500587544065805,True,-913.7026871840588,-912.1315913580337,-396.81603514420976,-396.1337168964258,0.21473623670600678,0.21436700149424998,1.5710958260251573
c03d4aed,4641,3.917903972593255,0,0,0.0,False,-1064.377964451455,-1062.7700884090075,-462.2534766206824,-461.555184927863,0.22934237544741543,0.22899592510428948,1.607876042447515
c03fba65,3699,3.801708856090862,1,192,0.05190592051905921,True,-788.3587055145703,-786.7673774524654,-342.3798355653685,-341.6887305690986,0.21312752244243585,0.21269731750539753,1.5913280621048216
c07fd0cd,4191,16.78835600701667,1,2729,0.6511572417084228,True,-885.5935044833828,-883.9840909845642,-384.60837220649586,-383.9094128048583,0.2113084000198957,0.2109243834370232,1.6094134988186397
c1708b88,6315,21.892556285052127,1,4195,0.6642913697545526,True,-1400.8050116799045,-1399.1955737674705,-608.3618867950026,-607.6629167906667,0.22182185458114087,0.22156699505423127,1.6094379124340321
c1d046f4,5513,18.032715675074595,1,1526,0.27680029022310904,True,-1448.336037864524,-1446.7295279226043,-629.0043491861819,-628.3066507832835,0.26271286737974314,0.26242146343598843,1.6065099419197395
c2717d4f,4721,8.272670632224715,2,1316,0.27875450116500744,True,-1016.313715199672,-1014.7045702392983,-441.3794383938105,-440.6805956169378,0.21527509324288752,0.21493424491406446,1.6091449603736692
c2c4db09,6039,5.7749531132375465,1,533,0.08825964563669482,True,-1315.6467133047602,-1314.0439099929736,-571.3781077224069,-570.6820190885217,0.2178583727942971,0.21759296406573497,1.6028033117866016
c2c6fc71,7119,4.007948543729422,0,0,0.0,False,-1524.828904419364,-1523.2214428141442,-662.2247790359107,-661.5266673308925,0.214191446048513,0.2139656472558146,1.6074616052198962
c36625df,4742,2.7539633528767116,0,0,0.0,False,-1002.3984583066032,-1000.7909483140959,-435.33611911088457,-434.6379863915343,0.21138727505411287,0.2110482809603745,1.607509992507289
c3957531,5316,9.274080832663381,1,947,0.17814145974416853,True,-1305.120820183132,-1303.511382270698,-566.8067704225804,-566.1078004182444,0.2455080549629669,0.24520530140532318,1.6094379124340321
c42fe306,5095,8.974840249903455,1,981,0.19254170755642788,True,-1088.2481744354336,-1086.6860442117613,-472.62017709859623,-471.941752562441,0.21359139831902524,0.21328479768631234,1.562130223672284
c43812e2,5527,3.7597304618168197,0,0,0.0,False,-1177.9122753394051,-1176.3166405308223,-511.5608013460074,-510.8678259535071,0.21311964453399768,0.21283094635983757,1.5956348085828722
c472c0b5,3054,1.9206762701520217,0,0,0.0,False,-653.3602682387858,-651.7554154510532,-283.7507591909331,-283.0537804809538,0.21393590970490695,0.21341041763295782,1.604852787732625
c47e0767,4356,8.325788913243853,1,544,0.1248852157943067,True,-965.944802981086,-964.3374868650043,-419.50449775780936,-418.8064492379209,0.22175041390750366,0.22138142490013873,1.6073161160817335
c50b42f6,6014,2.580955841953653,0,0,0.0,False,-1386.2064415218515,-1384.5975160741273,-602.0218083316828,-601.3230608879425,0.23049658156332747,0.23022905155871753,1.608925447724232
c593337f,5208,2.818173102542995,0,0,0.0,False,-1126.7062046078486,-1125.0990362893028,-489.3222873873448,-488.62430305511066,0.21634143713668366,0.2160328410693746,1.607168318545746
c59b6c4a,5499,8.685612194927385,1,1413,0.2569558101472995,True,-1169.897468174623,-1168.2909100402203,-508.0800148208239,-507.382295488196,0.21274731190664178,0.21245515730864162,1.6065581344028033
c66be2b8,4154,20.560755701108512,2,1939,0.46677900818488205,True,-964.9830032071455,-963.3793358238014,-419.0867934232912,-418.39032952789665,0.23230211921211977,0.23191606543663973,1.6036673833441455
c6797dd7,4664,12.58402842461883,1,2272,0.48713550600343053,True,-995.3911848877284,-993.7818934525167,-432.2928989318799,-431.5939925417933,0.2134200653704392,0.213075020036989,1.6092914352117305
c6b782a4,4877,4.982871410691622,0,0,0.0,False,-1042.018425830022,-1040.4096714231182,-452.54285237949136,-451.8441792178355,0.21365971413369322,0.21332984855917944,1.6087544069036994
c6c96179,4004,3.129417008585479,0,0,0.0,False,-864.9910317710163,-863.7263266443213,-375.66083199395274,-375.1115775361943,0.21603172621653755,0.21571586579528504,1.2647051266950484
c70c0e01,4312,6.462175606242786,1,768,0.17810760667903525,True,-935.7371826797016,-934.1309417197882,-406.3854949494895,-405.6879133639921,0.21700769542664694,0.2166351905658136,1.606240959913407
c84c65be,8496,9.447166320477262,3,3336,0.3926553672316384,True,-1815.9266773284844,-1814.318655096057,-788.6469355046676,-787.9485803223466,0.21373901569308904,0.21354974753955472,1.6080222324274018
c8d9680c,6281,27.218434650675896,1,5026,0.8001910523801943,True,-1341.769763455496,-1340.1623997041042,-582.7232042533534,-582.0251350457125,0.21362358915069193,0.21336768025857414,1.6073637513918584
c908edd0,5293,4.645275149770986,1,155,0.029283959947099942,True,-1189.6857032443868,-1188.0838207035379,-516.6739361182267,-515.9782473700789,0.2247658611835229,0.22446321947922498,1.6018825408489192
c9578d27,4487,39.539205227117975,1,3012,0.6712725651883218,True,-976.839529590447,-975.2320440906076,-424.2360174060994,-423.53789532377965,0.21770437476943325,0.21734612081359653,1.607485499839413
c96c018a,6236,2.241443133831729,0,0,0.0,False,-1434.8438338117287,-1433.2359823453996,-623.1447594173402,-622.4464783977935,0.23009041594158575,0.22983258215930077,1.6078514663290662
c99f9fae,6361,6.106693972249724,1,1237,0.19446627888696746,True,-1339.0215949244723,-1337.4121570120383,-581.5296898249895,-580.8307198206536,0.21050488837045628,0.21025187187738378,1.6094379124340321
c9e6734f,4735,7.0400248202658045,1,1335,0.2819429778247096,True,-1109.3301052909944,-1107.7229119532403,-481.7759433370322,-481.0779481390939,0.23428302118078023,0.23394359280955446,1.6071933377540972
c9e980e8,4359,12.201475946950579,1,3858,0.8850653819683414,True,-668.8113657141023,-667.2257847586645,-290.46108556381233,-289.7724765042548,0.15343229312092277,0.15306854433555048,1.585580955437763
c9fedcf3,3517,3.051473438836517,0,0,0.0,False,-771.1079739438736,-769.5104379539486,-334.88793803542075,-334.19413697035446,0.2192516275074989,0.2187973949257744,1.5975359899250634
cad13e8f,4848,4.1035403564789155,0,0,0.0,False,-1048.1835320753144,-1046.57431388229,-455.22032400216915,-454.52144942076035,0.2162094744379774,0.21587753999222153,1.6092181930243896
cb34231f,5609,6.797694292916201,1,1140,0.2032447851666964,True,-1258.5186647603923,-1256.9099835307156,-546.5677114776868,-545.8690700964969,0.2243748733750031,0.2240880698040142,1.6086812296766766
cb879f40,6315,6.114434230823243,2,1187,0.18796516231195567,True,-1386.324645692554,-1384.718233724263,-602.0731437507568,-601.3754878972647,0.2195288433400719,0.2192744629808809,1.6064119682910132
cbb406b5,6328,5.711558305819549,1,730,0.11536030341340076,True,-1348.8239064811464,-1347.2146638734637,-585.7867796439497,-585.0878944593894,0.21315169192179936,0.2128973868320897,1.609242607682745
cbe51de1,3963,9.058815936545967,1,999,0.25208175624526874,True,-883.6979238274946,-882.0910725138056,-383.785131987641,-383.08728532886687,0.22298711174047303,0.22258164837592873,1.6068513136890488
cbe62450,6258,12.794477188392351,2,3328,0.5317992968999681,True,-1380.0119697152434,-1378.4030441871025,-599.3315834077677,-598.6328359291027,0.2205196500024358,0.22026255100465045,1.608925528140844
cc08aa63,3274,8.127740687877054,3,1000,0.30543677458766033,True,-688.0447440927348,-686.441969578819,-298.81403566200976,-298.1179595348809,0.21015416740767712,0.20966462112975534,1.602774513915847
cc8a1d57,6638,1.0708516203430716,0,0,0.0,False,-1525.1331678577187,-1523.5238520126168,-662.3569189682331,-661.6580019770659,0.22975793429613117,0.22951549442793262,1.6093158451019463
ccedb12b,4401,7.082197908569459,1,1041,0.2365371506475801,True,-947.9466409698256,-946.3377400815373,-411.68799531191826,-410.98925853420536,0.2153934653419281,0.21502788913463697,1.6089008882883036
cd7f1687,4232,4.997353297358127,1,369,0.08719281663516068,True,-901.3202122206636,-899.7248686955202,-391.43839459530204,-390.7455457055922,0.21297736583664073,0.21260039430423444,1.5953435251434485
cda7eb37,5973,1.5264002575037405,0,0,0.0,False,-1341.4677017031374,-1339.8584346784119,-582.59202050111,-581.8931247123628,0.22458859897926292,0.22431917540237936,1.6092670247255683
cdc31d65,4840,4.80519240847221,0,0,0.0,False,-1046.4313853332094,-1044.8336688008826,-454.4593763405882,-453.7654968669531,0.21620483168041515,0.21587472495886004,1.5977165323267855
cdc60a53,5878,1.5809619363615919,0,0,0.0,False,-1274.1629384719945,-1272.5546477713212,-553.3619332240197,-552.663461447421,0.21676810794011475,0.21649449604820029,1.6082907006732512
ce55ba43,4104,4.248321636321134,1,139,0.03386939571150097,True,-918.159668761708,-916.5559116651549,-398.75167764932723,-398.0551747919811,0.2237231161700068,0.22333233715037887,1.6037570965530676
ce8399b7,1615,0.9656299323518087,0,0,0.0,False,-369.140651762351,-367.53206209675903,-160.3157481065589,-159.61714649114572,0.22857006301074367,0.22757403225805514,1.6085896655919782
cf50c9d1,4858,6.752365986005448,1,1135,0.2336352408398518,True,-1064.926730352846,-1063.3211225040723,-462.4918026235132,-461.7944959946902,0.2192109366720556,0.21888042867518984,1.6056078487738432
d00e7eb9,5704,3.652334638966896,1,240,0.04207573632538569,True,-1216.2856906860718,-1214.679083131689,-528.2261638828463,-527.5284230873938,0.21323381674019493,0.21295215342420915,1.6066075543828902
d011f41b,2267,3.3560567707208224,0,0,0.0,False,-502.22662651395535,-500.6230183830916,-218.1142525598962,-217.41781439752688,0.22153799140447963,0.2208306212541207,1.6036081308637335
d07aed8f,2957,2.9212075315278976,0,0,0.0,False,-619.6471998173217,-618.4117197407604,-269.10935960746446,-268.5727974277125,0.20955265465584097,0.2091348392765507,1.2354800765613163
d085e611,6191,9.395836593689069,1,894,0.1444031658859635,True,-1323.8110133295847,-1322.2056484387706,-574.9238181717908,-574.226617058269,0.21382830129697702,0.21356899506360372,1.605364890814144
d0a0e7b5,3816,5.379391782237254,1,481,0.1260482180293501,True,-828.0121030384698,-826.4111550052319,-359.60108729871416,-358.9058044020651,0.21698430373125518,0.21656476808313205,1.6009480332379553
d0a43760,4041,3.323604603068134,0,0,0.0,False,-900.0367631528329,-898.4301073837388,-390.88099974733933,-390.1832380125037,0.2227262467589292,0.22232865810040553,1.6066557690941181
d0cb63ae,5223,25.07767067271865,1,2269,0.4344246601569979,True,-984.0797766725016,-982.473046779411,-427.3804167614518,-426.68262283497353,0.18841274682605813,0.18810512096102067,1.6067298930905736
d114d9c2,6206,1.365550402006096,0,0,0.0,False,-1380.5801760915126,-1378.9721537935288,-599.5783523015635,-598.8799970907719,0.22245893910594788,0.22219983142016256,1.60802229798378
d1457cc5,6920,23.93713408793674,1,5333,0.7706647398843931,True,-1514.5997383595457,-1512.9930574016657,-657.7823086616596,-657.0845359874733,0.218872794560628,0.2186406152314546,1.6066809578799166
d1ecf309,6168,5.71937515876969,1,149,0.024156939040207524,True,-1335.8018528619205,-1334.2000689117897,-580.1313736140715,-579.4357276833285,0.21656969080121927,0.21630999820230054,1.6017839501307662
d1ee630d,6290,11.373299701941058,1,2080,0.33068362480127184,True,-1340.1376139463423,-1338.5342989845642,-582.0143707278868,-581.3180598872336,0.21305844418860767,0.21280354514857935,1.6033149617780964
d217e0c5,3838,16.06325643543998,1,2925,0.7621156852527358,True,-823.1480023877219,-821.5426359010108,-357.4886352266724,-356.7914334200613,0.21447316372791086,0.2140548816834317,1.605366486711091
d24ff243,5641,0.8972117207142654,0,0,0.0,False,-1281.2261197369307,-1279.617999839923,-556.429433872064,-555.7310362745546,0.22712748089645998,0.2268424038007309,1.6081198970077821
d273674e,3899,6.506200364473382,0,0,0.0,False,-829.2282217244269,-827.623283732175,-360.12924093336477,-359.4322252195329,0.2126771535584578,0.21226552545067323,1.604937992251962
d2f3b1ab,5581,19.294006179008736,1,1835,0.32879412291703997,True,-1258.0068641234543,-1256.3982072565789,-546.3454392852301,-545.6468084846703,0.2254088629499112,0.22512062484439685,1.6086568668754353
d3df146b,5787,1.701136793013262,0,0,0.0,False,-1217.289045920121,-1215.6820966905543,-528.6619155243826,-527.9640263412831,0.21034889336791446,0.21007121076387666,1.6069492295666805
d40f61d5,4039,1.605284719454795,0,0,0.0,False,-896.9998493191713,-895.3927053081434,-389.5620848273644,-388.86411105175114,0.22208463711789336,0.22168673070268466,1.6071440110279127
d41beaf2,4753,3.1811532573599925,0,0,0.0,False,-1014.8154725159018,-1013.2116175152528,-440.72875986369723,-440.0322144871424,0.2135105138893124,0.21317307332532143,1.6038550006489913
d463e527,4767,21.054580745509003,1,3166,0.6641493601846025,True,-1133.7507038425144,-1132.141412410283,-492.38167453273184,-491.6827681439396,0.23783316631896673,0.23749557633947618,1.60929143223143
d4f60a28,4501,7.914599415322238,3,1329,0.2952677182848256,True,-955.42759315311,-953.8306102954258,-414.93693156450075,-414.2433707217144,0.2122700717958476,0.21191526556219192,1.5969828576842247
d50c649a,4873,4.614849609119111,0,0,0.0,False,-1023.9005037179091,-1022.3040931513234,-444.6743387826479,-443.98102648272766,0.2101170744342108,0.20978947119871197,1.596410566585746
d543916f,4799,14.437542569848647,1,1919,0.39987497395290683,True,-1010.2457079753722,-1008.64291920699,-438.74413634014803,-438.04805402238316,0.2105117124349598,0.21017772852823297,1.6027887683821973
d5df0ff5,4032,3.825699173685018,0,0,0.0,False,-901.3286596653955,-899.7233933217873,-391.44206327393533,-390.7449049589212,0.22354381440113977,0.22314568286750677,1.605266343608264
d60430e6,2511,8.246088541247252,1,490,0.19514137793707687,True,-548.6514485940914,-547.0499425806986,-238.27629661263953,-237.58077138828813,0.2184991830322945,0.21786138692978838,1.60150601339285
d63196fe,4510,1.0025183736034753,0,0,0.0,False,-1029.2762789902067,-1027.6680859106168,-447.00900831935866,-446.3105789390578,0.22822090443241835,0.22786432060102368,1.6081930795899098
d6c320d9,5452,18.36067116650461,1,4064,0.7454145267791636,True,-1295.1961820934412,-1293.586988306731,-562.4965548653408,-561.7976908834596,0.2375634963487603,0.23726833974811645,1.6091937867101933
d6dd7330,6193,3.908634431177053,0,0,0.0,False,-1341.5760019187824,-1339.9686869462114,-582.6390546871535,-581.9410066638854,0.21662780589678385,0.21636826852029895,1.6073149725709754
d7ba4f9d,6023,6.462764421399329,1,760,0.12618296529968454,True,-1299.057730710079,-1297.448292797645,-564.1736041211478,-563.4746341168118,0.21568283757431167,0.21541562224765815,1.6094379124340321
d7eb0be8,5401,11.909712357877206,1,1998,0.36993149416774673,True,-1283.681326784765,-1282.0725479608184,-557.4957167448683,-556.7970329790255,0.23767475037673855,0.23737688353283065,1.6087788239465226
d84b621b,3994,11.557536305563948,1,2035,0.5095142714071107,True,-914.3243922639932,-912.7151252422482,-397.0860382297965,-396.38714244234376,0.22892448479318808,0.22852156365604612,1.6092670217450404
d90aa14c,10018,8.315706073501717,2,2503,0.24985026951487324,True,-2165.5016247243407,-2163.892333289129,-940.4654061703075,-939.7664997802209,0.21616107254185873,0.21600043255032234,1.6092914352116168
d924e971,3184,11.89536562277028,1,1474,0.4629396984924623,True,-746.9745561773868,-745.3725964508008,-324.40692786996965,-323.71120560048206,0.23460256161350088,0.23409943355866858,1.6019597265860739
d9ae59b2,3648,13.932504647659576,2,1512,0.4144736842105263,True,-777.8401215847464,-776.2360972057879,-337.8116726072098,-337.1150536705899,0.21322371753967828,0.21278401787439363,1.6040243789584565
d9d6d94d,4919,7.200963150303706,2,816,0.1658873754828217,True,-1144.0405913948068,-1142.431226722772,-496.8505159160974,-496.1515777196626,0.23257584700036732,0.2322486738611043,1.6093646720348715
d9eca87b,6373,2.6134607707442545,0,0,0.0,False,-1408.266035339959,-1406.6568415532488,-611.602168199914,-610.9033042180328,0.22097380124587462,0.22072129947485467,1.6091937867101933
da2d4d7c,2114,2.776648745036107,0,0,0.0,False,-478.149828804896,-476.54507524218127,-207.65783217295083,-206.96089655584925,0.22618251126059413,0.2254234036150337,1.604753562714734
da3bfe4e,5549,5.993636831598365,1,1319,0.23770048657415752,True,-1237.5393685350955,-1235.930882498683,-537.4565188928267,-536.7579622829943,0.22302025023159047,0.22273038069898776,1.608486036412387
da3cf798,5844,3.897330570221092,1,182,0.031143052703627654,True,-1239.7041685630238,-1238.1094332436378,-538.3966795993799,-537.7040948500744,0.21213281460695138,0.21185993039761084,1.594735319386018
da940160,5132,2.4980633201193,0,0,0.0,False,-1149.9165458718844,-1148.308352804202,-499.4024105214069,-498.7039811462774,0.22406791618703906,0.22375455042950157,1.6081930676823504
dafc88c3,5572,2.5911695285890084,0,0,0.0,False,-1308.8587124378455,-1307.2499336377393,-568.4301164027513,-567.7314326472623,0.2348992664102379,0.23461054085386565,1.6087788001061654
dbee6c86,7369,4.01802653163415,1,328,0.0445107884380513,True,-1644.5003909358372,-1642.8969051033482,-714.1974452711745,-713.5010602223144,0.2231646615464564,0.2229470627090987,1.6034858324890138
dc5fbe29,5203,4.629018736441919,0,0,0.0,False,-1198.8244047760006,-1197.215430658033,-520.6428237651673,-519.9440551842089,0.23041022578819922,0.23010098609610474,1.6089741179675912
dc7da28f,4774,4.78525458618986,1,312,0.06535400083787181,True,-1059.924742137357,-1058.3178175094592,-460.3194667429812,-459.6215882442508,0.22202026437732658,0.2216836651674611,1.606924627897797
dc7f9757,4360,4.384938603344716,0,0,0.0,False,-928.108482430658,-926.5095924740739,-403.0723925272359,-402.3780034419209,0.21286891798868302,0.21250220010873255,1.5988899565841166
dd168de0,3304,2.728689047561203,0,0,0.0,False,-703.2190900066081,-701.6146128907384,-305.40417035889607,-304.7073548011338,0.21283870762911866,0.21235309106862543,1.604477115869713
dd64382d,3124,3.736137957735046,1,188,0.06017925736235595,True,-641.6256053742704,-640.2704789189085,-278.65445986187905,-278.06593592003424,0.2053859172132748,0.20495213793819092,1.355126455361983
dd6bc5b2,3602,15.604391647362299,1,1737,0.4822320932815103,True,-865.3452117554835,-863.7380920939131,-375.81465040680746,-375.11668720602916,0.24024020315254957,0.2397940288989209,1.6071196615704366
dd7d638e,4301,9.904505783362286,1,2103,0.4889560567309928,True,-944.549080257862,-942.9412517161006,-410.21245344278117,-409.51418237924764,0.21961150436127924,0.21923767768335287,1.6078285417613642
ddc790ff,4726,2.269551311299992,0,0,0.0,False,-1019.0158682834948,-1017.4069674011582,-442.55296856737266,-441.8542317922446,0.2156191003562198,0.21527866428293657,1.6089008823365702
df71d1ff,6228,2.982909503046365,0,0,0.0,False,-1398.6982914214527,-1397.0949476636854,-607.4469498118433,-606.7506264652509,0.22458225616914784,0.2243248149749013,1.603343757767334
df73b8f3,5311,9.96299805642415,1,936,0.17623799661080775,True,-1187.385327579872,-1185.7759140803082,-515.6748956608234,-514.9759362588622,0.22357095228391488,0.22326791829793038,1.6094134995637432
df8290be,3972,21.557394086259297,1,3014,0.7588116817724069,True,-906.1146682432436,-904.505254744425,-393.52060038963634,-392.8216409879988,0.2281255458819848,0.2277203561793618,1.6094134988186397
e0079ed1,3471,14.246358119209193,1,1720,0.4955344281186978,True,-728.0700145777076,-726.4824546212012,-316.1967897703185,-315.5073212415172,0.20975799901403275,0.20930062074940975,1.587559956506425
e03b45fd,5342,10.65717610909764,1,1070,0.2002995132909023,True,-1236.5297869678984,-1234.9203734683347,-537.0180631891617,-536.3191037872006,0.23147319112090947,0.23117191566236142,1.6094134995637432
e0f36d98,4976,14.375295420288433,1,2938,0.5904340836012861,True,-1077.0663535505305,-1075.4836477827594,-467.76397399065223,-467.0766136092328,0.21645224146915806,0.21613417358978282,1.582705767771131
e149204f,6097,2.0639419497717104,0,0,0.0,False,-1331.1008534769287,-1329.49417284954,-578.089755521739,-577.3919829910833,0.21832062546775935,0.21805710560103986,1.6066806273886414
e14d641e,3184,2.8131819492749712,0,0,0.0,False,-688.1325189116196,-686.5290868714363,-298.85215578150144,-298.155794094343,0.2161220222712373,0.21561843180635562,1.6034320401832929
e161bd0c,2949,2.4200492165964316,0,0,0.0,False,-633.8213779477744,-632.2160494972239,-275.26512695503385,-274.5679416673175,0.21492756118947928,0.21438319752364324,1.6053284505504735
e201fd6d,5070,5.417150021913013,1,388,0.07652859960552268,True,-1129.0636699012389,-1127.4592336015037,-490.34612155554265,-489.6493237240024,0.22269500392529368,0.22237854706144056,1.6044362997351982
e25f1537,3177,1.967984790625947,0,0,0.0,False,-722.2756884698497,-720.6692636465034,-313.68034591532785,-312.9826844789562,0.2273451962448378,0.2268395541852387,1.6064248233462877
e2fc7745,3692,16.861444349388705,1,1507,0.4081798483206934,True,-810.5246568159274,-808.9165857380947,-352.00638590168415,-351.3080095060732,0.21953538917007784,0.21909983362353594,1.608071077832733
e32da4ec,4689,10.166775297511707,1,1752,0.37364043506078054,True,-1061.7236739197883,-1060.115724632073,-461.1007328894115,-460.40240938657644,0.22642859328636988,0.22608567383921366,1.607949287715428
e3b34f5b,5455,22.731060897498768,1,3214,0.5891842346471128,True,-1165.7928298287804,-1164.1912610792624,-506.297393037016,-505.6018405667116,0.213710876228924,0.21341727975788494,1.6015687495180373
e45a2a62,5007,3.4193343555641604,0,0,0.0,False,-1095.5090794309222,-1093.9028618986358,-475.7735480717607,-475.0759766607524,0.21879550218312804,0.2184747077888228,1.6062175322863368
e46f4ef4,7195,10.249406257638451,4,2785,0.3870743571924948,True,-1550.3205974446507,-1548.711306012419,-673.2956806511644,-672.5967742623719,0.21547193849126486,0.21524827046732717,1.6092914322316574
e4726608,4733,6.369041554491572,1,549,0.1159940840904289,True,-1017.4771426894628,-1015.8704862473454,-441.8847085327212,-441.18694650559536,0.21497509881459176,0.21463564044947084,1.6066564421173553
e5864244,4469,6.714062493589403,1,578,0.12933542179458493,True,-1149.012158826792,-1147.4031359188486,-499.0096402182185,-498.31085044804274,0.25710721835461897,0.25674717742645975,1.6090229079434266
e5c92e59,4295,1.768182527474314,0,0,0.0,False,-936.0033317205666,-934.3978182291091,-406.501082009301,-405.8038163593398,0.21792859877079548,0.21755478887755741,1.6055134914574865
e5ff9fd2,2354,5.33036474413756,0,0,0.0,False,-499.6950354174157,-498.25113735370616,-217.0147965162336,-216.38771955473376,0.21227486636253853,0.21166148570675708,1.4438980637095256
e6c55748,4472,2.819223941221681,0,0,0.0,False,-1043.4515936608916,-1041.8442784082886,-453.1652692600793,-452.4672211151949,0.23332996280431387,0.23297054526124522,1.6073152526030299
e730c32b,4728,29.86692269795287,1,4001,0.8462351945854484,True,-1017.8274502150664,-1016.2195009185815,-442.03684515806003,-441.33852165141644,0.21527653346342351,0.2149364426646746,1.6079492964848896
e737965a,5955,4.174513791977776,0,0,0.0,False,-1299.112791474362,-1297.5109495648144,-564.1975167072452,-563.5018456050473,0.21815496078494745,0.21788596970022073,1.601841909547602
e748dd88,4812,4.963566635878278,0,0,0.0,False,-1110.2779974109192,-1108.6687059727276,-482.18760765415504,-481.4887012627743,0.23073108840625917,0.23039665543905394,1.6092914381915762
e7818f7a,5371,27.544920393749404,2,3921,0.7300316514615528,True,-1210.069120651422,-1208.463977032691,-525.5263418204328,-524.8292368041557,0.22529680146181755,0.22499794768808248,1.6051436187310628
e7c36e81,3531,3.9495736836036532,0,0,0.0,False,-809.9518732319262,-808.3434361018784,-351.7576291518277,-351.0590937817596,0.22938314166862822,0.22892762279860618,1.6084371300478324
e7d0c1de,4711,5.55064867564032,1,546,0.11589895988112928,True,-1032.96373023742,-1031.3561471338128,-448.6104480483106,-447.91228357721315,0.21926634053012523,0.21892510021944656,1.6075831036071122
e85074c5,5675,4.738876465924595,1,361,0.06361233480176211,True,-1262.788959707225,-1261.1797170995426,-548.4222770091956,-547.7233918246355,0.22251787836250664,0.2222343113831793,1.6092426076825177
e97032ad,3530,1.0031357234209284,0,0,0.0,False,-744.5855846099435,-742.9844136888078,-323.36941070080525,-322.6740310051721,0.21093076051273185,0.21047717101665941,1.6011709211356902
e9949a23,4559,4.582212289956013,1,294,0.06448782627769248,True,-1020.980625084173,-1019.3742128389412,-443.40625160418904,-442.7085956304231,0.22394837137183,0.22359601071264337,1.6064122452318088
ea0b99b7,9239,4.832353105306564,1,184,0.019915575278709817,True,-2010.098947219416,-2008.579464718339,-872.9748808569282,-872.3149779913618,0.2175667222880632,0.21740225833080842,1.5194825010769364
ea3a0e38,10052,5.578442706071413,1,492,0.04894548348587346,True,-2109.211998526615,-2107.6056348234224,-916.0191321242385,-915.3214972320123,0.2098300834188833,0.20967027803655217,1.6063637031925282
ea41324e,5025,3.260596050254432,0,0,0.0,False,-1134.2372807825925,-1132.6280625836082,-492.59299221282913,-491.89411762883196,0.2257188618472821,0.22539861941962352,1.6092181989843084
eabc711b,5348,2.338474696371984,0,0,0.0,False,-1159.047903943634,-1157.4429300642705,-503.3681089442505,-502.67107764484405,0.21672548690045515,0.21642537959316951,1.6049738793635697
eac10e86,6067,2.8895230227700925,0,0,0.0,False,-1289.397534690143,-1287.8011506150926,-559.9782342955857,-559.2849335007932,0.21252637789519416,0.21226325212050315,1.5963840750503095
eafb863e,3568,7.118916040561246,1,263,0.07371076233183857,True,-755.7524423833186,-754.1647302621342,-328.2191154119805,-327.5295807988992,0.2118140253316476,0.21136903875059815,1.5877121211843814
eb06a4e7,4535,2.787220186933838,0,0,0.0,False,-1108.9221777060438,-1107.3129350924005,-481.59878263787203,-480.89989745072313,0.2445252872560185,0.24417043772710045,1.609242613643346
eb640a35,6037,8.001878655759153,1,1707,0.2827563359284413,True,-1390.376744281224,-1388.768111950582,-603.8329478079443,-603.1343276633352,0.2303092172074249,0.23004275500258106,1.6086323306421946
eb934281,5971,4.670836379686823,1,146,0.02445151565901859,True,-1295.2113096470189,-1293.6079697996795,-562.5031246783843,-561.8068030300692,0.21691698369569903,0.216648462535535,1.6033398473393845
eba6605e,4410,0.9419741918233002,0,0,0.0,False,-1040.7823599940266,-1039.1731662102966,-452.0060358076495,-451.3071718270625,0.23600507029343007,0.23564017374383142,1.6091937837300065
ebe69318,4976,32.90158009646108,1,3943,0.792403536977492,True,-1142.6203048865927,-1141.0134775421266,-496.2336933228584,-495.53585707378545,0.22962626705920272,0.22930335159608653,1.6068273444661827
ec0d597b,4616,0.5852529718445711,0,0,0.0,False,-1133.6538820270316,-1132.0446150082664,-492.3396253525398,-491.6407295663812,0.24559226213757185,0.24524363410057765,1.6092670187651947
ec13af42,5462,10.043486138355082,2,2572,0.4708897839619187,True,-1190.390350795713,-1188.783157961729,-516.9799606614544,-516.2819656823007,0.21794037912773948,0.21764612924967577,1.607192833983845
ecdab904,6147,18.458466418801027,1,5684,0.9246787050593785,True,-1401.068271550697,-1399.4601515135846,-608.4762191041945,-607.7778214458385,0.2279271630959325,0.22766555254816734,1.608120037112485
ecdaf714,6592,6.848429442354815,1,981,0.14881674757281554,True,-1479.537085925499,-1477.9277700803973,-642.5547921886615,-641.8558751974944,0.22444433949112547,0.2242002078398661,1.6093158451017189
ed6436d6,2945,1.07873678820837,0,0,0.0,False,-630.8088485289333,-629.207506869523,-273.9568020518599,-273.2613482055362,0.21419655298096205,0.21365280369083972,1.6013416594103091
ed6e6e54,6048,7.396939872791179,2,1013,0.16749338624338625,True,-1379.2193124747944,-1377.610021042563,-598.9873367422,-598.2884303534076,0.22804552124252553,0.22777943469619097,1.60929143223143
edf885a3,3117,12.807584488227308,1,1117,0.3583573949310234,True,-751.5889441168176,-749.9825064671245,-326.4109310894254,-325.713264082642,0.24112574402207815,0.24061036460286317,1.6064376496931345
ee0300f7,4544,27.500556169662143,1,4266,0.9388204225352113,True,-978.1366638193624,-976.5316891088486,-424.7993556440052,-424.10232398363473,0.21525894890390898,0.2149057414412079,1.6049747105138295
ee288beb,4638,3.817694105553917,0,0,0.0,False,-868.5532403908052,-866.9457541414828,-377.20787954091526,-376.5097571330992,0.18726891772117404,0.1869223273267535,1.6074862493223918
ee4aecac,5265,3.954788077614368,0,0,0.0,False,-1154.0407617597148,-1152.4323977638387,-501.19353472366936,-500.49503111536853,0.2191910278745897,0.2188855456341574,1.6083639958760614
eeda36f5,4797,3.8588739113795065,1,286,0.05962059620596206,True,-1073.47396134188,-1071.865841450825,-466.20381787760317,-465.50542028267904,0.2237802712824432,0.22344503678357827,1.6081198910551393
eeed308d,3899,1.0954081648300376,0,0,0.0,False,-865.0254861697374,-863.4168781107443,-375.6757953491946,-374.9771857456288,0.22185829345209987,0.22144572406020627,1.608608058993127
ef04658e,4104,0.37777331513959245,0,0,0.0,False,-1010.063147371154,-1008.4556376288579,-438.66485127712315,-437.9667186664382,0.2461167513087607,0.2457250579017685,1.607509742296088
ef8e3ed0,5224,18.488779608305045,1,2620,0.501531393568147,True,-1148.794621959899,-1147.1893530562186,-498.91516515731627,-498.21800573047705,0.21990708689890867,0.21959979958962836,1.6052689036803258
efde6ac3,4559,9.625034724443951,1,952,0.20881772318490896,True,-965.0927200314554,-963.4918025935864,-419.13444283466094,-418.43917322541176,0.21168956350766735,0.21133840811440807,1.6009174378690432
efe96181,4012,6.270931469602314,0,0,0.0,False,-1019.6404557600932,-1018.0315304970733,-442.8242234619252,-442.1254760984009,0.2541476709272416,0.2537466426961798,1.6089252630199553
f0188a48,4170,30.16938479515549,2,2625,0.6294964028776978,True,-710.3742577179939,-708.7650151110561,-308.5116202130432,-307.8127350288065,0.17035353902110167,0.16996762952303504,1.609242606937869
f021b650,3739,6.457430041389089,2,395,0.1056432201123295,True,-807.6565436022585,-806.0483623908011,-350.7607801595139,-350.06235593347753,0.21600870382515605,0.21557859384616238,1.6081812114573495
f03f10fe,4145,1.3856515067179593,0,0,0.0,False,-1020.6772947825832,-1019.070808714827,-443.2745169280146,-442.57682889353356,0.24624301442281862,0.24585544239199686,1.6064860677562365
f053a1b9,4108,5.836890102717483,1,300,0.0730282375851996,True,-886.984230431162,-885.3790099644582,-385.212356811456,-384.51521842052836,0.2159163170475078,0.21552556230877756,1.6052204667038268
f074d277,2453,5.878684065869671,0,0,0.0,False,-533.450840958786,-531.86726361077,-231.67475659504993,-230.9870176911396,0.2174687488621223,0.21682318125184263,1.5835773480159787
f07d7037,5563,2.2245517017027603,0,0,0.0,False,-1261.2831475385235,-1259.675466953859,-547.7683110935458,-547.070104286963,0.2267271521730224,0.22643815692141994,1.607680584664422
f08774c3,3900,8.473569700655036,1,261,0.06692307692307692,True,-857.258757400406,-855.653975610471,-372.3027479022347,-371.60580002620713,0.2198099377949759,0.21939845528473614,1.604781789935032
f140c2fa,4082,1.347954157289688,0,0,0.0,False,-942.647683513764,-941.0389291068602,-409.3866873289106,-408.6880141672547,0.23092789894996668,0.23053378959011764,1.608754406903813
f16e25e3,4651,9.023757678226355,2,1937,0.41646957643517524,True,-976.1730921655824,-974.5718652611155,-423.94658730994684,-423.2511833010619,0.20988456077522735,0.20954028494111276,1.6012269044668983
f2d4c8c9,6249,19.445115347139016,1,1682,0.2691630660905745,True,-1357.951902467832,-1356.3441242657043,-589.7510179318023,-589.0527687304938,0.21730707352661738,0.21704978784856846,1.6077782021277471
f321a31c,5141,3.3422856558747096,0,0,0.0,False,-1302.9494779994989,-1301.3400400870648,-565.8637684939047,-565.1647984895687,0.2534428084029369,0.25312974909299063,1.6094379124340321
f40cd091,5166,13.975673353286117,2,2174,0.42082849399922573,True,-1101.27532803863,-1099.666500403249,-478.2777980233705,-477.5790930589911,0.21317757027460899,0.2128661440966413,1.608827635380976
f439a621,2821,3.9637856181795503,0,0,0.0,False,-609.4290733913932,-607.820453164838,-264.67168368529394,-263.973068797423,0.2160329930490582,0.21546276255400143,1.6086202265552174
f49fdea3,5391,6.57592021612079,1,673,0.12483769245038026,True,-1301.429683078525,-1299.8206845876236,-565.2037299461011,-564.504950780112,0.24140784327184658,0.24110938315481797,1.6089984909012855
f4d12d23,3701,2.6881769196573644,0,0,0.0,False,-913.2836753595784,-911.6751160869675,-396.6340606209857,-395.93547220507645,0.24676673206149105,0.24633210377924006,1.6085592726109326
f56d3ace,5432,2.4035346928808883,0,0,0.0,False,-1152.3104860614253,-1150.7011702133432,-500.44208553573094,-499.7431685432694,0.21213374191116077,0.21183747610702194,1.609315848082133
f5859199,5790,22.517662928381903,2,5247,0.9062176165803109,True,-1250.7167773657166,-1249.1091443383948,-543.1793948337486,-542.4812086810573,0.216013260339502,0.21573560351267612,1.6076330273217536
f5d8aab6,4444,3.2813941998573712,0,0,0.0,False,-1017.9152209256476,-1016.306783759094,-442.0749634933382,-441.37642810741585,0.22905383009127986,0.22869189553534966,1.6084371665536992
f631da6e,4093,4.460259488176484,1,208,0.05081847055949182,True,-849.4597182092566,-847.9179633716802,-368.9156682173714,-368.2460925989643,0.20753963308313134,0.20716295220417302,1.5417548375763772
f6824bb0,5015,6.545967347227452,1,849,0.16929212362911267,True,-1125.0467815539037,-1123.439076493265,-488.6016091118735,-487.9033916755102,0.2243363472689738,0.224015767994669,1.6077050606386365
f6bc699b,3752,4.0758902872291145,1,204,0.054371002132196165,True,-825.7810979817895,-824.1720994767335,-358.6321741134997,-357.93339494136325,0.22009091097595668,0.21966207342130423,1.608998505055979
f6d009f4,6715,35.276015260120914,2,4288,0.6385703648548027,True,-1507.8683404548442,-1506.2601229981376,-654.8588996961527,-654.1604597290045,0.2245522472754794,0.22431275100493486,1.6082174567065977
f72b268f,6404,6.018016931117814,2,495,0.07729544034978139,True,-1371.7716628245994,-1370.1623469794977,-595.7528635959716,-595.0539466048044,0.21420544391389748,0.21395414537468732,1.6093158451017189
f8662c22,5429,12.86492512056552,2,2458,0.4527537299686867,True,-1213.7818958520309,-1212.1725555916746,-527.1387796026045,-526.439852008027,0.22357375130816556,0.22327731729446945,1.609340260356248
f88ddb26,4990,3.1181835493030423,0,0,0.0,False,-1365.089056883247,-1363.4796922112123,-592.8506447109083,-592.1517065144736,0.27356494125916775,0.2732424232888201,1.6093646720346442
f8afa78a,6032,9.127442736013554,3,3312,0.5490716180371353,True,-1327.2422049008,-1325.6336700595587,-576.4139657375225,-575.7153879320223,0.220033522032626,0.21976685511597457,1.6085348412414078
f8f59188,4807,6.817084725292102,1,895,0.18618681090076972,True,-1012.785483415354,-1011.1767777906772,-439.84714679900554,-439.1484948232017,0.21068971987005491,0.21035506090923178,1.6087056246767588
f9fc81aa,5598,13.544825689856722,1,2079,0.37138263665594856,True,-1237.312723781979,-1235.7059940138745,-537.3580883271959,-536.6602944549984,0.2210276391178955,0.2207406205812566,1.6067297681045147
fa16d114,5686,2.1101858758352607,0,0,0.0,False,-1283.4411662147052,-1281.8320944953257,-557.3914163345206,-556.6926053658076,0.2257195156902401,0.2254365273470499,1.6090717193794717
fa31da94,5027,38.91461988502065,1,4042,0.8040580863337975,True,-1078.2466304452416,-1076.6418992302567,-468.2765617331432,-467.57963582153735,0.2144910742878937,0.2141718518460825,1.604731214984895
fa667be2,7296,9.606087295266486,1,1211,0.1659813596491228,True,-1603.419959339421,-1601.8146449626258,-696.3564405146469,-695.6592613390848,0.21976699004103906,0.2195469633994827,1.6053143767951497
fae0c593,4403,8.673093438868245,1,1321,0.3000227117874177,True,-1007.1992024079466,-1005.5917412673537,-437.4210557831276,-436.7229442798942,0.2287529417233583,0.22838785856628518,1.6074611405929318
fb03ae90,6431,3.1254855431536024,1,153,0.023791012284248174,True,-1447.7246526187903,-1446.115434422786,-628.7388279476427,-628.0399533649397,0.22511656859256574,0.22486634029276723,1.609218196004349
fb0904bd,3181,15.218536770123606,1,2907,0.9138635649166928,True,-653.747281813539,-652.1412716390267,-283.91883705087,-283.2213556941989,0.20551627847014742,0.20501140259007442,1.606010174512221
fb3848a1,5919,2.004543970095252,0,0,0.0,False,-1316.3083762962751,-1314.7001828235332,-571.6654643085014,-570.9670347574568,0.22238695325160926,0.22211525305347748,1.6081934727419593
fb73b13a,5640,9.358247841879146,1,1039,0.18421985815602837,True,-1228.6671945430846,-1227.0578542827282,-533.6033826856108,-532.9044550910332,0.21784879335870294,0.21756344934090924,1.6093402603564755
fba7683c,407,2.22680759361189,0,0,0.0,False,-99.73343231032015,-98.13765176884698,-43.313679313643526,-42.62064063015314,0.24504528823174485,0.24112445152050854,1.5957805414731752
fbd68d27,6829,1.5865663558939789,0,0,0.0,False,-1695.295059050506,-1693.6858896796462,-736.2572893434822,-735.55843596527,0.24824938630114307,0.24801374867178885,1.609169370859945
fc03f21f,4803,26.475808522520843,1,4072,0.8478034561732251,True,-1077.4415046235351,-1075.8340435723342,-467.92690003153825,-467.22878856712725,0.2243267758949688,0.22399209735005918,1.6074610512009713
fc0d20b2,3954,39.6463240253711,1,2605,0.6588265048052605,True,-843.7494052245958,-842.1424683033509,-366.43571079819264,-365.73782696052945,0.21339135185245214,0.21298494393104475,1.6069369212448237
fcfcc902,2791,7.51325547489651,1,252,0.09029021855965604,True,-614.7199184811835,-613.1117254075605,-266.96946851239477,-266.2710391346852,0.22025077695492065,0.21967457019260497,1.608193073623056
fd3b4faa,5022,2.146800465761856,0,0,0.0,False,-1066.3315890890003,-1064.7274692406497,-463.1019250204786,-462.4052646220284,0.21233205676802078,0.21201263823987448,1.6041198483505923
fd710aea,4217,3.75315469824218,0,0,0.0,False,-892.4216218747581,-890.8252687053456,-387.57378591135773,-386.88049853871314,0.21162476212349018,0.21124621026923063,1.5963531694125095
fd8f77fa,5272,7.69352320740927,4,1591,0.3017830045523521,True,-961.6967856542158,-960.0899101123431,-417.6596072737202,-416.9617500927796,0.18241593051104243,0.18211113621250818,1.6068755418726823
fde20ecf,4667,6.38953122434028,2,649,0.13906149560745662,True,-1008.1983352867226,-1006.5925066064623,-437.8549736790681,-437.1575711443491,0.21602706991358958,0.2156829883450744,1.605828680260288
fdfd57da,5236,12.124538932289951,1,2983,0.5697097020626433,True,-1174.4973296329847,-1172.8908685739948,-510.0777092697098,-509.38003209639805,0.2243119422522889,0.22400513150763843,1.6064610589899075
febb4411,4247,11.059614432497735,3,1898,0.4469036967271015,True,-894.4387469991929,-892.8345255256934,-388.44981222220815,-387.75310768851665,0.2106048380031064,0.21022710749368811,1.6042214734994786
fef8af96,3826,8.301749488612602,1,530,0.13852587558808155,True,-848.187104085549,-846.5794474745917,-368.362978925853,-367.66478253091896,0.22169030425654704,0.22127011172885303,1.6076566109572923
ff0aea78,3261,3.0116722287563076,0,0,0.0,False,-776.2236671995358,-774.6143147328934,-337.10965538746456,-336.4107224917643,0.23803240331172518,0.2375388882958888,1.6093524666424628
ff8bb73a,5927,18.665385854628227,1,4039,0.6814577357853889,True,-1365.8788287912885,-1364.2704648698896,-593.193638292533,-592.4951347165771,0.23045028324469183,0.23017892101735946,1.6083639213989045
ffefef30,4570,2.6907252422372188,0,0,0.0,False,-1004.8745770499232,-1003.2656517869033,-436.41148381764566,-435.7127364541214,0.21988502780085847,0.21953296538006636,1.6089252630199553
