episode_id,well,rows,episode_sse,mean_error_ft,rmse_ft,pre128_true_minus_init_rate_median,observed_emission_evidence_class,viterbi_recovery_class,pre128_kernel_bias_sum_ft,pre128_rate_mean_reversion_position_bias_sum_ft,onset_kernel_bias_sum_ft,pre128_bias_sign_matches_episode_error,pre128_rate_mean_reversion_bias_sign_matches_episode_error,onset_bias_sign_matches_episode_error,episode_kernel_bias_mean_ft_per_row,episode_representation_error_abs_mean_ft_per_row,episode_supported_representation_error_abs_mean_ft_per_row,episode_supported_compensating_rate_shift_abs_mean,episode_supported_compensating_diffusion_rows_proxy_median,episode_true_rate_outside_fraction,episode_true_nearest_rate_edge_fraction,episode_best_compensating_rate_edge_fraction,episode_best_compensating_rate_edge_log_mass_loss_sum
000d7d20:000,000d7d20,242,25728.70604174894,10.309940082644417,10.311011934561275,-1.8189894035458565e-12,candidate_strong,partial_recovery,-0.19742967132007377,-0.004180000000000295,1.765070643502197,False,False,True,0.0006345306240737297,9.976819276807343e-05,9.976819276807343e-05,0.008780991735938272,1.0720297089428566e-19,0.0,0.0,0.0,0.0
000d7d20:001,000d7d20,271,28101.87872624924,10.182964944649308,10.18317089464546,-1.8189894035458565e-12,candidate_strong,partial_recovery,-0.32120969058190324,-0.004139999999999421,1.5096708433603183,False,False,True,-0.0031829409962512486,0.0001266138163457,0.0001266138163457,0.010811808118441216,4.777726152005914e-19,0.0,0.0,0.0,0.0
00bbac68:000,00bbac68,295,34466.32885199924,10.797291525423608,10.80902461175959,-0.0100000000020372,candidate_strong,not_better,3.4669326544586987,-0.0050000000000000044,3.046596791721509,True,False,True,0.00027639062465691094,0.00030702727135997445,0.00030702727135997445,0.019661016949421378,156.24999999181446,0.0,0.0,0.0,0.0
00e12e8b:000,00e12e8b,933,165598.22933950217,-13.282504823151212,13.322539682836474,0.0099999999983992,candidate_strong,partial_recovery,-2.907596796626212,-0.011840000000000154,-2.907596796626212,True,True,True,0.000893151483873086,0.00036661559041940297,0.00036661559041940297,0.024174705252069772,156.25000000636638,0.0,0.0,0.013933547695605574,0.804380248335135
00e12e8b:001,00e12e8b,197,24368.34492199984,11.110842639593868,11.121923500239374,-0.0200000000022555,candidate_strong,not_better,4.6941798788598605,-0.002220000000004804,3.343944830553556,True,False,True,-0.0005364151502226734,0.0008154755715342803,0.0008154755715342803,0.03730964467007957,400.0000000276486,0.0,0.0,0.07614213197969544,0.9281310557713096
015fe0d2:000,015fe0d2,858,180721.51100599708,14.42931468531457,14.513136522083064,-0.0100000000020372,candidate_strong,not_better,1.1800938395911227,0.013879999999997391,2.1623623441888222,True,True,True,0.0030878050975312026,0.00045943032458491893,0.00045943032458491893,0.021398601398860465,156.24999999090497,0.0,0.0,0.10606060606060606,5.630661738345945
01869cd4:000,01869cd4,363,51637.1434737481,11.8943209366389,11.926905883326125,-0.0100000000020372,candidate_strong,partial_recovery,4.409026104945745,0.013060000000004957,3.758805016127466,True,True,True,-0.0008463341708947253,0.00040719983957536774,0.00040719983957536774,0.03174931129489312,399.99999998253776,0.0,0.0,0.024793388429752067,0.5568786334627858
01869cd4:001,01869cd4,477,191492.0704134984,19.525186582809127,20.03623920225593,-0.0100000000002182,candidate_strong,partial_recovery,3.462747770848207,0.013100000000002193,3.102672813481208,True,True,True,0.013745762847314585,0.0036140453645214636,0.0036140453645214636,0.033186582809301195,399.99999997380667,0.0,0.0,0.4758909853249476,14.045716644005818
028d7b28:000,028d7b28,4839,4907248.151781209,29.297103223806428,31.84499602462645,-0.0399999999990541,candidate_strong,large_recovery,0.44564914930481536,0.017139999999995794,2.139766058753571,True,True,True,-0.000541530284046153,0.0016990410352624894,0.0017007984215214524,0.024729002896269656,156.250000003638,0.0010332713370531101,0.0010332713370531101,0.14465798718743542,43.312782602661116
02e7fe5a:000,02e7fe5a,652,182329.435948252,-16.350089723926477,16.722630599094174,-0.0300000000006548,near_tie,partial_recovery,-0.6090569055390996,-0.00013999999999578006,-3.6057242069551956,True,True,True,-0.011858200101182817,0.0010215457758895206,0.0010215457758895206,0.0339187116564666,399.99999999126885,0.0,0.0,0.1411042944785276,5.692537142064032
0498acab:000,0498acab,278,35377.465595750655,-11.261519784172764,11.280827562209774,-0.0100000000002182,near_tie,not_better,-2.468595865099056,0.007539999999997242,-5.075556045207012,True,False,True,0.0012063440105946858,0.0007787390165419304,0.0007787390165419304,0.03580935251804528,399.9999999869034,0.0,0.0,0.0,0.0
059c8f24:000,059c8f24,293,67888.23761975138,-15.045462457338038,15.221710471953676,0.0699999999997089,near_tie,not_better,-2.181137660378782,-0.032840000000000175,-1.569545804808768,True,True,True,-0.016981408466874532,0.005783193119741073,0.005783193119741073,0.03189419795221868,225.00000003165053,0.0,0.0,0.89419795221843,16.211355774138873
05a0ee4d:000,05a0ee4d,287,37155.848026748594,11.358712543553796,11.378175825264009,-0.0700000000015279,truth_strong,not_better,4.473685992211985,0.0033800000000010215,4.51272043716278,True,True,True,0.027416972729537487,0.0010797150355464286,0.0010797150355464286,0.035296167247750705,506.2499999723332,0.0,0.0,0.0,0.0
05a0ee4d:001,05a0ee4d,445,56288.003823251376,-11.234428089887778,11.246772702959085,0.0,near_tie,not_better,-5.247286568638295,-0.01627999999999885,-3.2238917216459346,True,True,True,0.014897030754903373,0.0012025002344076396,0.0012025002344076396,0.035910112359812035,399.99999998108257,0.0,0.0,0.033707865168539325,0.9281310557378749
084d66f9:000,084d66f9,713,1147993.0776084906,36.24009957924244,40.12590768934824,-0.0299999999988358,truth_strong,large_recovery,2.5808420528742175,0.011880000000001029,2.6595492654272803,True,True,True,0.03161207134880603,0.025274118330657385,0.01632896211325998,0.027845691382863077,225.0000000043657,0.30014025245441794,0.33520336605890605,0.906030855539972,39.971510801884406
08fecf00:000,08fecf00,1658,300726.5013797421,13.390917671893671,13.467704778552914,-0.0100000000020372,truth_strong,partial_recovery,0.932270025280691,0.010680000000000299,2.438907447124615,True,True,True,-0.0005386436774412743,0.0002539695021157402,0.0002539695021157402,0.016275633293384346,156.2499999827195,0.0,0.0,0.0,0.0
08fecf00:001,08fecf00,246,43065.22173924936,13.146388211382012,13.23109507897281,-0.0199999999986175,truth_strong,partial_recovery,1.8347337154102807,0.011639999999999429,0.5855931147058275,True,True,True,0.013530545494287791,0.0012152133087761747,0.0012152133087761747,0.03252032520331711,399.99999997380667,0.0,0.0,0.24390243902439024,3.7125242230852384
09053135:000,09053135,2792,1186981.539321516,-20.38964971346719,20.618842219794583,0.0100000000020372,truth_strong,partial_recovery,-2.4012978475995377,0.0036999999999970928,-2.9397636333770856,True,False,True,-0.0005509395612945588,0.0008569031663273474,0.0008569031663273474,0.030800501432814185,399.99999997817235,0.0,0.0,0.04871060171919771,8.415054905659874
09441b8d:000,09441b8d,716,103898.94486475136,-11.988943435754267,12.04617193099092,0.0099999999983992,candidate_strong,not_better,-3.8441983006702083,-0.010959999999999134,-4.16968941301478,True,True,True,-0.0006221681823298513,0.0008496114340137429,0.0005358125149337203,0.031580419580506176,399.9999999679858,0.0013966480446927375,0.0013966480446927375,0.009776536312849162,0.43312782602661115
09441b8d:001,09441b8d,1851,701356.5972215094,-19.25828254997312,19.46553003786582,0.0099999999965803,near_tie,large_recovery,1.1210146472477454,-0.0072399999999979685,-4.719535927897242,False,True,True,-0.005303968839998653,0.001056647262301724,0.00046298591967988266,0.02554624121167181,156.25000000818557,0.0010804970286331713,0.0010804970286331713,0.09238249594813615,10.580694035792929
09ec2ca9:000,09ec2ca9,2162,324965.7671390063,-12.223706290471906,12.260013882427712,0.0299999999970168,truth_strong,large_recovery,-1.1424776862112085,-0.009819999999999718,-2.024617344286956,True,True,True,-0.00014557207183636927,0.0002989953508472572,0.0002989953508472572,0.020425531915114523,156.24999999454283,0.0,0.0,0.0,0.0
0c1b160c:000,0c1b160c,233,26554.641591249547,-10.669452789699486,10.675599226580426,1.8189894035458565e-12,truth_strong,not_better,-1.859544835359666,0.007380000000004662,-6.888605977565787,True,False,True,-0.0021979867174519614,0.0003252438457354585,0.0003252438457354585,0.021502145923045314,156.2499999890861,0.0,0.0,0.0,0.0
0c1b160c:001,0c1b160c,211,22877.737963249583,10.409869668246351,10.412746919234449,-0.0200000000004365,near_tie,partial_recovery,1.0583295890491602,0.013239999999997972,3.5188016385778482,True,True,True,0.0019313054234946332,0.0003039437853127075,0.0003039437853127075,0.020995260663703316,156.24999999181463,0.0,0.0,0.0,0.0
0dc5e64d:000,0dc5e64d,486,72944.50468475168,-12.209359053498083,12.25118661295366,-0.0399999999990541,truth_strong,not_better,-2.9120365460420117,0.012140000000003065,-3.2767076470481826,True,False,True,0.0004543901089924906,0.0005055306377943496,0.0005055306377943496,0.027253086419909832,156.25000001364234,0.0,0.0,0.024691358024691357,0.7425048446170477
0dc5e64d:001,0dc5e64d,162,19253.4737564998,10.891580246913522,10.901770655961531,-0.0199999999986175,candidate_strong,not_better,-5.727978282407106,0.0068799999999973865,-6.012442132417084,False,True,False,-0.030834064354254887,0.001389184378360772,0.001389184378360772,0.0484259259259394,624.9999999708959,0.0,0.0,0.0,0.0
0dc835f3:000,0dc835f3,131,14913.745161249944,10.664980916030515,10.669835186651428,0.0,candidate_strong,not_better,1.1795662880244773,-0.00865999999999986,3.3152499298205598,True,False,True,0.0003056196325421865,0.0005168100120990681,0.0005168100120990681,0.03148854961839393,399.9999999767171,0.0,0.0,0.0,0.0
0dc835f3:001,0dc835f3,183,21386.166480749027,10.803336065573523,10.810379165829987,0.0,candidate_strong,not_better,1.5965525246919825,-0.007340000000000152,3.29457279008325,True,False,True,0.0004752107294803162,0.0005805714294999072,0.0005805714294999072,0.028333333333494762,399.9999999461577,0.0,0.0,0.02185792349726776,0.24750161487234923
0dc835f3:002,0dc835f3,477,82712.44637474883,13.09973689727454,13.168194830094627,0.0199999999986175,candidate_strong,not_better,2.6999072296253894,-0.011860000000004228,3.398121128789384,True,False,True,-6.932003127295721e-05,0.0022121293619118037,0.0022121293619118037,0.025283018868132737,156.25000001091394,0.0,0.0,0.1970649895178197,5.8162879495002064
0dd99dc5:000,0dd99dc5,525,115242.08255075169,-14.764050476190588,14.815826965380584,0.0100000000002182,truth_strong,large_recovery,-1.9927554253776114,-0.012420000000001902,-1.7981079551781716,True,True,True,-0.0028791105360778434,0.003636647821062022,0.0015629689466463148,0.018227091633705,156.24999999181446,0.04380952380952381,0.05714285714285714,0.0761904761904762,2.4750161487234923
0e5e560d:000,0e5e560d,2689,557325.9491865125,-14.153448121978595,14.39657655767772,0.0,candidate_strong,partial_recovery,-4.480667255289488,-0.01475999999999841,-3.5138922785954856,True,True,True,0.003132790249626899,0.0019333576387530014,0.0013368391823391644,0.023997395833565232,156.25000000545705,0.0003718854592785422,0.0003718854592785422,0.07177389364075865,11.94195291759085
109d9d70:000,109d9d70,2679,1094433.2109150137,-20.030939156401768,20.21195277690892,-0.0300000000006548,truth_strong,partial_recovery,-1.5600232577229056,-0.009820000000003356,-2.43150849491416,True,True,True,-0.005274767791538427,0.000657089954950425,0.000657089954950425,0.027252706234354124,156.25000002355608,0.0,0.0,0.08883911907428145,14.726346084374281
10a1281a:000,10a1281a,3087,774389.6578620134,-15.494479429867331,15.83840548763274,-0.0249999999978172,truth_strong,large_recovery,-1.5535115596915352,-0.02659999999999857,-1.7329602826819726,True,True,True,-0.0005702393172033486,0.004563993218694651,0.002424850714226646,0.027475167785101194,169.00000000387806,0.03466148364107548,0.03595724003887269,0.21509556203433755,31.3493631526869
113011eb:000,113011eb,1866,2224378.117111483,33.952270632368574,34.526176573186504,-0.0099999999983992,truth_strong,large_recovery,0.6306104274011908,0.009560000000001317,1.939430970906152,True,True,True,5.2964059851973194e-05,0.0035728221337225155,0.0012445819000167317,0.024214806506058142,156.24999999454312,0.04448017148981779,0.04930332261521972,0.15809217577706325,18.253244096835754
1131525f:000,1131525f,195,23256.810939999617,10.908671794871704,10.920883532398062,-0.0199999999986175,truth_strong,large_recovery,4.224849682607692,0.007400000000001462,4.001036107503858,True,True,True,-0.0016238028366259015,0.0007871502083337481,0.0007871502083337481,0.03292307692311237,156.2500000309228,0.0,0.0,0.11794871794871795,1.423134285516008
11d0f5ac:000,11d0f5ac,3537,2154349.551780273,-24.532942182640788,24.67973859772396,-1.8189894035458565e-12,truth_strong,partial_recovery,-4.1073470143692035,-0.007079999999998116,-5.408243978080853,True,True,True,-0.0021313778971897763,0.00034121245636642016,0.00034121245636642016,0.019205541419570097,156.2499999890861,0.0,0.0,0.0031099802092168505,0.6806294408989604
12203f2a:000,12203f2a,210,51169.15842475095,-15.545097619047764,15.609697600065182,-0.0100000000002182,near_tie,large_recovery,-2.536981844693333,-0.00936000000000059,-5.952056312431932,True,True,True,-0.008381442671103146,0.02056925347215274,0.0004266408848461536,0.02915254237289492,156.2500000172802,0.15714285714285714,0.15714285714285714,0.15714285714285714,2.041888322696881
122bd617:000,122bd617,2076,1455414.989466016,-25.607104527938496,26.477668904377406,0.0099999999993087,near_tie,large_recovery,-2.926290697724409,-0.015840000000003795,-3.048475506894495,True,True,True,-0.006483302479203468,0.00398076727819657,0.0024628654343122214,0.029957774466148765,399.9999999767171,0.030346820809248554,0.03564547206165703,0.17003853564547206,21.84201751248482
125be846:000,125be846,957,234746.24512349628,15.494258098223488,15.661860746786132,-0.0199999999986175,candidate_strong,not_better,4.185416904793204,-0.006100000000002187,3.6177932722094988,True,False,True,0.005708213993476256,0.0005726574226067907,0.0005726574226067907,0.029477533960391347,156.2500000118235,0.0,0.0,0.0,0.0
1285a37b:000,1285a37b,697,98213.95407950238,-11.836032998565424,11.87053270676894,0.0100000000002182,truth_strong,partial_recovery,-1.1149433886121085,-0.009640000000003063,-2.7600587617181054,True,True,True,-0.002021057614898233,0.0003616040396477064,0.0003616040396477064,0.02401721664286928,156.24999999454283,0.0,0.0,0.0,0.0
12f0cd90:000,12f0cd90,1234,261752.8283652474,13.98349959481355,14.564249550310985,0.0200000000004365,truth_strong,partial_recovery,3.4528424255143095,0.013899999999997827,4.143211813478281,True,True,True,0.0027624421264311255,0.0009954290888140732,0.0009954290888140732,0.03047568881734294,361.0000000024885,0.0,0.0,0.011345218800648298,0.6609805483679304
137d1e44:000,137d1e44,2544,2106730.609946269,-28.090455778302022,28.77702865348564,0.0299999999988358,near_tie,not_better,-4.815055780731442,-0.014580000000005396,-3.956827482357091,True,True,True,-0.002767418395282802,0.0006637534609522759,0.0006637534609522759,0.032635613207626854,399.99999998108257,0.0,0.0,0.041666666666666664,6.558792794117255
13f598d9:000,13f598d9,403,59967.33258475091,-12.182008684863614,12.198455398372438,0.0300000000006548,near_tie,partial_recovery,-4.354630184087942,-0.012779999999998844,-3.9645255603373646,True,True,True,-0.005906078488998595,0.0004058773476143829,0.0004058773476143829,0.021414392059882846,156.24999999181446,0.0,0.0,0.03722084367245657,0.9281310557713096
14fee784:000,14fee784,965,862803.2300447569,-29.097588082901684,29.901448316851543,0.0300000000024738,near_tie,large_recovery,-5.6739053663028916,-0.018380000000001034,-3.8812105962758574,True,True,True,-0.00695218587701638,0.0077762286549160975,0.007691982111055209,0.02807892004166841,225.0000000043657,0.002072538860103627,0.0031088082901554403,0.38963730569948185,23.26515179800083
153552f5:000,153552f5,2383,552496.153772763,-14.831110574905765,15.226588404804737,0.0100000000002182,truth_strong,large_recovery,0.24117104372100895,-0.010259999999998406,-0.05862956828428201,False,True,True,0.002433460063071939,0.0004041183966035281,0.0004041183966035281,0.021930339907872395,156.24999999454283,0.0,0.0,0.01888375996642887,2.7843931673139286
153552f5:001,153552f5,557,111457.42088900197,-14.01121184919224,14.14577992078657,1.8189894035458565e-12,near_tie,partial_recovery,1.045440637195676,-0.009700000000000736,9.533935250653009,False,True,False,-0.004944240758389845,0.0030550271507370722,0.002208816007535675,0.023165137614952317,156.25000000545705,0.02154398563734291,0.02872531418312388,0.1687612208258528,5.816287949500207
1550491d:000,1550491d,2092,1396498.0642997366,24.726703871892788,25.83683602428076,-0.0100000000002182,truth_strong,not_better,0.8245651929285782,-0.012559999999997682,2.278434489726833,True,False,True,0.0017045397209287092,0.0023525878147866216,0.0009167232842362548,0.026924916308144413,156.25000001091394,0.0004780114722753346,0.0004780114722753346,0.07217973231357552,9.343185961431184
1590af81:000,1590af81,971,169533.7727280039,-12.972371781668537,13.21351914852234,-0.0199999999986175,truth_strong,large_recovery,-1.7889945528871967,-0.010900000000001464,-4.063649043122867,True,True,True,-0.0016605196532419263,0.0004819546475675918,0.0004819546475675918,0.028027806385284123,156.2500000118235,0.0,0.0,0.0,0.0
15e154a1:000,15e154a1,215,29143.45685425077,-11.61001627906992,11.64263553121862,0.0,truth_strong,not_better,-3.020590537896916,0.005939999999998695,-4.02519133631633,True,False,True,0.002459530571634649,0.0013665962418106974,0.0013665962418106974,0.0443953488372198,624.9999999599825,0.0,0.0,0.10232558139534884,1.3612588817979208
15e154a1:001,15e154a1,462,75808.4213412518,-12.72280627705643,12.809664011231192,0.0,near_tie,not_better,-1.7640569600112679,0.00484000000000015,-3.0414516244018346,True,False,True,-0.0003801586444114901,0.0006671384541193536,0.0006671384541193536,0.03732683982686267,399.9999999956345,0.0,0.0,0.0,0.0
173ed841:000,173ed841,3558,2152878.1780905225,-23.901991849353703,24.598394142795307,0.0399999999990541,truth_strong,partial_recovery,-1.4968101509457363,-0.021120000000002637,-1.5187467810915296,True,True,True,-0.0015648154243220285,0.004498915163613249,0.0026257807210442762,0.03244406683670985,399.9999999869034,0.007588532883642495,0.011242270938729624,0.12619449128724003,27.782056269421197
1770d7c6:000,1770d7c6,1317,680103.683477009,-22.058552771450437,22.72451777334644,-0.0200000000022555,candidate_strong,large_recovery,1.4557158290171768,-0.008400000000001462,0.9970207793098516,False,True,False,0.00530627629994175,0.0010827055325361456,0.00040393546988699635,0.022812024353332322,156.24999999454283,0.002277904328018223,0.002277904328018223,0.009870918754745633,0.804380248335135
177622d7:000,177622d7,262,58424.7208567511,-14.686891221374191,14.933021053151272,0.0299999999951978,truth_strong,partial_recovery,-1.4457657593973732,-0.011639999999999425,-2.013612273263302,True,True,True,-0.018713697817402286,0.0007489519997094917,0.0007489519997094917,0.042175572519089786,506.2499999754437,0.0,0.0,0.07633587786259542,1.2375080743617461
19137a89:000,19137a89,1174,191584.57564200443,-12.741625212947335,12.774567993842505,0.020000000001346,candidate_strong,not_better,-3.0603062033863293,0.004459999999999131,-3.838958451568488,True,False,True,-0.00016245509217652188,0.00031988463716576903,0.00031988463716576903,0.018854344122999255,156.2499999881766,0.0,0.0,0.09540034071550256,6.930045216425778
19137a89:001,19137a89,242,33979.7937969991,11.820371900826284,11.849572610941705,-0.0100000000002182,candidate_strong,not_better,2.0310140618710903,0.012799999999999284,2.4603242484837082,True,True,True,-0.0013667144411615502,0.008305844194298796,0.0006001764372602599,0.0376041666666685,400.0000000043656,0.008264462809917356,0.008264462809917356,0.012396694214876033,0.18562621115426192
197f8a5a:000,197f8a5a,1415,905893.9134085109,-23.821390106007232,25.30232623013527,0.0,truth_strong,not_better,-4.220799869071806,-0.011159999999996225,-4.057543125751808,True,True,True,0.0055803086761232355,0.0022235056782481835,0.0022235056782481835,0.04037102473498866,506.24999997380655,0.0,0.0,0.06007067137809187,5.259409316037421
197f8a5a:001,197f8a5a,3289,1494671.6524920198,-20.96700577683201,21.317730238635114,-0.0100000000002182,truth_strong,not_better,0.05836579249901226,-0.008740000000001608,3.990958885830892,False,True,False,0.0008447643678303414,0.0005826395386383544,0.0005826395386383544,0.02972788081496215,306.2499999885404,0.0,0.0,0.010033444816053512,2.041888322696881
19871e7f:000,19871e7f,3461,605834.7306372655,-13.140733747472,13.230500806298174,0.0,truth_strong,partial_recovery,-1.3223730335504085,-0.009720000000001172,-2.2144626595145986,True,True,True,0.00197644919940288,0.0010499844690972262,0.0002711372343322,0.01654513888929345,156.24999997999112,0.001444669170759896,0.001444669170759896,0.0020225368390638545,0.43312782602661115
19fb4f7b:000,19fb4f7b,1005,201724.20555024585,14.098336815920248,14.167589863401538,-1.8189894035458565e-12,truth_strong,partial_recovery,3.898160519372818,-0.004319999999999713,4.250820586811237,True,False,True,0.0013408323875463955,0.001557817911589402,0.00055788907645677,0.030273556231092173,156.25000001455186,0.01791044776119403,0.01890547263681592,0.04776119402985075,2.9700193784681908
1a68190b:000,1a68190b,2155,688815.2715535084,-17.358773549884102,17.878362812891382,0.0100000000002182,candidate_strong,not_better,-4.326834059920789,0.006340000000000151,-3.4764262690021597,True,False,True,-0.001925538688385954,0.0025987384357511432,0.0008892924827504168,0.030401578458801305,225.0000000043657,0.0004640371229698376,0.0004640371229698376,0.13549883990719258,18.067617885681493
1aaf1da0:000,1aaf1da0,223,25794.056142000954,-10.748775784753562,10.754925066816105,0.0300000000006548,truth_strong,not_better,-1.2552442641921489,-0.017640000000003073,-4.409333397485359,True,True,True,-0.0007016051329611456,0.0020857389560432673,0.0019734602840960585,0.018144796380225155,100.00000000072765,0.008968609865470852,0.008968609865470852,0.40358744394618834,5.568786334627858
1aaf1da0:001,1aaf1da0,134,15693.200300750388,-10.813078358209086,10.821896094503346,1.8189894035458565e-12,truth_strong,not_better,-1.6016999059564383,-0.0099200000000019,-1.473835331345672,True,True,True,-0.009329720287796927,0.0005336664235964596,0.0005336664235964596,0.027835820895652157,156.2500000118235,0.0,0.0,0.03731343283582089,0.30937701859043654
1b1c5372:000,1b1c5372,2159,2627157.9320644806,33.22281936081506,34.88323626517267,0.0,truth_strong,partial_recovery,0.43873260293305655,0.010520000000000442,-3.287750944171531,True,True,False,0.0074955009037085685,0.002374985854997255,0.002374985854997255,0.02979620194552317,399.99999997380667,0.0,0.0,0.2880963408985642,38.4865011126503
1b1eba53:000,1b1eba53,4263,1575651.561072772,-18.63004046446179,19.22526902420252,0.0200000000004365,truth_strong,not_better,-5.889667857647185,-0.0045400000000008775,-6.581894772164027,True,True,True,-0.006928525254430425,0.0016225832397462718,0.001489472068853884,0.03465042372888046,400.000000008731,0.003518648838845883,0.0063335679099225895,0.06427398545625147,16.953860618755925
1b6ba517:000,1b6ba517,1023,715830.5269380083,-24.35306256109497,26.452534575577985,-0.0199999999986175,truth_strong,large_recovery,-1.9685837259110128,-0.008440000000002336,-1.2470489131260534,True,True,True,-0.01009559153560021,0.007205224309291389,0.007058808382970224,0.02038235294129745,156.24999997999112,0.002932551319648094,0.005865102639296188,0.34017595307917886,21.53264049389438
1b82b665:000,1b82b665,2028,605280.9385705112,-16.94539891518753,17.27605282660106,0.0200000000004365,candidate_strong,large_recovery,-2.33199704811958,0.00917999999999666,-3.8325092509417593,True,False,True,0.00082597939540533,0.0004827914605770705,0.0004827914605770705,0.02785502958594305,156.2500000118235,0.0,0.0,0.004437869822485207,0.5568786334627858
1bcb2fcf:000,1bcb2fcf,590,169898.3744055028,-16.065937288135746,16.969482798541762,0.0299999999988358,candidate_strong,large_recovery,-0.41945871197502743,-0.012540000000000884,-2.052406917981859,True,True,True,-0.019359751005526407,0.002384036457521178,0.002384036457521178,0.03499152542380071,400.0000000101865,0.0,0.0,0.5186440677966102,18.933873537734716
1beca81d:000,1beca81d,241,39280.902744251216,-12.694678423236716,12.766804521648652,-1.8189894035458565e-12,near_tie,large_recovery,-2.290979305225176,0.0037799999999988385,-2.3933502459090708,True,False,True,0.001956720447896669,0.008681687535613089,0.008537391345261817,0.03677083333334697,400.0000000101865,0.004149377593360996,0.004149377593360996,0.42323651452282157,6.311291179244905
1beca81d:001,1beca81d,229,28272.254815000564,-11.094973799126748,11.111238815411308,0.0100000000002182,near_tie,large_recovery,-2.0636241305203136,0.001799999999999274,-2.358985131864436,True,False,True,-0.0006178509458794096,0.0006813800965335846,0.0006813800965335846,0.03663755458517,400.0000000000002,0.0,0.0,0.0,0.0
1beca81d:002,1beca81d,720,98357.59172175266,-11.661463194444604,11.687932506658823,0.0100000000002182,near_tie,large_recovery,0.6916261014755545,0.0029600000000027677,-2.1898938567129127,False,False,True,0.005507584257555863,0.0010990887506262478,0.000603516333753456,0.02536161335206786,156.25000000818542,0.001388888888888889,0.001388888888888889,0.06388888888888888,2.8462685710320166
1beca81d:003,1beca81d,167,38708.15819649936,15.050005988023823,15.224499283134136,-0.0599999999976716,near_tie,large_recovery,1.6843929996703122,0.011879999999997391,1.5321968546895084,True,True,True,0.008616960121402712,0.004693911141071443,0.0003933052344944048,0.017967741935754258,156.2499999890861,0.0718562874251497,0.0718562874251497,0.08383233532934131,0.8662556520532223
1d3fbf02:000,1d3fbf02,2078,776699.7494434881,18.744692974013336,19.33320299231366,-0.0299999999979263,near_tie,large_recovery,1.363913109804174,0.009200000000000735,1.6423046432288135,True,True,True,-0.0044558199746848855,0.0007679758666757219,0.0007679758666757219,0.02205967276247145,156.24999999454312,0.0,0.0,0.04956689124157844,6.373166582962992
1d78281a:000,1d78281a,2175,769037.1530685097,-18.325086896551845,18.80373101970414,0.0100000000020372,candidate_strong,partial_recovery,-2.9644507221903336,0.006700000000000733,-3.654749790312247,True,False,True,0.001088141545584828,0.0005115338298710235,0.0005115338298710235,0.030379310344946685,399.9999999447027,0.0,0.0,0.016091954022988506,2.165639130133055
1e30dedf:000,1e30dedf,634,597734.8057942545,-28.46221687697173,30.70503831986497,0.0099999999983992,truth_strong,large_recovery,-2.4451061211655665,-0.017859999999996958,-1.9239315070098881,True,True,True,-0.017821403351099597,0.013926107535041756,0.006702483149139027,0.028301737757958394,224.99999999672596,0.0015772870662460567,0.0015772870662460567,0.6514195583596214,25.554541734649487
1e5e3573:000,1e5e3573,467,57066.66026524904,11.037607066381064,11.05433923785334,0.0099999999956708,near_tie,large_recovery,3.3870110625863945,0.009499999999996369,6.849536139117356,True,True,True,0.0004983257771561405,0.00042371080323729807,0.00042371080323729807,0.02897216274094579,156.250000014552,0.0,0.0,0.0,0.0
1fdbba44:000,1fdbba44,261,29799.23735600131,-10.680747126437016,10.685191771937,0.0200000000004365,truth_strong,large_recovery,-2.4795545618912262,-0.019800000000002926,-2.0739777896190805,True,True,True,0.0017364947706481216,0.00012994207283894285,0.00012994207283894285,0.011264367816500075,4.2881188357714265e-19,0.0,0.0,0.0,0.0
1fdbba44:001,1fdbba44,475,57145.98487375252,-10.957432631579186,10.96847011101918,0.0200000000004365,truth_strong,large_recovery,-0.450883628322259,-0.014339999999996519,-1.8961432416305435,True,True,True,1.6854504166578374e-05,0.0005322409023744142,0.0005322409023744142,0.018915789473931136,156.24999999636222,0.0,0.0,0.09052631578947369,2.6606423598777544
1fdbba44:002,1fdbba44,2321,769664.3375742633,-17.931507324429287,18.210132749609688,0.0300000000006548,truth_strong,large_recovery,1.6878679569685522,-0.017000000000000015,0.05836579249904843,False,True,False,-0.002910698096848802,0.004547974160051734,0.000980058663826662,0.027898144152055396,156.25000001455186,0.0017233950883239983,0.002154243860404998,0.07453683757001292,10.704444843229105
1fee2b62:000,1fee2b62,2532,908494.2861085146,-18.79855015797804,18.94214904152693,0.0199999999986175,near_tie,large_recovery,-4.936494062296015,-0.014760000000002048,-3.5313155205156344,True,True,True,0.0014908518802611353,0.00039433651425185807,0.00039433651425185807,0.02491113744097091,156.25000000818557,0.0,0.0,0.02014218009478673,3.155645589622453
200d233d:000,200d233d,497,137806.38970249827,16.574812877263476,16.651619681976758,0.0300000000006548,candidate_strong,partial_recovery,2.3934546306663247,0.0002200000000011643,1.5944005325802117,True,True,True,0.001788495819367899,0.00021578368584716028,0.00021578368584716028,0.01709255533223102,156.2499999827195,0.0,0.0,0.0,0.0
201661b5:000,201661b5,555,157709.6122724981,16.59054594594585,16.857089415259406,0.0199999999986175,truth_strong,partial_recovery,5.812937102931308,-0.0101600000000035,2.1591660905394012,True,False,True,-0.0017687092945144023,0.001068341007082197,0.001068341007082197,0.03829729729736153,506.24999997380655,0.0,0.0,0.0,0.0
20402d71:000,20402d71,638,78981.48894849747,11.103912225705155,11.126339794530375,-0.0099999999983992,truth_strong,not_better,1.816462902419567,-0.0037200000000011677,3.25930058559968,True,False,True,0.0007365065187744422,0.0017984956510174073,0.0007369827743281902,0.018418940610192783,156.2499999890861,0.023510971786833857,0.03134796238244514,0.04075235109717868,1.60876049667027
20402d71:001,20402d71,145,18943.852633749542,11.424010344827447,11.43010321664246,-0.0499999999992724,truth_strong,not_better,2.6163861452473176,0.011720000000001176,2.14665270918072,True,True,True,0.0037083826086062904,0.004293124867728248,0.001986351660514626,0.021521739130561324,156.24999999727157,0.04827586206896552,0.06206896551724138,0.20689655172413793,1.8562621115426192
2043abc5:000,2043abc5,6666,5590564.292660054,-27.959216171617303,28.95977401068736,0.0100000000002182,truth_strong,partial_recovery,-4.601471358837987,-0.012840000000000155,-3.893534122035004,True,True,True,-0.0006971017177398094,0.002720985572287107,0.0016550594242375869,0.028236637734314556,156.25000003183246,0.01485148514851485,0.018301830183018303,0.13366336633663367,55.13098471281579
206b6193:000,206b6193,2705,487214.5578145123,-13.31149168207041,13.420740946272476,-0.0100000000002182,candidate_strong,not_better,3.865659223011024,-0.007140000000003062,6.062651215597061,False,True,False,0.006101073220344941,0.00043262207875300674,0.00043262207875300674,0.026321626617568924,156.25000000818557,0.0,0.0,0.0003696857670979667,0.06187540371808731
22c5f93f:000,22c5f93f,931,156107.71622575363,-12.8993399570356,12.949033208596283,0.0299999999988358,truth_strong,large_recovery,-5.995396422658997,-0.013579999999998118,-3.813953285088909,True,True,True,-0.005079536845901396,0.002031928038124982,0.002031928038124982,0.030209452201978654,156.2500000090951,0.0,0.0,0.11170784103114931,6.435041986681081
22c5f93f:001,22c5f93f,163,20164.56010800068,-11.085693251533936,11.12245286426495,0.0299999999988358,near_tie,large_recovery,-0.01462442009675493,-0.0129599999999955,-8.389445677595944,True,True,True,0.0016213610276470886,0.006293570836918128,0.005956885747561697,0.017955974842848294,99.99999998253777,0.024539877300613498,0.03680981595092025,0.558282208588957,5.630661738345945
230eaaa3:000,230eaaa3,324,46988.768007999846,12.00350617283948,12.042718204503746,0.0099999999983992,near_tie,not_better,3.9540253904608536,0.00846000000000277,4.935203741921136,True,True,True,6.732926543355311e-05,0.0005364677963449975,0.0005364677963449975,0.03597222222233249,400.00000002764875,0.0,0.0,0.0,0.0
261785ee:000,261785ee,776,156708.49257325294,-14.13099033505168,14.21069786211848,0.0100000000002182,near_tie,not_better,-4.2422597252416185,-0.017120000000002633,-3.8700428510943117,True,True,True,-0.0004731920786852968,0.002179248433838191,0.002179248433838191,0.02802835051561816,156.25000001409717,0.0,0.0,0.14948453608247422,7.177546831298128
26623a50:000,26623a50,2244,429326.7447210088,-13.475647950089272,13.831922453248415,-0.0100000000020372,candidate_strong,not_better,-1.0645492456206815,-0.012759999999998412,-1.7402282946019147,True,True,True,-0.001344912821811468,0.00047029507395158457,0.00047029507395158457,0.027303921569153795,156.25000000954958,0.0,0.0,0.021836007130124777,3.031894782077058
272abef3:000,272abef3,221,23229.23758550099,-10.25147511312239,10.252300831159006,-1.8189894035458565e-12,truth_strong,large_recovery,-1.9097524679462041,0.006239999999997968,-1.53358911370938,True,False,True,0.001654346164904948,0.0001388097676574857,0.0001388097676574857,0.012217194570553208,4.777822077280137e-19,0.0,0.0,0.0,0.0
27300fd5:000,27300fd5,647,277864.2403649966,19.80429829984531,20.723551713406483,0.0,candidate_strong,not_better,0.27455832790194246,-0.003680000000000294,0.16487517716900885,True,False,True,-0.026690814617700533,0.002255553145334265,0.002255553145334265,0.0448531684698791,624.9999999836288,0.0,0.0,0.13292117465224113,5.321284719755508
27300fd5:001,27300fd5,571,72057.96731774781,11.217331873905255,11.23370330182633,0.0,candidate_strong,not_better,1.4449660617860487,-0.004740000000001605,-12.328836489661626,True,False,False,0.007349361428611701,0.0004358713049859661,0.0004358713049859661,0.02357267950987522,156.25000000818557,0.0,0.0,0.0,0.0
27300fd5:002,27300fd5,673,71687.35861699774,10.318121842496126,10.320809387570256,0.0100000000002182,near_tie,not_better,-2.0445708234424544,-0.007739999999994331,-15.359845007379946,False,False,False,0.0001685503531928496,0.00017530819998369952,0.00017530819998369952,0.012020802377932096,2.9779107900165694e-19,0.0,0.0,0.0,0.0
27300fd5:003,27300fd5,313,45583.82192599932,12.019597444089364,12.067941573486513,0.0299999999970168,candidate_strong,not_better,3.442681302481036,-0.011319999999999717,-10.301074815516046,True,False,False,0.005960504675057047,0.0011575248430221897,0.0011575248430221897,0.0424121405751359,624.9999999654392,0.0,0.0,0.0,0.0
276b012a:000,276b012a,2012,1457607.0329042668,-24.185407306163192,26.915734725200227,-0.0199999999986175,truth_strong,not_better,-2.4872197091097132,0.01791999999999463,-4.347537655790186,True,False,True,-0.0022495227507523686,0.0013221686459169387,0.0013221686459169387,0.03042992047722773,306.25000000763976,0.0,0.0,0.06709741550695825,8.353179501941787
276b012a:001,276b012a,1029,148592.50742225355,-11.97221914480092,12.016853544827626,0.0500000000010913,near_tie,not_better,0.44062319740072653,0.0031399999999994206,-6.65455755422683,False,False,True,0.004325520926164908,0.0003456563296255671,0.0003456563296255671,0.021530612245032235,156.24999999454312,0.0,0.0,0.0058309037900874635,0.37125242230852384
276b012a:002,276b012a,502,72719.03471600164,-12.02133665338659,12.03572328081838,0.0300000000024738,truth_strong,not_better,-1.606464862686371,0.004119999999998986,-2.2176557598381983,True,False,True,-0.008126367004277688,0.0014673673471713073,0.0014673673471713073,0.02969123505984604,225.0000000043657,0.0,0.0,0.04780876494023904,1.4850096892340954
27c3155b:000,27c3155b,1330,208102.9108254945,12.487101503759233,12.508731110873365,-0.0499999999974534,truth_strong,not_better,0.6062539945972156,0.011599999999998552,1.5939799084955424,True,True,True,-0.0012317724951514085,0.00031794481257560307,0.00031794481257560307,0.020300751879965395,156.24999999181463,0.0,0.0,0.0,0.0
27ebb9b9:000,27ebb9b9,168,22950.897174499754,-11.652815476190415,11.688134290020209,0.0299999999988358,near_tie,partial_recovery,-4.205234024321055,-0.011959999999995497,-3.679946493255315,True,True,True,-0.0010526027567999909,0.0014225725949141,0.0014225725949141,0.04654761904761299,624.9999999727154,0.0,0.0,0.20833333333333334,2.165639130133056
29de15c8:000,29de15c8,1327,377708.84735024313,16.737365109268872,16.871089037996043,-1.8189894035458565e-12,truth_strong,partial_recovery,0.5081328200510501,-0.00797999999999957,1.2493534099361723,True,False,True,-0.003112015345697183,0.001377186314447741,0.0003515629847032481,0.023274169184476053,156.24999999454283,0.002260738507912585,0.002260738507912585,0.002260738507912585,0.18562621115426192
2b034622:000,2b034622,771,108778.72153600265,-11.859691309987172,11.878040072927144,0.0100000000002182,truth_strong,large_recovery,-2.840533694050277,-0.012059999999997684,-3.5384908029605375,True,True,True,0.002501142993767186,0.0016960467897453812,0.0005295422872323199,0.02683443708629066,156.2500000090951,0.020752269779507133,0.020752269779507133,0.058365758754863814,2.7843931673139286
2b034622:001,2b034622,1139,254700.974774255,-14.872920544337289,14.953864513667106,-0.0200000000004365,truth_strong,large_recovery,3.2937298276878364,-0.004439999999998694,-1.4216406685817988,False,True,True,7.463704285258073e-05,0.0027003272576076416,0.0007316431899449311,0.01597297297330629,156.2499999854482,0.025460930640913083,0.02633889376646181,0.053555750658472345,3.7743996268033255
2be5c96a:000,2be5c96a,647,102870.66762849884,12.536808346213226,12.609377268451585,0.0099999999983992,near_tie,large_recovery,0.3509860823472385,0.008620000000002626,1.1736837033112373,True,True,True,-0.0004612182707626883,0.000279371792137659,0.000279371792137659,0.020000000000230875,156.24999998635775,0.0,0.0,0.0,0.0
2be5c96a:001,2be5c96a,532,84612.63385924869,12.557713345864562,12.61135616207504,-1.8189894035458565e-12,near_tie,large_recovery,-0.5076342908778525,0.011880000000001029,2.84260128596309,False,True,True,0.00041801614111064547,0.000807638752333988,0.000807638752333988,0.020714285714497155,156.25000000545685,0.0,0.0,0.21428571428571427,7.0537960238619535
2bff06cf:000,2bff06cf,1069,295208.335201754,-16.129057530402363,16.617873750023083,0.0100000000020372,near_tie,not_better,-3.6683252912583884,-0.01853999999999725,-4.20119340958377,True,True,True,0.004392927756362708,0.005320648011754304,0.005320648011754304,0.03408793264742394,399.9999999898139,0.0,0.0,0.2516370439663237,16.644483600165486
2bff06cf:001,2bff06cf,3298,1202585.4082122706,-18.907794875682395,19.095570562404813,0.0,candidate_strong,not_better,2.6491552376626766,-0.013220000000001172,0.8384218857671453,False,True,False,-0.0010685435985203922,0.0024595180768625545,0.0011540012006978047,0.015756866417310895,156.24999997089614,0.02850212249848393,0.03941782898726501,0.0976349302607641,19.923879997224113
2d0c268a:000,2d0c268a,414,49450.50309249915,10.920550724637584,10.929119801874156,-0.0050000000001091,near_tie,not_better,4.356102579342575,-0.006479999999999569,8.046361831989328,True,False,True,0.0013904646435292563,0.0005975254630234051,0.0005975254630234051,0.031751207729570886,399.9999999767171,0.0,0.0,0.0,0.0
2d196986:000,2d196986,1835,745933.5995130121,-19.678156403269927,20.161927586054183,0.0100000000002182,truth_strong,partial_recovery,1.3851567513669942,-0.005579999999998113,2.8571411240994165,False,True,False,0.0008012146813605654,0.0010205596002095885,0.000968927979998214,0.036871249318110824,400.00000002328323,0.0010899182561307902,0.0016348773841961854,0.06267029972752043,7.1156714275800415
2d196986:001,2d196986,795,95814.94824425149,-10.973554088050395,10.978248834720675,0.0199999999986175,truth_strong,partial_recovery,-0.6507866943512074,-0.007000000000003644,3.768732196797929,True,True,False,-0.0023909169170211156,0.00010511409383171766,0.00010511409383171766,0.009081761006763755,3.3881253266717473e-19,0.0,0.0,0.0,0.0
2d35f86d:000,2d35f86d,2531,1780140.9049477691,-26.16970900829726,26.52046394543992,0.0300000000006548,truth_strong,large_recovery,-3.9916983707958558,-0.01570000000000074,-3.5780314506136914,True,True,True,-0.0036887795120588455,0.002109136409387587,0.001823828869656291,0.027135728543021844,156.2500000118235,0.010272619517977083,0.014223627024891347,0.1758198340576847,27.534554654548856
2ddad940:000,2ddad940,1384,221421.08354774505,12.582019869942055,12.648570355702986,-0.0099999999983992,candidate_strong,partial_recovery,1.880817840918311,0.006819999999999714,4.7664366157852704,True,True,True,0.0005460944954239823,0.00040299232137542103,0.00040299232137542103,0.018945086705464804,156.24999999090497,0.0,0.0,0.04696531791907514,4.021901241675675
2ddad940:001,2ddad940,495,73169.76750299832,12.093979797979664,12.158030766833472,-0.0300000000006548,candidate_strong,partial_recovery,2.5462802466583083,0.013200000000000739,4.31300201429455,True,True,True,-0.0011477344071844507,0.0007198389844590507,0.0007198389844590507,0.03541414141421491,400.0000000043656,0.0,0.0,0.09494949494949495,2.9081439747501037
2e63d9de:000,2e63d9de,3428,3188203.650574222,28.6530972870477,30.49668407178137,-1.8189894035458565e-12,truth_strong,large_recovery,4.612919461156627,0.016119999999998993,3.4007525286125757,True,True,True,0.005397197962375974,0.00042231471481332775,0.00042231471481332775,0.028033838973251683,156.25000001728048,0.0,0.0,0.0014585764294049008,0.30937701859043654
2f8e53c3:000,2f8e53c3,273,29062.13099524878,10.314562271062051,10.317688321047916,-0.0100000000002182,truth_strong,large_recovery,1.172122190082143,0.007340000000000152,4.227082354341716,True,True,True,0.0016070791316229178,9.988427730389456e-05,9.988427730389456e-05,0.00879120879170798,3.3881253266717473e-19,0.0,0.0,0.0,0.0
2fd68f7b:000,2fd68f7b,211,22710.262156501067,-10.373819905213512,10.3745638077669,0.0100000000020372,near_tie,not_better,-4.156256505728068,0.009420000000001899,-18.71828041925795,True,False,True,-0.014477355578947224,0.0006941450600539521,0.0006941450600539521,0.036066350710957706,399.9999999898136,0.0,0.0,0.0,0.0
33c40295:000,33c40295,1155,250594.50117799485,14.622865800865648,14.729729667744891,1.8189894035458565e-12,candidate_strong,large_recovery,2.4425948280099163,-0.005200000000000732,2.649319299284634,True,False,True,-0.008338730782833292,0.001289405017662396,0.001289405017662396,0.02616017316034193,156.25000000818557,0.0,0.0,0.26147186147186147,18.686371922862367
33c40295:001,33c40295,161,17667.150085249523,10.471357142857002,10.475392663818248,0.0400000000026921,candidate_strong,not_better,-1.1553708231945292,-0.016240000000001614,-10.741788599012967,False,False,False,-0.0036738986745782133,0.0002988457193290478,0.0002988457193290478,0.0218322981367969,156.24999999454283,0.0,0.0,0.0,0.0
33c40295:002,33c40295,258,31043.78684699945,10.959965116278973,10.96926411483141,1.8189894035458565e-12,candidate_strong,not_better,0.7458454249860639,-0.005059999999997676,-11.311349655474267,True,False,False,0.0018644310407844506,0.00043117240399634133,0.00043117240399634133,0.018914728682409974,156.2499999881766,0.0,0.0,0.03875968992248062,0.6187540371808731
3407f5bf:000,3407f5bf,1685,2050555.578123484,29.314112759643752,34.88476645524637,0.0199999999986175,truth_strong,partial_recovery,2.804254828409161,0.011000000000003646,6.034777356749471,True,True,True,0.019174318779307722,0.00873042695667993,0.005192818691090228,0.02612446087514359,225.0000000043657,0.03679525222551929,0.03679525222551929,0.3887240356083086,40.52838943534719
347242c8:000,347242c8,1699,301065.8662407432,13.223133313713792,13.311716821380813,-0.0799999999999272,truth_strong,large_recovery,3.5788750105531415,0.03045999999999915,2.572385396963621,True,True,True,-0.0003205274259529828,0.001818212092797144,0.0007930026230499374,0.02769135034243511,156.25000001364234,0.05414949970570924,0.06768687463213655,0.125956444967628,13.241336395670682
353e5502:000,353e5502,4309,4234761.444008798,-31.032109886284704,31.349183077861724,0.0200000000004365,candidate_strong,large_recovery,1.2872162749433769,-0.010520000000004085,1.6883325086701544,False,True,False,-0.0011530770792043288,0.0007820956495970433,0.0007744225293554078,0.025009285051321897,156.25000000818557,0.00023207240659085636,0.00023207240659085636,0.0749593873288466,19.985755400942196
35b3ef6a:000,35b3ef6a,2356,552698.4592839879,15.020153225806272,15.316392387152089,-0.0300000000006548,near_tie,not_better,3.8733594151979593,-0.005160000000003497,3.6398962452031243,True,False,True,0.004954893547911997,0.002102503892149736,0.001288441272537191,0.02839887640461563,156.2500000118235,0.017826825127334467,0.022495755517826826,0.10144312393887946,14.788221488622863
368131f9:000,368131f9,755,150460.40448200365,-13.87525033112601,14.116844688161503,-0.0099999999983992,truth_strong,partial_recovery,-1.0353004054257773,-0.006319999999999715,-2.28136083190421,True,True,True,0.0023996311675732883,0.0007873539746994704,0.0007873539746994704,0.040655629139097996,506.2499999836293,0.0,0.0,0.026490066225165563,1.2375080743617461
368131f9:001,368131f9,2964,3094055.6200667773,-30.88599139676128,32.30910729697623,0.0,truth_strong,partial_recovery,-1.1323988429389154,-0.00904000000000088,-0.39122420273066627,True,True,True,-0.002826531842534773,0.0031194917699282946,0.0009490616409002378,0.0363103681189336,400.00000001309695,0.0010121457489878543,0.0010121457489878543,0.10695006747638326,19.614502978633677
3690a146:000,3690a146,552,89985.32216249783,12.727731884057818,12.767806701839575,-0.0099999999993087,candidate_strong,partial_recovery,3.230340614752661,0.010180000000000298,3.506700113957167,True,True,True,-0.00019206578812846237,0.0007621293189445906,0.0007621293189445906,0.02519927536253804,156.25000000409267,0.0,0.0,0.04710144927536232,1.60876049667027
37344c2a:000,37344c2a,1381,172450.97995224452,11.163605720492216,11.174703120344548,-9.094947017729282e-13,candidate_strong,large_recovery,2.0105449390546455,0.004679999999996657,1.202347955590933,True,True,True,7.046284942741624e-05,0.00016624575261943434,0.00016624575261943434,0.011596669080584014,4.7644755103583923e-20,0.0,0.0,0.0,0.0
37344c2a:001,37344c2a,1624,802708.8864355098,-21.085944581280938,22.23238338455475,-1.8189894035458565e-12,truth_strong,not_better,-3.891947995963735,0.005479999999999567,-3.7249541558661856,True,False,True,-0.001765233179192126,0.003455515672711411,0.001803043841276627,0.033785310734492646,399.9999999869034,0.019088669950738917,0.019088669950738917,0.0480295566502463,4.82628149001081
37d36812:000,37d36812,386,50135.3431780013,-11.352634715026058,11.39667972487157,-0.0099999999965803,near_tie,not_better,-2.9641343942182674,-0.007780000000006119,-5.789315929606415,True,True,True,0.0017493212524603066,0.0008990412705451125,0.0008990412705451125,0.033393782383503004,399.99999997817207,0.0,0.0,0.15803108808290156,3.7743996268033255
37d36812:001,37d36812,289,37251.49725525092,-11.31678027681675,11.353321733221112,0.0100000000020372,truth_strong,not_better,-0.3802349225420705,-0.011120000000002628,-4.022666377784933,True,True,True,0.004174263113301548,0.0004154962363959122,0.0004154962363959122,0.028979238754516096,156.2500000090951,0.0,0.0,0.08650519031141868,1.5468850929521827
38991fd4:000,38991fd4,4360,1764986.8346599776,19.51307545871546,20.119977489750536,-0.0100000000020372,truth_strong,partial_recovery,2.1727447786137173,-0.009439999999998698,2.553255816502569,True,False,True,0.0005484986918237207,0.0006508047983291728,0.0006508047983291728,0.025893348624041686,156.25000001091394,0.0,0.0,0.06628440366972477,17.88199167452723
389ae58f:000,389ae58f,593,81306.03808224801,11.679419055649095,11.709384115370677,-0.0500000000010913,truth_strong,not_better,0.6869520809178704,0.006159999999996222,1.7059135236512333,True,True,True,-0.011249661531856964,0.0004689421561061234,0.0004689421561061234,0.03136593591909675,156.25000002819422,0.0,0.0,0.0,0.0
389ae58f:001,389ae58f,447,187086.9210937468,19.870175615212343,20.45822507853716,-0.0699999999997089,truth_strong,not_better,0.5427320189220368,0.009779999999998842,-9.237583553278872,True,True,False,0.014403648173884821,0.012258670184519193,0.002566769200923857,0.033191011236048416,400.00000001891755,0.0044742729306487695,0.0044742729306487695,0.14988814317673377,4.14565204911185
3932faa6:000,3932faa6,1021,378485.3903382541,-19.11258325171411,19.253588656126635,0.0100000000002182,candidate_strong,large_recovery,4.187595601714893,-0.005679999999996658,3.974175121213578,False,True,False,-0.0049036985492312704,0.0002831354593471638,0.0002831354593471638,0.019804113614410677,156.24999999181446,0.0,0.0,0.025465230166503428,1.60876049667027
3a0af893:000,3a0af893,268,33745.75630300115,-11.196399253731537,11.221274487802235,0.0100000000002182,truth_strong,not_better,-3.5613866886136885,-0.013019999999996808,-8.136124579510337,True,True,True,-0.006561770739765397,0.005069614428800116,0.005069614428800116,0.03770522388058995,399.9999999832654,0.0,0.0,0.47388059701492535,7.858176272197088
3a0af893:001,3a0af893,288,33607.11882175125,-10.79507465277798,10.802378663875258,-9.094947017729282e-13,truth_strong,not_better,-0.08735504203969688,-0.010059999999997678,-10.177485532747914,True,True,True,-0.0003613786643668823,0.0017746639339985193,0.00029870468472587887,0.0207317073173343,156.2499999890861,0.003472222222222222,0.003472222222222222,0.010416666666666666,0.18562621115426192
3a0af893:002,3a0af893,493,57319.77674275149,-10.773224137931177,10.782731361962162,-0.0100000000002182,truth_strong,not_better,0.7720692716075717,-0.007700000000004373,-10.150470358774744,False,True,True,0.004129704128667499,0.0004139185661900756,0.0004139185661900756,0.027160243407801776,156.25000001091394,0.0,0.0,0.006085192697768763,0.18562621115426192
3a223519:000,3a223519,959,157832.9826967459,12.621484358706828,12.828904680611624,-0.0099999999983992,candidate_strong,partial_recovery,2.1963341674776227,0.01161999999999899,1.980281803830136,True,True,True,-0.002122024350200829,0.00022259646424732982,0.00022259646424732982,0.015182481752235123,156.24999998544803,0.0,0.0,0.0,0.0
3a824aa7:000,3a824aa7,2084,753823.5262952603,-18.750448896353294,19.01892589943415,0.0100000000002182,truth_strong,large_recovery,2.0140977438568894,-0.008740000000001608,0.7902545932573475,False,True,False,-0.0031357660962709408,0.0008083844311569476,0.0008083844311569476,0.022564779270893676,156.24999999454283,0.0,0.0,0.09692898272552783,12.498831551053634
3b21ea64:000,3b21ea64,301,35690.8304967493,10.883347176079628,10.889177549146746,0.0099999999993087,candidate_strong,partial_recovery,-1.8475958392704492,-0.010119999999998987,-3.5978324777517705,False,False,False,-0.01277498006194993,0.0008025362523701077,0.0008025362523701077,0.03641196013288939,399.9999999825375,0.0,0.0,0.0,0.0
3b21ea64:001,3b21ea64,128,16523.186527999642,11.323046874999877,11.361663379540744,0.0100000000002182,candidate_strong,large_recovery,-1.401953880512071,-0.010400000000001464,-1.416578300610148,False,False,False,-0.027772885102911225,0.017665104324732415,0.0015939111380388951,0.0498425196850571,624.9999999781721,0.0078125,0.0078125,0.15625,1.2375080743617461
3b21ea64:002,3b21ea64,713,92189.82009499776,11.3560995792425,11.37094918670948,0.0100000000002182,candidate_strong,not_better,-3.6088915118761458,-0.014840000000003795,-5.6607880657963445,False,False,False,-0.011236682181671873,0.0005822279190733102,0.0005822279190733102,0.029067321178263585,156.2500000118235,0.0,0.0,0.12061711079943899,5.321284719755509
3b21ea64:003,3b21ea64,1857,378454.5034667423,13.984310446957306,14.275814197818326,0.0099999999993087,truth_strong,not_better,0.6855013141088391,-0.01013999999999215,-13.528144690837824,True,False,False,0.001092003819012874,0.005689031348600198,0.0006896171146951197,0.023981631550708718,156.25000000545705,0.0032310177705977385,0.0032310177705977385,0.05600430802369413,6.435041986681079
3b21ea64:004,3b21ea64,255,27506.12648274878,10.379045098038985,10.385911740306971,-0.0200000000004365,truth_strong,partial_recovery,1.028251971160723,-0.002479999999999566,-7.267987922831201,True,False,False,-0.007074728162873625,0.00037927505840841855,0.00037927505840841855,0.022588235294173566,156.24999999999994,0.0,0.0,0.0,0.0
3bfee975:000,3bfee975,1047,311310.185661506,-17.001223495702167,17.24341674031395,0.0399999999954161,near_tie,partial_recovery,-3.048243423003074,0.005240000000001606,-4.440256037293956,True,False,True,-1.461240015506028e-05,0.0006156286811289786,0.0006156286811289786,0.03426934097431802,506.24999994925025,0.0,0.0,0.011461318051575931,0.7425048446170477
3e678ea7:000,3e678ea7,1057,194027.8907502528,-13.492661778618832,13.548605193766235,0.0099999999983992,candidate_strong,not_better,-2.940922296929082,0.0037399999999943286,-4.328049901957203,True,False,True,-0.0007832386199086765,0.0004037711369957633,0.0004037711369957633,0.023973509933967782,156.24999999727157,0.0,0.0,0.0,0.0
3e678ea7:001,3e678ea7,3719,1697170.0645462205,21.088287039526566,21.362377841080004,-0.0100000000002182,truth_strong,large_recovery,4.412435330655997,0.009260000000005682,3.4227450414631173,True,True,True,0.0015701233769968555,0.0003787328525421202,0.0003787328525421202,0.022883839742029007,156.24999999999994,0.0,0.0,0.0,0.0
4121c517:000,4121c517,238,56888.37969700105,-15.357638655462331,15.460491759629909,-1.8189894035458565e-12,near_tie,large_recovery,-3.040100838675457,-0.009799999999999282,-4.982857570977789,True,True,True,-0.015888205875698547,0.010967142457227652,0.0007073095548585672,0.027050000000119326,156.2500000090951,0.15966386554621848,0.15966386554621848,0.29411764705882354,4.331278260266112
43b06c70:000,43b06c70,462,65308.94907750206,-11.873008658008846,11.88954842034023,0.0099999999983992,candidate_strong,not_better,-4.230119859244818,-0.016800000000002924,-3.7653164211131895,True,True,True,-0.0022496608779997507,0.0003781264014214579,0.0003781264014214579,0.018928571428920418,156.2499999881766,0.0,0.0,0.045454545454545456,1.2993834780798335
43b06c70:001,43b06c70,3683,2518023.5201447704,-24.132794868313983,26.14743137086821,0.0299999999988358,truth_strong,large_recovery,-4.203404805081743,-0.017619999999999,-2.9602851524871165,True,True,True,0.0008786286091803426,0.002042119188425497,0.0008956967573739948,0.020259897250208433,156.24999999090514,0.10154765137116481,0.12055389628020635,0.17567200651642684,40.03338620560249
4463446c:000,4463446c,175,21668.48147199938,11.115965714285558,11.127438794516497,0.0199999999986175,truth_strong,not_better,2.9929243711064983,0.007960000000002772,3.6642257930463233,True,True,True,0.016531933514947236,0.0005929929494756144,0.0005929929494756144,0.040200000000013725,400.00000002764875,0.0,0.0,0.0,0.0
44a94013:000,44a94013,407,55924.50645850084,-11.70289434889444,11.722058256773268,0.0300000000006548,near_tie,partial_recovery,-3.1294307277153477,-0.016579999999998124,-3.7426870584172294,True,True,True,-0.002750707580317749,0.0018757125989533289,0.0018757125989533289,0.02985257985266638,224.99999997708085,0.0,0.0,0.21867321867321868,5.50691093090977
463c38f2:000,463c38f2,998,157107.12107449517,12.513531062124056,12.546791024182406,-0.0399999999972351,near_tie,partial_recovery,1.1296996966022317,-0.005899999999997822,3.4616107133716416,True,False,True,-0.010106379381940277,0.0005757683440904539,0.0005757683440904539,0.024569138276844944,156.25000000272848,0.0,0.0,0.061122244488977955,3.7743996268033255
46d41ff6:000,46d41ff6,871,274377.1949994963,17.614959816302985,17.748633782562738,0.0,candidate_strong,partial_recovery,-3.098968326970605,0.008520000000000444,-1.1825796924351528,False,True,False,-0.006796498026437796,0.00202111263590258,0.00046839018521586,0.020453995157746586,156.2499999890861,0.05166475315729047,0.05281285878300804,0.05281285878300804,2.846268571032016
46dfcfca:000,46dfcfca,258,53263.474671000986,-14.12046124031021,14.368283691665816,0.0300000000006548,truth_strong,not_better,-3.1335466265074645,-0.0022999999999992744,-3.7080546889256816,True,True,True,-0.02884675066332542,0.001321000466584296,0.001321000466584296,0.04720930232557857,624.999999954525,0.0,0.0,0.0,0.0
47222616:000,47222616,531,57777.790949501374,-10.428743879472815,10.43117438985675,0.0499999999992724,candidate_strong,not_better,-1.2948427052543097,-0.008380000000001026,-2.895470767554343,True,True,True,0.0007816113174955605,0.00017966634818753578,0.00017966634818753578,0.01214689265579872,3.3881253266717473e-19,0.0,0.0,0.0,0.0
47222616:001,47222616,2066,2290674.374248521,-32.72557938044545,33.297875113159385,0.0599999999976716,truth_strong,partial_recovery,-2.1058293081162534,-0.010200000000000736,2.550932086893321,True,True,False,-0.004725156006435163,0.0027503729934168918,0.002452020365990191,0.02076267056555755,156.2499999890861,0.006776379477250726,0.008228460793804453,0.1732817037754114,22.151394531075255
481de5fc:000,481de5fc,311,45736.52119925093,-12.073683279742893,12.126943931981552,0.0300000000006548,near_tie,large_recovery,-2.0387303058552706,-0.01594000000000234,-3.6607925575138953,True,True,True,7.985438585819887e-05,0.001330353798376288,0.001330353798376288,0.035514469453397736,399.99999997380667,0.0,0.0,0.4115755627009646,7.920051675915176
48c1f673:000,48c1f673,2200,771434.3342217644,-18.59199477272745,18.72570346077289,0.0,candidate_strong,not_better,-3.0193375101653226,-0.01618000000000394,-3.518938231137576,True,True,True,0.00011689458178049541,0.0015739677188679347,0.0015739677188679347,0.030111363636866825,225.0000000240108,0.0,0.0,0.29363636363636364,39.97151080044448
493b5b31:000,493b5b31,624,120708.67952825176,-13.783670673077022,13.908393030105625,0.0599999999994906,truth_strong,large_recovery,-3.885727515172798,-0.0038600000000042233,-5.403115681728087,True,True,True,-0.010337434731684615,0.0006035636010562013,0.0006035636010562013,0.03287660256412215,399.99999997817207,0.0,0.0,0.020833333333333332,0.804380248335135
493b5b31:001,493b5b31,1601,828862.2395472617,-21.842382573391795,22.75335860125413,-0.0400000000008731,truth_strong,partial_recovery,-0.5295709210250765,0.0226000000000022,-2.1391762640472396,True,False,True,-9.161761453878627e-05,0.000404879500240266,0.000404879500240266,0.021386633354388614,156.24999999181463,0.0,0.0,0.019987507807620236,1.9800129189787938
49dbc14c:000,49dbc14c,3439,1052031.449051486,17.388013375981274,17.490340864841077,-0.0299999999988358,candidate_strong,large_recovery,4.329334084873122,0.01653999999999725,2.5072409951781895,True,True,True,0.0015397608680220412,0.00034574738216520463,0.00034574738216520463,0.02149462052946832,156.24999999181463,0.0,0.0,0.004652515266065717,0.9900064594893969
4a335117:000,4a335117,3270,2107712.280172522,-24.024719877675984,25.38819273457621,0.0,candidate_strong,not_better,-4.565095527729137,0.008000000000000007,-4.744678110580766,True,False,True,0.0024157540559034134,0.0007541345942681573,0.0007541345942681573,0.03278134556588185,399.9999999869034,0.0,0.0,0.05871559633027523,11.880077513872763
4a8ecc0b:000,4a8ecc0b,2114,654388.347295261,-17.36048320719031,17.594028337980042,0.1199999999971623,candidate_strong,partial_recovery,1.7595844495841741,-0.009060000000001317,1.6354087666451373,False,True,False,0.0019376044987957338,0.0005573915193954226,0.0005573915193954226,0.02199621570489637,143.9999999917492,0.0,0.0,0.0,0.0
4b462989:000,4b462989,424,52333.63941350171,-11.099259433962446,11.10983325001615,-0.0099999999983992,candidate_strong,large_recovery,-2.3665588543365295,-0.01130000000000292,-4.044715508421929,True,True,True,0.0032990686909907573,0.0003894007792577032,0.0003894007792577032,0.03146226415099693,399.99999995779945,0.0,0.0,0.0047169811320754715,0.12375080743617461
4b831d20:000,4b831d20,1218,456607.8235642565,-18.115720443349893,19.3619025557461,0.0,candidate_strong,not_better,1.819190265198162,-0.00829999999999928,1.7027224559853713,False,True,False,0.0025096576457458034,0.0004756889072172381,0.0004756889072172381,0.02137110016442906,156.24999999454283,0.0,0.0,0.05993431855500821,4.516904471420373
4c2208f5:000,4c2208f5,4913,7612031.245126793,-37.79737929981695,39.36197662170222,0.0099999999983992,truth_strong,not_better,-3.9515552237319893,-0.012159999999999862,-5.2653004871444296,True,True,True,-0.0016139674969163128,0.0021164253860420416,0.0014326330960878258,0.025671672495456748,156.25000000272848,0.010584164461632404,0.012416039079991859,0.11866476694484022,36.0733603676449
4c3df468:000,4c3df468,3413,3487454.005810724,29.15204321711092,31.96583844308007,-0.0099999999983992,truth_strong,partial_recovery,0.37292271249435405,0.012000000000003647,0.38754713259110896,True,True,True,0.0011625192426391257,0.0015747787359043383,0.0015747787359043383,0.02717404043375898,156.25000001364234,0.0,0.0,0.21886903017872839,46.22092657741122
4caa7289:000,4caa7289,5099,8185301.076377558,-36.9613700725634,40.0658926684552,0.0500000000029103,truth_strong,large_recovery,-1.5204433990806947,-0.017000000000000015,-0.8289798386562953,True,True,True,-0.002416994669492332,0.0006140078347226864,0.0006140078347226864,0.020807020984786005,156.24999999181446,0.0,0.0,0.042165130417728965,13.30321179938877
4cd1ac61:000,4cd1ac61,605,73572.55933650269,-11.018147107438214,11.027580699926563,-0.0199999999986175,candidate_strong,not_better,-3.4859818538485765,-0.007959999999999134,-5.425950411470362,True,True,True,-0.002731675253092729,0.00027742266189064016,0.00027742266189064016,0.019561983471322722,156.24999999090514,0.0,0.0,0.024793388429752067,0.9281310557713096
4cd1ac61:001,4cd1ac61,1413,549627.8611967602,-19.520865888181365,19.722560129419573,0.0100000000020372,candidate_strong,partial_recovery,-0.19011746127103527,-0.016219999999997542,-0.5411035436169516,True,True,True,-1.1200670230297577e-06,0.00015498932994035527,0.00015498932994035527,0.012250530785992291,4.2881188357714265e-19,0.0,0.0,0.007077140835102618,0.6187540371808731
4cecf7b3:000,4cecf7b3,304,41979.97940699867,11.732756578947187,11.751256848653336,0.0099999999983992,near_tie,partial_recovery,3.122675602639098,-0.00722000000000117,5.161984157792434,True,False,True,0.0005513399538481044,0.0008368767951974998,0.0008368767951974998,0.03343750000006271,399.9999999869034,0.0,0.0,0.08552631578947369,1.60876049667027
4cecf7b3:001,4cecf7b3,153,17864.749883249642,10.799820261437798,10.80569623542836,0.0,truth_strong,large_recovery,-1.5457035816040705,-0.004439999999998694,3.232803148044648,False,False,True,-0.034011264736864694,0.004368940126848322,0.004368940126848322,0.046470588235297434,624.9999999836288,0.0,0.0,0.3202614379084967,3.031894782186278
4cecf7b3:002,4cecf7b3,2754,1251775.250567235,19.61687345679,21.31970604525145,0.0200000000004365,candidate_strong,large_recovery,-3.7668776497134004,-0.011379999999997389,-3.2661513516868492,False,False,False,0.00264963010980289,0.0008244991442682869,0.0008244991442682869,0.03282861292676958,399.9999999869034,0.0,0.0,0.07116920842411038,12.127579128745113
4cecf7b3:003,4cecf7b3,346,70323.98064374796,14.092747109826384,14.256524785878565,0.0299999999988358,near_tie,partial_recovery,3.2529925247214546,-0.012219999999997535,6.109302019457423,True,False,True,0.02691214415143782,0.0010613452576977208,0.0010613452576977208,0.0481647398843916,624.9999999763534,0.0,0.0,0.0,0.0
4ddde4c1:000,4ddde4c1,232,31244.0912162507,-11.58457974137944,11.604861350597767,0.0200000000004365,near_tie,partial_recovery,-2.1353787978804952,-0.01313999999999943,-1.6276126191105604,True,True,True,0.00017427701376489629,0.0006394568757992088,0.0006394568757992088,0.023103448276065922,156.25000000818557,0.0,0.0,0.11637931034482758,1.6706359003883573
4ddde4c1:001,4ddde4c1,217,40998.95204425056,-13.626882488479351,13.745372416807436,0.0299999999970168,candidate_strong,partial_recovery,-1.349877618263326,-0.012599999999998553,-1.4131378764035964,True,True,True,-0.023849598691721687,0.0015889087348890912,0.0010317791062488492,0.04602325581395111,506.2500000163709,0.009216589861751152,0.009216589861751152,0.37327188940092165,5.011907701165072
4e050c92:000,4e050c92,212,23892.415716498857,10.61094339622616,10.616029113299785,-0.0599999999976716,truth_strong,large_recovery,2.9321169799812856,0.020680000000000306,2.5850410412575826,True,True,True,0.0007365776717605029,0.0034024279864443715,0.002965555216147053,0.013684210526637808,100.00000001891755,0.014150943396226415,0.02358490566037736,0.14150943396226415,1.8562621115426192
4e050c92:001,4e050c92,996,212126.6408327456,14.333011546184585,14.593784809053387,-0.0099999999983992,near_tie,partial_recovery,0.3495353155343853,0.009959999999999134,2.8409286905154456,True,True,True,0.00454215032190838,0.004199008746767275,0.004199008746767275,0.030818273092429304,225.0000000043657,0.0,0.0,0.3785140562248996,23.327027201718913
4ed93db6:000,4ed93db6,3574,1202875.0144705193,-18.0750649132626,18.345644685399336,0.0400000000008731,candidate_strong,partial_recovery,-0.7170422541971795,-0.013799999999999282,-0.9509010878691863,True,True,True,0.0023844422849682665,0.00033442544321462696,0.00033442544321462696,0.021229714605675135,156.24999999727157,0.0,0.0,0.0002797985450475658,0.06187540371808731
4f4afcc6:000,4f4afcc6,348,46262.56980849824,11.491612068965292,11.529892410163136,-0.0399999999990541,truth_strong,not_better,2.619750236239324,0.01729999999999565,4.134536945022675,True,True,True,0.0008483078964109476,0.00394883385965325,0.00394883385965325,0.03456896551723699,399.99999997380667,0.0,0.0,0.46839080459770116,10.08569080604823
4f4afcc6:001,4f4afcc6,1357,380329.0251224944,16.46064038319811,16.741324376333377,-0.0099999999983992,candidate_strong,large_recovery,0.383157381815652,0.009240000000001608,2.4127857769684713,True,True,True,0.0011534879021111945,0.00032276666852298084,0.00032276666852298084,0.020368459838136056,156.24999999181463,0.0,0.0,0.0,0.0
516088b7:000,516088b7,348,48679.07819775038,-11.789794540229932,11.827189379316849,-0.0100000000020372,candidate_strong,not_better,-3.630229805313741,-0.00859999999999855,-5.717239543354421,True,True,True,-0.00018391646474873738,0.0005076600341350087,0.0005076600341350087,0.03500000000008468,400.00000001309695,0.0,0.0,0.0028735632183908046,0.06187540371808731
516088b7:001,516088b7,523,79688.40165824897,12.293628107074484,12.34373852605892,-0.0199999999986175,near_tie,partial_recovery,1.745195602677865,-0.008980000000003208,3.9570872506026746,True,False,True,-0.0008566570118563663,0.0005425609734220278,0.0005425609734220278,0.03565965583179032,399.9999999869034,0.0,0.0,0.015296367112810707,0.49500322974469846
521a7819:000,521a7819,828,264196.09454025526,-17.635663647343176,17.862738000235087,0.0,near_tie,not_better,-3.3346671404008648,-0.01620000000000074,-3.21939469247407,True,True,True,-0.009607608339161763,0.0014474371319087608,0.0014474371319087608,0.030072463768931364,400.0000000000002,0.0,0.0,0.12318840579710146,6.311291179017549
529e88ca:000,529e88ca,2099,2038179.811283266,-29.733632444021094,31.161261325185414,0.0100000000002182,truth_strong,partial_recovery,-3.841360728953788,-0.01746000000000278,-4.038600913634104,True,True,True,-0.00232815170599077,0.010801146756927756,0.006565241322548961,0.027788527988994685,225.0000000043657,0.3106241067174845,0.3854216293473082,0.4811815150071463,62.494157755268176
52f1e77a:000,52f1e77a,3113,3857558.370352467,33.86123289431401,35.201947654190946,-0.0399999999990541,candidate_strong,large_recovery,0.09505873063485658,0.004500000000000004,1.236732318278467,True,True,True,-0.0005427723612073326,0.00161716685217708,0.0009007762577956959,0.03054805528778944,225.00000003165053,0.00064246707356248,0.00064246707356248,0.023450048185030516,4.516904471420373
5305524b:000,5305524b,291,54047.98216049925,13.472185567010213,13.62834903642992,-0.0799999999999272,near_tie,not_better,3.584937244973142,0.0063200000000033524,2.634642884738992,True,True,True,-0.006622973131110109,0.004571794448586601,0.004571794448586601,0.04134020618555976,400.0000000101865,0.0,0.0,0.6838487972508591,12.313205339899373
53134831:000,53134831,4896,3630875.5328937154,26.620673508986787,27.232340971543064,0.0200000000004365,near_tie,partial_recovery,2.2006487826651453,0.00709999999999855,2.8799446691203037,True,True,True,0.0016234131845091532,0.000430609542535171,0.00037383521567491303,0.023598569969497486,156.25000000272848,0.0002042483660130719,0.0002042483660130719,0.0030637254901960784,0.9281310557713096
5397ceb1:000,5397ceb1,1257,275621.4617005062,-14.76574622116166,14.807743295182666,-2.7284841053187847e-12,candidate_strong,partial_recovery,-3.539615853425202,0.008880000000001026,-3.112634187705934,True,False,True,-0.003747024415483164,0.00045014715480705446,0.00045014715480705446,0.021825775656610296,156.24999999454312,0.0,0.0,0.011137629276054098,0.8662556520532223
543198e8:000,543198e8,2139,1629079.162472266,-26.40447709209926,27.597243278866184,-0.0100000000002182,truth_strong,not_better,-3.570988994577527,-0.010820000000003355,-5.7052631366103395,True,True,True,-0.0007781768913864174,0.0035286397202235415,0.003100100553808544,0.03475696083069495,400.0000000101865,0.009350163627863487,0.012622720897615708,0.2992052360916316,39.60025837957588
543198e8:001,543198e8,1139,490381.1309347568,-20.12380992098348,20.74937469962887,0.0399999999990541,candidate_strong,partial_recovery,-3.2733750683816396,-0.020459999999999146,-3.061452864855426,True,True,True,0.002124558702900536,0.0015415446975907958,0.0015415446975907958,0.039021071115026465,400.0000000101865,0.0,0.0,0.20983318700614575,14.788221488622867
54753541:000,54753541,2024,1994375.043769013,-27.619927371541618,31.3904948020495,0.0,candidate_strong,partial_recovery,-1.1411420667736705,0.007259999999998405,-3.0972268456140934,True,False,True,-0.017804538604987565,0.0010413290190590904,0.0010413290190590904,0.03331768774713943,400.0000000043656,0.0,0.0,0.010869565217391304,1.3612588817979208
54a7e3c2:000,54a7e3c2,417,59193.45626225238,-11.891034772182492,11.914307971588288,0.0,near_tie,not_better,-2.78811951790277,-0.009819999999999716,-6.660430497107216,True,True,True,0.0003093797317306622,0.00032762635185887805,0.00032762635185887805,0.025275779376742552,156.25000001091394,0.0,0.0,0.0,0.0
54a7e3c2:001,54a7e3c2,799,219126.06653450328,-16.427244055068964,16.560507122770524,1.8189894035458565e-12,candidate_strong,not_better,-2.0560750264774987,-0.011039999999997243,-1.945732436284949,True,True,True,0.000586070792159296,0.0012085749409235515,0.0012085749409235515,0.0271714643306292,156.2500000336513,0.0,0.0,0.09136420525657071,4.516904471420373
5542c301:000,5542c301,255,44385.52293925112,-13.072978431372722,13.193213189802286,0.0,near_tie,large_recovery,-2.435844967953201,-0.011079999999998116,-2.933963543925204,True,True,True,-0.004772747268674871,0.00039383048085674495,0.00039383048085674495,0.02425490196092498,156.2500000090951,0.0,0.0,0.0,0.0
5567d551:000,5567d551,2342,314708.6545055084,-11.53568018787377,11.59206740357149,0.0,candidate_strong,large_recovery,-3.8116970043107017,-0.007740000000001607,-4.706566007015036,True,True,True,0.0005753459888318883,0.0012378739470170568,0.0002920654377768496,0.01800898203624308,156.2499999881766,0.0017079419299743809,0.0017079419299743809,0.008539709649871904,1.2375080743617461
5567d551:001,5567d551,1682,476854.82530925726,-16.08182015457802,16.837596395674325,0.0299999999988358,near_tie,large_recovery,-2.345821770605185,-0.014239999999997973,-3.21052119699464,True,True,True,-0.008123963956240569,0.0012887966373743946,0.0007222752355431705,0.02206968433622919,156.24999999090514,0.0017835909631391202,0.0017835909631391202,0.17300832342449465,18.00574248196341
55efee7f:000,55efee7f,1551,507725.89335249097,17.868052869116532,18.09292393239052,-0.0399999999972351,near_tie,not_better,4.377280933174941,-0.007360000000000588,3.6311742949627197,True,False,True,0.0004184740421769662,0.0008664296387446208,0.0008664296387446208,0.03370180528618854,360.999999981752,0.0,0.0,0.007736943907156673,0.5665547557989558
55efee7f:001,55efee7f,1103,1157777.4314637615,-30.858316863100807,32.39849105347256,-0.0099999999983992,truth_strong,large_recovery,-4.455318164592825,-0.015600000000002195,-2.9825694993329566,True,True,True,-0.01477350844109797,0.0009308630836282551,0.0009308630836282551,0.0382719854929439,400.0000000174623,0.0,0.0,0.0743427017225748,3.871457497959531
5663b2b7:000,5663b2b7,303,36174.78563599941,10.913541254125322,10.926515065287068,-0.0150000000012369,truth_strong,not_better,0.2853080797978294,-0.001140000000003057,0.5636996132227589,True,False,True,-0.00011765734179150546,0.00046083108328613654,0.00046083108328613654,0.028382838283857924,156.25000000272848,0.0,0.0,0.0,0.0
5663b2b7:001,5663b2b7,416,64239.45436225201,-12.383078125000194,12.426655434744902,0.0399999999990541,near_tie,not_better,-1.9062791024559518,-0.015439999999998705,-3.2963278321902303,True,True,True,0.0010676954987658054,0.003464237895020781,0.003464237895020781,0.029218750000073283,156.2500000404726,0.0,0.0,0.2764423076923077,7.115671427580041
56b00794:000,56b00794,457,58111.933020499055,11.258363238511944,11.27650614572101,-0.0300000000006548,truth_strong,not_better,3.630575928485442,0.012939999999998703,3.024239490312416,True,True,True,-0.0031390327141608333,0.000862127438942259,0.000862127438942259,0.02427789934371935,156.25000000545685,0.0,0.0,0.10722100656455143,3.031894782186278
56b00794:001,56b00794,922,110969.63755450428,-10.965646420824504,10.97075769774294,0.0099999999983992,near_tie,not_better,-2.599157293567637,0.004900000000001459,-3.6608896982559367,True,False,True,-0.0006398526160379722,0.0002525934326703121,0.0002525934326703121,0.01780911062915184,156.24999999727157,0.0,0.0,0.0,0.0
57796579:000,57796579,898,142343.9557044984,12.569572383073426,12.59016283120945,-0.0099999999965803,candidate_strong,large_recovery,5.2511098241455,-0.010479999999995934,5.864652331514245,True,False,True,0.0021310363046395855,0.0010658582119719197,0.0003610121528790851,0.018483835005920258,156.2499999881766,0.0011135857461024498,0.0011135857461024498,0.0033407572383073497,0.18562621115426192
577eec7c:000,577eec7c,1945,381398.3959532585,-13.894132904884476,14.00327534130682,1.8189894035458565e-12,truth_strong,not_better,-3.0117642623116376,0.006980000000003208,-4.3910075961944095,True,False,True,-0.0011702630751502217,0.003042941234908728,0.0007641815717415024,0.022092125579282657,156.24999999454312,0.0010282776349614395,0.0010282776349614395,0.061182519280205655,7.36317304245239
577eec7c:001,577eec7c,403,77700.58598249807,13.781610421836056,13.885439289924852,-0.0299999999988358,near_tie,large_recovery,1.6092312954170362,0.01313999999999579,0.9241126246676635,True,True,True,0.007516789253452158,0.0010567597255746863,0.0010567597255746863,0.02240694789098695,156.24999999181463,0.0,0.0,0.2803970223325062,6.9919206201438655
57f05c51:000,57f05c51,1915,456376.5268912423,15.3134603133158,15.4375102987882,-0.0300000000006548,candidate_strong,not_better,4.589255363537965,0.013740000000001612,3.1496497827279732,True,True,True,-0.006859873467057186,0.0005750608221199378,0.0005750608221199378,0.03227676240215679,399.9999999956342,0.0,0.0,0.01723237597911227,2.041888322696881
57f05c51:001,57f05c51,765,244915.3428880046,-17.55042352941194,17.89275761354296,0.0899999999983265,truth_strong,not_better,-4.348642783200694,-0.01684000000000016,-0.7528360202343098,True,True,True,-0.00032385469078770703,0.0006564173857323909,0.0006564173857323909,0.03276470588244958,399.9999999956345,0.0,0.0,0.0,0.0
57f05c51:002,57f05c51,317,98143.22703074856,16.973077287066126,17.595456381421318,-0.0200000000004365,truth_strong,partial_recovery,1.9421299444481737,0.010479999999995934,3.165158476688756,True,True,True,0.03495449358172796,0.0024433882301831316,0.0024433882301831316,0.04298107255520116,624.9999999781725,0.0,0.0,0.15141955835962145,2.9700193784681908
591cc951:000,591cc951,1301,268277.2677987458,14.233989623366524,14.359961947978253,-0.0100000000002182,truth_strong,not_better,0.17549304117428033,-0.009879999999997387,2.586755012628634,True,False,True,0.007440644744770084,0.0023974843763174022,0.0023974843763174022,0.03442352036899249,399.99999998108257,0.0,0.0,0.15680245964642583,12.622582358489812
593876b6:000,593876b6,3057,620025.987902013,-14.111277723258244,14.241548956615675,-0.0200000000004365,truth_strong,not_better,0.39485934264014755,0.009159999999999863,1.7016721854593082,False,False,False,0.003314450151641945,0.0006563154527340206,0.00023647239447963046,0.014146100691493899,3.3881253266717473e-19,0.005888125613346418,0.0062152437029767745,0.019299967288191038,3.6506488193671505
5a5269a9:000,5a5269a9,566,66324.78436624807,10.816988515900904,10.825044933866383,-0.0099999999965803,truth_strong,partial_recovery,3.6750660402210094,0.014359999999996955,4.403620329858583,True,True,True,-0.006106739181380037,0.0009064046877796738,0.0009064046877796738,0.026413427561914452,156.25000001637088,0.0,0.0,0.07773851590106007,2.7225177635958415
5a63b5d1:000,5a63b5d1,380,65019.21649800139,-12.981389473684354,13.080642236164476,-0.0100000000002182,near_tie,not_better,-0.6535317907188538,-0.0022200000000011664,-5.91505500251704,True,True,True,-0.0006026674115691086,0.0009637120227570079,0.0009637120227570079,0.04151315789475388,506.2500000049113,0.0,0.0,0.0,0.0
5aa03df7:000,5aa03df7,456,57221.59005850151,-11.179782894736991,11.202050843963749,0.0100000000002182,candidate_strong,large_recovery,-1.773334717222398,0.0037600000000020404,-1.9631884027108444,True,False,True,0.0001652815346104634,0.0002173628934839527,0.0002173628934839527,0.01655701754418627,156.24999998635775,0.0,0.0,0.015350877192982455,0.43312782602661115
5aa03df7:001,5aa03df7,205,23302.416621750697,-10.659178048780644,10.66162862719152,0.0,candidate_strong,large_recovery,-1.7688802564578223,0.005260000000002042,-2.3218630377402434,True,False,True,0.004942677264566535,0.001284987648440471,0.001284987648440471,0.021195121951338415,156.24999999454312,0.0,0.0,0.1024390243902439,1.2993834780798335
5aa403d0:000,5aa403d0,2232,708293.6683502601,-17.287689292114827,17.8139235688487,0.0100000000002182,candidate_strong,not_better,-4.522306180736044,-0.019899999999994197,-3.174107502429715,True,True,True,-0.0008410559078564411,0.0008231024684444572,0.00044906394450765517,0.015146067416101625,156.24999996816774,0.0031362007168458782,0.004032258064516129,0.08915770609318996,12.313205339899373
5aef5c6c:000,5aef5c6c,614,116600.34775075236,-13.598865635179294,13.780524173615335,0.0200000000004365,near_tie,partial_recovery,-5.21390503695546,-0.0038199999999997125,-8.79129059951475,True,True,True,-0.01058298086103611,0.0013024204761506245,0.0013024204761506245,0.04364820846908192,506.25000004583865,0.0,0.0,0.0,0.0
5aef5c6c:001,5aef5c6c,181,72963.62210749916,19.25981767955789,20.077697435103843,0.0,near_tie,not_better,2.360487712843981,0.008300000000002918,2.6961899356320247,True,True,True,0.03043964654946141,0.0409499559648026,0.01102399230974762,0.036532258064517896,399.99999996143754,0.3149171270718232,0.3149171270718232,0.7955801104972375,8.910058135404572
5b7b6324:000,5b7b6324,376,42577.63195125207,-10.634586436170473,10.641352491533896,0.0099999999983992,near_tie,partial_recovery,-1.480599711657404,-0.0101800000000003,-1.8241416960623082,True,True,True,0.0018280525122209514,0.00013900119169131056,0.00013900119169131056,0.012234042553656689,3.3881253266717473e-19,0.0,0.0,0.0,0.0
5b7b6324:001,5b7b6324,403,47993.077638751,-10.900648883374808,10.912814608376772,0.0,near_tie,partial_recovery,-0.504542493371759,-0.007559999999997678,-1.0709840610272052,True,True,True,0.002570791132504284,0.0003332549081670393,0.0003332549081670393,0.01946650124101291,156.2499999890861,0.0,0.0,0.0,0.0
5b7b6324:002,5b7b6324,272,63383.64878825044,-15.026406250000036,15.265258613762112,0.0199999999986175,truth_strong,not_better,-0.4691599344671134,-0.008380000000001026,-5.329244508305451,True,True,True,-0.023595996629072843,0.0020674084357152787,0.0020674084357152787,0.044227941176472725,506.2499999803548,0.0,0.0,0.4227941176470588,7.11567142758004
5beded95:000,5beded95,1641,392726.9145227446,15.08679677026192,15.47002595146194,-0.0100000000002182,truth_strong,not_better,3.946176006002687,0.015400000000001466,3.8657416954645853,True,True,True,0.00019119591084111392,0.0006131977891281548,0.0006131977891281548,0.031218769043368195,399.9999999767168,0.0,0.0,0.018890920170627667,1.9181375152607065
5beded95:001,5beded95,416,56426.97101599898,11.588504807692196,11.646534130375334,0.0100000000002182,truth_strong,not_better,0.9930097998351597,0.007639999999999425,2.3972808114175894,True,True,True,0.006843344696537624,0.0015022727325631935,0.0003387702612515657,0.02277108433751666,156.24999999181463,0.002403846153846154,0.002403846153846154,0.002403846153846154,0.06187540371808731
5cb483ac:000,5cb483ac,350,45434.052963998336,11.36669999999979,11.393488486725133,-0.020000000001346,candidate_strong,partial_recovery,0.9591323280322772,0.01300000000000001,1.5914612673319803,True,True,True,0.0002665548065942366,0.0004407285735303389,0.0004407285735303389,0.02591428571441149,156.2500000090951,0.0,0.0,0.0,0.0
5cdd8dbc:000,5cdd8dbc,1163,768378.0943495099,-23.496917454858306,25.703817568948924,0.0399999999954161,candidate_strong,not_better,-2.316832521065565,-0.011400000000005102,-3.1318434097818755,True,True,True,-0.009137958288091042,0.0005603563768181187,0.0005603563768181187,0.034823731728336395,399.99999998108257,0.0,0.0,0.025795356835769563,1.8562621115426192
5d11dfb5:000,5d11dfb5,419,73983.53129075287,-13.198982100238927,13.288027458014495,0.020000000001346,truth_strong,not_better,-3.148779719869968,-0.012240000000001609,-5.67470016804705,True,True,True,-0.003170274776873789,0.0018373279531693008,0.0018373279531693008,0.037696897374707744,400.0000000101865,0.0,0.0,0.31026252983293556,8.04380248335135
5def1ce5:000,5def1ce5,141,15673.18637775044,-10.539372340425684,10.543118618170414,0.0599999999976716,near_tie,partial_recovery,-4.0273031995715955,-0.011799999999995647,-1.5990552362172323,True,True,True,0.015538499071235156,0.007881383904604654,0.0054564751023951944,0.04191729323309257,506.25000002128235,0.05673758865248227,0.0851063829787234,0.3546099290780142,3.0937701859043654
5def1ce5:001,5def1ce5,333,41717.17694425072,-11.161680180180271,11.192712255766809,-0.0300000000006548,near_tie,large_recovery,1.427526757148429,0.008099999999994913,1.0096445166696935,False,False,False,-0.0012856413104365496,0.0030196923422898493,0.0030196923422898493,0.02845345345350546,156.25000001364234,0.0,0.0,0.25825825825825827,5.321284719755509
5def1ce5:002,5def1ce5,1317,201875.35529099408,12.284832194380988,12.38080161025626,-0.0600000000031286,candidate_strong,partial_recovery,1.6636890097403425,0.018639999999995795,1.5331243319960115,True,True,True,0.000425270173481371,0.00031873019846206143,0.00031873019846206143,0.01417995444233265,156.2499999690773,0.0,0.0,0.008352315869400152,0.6806294408989604
5f6756c5:000,5f6756c5,1445,325095.06850275525,-14.912968512110847,14.999309522810584,0.0200000000022555,candidate_strong,large_recovery,-2.392600533825979,-0.010520000000000446,-2.0595444391356077,True,True,True,-0.000192595146051593,0.00030093237341946696,0.00030093237341946696,0.022024221453529846,156.24999999636222,0.0,0.0,0.0,0.0
5f75f796:000,5f75f796,535,81755.10677025128,-12.317367289719725,12.36176701296027,0.0100000000002182,near_tie,not_better,-2.5393678854140997,-0.010719999999997534,-3.650725190162953,True,True,True,0.0010051895927310193,0.0004104008280700785,0.0004104008280700785,0.027186915888019653,156.25000001455186,0.0,0.0,0.001869158878504673,0.06187540371808731
5f75f796:001,5f75f796,1260,472657.7714422578,-18.66710595238112,19.368149509707,0.0100000000002182,truth_strong,partial_recovery,-1.006051565229551,-0.011000000000000008,-2.5877885134513283,True,True,True,-0.008294309451431038,0.000424416275755614,0.000424416275755614,0.023619047619261046,156.2500000090951,0.0,0.0,0.0380952380952381,2.9700193784681908
5fb1c15f:000,5fb1c15f,2426,1837790.3803672672,-27.0674841302557,27.523432124236837,1.8189894035458565e-12,near_tie,partial_recovery,-4.723433836965283,-0.013420000000001903,-3.47674885160696,True,True,True,-0.0010019515439115073,0.0011272886042719157,0.0011272886042719157,0.018804616653266614,156.2499999881766,0.0,0.0,0.1393239901071723,20.913886456713513
5fffa282:000,5fffa282,3299,897487.3012312347,16.32204228554093,16.493886374442518,-0.0099999999983992,candidate_strong,partial_recovery,0.1462442009781262,0.0070800000000017516,1.6490687747721187,True,True,True,-0.0006113928457461191,0.0009626899925662151,0.0006913290148149411,0.020120097294269938,156.24999999181463,0.003031221582297666,0.003031221582297666,0.044255835101545925,9.033808942840746
62569ae3:000,62569ae3,1670,715431.9194749895,20.18662934131721,20.697882669273486,-0.0199999999986175,candidate_strong,partial_recovery,0.7634297546970471,0.008099999999998553,3.350369457297614,True,True,True,0.005797364192284455,0.0004669473565010212,0.0004669473565010212,0.026850299401289017,156.2500000118235,0.0,0.0,0.0,0.0
633774dc:000,633774dc,258,80180.81178625186,-17.31093992248081,17.628906382892563,0.0399999999990541,truth_strong,not_better,-3.333015854374052,-0.015980000000003214,-3.0748215135471124,True,True,True,-0.027625975389664704,0.010152832800913858,0.00970356095711362,0.0361176470588261,400.00000001455186,0.011627906976744186,0.011627906976744186,0.5077519379844961,8.105677887069437
647f2a41:000,647f2a41,179,20109.20265750085,-10.594659217877316,10.599146866031916,-0.0200000000004365,near_tie,large_recovery,-1.1872741617494733,0.010579999999998115,-1.4482963084708254,True,False,True,0.0026994602758600543,0.000417827478233618,0.000417827478233618,0.029189944134211943,156.25000001091394,0.0,0.0,0.0111731843575419,0.12375080743617461
653612bc:000,653612bc,4035,1570539.0203980252,-19.505479058240557,19.72888748353035,-1.8189894035458565e-12,truth_strong,large_recovery,0.3217372421510844,0.005760000000002041,-0.8822715459665078,False,False,True,0.0012778647841528172,0.0013035836344371117,0.00020442161188670898,0.014348149987885996,156.24999997453418,0.001982651796778191,0.001982651796778191,0.001982651796778191,0.49500322974469846
656a067b:000,656a067b,357,104194.27801125188,-16.78217787114862,17.08393171142385,-0.0099999999983992,truth_strong,large_recovery,-3.6976451011489964,-0.01330000000000292,-3.8046695683935194,True,True,True,-0.015214396653280568,0.009604582296024747,0.007756837973300145,0.025406976744326064,156.25000001091394,0.036414565826330535,0.05322128851540616,0.45098039215686275,9.961939998612056
65a5466a:000,65a5466a,1593,482014.0386342589,-16.90761487758962,17.39490077300994,0.0099999999983992,truth_strong,not_better,-3.2923483995911447,0.006139999999999424,-3.5767001717283655,True,False,True,-0.0013544598284123159,0.0005932741386465656,0.0005932741386465656,0.03264595103584668,399.9999999723512,0.0,0.0,0.07156308851224105,7.053796023861953
65a5466a:001,65a5466a,298,43205.0964777492,12.021001677852238,12.040911312161814,-0.0100000000020372,candidate_strong,not_better,-3.9278242440157856,0.01122000000000117,-10.316029761118251,False,True,False,-0.018997598946299155,0.0007695404432180586,0.0007695404432180586,0.041963087248322636,506.2499999402461,0.0,0.0,0.0,0.0
6767c111:000,6767c111,451,135743.80330375268,-17.09438470066536,17.34889168800452,-0.0199999999986175,candidate_strong,not_better,-3.3620248523382763,-0.019200000000000744,-7.236821085971471,True,True,True,-0.0027141063517267085,0.02082635977327712,0.010401613400884009,0.029010554089515483,168.99999998637944,0.15964523281596452,0.15964523281596452,0.5720620842572062,12.180927249086174
67847288:000,67847288,908,110587.97556974564,11.011226321585688,11.035983174882231,-0.0200000000004365,near_tie,partial_recovery,1.251765173269724,-0.009559999999997678,2.7882941342490133,True,False,True,-0.0026015044026036723,0.00025093498360020906,0.00025093498360020906,0.01896475770948933,156.24999999181446,0.0,0.0,0.0,0.0
67847288:001,67847288,1979,313285.1953207432,12.440265032844732,12.581923463437114,-0.0300000000006548,truth_strong,not_better,-0.10171150122391746,-0.007359999999996951,-0.03908366071155989,False,False,False,0.007645130671410642,0.00047666329482825567,0.00047666329482825567,0.027529055078482356,156.25000000818557,0.0,0.0,0.0035371399696816574,0.43312782602661115
67847288:002,67847288,2512,694571.5791905116,-16.308151273885496,16.62833199202455,0.0300000000006548,truth_strong,partial_recovery,-1.5319533704523352,-0.017279999999995216,-2.0729302197024477,True,True,True,0.0004079080372357354,0.000996516575712269,0.0004918473621731376,0.02389246878796864,156.24999999454283,0.011544585987261146,0.016321656050955414,0.022292993630573247,3.465022608212889
67a8da4a:000,67a8da4a,952,310554.5319925054,-17.278866596638807,18.0613605160189,-0.0199999999986175,truth_strong,partial_recovery,0.03656105024387049,-0.005780000000002478,0.14624420097812618,False,True,False,-0.004465430928896224,0.003405334428962141,0.00035601009795416656,0.020157728706879378,156.24999999181446,0.0010504201680672268,0.0010504201680672268,0.0430672268907563,2.53689155244158
684a6fc1:000,684a6fc1,280,39987.39787725129,-11.895105357143049,11.950403142818969,-0.0099999999983992,truth_strong,not_better,-2.082681601678214,0.006819999999999715,-3.8768691974833414,True,False,True,-4.992235521623962e-05,0.00269804990338995,0.00269804990338995,0.04469642857141922,565.6249999969077,0.0,0.0,0.10714285714285714,1.8562621115426192
684a6fc1:001,684a6fc1,844,294175.8112969947,18.41627014217993,18.669481499265466,-0.0200000000004365,truth_strong,large_recovery,3.2706258787358524,0.011099999999998552,3.4885414133914745,True,True,True,0.00851808262119082,0.001008458815345422,0.001008458815345422,0.029869668246623605,399.99999997380667,0.0,0.0,0.08649289099526067,4.516904471420373
699ea575:000,699ea575,1894,823799.9037285122,-20.48395881731801,20.855513196535643,0.0099999999983992,truth_strong,partial_recovery,-1.402147904628894,-0.006799999999999279,-3.797238797080204,True,True,True,-0.001388436987793745,0.0007690644132499184,0.0003393895770454686,0.02758201058221504,156.2500000172802,0.0021119324181626186,0.0021119324181626186,0.005807814149947202,0.6806294408989604
69c1bdad:000,69c1bdad,1334,245217.94847975727,-13.468542353823285,13.558080637926803,0.0100000000002182,near_tie,partial_recovery,-1.1518587262526503,-0.007840000000000152,-4.167280112297756,True,True,True,-0.002769004375881014,0.0008035608951083631,0.0008035608951083631,0.03404797601206649,399.9999999869034,0.0,0.0,0.05247376311844078,4.331278260266111
6a0ff78e:000,6a0ff78e,611,128032.1948687524,-14.340436170212914,14.475680540735706,-0.0200000000004365,truth_strong,not_better,-2.1591880170408464,0.0030999999999985475,-4.545450209273647,True,False,True,-0.00044845245352830737,0.000909031203026374,0.000909031203026374,0.03851063829791402,400.00000001891755,0.0,0.0,0.022913256955810146,0.8662556520532223
6d1d74e1:000,6d1d74e1,585,78477.85822750133,-11.562646153846256,11.58232209033559,0.0300000000006548,truth_strong,not_better,-4.030022515052221,0.0019799999999995654,-3.3755765102471353,True,False,True,-0.004043364783258971,0.00022925081920347184,0.00022925081920347184,0.017547008547462765,156.24999998544803,0.0,0.0,0.0,0.0
6d1d74e1:001,6d1d74e1,1124,504631.2477429896,20.949636120996225,21.188680582441272,0.0099999999983992,truth_strong,not_better,4.486310966054056,0.014540000000000886,3.6401284662828646,True,True,True,0.0048802857357278335,0.0028258254955160276,0.002600206683650964,0.02065338276205979,156.24999999181463,0.0400355871886121,0.04893238434163701,0.25889679715302494,18.005742481963406
6d590e26:000,6d590e26,3141,751213.2835702337,15.257455428207416,15.464919412412751,-1.8189894035458565e-12,truth_strong,large_recovery,3.0187606483836715,-0.01050000000000001,5.374446451248208,True,False,True,0.0002513617979093256,0.0003587660735196534,0.0003587660735196534,0.022252467367328894,156.24999999363348,0.0,0.0,0.0009551098376313276,0.18562621115426192
6dbe4b60:000,6dbe4b60,377,69337.47734149944,13.378458885941582,13.561675340499512,-0.0100000000002182,truth_strong,large_recovery,-0.06580989044002458,0.008700000000000735,0.6352390590093498,False,True,True,0.012399755345633876,0.00041561340268221256,0.00041561340268221256,0.03112732095498919,156.25000004001782,0.0,0.0,0.050397877984084884,1.1756326706436588
6e6d122c:000,6e6d122c,593,95437.3641312481,12.5840177065766,12.68620927567621,-0.0199999999986175,near_tie,large_recovery,-0.2120540914181508,0.006819999999999715,-0.5687697291093836,False,True,False,0.006811740643994268,0.004964438064242489,0.00033035613609988946,0.023057432432553007,156.24999999454312,0.0016863406408094434,0.0016863406408094434,0.0016863406408094434,0.06187540371808731
6e6d122c:001,6e6d122c,251,53052.698896248425,14.330567729083448,14.538408931103902,-0.0200000000004365,near_tie,large_recovery,3.188344251238707,0.008740000000001608,3.4712040097139747,True,True,True,0.023891048389664004,0.0006639931402858185,0.0006639931402858185,0.04691235059761073,506.2500000261937,0.0,0.0,0.00796812749003984,0.12375080743617461
6e9ccd38:000,6e9ccd38,269,34034.538395500764,-11.234390334572618,11.248219751005816,0.0100000000002182,candidate_strong,not_better,-2.331997048119826,-0.00904000000000088,-5.3557267881836506,True,True,True,-0.0013417125758395305,0.002839614185112111,0.0003021089101735344,0.020317164179338775,156.2499999890861,0.0037174721189591076,0.0037174721189591076,0.0037174721189591076,0.06187540371808731
6ea22614:000,6ea22614,438,62521.94457874735,11.927247716894724,11.947558985202903,-0.0399999999990541,truth_strong,large_recovery,2.5705395035951306,0.012419999999998262,3.857984760027371,True,True,True,0.001496185522071693,0.0003910013123557276,0.0003910013123557276,0.023630136986481774,156.25000000636655,0.0,0.0,0.0136986301369863,0.37125242230852384
708caea9:000,708caea9,6242,14548719.750638084,-47.47297596924077,48.278137460496666,0.0,truth_strong,partial_recovery,-1.9849850268052522,-0.015659999999996232,-1.671615097838888,True,True,True,-0.003289507261644092,0.00917757884951811,0.0035852054130799307,0.027334363531113834,156.25000001637088,0.1706183915411727,0.19208586991348928,0.4118872156360141,159.08166295920248
70925e23:000,70925e23,1892,353873.8509724906,13.62357663847762,13.676144161226604,-0.0599999999994906,truth_strong,not_better,2.975865129742451,0.004819999999999713,4.773256680370091,True,True,True,-0.0031604825472637526,0.0004839566103081337,0.0004839566103081337,0.026001585623768482,156.2500000172802,0.0,0.0,0.0,0.0
70925e23:001,70925e23,2702,477677.7721987432,13.162160066617233,13.296117488425113,-0.0399999999990541,truth_strong,not_better,0.9430487708639381,-0.00031999999999970924,-2.1908590782339905,True,False,False,-0.0005503574226550668,0.0002040510296293268,0.0002040510296293268,0.015260917838759732,156.24999999181446,0.0,0.0,0.0,0.0
71642c7d:000,71642c7d,536,84347.40584950104,-12.477139925373216,12.544503304318358,0.0100000000038562,candidate_strong,not_better,-2.262873435687891,0.007119999999998987,-3.2245237574036834,True,False,True,-0.0011276628248215845,0.00016240656224218407,0.00016240656224218407,0.017453358209302057,156.24999998635775,0.0,0.0,0.005597014925373134,0.18562621115426192
71ccf778:000,71ccf778,131,16133.902401250694,-11.080080152671991,11.097727709530938,0.0499999999992724,near_tie,large_recovery,-0.751047428762344,-0.01545999999999914,-2.913664998922134,True,True,True,-0.0031258302499101113,0.00012142420728867023,0.00012142420728867023,0.010687022901226017,2.9779107900165694e-19,0.0,0.0,0.0,0.0
7224331b:000,7224331b,212,30250.253085248965,11.918596698113005,11.945286645519529,-0.0100000000002182,truth_strong,partial_recovery,3.096567186280255,-0.009459999999995496,3.4528211912888964,True,False,True,-0.010822146705854217,0.007153931444077074,0.0013329786619241351,0.04225118483412458,506.2499999639841,0.0047169811320754715,0.0047169811320754715,0.25,3.2793963970586266
7224331b:001,7224331b,263,28969.407866249647,10.49173954372617,10.495229382706508,-0.0100000000002182,near_tie,partial_recovery,1.2337114521540493,-0.009939999999998698,1.4349656565131332,True,False,True,-0.0008065847469509898,0.002930679070833033,0.00035444062179227243,0.022423664122355965,156.25000000636638,0.0038022813688212928,0.0038022813688212928,0.0038022813688212928,0.06187540371808731
7224331b:002,7224331b,275,30462.56839249876,10.519858181817968,10.524874154721411,1.8189894035458565e-12,near_tie,partial_recovery,-0.431420392884018,-0.013560000000001321,1.0985262972340128,False,False,True,-7.97695641714609e-05,0.00022507884098004342,0.00022507884098004342,0.01852727272751561,156.24999999090514,0.0,0.0,0.0036363636363636364,0.06187540371808731
7224331b:003,7224331b,184,20736.63401299925,10.613967391304156,10.615983133781585,0.0100000000002182,near_tie,partial_recovery,-0.37292271249435405,-0.014300000000002921,0.9084088359616187,False,False,True,-0.002183699443301897,0.0054271792410402805,0.00018500360191049678,0.013087431694443125,2.9779107900165694e-19,0.005434782608695652,0.005434782608695652,0.03260869565217391,0.37125242230852384
7224331b:004,7224331b,2459,1299623.9935152323,22.33297214314746,22.989503709549712,-0.0199999999986175,truth_strong,large_recovery,0.03654721544586237,-0.008260000000002043,0.2589023771791432,True,False,True,0.004045209184614687,0.004017838071082303,0.0007306032816915515,0.025038712306643347,156.25000000818557,0.0020333468889792597,0.0020333468889792597,0.06059373729158194,9.219435153995008
7256229b:000,7256229b,3070,2558743.9242724758,27.968781433224617,28.869829862856008,-0.0200000000004365,truth_strong,large_recovery,3.7540720980515507,0.013920000000001903,3.3159380005266934,True,True,True,0.0010694721201334016,0.001288933947294858,0.0009728969884658925,0.032619908015910325,399.9999999869034,0.008469055374592834,0.008794788273615635,0.1247557003257329,23.69827962402744
726f3dc2:000,726f3dc2,4707,4171702.5292237983,-28.78759900148733,29.77039295742597,0.0399999999972351,truth_strong,large_recovery,-4.93092685525092,-0.01603999999999725,-2.6498148862914115,True,True,True,0.0008387145885516711,0.002480084973515912,0.000881522028424178,0.02681082232656249,156.2500000118235,0.0027618440620352665,0.0036116422349691947,0.04546420225196516,13.241336395670682
729665c0:000,729665c0,619,151872.02730224724,15.52693618739888,15.6636716492377,-0.020000000001346,truth_strong,large_recovery,3.792480563708584,0.00881999999999608,2.7056308714149826,True,True,True,-0.01120341029913413,0.0015966516998855702,0.0015966516998855702,0.030290791599512715,399.99999997380667,0.0,0.0,0.10662358642972536,4.083776645393762
729665c0:001,729665c0,3249,3917777.006019216,33.64962896275761,34.72521959567353,0.0,candidate_strong,large_recovery,1.5032083366527131,0.005819999999999714,-5.563201682117388,True,True,False,3.712360754301158e-05,0.0016205956575584134,0.0007442928724066046,0.02714285714305484,156.2500000118235,0.019698368728839642,0.019698368728839642,0.06832871652816251,13.736339625415383
73348914:000,73348914,3495,1422705.259929728,19.74362618025735,20.17594468419705,-0.089999999997417,near_tie,large_recovery,2.345729941963836,0.029100000000002207,1.22919999990398,True,True,True,0.00036054000956254505,0.0021847973899474654,0.00022969493550298236,0.014917000572773101,156.24999997999112,0.0002861230329041488,0.0002861230329041488,0.006008583690987125,1.2993834780798335
75c20ec7:000,75c20ec7,538,140681.73233250302,-15.740736059479726,16.17065888566307,0.0400000000008731,truth_strong,not_better,-4.363988906053944,-0.010720000000004809,-3.309817531608518,True,True,True,0.00394448292036033,0.0016488762858964839,0.0016488762858964839,0.0447955390334755,506.25000002455664,0.0,0.0,0.20446096654275092,6.806294408989603
75c20ec7:001,75c20ec7,1500,460276.7761867593,-17.325899000000177,17.517168267859567,0.0499999999992724,truth_strong,partial_recovery,0.47835785350618065,-0.007579999999998116,-1.2542532627278895,False,True,True,0.00303883351229246,0.0021166852825702485,0.0021166852825702485,0.031160000000151632,399.99999997380667,0.0,0.0,0.17933333333333334,16.644483600165486
75c20ec7:002,75c20ec7,1769,624999.0253827606,-18.338978801582986,18.796446529553425,0.0300000000006548,truth_strong,partial_recovery,-3.034547218228711,-0.007639999999999424,3.2534984921821657,True,True,False,-0.00015672986912930415,0.0018616908228071267,0.0018616908228071267,0.03539287733190412,400.00000001455186,0.0,0.0,0.14584511023176935,15.963854159266525
75d20a82:000,75d20a82,305,38538.59349874923,11.22492622950808,11.240820444175514,-0.0200000000004365,truth_strong,not_better,0.19160192494788442,-0.0010600000000013108,0.32427680896365174,True,False,True,0.0005421964241320083,0.0005605083054548944,0.0005605083054548944,0.028409836065683505,156.25000002819422,0.0,0.0,0.0,0.0
75d20a82:001,75d20a82,1098,143706.47058425454,-11.399525956284336,11.440288895123008,0.0400000000008731,truth_strong,not_better,-2.1736279850859015,-0.016559999999997688,-2.687374939596971,True,True,True,-0.0004843732899398739,0.0005588730665623908,0.0005588730665623908,0.022581967213286716,156.25000000272848,0.0,0.0,0.07468123861566485,5.073783104883159
76201745:000,76201745,609,91350.10286149709,12.217912972085188,12.247455609321229,0.0200000000004365,truth_strong,not_better,1.2221235511138189,0.005720000000001169,6.287498911756925,True,True,True,0.00225927518591954,0.001194699870562402,0.001194699870562402,0.027142857143077927,156.25000001637088,0.0,0.0,0.11494252873563218,4.331278260266111
764072a5:000,764072a5,1240,200016.04263975544,-12.635499596774364,12.700522044126814,-0.0399999999990541,near_tie,partial_recovery,-5.091938834901571,-0.010720000000001173,-3.3479539058733563,True,True,True,0.005054794183562754,0.000742273265680773,0.000742273265680773,0.02320806451618257,143.9999999917492,0.0,0.0,0.0,0.0
764072a5:001,764072a5,306,43074.36161975146,-11.81556699346426,11.864480083267308,-0.0399999999990541,near_tie,large_recovery,1.4812675213757616,-0.011500000000000008,5.066265822131279,False,True,False,-0.003200785891745382,0.0006007832079005423,0.0006007832079005423,0.012496732026146477,1.0000000011204944,0.0,0.0,0.0,0.0
77b0d905:000,77b0d905,4030,1460166.674574026,-18.95860223325079,19.034816439015216,0.0200000000004365,candidate_strong,partial_recovery,-4.874414804308033,-0.0084200000000019,-2.9599571289259576,True,True,True,-0.0011806162487926386,0.0005128500561024415,0.0005128500561024415,0.026977667493969057,156.2500000118235,0.0,0.0,0.022332506203473945,5.568786334627857
77e4821c:000,77e4821c,336,52692.54216174944,12.478254464285648,12.522900708225064,0.0399999999990541,near_tie,not_better,3.8744099969439785,0.008939999999998699,3.293701141494186,True,True,True,0.0061459564720584585,0.0006437619529612756,0.0006437619529612756,0.02546130952389723,156.25000000272848,0.0,0.0,0.008928571428571428,0.18562621115426192
796dbd4c:000,796dbd4c,504,63446.77724149849,11.205968253968122,11.219913670824342,-0.0300000000006548,truth_strong,large_recovery,1.4561321007829724,0.011419999999998261,-4.85972686654925,True,True,False,-0.005299097785884128,0.0003647061173369772,0.0003647061173369772,0.02636904761925276,156.2500000118235,0.0,0.0,0.003968253968253968,0.12375080743617461
7987f2f2:000,7987f2f2,888,278399.942499747,17.22178322072062,17.706310986791582,-0.0199999999986175,near_tie,not_better,3.6780814426651016,0.017279999999998852,4.152469038922508,True,True,True,2.8043975654358223e-05,0.00509612686693952,0.00509612686693952,0.03989864864866733,400.0000000261934,0.0,0.0,0.41216216216216217,22.646397760819955
7a5660b0:000,7a5660b0,1576,331802.46654599364,14.192618020304431,14.509809095612276,0.0,candidate_strong,not_better,0.5484157536659902,-0.005120000000002624,-1.9322072002670856,True,False,False,0.007849916892649546,0.0005165047175228134,0.0005165047175228134,0.023023477157578923,156.25000000272848,0.0,0.0,0.007614213197969543,0.7425048446170477
7b2c7b3c:000,7b2c7b3c,306,50443.00861799908,12.748535947712304,12.839253615072565,0.0200000000004365,candidate_strong,not_better,2.812884249077885,-0.012719999999997535,3.440126418369112,True,False,True,0.000695638559158901,0.007791995399784166,0.007791995399784166,0.033839869281074526,400.0000000101865,0.0,0.0,0.3464052287581699,6.558792794117254
7b38844c:000,7b38844c,2721,1358213.490393482,22.11850973906637,22.341881756226755,0.0100000000002182,candidate_strong,large_recovery,4.460000692331619,0.014140000000003069,2.4306493464721894,True,True,True,-0.0013346098005903538,0.0005570862899924906,0.0005570862899924906,0.031659316427916646,399.9999999767168,0.0,0.0,0.0003675119441381845,0.06187540371808731
7e208414:000,7e208414,1152,230213.366178746,14.0580403645832,14.13640659696112,-0.0100000000002182,candidate_strong,large_recovery,1.0264055406730892,0.008740000000001608,2.0801715536917142,True,True,True,0.0012534442100973027,0.00021210927435389484,0.00021210927435389484,0.01562065972249602,156.24999998544803,0.0,0.0,0.0008680555555555555,0.06187540371808731
7ff89f8f:000,7ff89f8f,3695,1458967.5637537723,-19.47298876860638,19.87081119851636,0.0100000000002182,truth_strong,not_better,-2.4598179038497427,-0.00879999999999928,-3.631544430256108,True,True,True,0.0012308493640048872,0.000424657517783591,0.000424657517783591,0.024012178619999578,156.25000000272848,0.0,0.0,0.004871447902571042,1.1137572669255715
807f0298:000,807f0298,250,37407.59314349903,12.197415999999851,12.23234942985182,-0.0499999999992724,truth_strong,partial_recovery,4.8622727807911,-0.006080000000001751,3.000698951097709,True,False,True,0.003570707817533093,0.00469119444644654,0.004574139413497381,0.027845381525976026,138.06250002188636,0.004,0.012,0.216,2.5494964009715253
807f0298:001,807f0298,735,856432.1204195076,-32.62064489795934,34.13522768751135,-0.0099999999993087,truth_strong,large_recovery,0.784034734706873,-0.016300000000002923,-0.08117161982418741,False,True,True,-0.015659992698750753,0.022851649462717182,0.014898480530811449,0.030751902587406444,224.99999999672596,0.10612244897959183,0.145578231292517,0.6761904761904762,23.464809468200883
811f52b3:000,811f52b3,3195,4929821.046735028,-38.120273552425786,39.28078389401932,0.0100000000002182,candidate_strong,large_recovery,-1.0321309108887973,-0.012360000000000591,-0.8638181918729398,True,True,True,-0.000340169859463208,0.00042420046880625197,0.00042420046880625197,0.023718309859335814,156.2500000000001,0.0,0.0,0.030359937402190923,6.001914160654469
81bf5923:000,81bf5923,941,133450.86679174574,11.89207066950034,11.90874203544994,0.0,candidate_strong,not_better,3.9746184170855257,0.004040000000000876,3.85323675396588,True,True,True,0.003709582871842308,0.0001723307752300613,0.0001723307752300613,0.0174388947928512,156.24999997726275,0.0,0.0,0.0,0.0
81bf5923:001,81bf5923,225,23882.69211024924,10.30025555555539,10.302684032220652,0.0199999999986175,candidate_strong,not_better,0.3129742652905148,-0.001099999999998546,7.605743031318059,True,False,True,-0.0010299204564844509,0.0003487426444681774,0.0003487426444681774,0.023711111111155415,156.24999999727157,0.0,0.0,0.0,0.0
81bf5923:002,81bf5923,463,67783.41697474786,12.07190388768879,12.099606135241144,0.0400000000008731,truth_strong,not_better,0.2034267559247643,-0.005120000000002624,7.627683414940565,True,False,True,0.0015894251130825294,0.00032672706139132574,0.00032672706139132574,0.021825053995747763,156.24999999999994,0.0,0.0,0.0,0.0
81bf5923:003,81bf5923,1745,974846.0399282388,23.13172865329498,23.635799663790557,-0.0099999999983992,truth_strong,not_better,2.431197892447943,0.004120000000002623,4.591450228976349,True,True,True,0.004564439081202982,0.0007177349145643286,0.0007177349145643286,0.03230945558745302,399.9999999956345,0.0,0.0,0.0,0.0
81fc01c6:000,81fc01c6,364,91925.6069012514,-15.59584752747265,15.891597657326308,0.0099999999983992,near_tie,not_better,-4.9049156244600525,-0.010479999999999571,-3.830078741193235,True,True,True,-0.000331107668274436,0.005968541074701394,0.005968541074701394,0.037225274725291115,399.9999999890861,0.0,0.0,0.2857142857142857,6.43504198668108
81fc01c6:001,81fc01c6,152,22063.43231825073,-12.00195065789493,12.047994023425296,0.0099999999983992,near_tie,not_better,-3.4969635845441625,-0.007680000000000298,-5.810918451117402,True,True,True,-0.002192641303459554,0.015113869688824366,0.0037943867177296256,0.03662251655634054,400.00000004074536,0.006578947368421052,0.006578947368421052,0.13815789473684212,1.2993834780798335
81fc01c6:002,81fc01c6,776,562208.6163235089,-26.363041237113627,26.916456668591252,-0.0100000000020372,truth_strong,not_better,-3.4438678948244883,-0.0024199999999982556,-4.468682360411378,True,True,True,-0.018734914402668223,0.013025073556645386,0.005682724152717142,0.030142857142949103,225.0000000043657,0.05283505154639175,0.05798969072164949,0.48195876288659795,23.141400990564655
82aab6d2:000,82aab6d2,954,128365.17279299784,11.5789213836477,11.599771052148482,-0.0200000000022555,candidate_strong,not_better,5.6720616203287095,-0.004540000000004514,3.388832303453586,True,False,True,0.0008750804584347963,0.0004788730120489426,0.0004788730120489426,0.023909853249674796,156.25000000636638,0.0,0.0,0.03668763102725367,2.165639130133056
82aab6d2:001,82aab6d2,569,120415.1653539962,14.370627416519987,14.547369166125172,-1.8189894035458565e-12,truth_strong,not_better,1.3282327217885448,-0.010079999999998115,5.547956287305597,True,False,True,0.0007146976810212071,0.0013847927872974967,0.0013847927872974967,0.04000000000004118,400.00000004656624,0.0,0.0,0.22671353251318102,7.981927079633262
833af382:000,833af382,824,187245.3431100056,-14.913549757281778,15.074464967803692,0.0300000000024738,near_tie,large_recovery,-4.749790745203896,-0.007420000000001899,-4.2178342715814905,True,True,True,0.00041777144117093246,0.0007507141020272017,0.0007507141020272017,0.03226334951467454,400.00000002328323,0.0,0.0,0.015776699029126214,0.804380248335135
833af382:001,833af382,683,160543.91727925296,-15.208350658858118,15.331568083893393,0.0450000000028012,near_tie,large_recovery,-4.765563392145052,-0.010379999999997388,-4.189132864962337,True,True,True,-0.00215829783798357,0.0006796354814929183,0.0006796354814929183,0.033418740849330233,399.9999999956342,0.0,0.0,0.036603221083455345,1.5468850929521827
84633df4:000,84633df4,3327,1239731.0807420232,-19.059174631800605,19.303557084725117,0.0300000000024738,candidate_strong,large_recovery,-1.3088120868477482,-0.01595999999999914,-1.811508149733268,True,True,True,-0.001935883149725873,0.00039348358338428915,0.00019961035578624361,0.013346361996808583,156.2499999809006,0.00030057108506161706,0.00030057108506161706,0.013826269912834385,2.8462685710320166
8478df29:000,8478df29,312,45528.7346829991,12.043660256410138,12.079959920309305,-0.0200000000004365,near_tie,not_better,4.479742178027279,-0.00565999999999986,4.328800945524643,True,False,True,0.0011151490747572934,0.002350467306785655,0.002350467306785655,0.03573717948718579,399.9999999767171,0.0,0.0,0.1794871794871795,3.465022608212889
8478df29:001,8478df29,1084,341730.9014817545,-17.16835009225104,17.755278345213565,0.0199999999986175,truth_strong,partial_recovery,0.3196270358784345,-0.015660000000003504,-0.31205040256692373,False,True,True,-0.007480133062726672,0.002921914423302833,0.002921914423302833,0.02389298893008771,156.25000000636638,0.0,0.0,0.23800738007380073,15.963854159266525
84c3b497:000,84c3b497,2633,2059021.4527739813,25.456700341815274,27.96436784347029,-1.8189894035458565e-12,candidate_strong,not_better,0.8623132342002493,-0.007200000000000734,0.42358063126719286,True,False,True,-0.004123405622756268,0.003126471242436158,0.0008538197036990178,0.02920972644388284,224.99999997708085,0.00037979491074819596,0.00037979491074819596,0.11052031902772502,18.005742481963406
84c3b497:001,84c3b497,624,144996.42412624677,15.11915945512803,15.243558124823831,-0.0399999999990541,candidate_strong,not_better,1.6819125078343957,0.0014599999999991282,1.2988621189608809,True,True,True,-0.010175186999361235,0.002594887044643491,0.002594887044643491,0.02649038461542018,156.2500000090951,0.0,0.0,0.13782051282051283,5.321284719755508
85380836:000,85380836,305,45681.1689237509,-12.193545901639467,12.238232075760244,0.0100000000020372,near_tie,not_better,-0.8446553925869192,-0.006300000000002915,-1.7961659141844093,True,True,True,-0.005533775876631146,0.00022816143668449152,0.00022816143668449152,0.0186065573772133,156.24999999181446,0.0,0.0,0.0,0.0
8612b37f:000,8612b37f,613,78775.37032050168,-11.325380097879403,11.336134484819532,-0.0399999999990541,near_tie,partial_recovery,-3.884068136050477,-0.010639999999999426,-3.9119732887720353,True,True,True,0.002692998796809569,0.0006403444749909842,0.0006403444749909842,0.02120717781404868,121.00000000972439,0.0,0.0,0.0,0.0
8612b37f:001,8612b37f,2439,2286748.7000782737,-29.357793152931684,30.61986843204131,-0.0399999999990541,near_tie,partial_recovery,-2.0621469987231604,-0.010940000000002337,-3.9523872559619724,True,True,True,0.001970790127909689,0.0016574161765037334,0.0016574161765037334,0.03692496924968547,483.9999999796714,0.0,0.0,0.06191061910619106,5.466660348268574
861e71df:000,861e71df,2290,715158.5239642346,17.576776200873173,17.671907046901822,0.0200000000004365,candidate_strong,partial_recovery,1.408124495240156,0.004440000000002333,1.568069901070007,True,True,True,0.0005875396435469204,0.00033931383904954896,0.00033931383904954896,0.02122270742386366,156.24999999181463,0.0,0.0,0.0,0.0
86454a6f:000,86454a6f,538,76638.65012225263,-11.894774163568975,11.935284769626072,0.0100000000002182,near_tie,not_better,-0.5622488464109745,0.010120000000002627,-3.027371712217958,True,False,True,0.00044655730200248464,0.00015743658535935179,0.00015743658535935179,0.013187732342399092,156.2499999690773,0.0,0.0,0.0,0.0
8648abae:000,8648abae,881,233478.26966224625,16.07077468785457,16.279283216581817,0.0100000000002182,candidate_strong,large_recovery,1.033717750720661,0.00791999999999826,0.20381888195029862,True,True,True,-0.0023814191138736046,0.0008066801963850828,0.0003768759182546902,0.021034090909300338,156.24999999363348,0.0011350737797956867,0.0011350737797956867,0.07604994324631101,4.14565204911185
877ed19c:000,877ed19c,2582,1795154.0312957305,26.12763148721906,26.367729843676592,0.0100000000002182,truth_strong,large_recovery,0.27667699083048347,0.012460000000002774,0.3644235114163014,True,True,True,-0.00011017182546144133,0.0008195469829186977,0.0008195469829186977,0.028849728892486038,190.62500000854934,0.0,0.0,0.08404337722695585,13.426962606824947
8902c3f6:000,8902c3f6,1007,204997.62075700375,-14.095145978153068,14.267887456442727,0.0100000000002182,truth_strong,not_better,-1.2670326308044264,0.008660000000003498,-0.8273768126275892,True,False,True,-0.00041638991565513865,0.0006931175955096614,0.00047416596725718675,0.027021912350782416,156.25000001091394,0.0029791459781529296,0.0029791459781529296,0.004965243296921549,0.30937701859043654
8995c945:000,8995c945,723,105314.81472800288,-12.016289073305837,12.069119444286171,0.0100000000002182,candidate_strong,not_better,-2.9153333618110393,-0.0179599999999955,-4.095294529511101,True,True,True,0.0007657932279532821,0.0016635647470717796,0.0016635647470717796,0.023416320885318604,156.24999999636222,0.0,0.0,0.17012448132780084,7.610674657324739
8995c945:001,8995c945,385,43074.7387382508,-10.573445454545553,10.577449516833957,-0.0099999999983992,candidate_strong,not_better,0.08043431053677952,-0.013320000000003357,-3.351508564431165,False,True,True,0.0035689248044910044,0.00021026514288569173,0.00021026514288569173,0.01792207792231907,156.24999999090514,0.0,0.0,0.0,0.0
8995c945:002,8995c945,558,76055.19438825225,-11.643886200717017,11.674743317099752,0.0099999999983992,candidate_strong,not_better,-2.3112599643908074,-0.01672000000000118,-3.749791283317734,True,True,True,-0.0031898042224965642,0.003671337055850169,0.003671337055850169,0.0270071684588154,156.25000002182796,0.0,0.0,0.496415770609319,17.139486829910183
8995c945:003,8995c945,296,131527.43928325153,-19.92385641891904,21.079598123256808,0.0799999999999272,candidate_strong,partial_recovery,-0.6887648216316515,-0.02965999999999624,1.2147723615146697,True,True,False,-0.029012972340246225,0.0424046587882711,,,,1.0,1.0,1.0,18.31511950055384
89969c7a:000,89969c7a,822,147385.82734800366,-13.375479318734955,13.390350746865897,0.0200000000004365,near_tie,not_better,-4.10698793401464,-0.017019999999996812,-2.76468048872085,True,True,True,-0.001142638110079202,0.0018996946112457614,0.0018996946112457614,0.016642335766709704,156.24999999090514,0.0,0.0,0.0948905109489051,4.82628149001081
89f1085d:000,89f1085d,348,41118.25738250069,-10.853781609195492,10.8699545545821,-0.0400000000008731,truth_strong,not_better,-0.1535564110258426,-0.006699999999997095,2.780351348995356,True,True,False,0.012185481972231052,0.0007346099549687714,0.0007346099549687714,0.025748563218372152,153.15625001023915,0.0,0.0,0.0,0.0
89f1085d:001,89f1085d,4016,3649863.433311034,-29.00967604581688,30.14681635236176,-0.0399999999990541,truth_strong,partial_recovery,2.516370220259601,-0.0074599999999954945,14.172209902958988,False,True,False,-0.0052730801113892315,0.0008857588399449848,0.0008857588399449848,0.027498132470028254,168.99999998637963,0.0,0.0,0.04880478087649402,9.25372767760035
8a3da6d1:000,8a3da6d1,2805,10210278.654865293,-54.334477540107095,60.33264490265775,0.0299999999988358,candidate_strong,not_better,-1.3883231821422137,-0.011920000000001901,-3.6789500585701864,True,True,True,-0.001122011561280872,0.0008856461579217166,0.0008856461579217166,0.027527629233645302,156.2500000190996,0.0,0.0,0.1073083778966132,18.62449651914428
8b12bab6:000,8b12bab6,343,47839.89090950076,-11.767801749271229,11.80994922134678,0.0100000000002182,near_tie,not_better,-5.57957082455491,-0.012760000000002047,-3.5158658278700097,True,True,True,0.00695857015557803,0.0010855734929597518,0.0010855734929597518,0.04329446064143823,624.9999999654392,0.0,0.0,0.0,0.0
8b12bab6:001,8b12bab6,1201,294428.1152147525,-15.50963405495428,15.657345527094668,-0.0199999999986175,near_tie,not_better,-1.2338799630200539,-0.00527999999999884,1.7702499168175674,True,True,False,-0.0067519303468691364,0.0004201731756201945,0.0004201731756201945,0.022547876769677837,156.25000000545705,0.0,0.0,0.019150707743547043,1.423134285516008
8b5be31b:000,8b5be31b,1106,277913.0958115071,-15.66815189873438,15.851740077429206,0.0200000000004365,truth_strong,large_recovery,-3.0994779538205397,-0.014200000000004376,-4.852581142050877,True,True,True,0.00026856742624864754,0.0021228046190144684,0.0015560913747566887,0.024837104072683764,156.2500000090951,0.0009041591320072332,0.0009041591320072332,0.11301989150090416,7.734425464760913
8bb9c1e6:000,8bb9c1e6,2939,1237794.2201550168,-20.0715855733244,20.522224404450917,-0.0100000000002182,truth_strong,large_recovery,-0.6194276478836531,-0.008440000000002335,-2.4202425582433085,True,True,True,0.00013511732604438946,0.0003446046312031202,0.0003446046312031202,0.021146648520136674,156.24999999181446,0.0,0.0,0.009867301803334467,1.794386707824532
8c167025:000,8c167025,461,50300.27404125177,-10.44396854663793,10.445631791175444,0.0,candidate_strong,partial_recovery,-1.3726057769133364,0.012400000000001465,-3.211643909687327,True,False,True,-1.385899090077662e-05,0.00011312151892890971,0.00011312151892890971,0.009078091106836923,2.236733131101676e-19,0.0,0.0,0.0,0.0
8c167025:001,8c167025,2849,1894648.0494417683,-25.01353861003875,25.78802300247522,0.0299999999988358,candidate_strong,partial_recovery,-0.312442528592783,0.005559999999997677,-1.5750002495127107,True,False,True,3.816133298073697e-05,0.0009396814444435907,0.0009396814444435907,0.030884520884582024,399.99999994615797,0.0,0.001053001053001053,0.026676026676026678,4.702530682574635
8cc21f01:000,8cc21f01,1298,319787.8481767439,15.48104969183344,15.69616777193606,-0.0499999999974534,candidate_strong,partial_recovery,2.1230371783783957,0.013260000000002048,1.7616241916833355,True,True,True,0.0015872095403150805,0.00300727532407149,0.00300727532407149,0.018255007704335365,156.24999999727157,0.0,0.0,0.14714946070878274,11.818202110154676
8cc21f01:001,8cc21f01,900,325481.5465484948,18.4186255555554,19.016996682748328,-0.0100000000002182,near_tie,large_recovery,-0.3071128220530074,0.006260000000002043,-1.0343350007862178,False,True,False,0.003995794392475923,0.00020052167072351265,0.00020052167072351265,0.0143500000003887,156.24999998544803,0.0,0.0,0.0,0.0
8cc800b3:000,8cc800b3,472,67043.97352350193,-11.873724576271366,11.918150728493089,-1.8189894035458565e-12,truth_strong,large_recovery,-1.2084194645421744,0.013000000000003648,-3.481578438590344,True,False,True,0.00041619658112777543,0.0004639008916201166,0.0004639008916201166,0.02837923728828544,156.2500000118235,0.0,0.0,0.006355932203389831,0.18562621115426192
8d5d46d7:000,8d5d46d7,5348,18311409.220033582,-57.31977206432325,58.51472722465102,0.0200000000004365,truth_strong,large_recovery,-1.2880580467731775,-0.01280000000000292,-1.4668773653274112,True,True,True,-0.00021657862771310208,0.0012045636418571415,0.0010982835818363554,0.03235123503004917,399.99999997817207,0.0007479431563201197,0.0009349289454001496,0.09779356768885565,32.360836144559656
8f201368:000,8f201368,2818,1396522.3502125172,-21.203392122072547,22.26145011410044,0.0700000000015279,truth_strong,not_better,-4.8522263076827175,-0.01974000000000162,-3.8722762752970734,True,True,True,-0.0030062703869498343,0.0014074288972265882,0.0014074288972265882,0.028495386799347794,225.0000000043657,0.0,0.0,0.15152590489709014,26.42079738762328
8f201368:001,8f201368,2282,528259.1803012622,-14.932986634531282,15.214781034241735,0.0400000000026921,truth_strong,not_better,-2.8887379947587073,-0.010240000000001609,-14.213390044373263,True,True,True,-0.0020449021234255245,0.0008770004552408826,0.0008770004552408826,0.02921340929024738,156.25000003456083,0.0,0.0,0.07931638913234006,11.199448072973803
91b301ce:000,91b301ce,5025,11773881.646860436,42.53869850746253,48.40517559363702,-0.0200000000004365,truth_strong,partial_recovery,3.1958453929491033,-0.00854000000000088,4.05368496283746,True,False,True,0.011150381867910597,0.0015569660533943698,0.0008507688718235132,0.03144804936315,306.2499999586181,0.0001990049751243781,0.0001990049751243781,0.024875621890547265,7.734425464760913
91db7070:000,91db7070,206,21810.96813650076,-10.288888349514744,10.289727212104228,-1.8189894035458565e-12,near_tie,partial_recovery,-0.5703523838131057,0.008039999999997242,-1.9801953909508578,True,False,True,0.0019503683932620317,0.00014781125608440514,0.00014781125608440514,0.012354368932485985,3.3881253266717473e-19,0.0,0.0,0.0,0.0
91db7070:001,91db7070,129,14015.012202250502,-10.42228294573662,10.423219533512778,-1.8189894035458565e-12,near_tie,partial_recovery,0.6051988914614613,0.008139999999999425,-1.0972644055231942,False,False,True,0.0007368893847663301,0.000143123909866436,0.000143123909866436,0.012596899225219635,156.24999996271066,0.0,0.0,0.0,0.0
91db7070:002,91db7070,3200,9181158.592780797,-50.76945953125014,53.564093012427634,-1.8189894035458565e-12,candidate_strong,partial_recovery,0.0883070076612652,0.009180000000000299,-1.1552015988400555,False,False,True,-0.011231167949932055,0.0007673371598851167,0.0007673371598851167,0.03105000000012099,399.9999999359714,0.0,0.0,0.0315625,6.249415775526818
9283ae69:000,9283ae69,1829,560819.9116095083,-17.37581738655016,17.51075451172759,0.0299999999988358,near_tie,large_recovery,-4.01498146072108,-0.019160000000003508,-3.3225398994768085,True,True,True,0.0024035637474352028,0.003491757127634244,0.0005793574065133757,0.01775041050942857,156.24999998635775,0.0010934937124111536,0.0010934937124111536,0.0634226353198469,7.177546831298127
9283ae69:001,9283ae69,807,104012.24552175315,-11.34384448574986,11.352864877164215,1.8189894035458565e-12,candidate_strong,large_recovery,-0.3857007021022258,-0.013699999999997102,1.4409323197039683,True,True,False,-0.0017568748482342904,0.00021091450250673713,0.00021091450250673713,0.012701363073593546,2.9779107900165694e-19,0.0,0.0,0.01982651796778191,0.9900064594893969
9314ff13:000,9314ff13,401,51532.256990001806,-11.312860349127378,11.336197292406904,0.0099999999983992,truth_strong,large_recovery,-0.10223905279327956,-0.012000000000000009,-3.423589336599025,True,True,True,-0.0023759602836558444,0.0006879809909035527,0.0006879809909035527,0.027805486284354957,156.2500000090951,0.0,0.0,0.16209476309226933,4.021901241675675
93209a3d:000,93209a3d,569,73887.09417950056,-11.377813708260147,11.395362897700966,1.8189894035458565e-12,near_tie,not_better,-3.5335728400004536,-0.013240000000005251,-4.277261727242008,True,True,True,0.0008017311858582635,0.0002744028030377475,0.0002744028030377475,0.01675746924463425,156.2499999854482,0.0,0.0,0.026362038664323375,0.9281310557713096
93209a3d:001,93209a3d,183,20721.663655000724,-10.636262295082156,10.641105897733558,0.0100000000002182,near_tie,not_better,-1.2285096642031956,-0.015300000000002922,-4.834026217194319,True,True,True,0.0004513326118497601,0.0005028957749087293,0.0005028957749087293,0.025628415300715024,156.25000000636638,0.0,0.0,0.1366120218579235,1.5468850929521827
93209a3d:002,93209a3d,2221,871333.302180261,-19.585461278703413,19.806962403380396,1.8189894035458565e-12,truth_strong,partial_recovery,-1.281393646550124,-0.014819999999999722,-2.5741909419176494,True,True,True,0.0015634227624794046,0.0027900333298503197,0.0016018092060382867,0.021071428571604912,156.24999999363348,0.010355695632597929,0.013957676722197209,0.15308419630796938,21.037637264149684
939d9c34:000,939d9c34,1447,389633.91859550704,-16.208191430546105,16.409453311397268,-0.0099999999983992,candidate_strong,partial_recovery,0.594694139440489,-0.007499999999996369,-1.204435808251434,False,True,True,0.0001694472362066775,0.0006894645787594467,0.0006894645787594467,0.030473393227464913,156.2500000336513,0.0,0.0,0.07671043538355218,6.8681698127076904
939d9c34:001,939d9c34,203,24992.43319924917,11.070416256157449,11.095739474188278,-0.0499999999974534,near_tie,not_better,3.795670508126893,-0.00034000000000014574,3.9118745415571308,True,False,True,0.018616896132021627,0.010305597115370027,0.0008728814279370285,0.0373544973545424,400.0000000494767,0.06896551724137931,0.06896551724137931,0.08866995073891626,1.1137572669255715
939d9c34:002,939d9c34,472,514138.0547440056,-31.02390042372899,33.00417458007208,0.0050000000001091,truth_strong,partial_recovery,-4.756390795094486,-0.009019999999996807,-3.8554093774292006,True,True,True,-0.03734768836817901,0.004695943484703719,0.0031117299211360023,0.034978260869571065,225.0000000381986,0.025423728813559324,0.03389830508474576,0.15889830508474576,4.640655278856547
93f5d2e6:000,93f5d2e6,1483,2139127.4565599826,34.418596089008595,37.97936992400832,0.0100000000002182,truth_strong,partial_recovery,0.02193663014711557,0.0023600000000005843,2.519858153208991,True,True,True,0.018368871349399827,0.004978040245926122,0.0033642726320245657,0.031366158113772205,399.999999957072,0.027646662171274445,0.030343897505057317,0.5320296695886716,48.819693533570884
940a48d9:000,940a48d9,442,54520.49267074893,11.081582579185412,11.106283398567507,-0.0300000000006548,truth_strong,not_better,3.4610452278166086,0.012079999999998117,7.280882589232148,True,True,True,0.002036737325205171,0.0006119612297416245,0.0006119612297416245,0.03484162895933627,399.9999999869034,0.0,0.0,0.013574660633484163,0.37125242230852384
940e709a:000,940e709a,3139,1795060.1322357643,-23.42268063077424,23.91353845659519,0.0599999999994906,truth_strong,large_recovery,-0.9858294776794533,-0.014399999999997828,-0.6640922355283688,True,True,True,4.7002384969915844e-05,0.002001127189293691,0.000784861842398413,0.02378119001942708,156.2500000090951,0.00414144632048423,0.004778591908251036,0.11245619624084104,21.842017512484823
94467f50:000,94467f50,1083,251934.0132167544,-15.17662373037871,15.252083496525955,0.0100000000011277,truth_strong,partial_recovery,-3.029341430772715,-0.017800000000002925,-1.4931951468281863,True,True,True,0.00019017659176290915,0.0004509165270058974,0.0004509165270058974,0.024995383195031133,156.25000000818557,0.0,0.0,0.036011080332409975,2.413140745005405
944f36b9:000,944f36b9,324,36985.39456500165,-10.681188271605174,10.68421510271654,0.0299999999988358,candidate_strong,partial_recovery,-2.824236359738358,0.004159999999999858,-3.82612982968844,True,False,True,-0.00032501771456538097,0.0001628840341797477,0.0001628840341797477,0.012731481481931739,3.3881253266717473e-19,0.0,0.0,0.0,0.0
94d813a4:000,94d813a4,670,80951.09107774892,10.982724626865595,10.99192994867781,0.0299999999988358,near_tie,not_better,-1.876015614883784,-0.01100000000000001,0.19979052156754107,False,False,True,0.0008105699432802033,0.000806731068675642,0.000806731068675642,0.016514925373388552,156.24999998635775,0.0,0.0,0.09253731343283582,3.836275030521413
94d813a4:001,94d813a4,1952,388936.377530242,14.011968493852311,14.11560106431484,0.0300000000006548,truth_strong,not_better,1.0652503205519799,-0.01330000000000292,1.5169531810820287,True,False,True,0.012152361853966162,0.004510553935317581,0.0011888187817351544,0.03708098411075099,400.0000000101865,0.0005122950819672131,0.0005122950819672131,0.051741803278688527,6.249415775526818
96936c22:000,96936c22,295,47235.88047650084,-12.620803389830616,12.65391752517382,0.0899999999983265,truth_strong,partial_recovery,-5.454314078241497,-0.021679999999996674,-2.9332712328022796,True,True,True,-0.0009678992971500889,0.0005368171602262613,0.0005368171602262613,0.031864406779783104,399.99999998108257,0.0,0.0,0.020338983050847456,0.37125242230852384
96ae5806:000,96ae5806,769,114858.4956632452,12.142083875162296,12.221327776391735,0.0199999999986175,truth_strong,not_better,2.9474225562018046,0.006020000000000442,6.002787542174701,True,True,True,0.0005886274795593191,0.00211896436945935,0.0005093003393119995,0.02680989583347525,156.25000001091394,0.0013003901170351106,0.0013003901170351106,0.0013003901170351106,0.06187540371808731
96b7eea1:000,96b7eea1,575,106190.16463725212,-13.53134695652188,13.589648530967278,0.0100000000002182,candidate_strong,partial_recovery,0.20500941062828001,-0.017640000000003073,-2.450657809073818,False,True,True,-0.0009594162330721962,0.0012534105135962044,0.0012534105135962044,0.00877652173905191,0.5625000007312286,0.0,0.0,0.12173913043478261,3.304902742000125
974802e7:000,974802e7,253,30926.021175000715,-11.049964426877596,11.056095054125242,-0.0100000000020372,near_tie,large_recovery,-3.4132950290459574,-0.015260000000005687,-3.313182923043561,True,True,True,0.01566193784147462,0.0032055034547577494,0.0030086935004366385,0.035916334661837725,506.2500000415821,0.007905138339920948,0.04743083003952569,0.17391304347826086,2.7225177634977666
974802e7:001,974802e7,2496,1513477.253088016,-22.3181662660258,24.6244000731296,-0.0200000000004365,truth_strong,partial_recovery,-1.0777310533386708,-0.010599999999998553,0.9519079457237005,True,True,False,-0.010325617959639636,0.0035356910414111806,0.0026436378811125058,0.03003660024476551,225.00000005129561,0.014823717948717948,0.020833333333333332,0.21514423076923078,33.22709179541592
97cd5bf9:000,97cd5bf9,2368,5638325.717982784,-44.46002132601367,48.79600098354344,0.0099999999983992,truth_strong,large_recovery,-0.4160046454339896,-0.010240000000001609,-1.035827956993564,True,True,True,-0.006963036903986037,0.001158079458382789,0.001158079458382789,0.027404983108338433,224.99999997708085,0.0,0.0,0.12922297297297297,18.933873537734716
98177ced:000,98177ced,1741,387401.83728649054,14.54247501435938,14.916998720422788,-0.0199999999986175,candidate_strong,large_recovery,3.459266681535035,0.017180000000000306,2.1714547385468355,True,True,True,-0.003197543003695939,0.000870139526605317,0.000870139526605317,0.023811028144812858,156.24999999999994,0.0,0.0,0.10683515221137277,11.508825091564239
98177ced:001,98177ced,871,121304.28652924544,11.79712686567142,11.801276786343172,-0.0199999999986175,candidate_strong,partial_recovery,2.1799251007707205,0.014979999999999574,3.7730432117033796,True,True,True,0.0009473510335552336,0.00019319750322121506,0.00019319750322121506,0.011148105626243006,3.3881253266717473e-19,0.0,0.0,0.05855338691159587,3.155645589622453
9896fc0b:000,9896fc0b,206,23129.86410999949,10.592485436893089,10.596267915538071,-0.0400000000008731,near_tie,partial_recovery,1.907663403148834,0.010959999999999137,4.1748071725403975,True,True,True,-0.0018852793205033679,0.0003865476534292154,0.0003865476534292154,0.02383495145649117,156.25000000864026,0.0,0.0,0.0,0.0
9896fc0b:001,9896fc0b,1050,1146032.5016154938,30.661564761904668,33.037244518090326,-0.0400000000008731,truth_strong,partial_recovery,-1.3271414916569562,0.012040000000000883,3.4012834383271056,False,True,True,0.024233347855372758,0.017836374745273834,0.01281067106138643,0.025592857143001312,224.99999997708085,0.3333333333333333,0.41523809523809524,0.9619047619047619,62.494157755268176
992ce078:000,992ce078,644,94546.75162225249,-12.083025621118177,12.116588881426576,1.8189894035458565e-12,near_tie,large_recovery,-0.8947857597931487,-0.005380000000001023,-0.1480045641739609,True,True,True,0.005508063824702329,0.0003830386139858466,0.0003830386139858466,0.02636645962746895,156.25000001091394,0.0,0.0,0.0,0.0
99529c45:000,99529c45,399,79612.70339050077,-14.045553884711849,14.125529545422305,0.0300000000006548,truth_strong,partial_recovery,-1.331769691612483,-0.008959999999999134,-4.3837792199257954,True,True,True,-0.008310670491597059,0.0015608405031506151,0.0015608405031506151,0.024774436090409017,156.25000000818557,0.0,0.0,0.19047619047619047,4.702530682574635
995ff498:000,995ff498,514,122786.60373799776,15.204118677042665,15.455887003664156,-0.0300000000006548,near_tie,not_better,1.1833175249904762,-0.0026599999999962188,1.39392084959581,True,False,True,0.004509157217336622,0.00017672661666247254,0.00017672661666247254,0.01537937743214344,156.24999997999112,0.0,0.0,0.0,0.0
9a95e33f:000,9a95e33f,146,24093.56351200055,-12.758356164383706,12.846182608714626,0.0499999999992724,truth_strong,not_better,-3.6234360545276383,-0.017919999999998267,-3.4903301642780953,True,True,True,-0.026521073599255568,0.011543341224644947,0.011543341224644947,0.03143835616436961,225.0000000043657,0.0,0.0,1.0,9.033808942840746
9ab94eeb:000,9ab94eeb,598,91971.10045700276,-12.37564715719082,12.401525182459425,0.0,near_tie,partial_recovery,-2.7003193315977487,-0.011120000000002628,-2.938465187542815,True,True,True,0.0034146897083424865,0.0003725412448797511,0.0003725412448797511,0.022826086956767633,156.24999998999562,0.0,0.0,0.0,0.0
9ad5410a:000,9ad5410a,1533,1192204.869240255,-27.577977495107707,27.887165123588726,0.0399999999990541,candidate_strong,large_recovery,-0.18240958754611145,-0.017000000000000015,-0.18972179759514998,True,True,True,0.0012492303468745313,0.006058520182482635,0.0010706005099087494,0.027873938602426842,156.25000001637088,0.001304631441617743,0.001304631441617743,0.08806262230919765,8.353179501941785
9ae248be:000,9ae248be,4154,977696.9990232658,-14.666153225806582,15.341537818118596,0.0199999999986175,truth_strong,large_recovery,-2.6270380155095854,-0.015439999999998703,-2.9695911650135702,True,True,True,-0.0023101850564464944,0.0008640447475535626,0.000871449098312309,0.023536883243955118,156.250000003638,0.014443909484833895,0.01853635050553683,0.08979297063071738,23.079525586846565
9b9e3b49:000,9b9e3b49,396,49689.898415501215,-11.18057828282842,11.201765104361272,0.0399999999990541,near_tie,partial_recovery,-0.6908310206473394,-0.01224000000000161,-3.3287303204354863,True,True,True,-0.0003468523266513044,0.00043547616898453417,0.00043547616898453417,0.02449494949513783,156.25000000818557,0.0,0.0,0.020202020202020204,0.49500322974469846
9b9e3b49:001,9b9e3b49,771,112596.93304074548,12.044275616082764,12.084706064915922,-0.0200000000004365,near_tie,not_better,5.727975634763478,0.002180000000000293,2.9713826468594657,True,True,True,-0.00026046789804412307,0.0029783468201307027,0.0019172295428741624,0.01751664447442923,156.24999996543923,0.02594033722438392,0.042801556420233464,0.12321660181582361,5.878163353218294
9c350a6a:000,9c350a6a,4394,4110617.139201461,28.348977924442277,30.586056613625924,-0.0100000000002182,truth_strong,partial_recovery,-1.2340650487036429,0.009639999999999427,-1.0654885539038381,False,True,False,0.0005259403260988567,0.0022424206707896575,0.001417492208076429,0.03061837862743074,225.0000000043657,0.011834319526627219,0.013199817933545745,0.08807464724624488,23.945781238899787
9d3ec64c:000,9d3ec64c,601,105272.90893299748,13.141668885191194,13.234912543657602,-0.0100000000002182,truth_strong,partial_recovery,0.9157949895666471,0.007539999999997241,3.4820095597105816,True,True,True,-0.0007369409368961146,0.006002966305881999,0.0003479321838925211,0.0225876460769635,156.24999999181463,0.0033277870216306157,0.0033277870216306157,0.004991680532445923,0.18562621115426192
9d3ec64c:001,9d3ec64c,542,75182.609976498,11.676559040590243,11.777661165938856,-0.0299999999988358,truth_strong,partial_recovery,-0.043081932941102324,0.011380000000001028,2.996026123694915,False,True,True,-0.0007708039507429219,0.0023785945667415807,0.0023785945667415807,0.02761070110714947,224.99999997708085,0.0,0.0,0.2066420664206642,6.930045216425778
9d4272e3:000,9d4272e3,217,38737.39743125063,-13.253891705069238,13.360888900733546,0.0600000000031286,near_tie,not_better,-5.549158619571688,-0.024179999999996676,-3.2183357450322436,True,True,True,0.003185614288141882,0.01908943308752545,0.0036051779444465867,0.04520833333342782,624.9999999654392,0.33640552995391704,0.3686635944700461,0.37327188940092165,5.011907701165072
9d4272e3:001,9d4272e3,2307,757455.2595745105,-17.357372778500352,18.119854061654376,0.0500000000010913,truth_strong,not_better,-1.352175283806226,-0.020619999999999,-1.3575635771783965,True,True,True,-0.0024923527426090734,0.0028701795984909543,0.0025230912343769817,0.027131578947484837,156.25000001091394,0.011703511053315995,0.016905071521456438,0.15214564369310793,21.718266705048645
9da441ba:000,9da441ba,205,24973.554790998885,11.019326829268042,11.037310292488725,0.0300000000024738,truth_strong,partial_recovery,1.6141933598365816,0.009720000000001172,7.991464597135092,True,True,True,0.01581673266671252,0.005134186622336058,0.00046614020147142123,0.03558578431445147,473.0625000440734,0.004878048780487805,0.004878048780487805,0.004878048780487805,0.04721289631199504
9da441ba:001,9da441ba,2466,544210.9511732407,14.647673763179103,14.855494137586732,0.0200000000022555,truth_strong,partial_recovery,0.3802349225407483,0.012359999999996953,11.877369278112006,True,True,True,-0.0012948392251981814,0.0009044538830265444,0.0005053158284856655,0.019658140479179836,115.56250003805239,0.0012165450121654502,0.0012165450121654502,0.0012165450121654502,0.1416386889359851
9dede370:000,9dede370,143,17456.497529249507,11.039017482517329,11.048683600115044,-0.0200000000004365,truth_strong,partial_recovery,0.005861443237435086,-0.0027599999999984018,0.35859114826098826,True,False,True,-0.029339272707868288,0.012398739086060283,0.009993137539379159,0.03488805970156313,506.24999998526647,0.06293706293706294,0.06993006993006994,0.3146853146853147,2.7843931673139277
9dede370:001,9dede370,1004,312658.1545190059,-17.388709163346775,17.646883705090875,0.0199999999986175,near_tie,not_better,-3.67547458356598,-0.013140000000003066,-3.7535434734675692,True,True,True,0.004340886139522789,0.004457668698011544,0.002628568899102889,0.03333847736633276,399.9999999774446,0.03187250996015936,0.0348605577689243,0.20019920318725098,12.436956147335549
9dede370:002,9dede370,246,27004.85470850097,-10.473479674796936,10.477396248514127,1.8189894035458565e-12,near_tie,not_better,0.26870534132164814,-0.008899999999997825,1.1611946136996902,False,True,False,-0.0001464776368994364,0.0002085279988613477,0.0002085279988613477,0.017621951219774546,156.2499999890861,0.0,0.0,0.0,0.0
9dede370:003,9dede370,872,261261.22595775424,-16.51097419724787,17.309289345838987,0.0099999999983992,truth_strong,not_better,-2.202595378484771,-0.011979999999999574,1.8636410474999971,True,True,False,-0.0033288773594258984,0.0010909898855307597,0.0006681346978739619,0.026026528258541255,156.2500000090951,0.005733944954128441,0.005733944954128441,0.1559633027522936,8.415054905659874
9def2eb2:000,9def2eb2,1265,524056.8917359926,19.52795415019747,20.35372748948457,-0.0299999999988358,candidate_strong,large_recovery,0.8890562044477235,0.011959999999999135,2.257025411147649,True,True,True,-0.0013027070911653044,0.0007202350683965905,0.0007202350683965905,0.03649802371552373,506.24999998035514,0.0,0.0,0.02292490118577075,1.794386707824532
9def2eb2:001,9def2eb2,1879,740571.3478944891,19.10272112825956,19.852722071627035,-0.0299999999988358,truth_strong,partial_recovery,1.5958930852322222,0.011759999999994771,-2.6657172434050835,True,True,False,-0.0013616073435102286,0.0011440204759768046,0.0011440204759768046,0.0330228845130828,399.9999999767168,0.0,0.0,0.0808940926024481,9.40506136514927
9df1b1f9:000,9df1b1f9,3870,1644056.9561480249,-20.358587596899383,20.61118431583441,0.0199999999986175,truth_strong,partial_recovery,-1.1622827026612674,-0.015200000000000739,-1.1803938777478105,True,True,True,0.000384493858072114,0.0009832820750034768,0.0003858830204974877,0.0223997412680433,156.24999999090514,0.0012919896640826874,0.0012919896640826874,0.010594315245478035,2.5368915524415794
9dfff011:000,9dfff011,1390,234138.0721730037,-12.914892086331031,12.978623048673962,-0.0200000000004365,truth_strong,large_recovery,-0.8817439943998624,-4.000000000087317e-05,-3.650533844590819,True,True,True,0.0006931834207167528,0.000170358854204302,0.000170358854204302,0.012996402878012278,4.777726152005914e-19,0.0,0.0,0.0,0.0
9e3e364d:000,9e3e364d,1328,201631.03942974625,12.29354028614446,12.321956093909384,-0.0099999999983992,near_tie,large_recovery,3.318349436679285,0.014239999999997973,3.854650998119491,True,True,True,-0.00026255875331287186,0.0005171797770532799,0.0005171797770532799,0.026893825301337413,156.2500000118235,0.0,0.0,0.035391566265060244,2.9081439747501037
9e3e364d:001,9e3e364d,889,143200.6398579962,12.651220472440778,12.691752627874129,0.0100000000020372,near_tie,large_recovery,2.749900640340558,0.010040000000004518,4.1724741037760715,True,True,True,-0.007930721054861964,0.0015739810988474525,0.0005866309204409046,0.03618806306308928,399.9999999869034,0.0011248593925759281,0.0011248593925759281,0.0011248593925759281,0.06187540371808731
9efc812e:000,9efc812e,623,80416.84266400151,-11.357703049759335,11.361338137564866,0.0200000000004365,truth_strong,large_recovery,-1.1343405383442025,0.00017999999999665321,-4.881844065771809,True,False,True,-2.5575681138531962e-05,0.0005790436752676272,0.0003912034617549231,0.022307073955026506,156.2500000000001,0.0016051364365971107,0.0016051364365971107,0.0016051364365971107,0.06187540371808731
a056d01e:000,a056d01e,402,105957.41491574864,15.982757462686456,16.23501336600619,-0.020000000001346,candidate_strong,not_better,3.4542873670484715,0.013159999999999863,2.746350058486572,True,True,True,0.010608521831804838,0.004261611484458241,0.0005902430746630683,0.03164588528678341,156.250000014552,0.0024875621890547263,0.0024875621890547263,0.0024875621890547263,0.06187540371808731
a08d9e63:000,a08d9e63,333,46925.45133150078,-11.751468468468572,11.870858067796451,-0.0099999999983992,candidate_strong,large_recovery,0.7529480501108836,0.02035999999999696,-2.2816316650933763,False,False,True,-0.013208198960432002,0.0012114051837797783,0.0012114051837797783,0.029971471471737506,156.24999998954075,0.0,0.0,0.07507507507507508,1.180322407799876
a0e92ed6:000,a0e92ed6,222,29825.313417499223,11.571522522522375,11.590869623862735,-1.8189894035458565e-12,near_tie,not_better,3.3361389594496282,-0.002319999999999711,7.163607606242545,True,False,True,0.011201872862246429,0.00047562418107355075,0.00047562418107355075,0.029527027027135846,399.9999999723515,0.0,0.0,0.0,0.0
a2e8e7f6:000,a2e8e7f6,2550,2583437.3487557727,-30.70095392156876,31.8294311257141,0.0100000000002182,truth_strong,large_recovery,-0.164190713326331,0.004119999999998986,-0.5919182452353353,True,False,True,-0.00730838727131371,0.002126407229777802,0.0004109819987198867,0.026120047077459498,156.25000000818542,0.000392156862745098,0.000392156862745098,0.000392156862745098,0.06187540371808731
a3518960:000,a3518960,316,48552.88714300113,-12.311784810126724,12.395498256819437,0.0299999999997453,candidate_strong,partial_recovery,-1.8637775874668172,-0.01841999999999827,-3.5660799890253783,True,True,True,-0.01742247135797982,0.002826815145966363,0.002826815145966363,0.037405063291137394,399.9999999825375,0.0,0.0,0.439873417721519,8.600681116814135
a3f71395:000,a3f71395,2764,3875938.90571028,-36.94839417510869,37.44720792297584,0.0699999999997089,truth_strong,large_recovery,-4.798203958657861,-0.02815999999999988,-3.1358073045274293,True,True,True,0.0005322050987744956,0.005583971629106559,0.00331061801160422,0.027502822732530963,156.2500000118235,0.03871201157742402,0.04015918958031838,0.217438494934877,37.18711763457047
a48640d9:000,a48640d9,265,31229.744968250547,-10.852258490566134,10.855786209197996,0.0300000000006548,truth_strong,not_better,-5.159384053085908,0.00960000000000219,-3.517037390532844,True,False,True,-0.002961632540579688,0.0010498564814301991,0.0010498564814301991,0.02018867924573029,143.99999998760185,0.0,0.0,0.10943396226415095,1.0498884112062388
a4f989c2:000,a4f989c2,938,1585489.698158269,39.39949200426458,41.11310648307892,0.0,candidate_strong,not_better,-1.4535661501393145,0.009159999999999863,-0.836024454769561,False,True,False,0.0018466069244136454,0.0003099529126862317,0.0003099529126862317,0.019131130064365363,156.24999998635775,0.0,0.0,0.03304904051172708,1.9181375152607065
a5e6f7dc:000,a5e6f7dc,523,95211.57682524816,13.383652963671,13.492549946676943,-0.0399999999999636,near_tie,not_better,3.8952978716955053,0.012839999999996517,3.8562634267447105,True,True,True,-0.003879730740521196,0.00196614863907123,0.00196614863907123,0.038355640535400394,400.0000000261934,0.0,0.0,0.22179732313575526,7.177546831298128
a612d5a0:000,a612d5a0,2725,1326742.9667217666,-21.854645688073525,22.0653156090145,0.0100000000002182,truth_strong,not_better,-4.235521097845858,0.006540000000004516,1.2915795027181272,True,False,False,0.0010840179286487747,0.001020537866381928,0.00043034363794988175,0.020091810503405166,156.2499999881766,0.0007339449541284404,0.0007339449541284404,0.031192660550458717,5.25940931603742
a622ce4d:000,a622ce4d,536,92450.09304475208,-13.05809981343299,13.13322187715328,0.0199999999986175,near_tie,not_better,-2.086848873644011,0.00854000000000088,-4.011049454970834,True,False,True,0.00010152330998881128,0.0009090241570284006,0.0009090241570284006,0.03462686567169786,399.99999998253776,0.0,0.0,0.029850746268656716,0.9900064594893969
a692b17e:000,a692b17e,903,270521.73376075266,-16.859876522702198,17.308411264765077,0.0200000000004365,truth_strong,not_better,-3.688501990987906,-0.010560000000001317,-4.07267386980952,True,True,True,0.007639238700603412,0.0014096587209315211,0.0014096587209315211,0.04243632336657164,506.25000001473387,0.0,0.0,0.1583610188261351,8.848182731686485
a692b17e:001,a692b17e,217,25865.974101500804,-10.905133640553164,10.917785367651495,0.0199999999986175,near_tie,large_recovery,-0.2633714496533943,-0.008940000000005973,3.559628413266731,True,True,False,-0.001518788035790893,0.0001761832982346608,0.0001761832982346608,0.014677419355217932,156.2499999881766,0.0,0.0,0.0,0.0
a6b8ac67:000,a6b8ac67,4916,5614640.717584802,-32.08767809194483,33.795202130769404,-1.8189894035458565e-12,truth_strong,large_recovery,2.354916500488521,-0.012540000000000884,1.6041694050280095,False,True,False,-0.003087301291291737,0.0025908741402114704,0.0025100602813542586,0.024628385257754667,156.25000000636638,0.0010170870626525631,0.0010170870626525631,0.1808380797396257,55.007233905379614
a6ed2eff:000,a6ed2eff,740,329847.4371377554,-20.804910135135305,21.1125502939812,0.0100000000002182,truth_strong,partial_recovery,-5.757225031746496,-0.011060000000001319,-3.7321810923511554,True,True,True,-0.003720091606587244,0.0011396749977699715,0.0011396749977699715,0.039891891891939875,506.2499999639841,0.0,0.0,0.1837837837837838,8.415054905659876
a6f967fb:000,a6f967fb,2694,741108.2252287583,-16.235448218262903,16.58601374586461,0.0300000000024738,truth_strong,large_recovery,-2.8105050095170383,-0.0012000000000007287,-2.168358206047445,True,True,True,-0.0006778414382614606,0.0002947392628114271,0.0002947392628114271,0.0178841870826939,156.2499999890861,0.0,0.0,0.004825538233110616,0.804380248335135
a76db406:000,a76db406,466,53516.96689400164,-10.704038626609613,10.716495537094673,0.0100000000002182,truth_strong,not_better,0.271087477808707,0.008099999999998553,0.05675397840718244,False,False,False,-1.2470895936150496e-05,0.00016988525971416236,0.00016988525971416236,0.011652360515496894,3.3881253266717473e-19,0.0,0.0,0.0,0.0
a76db406:001,a76db406,318,33370.06246500113,-10.243270440251743,10.243891025829011,0.0100000000002182,near_tie,not_better,-0.13161978088004916,0.007340000000000153,-0.13186271032106034,True,False,True,0.00098875796258505,5.091389027580991e-05,5.091389027580991e-05,0.004481132076109374,1.0720297089428566e-19,0.0,0.0,0.0,0.0
a76db406:002,a76db406,148,20428.63847549926,11.719702702702492,11.74867401244373,0.0200000000004365,candidate_strong,not_better,-0.014624420098077053,0.005560000000001314,0.2705517718078147,False,True,True,-1.8753767307857375e-19,9.979991556099094e-05,9.979991556099094e-05,0.008783783784188384,4.7644755103583923e-20,0.0,0.0,0.0,0.0
a76db406:003,a76db406,1136,167365.95030849485,12.115558978873052,12.137923282406696,0.0200000000004365,candidate_strong,not_better,0.31710183526048663,0.0051400000000030605,1.8346124402361634,True,True,True,-0.0017915510849237,0.0014073978617544435,0.00025755385651212424,0.017114537445087515,156.24999999181463,0.0008802816901408451,0.0008802816901408451,0.0008802816901408451,0.06187540371808731
a79fd2e7:000,a79fd2e7,808,192019.1471922456,15.251324876237444,15.415818479611891,-0.0200000000004365,truth_strong,not_better,5.14615044307534,-0.0019399999999986923,4.353156049802398,True,False,True,0.001032532283868136,0.001205745133299793,0.001205745133299793,0.03711633663367625,400.00000000654836,0.0,0.0,0.0655940594059406,3.279396397058627
a79fd2e7:001,a79fd2e7,663,359814.22952100384,-22.517304675716574,23.29605607261597,0.0100000000002182,truth_strong,large_recovery,-1.508113083607585,-0.010400000000001464,-1.7201671750257357,True,True,True,-0.018963639105622397,0.006898546740070464,0.006637189824435522,0.02907633587789903,156.25000002910375,0.012066365007541479,0.012066365007541479,0.55052790346908,22.584522357101868
a7fc3e6b:000,a7fc3e6b,899,406172.3128537427,20.864290878753984,21.25569511732649,-0.0499999999992724,candidate_strong,large_recovery,2.3811711896009307,0.021799999999999292,2.345929018276726,True,True,True,0.012126179423258134,0.0064872082357074305,0.004938057961485666,0.020355097365591747,156.2499999809006,0.028921023359288096,0.028921023359288096,0.42825361512791993,23.822030431463613
a85e4bc3:000,a85e4bc3,963,319944.1098605042,-18.000890965732207,18.227366079774967,0.0300000000002,truth_strong,large_recovery,-5.126290773212894,-0.0013399999999983278,-3.144812302973313,True,True,True,-0.00565451563889054,0.00596431372433422,0.0007443476913092014,0.028912543153239545,399.9999999723512,0.0976116303219107,0.0976116303219107,0.14018691588785046,8.353179501941787
a87433c9:000,a87433c9,274,36368.88226574921,11.504662408758998,11.520987238743436,-0.0100000000002182,near_tie,large_recovery,0.7006532857733444,0.010840000000000153,-0.36637413849513134,True,True,False,1.0589538770431372e-05,0.0003316957643969299,0.0003316957643969299,0.020985401460048396,156.24999999181463,0.0,0.0,0.0,0.0
a8ed028a:000,a8ed028a,495,103252.30848150182,-14.242684848484968,14.442663264954016,0.0600000000013096,candidate_strong,not_better,-4.371350882328165,-0.018740000000001616,-2.8943488755947095,True,True,True,-8.848068968568139e-05,0.006417383647067359,0.006417383647067359,0.03635353535353772,400.0000000000002,0.0,0.0,0.3414141414141414,10.456943228356755
a9c9b150:000,a9c9b150,3582,5086596.792915786,-36.58849232272486,37.68346815846397,0.0,truth_strong,large_recovery,-1.8459880737879324,-0.011959999999995499,-1.4326211861930576,True,True,True,0.00016157799905749877,0.0005220314196373815,0.00019982148752211083,0.014912035744594543,156.2499999854482,0.00027917364600781687,0.00027917364600781687,0.0036292573981016193,0.804380248335135
aaaf3c03:000,aaaf3c03,169,17736.146650999304,10.243781065088555,10.244394238778714,0.0099999999983992,truth_strong,not_better,1.0339571357561899,0.0009000000000014558,3.3322789489876237,True,True,True,-0.0003894076357397906,0.00010924842817044591,0.00010924842817044591,0.009615384615461683,1.19119460876613e-20,0.0,0.0,0.0,0.0
ab112491:000,ab112491,4275,5070141.946446297,-33.562433567251624,34.43832336406331,0.0100000000020372,candidate_strong,partial_recovery,-3.0611304073276875,-0.011359999999996952,-4.619551106951098,True,True,True,-0.0022466158247387226,0.002558124025674443,0.0016346456699917774,0.03379060943805232,399.9999999825375,0.013567251461988304,0.013567251461988304,0.18409356725146198,48.69594272613471
ab18d3fc:000,ab18d3fc,467,76168.73944400116,-12.660783725910168,12.771148178223928,-0.0200000000004365,near_tie,partial_recovery,-2.596633912949246,0.0022600000000020395,-2.2577289304122754,True,False,True,0.007167574553044742,0.0025523335755138726,0.0013357288299826093,0.029517543859735925,156.2500000227373,0.023554603854389723,0.02569593147751606,0.11349036402569593,3.2793963970586275
ab18d3fc:001,ab18d3fc,626,119691.94551324716,13.735519968050957,13.82755187716648,-0.0499999999992724,truth_strong,not_better,0.5379380183833997,0.009639999999999425,-3.001811547868252,True,True,False,0.006387882702073481,0.00024744961269091055,0.00024744961269091055,0.019353035144109243,156.2499999890861,0.0,0.0,0.0,0.0
ab3ced07:000,ab3ced07,172,18761.272216749607,10.441898255813843,10.444001342917849,1.8189894035458565e-12,near_tie,partial_recovery,0.9640705560257363,-0.008039999999997242,2.179837174487168,True,False,True,-0.000547299508087861,0.00033289433425122834,0.00033289433425122834,0.021715116279278315,156.24999999181446,0.0,0.0,0.0,0.0
ab3ced07:001,ab3ced07,1244,486744.2515844919,19.477168810289225,19.780634826401396,1.8189894035458565e-12,truth_strong,partial_recovery,1.2129422778311345,-0.007759999999998405,0.47786053656462,True,False,True,-0.0006322033007644576,0.0018439654679883821,0.0018439654679883821,0.03397909967853058,399.9999999869034,0.0,0.0,0.21784565916398713,16.76823440760166
ab6fe95d:000,ab6fe95d,521,105100.48657750146,-13.961650671785137,14.203111671279496,-9.094947017729282e-13,truth_strong,partial_recovery,-2.3544178528180986,-0.014699999999997103,-2.7415693217332864,True,True,True,0.008394960706012379,0.010270801040424693,0.0013351288900147944,0.04035377358493681,506.24999997135103,0.18618042226487524,0.19769673704414586,0.2072936660268714,6.682543601553429
ab6fe95d:001,ab6fe95d,782,131310.89885725352,-12.846859974424728,12.958269578027998,0.019999999999527,near_tie,partial_recovery,-2.100120659617687,-0.013159999999999863,1.2271248870009193,True,True,False,-0.0027240450647971607,0.0004013173703294418,0.0004013173703294418,0.020664961637034924,156.24999999727157,0.0,0.0,0.06010230179028133,2.9081439747501037
ab94878e:000,ab94878e,497,64007.64142175172,-11.340435613682246,11.348480555076842,-0.0100000000002182,truth_strong,not_better,-2.4725950954521823,-0.01583999999999652,-3.502299292553693,True,True,True,0.014419576353812948,0.0008343525371570346,0.0008343525371570346,0.03888430583499319,495.0624999841345,0.0,0.0,0.02012072434607646,0.47212896314287506
ab94878e:001,ab94878e,722,102433.48153775134,-11.899993767313097,11.911113640992207,-0.0300000000006548,near_tie,partial_recovery,-0.1134714786038675,-0.009840000000003792,-3.5358130401115213,True,True,True,-0.0013911599287568675,0.002653032471578732,0.0005850543902146271,0.013718055555581445,0.5625000007312286,0.002770083102493075,0.002770083102493075,0.10249307479224377,3.4937543272572755
ab94878e:002,ab94878e,147,17125.303303750436,-10.786316326530748,10.793454587400417,-0.0299999999988358,truth_strong,partial_recovery,-0.43967212704261593,-0.009000000000000008,-3.6848966228492133,True,True,True,-0.0010547538320344932,0.0003093764658891431,0.0003093764658891431,0.02077210884351395,138.06250001077194,0.0,0.0,0.0,0.0
ab94878e:003,ab94878e,145,16563.34660425083,-10.684679310345093,10.687842466140683,-0.0399999999990541,truth_strong,partial_recovery,0.31768949647311373,-0.009299999999999281,-2.664264331600603,False,True,True,0.001774283028861889,0.007613690954449496,0.00028244732760072656,0.00985416666671234,0.5624999993669866,0.006896551724137931,0.006896551724137931,0.006896551724137931,0.0472128963142875
abf460d2:000,abf460d2,2275,1215252.3734295152,-22.70189934065949,23.11226660112645,0.0099999999983992,candidate_strong,large_recovery,-2.17992510077029,-0.007040000000000879,-2.2517199520787137,True,True,True,-0.006071204834103482,0.0011402635729847682,0.0011402635729847682,0.02324835164858007,156.25000000545705,0.0,0.0,0.13758241758241757,19.367001363761325
ac6f01d5:000,ac6f01d5,263,35265.90879549947,11.550083650190032,11.57976286318846,-1.8189894035458565e-12,near_tie,not_better,2.3458217706061633,0.005500000000000004,4.120125955327426,True,True,True,0.0007193211970003297,0.00045773605606299456,0.00045773605606299456,0.03047528517119617,399.9999999723512,0.0,0.0,0.0,0.0
ac6f01d5:001,ac6f01d5,154,21986.85670024992,11.92206168831166,11.948715276332832,0.0099999999983992,truth_strong,not_better,0.09992333939056548,0.0051800000000002955,0.4553042351312351,True,True,True,0.006519094642586098,0.0022769059061005354,0.0022769059061005354,0.018831168831565232,156.25000000818542,0.0,0.0,0.36363636363636365,3.465022608212889
ad2133a8:000,ad2133a8,912,114562.24234300258,-11.197785087719424,11.207876417821172,0.0299999999970168,candidate_strong,not_better,0.5703523838117837,-0.006880000000001024,0.8262797355228434,False,True,False,0.0030969276593377695,0.0002516932661850132,0.0002516932661850132,0.017850877193092397,156.24999999181446,0.0,0.0,0.0,0.0
ad2133a8:001,ad2133a8,1010,1142230.7773152578,-32.05088267326744,33.62917723790273,0.0499999999992724,near_tie,large_recovery,-4.49234386551102,-0.013479999999995936,-3.950937503114753,True,True,True,-0.023580026810613493,0.002848300613248297,0.002848300613248297,0.04165841584158285,400.00000001891726,0.0,0.0,0.4782178217821782,29.885819995836172
add9c322:000,add9c322,3717,1766493.4471089768,21.14691444713464,21.80016269786097,-0.0400000000008731,truth_strong,partial_recovery,2.6076416452774582,-0.012499999999996373,3.316221878079797,True,False,True,-0.0009743752200181386,0.002587662840678646,0.0006982013863225733,0.02736312247649775,169.0000000117761,0.0005380683346785041,0.0005380683346785041,0.0005380683346785041,0.0724060973280606
ae069086:000,ae069086,1100,238201.37364575468,-14.49319954545469,14.715525927207713,0.0100000000002182,candidate_strong,large_recovery,-4.046479142590565,-0.01545999999999914,-3.2403023439250074,True,True,True,0.00018401989088649178,0.0009429437355991743,0.0009429437355991743,0.01907272727304722,156.2499999881766,0.0,0.0,0.10818181818181818,7.36317304245239
ae35f33a:000,ae35f33a,406,107442.80244324736,15.753173645320006,16.26768097921446,-0.0100000000002182,near_tie,partial_recovery,1.2582860559645646,0.01365999999999259,3.0132164676967905,True,True,True,0.016507502459341197,0.005956647104122108,0.005956647104122108,0.026514778325230148,224.99999997708085,0.0,0.0,0.47783251231527096,12.003828321308937
aed44918:000,aed44918,2196,1208324.758287758,-23.09698474499098,23.45717291083741,-1.8189894035458565e-12,truth_strong,large_recovery,0.1620556121026455,-0.009459999999999134,-0.37068061832958565,False,True,True,0.00015302485401902518,0.0005248075292351356,0.0005248075292351356,0.02765027322419437,156.2500000118235,0.0,0.0,0.04143897996357013,5.630661738345944
aee6393a:000,aee6393a,5155,2571626.924280223,21.644463724539165,22.335189792369103,0.0100000000002182,truth_strong,large_recovery,0.2193663014658672,0.005959999999995493,0.21936630146586722,True,True,True,-0.00020111446351732965,0.0015611725030976026,0.0009170105811991332,0.026209946923660125,156.25000000545685,0.013191076624636276,0.01571290009699321,0.07662463627546072,24.440784468644488
aff4e561:000,aff4e561,1198,260383.76276849705,14.664492487479052,14.742751331930531,-0.0199999999986175,truth_strong,partial_recovery,2.8134563020271197,-0.0036800000000039323,1.2319661440602308,True,False,True,0.000533037049658189,0.0004822079307030328,0.0004822079307030328,0.02593071786316172,156.2500000000001,0.0,0.0,0.0,0.0
b0d42b0d:000,b0d42b0d,4453,2590269.082861281,-23.46915573770508,24.1182667054497,0.0300000000006548,near_tie,partial_recovery,-2.877499468732404,-0.01928000000000249,-3.1678538964571423,True,True,True,0.00015189604377073348,0.0011939985745863066,0.0011939985745863066,0.024282506175864162,156.2500000090951,0.0,0.0,0.12890186391196945,35.516481734182115
b0f53bf4:000,b0f53bf4,453,79166.88352025255,-13.132204194260696,13.219732685432342,0.0199999999986175,near_tie,large_recovery,-3.307843695818244,-0.01174000000000161,-3.433503687205466,True,True,True,-0.004328736556550169,0.0002178108205974285,0.0002178108205974285,0.014602649007066943,156.24999998635775,0.0,0.0,0.0,0.0
b19b0395:000,b19b0395,4562,18204744.716274902,61.29535423060045,63.170549710950176,-0.0200000000004365,candidate_strong,large_recovery,-3.2910155155362464,0.005459999999999131,-1.3811522289611902,False,True,False,0.001495528535978011,0.0005042647368867142,0.0005042647368867142,0.023101709776629262,156.24999999999994,0.0,0.0,0.028277071459886016,7.981927079633262
b1efb8a4:000,b1efb8a4,1503,281181.388181506,-13.6031064537593,13.677722712150942,1.8189894035458565e-12,truth_strong,not_better,-3.924811509121472,-0.009279999999998845,-5.600236875640867,True,True,True,0.0010265214821945892,0.000939390489949208,0.000939390489949208,0.020029940120021503,156.24999999181446,0.0,0.0,0.0332667997338656,3.0937701859043654
b32902c0:000,b32902c0,1673,625724.7461357568,-18.418235206216487,19.339431119259714,-0.0199999999949795,truth_strong,large_recovery,0.43686673934473325,-0.007559999999997678,-2.075759816372375,False,True,True,-0.005933870387763923,0.005120954606384772,0.001542077163983875,0.025572139303671405,156.2500000118235,0.038852361028093245,0.038852361028093245,0.16497310221159595,17.077611426192096
b3388334:000,b3388334,251,35862.12951624901,11.892790836653228,11.95311716770552,-0.110000000000582,truth_strong,not_better,6.052206741322471,0.011619999999995353,3.438225253756725,True,True,True,0.005362181405481553,0.0008945628329915098,0.0008945628329915098,0.0333864541843966,400.0000000000002,0.0,0.0,0.3426294820717131,5.321284719563816
b3388334:001,b3388334,377,41400.289929251325,-10.476505305039955,10.479269662077316,-1.8189894035458565e-12,near_tie,not_better,-4.073934274353363,-0.014959999999999137,-5.060793944861686,True,True,True,0.00010485224429398832,0.0006912104598736077,0.0006912104598736077,0.014893899204908382,4.1934086268988993e-19,0.0,0.0,0.07427055702917772,1.7325113040440334
b3388334:002,b3388334,890,231072.5955557529,-14.935725280899002,16.113104289302065,0.0,truth_strong,not_better,0.30566205524144013,-0.01635999999999696,-4.854007032881356,False,True,True,-0.012006500847784509,0.010284611903583566,0.009581142113378292,0.017121729238699902,100.0000000138244,0.012359550561797753,0.06741573033707865,0.49213483146067416,27.101426827545946
b4d8dd4f:000,b4d8dd4f,1339,2945414.037269518,-42.80310679611669,46.90108477425528,-0.0100000000002182,candidate_strong,partial_recovery,-0.3582982923949549,-0.008740000000001608,-2.7827083747053836,True,True,True,-0.0040408641496819985,0.006382323741561722,0.002514267447154827,0.02923990498828165,225.00000001091377,0.05675877520537715,0.05750560119492158,0.13368185212845407,11.075697265537627
b7cdcecb:000,b7cdcecb,590,98189.4212284964,12.82796949152519,12.900494093053537,0.0,near_tie,partial_recovery,1.177315823601586,0.007520000000000443,-0.08198784212661758,True,True,False,-0.005624655368901429,0.0026234674420289117,0.0011596971636166694,0.03488964346354292,399.99999998108257,0.001694915254237288,0.001694915254237288,0.12203389830508475,4.455029067702286
b7fea9ef:000,b7fea9ef,581,77657.97630049805,11.551006884681437,11.561254681544234,-0.0200000000004365,truth_strong,not_better,2.6964281390774993,0.015100000000002195,5.7354831426645925,True,True,True,0.0032169088240773932,0.000826885723803402,0.000826885723803402,0.015043029260343309,156.24999998635775,0.0,0.0,0.10671256454388985,3.8362750305214126
b85f7b06:000,b85f7b06,200,21852.57324324944,10.450357499999864,10.452887936654022,0.0099999999983992,truth_strong,large_recovery,0.8547372483671546,0.011260000000002044,2.074689335502381,True,True,True,-0.002534874257090822,0.00030360788595665966,0.00030360788595665966,0.018400000000327054,156.2499999872672,0.0,0.0,0.0,0.0
b85f7b06:001,b85f7b06,159,16915.13613499925,10.31182389937084,10.314286402544091,0.0100000000002182,truth_strong,large_recovery,-0.4125755602431768,0.010220000000001173,0.8215469073231112,False,True,True,-0.005102550140576047,0.0004935376608063323,0.0004935376608063323,0.029496855345952668,156.2500000090951,0.0,0.0,0.0,0.0
b85f7b06:002,b85f7b06,2151,377483.391386743,13.17898628544851,13.247341099439597,0.0100000000002182,candidate_strong,large_recovery,-0.6800355345447172,0.009700000000000734,-0.6990429397693516,False,True,False,-0.0018508323388281706,0.0003383423876915573,0.0003383423876915573,0.019451417945431513,156.24999999090497,0.0,0.0,0.013482101348210134,1.794386707824532
b8c49c1a:000,b8c49c1a,3269,3788446.300034027,-32.932699602324995,34.04263023033165,0.0499999999992724,truth_strong,large_recovery,-1.5755116215198675,0.0019200000000018935,-2.81256783198877,True,False,True,-0.004291218254795824,0.0004360885679139583,0.0004360885679139583,0.026700825940787962,156.2500000118235,0.0,0.0,0.0,0.0
b95e7121:000,b95e7121,466,60374.41203749808,11.356607296137156,11.382390966523806,0.0299999999988358,truth_strong,large_recovery,0.46157861352609697,0.01122000000000481,-2.6119432273100207,True,True,False,-0.0007734087954240445,0.0005739798532809382,0.0005739798532809382,0.019369098712381662,121.00000002413074,0.0,0.0,0.0,0.0
b95e7121:001,b95e7121,155,16518.59818449961,10.322032258064391,10.323352226400107,0.0299999999970168,near_tie,large_recovery,-0.007312210049038519,0.013240000000001612,-2.8261075249994994,False,True,False,0.0018381446201415754,0.0004294094704871172,0.0004294094704871172,0.01676129032228895,120.99999999551811,0.0,0.0,0.0,0.0
b95e7121:002,b95e7121,2263,1085129.2960944877,21.675342465753303,21.89769827203578,0.0200000000004365,truth_strong,large_recovery,-1.0142869905236198,0.013979999999999574,-4.16161730702574,False,True,False,0.001360038187262649,0.0006803753298528684,0.0005592148763291866,0.01914500442060262,120.99999999551811,0.0004418912947414936,0.0004418912947414936,0.002209456473707468,0.18101524332888366
b977be4a:000,b977be4a,3677,3022368.8181162253,28.046334375849757,28.669948647146743,-0.0199999999967985,truth_strong,partial_recovery,3.1016249584741176,0.013039999999997245,7.020394910194672,True,True,True,0.003598485264276454,0.0016109809645340782,0.0014183956817884545,0.024326530612400254,156.25000000636655,0.0005439216752787598,0.0005439216752787598,0.25265161816698395,57.482250054103105
bb337fa0:000,bb337fa0,544,90478.5240622484,12.829475183823414,12.896542803825287,-0.0400000000026921,truth_strong,partial_recovery,5.186518225297556,0.0010799999999981094,4.853713435763758,True,True,True,-0.005249205309717266,0.0008680721353108351,0.0008680721353108351,0.040643382352956156,506.24999999017757,0.0,0.0,0.08272058823529412,2.7843931673139286
bb337fa0:001,bb337fa0,779,598033.0197445026,-26.553706033376187,27.70727741499709,0.0199999999986175,truth_strong,not_better,0.12338435558704924,-0.014720000000001175,10.901774389201925,False,True,False,-0.014804311570564539,0.004596182590419382,0.004596182590419382,0.031688061617527394,399.99999997380667,0.0,0.0,0.43645699614890887,21.037637264149684
bb682ebd:000,bb682ebd,3809,6810066.996469044,-40.76593410343937,42.2834296294783,0.0,candidate_strong,large_recovery,-0.006652770589205611,-0.012600000000002193,-0.013964980638244145,True,True,True,-0.005467575779174619,0.004584430349147728,0.004034517772774349,0.03026002166859501,225.0000000043657,0.030716723549488054,0.044106064583880285,0.34812286689419797,82.04678533018378
bc4381e2:000,bc4381e2,426,50943.98930025216,-10.92505985915516,10.935576315097205,-0.0200000000022555,near_tie,not_better,-1.0492653860652714,-0.012060000000004957,-1.7546574836658642,True,True,True,0.0005873187708142833,0.00039042066748539946,0.00039042066748539946,0.016660798122131015,115.56250003805225,0.0,0.0,0.0,0.0
bc4381e2:001,bc4381e2,190,20835.635299000824,-10.468452631579154,10.471926203702631,-0.0300000000024738,near_tie,not_better,0.06580989043870247,-0.009700000000000734,-1.4825230571531869,False,True,True,0.0007790374713925799,0.000625178725101773,0.000625178725101773,0.02396315789506208,169.00000000056752,0.0,0.0,0.0,0.0
bc4381e2:002,bc4381e2,367,51182.1049015014,-11.75349046321543,11.809351222584962,-0.0400000000026921,near_tie,not_better,-0.444742458753741,-0.008139999999999425,-1.1901246917905564,True,True,True,0.007838160752449823,0.0004809861331537025,0.0004809861331537025,0.029535422344106055,150.0625000186727,0.0,0.0,0.0027247956403269754,0.04721289631199504
bc4381e2:003,bc4381e2,488,59748.93960400222,-11.054893442623158,11.06509609752873,-0.0599999999994906,candidate_strong,not_better,-3.358423894923077,-0.0052999999999992775,-5.036019300574771,True,True,True,0.0002443729090942216,0.0006220429620082718,0.0006220429620082718,0.02665471311508767,162.56250000654023,0.0,0.0,0.0,0.0
bcebcc5f:000,bcebcc5f,150,18479.426055750744,-11.085296666666885,11.099377176445756,0.0,truth_strong,not_better,-3.3837659551656127,0.0053999999999978215,-4.092951707226531,True,False,True,0.0016353787628317399,0.001219948471235467,0.001219948471235467,0.04196666666668559,506.24999999999966,0.0,0.0,0.16,1.4850096892340954
bcebcc5f:001,bcebcc5f,307,37301.30276325118,-11.015701954397564,11.022822454526352,0.0,truth_strong,not_better,-3.791225763317728,0.0048400000000037875,-4.11773924995886,True,False,True,-0.003860427310299296,0.00019968900525464372,0.00019968900525464372,0.01397394136853369,4.777822077280137e-19,0.0,0.0,0.0,0.0
bd2c2f34:000,bd2c2f34,1035,279810.09586475586,-16.152970531401138,16.44226014603555,0.0199999999986175,near_tie,not_better,-0.6533467551583301,-0.006740000000001606,-2.3055603524330825,True,True,True,-0.0011015200438009639,0.0005525138484901994,0.0005525138484901994,0.03101449275373933,399.9999999723515,0.0,0.0,0.03961352657004831,2.5368915524415794
be063506:000,be063506,729,149799.63990600317,-14.27405624142676,14.33479942286712,0.0,near_tie,large_recovery,-1.0009156531304515,-0.007579999999994477,-1.3418198796974545,True,True,True,-0.007808008983641223,0.000478806244370229,0.000478806244370229,0.029499314129060636,156.2500000172802,0.0,0.0,0.0,0.0
beda8696:000,beda8696,1155,286388.6306262562,-15.408555411255575,15.746603581462796,0.0099999999983992,truth_strong,partial_recovery,-2.847038058091877,-0.009439999999998698,-4.043639982783761,True,True,True,0.002422331269895985,0.0007257278331203364,0.0007257278331203364,0.02993939393946928,156.2500000400176,0.0,0.0,0.03636363636363636,2.598766956159667
bf39bc20:000,bf39bc20,380,52353.90151650179,-11.710442105263356,11.737692492284236,0.0100000000002182,near_tie,not_better,-3.7006773936930877,0.0032999999999992753,-5.626461222328157,True,False,True,0.00046471002358658626,0.00048583115502746536,0.00048583115502746536,0.033171052631669896,399.9999999956345,0.0,0.0,0.0,0.0
bf70b410:000,bf70b410,1924,1685253.4644727348,28.94129755717241,29.59579977076254,-0.0499999999992724,truth_strong,not_better,2.839297388136894,0.0066599999999998605,3.8375129452264805,True,True,True,0.010419201836394562,0.0006459582492405819,0.0006459582492405819,0.03035343035345456,399.99999993378884,0.0,0.0,0.006756756756756757,0.804380248335135
c03b9305:000,c03b9305,259,29074.441097500643,-10.592030888031005,10.59511818404964,0.0099999999983992,truth_strong,not_better,-2.708437578491163,-0.015300000000002922,-4.937046680612964,True,True,True,0.0010920515266846123,0.0003926750997298117,0.0003926750997298117,0.020501930502110573,156.2499999881766,0.0,0.0,0.0694980694980695,1.1137572669255715
c03b9305:001,c03b9305,805,330518.75836275565,-19.521178260869743,20.26283071352969,-3.637978807091713e-12,near_tie,partial_recovery,0.3926172484767374,-0.01155999999999768,2.0313772703388695,False,True,False,-0.01661133594756474,0.0015618110628382075,0.0015618110628382075,0.031869565217523814,399.99999997380667,0.0,0.0,0.27701863354037265,13.79821502913347
c03fba65:000,c03fba65,192,25089.68027224933,11.399924479166517,11.431334921374315,-0.0599999999976716,near_tie,not_better,4.745206788904082,0.0038199999999997125,3.7606500721577727,True,True,True,0.006451413232578589,0.003143533500451037,0.003143533500451037,0.04361979166665227,506.2499999688955,0.0,0.0,0.28125,3.3412718007767146
c07fd0cd:000,c07fd0cd,2729,1166199.7817632332,19.912248625870124,20.672105372961813,-0.0100000000020372,candidate_strong,large_recovery,1.3608211929597949,0.01174000000000161,2.593709039453425,True,True,True,-0.0033631420073214208,0.0011707005004639006,0.00045511657460053435,0.02371989625806288,156.25000000272848,0.010993037742762916,0.010993037742762916,0.06156101135947233,10.39506782463867
c1708b88:000,c1708b88,4195,3019495.871213467,26.555112514898543,26.828799351881557,-0.0700000000015279,candidate_strong,partial_recovery,3.3892847743274075,0.021399999999994194,2.5209843230540008,True,True,True,-0.004734832721639718,0.0012414729395796866,0.0012414729395796866,0.027351609058568746,156.2500000090951,0.0,0.0,0.09463647199046483,24.56453527608066
c1d046f4:000,c1d046f4,1526,1697391.0340947348,32.41020150720823,33.35137050965134,0.0,truth_strong,large_recovery,-0.051185470341947543,0.010560000000001317,0.0,False,True,False,0.00877991614404721,0.0015803679193353885,0.0005258298365320824,0.029319973718917227,156.25000003183246,0.002621231979030144,0.002621231979030144,0.02948885976408912,2.7843931673139286
c2717d4f:000,c2717d4f,1067,152136.70045300317,-11.868641986879222,11.940837462251515,-0.0099999999983992,truth_strong,partial_recovery,-0.6654111144479622,-0.010719999999997534,-3.0697358297081694,True,True,True,0.00125931959566534,0.00032688236270287107,0.00032688236270287107,0.022188378631896287,156.24999999090514,0.0,0.0,0.006560449859418931,0.43312782602661115
c2717d4f:001,c2717d4f,249,38756.48972950053,-12.374979919678806,12.475918929302331,-0.0299999999988358,truth_strong,large_recovery,-2.723116925181994,-0.00527999999999884,-4.475344005778711,True,True,True,-0.0238816373998011,0.0007528126445173738,0.0007528126445173738,0.04670682730924074,506.2500000311048,0.0,0.0,0.0,0.0
c2c4db09:000,c2c4db09,533,90255.13336199758,12.92593808630376,13.012847841050377,-0.0199999999986175,truth_strong,large_recovery,-2.6156698589321623,0.017399999999997834,-7.791595877843594,False,True,False,-0.0006982881715543802,0.0017063253583181604,0.0008170813055670767,0.02608082706778351,156.25000001091394,0.001876172607879925,0.001876172607879925,0.1350844277673546,4.455029067702286
c3957531:000,c3957531,947,436777.6133275062,-20.94627771911314,21.476089042398492,0.0100000000020372,candidate_strong,large_recovery,-4.700375530515016,-0.006679999999996659,-2.7559631539798595,True,True,True,0.015841494613012035,0.0011154347918621071,0.0011154347918621071,0.04435058078141332,506.25000004092743,0.0,0.0,0.007391763463569166,0.43312782602661115
c42fe306:000,c42fe306,981,376347.9184457564,-19.32272426095837,19.586654177299337,0.0300000000006548,truth_strong,not_better,-1.5787039875426416,-0.014899999999997828,-0.0927703842166907,True,True,True,-0.0068138414603409175,0.0007419305059347359,0.0007419305059347359,0.022823649337664235,156.25000000818557,0.0,0.0,0.1162079510703364,7.053796023861953
c47e0767:000,c47e0767,544,118589.8578360022,-14.545948529411914,14.764689708847031,0.0100000000002182,truth_strong,not_better,-0.5921571260682474,-0.008080000000001752,-1.866367160010364,True,True,True,-0.008000915593688398,0.0004727435161788996,0.0004727435161788996,0.028134191176598454,156.25000001455186,0.0,0.0,0.0,0.0
c59b6c4a:000,c59b6c4a,1413,358133.4313027449,15.831657820240512,15.920303800769869,-0.0199999999986175,truth_strong,not_better,1.9681653308951994,0.0005599999999976718,2.8039216735996413,True,True,True,0.008598037859620381,0.0005426059642068408,0.0005426059642068408,0.0274133050248927,156.25000000545705,0.0,0.0,0.0,0.0
c66be2b8:000,c66be2b8,747,141088.99796475322,-13.666206827309392,13.743149587899632,-0.0199999999986175,candidate_strong,large_recovery,-1.4896342663870075,-0.010479999999999571,-0.4971520181195981,True,True,True,0.006648696311962095,0.004892626666513333,0.000580578750122718,0.030832214765261816,399.99999998108257,0.002677376171352075,0.002677376171352075,0.025435073627844713,1.1756326706436588
c66be2b8:001,c66be2b8,1192,1581713.5317140133,-34.640086409396126,36.42719975938878,-0.0100000000020372,candidate_strong,partial_recovery,1.394299772752298,-0.01161999999999899,1.1459484068741883,False,True,False,-0.004251819087631501,0.0005486472444912697,0.0005486472444912697,0.03156879194643892,399.9999999825375,0.0,0.0,0.0,0.0
c6797dd7:000,c6797dd7,2272,711609.6598447403,17.56912345950692,17.697696941815337,0.0100000000020372,truth_strong,large_recovery,2.4149453830377903,0.0073400000000037905,3.3460407568536343,True,True,True,0.0028091127763326005,0.0002325278004895842,0.0002325278004895842,0.016958626760836294,156.24999999181463,0.0,0.0,0.0,0.0
c70c0e01:000,c70c0e01,768,157013.67053199525,14.191109374999774,14.298422413161603,-0.0599999999994906,candidate_strong,not_better,4.8293550487862955,0.02330000000000293,2.809950545926234,True,True,True,-0.0027536261812593156,0.0014889210063647722,0.0011932869595484385,0.02094488188995771,156.24999999363348,0.0078125,0.018229166666666668,0.07552083333333333,3.5887734156490634
c84c65be:000,c84c65be,333,42220.933644500656,-11.244381381381473,11.260088388819424,0.0100000000002182,near_tie,not_better,-3.3474456469803937,-0.008840000000000153,-7.877790464893963,True,True,True,-0.0030809720954159733,0.0007412695886924753,0.0007412695886924753,0.03390390390399152,399.9999999854482,0.0,0.0,0.10510510510510511,2.1656391301330555
c84c65be:001,c84c65be,2764,541246.032063009,-13.911102749638326,13.99356416138719,0.0400000000008731,near_tie,partial_recovery,-1.7441271996787933,-0.017060000000004964,-2.411158836976031,True,True,True,0.0003033750166096038,0.0021593069099720484,0.0008003536581083659,0.024252441773385307,156.25000000545705,0.03690303907380608,0.04015918958031838,0.11034732272069464,18.87199813401663
c84c65be:002,c84c65be,239,30469.122599249757,11.267027196652672,11.290964025100235,-0.0099999999997635,near_tie,not_better,2.495833208099843,-0.0032799999999988385,4.266398726579842,True,False,True,0.0008049917844080131,0.002285321751373393,0.002285321751373393,0.03577405857741117,399.9999999723515,0.0,0.0,0.4393305439330544,6.496917390399165
c8d9680c:000,c8d9680c,5026,4625389.994256539,-29.74711659371283,30.33632274956682,-1.8189894035458565e-12,truth_strong,not_better,-1.165432609875015,-0.011740000000001609,-6.1353083408758575,True,True,True,-0.0007404564228254573,0.0005462190808914224,0.0005462190808914224,0.027369677676227003,156.25000001091394,0.0,0.0,0.054715479506565856,17.01573602247401
c908edd0:000,c908edd0,155,16640.765307500606,-10.36048387096793,10.36145627686684,0.0199999999986175,near_tie,not_better,-0.32904945219880083,-0.008919999999998261,7.101593877060514,True,True,False,-0.0007076332305435851,0.00015210200525930071,0.00015210200525930071,0.013387096774616025,156.2499999854482,0.0,0.0,0.0,0.0
c9578d27:000,c9578d27,3012,6998208.661790541,-46.339353253652206,48.20210006621778,0.0399999999972351,truth_strong,large_recovery,-1.4377815545005892,-0.015320000000003359,-3.082117896784769,True,True,True,0.0015967390754296382,0.0014581631623550614,0.0014581631623550614,0.0393260292165074,400.00000001309695,0.0,0.0,0.199535192563081,37.18711763457048
c99f9fae:000,c99f9fae,1237,218155.6823402438,12.977035974130777,13.280010395465556,-0.0099999999983992,candidate_strong,partial_recovery,2.9602272036656547,0.011779999999998847,2.6968682230067897,True,True,True,0.0007867280005848705,0.004566118105380714,0.0002944589105293056,0.015267782427214069,4.777822077280137e-19,0.03395311236863379,0.03395311236863379,0.038803556992724336,2.9700193784681908
c9e6734f:000,c9e6734f,1335,195290.63589175555,-12.081844569288563,12.094838590000652,0.0399999999990541,candidate_strong,not_better,-2.4065287549674323,0.0010599999999976726,-1.9481102021383954,True,False,True,0.0022033620693914023,0.0004364424328796372,0.0004364424328796372,0.026179775280961604,156.25000000272848,0.0,0.0,0.0,0.0
c9e980e8:000,c9e980e8,3858,633056.6131185145,-12.745859771902689,12.809735527792697,0.0499999999992724,truth_strong,partial_recovery,-0.24861514166202128,0.007559999999997678,-0.9129711529743016,True,False,True,0.0015967340534230295,0.0008131708699505721,0.0005580213739547286,0.015583507306985536,120.9999999897155,0.00673924313115604,0.00829445308449974,0.008812856402280975,1.23090365457703
cb34231f:000,cb34231f,1140,138335.3944842468,11.001696052631452,11.015754048946588,-0.0599999999994906,truth_strong,large_recovery,2.993336473076224,0.017079999999998124,0.33736776096445364,True,True,True,7.006856227896377e-05,0.00042392838481303095,0.00042392838481303095,0.014315789474117576,156.24999996543923,0.0,0.0,0.08947368421052632,6.311291179244905
cb879f40:000,cb879f40,457,46995.43224674715,10.140445295404506,10.140741780854473,-0.0100000000002182,near_tie,partial_recovery,0.8898475317994939,-0.008020000000000443,2.4504817051893024,True,False,True,-0.002524898076395293,0.0001251742568202196,0.0001251742568202196,0.009934354486284689,3.3881253266717473e-19,0.0,0.0,0.0,0.0
cb879f40:001,cb879f40,730,125458.05410949772,13.014026027397144,13.109551788493851,-0.0099999999983992,truth_strong,partial_recovery,-0.7132993874894955,-0.008919999999994623,0.9474636324195123,False,False,True,-0.0036121041856863757,0.0008983524737101989,0.0008983524737101989,0.03140410958909612,399.99999997380667,0.0,0.0,0.14931506849315068,6.744419005271517
cbb406b5:000,cbb406b5,730,124224.95959325288,-12.893888356164542,13.044967517207697,0.0699999999997089,near_tie,not_better,-3.8892784037844668,-0.013220000000001174,-3.6066751494847766,True,True,True,6.261091149531553e-05,0.0009084076924230218,0.0009084076924230218,0.03626027397266882,400.0000000101865,0.0,0.0,0.11917808219178082,5.383160123473596
cbe51de1:000,cbe51de1,999,298543.3855992542,-17.07529679679692,17.287053763642934,-0.0100000000020372,candidate_strong,not_better,-3.2803350926319688,0.012900000000001466,-1.0199540281129644,True,False,True,0.001274446111730107,0.009096782752787146,0.0010141406356068163,0.030200803212960547,225.0000000043657,0.003003003003003003,0.003003003003003003,0.2062062062062062,12.746333165925984
cbe62450:000,cbe62450,313,38770.68330625176,-11.11653194888204,11.129600072938468,0.0399999999990541,near_tie,partial_recovery,-3.2312189538406733,-0.015540000000000886,-2.804950346173504,True,True,True,0.0023665129000595446,0.0007998055824393314,0.0007998055824393314,0.02837060702882071,225.0000000043657,0.0,0.0,0.16293929712460065,3.155645589622453
cbe62450:001,cbe62450,3015,933737.5880515168,-17.141709452736475,17.59822081361678,0.0399999999990541,candidate_strong,not_better,-0.18367902215086543,-0.015540000000000886,-1.9653765816689355,True,True,True,-0.003445330904856544,0.0012827744517480801,0.0009781265314386535,0.030223954877358152,399.99999995852727,0.0003316749585406302,0.0003316749585406302,0.09154228855721393,17.0776114261921
cc08aa63:000,cc08aa63,427,51218.88688400162,-10.939948477751928,10.9521940616239,0.0099999999983992,truth_strong,not_better,-2.767382434174175,-0.009680000000003937,-6.565925493756412,True,True,True,-0.0013388653634759677,0.0004041200107063739,0.0004041200107063739,0.0268618266980775,156.25000000818557,0.0,0.0,0.0,0.0
cc08aa63:001,cc08aa63,342,40960.15856725113,-10.93400730994167,10.943790272034557,0.0100000000002182,near_tie,not_better,-1.0252185496452886,-0.01055999999999768,-5.75512621567025,True,True,True,0.00655760692893332,0.00039900812054099555,0.00039900812054099555,0.027046783625903535,156.25000001091394,0.0,0.0,0.0,0.0
cc08aa63:002,cc08aa63,231,24381.986964499854,-10.27164935064932,10.273739685189955,0.0200000000004365,near_tie,not_better,-0.08774652058714016,-0.013360000000000592,-1.6829999272816951,True,True,True,0.00038042601073209496,0.0001443583947279964,0.0001443583947279964,0.012510822511283009,3.3881253266717473e-19,0.0,0.0,0.004329004329004329,0.06187540371808731
ccedb12b:000,ccedb12b,1041,127736.1131770023,-11.039987512007782,11.077237921878725,-9.094947017729282e-13,truth_strong,partial_recovery,-1.1363524671912204,-0.010260000000002045,3.765915403956447,True,True,False,-0.0013520514407063483,0.00031214748520504496,0.00031214748520504496,0.019519692603568034,156.24999999181446,0.0,0.0,0.011527377521613832,0.7425048446170477
cd7f1687:000,cd7f1687,369,64402.3761472511,-13.095456639566514,13.2110629655943,0.0100000000002182,near_tie,large_recovery,-3.4110042100628877,-0.0149599999999955,-4.109734570851327,True,True,True,-0.007743701643191,0.001978412724134914,0.001978412724134914,0.024214092141062783,156.25000000636638,0.0,0.0,0.34959349593495936,7.981927079633262
ce55ba43:000,ce55ba43,139,14750.642035750354,-10.300003597122426,10.30144295115504,0.019999999997708,truth_strong,not_better,-3.96336206757075,-0.010860000000000593,-6.40464588489022,True,True,True,0.000831212472001793,0.002103289029081807,0.002103289029081807,0.016618705036292102,156.2499999881766,0.0,0.0,0.07913669064748201,0.6806294408989604
cf50c9d1:000,cf50c9d1,1135,147589.77329899644,11.33872951541836,11.40329086510477,-0.0200000000004365,truth_strong,not_better,4.043335630376875,-0.007480000000003209,4.542936351349128,True,False,True,0.005667601102181952,0.0004914929752598856,0.0004914929752598856,0.02312334801788879,156.25000000545705,0.0,0.0,0.07753303964757709,5.445035527191683
d00e7eb9:000,d00e7eb9,240,34332.91483749913,11.934820833333182,11.96051051681796,-0.0200000000004365,near_tie,large_recovery,3.744166752720238,0.00886000000000059,4.383428842390918,True,True,True,0.007027113595937686,0.0003242211238116925,0.0003242211238116925,0.027895833333511297,156.25000000818542,0.0,0.0,0.0,0.0
d085e611:000,d085e611,894,433361.62791549583,21.303059284116227,22.016915093651217,-0.0200000000004365,near_tie,large_recovery,-0.17549304117295822,0.01438000000000103,3.8649744854097796,False,True,True,0.013192556930675788,0.0015007113471502951,0.0015007113471502951,0.02834451901579717,156.250000014552,0.0,0.0,0.31096196868008946,17.201362233628274
d0a0e7b5:000,d0a0e7b5,481,65325.07629674787,11.611901247401056,11.653796352773128,0.0199999999986175,near_tie,large_recovery,1.381142859985113,-0.009320000000003353,2.7287497209817904,True,False,True,0.0013871883973276616,0.00029949944856622534,0.00029949944856622534,0.022494802494966167,156.25000000272848,0.0,0.0,0.014553014553014554,0.43312782602661115
d0cb63ae:000,d0cb63ae,2269,3275811.287883776,-36.53495879241973,37.9963771317225,0.0,truth_strong,partial_recovery,-2.9511115088456767,-0.017119999999998997,-1.5368890878906876,True,True,True,-0.006589156294487594,0.01785369443864277,0.007494121686772284,0.023427621860995212,100.0000000138244,0.10489202291758484,0.11106214191273689,0.5614808285588365,60.14922990440227
d1457cc5:000,d1457cc5,5333,3939654.252838533,-26.611746296643656,27.17961263734584,0.0200000000004365,truth_strong,large_recovery,-2.220731458509662,-0.011279999999998843,-1.0515277583956255,True,True,True,-0.002189092598071912,0.002286871008382811,0.0008182442599730896,0.029049361861966508,156.25000002000894,0.0009375585974123383,0.0009375585974123383,0.04650290643165198,15.345100122085652
d1ecf309:000,d1ecf309,149,15036.77509599974,10.04577181208045,10.045792834038924,-1.8189894035458565e-12,near_tie,large_recovery,0.5337913335665909,-0.007520000000004081,1.7500536657237267,True,False,True,-0.00019630094090491255,4.575236201657592e-05,4.575236201657592e-05,0.004026845638245567,1.0720297089428566e-19,0.0,0.0,0.0,0.0
d1ee630d:000,d1ee630d,2080,710161.1577287391,18.333957451922934,18.477652273041407,-0.0099999999983992,truth_strong,large_recovery,0.38424575016079665,0.012939999999995063,-4.877247550191978,True,True,False,0.002727644306076839,0.0008442593777971368,0.0008442593777971368,0.023014423077211944,156.25000000636655,0.0,0.0,0.11442307692307692,14.72634608490478
d217e0c5:000,d217e0c5,2925,954994.6105049824,17.670047179487014,18.06914175973301,0.0199999999986175,candidate_strong,large_recovery,1.338060927044011,0.006040000000000878,-0.7321475419536276,True,True,False,-0.002290342204966943,0.00035151416962777893,0.00035151416962777893,0.020217094017401623,156.24999999090497,0.0,0.0,0.005811965811965812,1.0518818632074842
d2f3b1ab:000,d2f3b1ab,1835,2019363.315599987,31.604539509536664,33.17333977332723,-0.0199999999986175,candidate_strong,large_recovery,1.523409498554958,0.010580000000001755,5.761498858202625,True,True,True,0.010231189699132014,0.0019100276042809657,0.0019100276042809657,0.02325340599476841,156.2500000090951,0.0,0.0,0.17493188010899183,19.862004593506025
d463e527:000,d463e527,3166,2088627.8175185272,-25.086358496525765,25.684734076848017,0.0300000000006548,candidate_strong,partial_recovery,-1.4310733909376638,-0.011239999999997972,-1.292141400009898,True,True,True,-0.00020345893426889866,0.0010042538467943496,0.0007747399755039995,0.03446761453408911,400.00000001309695,0.0003158559696778269,0.0003158559696778269,0.025900189513581806,5.073783104883159
d4f60a28:000,d4f60a28,433,59875.57062974807,11.730280600461704,11.759284143990008,-0.0300000000006548,near_tie,not_better,1.7591563981861604,0.010700000000000737,4.1292359340520886,True,True,True,0.0006085257728486394,0.0003701722584880061,0.0003701722584880061,0.032401847575181414,399.99999998253776,0.0,0.0,0.0023094688221709007,0.06187540371808731
d4f60a28:001,d4f60a28,384,58804.79595699899,12.32175520833323,12.374873311325311,-0.0400000000008731,near_tie,partial_recovery,3.1824160449173,0.013260000000002048,4.385854755766378,True,True,True,0.002948764013507176,0.0025055671702836958,0.0025055671702836958,0.032447916666773345,399.99999997380667,0.0,0.0,0.296875,7.053796023861953
d4f60a28:002,d4f60a28,512,67097.31834949869,11.438662109374889,11.447683167408355,-0.0399999999990541,near_tie,large_recovery,2.0059086501240815,0.013659999999996227,2.501424390852536,True,True,True,0.0001963369339801511,0.0003370456984652498,0.0003370456984652498,0.021406250000055707,156.24999999727157,0.0,0.0,0.0,0.0
d543916f:000,d543916f,1919,863259.6605695095,-20.58006930693081,21.20963702532333,0.0100000000002182,truth_strong,partial_recovery,-0.42410818283497953,0.012959999999999135,-2.624878007753658,True,False,True,7.269179541694508e-05,0.006853651392786903,0.001892586426827919,0.026107921928943213,156.25000000545685,0.09223553934340803,0.10891089108910891,0.18551328817092236,22.02764372363908
d60430e6:000,d60430e6,490,95372.82403300214,-13.89482653061241,13.95128726655293,-0.0300000000006548,truth_strong,large_recovery,-1.43591515551695,-0.001979999999995927,-3.683563970945117,True,True,True,-0.0029245776596211023,0.0007282786225643823,0.0007282786225643823,0.035724489795945835,399.9999999869034,0.0,0.0,0.006122448979591836,0.18562621115426192
d6c320d9:000,d6c320d9,4064,1815501.7979629696,20.85341067913368,21.13593633168099,-0.0100000000002182,candidate_strong,large_recovery,1.373962537828012,0.006080000000001751,1.097417434890897,True,True,True,-0.0007941673437115721,0.00033186299668094143,0.00033186299668094143,0.019815452756166398,156.24999999181463,0.0,0.0,0.005659448818897638,1.423134285516008
d7ba4f9d:000,d7ba4f9d,760,104675.32314150211,-11.700921052631696,11.735871861267135,-0.0399999999990541,candidate_strong,large_recovery,-2.102549322527145,0.01827999999999885,-4.850984993405158,True,False,True,-0.004968182269482557,0.0019588940397099216,0.0006870187880517464,0.024960474308395392,156.250000003638,0.0013157894736842105,0.0013157894736842105,0.11710526315789474,5.50691093090977
d7eb0be8:000,d7eb0be8,1998,685501.9915590087,-18.217056056056173,18.52279919098012,1.8189894035458565e-12,candidate_strong,not_better,-3.6549179772926896,-0.013280000000002484,-2.5149808887362006,True,True,True,0.004494564136485609,0.0012114459895631226,0.0012114459895631226,0.02572072072078558,156.25000000272848,0.0,0.0,0.08608608608608609,10.642569439511018
d84b621b:000,d84b621b,2035,468169.0626614913,15.04577542997529,15.167679698963989,0.0100000000002182,truth_strong,not_better,3.1945345976624187,-0.011260000000002046,5.351367187634672,True,False,True,0.0020291182044595932,0.0005514498988722645,0.0005514498988722645,0.025420147420320536,156.25000000818557,0.0,0.0,0.0343980343980344,4.331278260266112
d90aa14c:000,d90aa14c,1339,329280.0613894944,15.337093353248562,15.681674262796744,0.0099999999983992,near_tie,large_recovery,2.9478346581708115,-0.006420000000005536,3.933247669197358,True,False,True,0.002248598602151171,0.0006225762460807489,0.0006225762460807489,0.026206123973291792,156.25000000818557,0.0,0.0,0.03136669156086632,2.598766956159667
d90aa14c:001,d90aa14c,1164,288547.80428925634,-15.61855970790396,15.744627739454506,0.0250000000005456,candidate_strong,large_recovery,0.2632395617587762,-0.011180000000003937,0.5166568583939639,False,True,False,0.0015809531257403302,0.00020520833976668936,0.00020520833976668936,0.014196735395448228,156.24999997453418,0.0,0.0,0.0,0.0
d924e971:000,d924e971,1474,416931.1703394937,16.351521031207465,16.81835210910602,-3.637978807091713e-12,truth_strong,partial_recovery,-0.7942612495966699,-0.010219999999997533,-1.2726425151498648,False,False,False,-0.011614517929890916,0.006596239069353461,0.006007392766611705,0.02176310415266547,156.24999999090514,0.0033921302578018998,0.006105834464043419,0.37381275440976935,34.09334744866611
d9ae59b2:000,d9ae59b2,397,43684.53052824857,10.488028967254238,10.489833212535965,-0.0299999999979263,near_tie,large_recovery,3.062778815214167,0.016880000000001033,2.09377281254043,True,True,True,-0.001869111445449791,0.0006190235611497978,0.0006190235611497978,0.015340050378217526,156.2499999881766,0.0,0.0,0.05793450881612091,1.423134285516008
d9ae59b2:001,d9ae59b2,1115,556912.9625927436,20.946552017937076,22.34890397875896,0.0,truth_strong,large_recovery,1.517568980966843,0.011200000000000737,-0.47253635296408913,True,True,False,0.0004548497500755268,0.0011342354059261418,0.0008035734931236046,0.029663375224519648,156.250000014552,0.0008968609865470852,0.0008968609865470852,0.04394618834080718,3.0318947821862783
d9d6d94d:000,d9d6d94d,596,83053.21427950248,-11.759860738255211,11.804703751907804,0.0300000000024738,candidate_strong,not_better,-1.165469419493118,-0.012799999999995645,-2.4733446158396664,True,True,True,0.0024926350241030273,0.0030793553825372885,0.0006411057316695922,0.03406722689079886,399.99999997817207,0.0016778523489932886,0.0016778523489932886,0.06543624161073826,2.4131407450054043
d9d6d94d:001,d9d6d94d,220,49642.44421400101,-14.80627272727288,15.02156695221922,0.0200000000022555,truth_strong,partial_recovery,-2.318172325634222,-0.01010000000000219,-3.9722867600841645,True,True,True,-0.02620981533448118,0.006123550894718026,0.006123550894718026,0.03945454545453851,506.24999998526647,0.0,0.0,0.2863636363636364,3.8981504342395
da3bfe4e:000,da3bfe4e,1319,185393.36254774503,11.81682752084897,11.855631526788134,-0.0699999999997089,truth_strong,not_better,5.91855217159417,0.02250000000000002,2.841628439213496,True,True,True,-0.0009104055167900013,0.0003313698885650723,0.0003313698885650723,0.01820697498124036,156.24999999454312,0.0,0.0,0.002274450341167551,0.18562621115426192
da3cf798:000,da3cf798,182,21371.28514099941,10.828082417582264,10.836265206788957,0.0100000000002182,truth_strong,large_recovery,3.2020908460255475,-0.007439999999998695,3.4402367019707025,True,False,True,-0.00021915463625059168,0.0005657336130750393,0.0005657336130750393,0.03123626373640006,399.9999999825375,0.0,0.0,0.0,0.0
dbee6c86:000,dbee6c86,328,38970.57684000066,-10.885271341463506,10.900125424429511,-1.8189894035458565e-12,candidate_strong,partial_recovery,-0.627531185285712,-0.006580000000005389,-2.44166453746886,True,True,True,-0.0050502172083318345,0.00024441861142117426,0.00024441861142117426,0.018871951219814546,156.24999999181446,0.0,0.0,0.0,0.0
dc7da28f:000,dc7da28f,312,34750.131766251,-10.55225480769246,10.553607319581902,0.0100000000002182,truth_strong,not_better,1.1425071265606987,0.0026000000000021856,-2.0823920631072257,False,False,True,-0.0006816556267791357,0.00015782937453277947,0.00015782937453277947,0.013621794872119257,156.24999997999112,0.0,0.0,0.0,0.0
dd64382d:000,dd64382d,188,26590.25926650049,-11.84451063829798,11.892751964532692,-1.8189894035458565e-12,near_tie,not_better,-2.193749823256996,-0.012200000000004374,-3.5728261899039615,True,True,True,-0.012848799154404532,0.0008185381138401145,0.0008185381138401145,0.036489361702129984,399.99999997817207,0.0,0.0,0.047872340425531915,0.5568786334627858
dd6bc5b2:000,dd6bc5b2,1737,868622.4362237416,22.08535204375348,22.36225586061123,-0.0199999999986175,candidate_strong,partial_recovery,2.367442060808366,0.00936000000000059,1.860125563779135,True,True,True,0.0012381746882146082,0.0002921251716604161,0.0002921251716604161,0.013134715026314473,6.405757749641753e-19,0.0,0.0,0.018998272884283247,2.041888322696881
dd7d638e:000,dd7d638e,2103,377128.3381054896,13.351981930575182,13.391368077777814,0.0,truth_strong,large_recovery,1.2436616358677373,-0.008580000000001755,-2.3121723302514887,True,False,False,-0.004633420272840653,0.0003948625167630627,0.0003948625167630627,0.02493818354749355,156.25000000818557,0.0,0.0,0.0009510223490252021,0.12375080743617461
df73b8f3:000,df73b8f3,936,503388.6921299956,22.48689423076912,23.1906970952323,-0.0300000000006548,truth_strong,not_better,2.7336448319002464,0.016119999999998993,3.033981149905169,True,True,True,0.004528199136956202,0.008180295385678398,0.00672673622440884,0.035142857142867634,225.00000003165053,0.13995726495726496,0.15705128205128205,0.4775641025641026,27.658305461985027
df8290be:000,df8290be,3014,1834081.7371145207,-24.224092568016065,24.6682146746324,0.0299999999988358,truth_strong,large_recovery,-2.587208160200899,-0.00628000000000248,-3.4631365319636727,True,True,True,-0.004288126462739372,0.0020833643966766805,0.0016737464272070521,0.02786287625437133,156.2500000118235,0.007962840079628402,0.011612475116124751,0.047777040477770406,8.910058135404572
e0079ed1:000,e0079ed1,1720,666252.6603507401,18.864385174418448,19.68136676855389,-0.0200000000004365,candidate_strong,large_recovery,1.7063464218416646,0.010699999999997097,4.016733501035417,True,True,True,0.0044986093091691215,0.0003300673339965967,0.0003300673339965967,0.020270348837467055,156.24999999090497,0.0,0.0,0.007558139534883721,0.804380248335135
e03b45fd:000,e03b45fd,1070,578959.6314380062,-22.69745514018704,23.261207356865015,0.0099999999983992,candidate_strong,large_recovery,-2.316080636593229,-0.01501999999999681,-1.5834823767958048,True,True,True,0.006460310696339087,0.010714764731431068,0.004678464435700008,0.03721910112363359,506.2499999328793,0.001869158878504673,0.001869158878504673,0.21682242990654205,14.355093662596255
e0f36d98:000,e0f36d98,2938,1010338.7557114846,17.891576923076784,18.544178990785827,-0.0399999999990541,candidate_strong,partial_recovery,4.319757730302244,0.014999999999996377,3.480909562407719,True,True,True,-0.0014644795958235033,0.004218017757314714,0.0017507282044943715,0.016774854800410494,156.2499999827195,0.0037440435670524166,0.0040844111640571815,0.05445881552076242,9.90006459489397
e201fd6d:000,e201fd6d,388,53570.50185025132,-11.721877577319727,11.750246964968913,0.0200000000004365,candidate_strong,partial_recovery,-2.8885634391062776,-0.007779999999995206,-3.4638076991529476,True,True,True,0.01043768045354627,0.000683225227332324,0.000683225227332324,0.028724226804220657,156.25000001091394,0.0,0.0,0.0,0.0
e2fc7745:000,e2fc7745,1507,998329.6030362376,25.298699734571837,25.738329031065167,-0.0100000000020372,candidate_strong,large_recovery,2.8266155992986497,-0.006740000000001607,2.552160215728093,True,False,True,0.0032029289926178953,0.000316769841180829,0.000316769841180829,0.021542800265675257,156.24999999181446,0.0,0.0,0.0,0.0
e32da4ec:000,e32da4ec,1752,422471.1268972424,15.419975171232734,15.528570055064536,0.0099999999983992,candidate_strong,large_recovery,1.3346933025658867,-0.0047000000000007305,1.7392201838422054,True,False,True,0.002602766552500711,0.001191780947178244,0.0006858623631254948,0.02500857142874547,156.25000000818557,0.001141552511415525,0.001141552511415525,0.07705479452054795,8.353179501941787
e3b34f5b:000,e3b34f5b,3214,2774601.0126619786,28.38650684505277,29.381728003426275,-0.0099999999983992,near_tie,large_recovery,0.041363205217145385,0.007380000000001025,1.9448799235507899,True,True,True,0.0018524340775855049,0.0007944550753187148,0.0006744158942610694,0.03495487083731194,399.99999999126896,0.00031113876789047915,0.00031113876789047915,0.026757934038581208,5.321284719755509
e46f4ef4:000,e46f4ef4,483,65444.39323349812,11.619960662525711,11.640259368441598,0.0299999999988358,candidate_strong,large_recovery,-1.0755578905692986,0.004860000000000586,-1.4849585551578734,False,True,False,0.0006129571854314888,0.0003157174389855221,0.0003157174389855221,0.021055900621276335,156.24999999727157,0.0,0.0,0.0,0.0
e46f4ef4:001,e46f4ef4,1176,282656.3606754942,15.172593537414809,15.50335603001645,0.0,candidate_strong,large_recovery,3.9993763750318783,0.0084000000000051,3.5048851997251558,True,True,True,0.0018093075397629629,0.0007878070617899654,0.0007878070617899654,0.03400085034019545,400.0000000000002,0.0,0.0,0.05782312925170068,4.207527452829937
e46f4ef4:002,e46f4ef4,883,178069.1010389964,14.113861834654449,14.20083663331376,0.0299999999988358,candidate_strong,large_recovery,0.0038580140788988353,0.002580000000001749,4.936135000481489,True,True,True,-0.0004657516833764012,0.0004657064780461364,0.0004657064780461364,0.030028312570825097,156.25000000818542,0.0,0.0,0.0,0.0
e46f4ef4:003,e46f4ef4,243,52094.1604897494,14.425672839506085,14.641695983549477,0.0399999999972351,truth_strong,large_recovery,3.3084459151421672,0.0010599999999976726,6.144107623247072,True,True,True,0.0296175694323431,0.0014789853126303259,0.0014789853126303259,0.04981481481481542,624.9999999945431,0.0,0.0,0.0,0.0
e4726608:000,e4726608,549,136405.52627975284,-15.509281420765186,15.76267098249158,0.0100000000020372,candidate_strong,large_recovery,-1.1787749606726705,-0.010819999999999717,-1.888059335412219,True,True,True,-0.0141152629903944,0.0007017570615837226,0.0007017570615837226,0.03663934426232026,399.9999999869034,0.0,0.0,0.030965391621129327,1.0518818632074842
e5864244:000,e5864244,578,78800.39994375137,-11.648265570934358,11.67616683141357,-0.0200000000004365,near_tie,not_better,-1.3524215713594625,0.004899999999997821,-2.817329204392431,True,False,True,-1.789901654474212e-05,0.00027047169189050446,0.00027047169189050446,0.021392733564131915,156.24999999181463,0.0,0.0,0.005190311418685121,0.18562621115426192
e730c32b:000,e730c32b,4001,4208958.791314787,-31.237762184454027,32.43419034988824,0.0200000000004365,candidate_strong,large_recovery,-1.8833234694663004,-0.011139999999999425,-1.940959818534553,True,True,True,-0.0012738006651167655,0.000374460779195892,0.000374460779195892,0.019803799050491035,156.2499999890861,0.0,0.0,0.06398400399900026,15.84010335183035
e7818f7a:000,e7818f7a,326,53979.882081498734,12.781211656441563,12.867884844553728,0.0,truth_strong,partial_recovery,1.387352193230419,0.010059999999997678,3.6870543033152074,True,True,True,0.0012766628332752774,0.0010856055411762374,0.0008588407538440181,0.038892307692355146,400.00000005529733,0.003067484662576687,0.003067484662576687,0.06748466257668712,1.3612588817979208
e7818f7a:001,e7818f7a,3595,3954855.2373662177,31.6583386648121,33.16773755154606,-2.7284841053187847e-12,candidate_strong,large_recovery,-1.0665650143418453,0.01156000000000132,-2.9669205730575374,False,True,False,-0.0008081228989071022,0.0031808081507612327,0.0010870115498019344,0.026319308999838528,156.2500000090951,0.0016689847009735744,0.0016689847009735744,0.14102920723226703,31.370829685070262
e7d0c1de:000,e7d0c1de,546,127723.57190474776,15.210140109889972,15.294638141175534,-0.0200000000004365,candidate_strong,partial_recovery,2.695358259122147,0.013779999999995211,2.2612710283179114,True,True,True,0.006053013327034991,0.0011474184187329928,0.0011474184187329928,0.0219505494507099,156.24999999090497,0.0,0.0,0.11538461538461539,3.8981504342395
e85074c5:000,e85074c5,361,63398.529879247726,13.161757617728297,13.252139311877402,1.8189894035458565e-12,truth_strong,large_recovery,1.855525421654319,0.0064799999999995694,2.0633298046207593,True,True,True,0.005846045600951618,0.001005171160983732,0.001005171160983732,0.018864265928251137,156.24999999181463,0.0,0.0,0.1523545706371191,3.403147204494802
e9949a23:000,e9949a23,294,60651.83155975164,-14.18776020408184,14.363103661878805,0.0200000000004365,near_tie,not_better,-1.5476586291039278,-0.013480000000003212,-1.9188299893811265,True,True,True,-0.01351288333158362,0.0008898297484963055,0.0008898297484963055,0.037806122448979594,399.99999997817207,0.0,0.0,0.1870748299319728,3.4031472044948017
ea0b99b7:000,ea0b99b7,184,20043.708521250403,-10.432644021739238,10.437106806249352,-9.094947017729282e-13,near_tie,not_better,-2.574638665560383,0.009080000000005391,-4.124799288797572,True,False,True,-0.002736297848646852,0.0005903557494684085,0.0005903557494684085,0.03239130434786523,399.99999998253776,0.0,0.0,0.010869565217391304,0.12375080743617461
ea3a0e38:000,ea3a0e38,492,69468.82193150204,-11.84917479674814,11.88262565865404,0.0099999999983992,truth_strong,partial_recovery,-3.574077294311232,0.004900000000001459,-4.071773899649536,True,False,True,-0.0004957100052178056,0.0005769098004779521,0.0005769098004779521,0.031961382113833564,156.250000014552,0.0,0.0,0.0,0.0
eafb863e:000,eafb863e,263,92924.19718425082,-18.21137072243355,18.79691314195905,0.0,truth_strong,not_better,-2.935136321861741,-0.006319999999999715,-4.188703078242483,True,True,True,-0.04113294056485473,0.0019097078800705905,0.0019097078800705905,0.04750950570342924,624.9999999326973,0.0,0.0,0.09505703422053231,1.5468850929521827
eb640a35:000,eb640a35,1707,362402.5978342575,-14.493865553602964,14.570648804404264,0.0200000000004365,near_tie,not_better,-3.534097946159069,0.0033600000000005847,-4.221248993757731,True,False,True,-5.254447503529952e-05,0.00043781693475175034,0.00043781693475175034,0.025966608084498077,156.2500000090951,0.0,0.0,0.0046865846514352666,0.49500322974469846
eb934281:000,eb934281,146,18016.212396499413,11.08771917808201,11.108497425147856,0.0,near_tie,not_better,1.624469930578885,-0.006880000000001024,1.0163111295030614,True,False,True,0.019778229790778493,0.0003653828897325188,0.0003653828897325188,0.04383561643834571,506.24999997380655,0.0,0.0,0.0,0.0
ebe69318:000,ebe69318,3943,5353964.67674972,32.40380484402726,36.848885937210135,0.0,candidate_strong,large_recovery,1.4334608716352322,0.004720000000001168,-0.5847798174095886,True,True,False,0.00037761612043640043,0.003744136418702936,0.0003017940336113094,0.01935610871243925,156.24999999454312,0.001521683996956632,0.001521683996956632,0.001521683996956632,0.37125242230852384
ec13af42:000,ec13af42,644,91082.4456529992,11.791141304347793,11.892534171756507,-0.0300000000006548,truth_strong,partial_recovery,3.4333416476994563,0.009440000000002335,4.557952131445102,True,True,True,0.0009335656130822936,0.0005169460577996975,0.0005169460577996975,0.02944875776420632,399.9999999869034,0.0,0.0,0.062111801242236024,2.4750161487234923
ec13af42:001,ec13af42,1928,385885.0121052422,13.919360217842176,14.147361162259768,-0.0200000000004365,candidate_strong,large_recovery,2.1705467710120345,0.007259999999998406,4.6051039666825195,True,True,True,0.0036031825839704192,0.0006262418938553481,0.000525976374521377,0.03111312921650401,399.9999999767168,0.0005186721991701245,0.0005186721991701245,0.0005186721991701245,0.06187540371808731
ecdab904:000,ecdab904,5684,2084130.8589975291,-18.297014602392824,19.14853078830662,0.0099999999983992,candidate_strong,not_better,-3.5547970409450897,-0.011639999999995789,-3.5044070830859995,True,True,True,-0.0015283782221437465,0.0008758286074972238,0.0008758286074972238,0.027726952850322405,224.99999997708085,0.0,0.0,0.11066150598170303,38.91962893867692
ecdaf714:000,ecdaf714,981,291411.1585317548,-17.017843527013405,17.235289596457502,-1.8189894035458565e-12,candidate_strong,not_better,-3.1774592895922376,-0.009880000000001027,-3.575747890217185,True,True,True,-0.005522504602624288,0.0007940755437918496,0.0007940755437918496,0.026187563710543836,156.25000001091394,0.0,0.0,0.08154943934760449,4.950032297446985
ed6e6e54:000,ed6e6e54,143,15644.464851750896,-10.45789160839191,10.459534029302937,-0.0099999999983992,candidate_strong,not_better,-4.5173095228930045,-0.009060000000001317,-12.13524484247225,True,True,True,0.0006767947097294333,0.0002739600304082747,0.0002739600304082747,0.018706293706569996,156.2499999890861,0.0,0.0,0.0,0.0
ed6e6e54:001,ed6e6e54,870,226071.09815199635,15.806436781609062,16.119920500930444,-0.0599999999994906,truth_strong,large_recovery,3.4656169031070476,0.003639999999999421,2.5287902242827687,True,True,True,7.297231507422994e-05,0.0003250693804739513,0.0003250693804739513,0.022448275862191825,156.24999999727157,0.0,0.0,0.0,0.0
edf885a3:000,edf885a3,1117,503570.7395889927,20.84391584601596,21.23262340966732,-1.8189894035458565e-12,candidate_strong,large_recovery,2.6292285815753553,-0.006920000000001899,1.8490688172934113,True,False,True,0.009203318682332134,0.0004730127083144884,0.0004730127083144884,0.02656222023288248,156.25000000545705,0.0,0.0,0.0,0.0
ee0300f7:000,ee0300f7,4266,3427351.8664702824,-27.48812365213329,28.344507875292493,0.0100000000002182,truth_strong,partial_recovery,-3.8263114435470715,0.00320000000000073,-3.9434147783994566,True,False,True,-0.0038494394642940547,0.00035692840268391096,0.00035692840268391096,0.022978199718884828,156.24999999727157,0.0,0.0,0.0,0.0
eeda36f5:000,eeda36f5,286,40475.493929750686,-11.866064685314786,11.89633162147388,0.0200000000004365,truth_strong,partial_recovery,-4.307578800958915,0.008240000000001607,-3.3802767572952694,True,False,True,0.0001030624260607837,0.0004911450226236284,0.0004911450226236284,0.03444055944067596,400.0000000174623,0.0,0.0,0.013986013986013986,0.24750161487234923
ef8e3ed0:000,ef8e3ed0,2620,1750088.596202487,25.473367175572424,25.84516872922617,0.0,truth_strong,large_recovery,4.466220836923256,-0.0020799999999981103,3.673226443650683,True,False,True,0.0029517926647178194,0.0005318756922293179,0.0005318756922293179,0.022759541984942996,156.25000000272848,0.0,0.0,0.06984732824427481,11.323198880409977
efde6ac3:000,efde6ac3,952,364008.7016802438,18.770265231092264,19.55408094482824,-1.8189894035458565e-12,candidate_strong,not_better,1.9499658257888783,0.011639999999999429,3.5329490335197877,True,True,True,0.007651836825087857,0.0024971673769238543,0.0007170645366479663,0.03356992639335784,400.000000008731,0.0010504201680672268,0.0010504201680672268,0.17542016806722688,10.33319242092058
f0188a48:000,f0188a48,406,55873.49294249767,11.700253694581043,11.731131264505915,0.0300000000024738,truth_strong,large_recovery,-0.19811400573219198,0.013219999999997536,-2.06300829356756,False,True,False,-0.023217863367053414,0.0009818526125054336,0.0009818526125054336,0.04433990147786843,528.9999999802534,0.0,0.0,0.0,0.0
f0188a48:001,f0188a48,2219,3677243.791915479,39.56677377196924,40.70826196388812,0.0500000000010913,truth_strong,large_recovery,1.45827160296446,0.008720000000001171,-13.031527432115126,True,True,False,0.002104705838658102,0.0010127577751942944,0.0009518886522522928,0.022935381835219138,144.00000000681032,0.0027039206849932404,0.015772870662460567,0.04281207751239297,3.4392896229169883
f021b650:000,f021b650,228,23489.362068249226,10.149866228070008,10.150050139935187,0.0050000000010186,near_tie,partial_recovery,1.2016348060619915,-0.013760000000002048,2.399987371556481,True,False,True,-0.00029268906001073174,0.00032018126731704643,0.00032018126731704643,0.020548245614248263,156.24999999090514,0.0,0.0,0.043859649122807015,0.6187540371808731
f021b650:001,f021b650,167,20261.75232174945,11.00202694610763,11.014892564799194,0.0199999999986175,near_tie,partial_recovery,-1.2870965178799798,-0.013679999999996662,0.5212450929828853,False,False,True,-0.0028228935641865702,0.006523699285957294,0.00035657096011468584,0.02151612903249841,156.25000000545705,0.0718562874251497,0.0718562874251497,0.11976047904191617,1.2375080743617461
f053a1b9:000,f053a1b9,300,39814.69078299909,11.498463333333202,11.520227252243346,0.0400000000008731,near_tie,not_better,1.9190808574285962,-0.007680000000000298,4.052350928438765,True,False,True,0.00019708455253214445,0.0005744516379126054,0.0005744516379126054,0.03601666666671954,399.9999999869034,0.0,0.0,0.0,0.0
f08774c3:000,f08774c3,261,64943.24727550068,-15.525218390804689,15.774178336920864,0.0200000000004365,near_tie,partial_recovery,-0.9375911457357653,-0.013360000000004231,-3.8455078173659425,True,True,True,-0.023401481725833485,0.001783610019643542,0.001783610019643542,0.04434865900384229,506.2499999754437,0.0,0.0,0.46360153256704983,7.486923849888563
f16e25e3:000,f16e25e3,443,49664.00840150186,-10.570311512415543,10.588124059978,0.0099999999965803,near_tie,large_recovery,-1.620421005137234,-0.009379999999997387,-1.759352996066322,True,True,True,0.009044613678164646,0.0006002110198930036,0.0006002110198930036,0.0369074492099313,400.0000000087312,0.0,0.0,0.0,0.0
f16e25e3:001,f16e25e3,1494,233086.34495575455,-12.403580655957285,12.490594720149309,-1.8189894035458565e-12,candidate_strong,large_recovery,0.014624420098077046,-0.008699999999997097,5.588457915800365,False,True,False,-0.0018739544092842932,0.000294446460911169,0.000294446460911169,0.018584337349703776,156.2499999890861,0.0,0.0,0.0,0.0
f2d4c8c9:000,f2d4c8c9,1682,2269311.4388757665,-35.41985107015472,36.73111022429103,0.0499999999992724,truth_strong,large_recovery,-1.5839472673551835,-0.014220000000001176,-1.6643815778919633,True,True,True,0.0032804217195057986,0.0002954825907023194,0.0002954825907023194,0.018599881094151175,156.24999999454283,0.0,0.0,0.01605231866825208,1.6706359003883573
f40cd091:000,f40cd091,605,73131.29091725254,-10.986091735537384,10.994460732813415,0.0100000000002182,near_tie,large_recovery,0.23399072156394427,-0.01231999999999972,-2.02235022574251,False,True,True,0.009785582225382224,0.0004826856865653954,0.0004826856865653954,0.02689256198367264,156.25000001637088,0.0,0.0,0.0,0.0
f40cd091:001,f40cd091,1569,808736.3484607617,-22.45247578075223,22.70345796305948,1.8189894035458565e-12,truth_strong,large_recovery,0.1290350843105084,-0.010820000000003355,4.376728571753272,False,True,False,-0.0033069682827655306,0.0022706043054081357,0.0022706043054081357,0.018712555768345757,156.2499999881766,0.0,0.0,0.2001274697259401,19.428876767479416
f49fdea3:000,f49fdea3,673,96550.32278124728,11.940601040118697,11.977586967788918,-1.8189894035458565e-12,candidate_strong,large_recovery,0.24130293161298277,-0.0037999999999992753,0.006146576324164155,True,False,True,0.00046193406172303917,0.0024998593900854046,0.00021339354277338576,0.014936406995644875,156.24999998271966,0.06537890044576523,0.06537890044576523,0.06537890044576523,2.7225177635958415
f5859199:000,f5859199,222,29940.35359150042,-11.585202702702787,11.61320186767505,0.0200000000004365,near_tie,not_better,-4.24083049389573,-0.017200000000000742,-3.7866567335068835,True,True,True,0.0017686762776928868,0.0033424910434902678,0.0033424910434902678,0.03641891891895235,399.9999999854482,0.0,0.0,0.34234234234234234,4.702530682574635
f5859199:001,f5859199,5025,2880758.486971039,-23.18394268656733,23.943376350026597,0.0200000000004365,truth_strong,partial_recovery,-0.6320737496022677,-0.017920000000001907,-3.1355197431785466,True,True,True,0.001138982444363536,0.0025861467829081494,0.00258277355440766,0.02765873015888409,224.99999997708085,0.02208955223880597,0.02427860696517413,0.2517412935323383,78.27238570338045
f631da6e:000,f631da6e,208,28343.972352748777,11.64718990384591,11.6734355632673,-0.0199999999986175,near_tie,not_better,4.182239242234526,-0.005139999999999423,3.8460688586190264,True,False,True,0.00018384734172713252,0.00239206723848327,0.00239206723848327,0.03444711538471683,400.0000000101865,0.0,0.0,0.2548076923076923,3.279396397058627
f6824bb0:000,f6824bb0,849,202335.58771675383,-15.37442579505315,15.437689173454688,-1.8189894035458565e-12,truth_strong,not_better,-2.1445594118142552,-0.009680000000003937,-2.166364154068111,True,True,True,-0.0001813531392478592,0.0004561877351910851,0.0004561877351910851,0.02729093050666478,156.25000003092293,0.0,0.0,0.02591283863368669,1.3612588817979208
f6bc699b:000,f6bc699b,204,23515.00353149948,10.733877450980271,10.736369272450032,-0.0199999999986175,near_tie,large_recovery,3.7318192698694403,0.013699999999993464,4.5932010913611965,True,True,True,0.00335250733764924,0.0042400204542312695,0.002446549740678451,0.026186868687018985,156.25000000818542,0.029411764705882353,0.029411764705882353,0.3480392156862745,4.393153663984198
f6d009f4:000,f6d009f4,2585,3787661.182481273,-37.2161352030949,38.27853321913754,0.0299999999988358,truth_strong,partial_recovery,-5.3734938588546886,-0.01992000000000191,-2.9379673380291336,True,True,True,0.002821954586593805,0.007524021170169154,0.002018884231445938,0.023959390863132004,156.250000003638,0.08549323017408124,0.09671179883945841,0.17988394584139264,28.772062728910594
f6d009f4:001,f6d009f4,1703,4510215.533408761,-48.64156694069299,51.462552635743855,0.0399999999972351,truth_strong,partial_recovery,-4.182932275953957,-0.022299999999999293,-2.5765114235507873,True,True,True,-0.02282197933316866,0.025144220413214152,0.016056789479896222,0.014595103578320159,25.00000000836738,0.3763945977686436,0.451556077510276,0.8761009982384028,92.31810234738626
f72b268f:000,f72b268f,204,22449.175727250546,-10.4869142156864,10.490232554865011,0.0399999999990541,near_tie,not_better,-1.0575008113568045,-0.0004799999999995639,-1.2474863847359021,True,True,True,0.00622791597322067,0.00042249716224798537,0.00042249716224798537,0.026519607843212164,156.2500000090951,0.0,0.0,0.0,0.0
f72b268f:001,f72b268f,291,32586.13450425061,-10.577963917525873,10.58205290372424,-1.8189894035458565e-12,truth_strong,not_better,1.0553906050842632,0.010579999999998117,0.03763289389919189,False,False,False,-0.0010255961095270315,0.00024167028119209013,0.00024167028119209013,0.01762886597972324,156.2499999881766,0.0,0.0,0.0,0.0
f8662c22:000,f8662c22,477,81949.93018250226,-13.061285115304162,13.107356279683648,-0.0099999999983992,truth_strong,not_better,-3.4310225254278723,0.007060000000001316,-6.605779918351535,True,False,True,-0.0010221487238742015,0.0007901677587074153,0.0007901677587074153,0.03081761006304089,156.25000003456083,0.0,0.0,0.031446540880503145,0.9281310557713096
f8662c22:001,f8662c22,1981,713881.4602070097,-18.523861181221736,18.98326078174209,0.0100000000002182,near_tie,not_better,-4.375789295015971,0.0021199999999989834,-3.2339480908268747,True,False,True,-0.0015083651073473868,0.004324220177245319,0.003246453505762749,0.035773508594574295,400.000000008731,0.001514386673397274,0.001514386673397274,0.20242301867743565,24.81203689095301
f8afa78a:000,f8afa78a,946,129936.61241125356,-11.70397621564498,11.719800037044228,0.0299999999988358,candidate_strong,not_better,-1.6180934911632492,0.0005599999999976722,-2.3414747344330165,True,False,True,0.0034297501830467605,0.00038210660551155914,0.00038210660551155914,0.02407505285433052,156.25000000818542,0.0,0.0,0.0010570824524312897,0.06187540371808731
f8afa78a:001,f8afa78a,1372,162535.59111200416,-10.87644241982521,10.884216750868498,-0.0100000000020372,truth_strong,not_better,0.34367387229687785,0.011099999999998552,3.2411492251416414,False,False,False,0.002930263389366434,0.0006471332040159792,0.0006471332040159792,0.014843294461044126,156.24999998635775,0.0,0.0,0.06341107871720117,5.383160123473595
f8afa78a:002,f8afa78a,994,112605.77261575278,-10.637104124748625,10.643565451902212,-0.0300000000006548,truth_strong,not_better,2.444321318583158,0.01374000000000161,7.396581886023956,False,False,False,-0.0037343608544662538,0.0003572446824581212,0.0003572446824581212,0.02391851106657451,156.25000000272848,0.0,0.0,0.004024144869215292,0.24750161487234923
f8f59188:000,f8f59188,895,150716.42855425284,-12.925003910614649,12.976834906659478,0.0,near_tie,not_better,-3.410472097846406,-0.013259999999998412,-4.363755538031683,True,True,True,0.0007802755451324044,0.0017669116995404149,0.0017669116995404149,0.026061452514107204,156.25000000818557,0.0,0.0,0.13966480446927373,7.734425464760912
f9fc81aa:000,f9fc81aa,2079,1002037.555482488,21.610778739778603,21.954055346737714,-0.0299999999988358,candidate_strong,large_recovery,4.959094821910998,0.01288000000000103,3.5324631623383267,True,True,True,0.0035919983971926723,0.0004052791813911838,0.0004052791813911838,0.020541125541392573,156.24999999090497,0.0,0.0,0.05291005291005291,6.806294408989603
fa31da94:000,fa31da94,4042,7604966.654921955,42.88037283522996,43.37610010246939,1.8189894035458565e-12,truth_strong,large_recovery,3.1818439919648744,0.012459999999995499,2.8171728909597515,True,True,True,0.0003605593718331654,0.0017396079608212117,0.0013616660975407232,0.027241379310501954,156.25000001364234,0.0027214250371103412,0.003711034141514102,0.13582384957941612,33.96959664122993
fa667be2:000,fa667be2,1211,510259.00010175584,-20.17981131296461,20.526895211013457,1.8189894035458565e-12,candidate_strong,partial_recovery,-0.029248840194831968,-0.00811999999999899,0.02193663014711557,True,True,False,0.006084601065886002,0.0014599904155239056,0.0004835371653997004,0.0295822994211285,399.9999999636204,0.0016515276630883566,0.0016515276630883566,0.021469859620148638,1.60876049667027
fae0c593:000,fae0c593,1321,311165.6877349923,15.15913323239952,15.347740298649375,-0.0099999999983992,truth_strong,not_better,3.790803596312172,-0.0030399999999936,3.6732502404992466,True,False,True,-0.001493841486785116,0.0014183366405751939,0.0014183366405751939,0.024810749432423666,156.25000000545705,0.0,0.0,0.15442846328538987,12.622582358489812
fb03ae90:000,fb03ae90,153,25822.508806750466,-12.916009803921684,12.991326620648952,0.0800000000017462,near_tie,not_better,-2.583900008143177,-0.018280000000002492,-2.3585403755466516,True,True,True,-0.01591933595880326,0.005893667109880948,0.0021790676617885964,0.03400000000002079,399.9999999374269,0.08496732026143791,0.09803921568627451,0.8300653594771242,7.858176272197088
fb0904bd:000,fb0904bd,2907,722899.3358454861,15.616291365668925,15.769444572583724,-0.0099999999983992,candidate_strong,large_recovery,-1.0669432900186737,-0.009139999999999426,-0.578344095663191,False,False,False,-1.926606015982064e-06,0.0008919265434544194,0.00037393128877862843,0.016545646810382605,156.2499999854482,0.024079807361541108,0.029239766081871343,0.04609563123495012,8.291304098223698
fb73b13a:000,fb73b13a,1039,374176.76622575504,-18.695495187680592,18.977134466406365,0.0499999999974534,near_tie,partial_recovery,-4.743334897133991,-0.02768000000000032,-3.3129543998436337,True,True,True,-0.0007168923059671297,0.007718257973496253,0.007505626679236502,0.017381974249409498,25.000000005820805,0.5514918190567853,0.8835418671799807,0.5572666025024061,35.825858751481974
fc03f21f:000,fc03f21f,4072,3344473.166522215,27.222989808447775,28.658930103655337,-0.0199999999986175,candidate_strong,large_recovery,1.4833341520307117,-0.010480000000003209,1.0049574239541457,True,False,True,0.0020768522515911404,0.004789526723942179,0.0012642928182359792,0.023782256082815187,156.250000003638,0.0007367387033398821,0.0007367387033398821,0.13359528487229863,33.660219622639495
fc0d20b2:000,fc0d20b2,2605,6205951.544216034,-46.77496468330148,48.80904680080409,0.0,near_tie,large_recovery,-1.7726669075042762,-0.011880000000001029,-1.5869352277066897,True,True,True,0.005135166212021292,0.00042145744650241737,0.00042145744650241737,0.020560460652917265,156.2499999890861,0.0,0.0,0.005374280230326296,0.8662556520532223
fcfcc902:000,fcfcc902,252,42764.49487424932,12.95678373015863,13.026909705878689,-1.8189894035458565e-12,truth_strong,not_better,1.56432660271051,0.00484000000000015,3.221074609870832,True,True,True,0.014264998539582664,0.00044429627596767726,0.00044429627596767726,0.03652777777777691,399.99999999126896,0.0,0.0,0.0,0.0
fd8f77fa:000,fd8f77fa,408,52754.782113751375,-11.345337009804071,11.371056967288142,0.0599999999958527,truth_strong,not_better,-2.0956045526207108,0.0036199999999989847,-5.477798898228635,True,False,True,-0.0010532902875581992,0.0006149611833889738,0.0006149611833889738,0.025890931371802588,168.99999997219135,0.0,0.0,0.0,0.0
fd8f77fa:001,fd8f77fa,737,84552.77214975207,-10.70438195386716,10.711004001310124,0.0299999999988358,near_tie,not_better,-3.9972808880457573,0.007779999999998843,-4.531956818890155,True,False,True,-0.0013011500983261513,0.001501557716101226,0.0004664881298193243,0.018082201086912518,138.06249999260496,0.0013568521031207597,0.0013568521031207597,0.0013568521031207597,0.04721289631657964
fd8f77fa:002,fd8f77fa,158,16729.67577575066,-10.28908544303818,10.289996302096329,0.0199999999986175,near_tie,not_better,-0.19729778342809995,0.01174000000000161,-5.3006550921935185,True,False,True,0.0017343990370970017,0.00037385803329093644,0.00037385803329093644,0.018291139240265486,126.5624999977489,0.0,0.0,0.0,0.0
fd8f77fa:003,fd8f77fa,288,58065.4016277489,14.08379687499986,14.199154125303666,0.0299999999979263,near_tie,partial_recovery,3.470853393105342,0.013140000000003066,2.642891098754502,True,True,True,0.019166421337263276,0.0007348739447501678,0.0007348739447501678,0.040284722220950746,410.0625000044939,0.0,0.0,0.0,0.0
fde20ecf:000,fde20ecf,396,43878.445376749,10.52254924242412,10.526355256772897,0.0199999999986175,truth_strong,not_better,-0.8406403798369728,0.0012000000000007287,0.5416454291309154,False,True,True,-0.0029342978745257784,0.00011906721298364257,0.00011906721298364257,0.009911616161885331,1.0720297089428566e-19,0.0,0.0,0.0,0.0
fde20ecf:001,fde20ecf,253,35718.77084674912,11.851381422924756,11.881957432920872,-0.0099999999983992,candidate_strong,not_better,0.1974296713187516,0.006559999999997677,-1.69158503852901,True,True,False,-0.006553493875781055,0.017888523545402824,0.0003147464808415476,0.01960317460334206,156.24999999999994,0.003952569169960474,0.003952569169960474,0.003952569169960474,0.06187540371808731
fdfd57da:000,fdfd57da,2983,743649.0642097404,15.666259302715284,15.789100576653874,-1.8189894035458565e-12,truth_strong,partial_recovery,-0.600153944038593,0.009439999999998698,-0.40010935348203064,False,True,False,0.0005139471259628769,0.0002864967047486614,0.0002817327760088914,0.014726693494645823,156.2499999690773,0.00033523298692591353,0.00033523298692591353,0.02011397921555481,3.7125242230852384
febb4411:000,febb4411,199,27067.760505499235,11.627472361808882,11.66271396427774,-0.0100000000002182,near_tie,not_better,0.7006250985142628,0.011940000000002338,3.6798447619054535,True,True,True,-0.0010505322377627557,0.007980188685832968,0.007980188685832968,0.029899497487462408,100.00000000072765,0.0,0.005025125628140704,0.5577889447236181,6.868169812707691
febb4411:001,febb4411,999,284590.790473245,16.190714214214058,16.878260163280586,-1.8189894035458565e-12,candidate_strong,not_better,0.36231330514490134,0.009239999999997972,3.7678032518972167,True,True,True,0.01356153908980364,0.012881271767927558,0.0010397463728344422,0.031867403315013206,156.25000003183246,0.0940940940940941,0.0940940940940941,0.3163163163163163,19.552627574915586
febb4411:002,febb4411,700,119317.93905924867,12.938443571428497,13.055810915300112,0.1999999999989086,near_tie,not_better,1.9079761723519968,-0.024920000000001913,18.51818114935627,True,False,True,-0.00022354641355780278,0.0006294873623544864,0.0006294873623544864,0.03628571428576564,400.00000003201404,0.0,0.0,0.08,3.465022608212889
fef8af96:000,fef8af96,530,213765.4879457477,19.39811603773573,20.083105071965328,-0.0300000000006548,truth_strong,not_better,3.1681222582798045,0.015220000000004816,6.415338998998304,True,True,True,0.023823370653479486,0.021406652732648905,0.015923718121112002,0.015517241379775617,24.999999999272433,0.5075471698113208,0.6735849056603773,0.9943396226415094,32.60833775943201
ff8bb73a:000,ff8bb73a,4039,2055279.941428725,21.72808653131949,22.55789471275921,-0.0100000000002182,candidate_strong,large_recovery,3.619826175491557,-0.010599999999998552,3.0902805810720855,True,False,True,0.00011790681866440782,0.00217588539621886,0.0021794057687972786,0.03808064516133522,400.00000001455186,0.0022282743253280515,0.0037137905422134194,0.2537756870512503,63.42228881103949
