well_id,exact_coverage_query_full,exact_coverage_query_hidden,exact_coverage_query_prefix,exact_rows_full,exact_rows_hidden,exact_rows_prefix,exact_corr_full,exact_corr_hidden,exact_corr_prefix,exact_z_rmse_full,exact_z_rmse_hidden,exact_z_rmse_prefix,exact_raw_rmse_full,exact_raw_rmse_hidden,exact_raw_rmse_prefix,exact_raw_mae_full,exact_raw_mae_hidden,exact_raw_mae_prefix,exact_resid_std_full,exact_resid_std_hidden,exact_resid_std_prefix,exact_corr_hidden_minus_prefix,exact_z_rmse_hidden_minus_prefix,exact_raw_rmse_hidden_minus_prefix,exact_raw_mae_hidden_minus_prefix,exact_resid_std_hidden_minus_prefix,exact_coverage_query_hidden_minus_prefix,grid_provided_overlap_grid_points_hidden,grid_provided_overlap_grid_points_prefix,grid_provided_coverage_query_hidden,grid_provided_coverage_query_prefix,grid_provided_corr_hidden,grid_provided_corr_prefix,grid_provided_z_rmse_hidden,grid_provided_z_rmse_prefix,grid_provided_raw_rmse_hidden,grid_provided_raw_rmse_prefix,grid_provided_resid_std_hidden,grid_provided_resid_std_prefix,grid_provided_corr_hidden_minus_prefix,grid_provided_z_rmse_hidden_minus_prefix,grid_provided_raw_rmse_hidden_minus_prefix,grid_provided_resid_std_hidden_minus_prefix,grid_provided_overlap_grid_points_hidden_minus_prefix
000d7d20,0.580794701986755,0.4495049504950495,0.941,1754.0,908.0,941.0,0.5100676471622705,-0.086167355694924,0.7815486837498649,0.989881157349436,1.4738842259111968,0.6609861061325497,20.28551051047557,24.787915821429813,14.316506375277456,15.437663668696928,20.351728185363964,10.5102136866453,20.276942423613967,24.62664173158435,14.244809937682025,-0.8677160394447888,0.8128981197786471,10.471409446152357,9.841514498718663,10.381831793902325,-0.49149504950495043,31.0,632.0,1.0,1.0,0.0153155708685517,0.8196253776550293,1.4033420085906982,0.6006240248680115,22.717453002929688,14.913569450378418,22.689254760742188,14.616896629333496,-0.8043098067864776,0.8027179837226868,7.8038835525512695,8.072358131408691,-601.0
00bbac68,0.5776031434184676,0.5131223465843304,0.9059233449477352,3822.0,2659.0,1300.0,0.7448903382752587,0.6383279106600914,0.8422945417660164,0.7142963834778128,0.8504964307272648,0.5616145621936519,13.064673947713526,13.104968745626882,12.79984267802134,9.738176804143563,9.842443500820496,9.370939183284836,13.0141327751219,13.020175952445117,12.789705667920478,-0.20396663110592494,0.28888186853361286,0.30512606760554206,0.47150431753565947,0.2304702845246389,-0.39280099836340476,101.0,940.0,1.0,1.0,0.7240537405014038,0.8591075539588928,0.74289470911026,0.5308341383934021,11.701685905456545,13.52114200592041,11.68031406402588,13.489027976989746,-0.135053813457489,0.2120605707168579,-1.8194561004638654,-1.8087139129638654,-839.0
00e12e8b,0.5943103448275862,0.4908575843420036,0.985393844548774,3447.0,1906.0,1889.0,0.9435409466905388,0.7468788552806734,0.93485953408463,0.3360328951440951,0.7115070550870547,0.3609444996543649,16.011689641421686,14.112442894130398,17.331809824073733,13.119986551083928,12.21259438024352,13.711789985909489,15.654741293154707,7.489120533137731,16.8829918741995,-0.18798067880395652,0.35056255543268977,-3.2193669299433356,-1.4991956056659692,-9.39387134106177,-0.4945362602067704,60.0,1198.0,1.0,1.0,0.7534316778182983,0.8143584728240967,0.7022368907928467,0.6093299984931946,14.096948623657228,18.67474937438965,7.268727302551269,14.6918306350708,-0.06092679500579834,0.0929068922996521,-4.57780075073242,-7.423103332519532,-1138.0
015fe0d2,0.6824430921794005,0.6633561643835616,0.8233355306526038,3028.0,1937.0,1249.0,0.7392624277592186,0.6207447715767671,0.8689378120159142,0.7221323593923505,0.870925058111469,0.5119808355477493,13.629151452808877,12.430075419457976,15.31904322807723,10.741374586377455,9.832116585788386,12.164175547571377,13.475502435332482,12.170798001888793,11.700941262058578,-0.24819304043914714,0.3589442225637197,-2.8889678086192543,-2.332058961782991,0.4698567398302149,-0.1599793662690422,78.0,671.0,1.0,1.0,0.6898123025894165,0.8705785870552063,0.7876391410827637,0.5087659955024719,10.11013126373291,15.185342788696287,10.098980903625488,12.756595611572266,-0.1807662844657898,0.27887314558029175,-5.075211524963377,-2.6576147079467773,-593.0
01869cd4,0.7174762702400893,0.688880706921944,0.9030023094688222,2570.0,1871.0,782.0,0.7873278524276046,0.8158768920886826,0.7877820745010513,0.6521842493841681,0.6068329389730214,0.6514874143050634,12.396116275804564,10.921773252492017,15.951819850197946,9.311799574353914,8.684055433213395,11.3569666094644,12.235147034178397,10.5510613650207,15.902630198149172,0.028094817587631327,-0.04465447533204203,-5.03004659770593,-2.672911176251006,-5.351568833128471,-0.21412160254687818,79.0,470.0,1.0,1.0,0.8881062269210815,0.7523182034492493,0.4730618894100189,0.7038207054138184,9.045069694519045,15.964921951293944,8.762619972229004,15.93715763092041,0.13578802347183228,-0.23075881600379944,-6.919852256774899,-7.174537658691406,-391.0
01982c1d,0.4960978696477536,0.4195298372513562,0.8432888264230499,2352.0,1392.0,1200.0,0.9519920487034912,0.8893966058582127,0.91790576218758,0.3098643293330447,0.470326257276345,0.4052017714976576,11.24762413145142,6.39613560240321,15.729203202769286,7.75590000617879,5.231504341758448,11.00774456011704,11.217772265692208,5.107560233541446,14.360004560373286,-0.028509156329367347,0.06512448577868735,-9.333067600366075,-5.776240218358591,-9.252444326831839,-0.42375898917169375,37.0,822.0,1.0,1.0,0.9651402831077576,0.9185603857040404,0.2640443742275238,0.4035829901695251,5.379201412200928,14.947434425354004,3.804186582565308,13.526582717895508,0.04657989740371715,-0.1395386159420013,-9.568233013153076,-9.7223961353302,-785.0
028d7b28,0.4609555189456342,0.4047270445513491,0.9270752521334368,2798.0,1935.0,1195.0,0.9203817812059368,0.7377338549049912,0.9410176721336708,0.399044405534179,0.7242460149631599,0.3434598313233414,11.240064364757572,9.28009429746084,13.577452312907182,8.05036126695335,6.894811984651313,9.978819139991405,10.844919911836293,9.273231076094122,11.52422635362277,-0.2032838172286796,0.3807861836398185,-4.297358015446342,-3.0840071553400916,-2.2509952775286486,-0.5223482075820877,53.0,657.0,1.0,1.0,0.842350959777832,0.8966494202613831,0.5615140795707703,0.4546439945697784,7.171624183654785,12.751160621643066,7.139389991760254,9.851947784423828,-0.054298460483551025,0.10687008500099188,-5.579536437988281,-2.712557792663574,-604.0
02e7fe5a,0.6167933655839668,0.59375,0.6685934489402697,1785.0,1102.0,694.0,0.7279410480263907,0.6731268491053944,0.7658966372966997,0.7376434802445003,0.8085457944910796,0.6842563301911065,8.662412150744197,7.195450637411023,10.5673196435302,6.26969558739482,5.451304785548809,7.564433445738674,8.659810066799073,7.146623982346474,10.398366362481104,-0.09276978819130521,0.12428946429997301,-3.3718690061191765,-2.113128660189865,-3.2517423801346297,-0.07484344894026973,50.0,479.0,1.0,0.6212710738182068,0.51978999376297,0.7965229153633118,0.9800102114677428,0.6379296183586121,8.798437118530273,11.70817756652832,8.522915840148926,11.223139762878418,-0.2767329216003418,0.34208059310913075,-2.909740447998047,-2.700223922729492,-429.0
0390d174,0.641259842519685,0.5941309255079007,0.9322916666666666,2036.0,1316.0,895.0,0.9651408052383094,0.7980060171728393,0.9727316653476284,0.264042400995335,0.6356004764428056,0.2335308744143761,5.453697489977286,4.826359026550073,6.054339094554468,3.7629315763461184,3.3225282734562174,4.282786675483165,5.444568970259159,4.824975242220059,6.041897441039168,-0.1747256481747892,0.4020696020284295,-1.2279800680043946,-0.9602584020269478,-1.216922198819109,-0.33816074115876593,64.0,458.0,1.0,1.0,0.7970798015594482,0.9626340866088868,0.6370560526847839,0.2733712196350097,5.343567371368408,7.326150894165039,5.342421531677246,7.271754264831543,-0.1655542850494386,0.3636848330497742,-1.9825835227966309,-1.9293327331542969,-394.0
03a935ae,0.7795534665099882,0.6767676767676768,0.97724399494311,3317.0,1809.0,1546.0,0.7859404748011872,0.7804846733231158,0.7928792230677955,0.654308069946891,0.6625938826715565,0.6436159987635555,12.187351564359671,11.777506348236592,12.64050719007631,8.376461755173036,8.589472726680917,8.158894892287645,12.111719767507749,11.61185481402601,12.625608460738402,-0.012394549744679684,0.018977883908001036,-0.8630008418397175,0.43057783439327224,-1.0137536467123915,-0.3004763181754332,108.0,788.0,1.0,1.0,0.7932197451591492,0.8714152574539185,0.6430867314338684,0.507118821144104,11.917880058288574,11.905561447143556,11.595656394958496,11.847901344299316,-0.07819551229476929,0.1359679102897644,0.012318611145017755,-0.2522449493408203,-680.0
044af7d1,0.7917189460476788,0.6937053861129137,0.9729411764705882,1893.0,1069.0,827.0,0.815954395472023,0.7678098377911071,0.809506645513502,0.6067052077046595,0.6814545651896285,0.617241208096961,14.672855684471385,10.947331471349209,18.384552461813104,10.271505730098482,8.678283624775263,12.308666281588888,14.672634565971196,10.381620488482596,17.777443087583304,-0.041696807722394924,0.06421335709266751,-7.437220990463896,-3.630382656813625,-7.395822599100708,-0.27923579035767454,47.0,613.0,1.0,1.0,0.8691447377204895,0.7861109375953674,0.5115765333175659,0.6540474891662598,7.778858661651611,21.1980094909668,7.416621208190918,20.16534423828125,0.08303380012512207,-0.14247095584869385,-13.419150829315189,-12.748723030090332,-566.0
0498acab,0.6000573394495413,0.5120983736612456,0.938986556359876,2093.0,1291.0,908.0,0.6586760182218668,0.3722866295557495,0.7314033449187548,0.8262251288579078,1.120458272711885,0.7329347243530562,15.01882177901036,11.355985211751864,18.73014904746524,10.61941010836526,8.792993974927667,13.044050949001024,14.89340372827723,11.259938655923452,18.46858182601232,-0.3591167153630053,0.38752354835882885,-7.374163835713375,-4.251056974073357,-7.208643170088866,-0.4268881826986305,46.0,639.0,1.0,0.981566846370697,0.4462305903434753,0.7264586091041565,1.0523966550827026,0.7396504282951355,10.866907119750977,21.38677978515625,10.65959930419922,21.28156471252441,-0.2802280187606812,0.31274622678756714,-10.519872665405273,-10.62196540832519,-593.0
052d64df,0.6675423234092236,0.5818284424379232,0.8694074969770254,2287.0,1031.0,1438.0,0.8359175286101829,0.6954099364628653,0.859606011538782,0.5728568257249226,0.7804999212519302,0.5298943073127281,13.17107480525199,10.788420709923942,14.215981281924062,9.403284467119551,8.003275450052048,10.093246551193522,13.16670089588296,10.686380273919625,14.214910992591282,-0.16419607507591671,0.2506056139392021,-3.42756057200012,-2.089971101141474,-3.5285307186716572,-0.28757905453910215,51.0,987.0,1.0,0.9869999885559082,0.788689136505127,0.8663997650146484,0.6500936150550842,0.5169143676757812,10.56991195678711,15.876422882080078,10.397318840026855,15.794299125671388,-0.07771062850952148,0.13317924737930298,-5.306510925292969,-5.396980285644533,-936.0
05948241,0.6887983706720978,0.5850995504174695,0.9743875278396436,1691.0,911.0,875.0,0.8058391304651112,0.6538177610900964,0.845898148568061,0.6231546670528734,0.8320844174840719,0.5551609702274449,14.36933714331168,11.38399756060658,17.05214256433342,10.666294848737357,8.921274148247456,12.658587840092435,14.185865119594697,11.372236287190663,16.150826520821216,-0.19208038747796463,0.276923447256627,-5.668145003726838,-3.73731369184498,-4.778590233630553,-0.389287977422174,16.0,694.0,0.5161290168762207,0.9747191071510316,0.7578018307685852,0.8711023330688477,0.6959858536720276,0.5077354907989502,8.107433319091797,17.16973304748535,8.077386856079102,16.42079734802246,-0.11330050230026245,0.1882503628730774,-9.062299728393555,-8.34341049194336,-678.0
059c8f24,0.5495039054253748,0.4705715902659875,0.9285120532003324,2603.0,1663.0,1117.0,0.813432775637684,0.8530422700413363,0.7898419191104862,0.6108473203056816,0.5421397051658617,0.6483179480617729,10.196503926029534,6.851817114244963,13.56767958071105,6.46442218833991,5.227348916862726,8.462142447824723,10.022305806784972,6.702674359261126,13.326317650163436,0.06320035093085008,-0.10617824289591116,-6.7158624664660875,-3.234793530961997,-6.62364329090231,-0.45794046293434487,60.0,786.0,0.9523809552192688,0.9961977005004884,0.900026798248291,0.7975223660469055,0.4471536576747894,0.6363609433174133,5.447476387023926,15.237767219543455,5.105876922607422,14.95582675933838,0.1025044322013855,-0.18920728564262396,-9.79029083251953,-9.849949836730959,-726.0
05a0ee4d,0.6296475132786093,0.5466954022988506,0.9359351988217968,2608.0,1522.0,1271.0,0.7443088120644038,0.7519905571537678,0.7458452970742424,0.7151100445883783,0.7042860822793989,0.7129582076472051,16.687124548211443,12.209302193026849,20.35793427541105,11.704680976481605,9.77570089449542,13.729920415468962,16.66934367091087,11.940461866170088,19.91692457426266,0.0061452600795254275,-0.00867212536780615,-8.148632082384202,-3.954219520973542,-7.976462708092571,-0.38923979652294616,83.0,849.0,1.0,1.0,0.8445676565170288,0.7560064196586609,0.5575523972511292,0.6985607743263245,9.511882781982422,24.070371627807617,9.423436164855955,22.722461700439453,0.08856123685836792,-0.1410083770751953,-14.558488845825195,-13.299025535583498,-766.0
060ab2b8,0.6478415138971023,0.5616541353383459,0.9986149584487536,2191.0,1494.0,721.0,0.8178790288496717,0.822999864992613,0.8140733325803137,0.6035245995820359,0.5949792181368808,0.6097977819239527,9.995857383032668,8.050623023469473,13.121686980972123,7.3365916986507695,6.268229872042656,9.57061097621878,9.855854969795828,7.664673177883874,13.121643779305936,0.008926532412299348,-0.014818563787071914,-5.07106395750265,-3.302381104176125,-5.456970601422062,-0.43696082311040774,28.0,335.0,0.5090909004211426,0.5473856329917908,0.903282344341278,0.8578118085861206,0.4398128092288971,0.5332695245742798,6.239992141723633,12.836806297302246,5.634552001953125,12.750149726867676,0.04547053575515736,-0.09345671534538269,-6.596814155578613,-7.115597724914551,-307.0
06df5958,0.4438691456813368,0.3402460456942003,0.8682336182336182,1886.0,968.0,1219.0,0.5766437261852925,0.6044651510730915,0.5856594705866689,0.9201698471637804,0.8894209902255608,0.9103192071063108,17.105878019769683,11.509418938865458,19.78919234416717,11.811585908256276,9.462632315938263,13.394256622192044,16.771186452690937,11.424693675282652,18.934890616530843,0.018805680486422616,-0.020898216880749998,-8.279773405301711,-3.931624306253781,-7.510196941248191,-0.5279875725394179,23.0,734.0,1.0,1.0,0.664490282535553,0.5076845288276672,0.8191577792167664,0.9922857284545898,10.763768196105955,22.921884536743164,10.644671440124512,22.634204864501957,0.15680575370788574,-0.1731279492378235,-12.158116340637209,-11.989533424377445,-711.0
071d7b45,0.5306071249372805,0.4085388295914611,0.7919621749408984,2115.0,1110.0,1005.0,0.6534317222379232,0.7588424322081821,0.6419036642480052,0.8325482301489527,0.6944891184054908,0.8462816738556908,13.528760995655004,8.074882485481968,17.696354264689745,9.030461627652173,6.109455896416179,12.256647062151623,13.524168521975538,8.073891825510445,17.674386904047758,0.11693876796017699,-0.15179255545019998,-9.621471779207777,-6.147191165735444,-9.600495078537312,-0.3834233453494373,49.0,512.0,1.0,0.9846153855323792,0.8381186723709106,0.7570438385009766,0.5690014362335205,0.6970741152763367,7.05833911895752,13.631521224975586,7.011300563812256,13.11905574798584,0.08107483386993408,-0.12807267904281616,-6.5731821060180655,-6.107755184173584,-463.0
0849b4e2,0.572822299651568,0.521550686250903,0.867044738500315,3288.0,2166.0,1376.0,0.8969148081446995,0.9029467160288944,0.8857448171906913,0.4540598900041723,0.4405752693266054,0.4780275783034043,8.980528470116077,6.97574309959561,11.079577794291607,5.64183797644258,4.602239062949102,7.033014282273504,8.901050398366689,6.920869837980144,10.941247507919249,0.01720189883820311,-0.03745230897679891,-4.103834694695998,-2.430775219324402,-4.020377669939105,-0.3454940522494121,83.0,1023.0,1.0,1.0,0.9083197116851808,0.8665492534637451,0.4282062351703644,0.5166251063346863,6.8263750076293945,12.601261138916016,6.825451850891113,12.46522045135498,0.04177045822143566,-0.0884188711643219,-5.774886131286621,-5.639768600463867,-940.0
084d66f9,0.8031985784095957,0.7459970887918487,0.9395667046750285,1808.0,1025.0,824.0,0.7451161158761316,0.742143238380179,0.7412704443401642,0.7139802295916441,0.7181319678441017,0.7193463083381131,13.199923700542922,10.216306088808611,16.008523244160973,8.615878356955974,7.1078255693377335,10.412410176719431,13.146986880896446,9.99990457795704,16.00822091892904,0.0008727940400148348,-0.0012143404940113678,-5.792217155352361,-3.304584607381698,-6.0083163409720015,-0.19356961588317978,87.0,676.0,1.0,1.0,0.7950722575187683,0.7252950668334961,0.6401995420455933,0.7412218451499939,9.69313621520996,17.275312423706055,9.34823226928711,17.27399253845215,0.06977719068527222,-0.10102230310440063,-7.5821762084960955,-7.925760269165039,-589.0
08fecf00,0.4772524531668153,0.3445,0.9638629283489096,2675.0,1378.0,1547.0,0.8358316352237576,0.6885955268239055,0.8453420333888403,0.5730067447705,0.7891824544122792,0.5561617869130523,11.03482940441851,5.881964815309603,13.55754189948722,7.289476501908239,4.798252773552014,8.986758075681852,11.020111736683262,5.878620194484049,13.532783091062525,-0.15674650656493483,0.2330206674992269,-7.6755770841776165,-4.188505302129838,-7.654162896578476,-0.6193629283489097,33.0,1033.0,1.0,1.0,0.7714569568634033,0.8308956623077393,0.6760814189910889,0.5815570950508118,4.785948753356934,15.16661262512207,4.784786224365234,15.150022506713867,-0.05943870544433594,0.0945243239402771,-10.380663871765137,-10.365236282348633,-1000.0
09053135,0.5518877656282236,0.4029282576866764,0.9560055865921788,2675.0,1376.0,1369.0,0.8101964663414979,0.6547203829504377,0.8675243375292194,0.6161226073737306,0.830998937483752,0.5147342274820679,12.282241587407665,12.570249003186692,11.927678218548914,9.416715158916183,9.918251513353274,8.885825466158018,12.208189963968584,11.941943551413605,11.893700997016326,-0.21280395457878176,0.3162647100016841,0.642570784637778,1.0324260471952567,0.048242554397278425,-0.5530773289055024,52.0,914.0,1.0,1.0,0.5803992748260498,0.8897978663444519,0.9160794019699096,0.4694723188877105,11.937538146972656,12.848383903503418,10.624950408935549,12.816469192504885,-0.3093985915184021,0.44660708308219904,-0.9108457565307617,-2.191518783569336,-862.0
09441b8d,0.5077162899454404,0.4237358101135191,0.8649681528662421,3257.0,2053.0,1358.0,0.8813145246048506,0.8879946724408085,0.8791293318611992,0.4872072975544381,0.4732976390374063,0.491671980366587,8.674445666550074,7.786097470307852,9.725425034142043,6.252001206087532,5.908912935383157,6.71219175501037,8.512327814208355,7.68128521601827,9.5280763189184,0.008865340579609304,-0.0183743413291807,-1.9393275638341914,-0.8032788196272129,-1.8467911029001298,-0.441232342752723,70.0,871.0,1.0,1.0,0.8996448516845703,0.9009260535240172,0.4480070173740387,0.4451380670070648,6.670162677764893,10.23596477508545,6.564768314361572,10.20993423461914,-0.0012812018394469105,0.002868950366973877,-3.5658020973205566,-3.6451659202575684,-801.0
0955cd6c,0.6558419819216605,0.5646036916395223,0.9213973799126638,1959.0,1040.0,1055.0,0.787048701158432,0.6446546261028081,0.8100370972287639,0.6526121341831885,0.8430247610802329,0.616381217707412,14.089145736659155,11.665553223897165,15.977371582288956,9.443540259050254,9.437024303891118,9.5880347314213,14.08781603545654,11.659635344627974,15.96446119091134,-0.16538247112595583,0.2266435433728209,-4.3118183583917915,-0.15101042753018312,-4.304825846283366,-0.3567936882731415,41.0,747.0,1.0,1.0,0.7165089845657349,0.7904627323150635,0.7529820799827576,0.6473596692085266,9.981614112854004,17.577329635620117,9.90697193145752,17.577054977416992,-0.07395374774932861,0.10562241077423096,-7.595715522766113,-7.670083045959473,-706.0
09ec2ca9,0.5240346729708432,0.4120603015075377,0.9426229508196722,1995.0,1066.0,1150.0,0.742185159488507,0.0540321359218618,0.7986855553400566,0.7180735902558915,1.375476545840123,0.6345304479060772,20.814737898492343,17.222463821009875,23.13819818228328,15.71672407166068,13.49416576801981,17.52546324487906,20.56682662384849,16.696707736592714,23.10208559559529,-0.7446534194181947,0.7409460979340459,-5.915734361273405,-4.031297476859249,-6.405377859002577,-0.5305626493121345,40.0,814.0,1.0,1.0,0.0202540643513202,0.8321515321731567,1.3998185396194458,0.5793935656547546,16.138948440551758,25.202619552612305,15.520010948181152,24.93592071533203,-0.8118974678218366,0.8204249739646912,-9.063671112060547,-9.415909767150879,-774.0
0a57a29c,0.5095172413793103,0.4385964912280701,0.9313835770528684,1847.0,1200.0,828.0,0.7406731950693038,0.7980283214777621,0.6840821667817162,0.7201760964246122,0.6355653837682443,0.7948809133678878,10.607211321054823,7.624906563359611,13.61162819625997,7.539564739678376,6.073559733922152,9.633385639781777,10.381384164467867,7.544761902657867,12.917874844034044,0.11394615469604596,-0.15931552959964346,-5.986721632900359,-3.5598259058596247,-5.373112941376177,-0.49278708582479835,45.0,542.0,1.0,1.0,0.9271875619888306,0.672953188419342,0.3816082775592804,0.8087605237960815,4.606306076049805,15.851914405822754,4.410194396972656,15.460091590881348,0.2542343735694885,-0.42715224623680115,-11.24560832977295,-11.049897193908691,-497.0
0bbf5e67,0.6852404643449419,0.5583456425406204,0.9664634146341464,2066.0,1134.0,951.0,0.9488381991808548,0.91199946662869,0.9670365758351592,0.3198806052862387,0.41952481064011,0.2567622408565588,4.645960229492791,4.746335158985065,4.522909302568987,3.4497348981952323,3.620941553125086,3.251048558234712,4.627096420732896,4.731009547067818,4.498314242360635,-0.055037109206469204,0.1627625697835512,0.22342585641607826,0.36989299489037375,0.2326953047071827,-0.40811777209352607,63.0,575.0,1.0,1.0,0.992161989212036,0.9861338138580322,0.1252039223909378,0.1665304005146026,1.933415412902832,3.580867052078247,1.8034297227859497,3.5268383026123047,0.006028175354003795,-0.0413264781236648,-1.647451639175415,-1.723408579826355,-512.0
0be01c24,0.4576547231270358,0.3923884514435695,0.8883928571428571,2810.0,1794.0,1393.0,0.878946016476497,0.8049449042559176,0.8789731095007575,0.4920446799295833,0.6245880174068061,0.4919896147262512,10.624620160902966,5.39934461462582,14.233584782974487,6.46130428242445,4.184605901067612,9.113562378993745,10.61246880379816,5.396063118288599,14.230993803454773,-0.07402820524483988,0.13259840268055495,-8.834240168348668,-4.928956477926133,-8.834930685166174,-0.4960044056992876,43.0,861.0,1.0,0.9862542748451232,0.8562402129173279,0.8539814352989197,0.5362085103988647,0.5404046177864075,4.833492279052734,18.03004264831543,4.833396434783936,17.93951416015625,0.002258777618408203,-0.004196107387542725,-13.196550369262695,-13.106117725372314,-818.0
0c1b160c,0.5877139364303179,0.5291201982651796,0.9306698002350176,1923.0,1281.0,792.0,0.7603747599257559,0.6607108359191307,0.8241119863516413,0.6922791923411307,0.823758658929749,0.5931070959756909,15.125533047805394,14.921403939640328,15.80091765427128,12.117556476294965,12.138862189623078,12.512169855638708,15.075327795504862,14.881776432329062,15.692609239180513,-0.16340115043251058,0.2306515629540581,-0.8795137146309528,-0.3733076660156307,-0.810832806851451,-0.4015496019698379,56.0,444.0,1.0,1.0,0.7338097095489502,0.8819564580917358,0.7296441197395325,0.4858879446983337,12.65025806427002,15.900308609008787,12.62441349029541,15.702564239501951,-0.14814674854278564,0.24375617504119879,-3.2500505447387678,-3.078150749206541,-388.0
0d99f8e4,0.5515200430454668,0.497946995147443,0.8448940269749519,2050.0,1334.0,877.0,0.7019426765988858,0.8436656607155804,0.5713395411943544,0.7720846111678619,0.5591678447200261,0.9259162584225916,11.04740096604357,6.654657877258333,15.273750761170817,6.912954845962735,4.8859136323742725,9.977793972421214,11.039936706849762,6.647885651451721,15.249461316974392,0.272326119521226,-0.3667484137025655,-8.619092883912483,-5.0918803400469415,-8.60157566552267,-0.34694703182750886,46.0,620.0,1.0,1.0,0.8584772348403931,0.592136800289154,0.5320202112197876,0.9031757116317748,5.497652530670166,16.75857925415039,5.491754055023193,16.737422943115234,0.266340434551239,-0.3711555004119872,-11.260926723480225,-11.245668888092041,-574.0
0dc5e64d,0.6278993792878145,0.6068836823553805,0.867590454195535,3844.0,2927.0,1127.0,0.9259033853405224,0.9245973051487612,0.9253632035181658,0.3849587371640698,0.3883366963119474,0.3863594090528511,13.300689515001586,10.49529857674144,18.82617555022428,9.634618370098336,8.27229531546043,13.543942294563456,13.213289113220933,10.492151388838389,18.048645326394443,-0.0007658983694046606,0.001977287259096294,-8.330876973482841,-5.271646979103025,-7.556493937556054,-0.26070677184015456,133.0,736.0,1.0,1.0,0.9037890434265136,0.9090957641601562,0.4386592209339142,0.4263900518417358,10.336400032043455,20.999675750732425,10.32648754119873,20.60231208801269,-0.005306720733642689,0.0122691690921784,-10.66327571868897,-10.275824546813961,-603.0
0dc835f3,0.4550992336411869,0.3925233644859813,1.0,2316.0,1680.0,809.0,0.910992688473423,0.8752798573882365,0.941030492827778,0.4219177918186836,0.4994399715917088,0.3434225012203537,8.594877985325132,8.468727569687385,8.507972808125752,6.561404427446724,6.430538064664064,6.650834816595819,7.972637562295896,8.093771653962035,6.877486184037466,-0.0657506354395414,0.15601747037135505,-0.039245238438367025,-0.22029675193175535,1.2162854699245687,-0.6074766355140186,53.0,461.0,1.0,1.0,0.739331841468811,0.8879087567329407,0.7220362424850464,0.4734791219234466,10.048863410949709,9.48134422302246,9.376015663146973,8.308362007141113,-0.14857691526412964,0.2485571205615998,0.5675191879272496,1.0676536560058594,-408.0
0dd99dc5,0.5853056184400083,0.5210718002081165,0.9536945812807882,2844.0,2003.0,968.0,0.7949455309550335,0.8813625089185528,0.6533816595303915,0.6403974844500351,0.4871087991023097,0.8326083598782905,12.269339780263635,8.357380110659651,17.777141274232015,8.167028724359655,6.484460945435696,11.814348530801986,12.185559034191812,8.073520714407415,17.776119232670823,0.22798084938816132,-0.3454995607759808,-9.419761163572364,-5.32988758536629,-9.702598518263407,-0.4326227810726717,60.0,679.0,1.0,1.0,0.9343709945678712,0.7014788389205933,0.3622954785823822,0.7726851105690002,6.569658756256104,18.42338752746582,5.968411445617676,18.32083511352539,0.23289215564727794,-0.41038963198661804,-11.853728771209717,-12.352423667907715,-619.0
0e5e560d,0.661154784494443,0.5002148689299527,0.9588839941262848,2439.0,1164.0,1306.0,0.8314275647752929,0.5726122437502923,0.8965570386033562,0.5806417746333915,0.9245407035384734,0.4548471422283398,17.401070235426367,17.597221994551738,17.18407066519388,13.70134691307275,14.51736643427814,12.962861308120956,17.345321616841595,17.591601359541524,17.06430300969095,-0.32394479485306393,0.4696935613101336,0.41315132935785925,1.5545051261571832,0.5272983498505752,-0.4586691251963321,51.0,873.0,1.0,1.0,0.7373074889183044,0.9299651980400084,0.7248345017433167,0.3742587268352508,14.980624198913574,18.15233993530273,14.764617919921877,17.58206558227539,-0.192657709121704,0.35057577490806585,-3.1717157363891566,-2.817447662353514,-822.0
109d9d70,0.6406420021762785,0.6053376465830974,0.8753117206982544,2355.0,1497.0,1053.0,0.7540774411043636,0.7376670353798089,0.7386430555310327,0.7013167029176425,0.7243382698990729,0.7229895496740839,11.875146921968078,9.43892658595568,14.396606781981466,8.741955948341227,7.674345716193339,10.215954842539114,11.86952446266152,9.280808919286654,14.341517458756902,-0.0009760201512237776,0.0013487202249889974,-4.957680196025786,-2.541609126345775,-5.060708539470248,-0.26997407411515695,70.0,689.0,1.0,1.0,0.7821346521377563,0.7549483180046082,0.6600990295410156,0.7000738382339478,7.771628856658935,16.283767700195312,7.611911296844482,16.100078582763672,0.027186334133148193,-0.03997480869293213,-8.512138843536377,-8.48816728591919,-619.0
10a1281a,0.2500356989861488,0.1678152356118457,0.7429620563035496,1751.0,901.0,1214.0,0.846058490427701,0.954913527584069,0.7931497256796097,0.554872074576292,0.3002881030474933,0.6431955757316592,11.855956778027208,5.203992049371687,14.1059511981306,8.025278453879942,4.241181580353183,10.115304522146578,11.35970530160714,5.021503471892352,13.075652657826192,0.16176380190445927,-0.3429074726841659,-8.901959148758912,-5.874122941793395,-8.05414918593384,-0.5751468206917039,21.0,848.0,1.0,1.0,0.9815896153450012,0.8234972953796387,0.1918873935937881,0.5941425561904907,4.044028282165527,16.338834762573242,3.700526475906372,13.867813110351562,0.15809231996536255,-0.40225516259670263,-12.294806480407715,-10.16728663444519,-827.0
10b89021,0.4940677966101695,0.4225108225108225,0.6430894308943089,1749.0,976.0,791.0,0.6848905543984354,0.6199829659404716,0.7341583513366362,0.7938632698413054,0.8717993278955064,0.7291661657857745,10.484140807332798,9.982595782783116,11.084485054708631,7.815267502573635,7.522209104509154,8.210107305749014,10.454105148775218,9.86651532177036,11.084158804261277,-0.11417538539616456,0.14263316210973187,-1.101889271925515,-0.68789820123986,-1.2176434824909173,-0.22057860838348642,39.0,423.0,1.0,0.5209359526634216,0.6484143733978271,0.7520577311515808,0.8385530710220337,0.7041906714439392,8.339452743530273,12.264327049255373,8.222312927246094,12.131958961486816,-0.10364335775375366,0.13436239957809448,-3.9248743057250994,-3.9096460342407227,-384.0
10be2420,0.6837916063675832,0.530044275774826,0.959425190194421,1890.0,838.0,1135.0,0.9094874274787624,0.7969047755941722,0.9371555011846788,0.4254704984396391,0.6373307216913803,0.3545264413702345,10.01072353914273,9.94532770131192,9.959080000651303,7.024334192436888,7.069048719123202,6.951979105174835,10.00901749497442,9.812847911095046,9.863452754924788,-0.14025072559050666,0.2828042803211458,-0.013752299339383711,0.11706961394836757,-0.05060484382974195,-0.4293809144195949,41.0,815.0,0.9111111164093018,0.9951159954071044,0.8081561923027039,0.9436596632003784,0.6194252371788025,0.3356794118881225,10.228636741638184,10.86611270904541,10.228507041931152,10.727397918701172,-0.13550347089767456,0.28374582529068,-0.6374759674072266,-0.49889087677001953,-774.0
113011eb,0.6434271314573708,0.5990159901599016,0.8675496688741722,1532.0,974.0,655.0,0.7747672216715688,0.8116702963364371,0.737532895120938,0.6711673089899883,0.613725840524192,0.7245234363070141,10.529397890176783,7.405244620124239,13.858562132524291,6.398844869574359,5.200078743580075,8.397070825740546,10.52199193311318,7.358846324750664,13.858560082408692,0.07413740121549905,-0.11079759578282211,-6.453317512400052,-3.1969920821604703,-6.499713757658028,-0.2685336787142706,42.0,421.0,1.0,1.0,0.820297360420227,0.7318057417869568,0.5995041728019714,0.732385516166687,7.278985500335693,15.960461616516112,7.129018306732178,15.937240600585938,0.08849161863327026,-0.13288134336471558,-8.681476116180418,-8.80822229385376,-379.0
1131525f,0.5995260663507109,0.433941198362486,1.0,2277.0,1166.0,1111.0,0.6689219819778864,0.6789673480834234,0.6540570883138278,0.8137297069938071,0.8012897751956861,0.8317967440260537,16.751879200766574,12.341981706079745,20.378369242364947,11.528387165787793,9.160879398369287,14.013098288028996,16.702934940927324,12.32839093945844,20.278515971997624,0.0249102597695956,-0.03050696883036763,-8.036387536285202,-4.852218889659708,-7.950125032539184,-0.566058801637514,47.0,685.0,1.0,1.0,0.7301636934280396,0.5848112106323242,0.7346241474151611,0.9112505316734314,11.540515899658203,23.413578033447266,11.520119667053224,22.74874687194824,0.14535248279571533,-0.17662638425827026,-11.873062133789062,-11.228627204895014,-638.0
11d0f5ac,0.4102051025512756,0.3123711340206185,0.7803308823529411,1640.0,909.0,849.0,0.7319939147403345,0.4688198092953143,0.8162052480445431,0.7321285204930423,1.0307086792151172,0.6062915997363924,10.54637443641716,10.251643763171964,11.239551421349663,7.992014505515374,7.875576943364783,8.583044109462593,10.541497530319695,9.733184730698202,10.770878604672122,-0.3473854387492288,0.42441707947872487,-0.9879076581776989,-0.7074671660978096,-1.0376938739739199,-0.4679597483323226,29.0,289.0,0.5,0.4706840515136719,0.7031710743904114,0.8416927456855774,0.7704919576644897,0.5626850724220276,9.842290878295898,12.033941268920898,9.01264190673828,11.366278648376465,-0.13852167129516602,0.20780688524246216,-2.191650390625,-2.3536367416381854,-260.0
12203f2a,0.619421152285637,0.4896193771626297,0.9270758122743682,2290.0,1132.0,1284.0,0.7704606712050018,0.5559726218912259,0.8238736486098384,0.6775534352285407,0.9423665721032068,0.5935088059838062,13.895554309601591,12.88229585243943,14.666381444675062,10.70071576148252,10.13173164711726,11.20834253604182,13.682532623230426,12.841365581428455,14.195367979068005,-0.2679010267186125,0.34885776611940067,-1.7840855922356322,-1.0766108889245611,-1.3540023976395492,-0.4374564351117385,43.0,932.0,1.0,1.0,0.6883230805397034,0.8443568348884583,0.7895275950431824,0.5579304099082947,10.92621898651123,14.411599159240724,10.647972106933594,13.581979751586914,-0.15603375434875488,0.2315971851348877,-3.485380172729494,-2.9340076446533203,-889.0
122bd617,0.6987632508833922,0.5934550031466331,0.9985185185185184,3164.0,1886.0,1348.0,0.8518454696714146,0.6047249325582472,0.92882981414825,0.5443427786396828,0.8891288629234266,0.3772802296748398,12.150526318065262,12.759504298734598,11.360565117228294,9.063109675588391,10.029263020329209,7.776530587726817,12.117450808822465,12.516278373093767,11.307395146113516,-0.32410488159000284,0.5118486332485868,1.3989391815063037,2.252732432602392,1.2088832269802516,-0.40506351537188523,66.0,989.0,0.8048780560493469,1.0,0.6295679807662964,0.9356657862663268,0.8607345819473267,0.3587038218975067,12.353229522705078,12.242576599121094,12.01335906982422,12.05156135559082,-0.3060978055000304,0.50203076004982,0.11065292358398438,-0.038202285766599786,-923.0
125be846,0.5283018867924528,0.4376325837929571,0.8769007965242578,3220.0,2063.0,1211.0,0.5726130491310012,0.4209053826841037,0.6980989701784733,0.9245398324236752,1.0761920063965316,0.7770470125050694,16.692138059222874,16.29953459275779,17.32299522825142,11.148247938645438,11.57253605230956,10.419693297809031,16.612187899843434,15.92666317874253,17.267135612945633,-0.2771935874943696,0.2991449938914622,-1.0234606354936275,1.1528427545005293,-1.3404724342031038,-0.4392682127313007,55.0,679.0,1.0,0.992690086364746,0.4895131886005401,0.7191196084022522,1.010432481765747,0.7495070099830627,16.038589477539062,21.53296661376953,15.54208755493164,21.386253356933597,-0.2296064198017121,0.2609254717826843,-5.494377136230469,-5.844165802001957,-624.0
1285a37b,0.3115606124455682,0.1959724035055006,0.8126423690205011,2218.0,1051.0,1427.0,0.7781729918720472,0.3278002013940046,0.8069020781579032,0.6660735817129407,1.1594824695578587,0.6214465734753019,13.274335060695128,9.102035698167771,15.092542913848288,9.485334226739234,7.485707866503936,10.664521624880509,12.963969657477506,9.089766787531492,14.481400233460636,-0.47910187676389854,0.5380358960825569,-5.990507215680516,-3.178813758376573,-5.391633445929145,-0.6166699655150005,22.0,1007.0,1.0,1.0,0.4350168704986572,0.7917816042900085,1.062998652458191,0.6453191637992859,7.674022674560547,17.232622146606445,7.646746635437012,16.496429443359375,-0.3567647337913513,0.41767948865890503,-9.558599472045898,-8.849682807922363,-985.0
1295a25b,0.6402409638554217,0.6137102014294997,0.9598880597014924,2657.0,1889.0,1029.0,0.6693720258893404,0.6073707296402957,0.7337282305399294,0.8131764557716358,0.8861481482909099,0.729755807733067,14.125800599444638,13.822013905545807,14.122387419872616,10.558367031986853,10.32059593504562,10.755940401667342,14.043357100889343,13.627314670425177,14.11917162233206,-0.1263575008996337,0.1563923405578429,-0.30037351432680914,-0.43534446662172144,-0.4918569519068825,-0.34617785827199266,66.0,605.0,1.0,1.0,0.6733741760253906,0.7919127941131592,0.8082398176193237,0.6451157927513123,12.439855575561523,14.995205879211426,12.251787185668944,14.985756874084473,-0.11853861808776855,0.16312402486801147,-2.5553503036499023,-2.733969688415529,-539.0
12f0cd90,0.5233678850700128,0.4565733270052207,0.9447470817120622,2878.0,1924.0,1214.0,0.7737316293988025,0.6756652484091338,0.8209189066061051,0.6727085113200182,0.8054002130504638,0.5984665293797053,13.568937586511904,13.147937606545913,13.95283172555026,9.209848935366168,9.453103400457982,8.803511075364305,13.541395426406694,13.124151184834878,13.897305936001272,-0.14525365819697134,0.20693368367075848,-0.8048941190043468,0.6495923250936766,-0.7731547511663948,-0.48817375470684155,71.0,699.0,1.0,0.9668049812316896,0.7474401593208313,0.8275747299194336,0.7107177376747131,0.5872397422790527,11.008639335632324,16.017515182495117,10.969992637634276,16.015914916992188,-0.0801345705986023,0.1234779953956604,-5.008875846862793,-5.045922279357912,-628.0
137d1e44,0.778746134382907,0.7536293766011956,0.9473251028806584,2770.0,1765.0,1151.0,0.5238745330351251,0.4644396456619474,0.6264217151491026,0.975833456041424,1.0349496164915977,0.8643821896023742,16.147477474548083,10.664369515358914,21.71555882779977,11.16726917016825,8.212735383176225,15.486615310780008,15.79617255827972,10.451042632223093,18.44753603985281,-0.1619820694871552,0.17056742688922344,-11.051189312440858,-7.273879927603783,-7.996493407629718,-0.19369572627946285,106.0,833.0,1.0,1.0,0.6060903072357178,0.6619104146957397,0.8875918984413147,0.8223011493682861,8.430276870727539,24.997478485107425,8.242302894592285,19.813739776611328,-0.05582010746002197,0.06529074907302856,-16.567201614379886,-11.571436882019043,-727.0
13ce113d,0.5445118866970157,0.393497290537724,0.9234726688102894,2153.0,944.0,1436.0,0.7781797878709649,0.7774539576004965,0.783898831890632,0.6660633785594808,0.6671522201109781,0.6574209733638986,13.029207899894695,8.565469023326816,14.812632734070132,8.875971141678308,6.283533410075029,10.211566068502083,13.02290034150735,8.314459841281773,14.811943098500834,-0.006444874290135516,0.00973124674707948,-6.247163710743315,-3.928032658427054,-6.497483257219061,-0.5299753782725655,30.0,1092.0,1.0,1.0,0.7876557111740112,0.7829342484474182,0.6516813635826111,0.6588865518569946,8.233569145202637,16.103830337524414,7.932678699493408,16.03364372253418,0.004721462726593018,-0.007205188274383545,-7.870261192321777,-8.100965023040771,-1062.0
13f598d9,0.5716001922152811,0.4875115633672525,0.8683351468988031,2379.0,1581.0,798.0,0.7925729993901789,0.7481493817799765,0.8175657819823353,0.6440916093380212,0.709719125034719,0.6040434057543624,9.815634669835536,7.86645349998007,12.83082308669764,6.981104455787264,6.226663674903817,8.475804799868385,9.791743043793698,7.735085061942637,12.80611446089267,-0.06941640020235884,0.10567571928035657,-4.96436958671757,-2.2491411249645683,-5.071029398950034,-0.3808235835315506,53.0,582.0,1.0,1.0,0.8901957869529724,0.8128164410591125,0.4686239659786224,0.6118554472923279,4.896451473236084,14.104543685913086,4.778627395629883,14.06045627593994,0.07737934589385986,-0.1432314813137055,-9.208092212677002,-9.281828880310057,-529.0
14a53cb3,0.3440607012035583,0.2781842367808447,0.9466257668711656,2630.0,1673.0,1543.0,0.8009709221492917,0.7219346932695492,0.8315674541574745,0.6309185016318801,0.7457416532961677,0.5804008026226799,17.140990169205903,16.594779704245042,18.123422708993655,13.979590808394391,14.02987752815568,14.284913593958011,16.96266787097843,16.085750725438206,18.06904116372832,-0.10963276088792528,0.1653408506734878,-1.5286430047486128,-0.2550360658023312,-1.983290438290112,-0.6684415300903209,42.0,825.0,1.0,0.97517728805542,0.7872217893600464,0.8814164400100708,0.6523468494415283,0.4869980812072754,14.774697303771973,17.42377281188965,14.029389381408691,17.330669403076172,-0.09419465065002441,0.16534876823425293,-2.649075508117676,-3.3012800216674805,-783.0
14ab73fb,0.7191153238546604,0.6968430826369545,0.9357072205736894,2276.0,1501.0,946.0,0.8210580144408861,0.9280375969066323,0.7190082066422827,0.5982340437640002,0.3793742297346187,0.7496556454235735,14.98248783629881,10.54513934216785,19.588973902609485,10.408210621324628,7.940526382759275,13.928631326084584,14.980346351303952,10.105700105852629,19.063975366135704,0.20902939026434963,-0.37028141568895484,-9.043834560441635,-5.988104943325309,-8.958275260283076,-0.2388641379367349,62.0,573.0,1.0,0.9879310131072998,0.8987526893615723,0.7252346277236938,0.4499940276145935,0.7413033843040466,12.344924926757812,23.89206314086914,12.088497161865234,21.57182502746582,0.17351806163787842,-0.2913093566894531,-11.547138214111328,-9.483327865600586,-511.0
14ad5efb,0.453932214544258,0.3450870780477316,0.9600560616678346,2759.0,1605.0,1370.0,0.8528080115836569,0.8510717905097035,0.8447112905247168,0.5425716329045283,0.5457622366750864,0.5572947325702678,9.790627537943116,7.012073464170661,12.22962142123305,6.600063321935406,5.26668641549,8.33199674957372,9.782623200808114,6.918558653186425,12.227582358982415,0.006360499984986667,-0.01153249589518146,-5.217547957062389,-3.065310334083721,-5.30902370579599,-0.6149689836201031,51.0,728.0,1.0,0.9851149916648864,0.9330032467842102,0.8590086698532104,0.3660512268543243,0.5310204029083252,4.521869659423828,14.370537757873535,4.447728157043457,14.263879776000977,0.07399457693099976,-0.1649691760540009,-9.848668098449707,-9.81615161895752,-677.0
14fee784,0.7101045296167248,0.6233435270132518,0.9680616740088106,2038.0,1223.0,879.0,0.8242436055464631,0.7932099502688285,0.8433697938319055,0.5928851397252876,0.643101935514381,0.5596967146019254,11.968800434178096,10.709369100597492,13.674625627620085,9.074766133449264,8.227472232624839,10.395613693594129,11.800945404324445,10.647791885477632,13.215173779898626,-0.05015984356307701,0.08340522091245561,-2.965256527022593,-2.1681414609692897,-2.5673818944209934,-0.3447181469955588,105.0,578.0,1.0,1.0,0.8318372368812561,0.8517335057258606,0.5799357891082764,0.5445484519004822,10.142789840698242,13.760432243347168,9.528563499450684,13.758902549743652,-0.019896268844604492,0.03538733720779419,-3.617642402648926,-4.230339050292969,-473.0
153552f5,0.44800151543853,0.3791341758537241,0.8730769230769231,2365.0,1410.0,1362.0,0.9159077030870544,0.5061854043037916,0.8931683576334036,0.4101031502267341,0.9937953468357642,0.4622372602172965,12.801339882909728,8.596650683666894,15.20996260642109,8.87688328120543,7.298527048956459,10.031600097664086,12.757068438458573,8.31833126624406,15.205274062353494,-0.3869829533296121,0.5315580866184677,-6.613311922754196,-2.7330730487076265,-6.886942796109434,-0.493942747223199,35.0,869.0,1.0,1.0,0.5674800872802734,0.7808082103729248,0.9300751686096193,0.6621054410934448,7.443177700042725,17.4554500579834,6.97921085357666,17.439531326293945,-0.21332812309265137,0.2679697275161744,-10.012272357940674,-10.460320472717285,-834.0
1550491d,0.4697527617043661,0.4393353061689051,0.7374045801526717,2679.0,1930.0,966.0,0.8035541774266549,0.6872313025712492,0.8091705451599869,0.6268106932293754,0.7909092203644497,0.6177854884019421,11.433749040120922,9.917836042200184,14.01001352162652,8.43062574695521,7.894281189414542,9.67187403861877,11.332111500451315,9.881081518912998,13.666225539357669,-0.12193924258873767,0.17312373196250752,-4.092177479426336,-1.7775928492042272,-3.7851440204446707,-0.29806927398376665,57.0,563.0,1.0,0.9791304469108582,0.7485504150390625,0.7762082815170288,0.7091538310050964,0.6690167784690857,8.368172645568848,15.952972412109377,8.291495323181152,15.795788764953612,-0.02765786647796631,0.04013705253601074,-7.584799766540529,-7.504293441772459,-506.0
155887bb,0.5727221279003961,0.4852579852579852,0.983753046303818,3036.0,1975.0,1211.0,0.8616626244370996,0.8845874874442051,0.8142553806249441,0.5259988128558855,0.480442530498279,0.6094991704261064,11.431429053698036,9.727635509773366,13.859663254755764,8.272079186139614,7.679011282148727,9.477707482214075,11.410368395061674,9.726120488706718,13.784161817178338,0.07033210681926105,-0.12905663992782734,-4.132027744982398,-1.7986962000653488,-4.058041328471621,-0.4984950610458328,71.0,966.0,1.0,1.0,0.947224497795105,0.8193415403366089,0.32488614320755,0.6010964512825012,7.077911376953125,14.760159492492676,7.02326774597168,14.6865816116333,0.1278829574584961,-0.2762103080749512,-7.682248115539551,-7.663313865661621,-895.0
1590af81,0.5106333795654184,0.4793882978723404,0.8793626707132018,2209.0,1442.0,1159.0,0.8681687187322038,0.876072104280633,0.8450824844484277,0.5134808297644542,0.4978511739854934,0.5566282701257138,9.02185640654992,8.08543354606651,10.27126542585095,6.884104565152154,6.58654397802156,7.522787489662758,8.990027484179096,7.994466161006823,10.26937018130678,0.030989619832205273,-0.05877709614022042,-2.185831879784441,-0.9362435116411971,-2.2749040202999566,-0.39997437284086146,40.0,637.0,1.0,1.0,0.9094537496566772,0.8479062914848328,0.4255496561527252,0.5515319108963013,6.484717845916748,11.21853733062744,6.368904113769531,11.208531379699709,0.06154745817184448,-0.12598225474357605,-4.733819484710692,-4.839627265930178,-597.0
15e154a1,0.5823792931806869,0.4934273805706957,0.8909899888765295,2340.0,1539.0,801.0,0.90723564256533,0.763852105614816,0.950611396324448,0.4307304433974224,0.6872377963779117,0.314288414280743,9.923087491239745,9.425932334289724,10.81434270777824,7.282872334849896,7.215715248359258,7.411904489792579,9.904597178285892,9.42525504776982,10.630428004149111,-0.18675929070963204,0.3729493820971687,-1.3884103734885151,-0.19618924143332084,-1.2051729563792914,-0.3975626083058338,74.0,597.0,1.0,1.0,0.8723510503768921,0.9467490911483764,0.5052701234817505,0.3263461589813232,6.996620655059815,11.95468807220459,6.990648746490479,11.841979026794434,-0.07439804077148426,0.1789239645004273,-4.9580674171447745,-4.851330280303954,-523.0
1619e2ca,0.6514598540145985,0.5981343283582089,0.948961937716263,2499.0,1603.0,1097.0,0.8284180617810083,0.8331977163297076,0.8394664907827832,0.5858019088719184,0.5775851169659626,0.5666277600280748,11.063195486988231,9.633599556952609,12.829686460781616,7.98698382068453,7.696385043634671,8.653079115375217,11.022914708043976,9.620625263135029,12.7451768314112,-0.0062687744530756095,0.010957356937887797,-3.1960869038290074,-0.9566940717405457,-3.1245515682761713,-0.3508276093580541,59.0,704.0,1.0,1.0,0.8655246496200562,0.8388269543647766,0.518604576587677,0.5677552819252014,8.084104537963867,14.107189178466797,8.057154655456543,13.95889663696289,0.02669769525527954,-0.049150705337524414,-6.02308464050293,-5.901741981506348,-645.0
16e4a047,0.5754124116260801,0.4011331444759207,0.997439180537772,1465.0,708.0,779.0,0.7193700744268573,0.5843661901304986,0.7407075726976321,0.7491727778999216,0.911738789203905,0.7201283598114546,16.17461426958999,11.168361403151856,19.629075635397783,10.87000943028085,8.899992788920581,12.727648711189618,16.17018744923136,10.81927417240938,19.55941192267952,-0.15634138256713348,0.19161042939245043,-8.460714232245927,-3.8276559222690363,-8.74013775027014,-0.5963060360618513,30.0,637.0,1.0,1.0,0.7436643242835999,0.7365602850914001,0.7160107493400574,0.725864589214325,11.08377170562744,20.83127212524414,10.258947372436523,20.616539001464844,0.007104039192199707,-0.009853839874267578,-9.747500419616701,-10.35759162902832,-607.0
173ed841,0.6585249042145593,0.607849714860785,0.8326359832635983,2750.0,1812.0,995.0,0.6788529359574106,0.7452245414725395,0.6022846964139155,0.8014325474331442,0.7138283526555393,0.8918691648286586,14.612206005844692,11.513438901846063,19.43609692205489,9.546536642080364,8.326605553686568,12.191910362132091,14.394703479121707,11.16331895196444,19.388687397240023,0.142939845058624,-0.1780408121731193,-7.922658020208827,-3.865304808445524,-8.225368445275583,-0.22478626840281335,88.0,716.0,1.0,1.0,0.7202741503715515,0.6511208415031433,0.7479650378227234,0.8353192806243896,11.24311637878418,19.532560348510746,11.014631271362305,19.27545547485352,0.0691533088684082,-0.08735424280166626,-8.289443969726566,-8.260824203491214,-628.0
1770d7c6,0.4133853748134543,0.314463587664688,0.8414634146341463,3601.0,2172.0,1518.0,0.5937218182850056,0.2528073344811973,0.6505090178170904,0.901419083129478,1.2224505433912676,0.8360514125135005,15.63776894493082,14.728709314734967,17.046360399454393,10.38801975959353,11.145991330359871,9.539848282350828,15.522854746543278,14.476500821324246,17.001319390315228,-0.39770168333589306,0.3863991308777671,-2.317651084719426,1.6061430480090433,-2.524818568990982,-0.5269998269694582,60.0,1017.0,1.0,1.0,0.3802562952041626,0.6449469327926636,1.1133227348327637,0.8426779508590698,15.5548095703125,19.236177444458008,14.399691581726074,19.22736167907715,-0.264690637588501,0.27064478397369385,-3.681367874145508,-4.827670097351074,-957.0
177622d7,0.7248484848484849,0.611756168359942,0.98359161349134,1794.0,843.0,1079.0,0.8387064898425723,0.8378299593877763,0.840786102898236,0.5679674465274003,0.5695086313871349,0.5642940671347946,10.940135223351383,8.52330917969477,12.438980867953196,8.097618904204003,6.730447278557577,9.130449839610495,10.93865910401014,8.51858811829868,12.428831549635465,-0.0029561435104596967,0.005214564252340348,-3.915671688258426,-2.4000025610529185,-3.9102434313367844,-0.3718354451313981,40.0,692.0,1.0,1.0,0.8441984057426453,0.8589276671409607,0.5582143068313599,0.5311729311943054,7.865966796875,13.081336975097656,7.864601612091064,13.081093788146973,-0.01472926139831543,0.027041375637054443,-5.215370178222656,-5.216492176055909,-652.0
18d24f7b,0.4504635520814397,0.394597323908104,0.6818181818181818,2478.0,1563.0,1050.0,0.8554487682333692,0.8821421403823013,0.8377321640426426,0.5376824932367257,0.4855056325475507,0.5696803243176956,9.147322066874048,6.57214962942201,11.945329716339993,6.286614391294905,5.074654510297698,8.213173276261454,9.087910646436818,6.4811432131906725,11.92194279998115,0.04440997633965871,-0.08417469177014486,-5.373180086917983,-3.138518765963756,-5.440799586790477,-0.2872208579100778,40.0,847.0,1.0,1.0,0.9496484398841858,0.8333938121795654,0.3173375427722931,0.5772455334663391,4.410392761230469,12.807815551757812,4.318777084350586,12.77284336090088,0.11625462770462036,-0.259907990694046,-8.397422790527344,-8.454066276550295,-807.0
19137a89,0.4727695675971538,0.4098832289727534,0.8527519656897784,3455.0,2422.0,1193.0,0.9390431801904052,0.9431789403994508,0.8634808577444564,0.349161337520622,0.3371084680056233,0.5225306541353217,12.417143443338151,12.537337109444346,11.686988023541678,9.834672102331206,10.121475544531169,8.829312665472404,12.416836298827542,12.52156806487178,11.638586478711783,0.07969808265499445,-0.18542218612969846,0.8503490859026677,1.2921628790587647,0.8829815861599961,-0.442868736717025,83.0,608.0,1.0,1.0,0.9335336685180664,0.881193995475769,0.3645993173122406,0.4874546229839325,14.17319679260254,12.948086738586426,13.875171661376951,12.91199779510498,0.05233967304229736,-0.1228553056716919,1.225110054016115,0.9631738662719709,-525.0
1944513c,0.4186351706036745,0.3216721672167216,0.9432624113475178,2552.0,1462.0,1463.0,0.8427839289568331,0.8991854915944646,0.8303865184272506,0.5607424917788323,0.4490311980375872,0.5824319386378968,11.212485731747888,3.7410965498802704,14.482169035310276,6.023013211951125,2.9590905114899377,8.410449465414809,11.212039824129302,3.6952578522760033,14.465796906497978,0.06879897316721395,-0.1334007406003096,-10.741072485430006,-5.451358953924871,-10.770539054221974,-0.6215902441307961,36.0,810.0,1.0,0.9818181991577148,0.9293174147605896,0.8053914308547974,0.3759855926036834,0.623872697353363,3.318979501724243,19.73297119140625,3.2006447315216064,19.62656784057617,0.12392598390579224,-0.24788710474967962,-16.413991689682007,-16.425923109054562,-774.0
197f8a5a,0.6913983903420523,0.6223915203709838,0.9613375130616508,2749.0,1879.0,920.0,0.4367917009116961,0.5680764476775786,0.3562724018365618,1.0613277524764004,0.9294337548447672,1.1346608287620037,22.070119756223093,14.260612995841004,32.57339738107576,13.847567240367978,11.12563681143654,19.536577896760583,21.95840815564689,14.192379450609272,32.283863249031256,0.2118040458410168,-0.2052270739172365,-18.312784385234753,-8.410941085324044,-18.091483798421983,-0.33894599269066705,105.0,703.0,1.0,1.0,0.6438395977020264,0.3424274623394012,0.8439909815788269,1.146797776222229,11.923965454101562,35.85453414916992,11.854924201965332,35.80280685424805,0.3014121353626252,-0.3028067946434021,-23.93056869506836,-23.947882652282715,-598.0
19871e7f,0.3672472733192251,0.2512684756232076,0.7440993788819876,2256.0,1139.0,1198.0,0.7868132843899304,0.7764364641659942,0.7968297496505087,0.6529727645316757,0.6686756101937706,0.6374484298349026,11.537662805775296,8.370936778075475,13.86855550111353,7.753900286953026,6.822684802451731,8.737707725841807,11.11131941273,8.102992240853597,13.173228475137323,-0.020393285484514467,0.031227180358868067,-5.497618723038055,-1.915022923390076,-5.070236234283726,-0.49283090325878004,35.0,889.0,1.0,1.0,0.863226592540741,0.7828418612480164,0.5230170488357544,0.6590267419815063,7.170562267303467,15.294410705566406,6.562036514282227,14.728513717651367,0.08038473129272461,-0.13600969314575195,-8.12384843826294,-8.16647720336914,-854.0
198a5607,0.4581824168587421,0.36112934996717,0.8976744186046511,2783.0,1650.0,1351.0,0.8877942131807911,0.8022615739815309,0.9121272124452224,0.4737209871204967,0.6288695031856277,0.41922019883297,14.571556285181195,12.289556698162778,16.740319010688342,11.256574179582822,9.88036557143487,12.810283870656294,14.276163071515995,12.288365820337,15.90442047636178,-0.10986563846369157,0.20964930435265772,-4.450762312525564,-2.9299182992214234,-3.6160546560247795,-0.5365450686374811,48.0,945.0,1.0,1.0,0.8449451923370361,0.9340822696685792,0.5568748712539673,0.3630915284156799,11.190467834472656,17.809158325195312,11.151071548461914,15.74881076812744,-0.08913707733154308,0.1937833428382874,-6.618690490722656,-4.597739219665526,-897.0
19fb4f7b,0.553063098517644,0.4332465600595017,0.9603563474387528,4216.0,2330.0,2156.0,0.8025989205806638,0.5906743884213331,0.8175186602061174,0.6283328408086531,0.9047934698909657,0.6041214112972368,11.558683441514187,8.326010081473228,14.007877096626048,8.128112640752668,6.661064202586784,9.57348132385668,11.125381624090997,8.239532144217698,13.129147696389683,-0.22684427178478428,0.3006720585937288,-5.68186701515282,-2.912417121269895,-4.8896155521719855,-0.5271097873792511,68.0,1283.0,1.0,1.0,0.6952766180038452,0.7947018146514893,0.780670702457428,0.6407779455184937,7.963092803955078,15.636507987976074,7.346553802490234,15.044791221618652,-0.09942519664764404,0.13989275693893433,-7.673415184020996,-7.698237419128418,-1215.0
1a518997,0.479739507959479,0.2722283205268935,0.881104033970276,1989.0,744.0,1245.0,0.7867602710982875,0.9283787079329926,0.7202053334923031,0.6530539470850972,0.3784740204215011,0.7480570386109563,12.319968188684934,6.595872737306453,14.713475366405529,8.488482877527387,5.264524391353536,10.415089394566218,11.92757872552306,6.253083770672733,14.247465482706446,0.2081733744406895,-0.3695830181894552,-8.117602629099075,-5.150565003212682,-7.994381712033713,-0.6088757134433825,31.0,723.0,1.0,1.0,0.9484286904335022,0.7614449858665466,0.3211582601070404,0.6907315254211426,6.042607307434082,16.053850173950195,5.2015557289123535,15.93556785583496,0.18698370456695557,-0.3695732653141022,-10.011242866516113,-10.734012126922606,-692.0
1a68190b,0.6487411883182276,0.5689601974699167,0.8752900232018561,3221.0,1844.0,1509.0,0.6928557537145823,0.637325550031383,0.7375487092317358,0.7837655852171843,0.8516741747506695,0.7245016090641404,13.58970817166943,12.671788613599652,14.362571978256916,9.950757733824302,10.081061677140772,9.636679983250582,13.495137755466136,12.671678907296638,13.752722487975804,-0.10022315920035274,0.12717256568652913,-1.690783364657264,0.44438169389018967,-1.0810435806791663,-0.30632982573193945,65.0,953.0,1.0,1.0,0.6936745047569275,0.700361967086792,0.7827202677726746,0.7741292119026184,11.150327682495115,16.33220100402832,10.906923294067385,16.117094039916992,-0.006687462329864502,0.008591055870056152,-5.181873321533205,-5.210170745849608,-888.0
1a730ac2,0.5846660395108184,0.4829721362229102,0.9060665362035224,2486.0,1560.0,926.0,0.8536452159993755,0.7922839874568304,0.7968902795158381,0.541026402314387,0.6445401656113754,0.6373534662715217,10.054779192181298,7.80422372662267,12.992682143829166,7.025990239043247,6.082855682754915,8.614856230198539,10.052660178194673,7.685667277707222,12.87715042843011,-0.004606292059007755,0.007186699339853719,-5.188458417206496,-2.532000547443624,-5.191483150722887,-0.4230943999806122,59.0,481.0,1.0,0.991752564907074,0.7758127450942993,0.787860095500946,0.6696076989173889,0.6513676643371582,7.051866054534912,15.307859420776367,7.004475116729736,15.208216667175291,-0.012047350406646729,0.018240034580230713,-8.255993366241455,-8.203741550445555,-422.0
1aaf1da0,0.4940908148455318,0.3973303038909401,0.9270353302611368,2383.0,1399.0,1207.0,0.7676283024557597,0.670671844987286,0.8053954155946361,0.6817209070348954,0.8115764351097362,0.6238663068404382,17.184809362440255,15.314156490160643,19.41357457813068,13.380008113899008,12.527398355351352,14.684210481852064,17.184549525954754,14.969245213147545,19.0751370742481,-0.13472357060735007,0.187710128269298,-4.099418087970038,-2.1568121265007125,-4.105891861100556,-0.5297050263701968,37.0,828.0,1.0,1.0,0.7946938276290894,0.8421528935432434,0.6407904028892517,0.5618667006492615,13.223328590393066,20.109542846679688,12.54500961303711,19.24594497680664,-0.04745906591415405,0.07892370223999023,-6.886214256286621,-6.700935363769531,-791.0
1b08ed48,0.5662241432540908,0.4970313825275657,0.8808172531214529,1834.0,1172.0,776.0,0.8647683344894228,0.8649336623375236,0.8619362034060027,0.5200608916474632,0.5197428934819146,0.5254784421724592,8.81870312720125,6.704541174121382,11.220169687731682,6.339721398857274,4.96590492301226,8.380778695235982,8.804460991178384,6.641798431799055,11.217503996992262,0.0029974589315208133,-0.005735548690544601,-4.5156285136103,-3.4148737722237223,-4.575705565193207,-0.3837858705938872,44.0,551.0,1.0,1.0,0.909284770488739,0.8747909069061279,0.4259465336799621,0.5004180073738098,5.3907012939453125,12.024476051330566,5.250032901763916,11.889805793762209,0.034493863582611084,-0.07447147369384771,-6.633774757385254,-6.639772891998293,-507.0
1b1c5372,0.6462932837555194,0.6115785930663077,0.9046546546546548,2781.0,1817.0,1205.0,0.6928604810849732,0.3394658915836638,0.8622761277941919,0.7837595535813605,1.1493773169993708,0.5248311580038061,12.171087829942772,13.76628770007214,9.167165032018556,9.273801613609482,10.842015630423036,6.754676321973065,12.158043207287356,13.766115264335603,9.033062104170549,-0.5228102362105281,0.6245461589955648,4.599122668053585,4.087339308449971,4.7330531601650545,-0.2930760615883471,93.0,749.0,1.0,1.0,0.3889300525188446,0.8711980581283569,1.1055043935775757,0.5075469017028809,12.871992111206056,10.136090278625488,12.752735137939451,9.79419231414795,-0.48226800560951233,0.5979574918746948,2.735901832580568,2.958542823791502,-656.0
1b1eba53,0.8041254983532674,0.7150924024640657,0.9893219434063,4639.0,2786.0,1853.0,0.7409585863327615,0.5908411800635769,0.8272081226525263,0.7197797075039537,0.9046091088823096,0.5878637211930563,14.771658602353034,15.078508245240805,14.297919370954084,11.118760822935736,11.907991402249213,9.93214647109151,14.604454274505906,14.991803213371014,13.953194039098127,-0.2363669425889494,0.3167453876892533,0.7805888742867211,1.9758449311577024,1.038609174272887,-0.2742295409422343,199.0,970.0,1.0,1.0,0.654017984867096,0.7986363768577576,0.8318437337875366,0.6346079707145691,13.898682594299316,16.457130432128906,13.066890716552734,15.417505264282228,-0.14461839199066162,0.19723576307296753,-2.55844783782959,-2.350614547729494,-771.0
1b6ba517,0.4187863008211496,0.2988687187582215,0.8942953020134228,2091.0,1136.0,1066.0,0.7450101958099749,0.8493255328273496,0.6815651784558829,0.7141285657219226,0.5489525793229328,0.798041128694652,17.19758203514089,10.622850017952508,21.72140036216754,11.999916382209255,8.71397286933816,15.281597104015004,16.842805223076965,10.619157111438543,20.683118126886296,0.16776035437146664,-0.2490885493717192,-11.098550344215031,-6.567624234676844,-10.063961015447752,-0.5954265832552013,38.0,760.0,1.0,1.0,0.8155954480171204,0.7492856979370117,0.6072965264320374,0.7081162333488464,10.579818725585938,24.5626220703125,10.577231407165527,21.314685821533203,0.06630975008010864,-0.10081970691680908,-13.982803344726562,-10.737454414367676,-722.0
1b82b665,0.4843523316062176,0.4482855536818437,0.8887134964483031,2337.0,1595.0,1126.0,0.570901588781873,0.1071941908645366,0.6933871965320929,0.9263891312166038,1.3362677943701728,0.7830872281781986,14.24974484844592,15.59665284091598,14.474938049932886,11.004801194721862,12.334804954416343,10.860597659360645,14.24739925112296,15.52937197854889,14.317634403320366,-0.5861930056675563,0.5531805661919742,1.1217147909830931,1.4742072950556988,1.2117375752285238,-0.4404279427664594,38.0,642.0,1.0,1.0,0.1117192953824997,0.8092557191848755,1.3328771591186523,0.6176475882530212,14.91615867614746,12.32241439819336,14.826743125915527,11.70557689666748,-0.6975364238023758,0.7152295708656311,2.5937442779541,3.121166229248047,-604.0
1bcb2fcf,0.4104659248956884,0.2947443181818182,0.8390052356020943,2361.0,1245.0,1282.0,0.6794507865028079,0.5989674353489778,0.7326371396643238,0.8006862225581156,0.8955808893126541,0.7312494243904418,17.058332193375573,17.952429383295854,16.176036723268286,13.337985456892708,14.75169285425516,12.117475452452515,17.04132205760064,17.952386832755177,16.16017335216392,-0.13366970431534597,0.1643314649222123,1.7763926600275681,2.634217401802644,1.7922134805912577,-0.5442609174202762,46.0,781.0,1.0,0.9873577952384948,0.7471014261245728,0.7980402708053589,0.7111941576004028,0.6355465650558472,15.115676879882812,16.833066940307617,15.112665176391602,16.773845672607422,-0.05093884468078613,0.07564759254455566,-1.7173900604248047,-1.6611804962158203,-735.0
1beca81d,0.643265306122449,0.5621662852784134,0.956315289648623,2364.0,1474.0,1007.0,0.8883737799179124,0.8649157319202959,0.9072338458016082,0.4724959684104988,0.5197773909659866,0.4307346148114679,8.676537419061331,7.707154220507205,9.834268687656555,6.477063359184873,6.171194146780269,6.879130550720044,8.657224689454068,7.565264011525947,9.812071829466992,-0.042318113881312236,0.08904277615451872,-2.127114467149351,-0.7079364039397751,-2.246807817941045,-0.3941490043702096,52.0,684.0,1.0,0.9970845580101012,0.8911855816841125,0.9114787578582764,0.4665070474147796,0.4207641780376434,6.0716872215271,10.97405242919922,6.024370193481445,10.817720413208008,-0.02029317617416382,0.04574286937713623,-4.902365207672121,-4.7933502197265625,-632.0
1d3fbf02,0.5179198875614898,0.4727694090382387,0.6821428571428572,1474.0,816.0,764.0,0.717262011051127,0.6061351254617919,0.7670497757869796,0.7519813680522583,0.8875414069644391,0.6825690063473734,12.27237125093473,9.573519253227248,14.450061022486636,9.09494324765164,7.65663092469614,10.52789383686689,12.269384005373585,9.169648201911128,13.977080385963072,-0.1609146503251877,0.20497240061706568,-4.876541769259388,-2.8712629121707494,-4.807432184051944,-0.20937344810461844,31.0,525.0,1.0,1.0,0.698602557182312,0.7549101710319519,0.7763986587524414,0.7001283168792725,8.55938720703125,16.43758773803711,7.9685492515563965,16.049131393432617,-0.05630761384963989,0.07627034187316895,-7.878200531005859,-8.08058214187622,-494.0
1d78281a,0.5701036552100381,0.51672671127123,0.8592684438933664,3135.0,2008.0,1386.0,0.7619322114498672,0.7077421928925967,0.8378862760720088,0.6900257800258376,0.7645362085701414,0.5694097363550981,11.86223610195989,12.308957383208892,10.825433964566743,8.641611394514099,9.25918045011388,7.712509833763892,11.727922711639296,12.177300551643162,10.664626073276311,-0.13014408317941217,0.1951264722150433,1.4835234186421484,1.5466706163499868,1.5126744783668506,-0.3425417326221364,55.0,981.0,1.0,1.0,0.7493451237678528,0.8420389294624329,0.7080323100090027,0.5620695352554321,11.106918334960938,11.516509056091309,10.863617897033691,11.414521217346191,-0.09269380569458008,0.14596277475357056,-0.4095907211303711,-0.5509033203125,-926.0
1e30dedf,0.609375,0.5189518015910154,0.947187141216992,1833.0,1109.0,825.0,0.9088280437431234,0.7243919339805368,0.9398344207947588,0.4270174616028637,0.7424393120241723,0.3468878181926864,6.862667260329056,6.238649824031628,7.573450975963711,4.610988622194349,4.113148203769328,5.286435566858771,6.516822014220495,6.178033155591194,6.6790148686146935,-0.21544248681422196,0.39555149383148597,-1.3348011519320826,-1.1732873630894423,-0.5009817130234993,-0.4282353396259766,51.0,442.0,1.0,1.0,0.7760707139968872,0.9274455308914183,0.669222354888916,0.3809316754341125,4.428766250610352,9.749289512634276,4.418304443359375,8.229511260986328,-0.15137481689453114,0.2882906794548035,-5.320523262023924,-3.811206817626953,-391.0
1e5e3573,0.7298166613058862,0.6324977618621307,1.0,2269.0,1413.0,875.0,0.7835743968071051,0.7082185260104727,0.8077241963360288,0.6579142849838343,0.763912919107312,0.6201222519212986,11.734400527887232,10.10768108671788,14.131169464111409,8.551314170952681,7.750012470795783,9.98046545640908,11.720598263352706,9.978946431879166,14.070688000902988,-0.09950567032555602,0.1437906671860134,-4.023488377393528,-2.2304529856132973,-4.091741569023823,-0.3675022381378693,61.0,661.0,1.0,1.0,0.7539322376251221,0.8403723239898682,0.7015237212181091,0.5650268793106079,9.034088134765623,13.63257884979248,8.977313041687012,13.632132530212402,-0.0864400863647461,0.13649684190750122,-4.598490715026857,-4.654819488525391,-600.0
1f9afacb,0.3772316253188036,0.2322147651006711,0.8214553638409603,1627.0,692.0,1095.0,0.8807772065355296,0.8367773692876588,0.8744860031730901,0.488308905232068,0.5713538845800231,0.5010269390500074,11.81473553541022,4.078480497926241,14.26904707966658,6.658125256274453,3.0524834021297056,8.783271613568925,11.773119503787903,4.066500324987074,14.156195662858757,-0.03770863388543133,0.07032694553001573,-10.190566581740338,-5.730788211439219,-10.089695337871682,-0.5892405987402892,16.0,834.0,1.0,1.0,0.8714535236358643,0.8838027715682983,0.5070433616638184,0.4820730686187744,3.312205076217652,14.769492149353027,3.2934515476226807,14.607754707336426,-0.012349247932434082,0.024970293045043945,-11.457287073135376,-11.314303159713745,-818.0
1fdbba44,0.4303896612492657,0.3777325876970005,0.8405797101449275,2198.0,1486.0,986.0,0.7943653389965671,0.8386328039861406,0.6717838235549958,0.6413028317471129,0.5680971677694924,0.8102051301306407,11.260093939559392,10.415425976033244,12.702758964590569,8.576892093356959,8.09685189284684,9.621552483553987,11.257498677476198,10.360410338812375,12.698957282395096,0.16684898043114482,-0.2421079623611483,-2.287332988557324,-1.5247005907071483,-2.3385469435827204,-0.462847122447927,36.0,587.0,1.0,1.0,0.8848302960395813,0.7151287794113159,0.4799368679523468,0.7548128366470337,8.40903091430664,13.371159553527832,8.357905387878418,12.740922927856444,0.16970151662826538,-0.2748759686946869,-4.962128639221191,-4.383017539978026,-551.0
1fee2b62,0.66796875,0.602803738317757,0.8865168539325843,1881.0,1161.0,789.0,0.6499918810615676,0.6727448724686665,0.6684638425776278,0.8366697304652922,0.8090180808008354,0.8142925241243127,14.875996586732274,9.995992230601292,19.832182309741142,9.948851599125495,8.160467427765168,12.532444855199984,14.875471920404646,9.191225962349076,18.87734013774535,0.0042810298910387345,-0.0052744433234773735,-9.83619007913985,-4.371977427434816,-9.686114175396273,-0.28371311561482726,53.0,627.0,1.0,1.0,0.8445897102355957,0.6608154773712158,0.5575128793716431,0.8236316442489624,7.122744560241699,21.68441200256348,6.12680721282959,20.64106750488281,0.18377423286437988,-0.26611876487731934,-14.561667442321781,-14.514260292053219,-574.0
20096916,0.6137387387387387,0.5165589660743134,0.974907063197026,2180.0,1279.0,1049.0,0.6766045521574157,0.7849098001715328,0.591693042568543,0.804233110289031,0.6558813914549905,0.9036669269498104,18.80770054211602,13.345726600919877,23.63221610389897,13.472050455545707,10.345998944783078,17.29667899994222,18.80766940757503,13.212078877991306,23.566529284359117,0.19321675760298973,-0.24778553549481996,-10.286489502979093,-6.9506800551591414,-10.35445040636781,-0.4583480971227126,45.0,633.0,1.0,1.0,0.8316830396652222,0.6436245441436768,0.5802016258239746,0.8442457914352417,11.32536506652832,25.822458267211918,11.204368591308594,25.272846221923828,0.1880584955215454,-0.2640441656112671,-14.497093200683597,-14.068477630615234,-588.0
200d233d,0.4727668845315904,0.3901630284609008,0.8935944944415034,2604.0,1412.0,1688.0,0.6956789972319618,0.3641272044234482,0.7798075111656402,0.7801551163301286,1.127716981850102,0.6636150824602464,14.867361040314286,15.623269809359634,14.296269462082943,10.790360593453636,12.145776800192635,9.912627563899909,14.865470209592395,15.406804015239226,14.218627292322076,-0.415680306742192,0.4641018993898557,1.327000347276691,2.2331492362927268,1.1881767229171505,-0.5034314659806026,40.0,877.0,1.0,1.0,0.3479925096035003,0.8718712329864502,1.1419347524642944,0.5062188506126404,16.293306350708008,14.337120056152344,16.115882873535156,13.827048301696776,-0.5238787233829498,0.635715901851654,1.956186294555664,2.2888345718383807,-837.0
201661b5,0.4981718464351005,0.4333752922136306,0.7691940867906533,3815.0,2410.0,1613.0,0.7630274497377306,0.7368755681535595,0.8054254188965702,0.6884367077114197,0.7254301232323352,0.6238182124680712,13.88356328675724,12.38660288898331,15.936345818339896,10.269813560047558,9.76384884962916,11.243492322863316,13.807922655066593,11.527301058631124,15.38777559532079,-0.06854985074301068,0.10161191076426401,-3.5497429293565865,-1.479643473234157,-3.860474536689665,-0.3358187945770227,93.0,1287.0,1.0,1.0,0.7752293944358826,0.8231286406517029,0.670478343963623,0.5947627425193787,11.115413665771484,15.668774604797363,10.340206146240234,15.477337837219238,-0.04789924621582031,0.07571560144424438,-4.553360939025879,-5.137131690979004,-1194.0
203721ab,0.4528171448323539,0.4071553994732221,0.8731707317073171,2620.0,1855.0,1074.0,0.801093245547014,0.8195560644383081,0.8043734125220816,0.630724590376792,0.6007394369636339,0.6255023380898243,8.964875813662042,8.014163708389377,10.141317412631146,6.381768547518059,5.819196415813388,7.228606978564108,8.964757935258675,7.929553671148611,10.01945346070672,0.015182651916226475,-0.024762901126190395,-2.1271537042417688,-1.40941056275072,-2.0898997895581086,-0.46601533223409497,59.0,702.0,1.0,1.0,0.8551719784736633,0.8073709011077881,0.5381970405578613,0.62069171667099,7.27559757232666,11.753037452697754,7.155219554901123,11.45651149749756,0.047801077365875244,-0.08249467611312866,-4.477439880371094,-4.301291942596437,-643.0
20402d71,0.3489589985949674,0.2872594242086846,0.9319066147859922,2732.0,1806.0,1437.0,0.7160420023652013,0.720270388126494,0.6931329042626353,0.7536020138439105,0.7479700687507569,0.7834118913283927,14.173302808183314,11.666260640861983,18.25038244785988,9.616791300170217,8.605545699992335,12.588119740086276,14.099674666949872,11.63524142307605,17.509089535679387,0.027137483863858725,-0.03544182257763584,-6.5841218069978975,-3.9825740400939402,-5.873848112603337,-0.6446471905773077,52.0,801.0,1.0,1.0,0.7798652052879333,0.7279139161109924,0.6635281443595886,0.7376802563667297,10.84151554107666,17.79351806640625,10.546035766601562,17.788068771362305,0.05195128917694092,-0.07415211200714111,-6.95200252532959,-7.242033004760742,-749.0
2043abc5,0.6898690558235699,0.6507240017551558,0.9550561797752808,2002.0,1483.0,595.0,0.7584556628599795,0.6926083210132558,0.815266890437283,0.6950458073249857,0.7840812189904107,0.6078373294932075,13.305066082537335,12.422014294711888,15.408328917786257,9.5929147552225,9.462400209908727,10.07862863121951,13.295133098939475,12.394405007102476,15.408234850920934,-0.1226585694240272,0.17624388949720327,-2.986314623074369,-0.6162284213107831,-3.013829843818458,-0.304332178020125,66.0,420.0,1.0,0.9882352948188782,0.7277761101722717,0.7905510067939758,0.7378670573234558,0.6472232937812805,12.03018569946289,17.268814086914062,11.967278480529783,17.26195526123047,-0.0627748966217041,0.09064376354217529,-5.238628387451172,-5.294676780700685,-354.0
204cc64b,0.6042435424354243,0.4906088082901554,0.9967948717948718,2620.0,1515.0,1244.0,0.8743440307059609,0.4481878003005357,0.7763006614459687,0.5013102219066335,1.0505352918388455,0.6688786714405406,14.777360319844403,10.295609415473471,18.642031053376066,9.998337523209525,7.876581363020034,12.54716992961936,14.70973689193053,10.08019185130126,18.59613796961912,-0.328112861145433,0.38165662039830495,-8.346421637902594,-4.670588566599325,-8.515946118317862,-0.5061860635047164,54.0,744.0,1.0,1.0,0.6902516484260559,0.7334391474723816,0.7870811223983765,0.7301518321037292,10.951281547546388,15.838567733764648,10.674415588378906,15.758286476135254,-0.043187499046325684,0.05692929029464722,-4.88728618621826,-5.083870887756348,-690.0
206b6193,0.6151981577990546,0.5619913834370512,0.844758064516129,5076.0,3522.0,1676.0,0.760368319567659,0.6430128371289672,0.8576242512921877,0.6922884954010733,0.8449700146999689,0.5336211178501322,12.705415530195648,12.99343001369706,12.154405115600358,9.436089379044065,10.113291204843796,8.055511082991963,12.704529900557617,12.985304622310377,12.087101297006784,-0.2146114141632205,0.3113488968498367,0.8390248980967012,2.057780121851833,0.8982033253035926,-0.28276668107907776,141.0,883.0,1.0,1.0,0.641377866268158,0.8820415735244751,0.8469027280807495,0.4857127368450165,11.906848907470703,14.315962791442873,11.852290153503418,14.030675888061523,-0.24066370725631714,0.36118999123573303,-2.4091138839721697,-2.1783857345581055,-742.0
2075c696,0.6313220074204257,0.4948805460750853,0.9055225924235508,3233.0,1450.0,1984.0,0.7385500477690742,0.6193812716233232,0.7453716346254091,0.7231181815317961,0.8724892301646786,0.7136222605476806,13.995623450292772,8.951157500739498,16.39209196031057,9.644312558278662,6.671485800350985,11.571317009499207,13.954166474842737,8.939333078836743,16.2884197977706,-0.12599036300208588,0.15886696961699798,-7.440934459571071,-4.899831209148222,-7.349086718933858,-0.4106420463484655,65.0,1307.0,1.0,1.0,0.6380295157432556,0.7896978259086609,0.8508471846580505,0.6485401391983032,10.162147521972656,16.467025756835938,10.134278297424316,16.46243667602539,-0.15166831016540527,0.20230704545974731,-6.304878234863281,-6.328158378601074,-1242.0
22c5f93f,0.6056518946692357,0.5237030411449016,0.9441913439635536,1886.0,1171.0,829.0,0.651764055217974,0.6612142824288602,0.6768382784060584,0.834548913823541,0.8231472742725202,0.8039424377328785,21.662932593902188,16.778798645850074,27.064723614111735,15.078349168187373,12.739859114935712,18.593228738279524,21.61998417461038,16.265339697668452,26.164100207892663,-0.015623995977198213,0.019204836539641668,-10.28592496826166,-5.853369623343813,-9.89876051022421,-0.420488302818652,53.0,654.0,1.0,1.0,0.8119186758995056,0.6748745441436768,0.6133210062980652,0.806381344795227,12.10829734802246,29.13374710083008,11.457512855529783,26.423568725585938,0.13704413175582886,-0.19306033849716187,-17.025449752807624,-14.966055870056154,-601.0
230eaaa3,0.7377701934015927,0.7032071503680336,0.926530612244898,3891.0,2675.0,1362.0,0.7452745301949787,0.7356280467070466,0.751019333737729,0.7137583201686987,0.7271477886825393,0.705663753160485,13.721274617829486,9.974641407805494,18.84948317728865,9.30974888011622,7.754827925299007,12.325289490775422,13.721144326794809,9.884054606480078,18.688885756471144,-0.015391287030682377,0.021484035522054246,-8.874841769483156,-4.570461565476415,-8.804831149991067,-0.22332346187686436,167.0,987.0,1.0,0.9889779686927797,0.8543170690536499,0.7522085309028625,0.5397831797599792,0.7039765119552612,7.900864124298096,21.379240036010746,7.669961452484131,20.93863677978516,0.10210853815078735,-0.16419333219528198,-13.47837591171265,-13.268675327301029,-820.0
2364716c,0.6411537588008176,0.5354330708661418,0.9756457564575646,2823.0,1632.0,1322.0,0.8382561538721918,0.6103523687916897,0.8964868642297371,0.5687597843163812,0.882777017381298,0.4550013972951355,11.914233128707144,12.141566615791628,12.779979575253805,8.620515419616446,9.011973476455074,8.888265117313827,11.807668536711176,11.975997700807676,12.597863226732636,-0.28613449543804736,0.4277756200861625,-0.6384129594621761,0.12370835914124712,-0.6218655259249601,-0.4402126855914228,68.0,818.0,1.0,1.0,0.6727385520935059,0.9402275681495668,0.8090258836746216,0.3457525968551636,12.4579439163208,11.055814743041992,11.996782302856444,10.971054077148438,-0.2674890160560609,0.463273286819458,1.4021291732788086,1.025728225708006,-750.0
23b9beb0,0.2864147678107874,0.2263352723426758,0.7517842981760507,1986.0,1284.0,948.0,0.8042452670892177,0.8116497787823682,0.7839648434161599,0.6257071725828022,0.6137592707530075,0.6573205558688091,11.27321421959136,7.870421327970834,14.045120943416835,7.668520180807048,5.939110944426117,9.6005947528519,11.19441638858419,7.870311053135503,13.55202329784552,0.027684935366208308,-0.043561285115801596,-6.174699615446001,-3.661483808425782,-5.681712244710018,-0.5254490258333749,37.0,633.0,1.0,1.0,0.8978732824325562,0.7913362979888916,0.4519440531730652,0.6460088491439819,5.226782321929932,16.310766220092773,5.213469982147217,15.86794662475586,0.10653698444366455,-0.19406479597091675,-11.083983898162842,-10.654476642608643,-596.0
24d8997e,0.5017574692442882,0.4180887372013652,0.752157829839704,2284.0,1225.0,1220.0,0.8503894467018659,0.8880776446136374,0.8196606725710807,0.5470110662466238,0.4731223000163121,0.6005652794308365,14.391508147342131,10.850877719029016,17.304831273576852,10.187247025308237,8.275187610792676,12.185605794208426,14.390790261888013,10.84737580445723,17.271345659749073,0.0684169720425567,-0.12744297941452437,-6.4539535545478355,-3.91041818341575,-6.423969855291844,-0.33406909263833884,39.0,815.0,1.0,0.976047933101654,0.912469744682312,0.8204858303070068,0.4184023439884186,0.5991897583007812,9.358596801757812,19.349102020263672,9.32456398010254,19.26498413085937,0.09198391437530518,-0.18078741431236267,-9.99050521850586,-9.94042015075683,-776.0
25050f63,0.4496192149970708,0.3540735647988999,1.0,3070.0,2060.0,1010.0,0.8546923810855666,0.8910469721102058,0.8527645750307054,0.5390874120482382,0.4668040871496183,0.5426516838070157,11.277363220726333,8.390078825286567,15.588420345945645,7.760406738390688,6.468177790299048,10.396042018656804,11.277338815928193,8.12972133491421,15.023473352540146,0.03828239707950043,-0.07584759665739738,-7.198341520659078,-3.9278642283577554,-6.8937520176259355,-0.6459264352011,98.0,949.0,1.0,1.0,0.8793814182281494,0.8578760027885437,0.4911589920520782,0.5331491231918335,9.15930461883545,15.62339973449707,8.839205741882324,15.05514144897461,0.021505415439605713,-0.041990131139755305,-6.464095115661621,-6.215935707092285,-851.0
25939962,0.7941983535868287,0.7668711656441718,0.9239956568946796,2026.0,1250.0,851.0,0.705785778783162,0.4774946453461308,0.7863248787199082,0.7670908958094054,1.0222576530932592,0.6537203091232393,15.318885007087284,13.868908817840042,17.014599204143348,11.307898614685804,10.921236700098746,11.757883125383106,15.21955070907132,13.82563979060035,16.7331554747708,-0.3088302333737774,0.3685373439700199,-3.145690386303306,-0.8366464252843606,-2.90751568417045,-0.15712449125050776,70.0,708.0,1.0,1.0,0.5706368684768677,0.7989184856414795,0.9266748428344728,0.6341632604598999,11.51567268371582,17.91655158996582,11.277007102966309,17.644546508789062,-0.22828161716461182,0.29251158237457286,-6.40087890625,-6.367539405822754,-638.0
25fd32b3,0.4385514684915882,0.2571029343269678,0.901470588235294,1538.0,552.0,1226.0,0.8767144083558809,0.9510576092058364,0.8432823608894585,0.4965593451826662,0.3128654368707528,0.5598529076651143,15.023518157092555,11.0233935629438,16.48759852747576,10.900699612604573,8.561421492965716,12.230792832063068,14.850882200038598,10.039170041682516,16.411994659377623,0.10777524831637786,-0.2469874707943615,-5.464204964531961,-3.669371339097353,-6.372824617695107,-0.6443676539083263,13.0,674.0,1.0,0.971181571483612,0.9438623785972596,0.8112887144088745,0.3350749909877777,0.6143472790718079,11.373468399047852,19.11941337585449,10.54904079437256,19.03740882873535,0.13257366418838512,-0.27927228808403015,-7.745944976806637,-8.488368034362791,-661.0
261785ee,0.7380694143167028,0.6716483516483517,0.962491153573956,2722.0,1528.0,1360.0,0.8702172279395146,0.7309976125618295,0.9273927389183448,0.5094757542032503,0.7334880877535375,0.3810702325862131,12.728393920932245,12.798286163360483,12.46294407170778,8.25691484343486,7.3274592273413,9.20101340677587,12.690111562521365,12.590958817021086,11.718348029008771,-0.19639512635651535,0.3524178551673244,0.3353420916527039,-1.8735541794345698,0.8726107880123148,-0.2908428019256043,76.0,886.0,1.0,1.0,0.7771082520484924,0.9145129919052124,0.6676701903343201,0.4134900569915771,11.323553085327148,14.163907051086426,11.074054718017578,11.61716365814209,-0.13740473985671997,0.254180133342743,-2.8403539657592773,-0.5431089401245117,-810.0
264feceb,0.3880281690140845,0.2427148653633345,0.8873659117997617,2755.0,1316.0,1489.0,0.8199345288453791,0.864065691093192,0.8134959812635614,0.6001091086704499,0.5214102202811296,0.6107438394882729,9.620969228095884,6.956228467824668,11.42379399692508,6.717874918131021,5.175423039404718,8.052395194098384,9.511122649733036,6.761419241426405,11.350687681083528,0.050569709829630605,-0.08933361920714333,-4.467565529100411,-2.876972154693666,-4.589268439657123,-0.6446510464364271,39.0,855.0,1.0,1.0,0.8551082611083984,0.8422904014587402,0.5383154153823853,0.5616219639778137,6.418747425079346,12.722591400146484,6.078286170959473,12.69515609741211,0.012817859649658203,-0.023306548595428467,-6.303843975067139,-6.616869926452637,-816.0
26623a50,0.5290592081365783,0.4808531265147843,0.7905797101449276,2913.0,1984.0,1091.0,0.7624609596898891,0.6606701611871089,0.8220248517274508,0.6892590809124112,0.8238080344508557,0.5966157025632987,13.749801698658969,11.471918925867833,16.905561687681278,9.985835473159556,8.978718004390354,11.732021439407252,13.74887882367531,11.155748633385569,16.239506276956096,-0.1613546905403419,0.22719233188755705,-5.433642761813445,-2.753303435016898,-5.083757643570527,-0.30972658363014327,70.0,818.0,1.0,0.9749702215194702,0.6942888498306274,0.8310336470603943,0.7819349765777588,0.5813198089599609,9.97273063659668,18.93625831604004,9.840472221374512,18.007787704467773,-0.13674479722976685,0.20061516761779785,-8.96352767944336,-8.167315483093262,-748.0
26d3a96a,0.6012256014525647,0.4816997518610422,0.9695431472081218,2649.0,1553.0,1146.0,0.8675749891396276,0.6088599264301848,0.9048771810997772,0.5146358146502678,0.8844660237338856,0.4361715692252826,11.402876659449548,10.874564827314217,12.1952908533541,7.706758566877492,7.685320836391275,7.78914395848793,11.39743205002786,10.874528758550916,12.152574004447452,-0.2960172546695924,0.448294454508603,-1.3207260260398836,-0.10382312209665479,-1.2780452458965357,-0.48784339534707966,78.0,740.0,1.0,1.0,0.8139758110046387,0.8833742141723633,0.6099576950073242,0.4829612672328949,12.150762557983398,12.960855484008787,11.999768257141112,12.955129623413086,-0.06939840316772461,0.12699642777442932,-0.8100929260253888,-0.9553613662719744,-662.0
272abef3,0.4750922509225092,0.3876204972095383,0.8254397834912043,2575.0,1528.0,1220.0,0.8283841736386366,0.7390557348765744,0.8863522430421849,0.5858597551656256,0.7224185284492994,0.4767551928564913,12.200356526813922,11.655811759069287,12.626183212983404,9.82356687039832,9.40802526227042,10.1003027687632,11.996773647098,11.609671869827404,12.251748110099934,-0.14729650816561046,0.24566333559280812,-0.970371453914117,-0.6922775064927791,-0.6420762402725302,-0.437819286281666,42.0,692.0,1.0,0.9871612191200256,0.776350200176239,0.8981903195381165,0.6688045859336853,0.4512420296669006,11.062928199768066,13.499143600463867,10.852899551391602,12.455925941467283,-0.12184011936187744,0.21756255626678472,-2.436215400695801,-1.6030263900756818,-650.0
27300fd5,0.4514501891551072,0.3648622981956315,0.7441239316239316,3222.0,1921.0,1393.0,0.8528650861115539,0.1938084732303686,0.8005510745449647,0.542466430092123,1.269796461461152,0.6315836056375044,16.688393009900786,15.66163476218848,17.546512204956592,10.516645573413308,9.070250557287563,12.123101623878958,16.605363704425258,15.44822175929104,17.542327291676482,-0.606742601314596,0.6382128558236477,-1.8848774427681114,-3.052851066591394,-2.094105532385443,-0.37926163342830016,56.0,1021.0,1.0,1.0,0.1924804896116256,0.59991055727005,1.2708418369293213,0.8945271968841553,15.18497371673584,18.26875305175781,15.134389877319336,18.268741607666016,-0.4074300676584245,0.376314640045166,-3.083779335021969,-3.1343517303466797,-965.0
276b012a,0.643296662315868,0.5673147920255969,0.9192307692307692,3450.0,2305.0,1195.0,0.9177791477145512,0.9494270470384076,0.7958116848109453,0.4055141237625361,0.3180344414103368,0.6390435277648224,16.078958125499064,12.473471195309132,21.79511362211399,10.123107107241315,8.554587910363326,13.46866954640814,16.078187708813847,12.33771409348563,21.393850176081852,0.1536153622274623,-0.3210090863544856,-9.321642426804859,-4.9140816360448145,-9.056136082596222,-0.3519159772051723,97.0,573.0,1.0,1.0,0.9567230939865112,0.8428910970687866,0.2942003011703491,0.5605513453483582,13.727981567382812,11.740801811218262,13.682846069335938,11.733728408813477,0.11383199691772461,-0.26635104417800903,1.9871797561645508,1.949117660522461,-476.0
27c3155b,0.4057236547920703,0.2416962607060789,0.8870967741935484,2722.0,1157.0,1705.0,0.8960462770298743,0.6388909982808614,0.8813025933709625,0.4559686896490278,0.8498341034803659,0.4872317859685213,12.423252014710815,6.897400843246042,14.83942130674091,8.399293748642087,5.53129154858036,10.208223620565782,12.319569245025551,6.881235358284327,14.560203024039682,-0.24241159509010113,0.36260231751184463,-7.942020463494868,-4.676932071985422,-7.678967665755355,-0.6454005134874694,51.0,1086.0,1.0,1.0,0.4961535036563873,0.8649833798408508,1.003839135169983,0.5196472406387329,7.476720333099365,16.104345321655273,7.322906494140625,15.592154502868652,-0.36882987618446356,0.48419189453125,-8.627624988555908,-8.269248008728027,-1035.0
27ebb9b9,0.4727979274611399,0.4071207430340557,0.8391777509068924,2920.0,1841.0,1388.0,0.895379137512626,0.7692496180221063,0.8655524274491974,0.4574294754109621,0.6793384752505832,0.5185510053038228,12.497742010721812,5.979502789606691,17.331664507680035,7.077441783546449,4.7526461599269485,10.31073748151397,12.447814065090135,5.869960518584287,16.77900562492704,-0.09630280942709102,0.1607874699467604,-11.352161718073344,-5.558091321587021,-10.909045106342754,-0.4320570078728367,50.0,952.0,1.0,1.0,0.8976541757583618,0.8492184281349182,0.4524286091327667,0.5491476655006409,3.689512252807617,18.06814765930176,3.5049400329589844,17.696563720703125,0.048435747623443604,-0.09671905636787415,-14.378635406494144,-14.19162368774414,-902.0
283269ac,0.5843469063987309,0.3384433962264151,0.8686481303930969,1105.0,287.0,906.0,0.8377363977383206,0.7520505511571367,0.8444595370115067,0.5696728925649865,0.7042008929884472,0.5577462917644426,14.945663784636032,9.625419483361812,15.803494122804922,10.747287430299458,7.895823682675424,11.22312489602767,14.945160419364914,7.572746509682678,15.745728873580154,-0.09240898585436996,0.14645460122400467,-6.1780746394431105,-3.3273012133522464,-8.172982363897475,-0.5302047341666818,8.0,740.0,1.0,0.9879840016365052,0.8507232666015625,0.8518497943878174,0.5464004874229431,0.5443348288536072,7.423437118530273,16.660358428955078,5.961679458618164,16.418621063232422,-0.0011265277862548828,0.0020656585693359375,-9.236921310424805,-10.456941604614258,-732.0
28473855,0.430908241159059,0.3059163059163059,0.762936753648828,2766.0,1272.0,1725.0,0.8086418694281858,0.6842429905881933,0.8133477692991062,0.6186406559090893,0.7946785632088067,0.6109864658090124,15.526609612266377,8.207193242029907,18.58588659377612,10.508246565583123,6.377428359105827,12.92289115822572,15.525012505703463,8.206451056154783,18.58562883879531,-0.12910477871091297,0.1836920973997943,-10.378693351746213,-6.5454627991198935,-10.379177782640525,-0.45702044773252204,43.0,1327.0,1.0,1.0,0.7243214845657349,0.8071744441986084,0.7425342202186584,0.6210081577301025,8.168109893798828,20.4943790435791,8.1666898727417,20.490020751953125,-0.08285295963287354,0.12152606248855591,-12.326269149780273,-12.323330879211426,-1284.0
28f4eda9,0.4591798344620015,0.4093379446640316,0.94006309148265,2441.0,1657.0,1192.0,0.7974035816350282,0.7940551285153126,0.7882914835237169,0.6365475918813482,0.6417863686378629,0.6507050276066462,12.847424855845942,11.507917723229308,14.783327941720934,9.404595044871296,9.063305720992016,10.487762982035855,12.757946030325275,11.189025283500852,14.775592742275837,0.005763644991595651,-0.0089186589687833,-3.2754102184916256,-1.4244572610438393,-3.5865674587749847,-0.5307251468186184,47.0,516.0,1.0,1.0,0.8619739413261414,0.810355007648468,0.5254065990447998,0.6158652305603027,8.64949893951416,17.434040069580078,8.23922061920166,17.237220764160156,0.05161893367767334,-0.09045863151550293,-8.784541130065918,-8.998000144958496,-469.0
29b24409,0.5920688595142944,0.4685840707964602,0.9033232628398792,1926.0,1059.0,897.0,0.7782943314371181,0.8196130927463725,0.7446593112659996,0.6658913853818532,0.6006444992732848,0.7146197432677052,10.286912950276974,7.002899550612568,13.184996555312605,7.286523087900294,5.3553424030790096,9.66347143415646,10.168207791114082,6.900855587377793,12.185138361952838,0.0749537814803729,-0.11397524399442038,-6.1820970047000365,-4.30812903107745,-5.284282774575045,-0.434739192043419,42.0,567.0,1.0,1.0,0.9546225070953368,0.7677009701728821,0.3012556731700897,0.6816142797470093,4.309630393981934,13.993511199951172,4.02221155166626,13.736258506774902,0.18692153692245472,-0.38035860657691956,-9.683880805969238,-9.714046955108643,-525.0
29de15c8,0.3680064633407392,0.2510625379477838,0.7893783946891973,1822.0,827.0,1308.0,0.829250916033101,0.7821213842810025,0.8376950412252291,0.5843784458155503,0.6601191039789676,0.5697454848873678,10.110069884565586,7.719446207097172,10.607519949472405,7.166496865234878,5.886206629087905,7.374799547983526,10.10432294674981,7.719429014961873,10.574099423411145,-0.05557365694422656,0.0903736190915998,-2.8880737423752327,-1.4885929188956215,-2.8546704084492713,-0.5383158567414135,20.0,893.0,1.0,1.0,0.7716323733329773,0.8451037406921387,0.6758219003677368,0.5565900802612305,7.176240921020508,12.198204040527344,7.176239967346191,12.192639350891112,-0.07347136735916138,0.11923182010650635,-5.021963119506836,-5.01639938354492,-873.0
2ab29395,0.6382340334333476,0.4553872053872054,0.959825327510917,1489.0,541.0,1099.0,0.6606989974082641,0.6041616250018013,0.6390470452310333,0.8237730301384428,0.8897621873267022,0.8496504631540746,18.101976296419107,12.18451261810965,20.044550868114317,12.721465848723923,9.756533417140332,13.990718972054225,18.069343552479285,11.903597971659364,19.846690303218047,-0.03488542022923202,0.04011172417262765,-7.860038250004667,-4.234185554913893,-7.943092331558683,-0.5044381221237115,15.0,594.0,1.0,1.0,0.7881304621696472,0.581885576248169,0.6509524583816528,0.9144554734230042,12.928892135620115,22.236656188964844,12.928757667541504,22.040990829467773,0.20624488592147827,-0.2635030150413513,-9.307764053344728,-9.11223316192627,-579.0
2ac7cb6b,0.6098981077147017,0.5884808013355592,0.8662832494608196,3771.0,2820.0,1205.0,0.8943267853152616,0.874769715319068,0.909424237545449,0.459724297127612,0.500460357432898,0.4256189903060036,8.629028047462954,8.30686287515147,9.421197214579724,6.321189684299404,6.351812179046846,6.397708348159455,8.620751381316119,8.272704478399426,9.402030506169076,-0.03465452222638099,0.07484136712689438,-1.1143343394282539,-0.045896169112609186,-1.1293260277696504,-0.27780244812526034,133.0,709.0,1.0,1.0,0.9308359026908876,0.9083641171455384,0.3719249963760376,0.4281025230884552,6.317641258239746,11.422393798828123,6.31705379486084,11.323687553405762,0.02247178554534912,-0.0561775267124176,-5.104752540588377,-5.006633758544922,-576.0
2acc78d4,0.7090464547677262,0.6698599852616065,0.8422971741112124,1740.0,909.0,924.0,0.7727419714526508,0.6509172213058338,0.7767900828973633,0.6741780603777451,0.8355630182028955,0.668146566409851,17.72950145367706,14.238951473591456,20.241444231690267,12.20969838470464,10.3903890833226,13.77748046568438,17.692231681805197,13.995200630247544,19.84969979818245,-0.12587286159152944,0.16741645179304443,-6.0024927580988106,-3.387091382361781,-5.854499167934906,-0.1724371888496059,67.0,709.0,1.0,1.0,0.709100604057312,0.772843599319458,0.7627573609352112,0.6740273237228394,14.50958251953125,22.31351089477539,14.447163581848145,21.146692276000977,-0.063742995262146,0.08873003721237183,-7.803928375244141,-6.699528694152832,-642.0
2b034622,0.4036622583926755,0.3080568720379147,0.8125,1984.0,1105.0,1079.0,0.7916271134063415,0.7186164128011995,0.7941645146534367,0.6455584971072079,0.7501780951198196,0.6416159058916219,10.90093396757011,8.464323225311102,13.15932625584729,7.7764914273425,6.555744346115079,9.474042253460585,10.877053972344768,8.397479134689705,13.068646841083565,-0.07554810185223726,0.10856218922819771,-4.6950030305361885,-2.918297907345506,-4.6711677063938595,-0.5044431279620853,26.0,773.0,1.0,1.0,0.7661583423614502,0.8129576444625854,0.6838737726211548,0.6116246581077576,6.809124946594238,13.822709083557127,6.6960296630859375,13.812146186828612,-0.046799302101135254,0.07224911451339722,-7.013584136962889,-7.116116523742674,-747.0
2b06ad65,0.3037280701754385,0.1748593788212276,0.9385394070860448,1662.0,715.0,1298.0,0.8281103159339237,0.5282705098363611,0.8390297368718648,0.5863270146702714,0.9713181663735512,0.5673980315935812,8.832407797197876,5.531468778310373,9.542317370870768,5.690324270515377,4.532704265806295,5.930136295801683,8.83042018249719,5.456327718196803,9.516442998746944,-0.3107592270355036,0.40392013477997,-4.010848592560395,-1.3974320299953877,-4.060115280550141,-0.7636800282648172,16.0,675.0,1.0,1.0,0.6497637033462524,0.8357492685317993,0.8369424343109131,0.5731504559516907,5.172606468200684,12.346569061279297,5.083578109741211,12.340197563171388,-0.18598556518554688,0.2637919783592224,-7.173962593078613,-7.256619453430178,-659.0
2b547943,0.4987153868113046,0.4075892857142857,0.7260490894695171,1747.0,913.0,917.0,0.7823533676662231,0.6967128287793279,0.8167091979059424,0.6597675838259666,0.7788288274334381,0.6054598287154278,14.30389427264156,11.718809980317264,16.298618433648254,9.858789407269269,8.52026901547505,11.188833878715982,14.299060315313604,11.368131894883764,16.210114732568996,-0.11999636912661449,0.17336899871801026,-4.57980845333099,-2.668564863240933,-4.841982837685233,-0.31845980375523136,39.0,749.0,1.0,1.0,0.8679545521736145,0.8227304816246033,0.5138977766036987,0.5954318046569824,9.043874740600586,17.022563934326172,8.754257202148438,16.982118606567383,0.04522407054901123,-0.08153402805328369,-7.978689193725586,-8.227861404418945,-710.0
2be5c96a,0.6990353697749196,0.6294736842105263,0.9404958677685952,1087.0,598.0,569.0,0.8805739889835431,0.6432255513514272,0.8847347103971089,0.4887248940180086,0.8447182354472677,0.480136000739147,11.747461509178551,7.377676051458165,14.769331561407286,8.201254029826124,5.924654206511837,10.50237494178293,11.74033689300498,7.220611873478267,14.769020667275564,-0.2415091590456817,0.3645822347081207,-7.391655509949121,-4.577720735271093,-7.548408793797297,-0.3110221835580689,30.0,453.0,1.0,1.0,0.6451547145843506,0.8680870532989502,0.842431366443634,0.5136398673057556,6.155113220214844,16.71973991394043,6.153369426727295,16.68181610107422,-0.2229323387145996,0.3287914991378784,-10.564626693725586,-10.528446674346924,-423.0
2bff06cf,0.5440748440748441,0.4319076357911309,0.971971971971972,2617.0,1646.0,971.0,0.7781576174780148,0.7199206780752694,0.796069660081611,0.666096663438551,0.7484374682292845,0.6386397105072453,11.165136930979736,8.881970087026252,14.221436204307254,7.53256368627275,6.6003420918724665,9.1128280986135,11.113931023778202,8.623768499838263,14.20292960811383,-0.07614898200634157,0.10979775772203915,-5.3394661172810025,-2.5124860067410335,-5.579161108275567,-0.5400643361808412,89.0,775.0,1.0,1.0,0.7292956709861755,0.8242548704147339,0.7358047962188721,0.5928661227226257,8.850505828857422,13.860177993774414,8.354025840759277,13.85431957244873,-0.09495919942855835,0.14293867349624634,-5.009672164916992,-5.500293731689453,-686.0
2c0c4a4e,0.4197550251256281,0.3471309680245291,0.9195338512763596,2673.0,1585.0,1657.0,0.9018482044500604,0.8142151832622707,0.906102092453054,0.4430616109525614,0.6095651183224468,0.4333541451213915,10.899844182101946,10.765856862332049,12.172044519905892,7.559269272168221,8.116364165272033,8.045780396143952,10.897927053655009,10.648786158032124,12.146655996184943,-0.09188690919078324,0.17621097320105528,-1.4061876575738435,0.07058376912808129,-1.4978698381528197,-0.5724028832518304,41.0,915.0,1.0,1.0,0.880308985710144,0.9408411979675292,0.4892668128013611,0.3439732491970062,8.377888679504395,12.157167434692385,8.15181827545166,11.94606113433838,-0.06053221225738514,0.14529356360435486,-3.77927875518799,-3.7942428588867205,-874.0
2cee0cba,0.6378571428571429,0.5440521083304766,0.9298519095869056,2679.0,1587.0,1193.0,0.9238113672460976,0.8454992575215667,0.9521284008396772,0.390355306749895,0.5558790200725933,0.3094239782574152,5.8875592606074845,5.956991139077992,5.862052205171858,4.419154733670197,4.654519310479799,4.184057582909013,5.841106470744393,5.908631241669842,5.81834220022647,-0.10662914331811046,0.24645504181517808,0.09493893390613373,0.4704617275707861,0.09028904144337169,-0.385799801256429,36.0,357.0,0.5,0.4214875996112823,0.9227629899978638,0.9713601469993592,0.3930318355560303,0.2393317967653274,4.227678298950195,4.960488319396973,4.12494707107544,4.949417591094971,-0.04859715700149547,0.15370003879070288,-0.7328100204467773,-0.8244705200195304,-321.0
2d0c268a,0.6135483870967742,0.5252834814587802,0.8868060562364816,2853.0,1714.0,1230.0,0.9222183085235393,0.7130310876675423,0.9440670812904508,0.3944152417857627,0.757586842985618,0.3344635068570234,8.068675087955407,6.742452135919639,9.483969003495336,5.763350257982725,5.243668113543483,6.367174693090717,8.067377497543474,6.606786142176948,9.350472799606091,-0.2310359936229085,0.42312333612859454,-2.7415168675756965,-1.123506579547234,-2.7436866574291434,-0.36152257477770133,55.0,784.0,1.0,0.9836888313293456,0.7978849411010742,0.9410451650619508,0.6357909440994263,0.3433797657489776,5.78742790222168,11.268861770629885,5.693841934204102,11.264641761779783,-0.14316022396087658,0.29241117835044866,-5.481433868408205,-5.570799827575682,-729.0
2d179ded,0.577993648421446,0.4819148936170213,0.9698681732580038,3094.0,1812.0,1545.0,0.8218974601278692,0.81896250193458,0.8330231216192462,0.5968291880800247,0.6017266789256066,0.5778873218556604,10.347137067107107,7.025563784836529,12.943223728055123,6.993561828006442,5.410642552578421,8.811108310029589,10.26801606142744,7.013074631423613,12.494420368518766,-0.014060619684666209,0.02383935706994622,-5.917659943218594,-3.400465757451167,-5.481345737095152,-0.4879532796409825,51.0,1000.0,1.0,1.0,0.895052433013916,0.814833402633667,0.4581431448459625,0.6085500717163086,5.408440113067627,15.414278984069824,5.40481424331665,15.034558296203612,0.08021903038024902,-0.15040692687034607,-10.005838871002197,-9.629744052886961,-949.0
2d196986,0.3952044790652385,0.3436081990298857,0.8235616438356165,3247.0,2196.0,1503.0,0.7933229391618365,0.7621257549717831,0.8264016161812398,0.6429262179102101,0.68974523561706,0.5892340516615792,16.208952579653513,14.946611008290713,18.909497569692583,12.309808094142818,11.416572360385146,14.571414775734654,15.778937418909118,14.92274012968933,15.717896882840408,-0.06427586120945661,0.10051118395548087,-3.96288656140187,-3.154842415349508,-0.7951567531510779,-0.47995344480573077,64.0,927.0,1.0,0.9778481125831604,0.8500705361366272,0.8485546708106995,0.5475937724113464,0.5503550171852112,12.770816802978516,17.44419288635254,12.585501670837402,16.32024383544922,0.0015158653259277344,-0.002761244773864746,-4.673376083374023,-3.7347421646118164,-863.0
2d2d0c6b,0.5607272727272727,0.4124801692226335,0.9627473806752036,1542.0,780.0,827.0,0.6865415074212566,0.7523796430306176,0.689251498213805,0.7917808946656182,0.7037334111286495,0.7883508125018899,19.640691598404075,12.888329541129428,24.092113697936277,14.064802792849653,10.12234612484679,17.612644497760197,19.306580461272635,12.886440696070744,22.92343141179888,0.0631281448168125,-0.08461740137324036,-11.203784156806849,-7.490298372913408,-10.036990715728136,-0.5502672114525702,29.0,534.0,1.0,0.9726775884628296,0.9055198431015016,0.6580222845077515,0.4346956610679626,0.8270159959793091,9.77979564666748,26.41813087463379,9.501651763916016,25.634920120239254,0.2474975585937501,-0.3923203349113465,-16.63833522796631,-16.13326835632324,-505.0
2d35f86d,0.5290605095541401,0.4456908344733242,0.799853907962016,2658.0,1629.0,1095.0,0.7019610528473876,0.8005783207535978,0.7053309593304362,0.7720608099788674,0.6315404646519528,0.7676835815224444,19.595455723105637,12.071282962199442,27.026782029439303,13.302249829129076,9.09217673292643,19.506857963816927,19.365045292813825,11.535619143793806,24.02331412168275,0.09524736142316159,-0.13614311687049163,-14.955499067239861,-10.414681230890498,-12.487694977888943,-0.35416307348869186,63.0,828.0,1.0,1.0,0.7983914017677307,0.7359384298324585,0.634993851184845,0.7267208099365234,11.920204162597656,31.00775146484375,11.583999633789062,25.436670303344727,0.06245297193527222,-0.09172695875167847,-19.087547302246094,-13.852670669555664,-765.0
2d9f6cb9,0.289778206364513,0.2498585972850678,0.7883986928104575,2404.0,1767.0,965.0,0.8247654992753902,0.7961954012709547,0.8121255181482493,0.5920042241819052,0.6384427910612592,0.6129836569628112,9.262248269675151,6.827363378844678,12.497058386013505,6.107535669497164,5.396723015111595,7.814374431379088,9.236517260736266,6.807848801838474,12.374790030027492,-0.01593011687729462,0.025459134098448022,-5.669695007168826,-2.4176514162674927,-5.566941228189019,-0.5385400955253897,40.0,496.0,1.0,1.0,0.8501209616661072,0.8124632835388184,0.5475016832351685,0.6124324202537537,5.861020565032959,15.690524101257324,5.811591148376465,15.656100273132324,0.03765767812728882,-0.0649307370185852,-9.829503536224365,-9.84450912475586,-456.0
2ddad940,0.4704450625869263,0.4376401973979363,0.821483771251932,2706.0,1951.0,1063.0,0.5819180679101089,0.5408523274282118,0.7761772469762024,0.9144199605103676,0.9582772798848862,0.6690631554999836,20.26906437237141,13.26080842583834,27.472028728291168,15.19274647636894,10.418526459498343,21.918926670332304,20.22923499831841,10.26319590793538,21.48761742521234,-0.23532491954799062,0.28921412438490257,-14.211220302452828,-11.500400210833961,-11.224421517276959,-0.38384357385399565,50.0,695.0,1.0,1.0,0.6404763460159302,0.8802798986434937,0.8479665517807007,0.4893262684345245,12.761955261230469,32.938682556152344,9.154972076416016,17.854286193847656,-0.23980355262756348,0.3586402833461762,-20.176727294921875,-8.69931411743164,-645.0
2e29e833,0.3995966580236243,0.3247830279652844,0.908935685828116,2774.0,1684.0,1597.0,0.8440451573630932,0.861018929752011,0.8402034112376842,0.5584887512509216,0.5272211495150569,0.5653257269261958,10.19957112146641,3.7276150476115393,13.110228184472914,5.6751806268453535,2.928631675359,7.810239003584122,10.074752921995138,3.7273657037308014,12.684456355226647,0.020815518514326836,-0.03810457741113882,-9.382613136861375,-4.881607328225122,-8.957090651495847,-0.5841526578628315,36.0,955.0,1.0,1.0,0.936123549938202,0.8235957026481628,0.3574253916740417,0.5939769148826599,3.188112735748291,14.846580505371094,3.1865084171295166,14.471945762634276,0.11252784729003917,-0.23655152320861822,-11.658467769622803,-11.285437345504759,-919.0
2e43c2ea,0.5228945216680294,0.446066504460665,0.9740150880134116,2558.0,1650.0,1162.0,0.7380261295050069,0.7195532292349243,0.7584437063957582,0.723842345397108,0.7489282619384526,0.695063009523945,18.140319864949674,16.82592616296855,19.98098450048864,12.815528231239051,12.084169881998916,13.864465983400072,18.11561565267456,16.819770675188806,19.94179158624948,-0.038890477160833936,0.05386525241450768,-3.1550583375200887,-1.7802961014011558,-3.122020911060673,-0.5279485835527467,45.0,672.0,1.0,0.9725036025047302,0.7828741669654846,0.7675083875656128,0.658977746963501,0.6818968057632446,14.26495361328125,21.15433692932129,14.259195327758787,21.13739013671875,0.015365779399871826,-0.022919058799743652,-6.889383316040039,-6.878194808959963,-627.0
2e63d9de,0.6201046742465259,0.5814012096774194,0.8181818181818182,3436.0,2307.0,1287.0,0.8463484937377161,0.8162354780115113,0.8881637564664964,0.5543491792404565,0.6062417372442922,0.4729402573972819,12.656709463962011,12.43165087829627,12.680403305965893,8.70922731261268,8.43057872629467,9.002985333301911,12.459519642976174,12.398022880470746,11.903275046551489,-0.07192827845498506,0.1333014798470103,-0.24875242766962202,-0.5724066070072418,0.4947478339192575,-0.23678060850439886,84.0,865.0,1.0,0.987442910671234,0.8234740495681763,0.9010277390480042,0.5941817164421082,0.4449095726013183,12.226470947265623,14.631820678710938,12.04959487915039,13.18976879119873,-0.07755368947982788,0.14927214384078985,-2.4053497314453143,-1.1401739120483398,-781.0
2ee0235b,0.3953091022056539,0.3269426881501122,0.7583061889250814,2545.0,1603.0,1164.0,0.8295239748727796,0.7947145319825701,0.8484574123758234,0.5839109951477544,0.640758094786839,0.550531720474264,9.2464826867467,7.661436799587543,10.976995292000026,6.917240666799044,6.241418589477374,7.781085430186972,9.246141264907092,7.64455299111194,10.925139355843411,-0.053742880393253256,0.09022637431257496,-3.3155584924124835,-1.5396668407095984,-3.2805863647314712,-0.4313635007749692,39.0,837.0,1.0,1.0,0.8221217393875122,0.8644827008247375,0.5964533090591431,0.5206098556518555,6.4078779220581055,11.951464653015137,6.377223014831543,11.948987007141112,-0.04236096143722534,0.0758434534072876,-5.543586730957031,-5.5717639923095685,-798.0
2f19d536,0.5355623100303951,0.3627906976744186,0.9003690036900369,1762.0,702.0,1220.0,0.4835664336712143,-0.3545883301520586,0.6279899481976379,1.0163007097594547,1.6459576726951752,0.8625659995645112,18.77824162407026,19.102228614536347,18.483669891155053,13.937806138988034,13.21589087264301,14.292531434932563,18.772369270590413,15.378547833444149,17.909955829341673,-0.9825782783496965,0.783391673130664,0.6185587233812946,-1.076640562289553,-2.531407995897524,-0.5375783060156183,26.0,744.0,1.0,1.0,-0.3316823542118072,0.7512841820716858,1.6319818496704102,0.7052883505821228,18.70205307006836,19.50961303710937,15.540302276611328,17.393917083740234,-1.082966536283493,0.9266934990882874,-0.8075599670410121,-1.8536148071289062,-718.0
2f8e53c3,0.5997012696041822,0.4464404524284763,0.9387234042553192,1606.0,671.0,1103.0,0.7976833825511231,0.8683242738505396,0.7890659799479453,0.6361078799211292,0.5131777979403638,0.649513695085877,14.100816539021672,5.527059614540329,16.651964848901972,7.74771837041142,4.066042080025155,9.550896022753518,14.100735060218213,5.240030629451314,16.619909971960787,0.07925829390259431,-0.1363358971455132,-11.124905234361643,-5.484853942728363,-11.379879342509472,-0.4922829518268429,23.0,679.0,1.0,1.0,0.941666066646576,0.8115556240081787,0.3415667712688446,0.6139126420021057,4.912550449371338,17.52164649963379,4.173072338104248,17.509660720825195,0.13011044263839733,-0.2723458707332611,-12.609096050262451,-13.336588382720947,-656.0
2fa01aa6,0.8197242841993637,0.7254004576659039,0.9749670619235836,2319.0,951.0,1480.0,0.8076674095366216,0.8562856422000024,0.796169489326721,0.6202138187163817,0.5361237875714855,0.6384833759359424,12.596896118361052,9.157489397139347,14.137329737157131,8.679739139632149,7.137216359097121,9.539481309234231,12.564139045038637,8.149447022517304,14.05440337808255,0.060116152873281314,-0.10235958836445691,-4.979840340017784,-2.40226495013711,-5.904956355565247,-0.24956660425767974,70.0,809.0,1.0,0.9938575029373168,0.8747037053108215,0.7854311466217041,0.5005922317504883,0.6550860404968262,8.880958557128906,17.014535903930664,7.331099033355713,17.008209228515625,0.08927255868911743,-0.1544938087463379,-8.133577346801758,-9.677110195159912,-739.0
2fd68f7b,0.7527767825152275,0.7004381161007667,0.8849740932642487,2101.0,1279.0,854.0,0.8464236012844828,0.7123568966929128,0.8896514134102869,0.5542136748863514,0.758476239979984,0.4697841772339999,9.830806906714525,9.031274053231558,10.7940526666094,6.964315723655634,6.974591559335676,6.848511127789008,9.830562699109135,8.98733023622933,10.72002831494473,-0.17729451671737406,0.28869206274598413,-1.7627786133778418,0.1260804315466677,-1.7326980787154014,-0.18453597716348202,150.0,664.0,1.0,1.0,0.6145563125610352,0.8923112154006958,0.8780019283294678,0.4640879034996032,9.909213066101074,11.930521965026855,9.889561653137209,11.859930038452148,-0.27775490283966064,0.41391402482986456,-2.0213088989257812,-1.9703683853149396,-514.0
2fe023be,0.6420342792919359,0.5070845856590811,0.9406504065040652,2285.0,1181.0,1157.0,0.8179141021606756,0.8653986412984419,0.8066616440662776,0.6034664826472542,0.5188474895411138,0.6218333473427143,11.707836999703952,8.266546904865512,14.316546842290665,8.364993413520962,6.558223419063049,10.168672060685813,11.65265276522556,8.147211339387074,14.295076270797445,0.0587369972321643,-0.10298585780160052,-6.049999937425152,-3.6104486416227637,-6.147864931410371,-0.4335658208449841,71.0,784.0,1.0,1.0,0.8750892877578735,0.8170466423034668,0.4998213946819305,0.6049022078514099,6.881734848022461,16.318849563598633,6.82118558883667,16.31720733642578,0.05804264545440674,-0.10508081316947943,-9.437114715576172,-9.496021747589111,-713.0
30d75030,0.7022974607013301,0.7105166727739098,0.8399715504978663,2904.0,1939.0,1181.0,0.805590780092351,0.7590193810110568,0.8221414784822133,0.6235530769832653,0.6942342817650872,0.5964201899965941,12.94116853575949,11.769896481587832,14.739957398673337,9.414966500730571,9.176083792455843,10.09056301565173,12.894434182428093,11.661393002598372,14.734525232012173,-0.06312209747115649,0.0978140917684931,-2.9700609170855046,-0.9144792231958867,-3.073132229413801,-0.12945487772395647,108.0,661.0,1.0,1.0,0.8343629240989685,0.8473846316337585,0.5755642056465149,0.5524768829345703,9.863301277160645,16.55696678161621,9.862564086914062,16.493797302246094,-0.013021707534790039,0.02308732271194458,-6.693665504455566,-6.631233215332031,-553.0
310c71a5,0.4998346013893483,0.3760528112906897,0.912280701754386,3022.0,1652.0,1508.0,0.8402534191823534,0.7115285275817256,0.8707631703394457,0.5652372613649008,0.7595676038619267,0.5084030481036759,8.809203629560919,7.316155914221197,10.16396298188939,6.262082386612289,5.4590280997990765,7.205803477483171,8.780096666672577,7.285062748351865,10.153303403117077,-0.15923464275772015,0.2511645557582508,-2.847807067668194,-1.7467753776840942,-2.868240654765212,-0.5362278904636963,69.0,934.0,1.0,1.0,0.6864131093025208,0.8993054032325745,0.7919430136680603,0.4487640857696533,7.765704154968262,11.002481460571287,7.630596160888672,10.995186805725098,-0.2128922939300537,0.343178927898407,-3.2367773056030256,-3.364590644836426,-865.0
32fe84c9,0.5166666666666667,0.4367985280588776,0.9147540983606556,3596.0,2374.0,1395.0,0.7545675967190241,0.7205205688637903,0.7842950005475783,0.7006174466582686,0.7476355143199254,0.6568180866151933,11.594592034254749,10.910550441165633,12.616357778204009,8.875810371355657,8.480887107283003,9.548909965049123,11.564722097605529,10.648355326279964,12.469120686477384,-0.06377443168378794,0.09081742770473211,-1.705807337038376,-1.0680228577661204,-1.82076536019742,-0.477955570301778,78.0,849.0,1.0,1.0,0.7550708651542664,0.8050370812416077,0.6998987793922424,0.6244404315948486,10.058880805969238,13.81221866607666,9.84469223022461,13.79983139038086,-0.04996621608734131,0.0754583477973938,-3.753337860107422,-3.95513916015625,-771.0
33c40295,0.4076479076479076,0.3384849252596909,0.7858484658735129,2260.0,1336.0,1255.0,0.8487548736290875,0.8375440163688289,0.8727412238473912,0.5499911387848216,0.5700104975018813,0.5044973263608219,11.353452146438816,11.680126827933869,13.2748865215496,8.42419001156026,8.876849342140382,9.771876419142696,11.347457427910864,11.088944350788283,12.387033161531766,-0.035197207478562254,0.06551317114105937,-1.5947596936157318,-0.8950270770023145,-1.298088810743483,-0.44736354061382194,47.0,810.0,1.0,1.0,0.8928815722465515,0.862931489944458,0.4628572762012481,0.5235809683799744,8.593509674072266,14.411543846130373,7.592274188995361,13.891427040100098,0.029950082302093506,-0.06072369217872625,-5.818034172058107,-6.299152851104736,-763.0
3407f5bf,0.7353034636161424,0.6064154786150713,0.9721048182586643,2314.0,1191.0,1150.0,0.7718189186875393,0.6322794472480205,0.8763802195126621,0.6755458257031284,0.8575786293419158,0.4972318985892556,11.870517316537224,13.908910172008817,9.420054027247335,8.750978399599335,11.018631510882296,6.494224494576902,11.599574077647,13.7043490646263,9.009538720872346,-0.24410077226464155,0.36034673075266016,4.488856144761481,4.5244070163053935,4.694810343753954,-0.36568933964359307,137.0,661.0,1.0,1.0,0.679631769657135,0.9130242466926576,0.800460159778595,0.4170749485492706,11.903888702392578,9.251691818237305,11.406401634216309,9.187714576721191,-0.23339247703552257,0.3833852112293244,2.6521968841552734,2.218687057495117,-524.0
3417285d,0.4436506779413908,0.4131054131054131,0.5208226221079691,3043.0,2030.0,1013.0,0.8261789052302274,0.8024723155642844,0.8432343422106233,0.5896118973863614,0.6285343020642796,0.5599386712656604,7.446477710485778,6.937008608573579,8.374655193618818,5.437494804268797,5.035586277230037,6.242898861414584,7.276420872223316,6.797804572142329,8.13667053726799,-0.04076202664633888,0.06859563079861919,-1.437646585045239,-1.2073125841845478,-1.3388659651256614,-0.10771720900255605,92.0,544.0,1.0,0.4579124450683594,0.7561666369438171,0.8778092861175537,0.6983314156532288,0.4943495094776153,7.391883850097656,8.952078819274902,6.921439170837402,8.898102760314941,-0.12164264917373657,0.20398190617561346,-1.560194969177246,-1.976663589477539,-452.0
347242c8,0.425976034016235,0.2448377581120944,0.9052690582959642,2204.0,830.0,1615.0,0.7440117465877736,-0.0778331527366037,0.7734365411218764,0.7155253362561335,1.4682187525955412,0.6731470253638853,12.631961523819436,8.966336613108917,13.901810342984326,9.05369124016524,7.07938915277109,9.939607479344822,12.591816710784014,8.633233757826474,13.89416962919472,-0.8512696938584802,0.795071727231656,-4.93547372987541,-2.860218326573732,-5.260935871368245,-0.6604313001838698,21.0,1001.0,1.0,1.0,-0.131507858633995,0.7970362901687622,1.5043323040008545,0.6371243596076965,8.056626319885254,15.878000259399414,7.439522743225098,15.866312980651855,-0.9285441488027573,0.867207944393158,-7.82137393951416,-8.426790237426758,-980.0
353e5502,0.4497979949124644,0.3222885367359539,0.8755482456140351,3006.0,1566.0,1597.0,0.8206626344796417,0.7703872514247907,0.8434471328441135,0.5988945909262469,0.6776617866977734,0.5595585173257333,14.019336860215557,12.196939010114026,15.322602946400462,10.209764244165545,9.598019999623334,10.639669482326912,13.996319093804209,12.19586298151058,15.199935908948849,-0.07305988141932285,0.11810326937204019,-3.1256639362864362,-1.041649482703578,-3.004072927438269,-0.5532597088780812,20.0,555.0,0.5,0.5285714268684387,0.8380882740020752,0.8217960596084595,0.569054901599884,0.5969990491867065,10.149815559387209,18.70347023010254,10.139019012451172,18.51342010498047,0.016292214393615723,-0.02794414758682251,-8.55365467071533,-8.374401092529297,-535.0
357c12f9,0.4649122807017544,0.3081795648581658,0.9179452968645764,2385.0,1119.0,1376.0,0.9099585201489464,0.845865572337712,0.9186859823205696,0.4243618263959506,0.5552196460182006,0.403271664463127,8.160363998574182,6.131092023955777,9.392739948224738,6.150947467722933,5.020174121190605,6.940023411740973,7.992649987183466,6.12469374594794,8.95015129443642,-0.07282040998285766,0.1519479815550736,-3.2616479242689618,-1.919849290550368,-2.8254575484884805,-0.6097657320064106,34.0,888.0,1.0,1.0,0.8732712268829346,0.9405755996704102,0.5034456849098206,0.3447445333003998,5.054300785064697,9.183502197265623,4.836758136749268,9.046869277954102,-0.06730437278747559,0.15870115160942078,-4.129201412200926,-4.210111141204834,-854.0
3584a6eb,0.4467455621301775,0.3268428372739916,0.9708474576271188,2265.0,1175.0,1432.0,0.8378390417838076,0.8782430498168706,0.8183542705033872,0.5694926833879297,0.4934712761308998,0.6027366414888228,13.001545668399126,8.685320970847489,15.21049588650602,8.57267943818309,6.807695525063595,9.898753200294848,12.994525328075182,8.676225009542,15.188069875941146,0.059888779313483465,-0.10926536535792297,-6.525174915658532,-3.0910576752312533,-6.511844866399146,-0.6440046203531271,28.0,887.0,1.0,1.0,0.8998998999595642,0.81308513879776,0.4474373757839203,0.6114161610603333,8.006135940551758,17.86625099182129,7.997007846832275,17.86422348022461,0.0868147611618042,-0.16397878527641296,-9.860115051269531,-9.867215633392334,-859.0
35b30c7f,0.4983778773366291,0.4370189600150178,0.9171029668411868,3226.0,2328.0,1051.0,0.7920762471052699,0.7272401378630535,0.8426279094280044,0.6448623929098829,0.7385930708271592,0.5610206601757116,11.029200420696432,9.80109895067699,13.29786927773415,7.982253420103957,7.558195234729467,9.011393778208038,11.0288019927838,9.747831256111445,13.089122943731564,-0.11538777156495084,0.17757241065144758,-3.4967703270571615,-1.453198543478571,-3.341291687620119,-0.480084006826169,70.0,670.0,1.0,1.0,0.8030481934547424,0.8469533324241638,0.6276174187660217,0.5532570481300354,8.399617195129395,15.413504600524902,8.364567756652832,14.776138305664062,-0.04390513896942139,0.07436037063598633,-7.013887405395508,-6.4115705490112305,-600.0
35b3ef6a,0.673353212252643,0.5582847626977518,0.91996891996892,2484.0,1341.0,1184.0,0.8094703109115069,0.5909082806780557,0.8989721085275162,0.6173000714214978,0.9045349294769598,0.4495061545128916,9.542252320838571,10.709592155117216,8.055181566971076,7.5480904384067165,8.819641351052052,6.134673718073136,9.5422204417119,10.69607395898011,8.030327956221166,-0.3080638278494605,0.4550287749640682,2.65441058814614,2.684967632978916,2.6657460027589437,-0.3616841572711682,75.0,703.0,1.0,1.0,0.6856675744056702,0.9230265617370604,0.7928838729858398,0.392360657453537,8.677173614501953,8.817736625671387,8.674074172973633,8.814937591552734,-0.23735898733139027,0.40052321553230286,-0.1405630111694336,-0.14086341857910156,-628.0
367456ce,0.4795492487479132,0.408404284537215,0.9643788010425716,2298.0,1487.0,1110.0,0.8507873461410356,0.6977728113818432,0.8986392652337335,0.5462831753934299,0.7774666405938673,0.4502460100128961,11.983230981956368,11.679332648297828,12.573437799248207,9.061588632617385,9.009360401270026,9.423605597558549,11.838857986451284,11.639980343991866,12.226465157297834,-0.20086645385189028,0.3272206305809712,-0.894105150950379,-0.4142451962885225,-0.5864848133059688,-0.5559745165053566,48.0,643.0,1.0,1.0,0.7526598572731018,0.9395804405212402,0.7033351063728333,0.3476192057132721,9.995116233825684,11.895736694335938,9.955666542053224,11.735725402832031,-0.18692058324813843,0.35571590065956116,-1.900620460510254,-1.7800588607788068,-595.0
368131f9,0.8069018999612253,0.7963676389653275,0.9435695538057742,2081.0,1447.0,719.0,0.705293578620783,0.5572283106059263,0.822467966811413,0.7677322728389331,0.9410331443621672,0.595872525274638,18.3137609740739,17.460927961382332,19.88725952924967,13.439133802711588,12.948045570441364,14.429472959728496,18.31302322884329,17.358127409536046,19.704938913841907,-0.26523965620548673,0.34516061908752926,-2.4263315678673365,-1.4814273892871324,-2.3468115043058617,-0.14720191484044676,80.0,443.0,1.0,1.0,0.579098105430603,0.7660658359527588,0.9174986481666564,0.6840090155601501,18.25689125061035,21.24940490722656,17.946659088134766,20.00467300415039,-0.18696773052215576,0.23348963260650624,-2.9925136566162074,-2.058013916015625,-363.0
368fe682,0.4877062439340019,0.4419924337957124,0.9073033707865168,3015.0,2103.0,1292.0,0.5624002913466682,0.5173987635704657,0.6281022298765968,0.9355209336549682,0.9824471857861208,0.8624358180449176,22.57141089863806,23.394728433439912,24.325758073902836,15.179243693332015,15.8863513273069,16.688770064385675,22.570917699677047,23.31708117084945,24.321471139383775,-0.11070346630613115,0.12001136774120313,-0.9310296404629241,-0.8024187370787761,-1.0043899685343263,-0.4653109369908044,58.0,671.0,1.0,1.0,0.605935275554657,0.5655203461647034,0.8877665400505066,0.932179868221283,22.43890190124512,24.41506576538086,22.38282012939453,23.575305938720703,0.04041492938995361,-0.04441332817077637,-1.9761638641357386,-1.1924858093261719,-613.0
3690a146,0.487398458654447,0.4103787652848196,0.888121546961326,2340.0,1376.0,1286.0,0.8426923270861231,0.7015056404010732,0.8993288501299945,0.5609058261667049,0.772650450849447,0.4487118225988824,10.30078251236774,10.857311119123462,9.4293492249708,7.309466000033689,7.785124573909646,6.730571694884908,10.028287353317197,10.363628168345675,9.389681848448866,-0.1978232097289213,0.3239386282505645,1.4279618941526628,1.0545528790247376,0.9739463198968092,-0.47774278167650636,48.0,840.0,1.0,1.0,0.7559897303581238,0.9103972911834716,0.6985846757888794,0.4233266115188598,9.836488723754885,10.007676124572754,8.913272857666016,9.931550979614258,-0.1544075608253478,0.2752580642700196,-0.17118740081786932,-1.0182781219482422,-792.0
37344c2a,0.4780422393563526,0.4228263311615367,0.8046204620462046,2852.0,1882.0,1219.0,0.783925928379044,0.6279688291745359,0.851453206339694,0.65737975572869,0.8625904831673766,0.5450629205152484,9.939845302774769,8.881996749259462,10.847766650284024,7.198042593271013,6.627463210224803,7.623855055990012,9.93981924948238,8.814458218393355,10.497407080634613,-0.22348437716515812,0.3175275626521282,-1.9657699010245615,-0.996391845765209,-1.6829488622412576,-0.38179413088466796,81.0,850.0,1.0,1.0,0.6520304679870605,0.8791878819465637,0.8342296481132507,0.4915528893470764,9.12972354888916,11.010476112365724,8.959183692932129,10.835979461669922,-0.22715741395950317,0.3426767587661743,-1.8807525634765643,-1.876795768737793,-769.0
373ef48b,0.6365428853105488,0.4884332281808622,0.9684487291849256,1937.0,929.0,1105.0,0.7284776776630706,0.6837446519563786,0.7791598217223079,0.7369156292777748,0.7953054105733488,0.6645903674861562,12.704661460660846,13.226834086411744,11.83096886130747,9.154303678509711,9.865231190779562,8.233686030492802,12.704550940645683,13.148665864930845,11.789957937776087,-0.09541516976592934,0.13071504308719262,1.3958652251042736,1.6315451602867608,1.3587079271547573,-0.4800155010040634,29.0,684.0,1.0,1.0,0.8102819919586182,0.8066484928131104,0.615983784198761,0.6218544840812683,12.5967378616333,13.264571189880373,12.54651165008545,13.079523086547852,0.0036334991455078125,-0.005870699882507324,-0.6678333282470721,-0.5330114364624023,-655.0
374be387,0.4803231151615575,0.4088227750705309,0.96232508073197,2319.0,1594.0,894.0,0.825877633384305,0.778539431293921,0.8553530033217149,0.5901226425340669,0.6655232057653272,0.537860570553903,8.838328919466933,6.976080013170908,11.27363759515337,6.632303557940714,5.623015274608036,8.326904748867328,8.493429908129738,6.919635602998837,10.046745362013349,-0.07681357202779393,0.12766263521142418,-4.297557581982461,-2.7038894742592916,-3.1271097590145116,-0.5535023056614391,49.0,626.0,1.0,1.0,0.8877084851264954,0.8776998519897461,0.4739019274711609,0.4945708215236664,5.547452926635742,12.321439743041992,5.239384174346924,10.899410247802734,0.010008633136749268,-0.020668894052505493,-6.77398681640625,-5.6600260734558105,-577.0
37d36812,0.597762959776296,0.5108662381389654,0.8936324167872648,2779.0,1669.0,1235.0,0.7617728019893912,0.6780725568601801,0.8167915008138691,0.6902567609384334,0.8024056868440301,0.6053238789047247,13.865890293129992,12.87823709917847,14.765983484351526,9.77530853340581,9.37557615573251,10.112714483140463,13.57990012458325,12.683392871143171,14.377585669240098,-0.138718943953689,0.1970818079393054,-1.887746385173056,-0.737138327407953,-1.6941927980969265,-0.3827661786482994,67.0,836.0,1.0,1.0,0.7636281251907349,0.8309280872344971,0.6875636577606201,0.5815013647079468,11.402817726135254,16.467199325561523,11.02296257019043,15.794180870056152,-0.06729996204376221,0.10606229305267334,-5.0643815994262695,-4.771218299865723,-769.0
38991fd4,0.5644929026949187,0.5107112253641817,0.9992647058823528,2744.0,1788.0,1359.0,0.8477864761416207,0.7208350806942451,0.90310143788388,0.5517490803950276,0.7472147205532756,0.4402239478177445,10.123638848582472,11.149999971617683,9.652049971172268,7.618078607786756,8.623836855117382,6.998347253949438,10.118188155948202,11.148485773884824,9.651540716994418,-0.1822663571896349,0.30699077273553116,1.4979500004454156,1.6254896011679438,1.4969450568904055,-0.48855348051817116,58.0,787.0,1.0,1.0,0.8445520997047424,0.9296441674232484,0.557580292224884,0.3751155436038971,8.921412467956543,9.29544734954834,8.921165466308594,9.214393615722656,-0.08509206771850597,0.18246474862098694,-0.3740348815917969,-0.2932281494140625,-729.0
389ae58f,0.6011092789686704,0.5221153846153846,0.8803535010197144,4010.0,2715.0,1295.0,0.76883013423449,0.767450775807677,0.7721709433312011,0.6799556835051973,0.681981266886889,0.6750245279525758,12.319027650062337,10.302990606938254,15.728137181319516,9.427829734976996,8.16325710338835,12.07903799348138,12.287709920578624,10.247106571992935,15.721066268890263,-0.00472016752352411,0.006956738934313145,-5.425146574381262,-3.91578089009303,-5.473959696897328,-0.3582381164043298,138.0,807.0,1.0,1.0,0.7900292277336121,0.8170518279075623,0.6480289697647095,0.604893684387207,10.192708015441896,16.427339553833008,9.812527656555176,16.241134643554688,-0.027022600173950195,0.04313528537750244,-6.2346315383911115,-6.428606986999512,-669.0
3932faa6,0.657949990456194,0.5996305093692267,0.9758620689655172,3447.0,2272.0,1415.0,0.6970877611293026,0.6899907995350676,0.7397482859685485,0.7783472732279563,0.7874124719166345,0.7214592352052215,18.0790977063014,17.898330505316444,17.856938347517804,11.898088356670984,12.569000667347703,10.6258301697627,17.725397805632998,17.347361089743217,17.67316884019036,-0.04975748643348088,0.06595323671141307,0.04139215779864003,1.9431704975850028,-0.3258077504471437,-0.3762315595962905,105.0,861.0,1.0,1.0,0.7221179604530334,0.725551187992096,0.7454958558082581,0.7408762574195862,14.413535118103027,21.40456962585449,13.796756744384766,21.38871192932129,-0.0034332275390625,0.004619598388671875,-6.991034507751461,-7.591955184936523,-756.0
398dce4b,0.6476702508960573,0.5113493064312736,0.9302325581395348,1807.0,811.0,1120.0,0.9097061131962614,0.7944637797209618,0.9364976176131264,0.4249562019873074,0.6411493122183602,0.3563772787001822,9.897065527266571,10.383845080057576,9.853576370058288,7.710756372444699,8.406701940812374,7.521805597774921,9.847365505631217,10.296862705063123,9.632646970471455,-0.14203383789216462,0.28477203351817804,0.5302687099992873,0.884896343037453,0.6642157345916679,-0.41888325170826113,36.0,755.0,0.7200000286102295,0.988219916820526,0.8171806931495667,0.947873830795288,0.604680597782135,0.3228813111782074,8.454946517944336,10.672921180725098,8.451986312866211,9.912357330322266,-0.13069313764572132,0.2817992866039276,-2.2179746627807617,-1.4603710174560547,-719.0
39b51819,0.4623333333333333,0.2974852862493312,0.8426171529619806,1387.0,556.0,953.0,0.7626115188420551,0.6468795990667859,0.7625501480866985,0.6890406100629264,0.8403813431213404,0.6891296712713819,14.650140371233327,16.344430306524917,13.864124700325029,10.17460098319268,11.931270249023616,9.368980484166403,14.427281411266728,15.009730865763386,13.817871359548349,-0.11567054901991258,0.15125167184995847,2.480305606199888,2.562289764857212,1.191859506215037,-0.5451318667126495,22.0,604.0,1.0,1.0,0.7589756846427917,0.8053406476974487,0.694297194480896,0.6239541172981262,13.81636905670166,14.323862075805664,12.113131523132324,14.230470657348633,-0.04636496305465698,0.07034307718276978,-0.5074930191040039,-2.1173391342163086,-582.0
3a0af893,0.7177074422583405,0.6607648725212465,0.8498920086393088,1678.0,933.0,787.0,0.5595186830970056,0.6722684730721741,0.4928075190271135,0.93859609726761,0.8096067278967313,1.0071667994655964,16.944481679019216,11.124935594346129,21.659350640498708,11.46286947697381,8.678932894760802,14.524968867268113,16.94395153599172,10.946526420262886,21.591165783029066,0.17946095404506057,-0.19756007156886513,-10.53441504615258,-5.846035972507311,-10.64463936276618,-0.1891271361180623,56.0,524.0,1.0,1.0,0.7578914761543274,0.4542605876922607,0.695857048034668,1.0447386503219604,11.836215019226074,25.123226165771484,11.266657829284668,24.33662986755371,0.3036308884620667,-0.3488816022872925,-13.28701114654541,-13.069972038269043,-468.0
3a223519,0.4558365084863179,0.3693563880883765,0.7900621118012422,2632.0,1538.0,1272.0,0.7265634014404215,0.6916572710417693,0.745360242082227,0.7395087539165152,0.7852932305301386,0.7136382247578573,14.812728233092676,15.2443218596113,14.175698301418995,10.518033153254414,11.154895523984893,9.860048899799091,14.560740106767144,14.711895715630693,14.034542339807222,-0.053702971040457625,0.07165500577228123,1.0686235581923054,1.2948466241858014,0.6773533758234702,-0.4207057237128657,38.0,916.0,1.0,1.0,0.7533324360847473,0.7110297679901123,0.7023782134056091,0.7602239847183228,13.377581596374512,15.878839492797852,12.700339317321776,15.786355018615724,0.04230266809463501,-0.05784577131271362,-2.50125789642334,-3.086015701293949,-878.0
3a7dd95d,0.7296311309282529,0.70995670995671,0.9176470588235294,1800.0,1148.0,780.0,0.8347087353295093,0.8489651277347722,0.8303433332406277,0.5749630678060822,0.5496087194818289,0.5825060802418671,10.163639776711634,8.226646944442662,12.261957686904786,7.4186770110458,6.749352582889001,8.359411999280676,10.159950757169446,8.221424140117461,12.170649747933522,0.018621794494144472,-0.03289736076003824,-4.035310742462125,-1.6100594163916746,-3.949225607816061,-0.20769034886681936,56.0,505.0,1.0,1.0,0.9041107296943665,0.8034065365791321,0.4379252791404724,0.6270461678504944,6.938505172729492,14.00106143951416,6.930861473083496,14.000848770141602,0.10070419311523438,-0.18912088871002197,-7.062556266784668,-7.0699872970581055,-449.0
3a824aa7,0.5573553719008264,0.5065344749887337,0.913151364764268,1686.0,1124.0,736.0,0.796856823215652,0.7664240401957062,0.7986285210713326,0.637405956646701,0.6834851275694209,0.634620325751811,13.510927064969003,10.538472512964958,17.04226542631949,9.561476131735107,8.1796114679783,11.90356905567416,13.491985006626509,10.484332093406874,17.03774063224018,-0.03220448087562644,0.04886480181760988,-6.5037929133545305,-3.7239575876958604,-6.553408538833306,-0.40661688977553423,36.0,516.0,1.0,1.0,0.8472894430160522,0.7880744338035583,0.552649199962616,0.6510385274887085,9.26668930053711,18.59015846252441,9.20567226409912,18.56168937683105,0.059215009212493896,-0.09838932752609253,-9.323469161987301,-9.356017112731932,-480.0
3a86fe8d,0.5690944336748823,0.4283040059902658,0.9882978723404257,2055.0,1144.0,929.0,0.8038793030085268,0.6784463450383956,0.8751813923575859,0.6262917802294281,0.801939717137896,0.4996370835764978,12.639062285769649,13.680262755231384,11.259616124791789,9.323272904857836,10.328156984911276,8.091852612024525,12.398325576345398,13.368253187273966,11.08695605537266,-0.19673504731919023,0.30230263356139825,2.4206466304395953,2.2363043728867513,2.2812971319013062,-0.5599938663501598,38.0,543.0,1.0,0.9854809641838074,0.6718180775642395,0.8894816637039185,0.8101628422737122,0.4701453745365143,13.308152198791504,11.839122772216797,12.875174522399902,11.80562973022461,-0.21766358613967896,0.3400174677371979,1.469029426574707,1.069544792175293,-505.0
3aaa2b30,0.59375,0.5246913580246914,0.908625730994152,2736.0,1700.0,1243.0,0.7798312046263577,0.5232699792441593,0.8620731540770429,0.6635793778797565,0.976452785090852,0.5252177565980745,12.462395749795304,12.280933098173112,12.88570248504505,9.437592867220996,9.763148991465403,9.216045061062974,12.434781496560367,12.240215228096703,12.84895153911689,-0.3388031748328836,0.4512350284927775,-0.6047693868719382,0.5471039304024288,-0.608736311020186,-0.38393437296946065,68.0,712.0,1.0,1.0,0.7236261963844299,0.8744167685508728,0.7434699535369873,0.5011650919914246,10.256275177001951,13.369531631469728,10.180739402770996,13.361957550048828,-0.15079057216644287,0.24230486154556274,-3.113256454467777,-3.181218147277832,-644.0
3ac16ad0,0.4743935309973046,0.4092846991946944,0.8816083395383469,2640.0,1728.0,1184.0,0.8132372277598295,0.8493397457030256,0.804132680133843,0.6111673620869662,0.5489266878135447,0.6258870822539111,13.338858230606746,10.527578330052204,16.3692846190399,9.665264784654742,8.1211469504357,11.913027499875732,13.32499032095143,10.353370213436763,16.356297053230765,0.045207065569182636,-0.0769603944403664,-5.8417062889876945,-3.791880549440032,-6.002926839794002,-0.47232364034365254,61.0,709.0,1.0,1.0,0.8948625326156616,0.7969682812690735,0.4585574567317962,0.6372310519218445,7.887528896331787,18.958494186401367,7.596631526947021,18.165002822875977,0.09789425134658813,-0.17867359519004827,-11.07096529006958,-10.568371295928955,-648.0
3b21ea64,0.403533240353324,0.3303996537296205,0.9169157202630006,3472.0,2290.0,1534.0,0.8620098065961631,0.5503726779279321,0.8703302729556542,0.5253383545941356,0.948290379653899,0.5092538208876705,14.18965161533048,13.6958100831396,14.69062273920121,8.990530704553173,9.201787413004125,8.9049302244763,14.098576048764762,13.573867762165506,14.547027076799845,-0.31995759502772214,0.4390365587662285,-0.99481265606161,0.2968571885278255,-0.9731593146343389,-0.5865160665333802,57.0,935.0,1.0,1.0,0.463953822851181,0.7345806360244751,1.0354188680648804,0.7285867929458618,13.742721557617188,13.968107223510742,13.609116554260254,13.967467308044434,-0.2706268131732941,0.30683207511901855,-0.2253856658935547,-0.3583507537841797,-878.0
3bbe1f5d,0.4831552999178307,0.389676384059909,0.91674047829938,2352.0,1457.0,1035.0,0.8098520936317416,0.881698165507994,0.7690492095204917,0.616681289432813,0.4864192317168515,0.6796334165997259,11.075070714412613,7.074340165655595,14.794952354337145,7.379586273659363,5.652741107824535,9.791030326761367,10.84245929434515,7.040073190277858,13.932274167348682,0.11264895598750224,-0.1932141848828744,-7.7206121886815495,-4.1382892189368325,-6.892200977070824,-0.527064094239471,44.0,819.0,1.0,1.0,0.9155591130256652,0.7742828726768494,0.4109522700309753,0.6718885898590088,5.422229290008545,15.929139137268066,5.267062187194824,15.250554084777832,0.1412762403488158,-0.2609363198280335,-10.506909847259521,-9.983491897583008,-775.0
3bfee975,0.7289240801117839,0.6692579505300353,0.9480874316939892,1565.0,947.0,694.0,0.7507192023355493,0.5633672302440335,0.753595105253779,0.7060889429306348,0.9344867786715514,0.7020041235580045,12.975408491962634,7.834816668795246,17.730004697976696,8.516717437921775,6.2527833185464,11.858460857631552,12.866332352120638,7.27501788237053,17.71560229540238,-0.19022787500974558,0.23248265511354693,-9.895188029181451,-5.6056775390851525,-10.44058441303185,-0.2788294811639539,52.0,498.0,1.0,1.0,0.7023360729217529,0.7823754549026489,0.7715749144554138,0.6597341299057007,7.111999034881592,18.617637634277344,5.964522361755371,18.61745834350586,-0.080039381980896,0.11184078454971313,-11.505638599395752,-12.652935981750488,-446.0
3c3dbcbc,0.6521200866604766,0.6070620190131281,0.815068493150685,2107.0,1341.0,833.0,0.7872895497498322,0.7267303788950916,0.8456972322294863,0.6522429765818376,0.7392829243326379,0.5555227587966377,16.953695302096968,14.03694582697378,20.59996033168453,12.195574545017282,10.855283528736866,14.232652567133073,16.94877203112277,13.135129724763363,19.37378761640029,-0.11896685333439472,0.18376016553600016,-6.563014504710752,-3.377369038396207,-6.238657891636926,-0.2080064741375569,59.0,679.0,1.0,0.8899082541465759,0.8134174346923828,0.8216990828514099,0.6108724474906921,0.5971614718437195,12.698925971984863,21.822553634643555,11.50949001312256,20.08833312988281,-0.0082816481590271,0.013710975646972656,-9.123627662658691,-8.578843116760249,-620.0
3d96d897,0.2691557954715849,0.1996190476190476,0.656800563777308,1795.0,1048.0,932.0,0.8014644238928484,0.7514324139142171,0.8254342819729382,0.6301358204500861,0.7050781319623846,0.5908734518102193,8.908236911575003,6.965786533608688,10.308889827185066,6.337150294730968,5.431654476071067,7.082765729564902,8.906946764174878,6.7092147468991055,10.167824872367692,-0.07400186805872111,0.11420468015216523,-3.3431032935763776,-1.651111253493835,-3.458610125468587,-0.4571815161582604,25.0,694.0,1.0,1.0,0.8582778573036194,0.8190057277679443,0.5323948860168457,0.6016548275947571,5.852349758148193,11.466842651367188,5.432250499725342,11.251579284667969,0.03927212953567505,-0.06925994157791138,-5.614492893218994,-5.819328784942627,-669.0
3df4b19e,0.3651356993736952,0.218021603183627,0.8985849056603774,1749.0,767.0,1143.0,0.8239055431474952,0.7018094212170458,0.8381765204107373,0.5934550646047345,0.7722571835638101,0.5688997795557011,14.468041890310342,12.989209740083702,15.308034576540893,9.768984368471603,9.678228917344445,9.921221957320974,14.364746407328374,12.862334022837002,15.246225023401454,-0.1363670991936915,0.20335740400810898,-2.318824836457191,-0.242993039976529,-2.383891000564452,-0.6805633024767503,26.0,780.0,1.0,0.9860935807228088,0.7175229787826538,0.8591079115867615,0.7516342401504517,0.5308334827423096,12.034306526184082,16.51351547241211,11.929265975952148,16.44402503967285,-0.14158493280410767,0.2208007574081421,-4.479208946228027,-4.514759063720703,-754.0
3e011332,0.6661052631578948,0.6305160807778609,0.8386319845857418,3164.0,1686.0,1741.0,0.8431633736736468,0.6877927164610537,0.8845719621517015,0.5600654003352701,0.7901990680062162,0.4804748439789506,11.348047939581924,11.33568079722063,11.78819170047055,8.22068357322518,8.301256486416989,8.50382220591653,11.315653249286214,11.284536533270847,11.574441123492583,-0.19677924569064786,0.30972422402726557,-0.4525109032499195,-0.20256571949954072,-0.2899045902217363,-0.20811590380788092,82.0,1302.0,1.0,1.0,0.8148279190063477,0.911341905593872,0.6085590720176697,0.4210892915725708,8.494438171386719,11.512899398803713,8.474309921264648,10.911937713623049,-0.0965139865875243,0.18746978044509888,-3.018461227416994,-2.4376277923584,-1220.0
3e678ea7,0.4865821841222512,0.4279538904899135,0.8394342762063228,2611.0,1782.0,1009.0,0.6776095371626467,0.5633602250425915,0.7635364530574624,0.8029825189097871,0.9344942749502626,0.6876969491608024,15.344620146575211,14.128655251063137,16.666562803449708,11.412975176042757,11.018971030947826,11.656104511668907,15.210060229519906,14.111096309653329,15.93087139618762,-0.2001762280148709,0.24679732578946023,-2.537907552386571,-0.6371334807210811,-1.8197750865342908,-0.4114803857164093,56.0,667.0,1.0,0.985228955745697,0.7416278719902039,0.7814610004425049,0.718849241733551,0.661118745803833,11.908270835876465,18.332592010498047,11.83108139038086,17.867326736450195,-0.039833128452301025,0.05773049592971802,-6.424321174621582,-6.036245346069336,-611.0
3ef6372a,0.4143905103792726,0.3133903133903133,0.8009761388286334,2655.0,1430.0,1477.0,0.7707934963240058,0.7865928400394057,0.7590519940036207,0.6770620409918048,0.6533102784444683,0.6941873032494607,14.711237352859284,7.979045256433915,18.47726718707925,9.225063670314718,6.526853682971817,11.522809560550188,14.71123705802624,7.88046008925481,18.46762856270557,0.027540846035784994,-0.040877024804992335,-10.498221930645334,-4.995955877578371,-10.58716847345076,-0.4875858254383201,43.0,1045.0,1.0,0.9830667972564696,0.8797643780708313,0.7637433409690857,0.4903786778450012,0.6873960494995117,6.305221080780029,21.03494453430176,6.224933624267578,20.89280891418457,0.1160210371017456,-0.1970173716545105,-14.729723453521732,-14.667875289916992,-1002.0
3ef98781,0.4749659068770699,0.3867521367521367,0.7566594672426206,2438.0,1448.0,1051.0,0.6350566468877308,0.3342100093071242,0.6964255133212011,0.8543340717919065,1.1539410649533846,0.7791976471714978,9.93490240242056,7.209975090770009,12.665180982259567,7.37405772459994,6.046798287387362,9.121916242934011,9.901759317899945,7.08860290109233,12.12352449815004,-0.3622155040140769,0.3747434177818868,-5.455205891489558,-3.0751179555466495,-5.03492159705771,-0.36990733049048385,40.0,602.0,1.0,1.0,0.4189052581787109,0.7726026773452759,1.0780489444732666,0.6743846535682678,6.6540045738220215,13.042353630065918,6.651987552642822,13.042122840881348,-0.353697419166565,0.4036642909049988,-6.3883490562438965,-6.390135288238525,-562.0
3f603129,0.6486017775850856,0.5609201931269525,0.9423076923076924,2992.0,1975.0,1029.0,0.831921762223118,0.7350585725367007,0.8392610724758465,0.5797900271251344,0.7279305289150871,0.5669901719150933,14.42974875830856,12.678367286057336,17.32978426221585,10.59713822809251,9.823727904414676,12.108947714227618,14.410257829570792,12.62486324661416,16.73702716589235,-0.10420249993914577,0.16094035699999387,-4.651416976158513,-2.2852198098129417,-4.11216391927819,-0.3813874991807399,89.0,537.0,1.0,1.0,0.7634761333465576,0.86936354637146,0.6877846717834473,0.5111486315727234,12.591909408569336,20.221031188964844,12.580880165100098,19.75618934631348,-0.10588741302490234,0.17663604021072388,-7.629121780395508,-7.1753091812133825,-448.0
404c4384,0.8168812589413448,0.6190476190476191,0.9341397849462364,1713.0,377.0,1390.0,0.8352407419607467,0.7304006958016607,0.8406782462355235,0.574037033716908,0.7343014424585306,0.5644851703357255,12.674248718006938,8.4992997968507,13.513473071255278,8.976436386642478,6.26494602042211,9.674900842992356,12.641155762215208,8.495757818349984,13.464747356422748,-0.11027755043386278,0.16981627212280503,-5.014173274404579,-3.4099548225702456,-4.968989538072764,-0.3150921658986173,19.0,874.0,1.0,1.0,0.6425926089286804,0.9082780480384828,0.845467209815979,0.4283035099506378,11.457515716552734,12.873482704162598,11.358052253723145,11.855331420898438,-0.26568543910980236,0.4171636998653412,-1.4159669876098633,-0.49727916717529297,-855.0
4121c517,0.7574109328256731,0.6352889667250438,1.0,2785.0,1451.0,1393.0,0.8726443954523816,0.6184209203307973,0.888764743350584,0.5046892203081386,0.873589239481809,0.471667799726494,16.395891075324123,10.965679301558048,20.46320267667693,10.757483124845164,8.379339231890272,13.18516853087188,16.393912555178197,10.965285345965928,20.45592308937337,-0.27034382301978666,0.401921439755315,-9.497523375118881,-4.8058292989816085,-9.490637743407444,-0.36471103327495624,58.0,957.0,1.0,1.0,0.6898859143257141,0.9255707263946532,0.7875456809997559,0.3858219087123871,9.580422401428224,19.46016502380371,9.534234046936035,19.23395347595215,-0.2356848120689391,0.4017237722873688,-9.879742622375487,-9.699719429016113,-899.0
41fb0192,0.4820562560620756,0.2521520803443328,0.9805389221556886,1988.0,703.0,1310.0,0.7009865721867392,0.8414644999281761,0.6666616865051241,0.7733219611691637,0.5630905789867628,0.816502680332252,11.767354624910428,4.701229970136073,14.11997140073518,7.235178938491875,3.6620437525657663,9.139646818159934,11.08324025400514,4.431534518849631,12.302051633559628,0.17480281342305193,-0.2534121013454892,-9.418741430599106,-5.477603065594167,-7.8705171147099975,-0.7283868418113558,17.0,597.0,1.0,1.0,0.9653044939041138,0.6605606079101562,0.2634217441082001,0.8239409923553467,3.059910297393799,18.382383346557617,2.0662729740142822,17.178918838500977,0.3047438859939575,-0.5605192482471466,-15.322473049163818,-15.112645864486694,-580.0
42669188,0.626377532883043,0.5654040404040404,0.960984393757503,3524.0,2239.0,1601.0,0.9510382320666194,0.8236350235974567,0.95436213685923,0.3129273651612482,0.5939107279760879,0.3021187287831395,8.83212727070042,8.097444804615767,9.658204285832632,6.275581124362308,5.862607560785174,6.882682610061221,8.667633585742708,7.99970008979364,9.368339244937657,-0.13072711326177333,0.2917919991929484,-1.5607594812168646,-1.0200750492760466,-1.3686391551440167,-0.39558035335346264,76.0,1043.0,1.0,1.0,0.887417733669281,0.8983518481254578,0.4745150506496429,0.4508839249610901,5.622440814971924,10.886144638061523,5.331287384033203,10.497857093811035,-0.010934114456176758,0.0236311256885528,-5.2637038230896,-5.166569709777832,-967.0
42c538a1,0.683739837398374,0.6672038678485093,0.8228476821192053,2523.0,1656.0,994.0,0.8757134768989033,0.9110183747077618,0.8481414021046727,0.4985710041731201,0.4218569077121724,0.5511054307395769,11.98542815252969,9.30477510814429,15.565222539223791,8.627829341266295,7.254953023249531,11.102322044184238,11.95458722363425,9.198960251576642,15.554621368411835,0.06287697260308911,-0.12924852302740447,-6.260447431079502,-3.847369020934707,-6.3556611168351935,-0.15564381427069607,86.0,508.0,1.0,1.0,0.9445298314094543,0.7192326784133911,0.333077073097229,0.7493561506271362,8.879359245300293,17.726764678955078,8.585663795471191,17.305179595947266,0.22529715299606323,-0.4162790775299072,-8.847405433654785,-8.719515800476074,-422.0
43b06c70,0.484940839010398,0.361255250803064,0.8223383409536251,2705.0,1462.0,1259.0,0.7943904700069176,0.7433975303522209,0.8272873221334263,0.6412636431189318,0.7163832349347368,0.58772898153243,15.996650856722404,15.202676572001083,16.95838013410903,12.154731424463469,11.972430534225005,12.44720715962875,15.8102383629401,14.763769869280988,16.919676180094417,-0.08388979178120537,0.12865425340230674,-1.7557035621079482,-0.4747766254037451,-2.155906310813428,-0.46108309015056115,36.0,882.0,1.0,1.0,0.7979398369789124,0.8422978520393372,0.6357045769691467,0.5616086721420288,13.543205261230469,18.33710479736328,12.678446769714355,18.24921989440918,-0.044358015060424805,0.07409590482711792,-4.7938995361328125,-5.570773124694824,-846.0
43c7f85a,0.5292123109024518,0.4704691191360108,0.9701492537313432,2029.0,1394.0,845.0,0.7430582596015636,0.8050126747768224,0.6882389259696741,0.7168566668427329,0.6244795036239021,0.7896341862284407,13.435503911827862,10.37235872092542,17.32125629443036,9.641399417371336,8.20117538389254,12.265501674944542,13.435350173107311,10.205874033777617,17.16483569356705,0.1167737488071483,-0.16515468260453858,-6.948897573504938,-4.0643262910520015,-6.958961659789432,-0.4996801345953324,50.0,547.0,1.0,1.0,0.8751869797706604,0.6886523962020874,0.4996258914470672,0.7891103625297546,7.464080810546875,19.74522399902344,7.383870601654053,19.133913040161133,0.186534583568573,-0.28948447108268743,-12.281143188476566,-11.75004243850708,-497.0
43e16325,0.8434836832259406,0.850784502081332,0.851303317535545,4058.0,2657.0,1437.0,0.8542830819239717,0.762851158452004,0.9035625189261192,0.5398461226609454,0.6886927348941558,0.4391753205130744,9.73719520071999,9.253001014278258,10.526333769347128,7.095488291806075,7.129238930420633,6.994113553595809,9.694024595533907,9.104639028338072,10.517362687119345,-0.14071136047411514,0.24951741438108144,-1.2733327550688696,0.13512537682482417,-1.4127236587812728,-0.0005188154542129508,170.0,886.0,1.0,1.0,0.8127598166465759,0.8882253170013428,0.6119480133056641,0.4728100597858429,8.050666809082031,12.3871431350708,8.028081893920898,12.386971473693848,-0.07546550035476685,0.13913795351982117,-4.3364763259887695,-4.358889579772949,-716.0
44441e54,0.5322490185081323,0.449280994947532,0.9556898288016112,1898.0,1156.0,949.0,0.6899645990173947,0.934591162825181,0.5983255824922238,0.7874457454105716,0.361687260419327,0.896297291648007,13.492759062125334,4.608683297498201,18.63215912680003,6.981566874630776,3.625393607240924,10.715024221489328,13.48314746348968,4.604293620979459,18.52112201868052,0.33626558033295717,-0.53461003122868,-14.023475829301828,-7.089630614248404,-13.91682839770106,-0.5064088338540793,28.0,588.0,1.0,1.0,0.9725448489189148,0.6247721314430237,0.2343294769525528,0.8662884831428528,2.995439291000366,19.463117599487305,2.9949631690979004,19.45467758178711,0.3477727174758911,-0.6319590061903,-16.46767830848694,-16.45971441268921,-560.0
445af6c2,0.4422485726833552,0.2777120315581854,1.0,3021.0,1408.0,1761.0,0.8754665064404775,0.807561929992852,0.8845592728597725,0.4990661149778103,0.6203838650499349,0.4805012531518049,8.706968833526027,6.747245894852894,9.931491003056268,6.126838938543467,5.094625402954702,6.927696153657639,8.655613710438251,6.716803857072412,9.839482694864332,-0.0769973428669205,0.13988261189813,-3.184245108203373,-1.8330707507029365,-3.12267883779192,-0.7222879684418146,79.0,1140.0,1.0,1.0,0.8991572260856628,0.8853935599327087,0.449094146490097,0.4787618219852447,5.362935543060303,11.323241233825684,5.140504360198975,11.286181449890137,0.013763666152954102,-0.029667675495147705,-5.960305690765381,-6.145677089691162,-1061.0
4463446c,0.5909327774882751,0.5126339969372129,0.9094616639477976,2268.0,1339.0,1115.0,0.6806106746099599,0.5966423470922513,0.7239085287672854,0.799236292206554,0.8981733161341955,0.7430901307818785,13.432686515111952,12.966514841988404,14.299818144308384,9.836901847918815,9.698616817272386,10.369857955745982,13.373039176082004,12.54597798384879,14.255287101701642,-0.12726618167503412,0.15508318535231702,-1.3333033023199796,-0.6712411384735955,-1.7093091178528521,-0.3968276670105847,66.0,510.0,1.0,0.9922178983688354,0.5179935097694397,0.7935914397239685,0.9818416237831116,0.6425084471702576,13.73211669921875,12.108901023864746,13.379706382751465,11.843087196350098,-0.2755979299545288,0.339333176612854,1.623215675354004,1.5366191864013672,-444.0
44a94013,0.6635495019312868,0.5846028291621328,0.9364440868865648,3264.0,2149.0,1164.0,0.7870140283059684,0.7819804413402118,0.7977089385003526,0.6526652613614908,0.6603325808405763,0.6360677031569004,9.449214993410113,8.354892727319603,11.23485779291826,7.202992267424123,6.717173145564695,8.130144306266743,9.449208299511524,8.249143923528198,10.973388875904982,-0.015728497160140797,0.02426487768367591,-2.8799650655986575,-1.4129711607020479,-2.724244952376784,-0.351841257724432,61.0,348.0,0.5041322112083435,0.5028901696205139,0.8593279719352722,0.8013414144515991,0.5304187536239624,0.6303309798240662,7.750528812408447,13.320971488952637,7.552418231964111,12.558692932128906,0.057986557483673096,-0.09991222620010376,-5.5704426765441895,-5.006274700164795,-287.0
45fb3e21,0.736144168650119,0.5735944409349337,0.942562592047128,2165.0,908.0,1280.0,0.7517226943714302,0.6810427118796781,0.7712369334639224,0.70466631199252,0.7986955466513155,0.6764067807703846,14.241077536714416,11.103247563349775,16.16508827041668,10.058568695816984,8.095528503913863,11.488281783477747,14.062739060504857,10.922647471926854,15.982972161820568,-0.09019422158424428,0.12228876588093085,-5.061840707066903,-3.392753279563884,-5.060324689893713,-0.3689681511121943,81.0,933.0,1.0,1.0,0.7198323011398315,0.7741700410842896,0.7485555410385132,0.6720564961433411,10.251543045043944,17.38542366027832,10.162450790405272,17.308666229248047,-0.05433773994445801,0.07649904489517212,-7.133880615234377,-7.146215438842775,-852.0
460f859e,0.9080675422138836,0.8759873617693523,0.9757505773672056,1936.0,1109.0,845.0,0.7720042819373635,0.7913986685605392,0.7484554351714321,0.6752713796136136,0.6459122718132251,0.7092877622355653,16.425472580871073,13.335154948676829,19.792964777812703,12.020265574041238,10.203770189182176,14.466553283138088,16.366269055063924,13.323703760841562,19.643777396985897,0.042943233389107105,-0.06337549042234025,-6.457809829135874,-4.262783093955912,-6.320073636144334,-0.09976321559785328,120.0,610.0,1.0,0.9791332483291626,0.776105523109436,0.7438409328460693,0.6691703200340271,0.715764045715332,12.587279319763184,22.20463752746582,12.468960762023926,22.0756950378418,0.0322645902633667,-0.04659372568130493,-9.617358207702637,-9.606734275817875,-490.0
4630ab92,0.6175368473644767,0.5316197470420236,0.8762886597938144,2472.0,1303.0,1360.0,0.8027607650746769,0.6770903095337565,0.8510410655102942,0.6280752103455813,0.8036288825897729,0.5458185311799257,14.522110755138604,14.522687418165988,14.448153751549428,10.312113177149463,11.031210977367962,9.65157087558812,14.420264845761425,13.941397658893532,14.448129458446818,-0.17395075597653775,0.2578103514098472,0.07453366661655991,1.3796401017798416,-0.5067317995532861,-0.3446689127517908,50.0,1028.0,1.0,1.0,0.8138247132301331,0.8564295768737793,0.610205352306366,0.535855233669281,10.367918968200684,15.378809928894045,9.579591751098633,15.32199478149414,-0.04260486364364624,0.07435011863708496,-5.010890960693361,-5.742403030395508,-978.0
463c38f2,0.4639733444398167,0.3931475029036004,0.8387334315169367,2228.0,1354.0,1139.0,0.8725741033492963,0.8189169475224373,0.8896094935137248,0.5048284790910744,0.6018023803169321,0.4698734010055799,10.045719249631796,10.179299888881715,10.620742987256952,7.136610960614301,7.268972015386772,7.55082441720818,10.044926929374716,10.166356553252545,10.539027806080522,-0.07069254599128749,0.13192897931135222,-0.44144309837523643,-0.2818524018214088,-0.37267125282797764,-0.4455859286133363,41.0,611.0,1.0,1.0,0.8452701568603516,0.8657621741294861,0.5562909841537476,0.5181463360786438,11.519469261169434,10.248308181762695,11.46372413635254,10.221463203430176,-0.02049201726913452,0.03814464807510376,1.2711610794067383,1.242260932922365,-570.0
4654e7de,0.3979591836734694,0.3495982755242015,0.7328635490070468,2652.0,1784.0,1144.0,0.8325073640276287,0.7129501362555445,0.8651686951503823,0.5787791218977604,0.7576936897512814,0.5192904868175763,7.610110689323335,6.839287724305037,8.842820205647111,5.564412061268979,5.472045669022524,6.007250113553074,7.60953365805891,6.780539636977033,8.83277576505039,-0.15221855889483782,0.2384032029337051,-2.0035324813420745,-0.5352044445305495,-2.052236128073358,-0.3832652734828453,46.0,748.0,1.0,1.0,0.7930771112442017,0.8973591923713684,0.6433084607124329,0.4530801475048065,5.48590087890625,9.017436981201172,5.448171138763428,8.727611541748047,-0.10428208112716675,0.19022831320762634,-3.531536102294922,-3.279440402984619,-702.0
466fc788,0.6361058601134215,0.5595533498759305,0.9930555555555556,2692.0,1804.0,1001.0,0.8621971345978673,0.8568947436274574,0.8755185883174191,0.524981648064259,0.5349864603380959,0.4989617453925318,10.64924145801944,8.759471497703712,13.263098380269868,7.561505823111705,6.782128733197234,8.933109206448789,10.64794282357347,8.618225635210731,13.088091903427332,-0.0186238446899617,0.03602471494556414,-4.503626882566156,-2.150980473251555,-4.469866268216601,-0.43350220567962505,77.0,780.0,1.0,1.0,0.9339775443077089,0.886694610118866,0.3633798360824585,0.4760365188121795,5.486405849456787,13.896872520446776,5.3120293617248535,13.55037784576416,0.047282934188842884,-0.11265668272972101,-8.410466670989988,-8.238348484039307,-703.0
46a301e9,0.4241175416592008,0.3388503690449564,0.9972972972972972,2367.0,1515.0,1107.0,0.9533981248822524,0.8254943596832849,0.9296508190560308,0.3052928925400904,0.5907717669569444,0.3750978030966567,12.136062795671387,5.754203416557095,16.88830841825219,7.657673319256652,4.46035526296371,11.77893167794573,12.107316084042298,5.754103490522816,16.746274658329124,-0.10415645937274587,0.21567396386028775,-11.134105001695096,-7.31857641498202,-10.992171167806308,-0.6584469282523409,38.0,679.0,1.0,1.0,0.9272387623786926,0.894317626953125,0.3814740777015686,0.4597442150115967,3.766575336456299,18.73566246032715,3.755367994308472,18.714679718017575,0.03292113542556763,-0.07827013731002808,-14.96908712387085,-14.959311723709103,-641.0
46a7190b,0.6401317595388416,0.6135906714917572,0.9022491349480968,2332.0,1526.0,1043.0,0.6624962822710395,0.7057797888564579,0.6425891950156233,0.8215883613208752,0.7670987043966925,0.8454712354472821,15.49608097022024,11.84056858933464,18.84114848875501,10.209480707868702,8.64086811606969,12.067659291946455,15.484582248719716,11.271148018829557,18.39902864350768,0.06319059384083459,-0.07837253105058961,-7.000579899420369,-3.4267911758767653,-7.127880624678124,-0.2886584634563396,56.0,590.0,1.0,0.9752066135406494,0.8359924554824829,0.6232970952987671,0.5727260112762451,0.8679895401000977,10.602760314941406,24.287193298339844,9.96234130859375,23.23661231994629,0.21269536018371582,-0.29526352882385254,-13.684432983398438,-13.274271011352539,-534.0
46d24a09,0.5595749029225424,0.4964417876458867,0.932608695652174,2738.0,1744.0,1287.0,0.7810710372301549,0.8071776458345047,0.7554206975803088,0.6617083387261266,0.6210029857665667,0.699398745237209,11.122696099732936,8.362264235167231,13.73362307059487,7.718464010902063,6.279961941041267,9.686878841850277,11.104027786336482,8.191420930343751,13.73088952182206,0.051756948254195856,-0.07839575947064237,-5.371358835427639,-3.4069169008090094,-5.539468591478309,-0.43616690800628727,80.0,736.0,1.0,1.0,0.9172857403755188,0.7578103542327881,0.4067290425300598,0.6959736347198486,5.560814380645752,16.12198829650879,5.081018924713135,15.752370834350586,0.1594753861427307,-0.2892445921897888,-10.561173915863037,-10.671351909637451,-656.0
46d41ff6,0.3922090112640801,0.3713361248572516,0.843585237258348,2507.0,1951.0,960.0,0.8352896833501172,0.7908640623440529,0.8266645893633581,0.5739517691407228,0.6467394183996319,0.5887875858688632,9.524943706923455,8.358013171202261,12.18511008250406,6.753245217678283,6.295444814743059,8.475248947626843,9.49158279103174,8.357845951823588,12.170236094188017,-0.03580052701930514,0.05795183253076874,-3.8270969113017994,-2.1798041328837847,-3.8123901423644284,-0.4722491124010964,51.0,485.0,1.0,1.0,0.8999179601669312,0.8348236680030823,0.4473969936370849,0.5747631192207336,5.956027507781982,13.786928176879885,5.954384326934815,12.632261276245115,0.06509429216384888,-0.12736612558364874,-7.830900669097902,-6.6778769493103,-434.0
46dfcfca,0.6787193973634652,0.5128956623681126,0.9768177028451,1802.0,875.0,927.0,0.6649616559902777,0.7441327344634173,0.6095868549843877,0.8185821205104865,0.7153562266962981,0.8836437574222005,16.581517877629935,13.21153411969075,19.22802089718288,11.345397954258384,9.901486714643529,12.70831309413217,16.50835701833099,12.537906126059308,19.206635209814984,0.13454587947902963,-0.1682875307259024,-6.01648677749213,-2.8068263794886406,-6.668729083755675,-0.4639220404769875,87.0,528.0,1.0,0.9741697311401368,0.7886136770248413,0.6417832374572754,0.6502096652984619,0.8464239835739136,12.499597549438477,20.947263717651367,10.713632583618164,20.921369552612305,0.14683043956756592,-0.19621431827545166,-8.44766616821289,-10.20773696899414,-441.0
47222616,0.5770653514180024,0.5145495243424735,0.9496904024767802,2808.0,1839.0,1227.0,0.7661626980625207,0.6257477298707328,0.8252806740161235,0.6838673876380995,0.8651615688751636,0.5911333622523373,13.166454348572117,12.68910021521554,13.926463124114257,10.112583470902765,10.108358951381332,10.252377442637869,13.164603754649123,12.666662658960114,13.845191073819898,-0.1995329441453907,0.27402820662282634,-1.2373629088987173,-0.14401849125653676,-1.1785284148597839,-0.4351408781343067,63.0,644.0,1.0,1.0,0.758814811706543,0.8046833276748657,0.6945288777351379,0.6250066757202148,11.01748275756836,15.57056713104248,10.920483589172363,15.522085189819336,-0.045868515968322754,0.0695222020149231,-4.553084373474121,-4.601601600646973,-581.0
47ee27ab,0.4809495896834701,0.4289468744133659,0.969939879759519,3282.0,2285.0,1452.0,0.8835803766314109,0.7402065976741512,0.8919227833873817,0.4825341922985129,0.7208236987306241,0.4649241155556856,9.913674928374972,6.091917925805916,13.437098395774736,6.315773087307036,4.942085049460803,8.343481953180271,9.86727304327964,5.949981256555049,13.419862144688404,-0.15171618571323053,0.25589958317493855,-7.34518046996882,-3.4013969037194682,-7.469880888133354,-0.5409930053461531,58.0,775.0,1.0,0.9847522377967834,0.8655760288238525,0.8583593964576721,0.5185055136680603,0.532241702079773,4.360135078430176,18.19241142272949,4.124364376068115,18.191495895385746,0.00721663236618042,-0.013736188411712646,-13.832276344299313,-14.06713151931763,-717.0
481de5fc,0.5004947555907382,0.453475935828877,0.7936024371667936,2529.0,1696.0,1042.0,0.7668067353851369,0.7839112581411645,0.7269640588120352,0.6829249806748368,0.6574020715799966,0.7389667667601363,13.860691078501556,9.658538091948296,18.20734908052412,8.757315647525402,7.15003877024774,11.082652461535664,13.848608601129603,9.628197917594283,18.196732310554147,0.05694719932912928,-0.08156469518013965,-8.548810988575825,-3.9326136912879246,-8.568534392959863,-0.34012650133791655,50.0,757.0,1.0,1.0,0.8659182190895081,0.7203571200370789,0.517845094203949,0.7478541135787964,7.811450004577637,21.281965255737305,7.790224552154541,21.277189254760746,0.1455610990524292,-0.2300090193748474,-13.470515251159668,-13.486964702606205,-707.0
48c1f673,0.6864249186424919,0.5675675675675675,0.963758389261745,2953.0,1596.0,1436.0,0.8177334766416147,0.630539708286483,0.8705658988074118,0.6037657217139532,0.8596048996062284,0.5087909220742608,10.73106541359592,10.373470123661797,11.188162712972346,7.783954478637881,8.136024782763759,7.529270770888005,10.593915592540482,10.25561253869106,11.11703171584577,-0.24002619052092877,0.35081397753196764,-0.8146925893105497,0.6067540118757533,-0.8614191771547084,-0.3961908216941774,58.0,881.0,1.0,1.0,0.6502581238746643,0.9392775893211364,0.8363514542579651,0.3484893441200256,9.794219017028809,9.45915412902832,9.594748497009276,9.459004402160645,-0.28901946544647206,0.4878621101379395,0.3350648880004883,0.13574409484863104,-823.0
4936af16,0.5630780614132446,0.5181818181818182,0.8759278897136797,1522.0,912.0,826.0,0.8572918679141938,0.4663702335636698,0.8862634188544121,0.5342436374647923,1.0330825392352057,0.4769414663154965,11.600142510211912,10.095656511538593,13.196583797772854,8.548716572056618,8.151752580997092,9.439923951276418,11.54969263357972,10.095267735261343,13.112369405895365,-0.41989318529074227,0.5561410729197092,-3.1009272862342616,-1.2881713702793256,-3.0171016706340215,-0.35774607153186155,37.0,531.0,1.0,1.0,0.6877665519714355,0.9054745435714722,0.7902321815490723,0.43479984998703,6.893004417419434,14.947270393371582,6.783332347869873,14.613802909851074,-0.21770799160003662,0.3554323315620423,-8.054265975952148,-7.830470561981201,-494.0
493b5b31,0.6107067030633909,0.5520107840934622,0.8684087727484834,4027.0,2457.0,1861.0,0.927393967927076,0.9204134537793408,0.9183559515361532,0.3810670074223798,0.3989650265891963,0.4040892190193813,13.509668996171566,11.410788247545108,15.177964392407276,9.74349659561511,8.952351841049238,10.109512406003596,13.450702148373551,11.014798346913084,15.153200582256115,0.00205750224318757,-0.005124192430184971,-3.7671761448621677,-1.1571605649543582,-4.138402235343031,-0.3163979886550212,99.0,1239.0,1.0,1.0,0.9317548274993896,0.8297827839851379,0.3694460093975067,0.5834676027297974,10.893771171569824,17.93914031982422,10.811077117919922,17.87583351135254,0.10197204351425171,-0.21402159333229065,-7.0453691482543945,-7.064756393432617,-1140.0
49dbc14c,0.6711045364891519,0.5328582739509106,0.9895424836601308,1361.0,673.0,757.0,0.6077544683395216,0.6918797431889144,0.5817156327622478,0.8857150011832005,0.7850098812258169,0.9146413146559172,19.72873366457924,13.438675586808934,23.527914437149647,12.999342960454554,10.36156638720023,15.089489402836122,19.469390307740458,13.253714862769025,23.20995099526266,0.11016411042666663,-0.1296314334301003,-10.089238850340713,-4.727923015635891,-9.956236132493634,-0.4566842097092202,35.0,515.0,1.0,0.9662289023399352,0.8045880198478699,0.5298599004745483,0.6251591444015503,0.9696804881095886,13.31828784942627,26.987232208251957,10.822997093200684,26.594223022460938,0.27472811937332153,-0.34452134370803833,-13.668944358825687,-15.771225929260254,-480.0
4a035ec2,0.6702256733802475,0.5721540414727042,0.8310580204778157,2762.0,1352.0,1461.0,0.7395832395621964,0.7365946717571497,0.7367611735791213,0.7216879664201192,0.725817233527629,0.7255877981621227,11.237660155700176,5.83989778209172,14.438189015171362,6.298580964883357,4.642890413821321,7.780481411794835,11.1299077234437,5.669144150437703,13.800804340298908,-0.00016650182197164298,0.00022943536550623644,-8.598291233079642,-3.137590997973514,-8.131660189861204,-0.25890397900511153,58.0,1044.0,1.0,1.0,0.8721228241920471,0.7137523889541626,0.5057216286659241,0.7566341161727905,4.256840229034424,16.880043029785156,4.095218658447266,15.995360374450684,0.15837043523788452,-0.25091248750686646,-12.623202800750732,-11.900141716003418,-986.0
4a335117,0.6975233455136013,0.6129303106633082,0.9209164818920916,3436.0,2190.0,1246.0,0.6471166801430547,0.5515785863759244,0.703567354858572,0.8400991844501997,0.9470178600470802,0.7699774608927562,19.951210366238097,17.648543034370697,23.45688449220869,14.5310692690369,13.618994398517763,16.134154314331372,19.865582259502585,17.40102789853645,23.45673040282687,-0.15198876848264764,0.177040399154324,-5.808341457837994,-2.5151599158136086,-6.055702504290419,-0.30798617122878347,95.0,797.0,1.0,0.9719512462615968,0.6786923408508301,0.7076037526130676,0.8016328811645508,0.7647172808647156,14.791177749633787,26.51104736328125,14.549033164978027,26.49416732788086,-0.02891141176223755,0.036915600299835205,-11.719869613647463,-11.945134162902832,-702.0
4a8ecc0b,0.5449647741400746,0.472510100122958,0.9184993531694696,3945.0,2690.0,1420.0,0.6916832049699881,0.605451750261128,0.8035080975813971,0.785260205320519,0.8883110375750962,0.6268842036909256,18.82320937240989,16.75318456368608,22.517983229481647,14.351790489424433,12.814132232778734,17.670684848542603,18.69309194987959,16.54322847100339,19.18598722267997,-0.1980563473202691,0.26142683388417065,-5.764798665795567,-4.856552615763869,-2.642758751676581,-0.4459892530465116,79.0,1006.0,1.0,1.0,0.6274853944778442,0.8244717717170715,0.8631507754325867,0.5925001502037048,14.990397453308104,22.659814834594727,14.824487686157228,19.97943115234375,-0.1969863772392273,0.27065062522888184,-7.669417381286623,-5.154943466186522,-927.0
4b462989,0.6989319092122831,0.5971184631803629,0.963458110516934,2094.0,1119.0,1081.0,0.8374046232408523,0.272626666674238,0.9276913131313392,0.570254989910913,1.2061287935587657,0.3802859105164446,8.531406313341957,9.302962064803731,7.494088982554446,6.463130789000095,7.718696829612138,5.086068373330402,8.51675434267389,9.293701259302235,7.389099194080747,-0.6550646464571013,0.825842883042321,1.808873082249285,2.6326284562817355,1.9046020652214883,-0.3663396473365711,38.0,736.0,1.0,1.0,0.3776761889457702,0.9338943362236024,1.1156377792358398,0.3636087477207184,8.137035369873047,8.356850624084473,8.12934684753418,8.301481246948242,-0.5562181472778323,0.7520290315151215,-0.21981525421142578,-0.1721343994140625,-698.0
4b831d20,0.4700572435050638,0.3430563460443938,0.9445525291828794,4270.0,2411.0,1942.0,0.6663069956959176,0.7014411441143731,0.6604663475382141,0.8169369673409111,0.7727339204223236,0.8240554016105784,13.2271247483776,10.12404148851039,16.17533455269578,9.212316103764762,8.406998430464293,10.150427000802967,13.180086828779716,10.08196497817325,15.779010950172577,0.04097479657615899,-0.05132148118825486,-6.051293064185391,-1.7434285703386738,-5.6970459719993265,-0.6014961831384855,63.0,1222.0,1.0,1.0,0.726719081401825,0.6191989779472351,0.7392982244491577,0.8726981282234192,8.884566307067871,18.54132461547852,8.88127613067627,18.06016159057617,0.10752010345458984,-0.13339990377426147,-9.656758308410648,-9.178885459899899,-1159.0
4c2208f5,0.5868941783768282,0.4856205365759506,0.9068600111544896,4093.0,2516.0,1626.0,0.8457100155006552,0.8336054247746486,0.8337007038399097,0.5554997470734705,0.5768788004864651,0.5767136137808615,12.08510818337276,7.349849472933268,16.89146832409998,8.04461938836525,5.487230893304278,11.91774792559603,11.988691704971862,7.322930059390858,16.63323086503688,-9.527906526107799e-05,0.00016518670560361493,-9.54161885116671,-6.430517032291752,-9.31030080564602,-0.42123947457853894,101.0,926.0,1.0,1.0,0.8799344897270203,0.7370133399963379,0.4900316596031189,0.725240170955658,5.493865013122559,18.76131820678711,5.377383232116699,17.449939727783203,0.14292114973068237,-0.23520851135253906,-13.26745319366455,-12.072556495666504,-825.0
4c3168cf,0.4896698615548456,0.3310199155099577,0.9833454018826936,2299.0,1097.0,1358.0,0.8157402795963116,0.8162462663375223,0.8414583448255665,0.6070580209562978,0.6062239415636399,0.5631015098087263,11.61438659941768,8.750318441351471,13.370847540647016,8.147535340464385,6.717703077854843,9.37423983781323,11.607484610405098,8.483782937194114,13.15310622096597,-0.025212078488044187,0.04312243175491359,-4.6205290992955454,-2.656536759958387,-4.669323283771856,-0.6523254863727359,33.0,795.0,1.0,1.0,0.8499497175216675,0.8475961089134216,0.5478143692016602,0.5520939826965332,7.621304512023926,14.58430290222168,7.149075031280518,14.356791496276855,0.0023536086082458496,-0.004279613494873047,-6.962998390197754,-7.207716464996338,-762.0
4c3df468,0.6906434391683057,0.6335590669676449,0.9389567147613762,2458.0,1684.0,846.0,0.7444221899374213,0.7582913566487856,0.728929535721238,0.7149514809587832,0.6952821633714106,0.7363021992073119,12.590364948779058,11.074889174264282,15.058821658106812,9.4038057860151,8.66899722280741,10.83313860150916,12.546470182716927,10.893210668325198,15.03719123973355,0.029361820927547577,-0.0410200358359013,-3.98393248384253,-2.16414137870175,-4.143980571408353,-0.30539764779373135,73.0,499.0,1.0,1.0,0.8464212417602539,0.7397542595863342,0.5542179346084595,0.7214509844779968,7.908942222595215,17.765901565551758,7.402466297149658,17.612716674804688,0.10666698217391968,-0.16723304986953735,-9.856959342956543,-10.21025037765503,-426.0
4caa7289,0.5738087304231922,0.4899617590822179,0.8998899889988999,1722.0,1025.0,818.0,0.8134334721044089,0.872373063303685,0.7754401056938311,0.6108461801396341,0.5052265564997845,0.6701640012805355,9.472053524475369,6.993624626755103,11.68866559574258,6.733529598587821,5.570155855422515,8.123769387956875,9.301344261051034,6.864457081342414,11.38481915877733,0.09693295760985388,-0.164937444780751,-4.695040968987476,-2.55361353253436,-4.520362077434915,-0.40992822991668204,46.0,522.0,1.0,1.0,0.9039748311042786,0.7706955075263977,0.4382354915142059,0.6772067546844482,5.219372272491455,13.539426803588867,4.995709896087647,13.37588882446289,0.13327932357788086,-0.23897126317024237,-8.320054531097412,-8.380178928375244,-476.0
4cd1ac61,0.4331103678929766,0.1750569187958512,0.9363591514553528,2590.0,692.0,1898.0,0.7212968859936786,0.6074223301927529,0.8216667974632291,0.7465964291453869,0.8860899162130749,0.5972155432283571,23.026575901736088,27.499114961387825,21.162061783191437,17.549766956199544,20.421739951294114,16.5026619442894,23.01819324623428,21.040427766064848,20.405547538363795,-0.2142444672704762,0.28887437298471774,6.337053178196388,3.919078007004714,0.6348802277010535,-0.7613022326595016,34.0,1150.0,1.0,1.0,0.6469945311546326,0.8599298000335693,0.8402445912361145,0.5292829275131226,23.31781768798828,23.31205940246582,16.6445255279541,21.195144653320312,-0.21293526887893677,0.31096166372299194,0.0057582855224609375,-4.550619125366211,-1116.0
4cecf7b3,0.6294258373205741,0.6060411311053985,0.9344569288389512,2631.0,1886.0,998.0,0.6793544335104128,0.5909163755265571,0.7299510424308079,0.8008065515336238,0.9045259802498136,0.7349135426282362,13.467754568875463,12.429460331351873,15.454520825082572,10.43047634510325,10.196136745450245,11.198493987007312,13.442983397680228,12.360017234221097,15.44727899122861,-0.13903466690425081,0.1696124376215774,-3.025060493730699,-1.0023572415570676,-3.0872617570075125,-0.3284157977335527,61.0,563.0,1.0,1.0,0.6858428716659546,0.7829493880271912,0.7926627397537231,0.6588636040687561,10.700467109680176,15.724538803100586,10.613889694213867,15.721229553222656,-0.09710651636123657,0.13379913568496704,-5.02407169342041,-5.107339859008789,-502.0
4ddde4c1,0.4363179916317992,0.3235792019347037,0.9478260869565216,2607.0,1338.0,1744.0,0.9546052214718932,0.7756822798442691,0.9558215528494908,0.3013130549050499,0.66980253829876,0.2972488760298656,11.5478140947592,7.987926505098583,13.270811041577671,8.575264698454678,6.209271052019823,9.985651511024423,11.520737379854548,7.79611331588876,13.237224971319486,-0.1801392730052217,0.3725536622688944,-5.282884536479088,-3.7763804590046,-5.441111655430727,-0.6242468850218179,38.0,1088.0,1.0,1.0,0.7398189306259155,0.9647157192230223,0.7213613390922546,0.2656474411487579,9.877456665039062,15.001715660095217,8.900714874267578,14.997663497924805,-0.22489678859710682,0.45571389794349676,-5.124258995056154,-6.096948623657227,-1050.0
4e050c92,0.4526558891454965,0.3643670462156731,0.8630952380952381,1960.0,1088.0,1160.0,0.7679199867440202,0.4854903455363713,0.8071360988101614,0.6812929080153115,1.0144058896355332,0.6210698852622604,12.85053076721087,12.442832587728848,13.340568088060564,9.41369909414773,9.918367577479978,9.235433118658165,12.847988005544131,12.403966413040786,13.339421177791232,-0.32164575327379,0.3933360043732729,-0.8977355003317165,0.6829344588218138,-0.9354547647504461,-0.498728191879565,41.0,694.0,1.0,1.0,0.5507387518882751,0.8460678458213806,0.9479042887687684,0.554855227470398,13.118247032165527,13.920472145080566,12.891472816467283,13.911027908325195,-0.29532909393310547,0.3930490612983705,-0.8022251129150391,-1.019555091857912,-653.0
4ed93db6,0.4423076923076923,0.2667856346196743,0.9402390438247012,2760.0,1196.0,1652.0,0.7813432131986999,0.6485372755411998,0.805171079576429,0.6612968876401886,0.8384064938426947,0.6242257931607297,13.810205634250044,10.602368665207797,15.58537582801382,9.460532452473894,8.224797739689299,10.316063477368653,13.804819533678348,10.4963083107327,15.49124826747475,-0.1566338040352292,0.21418070068196504,-4.9830071628060235,-2.091265737679354,-4.99493995674205,-0.6734534092050269,30.0,977.0,1.0,0.9878665208816528,0.6951943635940552,0.8387364745140076,0.7807760834693909,0.5679146647453308,9.315422058105469,17.154067993164062,9.055275917053224,17.123781204223633,-0.1435421109199524,0.21286141872406006,-7.838645935058594,-8.068505287170408,-947.0
4f3eb9e9,0.6060931899641577,0.5998207483755321,0.8048343777976723,3382.0,2677.0,899.0,0.845107620584307,0.7907368144283983,0.8412877351839095,0.5565831104438815,0.6469361414724049,0.5634044103769342,9.601689375957642,8.417814542493227,12.433741832035444,6.475307788078056,6.380209591058803,6.963012939969622,9.601447093602804,8.410629289960506,12.32885164646159,-0.050550920755511264,0.08353173109547063,-4.015927289542217,-0.5828033489108195,-3.9182223565010847,-0.2050136294221402,123.0,405.0,1.0,1.0,0.8648337721824646,0.7781767249107361,0.5199350714683533,0.6660679578781128,7.137727737426758,17.286457061767578,7.028829097747803,17.28645133972168,0.08665704727172852,-0.14613288640975952,-10.14872932434082,-10.257622241973877,-282.0
4f4ac5ce,0.6755952380952381,0.6324167872648335,0.868559411146162,2043.0,1311.0,826.0,0.8720350854838176,0.8501586773915235,0.8799301611138405,0.5058950770983691,0.547432776893157,0.4900404858502193,8.333408707383642,6.820006702438289,10.30710437896159,5.891450877956456,5.362398831867507,6.828114768058669,8.302582725002416,6.788242059457076,10.292181609656431,-0.02977148372231697,0.05739229104293764,-3.487097676523301,-1.4657159361911622,-3.5039395501993553,-0.23614262388132845,26.0,299.0,0.5,0.4933993518352508,0.935078740119934,0.904931664466858,0.3603366613388061,0.4360466301441192,4.851149559020996,10.247929573059082,4.834174156188965,10.166556358337402,0.03014707565307595,-0.07570996880531311,-5.396780014038086,-5.3323822021484375,-273.0
4f4afcc6,0.4301909307875895,0.4034383954154728,0.6589516678012253,2884.0,2112.0,968.0,0.8162996026387461,0.7081182375330722,0.8882089911679787,0.6061359539925905,0.7640441904326317,0.472844602024854,7.618009909351381,7.679977654202645,8.239010301708493,5.758821772329731,6.015320883603541,5.869387543333327,7.595231054861483,7.592632966938839,8.150271058216534,-0.18009075363490645,0.2911995884077777,-0.5590326475058482,0.1459333402702132,-0.5576380912776946,-0.2555132723857525,66.0,742.0,1.0,1.0,0.8125816583633423,0.9008141160011292,0.6122390627861023,0.445389449596405,6.486948013305664,9.011523246765137,6.351140975952148,8.748619079589844,-0.08823245763778687,0.16684961318969732,-2.5245752334594727,-2.3974781036376953,-676.0
4f69febf,0.417516659866721,0.270550527903469,0.9658369936554416,3070.0,1435.0,1979.0,0.8922618922107,0.8712558409909701,0.8953157938719754,0.4641941571999803,0.5074330675252252,0.4575679318484298,11.928251885620435,8.996197046706367,13.353830357122549,8.756066119614342,7.147065155117785,9.707568404318828,11.866747757832108,8.365773916996204,13.352702979343162,-0.024059952881005264,0.0498651356767954,-4.3576333104161815,-2.5605032492010427,-4.986929062346958,-0.6952864657519726,48.0,1280.0,1.0,1.0,0.8835776448249817,0.8954396843910217,0.4825398623943329,0.4572970867156982,8.32259750366211,15.000520706176758,6.911894798278809,14.663881301879885,-0.011862039566040039,0.0252427756786347,-6.677923202514648,-7.751986503601076,-1232.0
4fbe9c06,0.4960802759485732,0.4139496491952125,0.8942558746736292,1582.0,1003.0,685.0,0.775955375937172,0.7727050789755734,0.7641292754605896,0.669394687852881,0.6742327803131892,0.6868343680093628,9.671759422239978,8.063287322147985,11.743064420939795,7.296576216121439,6.370364923161097,8.7964137167271,9.635454335235032,8.062428006043383,11.696814523774192,0.00857580351498377,-0.012601587696173588,-3.67977709879181,-2.426048793566003,-3.6343865177308086,-0.4803062254784167,50.0,454.0,1.0,1.0,0.8224387168884277,0.8243531584739685,0.5959216356277466,0.5927003026008606,6.728948593139648,12.339097023010254,6.727544784545898,11.331496238708496,-0.0019144415855407715,0.0032213330268859863,-5.6101484298706055,-4.603951454162598,-404.0
504c8b08,0.4735955916118169,0.3557785066563766,0.9637037037037036,3094.0,1844.0,1301.0,0.742800403434952,0.7004588583468931,0.7834977543892709,0.7172162805807576,0.7740040589726993,0.658030767686024,18.78247690323675,18.06357329719004,19.65352996973765,14.268181519494805,14.006502643601848,14.548210593937206,18.09672463915024,17.148307812879814,19.211221177738143,-0.0830388960423778,0.11597329128667533,-1.5899566725476113,-0.5417079503353577,-2.0629133648583284,-0.607925197047327,62.0,801.0,1.0,0.9768292903900146,0.7404874563217163,0.8047653436660767,0.7204339504241943,0.6248754262924194,15.43149471282959,21.254419326782227,14.240212440490724,21.246702194213867,-0.06427788734436035,0.0955585241317749,-5.822924613952637,-7.006489753723143,-739.0
511e1db0,0.4359750331000567,0.2599889012208657,0.9281045751633988,2305.0,937.0,1562.0,0.8924221798712486,0.9025161336200876,0.8898227741448351,0.4638487256180648,0.4415515063498535,0.4694192707061883,10.774277958970105,10.469485101679956,10.972142151911848,8.195005278706105,7.848725747506878,8.420082494245742,10.379670879857631,10.415466701382176,10.119549990713717,0.01269335947525252,-0.027867764356334757,-0.5026570502318926,-0.5713567467388643,0.29591671066845926,-0.6681156739425331,22.0,859.0,1.0,1.0,0.962368905544281,0.903988480567932,0.2743395566940307,0.4382043480873108,8.914365768432617,11.26534652709961,8.781731605529785,10.580530166625977,0.05838042497634899,-0.16386479139328008,-2.350980758666992,-1.7987985610961914,-837.0
512943b2,0.6185226019845645,0.5234782608695652,0.9292168674698796,1122.0,602.0,617.0,0.8763210976056995,0.8594880761124085,0.8837018326757625,0.4973507864562003,0.5301168246482872,0.4822824220811649,12.065823414259954,8.46213269727121,14.437240371769995,7.792925124938257,6.751513653157624,8.762982095073646,12.059777667344164,8.350013316154433,14.425173213247724,-0.024213756563354005,0.04783440256712235,-5.975107674498785,-2.011468441916022,-6.075159897093291,-0.40573860660031447,34.0,487.0,1.0,0.968190848827362,0.8473634123802185,0.8655416369438171,0.5525153279304504,0.5185717940330505,6.491793632507324,16.177658081054688,6.167337894439697,16.146228790283203,-0.018178224563598633,0.0339435338973999,-9.685864448547363,-9.978890895843506,-453.0
5138a660,0.5582491582491582,0.4389908256880734,0.99873417721519,1658.0,957.0,789.0,0.6854259086563066,0.6530356977301225,0.6865221551067151,0.7931886173460805,0.8330237718935487,0.7918053357906663,15.379793858572,12.91635783488355,17.836675325252607,11.168768250345495,10.238135485052071,12.37033753884354,15.128244792818386,12.814925827039664,17.371982661780354,-0.033486457376592615,0.04121843610288245,-4.920317490369056,-2.1322020537914685,-4.55705683474069,-0.5597433515271166,29.0,528.0,1.0,1.0,0.6379383206367493,0.7037326693534851,0.8509543538093567,0.7697627544403076,12.279038429260254,18.58760452270508,11.872637748718262,18.233129501342773,-0.06579434871673584,0.08119159936904907,-6.308566093444828,-6.360491752624512,-499.0
516088b7,0.5936339522546419,0.5354243542435424,0.9433962264150944,2238.0,1451.0,1000.0,0.6921055890646881,0.2002354541150455,0.7967243163824504,0.7847221303561049,1.264724907547056,0.6376138072807859,14.431648193008876,12.800674483349598,16.046471916467052,10.55646459987313,10.38936362536665,10.614533928742942,14.428596390715557,12.675734121173203,16.011808731693467,-0.5964888622674049,0.62711110026627,-3.2457974331174544,-0.22517030337629151,-3.3360746105202637,-0.40797187217155195,58.0,714.0,1.0,0.9848275780677797,0.2065434604883194,0.8192071914672852,1.2597273588180542,0.6013199090957642,12.25092315673828,17.492176055908203,11.778807640075684,17.230825424194336,-0.6126637309789658,0.65840744972229,-5.241252899169924,-5.452017784118652,-656.0
521a7819,0.5481205443940376,0.4848138844485042,0.856664807585053,3383.0,2123.0,1536.0,0.8329852028781258,0.8196459616555015,0.8375160522176036,0.5779529342807668,0.6005897740463094,0.5700595544018123,10.225232690401151,7.977247731164331,12.473356623600084,7.06887982318696,6.314548289748847,8.04406909136654,10.138031386873315,7.775767845085872,12.457980765270886,-0.017870090562102092,0.030530219644497092,-4.496108892435753,-1.7295208016176922,-4.682212920185014,-0.3718509231365488,86.0,1019.0,1.0,1.0,0.8600831031799316,0.8344666957855225,0.5289931893348694,0.5753839015960693,6.885483741760254,14.148448944091797,6.274098873138428,14.147032737731934,0.02561640739440918,-0.04639071226119995,-7.262965202331543,-7.872933864593506,-933.0
5254b6db,0.5350223546944859,0.2995301487862177,0.9436141304347826,2154.0,765.0,1389.0,0.7008792953990248,0.6938713343201396,0.7058229450721805,0.7734606707531744,0.782468741458546,0.7670424433208628,16.7315599381975,11.743046629784883,18.92558455412236,11.022702723617549,9.11924583232988,12.071042912123715,16.564096446931124,11.078925050117713,18.86463586235077,-0.011951610752040875,0.015426298137683148,-7.182537924337476,-2.9517970797938347,-7.785710812233058,-0.6440839816485648,22.0,844.0,1.0,1.0,0.6756832003593445,0.729529619216919,0.8053779006004333,0.7354867458343506,13.43809413909912,21.420690536499023,11.352705955505373,21.35735893249512,-0.05384641885757446,0.06989115476608276,-7.982596397399904,-10.004652976989748,-822.0
529e88ca,0.7616146230007617,0.7152145643693107,0.9264705882352942,2000.0,1100.0,1008.0,0.8386820732026583,0.4182990990648496,0.927532253880212,0.5680104344065199,1.078611052173257,0.3807039430312957,17.612105856323726,18.17410989330843,16.366852291039514,12.98611586324257,13.650202527353482,11.782603107155785,17.562521320722517,18.14155087843947,15.910792612191855,-0.5092331548153624,0.6979071091419613,1.8072576022689155,1.8675994201976973,2.2307582662476158,-0.2112560238659834,74.0,725.0,1.0,1.0,0.5457687973976135,0.9348613023757936,0.9531329274177552,0.3609395921230316,17.316606521606445,18.641740798950195,17.31462860107422,17.722206115722656,-0.38909250497818004,0.5921933352947236,-1.32513427734375,-0.4075775146484375,-651.0
52f1e77a,0.5365810763278227,0.43937575030012,0.8047337278106509,3051.0,1830.0,1224.0,0.7489271331729467,0.7283303935952815,0.7522893404697149,0.7086224196665716,0.7371154677589102,0.7038617187065725,10.278407059098674,8.9739927278845,11.956795798474836,7.603102255160915,6.842104375668388,8.72986861974538,10.10013142667161,8.635913948702749,11.906510229526228,-0.02395894687443334,0.03325374905233769,-2.982803070590336,-1.8877642440769922,-3.2705962808234794,-0.3653579775105309,47.0,674.0,1.0,1.0,0.8170486688613892,0.7647553086280823,0.6048988699913025,0.6859222650527954,7.49068546295166,13.321493148803713,6.829815864562988,12.592761039733888,0.052293360233306885,-0.08102339506149292,-5.830807685852053,-5.7629451751709,-627.0
5305524b,0.6093247588424437,0.5189753320683111,0.9001677852348994,2653.0,1641.0,1073.0,0.5584049722280425,0.5919284666989667,0.4791271960159586,0.9397819191407732,0.9034063684754866,1.0206593986086068,14.34377764864705,12.361600935906043,17.053774058623585,10.349795285802598,9.72697627831401,11.451157688447855,14.232427034367724,12.309070997101076,16.79830210865948,0.1128012706830081,-0.11725303013312016,-4.692173122717541,-1.7241814101338448,-4.489231111558405,-0.38119245316658823,34.0,332.0,0.5074626803398132,0.4832605421543121,0.6298375129699707,0.4948734641075134,0.8604214191436768,1.0051134824752808,9.59104061126709,18.588279724121094,9.46819019317627,18.53315734863281,0.13496404886245728,-0.144692063331604,-8.997239112854004,-9.06496715545654,-298.0
53134831,0.5903254702896387,0.4137291280148423,0.9731768650461022,1977.0,892.0,1161.0,0.7338910610296528,0.6020891911223156,0.7571428189012147,0.7295326435058916,0.8920883463846889,0.6969321073085746,15.994869425312311,14.436526881663523,16.979424558571857,11.82006559513824,11.374782935184298,12.1232372817106,15.520967036674854,14.337398666100398,16.100923704517438,-0.15505362777889908,0.19515623907611435,-2.542897676908334,-0.7484543465263016,-1.7635250384170398,-0.5594477370312599,46.0,780.0,1.0,1.0,0.595441997051239,0.8010395765304565,0.8995087742805481,0.6308096647262573,16.605844497680664,16.916196823120117,15.6173677444458,16.086172103881836,-0.20559757947921753,0.26869910955429077,-0.3103523254394531,-0.46880435943603516,-734.0
5397ceb1,0.5005583027596108,0.4107365792759051,0.9692412850307588,3138.0,1974.0,1418.0,0.7745299403812144,0.7099882486959062,0.8075246979735188,0.6715207511593154,0.7615927406482993,0.6204438766342709,12.121727486410752,10.727349895208992,13.57636270917068,8.81327676376916,8.09622908259762,9.717711347155149,12.077861832997453,10.71215966244066,13.265983025927476,-0.09753644927761262,0.14114886401402837,-2.8490128139616893,-1.6214822645575282,-2.5538233634868153,-0.5585047057548537,66.0,686.0,1.0,1.0,0.7384068965911865,0.8179910182952881,0.7233161330223083,0.6033390164375305,9.804866790771484,15.612191200256348,9.803709030151367,15.289708137512209,-0.07958412170410156,0.11997711658477783,-5.807324409484863,-5.485999107360842,-620.0
53f23031,0.3159605811236411,0.2600317111842907,0.8059610705596107,3110.0,2132.0,1325.0,0.8504366892192704,0.7993228878050866,0.879943849270601,0.5469246945983142,0.6335252357955654,0.4900125523482005,9.698263980414316,7.342666749347122,12.049044125298602,6.707813851805956,5.561737519228654,8.166234654889552,9.642011263682877,7.338609724698978,11.46913325863888,-0.08062096146551434,0.1435126834473649,-4.70637737595148,-2.604497135660898,-4.130523533939902,-0.5459293593753201,52.0,901.0,1.0,1.0,0.8546631336212158,0.8858024477958679,0.5391416549682617,0.4779070019721985,5.641642093658447,13.852641105651855,5.621279716491699,13.30019187927246,-0.0311393141746521,0.06123465299606323,-8.210999011993408,-7.67891216278076,-849.0
543198e8,0.696605141727093,0.6739545744003397,0.9211495946941785,4227.0,3175.0,1250.0,0.7032494385949345,0.6424301766435586,0.7800791657979707,0.7703902405989649,0.8456592970652441,0.663205600401609,12.786055445846866,12.38244515792418,13.484648690102215,9.451802494651352,9.597934627087175,8.99769817076491,12.745788471495198,12.307250188668055,13.483019223249354,-0.13764898915441204,0.1824536966636351,-1.1022035321780361,0.600236456322266,-1.1757690345812986,-0.24719502029383877,180.0,830.0,1.0,1.0,0.7123156785964966,0.795376181602478,0.7585305571556091,0.6397246718406677,11.081767082214355,15.307924270629885,11.051258087158203,15.282635688781738,-0.08306050300598145,0.1188058853149414,-4.226157188415529,-4.231377601623535,-650.0
54753541,0.6367788461538462,0.6317280453257791,0.8023952095808383,2649.0,1784.0,1072.0,0.6826546721782704,0.5071287648813146,0.834793957510781,0.7966747489681465,0.9928456427045296,0.5748148266863321,12.783798487301222,13.902126047804837,10.57099524030882,9.873082837282942,11.068048996229932,7.88237032885948,12.783780631796704,13.899251481383928,10.45771284947016,-0.32766519262946636,0.41803081601819747,3.3311308074960166,3.1856786673704516,3.441538631913767,-0.17066716425505923,142.0,626.0,1.0,1.0,0.6021558046340942,0.8563546538352966,0.892013669013977,0.5359950661659241,11.956788063049316,11.44356918334961,11.854433059692385,11.439583778381348,-0.2541988492012024,0.356018602848053,0.513218879699707,0.41484928131103693,-484.0
54a7e3c2,0.4718296935217471,0.31631135349529,0.9363957597173144,2571.0,1276.0,1325.0,0.8261487501909978,0.6800121940521251,0.865756852462715,0.5896630390468818,0.799984757289631,0.5181566317963806,16.890279142473233,14.82572242490355,18.545513216013404,11.927920112001596,11.84256074540196,11.915674834294062,16.81674592331503,14.779075507306942,18.44587933212172,-0.18574465841058996,0.2818281254932504,-3.7197907911098547,-0.07311408889210291,-3.666803824814778,-0.6200844062220243,39.0,818.0,1.0,1.0,0.7438434362411499,0.8772352337837219,0.7157605290412903,0.4955093562602997,13.369742393493652,21.1119384765625,13.368170738220217,20.82640838623047,-0.13339179754257202,0.2202511727809906,-7.742196083068848,-7.458237648010252,-779.0
5542c301,0.6720977596741344,0.6151368760064412,0.9307479224376732,1980.0,1146.0,1008.0,0.816520793811024,0.7086415371249524,0.874173696450861,0.6057709240116695,0.763358975679264,0.501649884977838,10.69685370037543,11.713280327800756,9.886289935720624,8.172326148511019,9.35316953184295,7.117288167276097,10.623429392747738,11.496143165745416,9.874646476048236,-0.1655321593259086,0.261709090701426,1.8269903920801323,2.2358813645668523,1.6214966896971799,-0.31561104643123206,43.0,633.0,1.0,1.0,0.7991282939910889,0.9041268825531006,0.6338323354721069,0.4378883838653564,10.355876922607422,9.616665840148926,9.82529640197754,9.576255798339844,-0.10499858856201172,0.19594395160675054,0.7392110824584961,0.2490406036376971,-590.0
5567d551,0.5695910290237467,0.4834693001288107,0.9502133712660028,1727.0,1126.0,668.0,0.8036607683602001,0.6771725168880113,0.8440964671540432,0.6266406173235182,0.8035265809069277,0.5583968711337068,10.725718689549971,9.2159469239976,13.022681622880524,7.917244161334301,7.330348210002199,9.106769131488518,10.654119300677287,9.156208968082169,12.93918353038802,-0.1669239502660319,0.2451297097732209,-3.8067346988829236,-1.7764209214863191,-3.782974562305851,-0.46674407113719213,78.0,397.0,1.0,0.9875621795654296,0.8266779780387878,0.8289450407028198,0.5887648463249207,0.5849016308784485,7.499358654022217,14.513261795043944,7.429669857025146,14.492287635803224,-0.0022670626640319824,0.003863215446472168,-7.013903141021727,-7.062617778778079,-319.0
55efee7f,0.6603225806451613,0.6657540016849199,0.900137741046832,4094.0,3161.0,1307.0,0.6693757126388301,0.7222225185539507,0.7118857444933732,0.8131719219957978,0.7453555949290906,0.7590971683607136,17.635437320653455,12.33731101510324,25.530255997641195,11.288251189536783,9.452666141547024,15.313840702507694,17.58310844252001,11.493120395538917,24.927868507623465,0.010336774060577536,-0.013741573431622967,-13.192944982537956,-5.86117456096067,-13.434748112084549,-0.23438373936191204,124.0,746.0,1.0,1.0,0.7938539385795593,0.739220142364502,0.6420997977256775,0.7221909165382385,10.85461139678955,31.8160343170166,9.607955932617188,28.83839607238769,0.05463379621505737,-0.08009111881256104,-20.96142292022705,-19.230440139770504,-622.0
5663b2b7,0.5820338983050848,0.5440019079418078,0.8933801991798477,3434.0,2281.0,1525.0,0.8287588998575931,0.7524897161025677,0.8445773655322312,0.5852197880154206,0.7035769807170106,0.557534993462776,12.662359301877702,10.672968387691675,15.164280303045985,8.582038500519298,7.816369619528944,9.878263706652506,12.542813331987675,10.603382345769743,14.948714380483889,-0.09208764942966352,0.14604198725423456,-4.491311915354309,-2.0618940871235623,-4.345332034714145,-0.3493782912380399,88.0,1007.0,1.0,1.0,0.8150588274002075,0.8282017111778259,0.60817950963974,0.5861710906028748,9.243548393249512,17.34571647644043,8.61151123046875,17.178918838500977,-0.013142883777618408,0.022008419036865234,-8.102168083190918,-8.567407608032227,-919.0
5693dde2,0.6477174849267873,0.595552466990966,0.8924122310305775,1504.0,857.0,788.0,0.4622837097532387,0.3630559641356711,0.4243111974534269,1.0370306555225466,1.128666501553341,1.0730226489189991,16.42876293733336,11.275097173231336,19.889796625966085,10.591633274505824,8.48452544959376,12.522757284269844,16.4247468637232,10.86517585389422,19.703929547584384,-0.061255233317755786,0.055643852634341906,-8.61469945273475,-4.038231834676084,-8.838753693690164,-0.29685976403961156,27.0,535.0,1.0,1.0,0.4461002647876739,0.3911099135875702,1.052520513534546,1.103530764579773,9.207548141479492,23.173723220825195,8.537246704101562,22.849529266357425,0.054990351200103704,-0.05101025104522705,-13.966175079345703,-14.312282562255863,-508.0
56b00794,0.6274606299212598,0.5812064965197216,0.8863636363636364,2550.0,2004.0,546.0,0.6654388354764597,0.6984586219228931,0.6399508932558804,0.8179989786344972,0.7765840303239655,0.8485860083033653,10.626668570548386,8.748466670920575,15.700028910599078,7.628848988416268,6.710735706540128,10.99862740761001,10.410680088684908,8.670479408197606,14.637509669145771,0.058507728667012704,-0.07200197797939978,-6.951562239678504,-4.287891701069882,-5.967030260948166,-0.3051571398439148,87.0,317.0,1.0,1.0,0.7941544651985168,0.6045082211494446,0.641631543636322,0.8893725872039795,7.68895149230957,15.976964950561523,7.519462585449219,15.287041664123535,0.18964624404907227,-0.24774104356765747,-8.288013458251953,-7.767579078674316,-230.0
57796579,0.4292327114602328,0.3744084455769931,0.7932721712538227,3060.0,2057.0,1297.0,0.8837185306429214,0.7836570510636426,0.9052919784323222,0.4822477980397186,0.6577886422497083,0.4352195344137893,9.820199716256289,8.708649868123024,11.5897469555184,7.2634469605087695,6.61677451235227,8.599024092867618,9.80528066948888,8.708315216755953,11.383579071591582,-0.12163492736867965,0.22256910783591904,-2.8810970873953767,-1.9822495805153473,-2.675263854835629,-0.41886372567682956,60.0,878.0,1.0,1.0,0.8444056510925293,0.9250357151031494,0.5578429102897644,0.387206107378006,8.415264129638672,12.085354804992676,8.410528182983398,11.968667030334473,-0.08063006401062012,0.17063680291175842,-3.670090675354004,-3.558138847351074,-818.0
577eec7c,0.6524114991684485,0.5946398659966499,0.9468954248366012,2746.0,1775.0,1159.0,0.8459187665752359,0.7189176213931536,0.8985766118749745,0.5551238301942443,0.7497764714991347,0.4503851421284354,8.833049460617275,8.466074423120668,9.55106339796754,6.701102579791983,6.713576112356919,7.008559315643429,8.830131614678043,8.344497126012502,9.419742959287625,-0.17965899048182088,0.29939132937069934,-1.0849889748468726,-0.2949832032865096,-1.0752458332751225,-0.3522555588399513,67.0,756.0,1.0,1.0,0.7878184914588928,0.9210690259933472,0.6514315009117126,0.3973184525966644,6.843261241912842,9.396047592163086,6.666430950164795,9.315040588378906,-0.13325053453445435,0.2541130483150483,-2.552786350250244,-2.6486096382141113,-689.0
57f05c51,0.6958661417322834,0.6795727636849133,0.9488139825218476,4242.0,3054.0,1520.0,0.8773244015666882,0.7638045286809944,0.8973826764040513,0.4953293821959521,0.6873070221073049,0.453028307274388,14.507358990470108,13.078357247687393,16.63890088384321,10.143173837784644,9.103820196428844,12.265852390432878,14.503624243145422,13.071968588568096,16.492369114980995,-0.13357814772305698,0.2342787148329169,-3.560543636155817,-3.162032194004034,-3.4204005264129,-0.2692412188369343,129.0,963.0,1.0,1.0,0.8214852213859558,0.8052302002906799,0.5975195169448853,0.6241310834884644,15.291831970214844,19.120864868164062,15.153643608093262,18.82632064819336,0.01625502109527588,-0.0266115665435791,-3.8290328979492188,-3.6726770401000977,-834.0
58850d2c,0.4470345234582473,0.3005117707267144,0.8689910195456947,3030.0,1468.0,1645.0,0.621199635759749,0.6700212528522014,0.6081120168716793,0.8704026243529497,0.812377679589732,0.8853112256470271,20.646671895751894,15.225765388000692,24.38250791317533,15.03922103225526,11.572374429473976,18.11710914451038,19.80713729926937,15.219128022652727,21.51313058345721,0.061909235980522115,-0.07293354605729518,-9.15674252517464,-6.5447347150364035,-6.2940025608044845,-0.5684792488189803,43.0,1075.0,1.0,0.9889604449272156,0.5834684371948242,0.6333163380622864,0.912722945213318,0.8563686609268188,16.747526168823242,23.418258666992188,16.747243881225586,22.752735137939453,-0.04984790086746216,0.056354284286499134,-6.670732498168945,-6.005491256713867,-1032.0
58fa8486,0.5936387900355872,0.5464174454828661,0.8289269051321928,2669.0,1754.0,1066.0,0.8118955753547655,0.7989253814543549,0.8242717501549284,0.6133586628478226,0.6341523768711194,0.5928376672328971,12.704375597101516,9.429740342648929,16.71581427913994,8.451201033383548,6.9598034428118885,10.965997794061597,12.643017772063653,9.427526219647202,16.379530478654495,-0.025346368700573496,0.04131470963822226,-7.286073936491013,-4.006194351249708,-6.952004259007293,-0.2825094596493267,58.0,709.0,1.0,1.0,0.9008551239967346,0.8077965378761292,0.445297360420227,0.6200056076049805,7.224837303161621,18.89444351196289,7.216827392578125,18.55311584472656,0.09305858612060547,-0.17470824718475347,-11.66960620880127,-11.336288452148434,-651.0
591cc951,0.555971312753352,0.4690168600832056,0.8706009745533297,3566.0,2142.0,1608.0,0.8469432503248961,0.7364693422258513,0.8910034440768352,0.5532752473680779,0.7259898866708113,0.4668973247367451,9.904298461350624,9.696668380753904,10.30376755699673,7.504880879247862,7.421730953565289,7.73862438411273,9.84595438409356,9.682032151238367,10.12872507146129,-0.15453410185098393,0.2590925619340662,-0.6070991762428264,-0.3168934305474407,-0.4466929202229224,-0.40158411447012415,62.0,884.0,1.0,1.0,0.856269121170044,0.9135242700576782,0.5361546277999878,0.4158743321895599,8.621288299560547,9.660293579101562,8.422248840332031,9.609874725341797,-0.05725514888763428,0.12028029561042791,-1.0390052795410156,-1.1876258850097656,-822.0
593876b6,0.3983952841002128,0.2780634104541559,0.8665740097289785,2433.0,1298.0,1247.0,0.8208590502768758,0.7205718070306617,0.8514991334220908,0.5985665371921892,0.7475669775603231,0.5449786538533581,11.825637840979915,10.446341534908118,13.142989833541716,8.145711411843074,7.923471045677788,8.490369242631061,11.80829582166994,10.429460959477431,12.967433569231853,-0.13092732639142912,0.202588323706965,-2.6966482986335976,-0.5668981969532734,-2.537972609754421,-0.5885105992748225,59.0,719.0,1.0,1.0,0.7389649748802185,0.8529269099235535,0.7225441336631775,0.5423524379730225,9.594975471496582,15.162678718566896,9.586660385131836,15.162546157836914,-0.11396193504333496,0.18019169569015503,-5.567703247070314,-5.575885772705078,-660.0
59f8b2e8,0.5824634655532359,0.5376560612162706,0.838398813936249,2232.0,1335.0,1131.0,0.7912623796681585,0.7697290368484017,0.7817120725801797,0.6461232395322761,0.6786323940862216,0.6607388703865095,10.38038665570268,7.325863285616516,12.88978490693463,7.447024942165433,5.903053383616754,9.273936768492833,10.350743512910274,7.217439182829903,12.886966190376343,-0.011983035731778058,0.01789352369971209,-5.563921621318113,-3.3708833848760786,-5.66952700754644,-0.3007427527199784,46.0,746.0,1.0,1.0,0.8370512127876282,0.786849319934845,0.5708743929862976,0.6529175639152527,6.491842746734619,14.014116287231444,6.196874618530273,14.011784553527832,0.0502018928527832,-0.08204317092895508,-7.522273540496824,-7.814909934997559,-700.0
5a1a8fd8,0.6338718984420081,0.5882591093117409,0.9487951807228916,2197.0,1453.0,945.0,0.729922701866691,0.6408942741136825,0.7721329391297403,0.7349521047433079,0.8474735699552141,0.6750808260797512,14.85418534361854,13.12691340506731,16.72362571006687,9.952800528636775,8.95663199977838,11.289633765286611,14.852842015689308,13.101866733776944,16.6878727641083,-0.13123866501605785,0.17239274387546288,-3.59671230499956,-2.3330017655082305,-3.5860060303313546,-0.36053607141115074,67.0,631.0,1.0,1.0,0.7192564010620117,0.7940594553947449,0.7493245005607605,0.6417796015739441,10.852212905883787,17.65818214416504,10.74586009979248,17.3569393157959,-0.07480305433273315,0.1075448989868164,-6.805969238281252,-6.611079216003418,-564.0
5a5269a9,0.5185768970952488,0.4812589413447782,0.8128964059196617,2303.0,1682.0,769.0,0.7238925660719375,0.5104945578412103,0.785046682571005,0.7431116119777197,0.9894497886793344,0.6556726583120499,11.785758333487795,8.964008224261296,15.88591764811862,8.057426287765397,7.056423513933619,9.87477947048182,11.785752363685717,8.946706020477862,15.865164146746574,-0.2745521247297946,0.3337771303672845,-6.921909423857324,-2.818355956548202,-6.918458126268712,-0.3316374645748835,47.0,560.0,1.0,0.98591548204422,0.5873805284500122,0.7803707718849182,0.9084266424179076,0.6627657413482666,7.466503143310547,18.495704650878903,7.436080455780029,18.40996360778809,-0.192990243434906,0.245660901069641,-11.029201507568356,-10.97388315200806,-513.0
5a5d1982,0.5024415317399126,0.4458393113342898,0.7960108794197642,1955.0,1243.0,878.0,0.8763577193378955,0.8557689996445075,0.8831041582832541,0.4972771473979163,0.5370865858602177,0.4835200962043789,8.323418675330243,7.40693534277594,9.58072970827674,6.030969619443703,5.897102490439451,6.453493614397357,8.115629507914734,6.931775931556419,9.521557788425302,-0.02733515863874658,0.05356648965583882,-2.1737943655008003,-0.5563911239579058,-2.589781856868883,-0.35017156808547445,48.0,584.0,1.0,1.0,0.9246704578399658,0.8928641676902771,0.3881482779979706,0.4628948867321014,5.697564125061035,10.27156925201416,5.221039295196533,10.271561622619627,0.03180629014968872,-0.0747466087341308,-4.574005126953125,-5.050522327423094,-536.0
5a63b5d1,0.6262626262626263,0.5919886565047855,0.8862911795961743,2356.0,1670.0,834.0,0.7338694765800504,0.7750953040637282,0.7241344194203596,0.729562229586962,0.6706783072923588,0.7427860803483604,10.89788433400695,7.840698808265207,14.872886364740394,7.274234766463877,6.179025775324432,9.189700451570111,10.897307048559115,7.769534635580396,14.69189322846851,0.050960884643368565,-0.07210777305600158,-7.032187556475186,-3.010674676245679,-6.922358592888115,-0.2943025230913888,65.0,578.0,1.0,1.0,0.9072588086128236,0.6700116395950317,0.43067666888237,0.8123894929885864,5.25540018081665,17.830856323242188,5.10019063949585,17.457908630371094,0.23724716901779186,-0.38171282410621643,-12.575456142425537,-12.357717990875244,-513.0
5aa03df7,0.5353389655882959,0.478180700676091,0.809255784865541,2598.0,1556.0,1294.0,0.7261708017422318,0.2295196273260065,0.8816840699591653,0.7400394560532136,1.2413543995765215,0.4864482090435419,14.690423407101877,15.416105208917005,13.275101482905264,11.608895271716914,12.300073519969752,10.43484273022087,14.689915035159922,15.012826293651894,12.156414791283767,-0.6521644426331588,0.7549061905329796,2.141003726011741,1.8652307897488818,2.856411502368127,-0.33107508418945,83.0,962.0,1.0,0.99689120054245,0.5309063792228699,0.8994798064231873,0.9686006903648376,0.4483752846717834,11.94383144378662,14.017660140991213,11.907326698303224,12.537117958068848,-0.3685734272003174,0.5202254056930542,-2.0738286972045934,-0.6297912597656232,-879.0
5aa403d0,0.6196600826825908,0.3856707317073171,0.9745664739884392,1349.0,506.0,843.0,0.8926098782987316,0.6936975495050621,0.9308975999432944,0.4634438945574067,0.7826908080397238,0.3717590619116245,8.789952344735067,9.943254385633187,8.01842310792377,6.474863884719205,7.963752370453766,5.581177557576038,8.607748756160998,9.222261189969704,7.994583493639837,-0.23720005043823222,0.4109317461280993,1.9248312777094174,2.3825748128777278,1.2276776963298666,-0.5888957422811221,59.0,607.0,1.0,1.0,0.8536710143089294,0.9325833320617676,0.540978729724884,0.3671965897083282,9.033424377441406,8.698122024536133,7.626627445220947,8.69192123413086,-0.07891231775283813,0.17378214001655584,0.33530235290527344,-1.065293788909912,-548.0
5aef5c6c,0.8192120885051268,0.7954128440366972,0.9410222804718218,1518.0,867.0,718.0,0.6972544377393847,0.4591255048436234,0.8040779858824793,0.7781331020598151,1.0400716274914692,0.6259744629256384,13.839661934152437,14.25921889456013,13.420856024271982,10.322492803993818,11.188455215997646,9.377021202017229,13.834765492090533,14.24703049158586,13.41189459109069,-0.34495248103885584,0.4140971645658308,0.8383628702881474,1.811434013980417,0.8351359004951711,-0.14560943643512458,41.0,282.0,0.488095223903656,0.5381679534912109,0.3521849811077118,0.8182293176651001,1.138257384300232,0.6029438972473145,16.596906661987305,15.039546012878418,16.090560913085938,14.82512664794922,-0.4660443365573883,0.5353134870529175,1.5573606491088867,1.265434265136717,-241.0
5b7b6324,0.5973050012956724,0.5390987408880054,0.9417360285374554,2305.0,1627.0,792.0,0.7641122527363206,0.6659676344445888,0.8198017592179924,0.6868591518844012,0.8173522686766229,0.6003303103825554,10.468745989919071,9.209965109734185,12.460059805742098,7.653507763213064,7.481676107630917,7.939399132590253,10.462758106954032,9.122672251365362,12.387407947158575,-0.15383412477340352,0.21702195829406756,-3.2500946960079133,-0.4577230249593365,-3.264735695793213,-0.40263728764945006,83.0,547.0,1.0,1.0,0.7705885171890259,0.8351016640663147,0.677364706993103,0.574279248714447,8.240181922912598,13.589402198791504,8.24000358581543,13.42262840270996,-0.06451314687728882,0.103085458278656,-5.349220275878906,-5.1826248168945295,-464.0
5bd25f59,0.4005710446758481,0.2804759592034968,0.8894335511982571,2385.0,1155.0,1633.0,0.971487446936215,0.9789305450654736,0.9664342807750655,0.2387993009360997,0.2052776409379564,0.2590973532282193,5.667043856508254,4.073438275988464,6.550044988030951,4.058588393656607,3.2310554108477083,4.749293684562631,5.634287429260237,4.032880055619857,6.519503791579598,0.012496264290408066,-0.05381971229026292,-2.4766067120424866,-1.518238273714923,-2.486623735959741,-0.6089575919947603,26.0,1127.0,1.0,1.0,0.9841828942298888,0.9670961499214172,0.1778600960969925,0.2565301060676574,3.78588604927063,7.052974700927734,3.7773666381835938,7.040620803833008,0.01708674430847157,-0.07867000997066492,-3.2670886516571045,-3.263254165649414,-1101.0
5beded95,0.7895460797799174,0.7428323197219809,0.9135922330097088,1722.0,855.0,941.0,0.6906204194856396,0.4683677035848801,0.7066613446226683,0.7866124592381695,1.0311472217051452,0.7659486345406351,16.99808908066966,9.63162809019708,21.480663171620897,10.31402887814991,7.065302257371701,13.29497376776444,16.99210650870199,9.509654799942878,21.48060955339232,-0.23829364103778816,0.26519858716451006,-11.849035081423818,-6.2296715103927385,-11.970954753449442,-0.17075991328772788,53.0,687.0,1.0,0.981428563594818,0.5489516854286194,0.7238277196884155,0.9497876763343812,0.7431988716125488,10.121432304382324,23.544191360473636,9.448189735412598,23.352333068847656,-0.17487603425979614,0.2065888047218324,-13.422759056091312,-13.904143333435059,-634.0
5cb483ac,0.4849072876239758,0.4454599056603773,0.8274478330658106,2249.0,1511.0,1031.0,0.8323319705259429,0.7516905128299511,0.8719857128752333,0.5790820830833175,0.7047119797052536,0.5059926622487063,10.79232269408903,8.305004834367745,13.276313718844843,7.345903020153584,6.515054822699536,8.532745477166117,10.791949240694112,8.03290848556429,12.829453199824368,-0.12029520004528216,0.19871931745654725,-4.971308884477098,-2.0176906544665805,-4.796544714260078,-0.3819879274054333,41.0,590.0,1.0,1.0,0.8473920226097107,0.7837277054786682,0.5524635314941406,0.6576812267303467,6.855209827423096,16.37277603149414,6.281532287597656,15.825936317443848,0.06366431713104248,-0.10521769523620605,-9.517566204071045,-9.544404029846191,-549.0
5cdd8dbc,0.7843680709534369,0.7589170605930382,0.9203747072599532,2830.0,1766.0,1179.0,0.5515069795310535,0.3852466967205393,0.6850359963927313,0.9470934700112196,1.108831189387691,0.7936800408316549,24.192068683481818,23.163628163542903,25.347039748079048,17.953128846355348,17.51160015367183,18.34847770421708,24.170094307432787,22.62353023403804,24.91180154283761,-0.299789299672192,0.3151511485560361,-2.1834115845361453,-0.8368775505452497,-2.288271308799569,-0.16145764666691498,98.0,766.0,1.0,0.9683944582939148,0.4223189353942871,0.7038808465003967,1.0748777389526367,0.7695702314376831,20.28175163269043,28.733901977539062,20.190475463867188,27.786060333251957,-0.2815619111061096,0.3053075075149536,-8.452150344848633,-7.595584869384769,-668.0
5d11dfb5,0.6430221811460258,0.6207940780619112,0.8606194690265486,2783.0,1845.0,1167.0,0.8021037820547984,0.7154423005225953,0.8514517735765886,0.6291203667744378,0.7543973747003694,0.5450655491285638,12.285187300637874,12.01214894259091,12.871807036199604,9.20451897059184,9.438550010259316,9.048791550051217,12.249778628043678,11.954753700932534,12.84760912092986,-0.13600947305399336,0.20933182557180563,-0.8596580936086937,0.3897584602080997,-0.8928554199973266,-0.2398253909646374,92.0,849.0,1.0,1.0,0.7664757966995239,0.8614627718925476,0.6834093928337097,0.5263786315917969,10.730201721191406,13.50478744506836,10.69289779663086,13.494399070739746,-0.09498697519302368,0.15703076124191284,-2.774585723876953,-2.8015012741088867,-757.0
5d7198fd,0.5244831338411317,0.5354598947042428,0.6654465592972182,2410.0,1729.0,909.0,0.8047033393543843,0.7421344146761846,0.8193543296193518,0.6249746565191515,0.7181442547619739,0.6010751540043028,10.049512225891387,7.899026014300044,13.377721229570197,7.071283607590214,6.203228587631157,9.27285477562401,10.03685890981977,7.866401145480153,13.377384803792577,-0.07721991494316727,0.11706910075767107,-5.478695215270153,-3.069626187992853,-5.510983658312424,-0.12998666459297537,68.0,433.0,1.0,1.0,0.8047140836715698,0.7975925207138062,0.6249574422836304,0.6362506747245789,7.235406398773193,15.594882011413574,7.076182842254639,15.468387603759766,0.007121562957763672,-0.011293232440948486,-8.35947561264038,-8.392204761505127,-365.0
5def1ce5,0.4212015952656632,0.352903637523931,0.892358803986711,3274.0,2212.0,1343.0,0.770548621095127,0.797377307681838,0.7400138476357875,0.6774236176940881,0.6365888662522492,0.7210910516213781,8.559066739631847,6.484296519328829,10.996454406245476,5.701256371019173,4.782958507383578,7.272242061201254,8.494469739918108,6.377434014858371,10.965241373750956,0.05736346004605053,-0.0845021853691289,-4.512157886916647,-2.4892835538176765,-4.587807358892586,-0.53945516646278,56.0,724.0,1.0,1.0,0.8411566615104675,0.7867980003356934,0.5636370182037354,0.6529961824417114,5.431595802307129,12.450675964355469,5.286538124084473,12.442723274230955,0.05435866117477417,-0.08935916423797607,-7.01908016204834,-7.156185150146483,-668.0
5eae34a8,0.5946990612921038,0.512937595129376,0.8933601609657947,2154.0,1348.0,888.0,0.9170752532182032,0.9309359202887846,0.9030534682466654,0.4072462321048452,0.3716559691736846,0.4403329007769793,6.325844415441039,5.091562675399537,7.924744581264623,4.649650553896361,3.999316286395115,5.766681936646137,6.278211762819611,5.0891968234921405,7.707644155554237,0.027882452042119144,-0.06867693160329469,-2.833181905865086,-1.7673656502510218,-2.6184473320620967,-0.38042256583641876,26.0,342.0,0.5,0.551612913608551,0.9810546040534972,0.903411328792572,0.194655567407608,0.4395194351673126,2.860750675201416,8.876754760742188,2.8280766010284424,8.648070335388184,0.07764327526092518,-0.24486386775970462,-6.0160040855407715,-5.819993734359741,-316.0
5f4d2a52,0.8006535947712419,0.8095586442331139,0.9620548744892002,4655.0,3320.0,1648.0,0.8791895448480386,0.9023595218839044,0.8285382379314873,0.4915494993425615,0.4419060491011538,0.585596724834613,14.094628926301557,12.324357021207978,16.966218232509647,10.515326407228256,9.563002414470894,12.4736237665102,14.087856172719544,12.2611096044349,16.743948184226618,0.07382128395241716,-0.14369067573345923,-4.641861211301668,-2.910621352039305,-4.482838579791718,-0.15249623025608638,176.0,955.0,1.0,1.0,0.9159632921218872,0.8609665632247925,0.4099675714969635,0.5273204445838928,10.251039505004885,20.25786590576172,10.214285850524902,18.950958251953125,0.05499672889709473,-0.11735287308692932,-10.006826400756834,-8.736672401428223,-779.0
5f6756c5,0.431193838254172,0.3207875936574316,0.9312530472940028,3359.0,1841.0,1910.0,0.7724435530305304,0.7299429453748771,0.8052838759415545,0.6746205555265413,0.7349245602442782,0.6240450689789088,13.55191688455385,12.977483887480652,14.335913445217058,10.097031485095066,10.296964918001835,10.255431472784498,13.467780350776453,12.81704976318886,14.32717521875304,-0.07534093056667734,0.11087949126536945,-1.3584295577364056,0.04153344521733793,-1.5101254555641788,-0.6104654536365712,43.0,1085.0,1.0,1.0,0.8154723048210144,0.8513930439949036,0.6074993014335632,0.5451732873916626,11.299181938171388,14.256698608398438,11.062402725219728,14.06275463104248,-0.03592073917388916,0.062326014041900635,-2.957516670227049,-3.000351905822752,-1042.0
5f75f796,0.6224066390041494,0.4527417027417027,0.9773584905660376,2550.0,1255.0,1295.0,0.7564275055291761,0.6977354472081561,0.7580237684292758,0.6979577271881497,0.7775146979856316,0.6956669196831544,12.38767677864334,7.436373082134337,15.766344408631582,8.314529550700225,5.95551386976098,10.60067988242127,11.9979628952332,7.303848869618392,15.044555524658888,-0.06028832122111971,0.08184777830247714,-8.329971326497244,-4.645166012660289,-7.740706655040496,-0.5246167878243349,45.0,862.0,1.0,1.0,0.8655650019645691,0.7313467264175415,0.5185267329216003,0.7330119609832764,5.955389976501465,17.311899185180664,5.434873104095459,16.858930587768555,0.1342182755470276,-0.21448522806167603,-11.3565092086792,-11.424057483673096,-817.0
5fb1c15f,0.6104854368932039,0.4544787077826725,0.8293487221764221,1572.0,619.0,1006.0,0.8703880920757949,0.8812064121238586,0.8721207825431672,0.5091402712891705,0.4874291494692154,0.5057256518248463,9.4016255869662,7.485113127849593,10.365798560449328,6.5240322806892905,5.860103541942606,6.9930122356804905,9.05672306546792,6.808538630058132,10.138955392188048,0.009085629580691479,-0.018296502355630906,-2.8806854325997344,-1.1329086937378845,-3.330416762129916,-0.37487001439374956,49.0,793.0,1.0,1.0,0.8133993744850159,0.8697811961174011,0.6109020113945007,0.510330855846405,7.521059036254883,11.244166374206545,6.476295471191406,11.070950508117676,-0.056381821632385254,0.1005711555480957,-3.723107337951662,-4.5946550369262695,-744.0
5fffa282,0.3839080459770115,0.2256144890038809,0.7743016759776536,2171.0,872.0,1386.0,0.8845321442029462,0.8387749380069203,0.8971302312660561,0.480557708911331,0.5678469195004578,0.4535852041986024,11.450958990332104,9.844622569054694,12.13817928015506,7.356671766993295,7.821256078817083,6.943462420166516,11.423212894112416,9.810965496964531,12.107363938856542,-0.0583552932591358,0.11426171530185547,-2.293556711100365,0.8777936586505666,-2.296398441892011,-0.5486871869737727,22.0,996.0,1.0,0.9871159791946412,0.7728853821754456,0.9091307520866394,0.673965334892273,0.4263079762458801,11.44564723968506,12.75526523590088,11.445574760437012,12.746200561523438,-0.13624536991119385,0.24765735864639282,-1.3096179962158203,-1.3006258010864258,-974.0
60e37807,0.7121111846459298,0.701027006466337,0.8986344537815126,3228.0,1843.0,1711.0,0.8181228096059853,0.7438205073691065,0.8324101411675491,0.6031205358699283,0.7157925574227403,0.5789470767392317,11.707974040004157,9.423975119259776,13.803211105378091,8.860769533574022,7.40897653512526,10.634474419028516,11.705523804052543,8.90356498534259,13.409590076928826,-0.08858963379844254,0.13684548068350855,-4.379235986118315,-3.225497883903256,-4.506025091586235,-0.19760744731517565,95.0,1082.0,1.0,1.0,0.7888656854629517,0.908333957195282,0.6498219966888428,0.4281729757785797,9.020736694335938,14.152457237243652,8.614316940307617,11.72803020477295,-0.11946827173233032,0.22164902091026306,-5.131720542907715,-3.113713264465332,-987.0
61f27424,0.3223572455246308,0.1871518105849582,0.8554216867469879,2467.0,1075.0,1633.0,0.9201340429454844,0.6521237500197159,0.9057974254633978,0.3996647521473856,0.8341177974126726,0.4340566196629241,9.41858985961986,4.781526141817554,11.16931853975845,6.236264315851708,3.723226376572576,7.704594835125866,9.221144989649838,4.780252033142422,10.820942454027628,-0.2536736754436819,0.4000611777497485,-6.387792397940896,-3.9813684585532902,-6.040690420885206,-0.6682698761620297,23.0,1229.0,1.0,1.0,0.8129972219467163,0.8579654693603516,0.6115599274635315,0.532981276512146,3.815283298492432,12.284331321716309,3.810899019241333,11.837043762207031,-0.044968247413635254,0.0785786509513855,-8.469048023223877,-8.026144742965698,-1206.0
62569ae3,0.6590078328981723,0.5638427239562221,0.9706529713866472,2524.0,1391.0,1323.0,0.871392566374673,0.502672255159677,0.8886258097453108,0.5071635507907227,0.9973241647932964,0.471962265980426,9.425950628617228,6.068801404341417,11.8575907209517,6.508041944488744,4.932239761620343,8.169865024386874,9.330257921214828,5.824525325740142,11.80969062468091,-0.38595355458563385,0.5253618988128704,-5.788789316610283,-3.2376252627665316,-5.9851652989407675,-0.40681024743042504,44.0,836.0,1.0,1.0,0.6549195051193237,0.8960774540901184,0.8307592868804932,0.4559003114700317,5.04517936706543,12.678062438964844,4.6717634201049805,12.676454544067385,-0.24115794897079468,0.3748589754104615,-7.632883071899414,-8.004691123962404,-792.0
62a6f539,0.7881398884946782,0.7211191335740073,0.9710982658959536,1555.0,799.0,840.0,0.7918186417419887,0.8403070796047316,0.7676340948765868,0.6452617426409399,0.56514231905825,0.6817124102191674,18.02257021705871,13.557033257930186,21.19567242097247,13.381204132716658,10.867478854751672,15.632125072376848,17.937413574458244,13.496207112775064,21.100817402436967,0.07267298472814476,-0.11657009116091743,-7.638639163042285,-4.764646217625176,-7.6046102896619026,-0.24997913232194635,41.0,564.0,1.0,0.9431437849998474,0.9272184371948242,0.764736533164978,0.3815273642539978,0.6859496831893921,8.868277549743652,23.863977432250977,8.828380584716797,23.684934616088867,0.1624819040298462,-0.3044223189353943,-14.995699882507324,-14.85655403137207,-523.0
633774dc,0.5125353440150802,0.4130709058793843,0.8889716840536512,2719.0,1637.0,1193.0,0.8432634222689047,0.7468202631999294,0.8902911061613697,0.5598867344938533,0.711589399583876,0.4684205243979607,15.5023563891606,13.664623127619192,17.998179689652936,11.538899465097549,10.294857735001594,13.605298570303669,15.380034820625962,13.606693439177157,16.64950223055403,-0.1434708429614403,0.2431688751859153,-4.333556562033744,-3.3104408353020744,-3.042808791376874,-0.47590077817426696,87.0,815.0,1.0,1.0,0.6737744808197021,0.9065409898757936,0.8077444434165955,0.4323401749134063,15.62022304534912,18.693851470947266,14.994401931762695,17.99178695678711,-0.23276650905609142,0.37540426850318914,-3.0736284255981463,-2.997385025024414,-728.0
63559d57,0.6544797107271997,0.5140388768898488,0.9409090909090908,1629.0,714.0,1035.0,0.8602320393719456,0.5639477903240459,0.864064578191605,0.5287115671669278,0.9338653111406956,0.5214123546836898,10.636056847844053,6.267763366485333,12.629005280101596,7.239711944352256,4.794332264431334,8.833183726569457,10.569231855981489,6.258712162012131,12.499674425860643,-0.30011678786755913,0.41245295645700575,-6.361241913616263,-4.038851462138123,-6.2409622638485125,-0.42687021401924197,41.0,710.0,1.0,1.0,0.673143208026886,0.8527951240539551,0.808525562286377,0.542595386505127,5.71729850769043,14.305987358093262,5.6909499168396,14.154010772705078,-0.1796519160270691,0.26593017578125,-8.588688850402832,-8.463060855865479,-669.0
647f2a41,0.4761786600496278,0.3425968109339408,0.755858310626703,1919.0,752.0,1387.0,0.7713924938577258,0.6498643436816078,0.7927728782280452,0.6761767611242998,0.8368221511389289,0.6437812078213448,16.718235721548677,13.617243533232829,17.614060610427384,12.530128340895148,10.898999349285578,13.045679838023108,16.712467019208937,12.896467638505738,17.397257573204435,-0.14290853454643737,0.19304094331758404,-3.996817077194555,-2.1466804887375304,-4.500789934698696,-0.41326149969276216,44.0,977.0,1.0,1.0,0.6258760094642639,0.8308515548706055,0.8650133013725281,0.5816329717636108,15.27735996246338,18.99539375305176,13.981983184814451,17.99200439453125,-0.20497554540634155,0.28338032960891724,-3.7180337905883807,-4.010021209716799,-933.0
65156b96,0.535096854821912,0.4118993135011441,0.8656716417910447,2569.0,1260.0,1508.0,0.8357694976652439,0.6737060004566974,0.8674619672805836,0.573115175745253,0.8078291893009346,0.5148553830337533,9.337122637924672,8.71376951950235,9.9592005995823,6.70146580232583,6.818212035496776,6.818908380643529,9.316465953779373,8.710796443638086,9.820285887999262,-0.19375596682388618,0.2929738062671813,-1.2454310800799497,-0.0006963451467525417,-1.1094894443611754,-0.4537723282899006,65.0,986.0,1.0,1.0,0.7497907876968384,0.8662337064743042,0.7074025869369507,0.517235517501831,7.804091453552246,11.226914405822754,7.740355968475342,11.18077564239502,-0.11644291877746582,0.19016706943511963,-3.422822952270508,-3.4404196739196777,-921.0
653612bc,0.225332400279916,0.1366809277189822,0.6172549019607844,1288.0,607.0,787.0,0.7671741903989806,0.4918679150041319,0.779400374678174,0.6823867079611375,1.008099285780789,0.664228312136461,9.597144075103277,5.690703259139066,11.291828977045018,6.233584618431588,4.81917365344823,6.903332990459447,9.234153267642418,4.815127939582432,11.17298500864299,-0.2875324596740421,0.34387097364432784,-5.601125717905952,-2.084159337011217,-6.357857069060557,-0.48057397424180215,14.0,584.0,1.0,1.0,0.5016716718673706,0.775840163230896,0.9983269572257996,0.669566810131073,5.536103248596191,12.330806732177734,4.876588821411133,12.136192321777344,-0.2741684913635254,0.32876014709472656,-6.794703483581543,-7.259603500366211,-570.0
656a067b,0.7055850391710892,0.6268533772652389,0.9149771092217136,2792.0,1522.0,1399.0,0.8523586577863783,0.6518273446846912,0.9069512235743552,0.5433991943564541,0.8344730736402569,0.4313902558603866,15.990140195666031,14.55457117095229,17.30854535000621,11.955793141142822,11.53593049226907,12.413712992348657,15.95414892065395,14.447432752274636,16.830562229370102,-0.25512387888966404,0.4030828177798703,-2.7539741790539196,-0.8777825000795865,-2.3831294770954656,-0.28812373195647467,80.0,907.0,1.0,1.0,0.7364175915718079,0.921714723110199,0.7260611653327942,0.3956899642944336,13.250825881958008,19.377012252807617,13.227307319641112,18.674606323242188,-0.1852971315383911,0.3303712010383606,-6.126186370849609,-5.447299003601076,-827.0
65a5466a,0.6771602257924446,0.6700029437739181,0.8378825475599669,3119.0,2276.0,1013.0,0.7544408283880991,0.5539827926394194,0.8701145402356014,0.7007983613164358,0.944475735379772,0.5096772699746351,10.057993546023082,10.271401500954555,9.642810598915288,7.776980946183797,8.108930864715996,7.144489912821785,10.057898799849951,10.263432948044702,9.591954450569606,-0.316131747596182,0.4347984654051369,0.6285909020392673,0.9644409518942103,0.6714784974750962,-0.16787960378604883,74.0,632.0,1.0,1.0,0.6157547235488892,0.8829568028450012,0.8766359090805054,0.483824759721756,9.04577350616455,10.140625,9.0398588180542,9.922558784484863,-0.26720207929611206,0.3928111493587494,-1.0948514938354492,-0.8826999664306641,-558.0
660d9546,0.4128605769230769,0.3597544702428609,0.9044176706827308,2061.0,1348.0,1126.0,0.771711804603371,0.6431668489618625,0.768320532309256,0.6757043664157115,0.8447877260449959,0.6807047343610062,10.917174488381818,10.009533791941656,11.852565871790864,7.124090165819498,6.665185061140546,8.3013097690046,10.747896567816502,9.935193212975175,11.511344628343153,-0.12515368334739352,0.16408299168398965,-1.8430320798492072,-1.6361247078640542,-1.5761514153679776,-0.5446632004398699,46.0,619.0,1.0,1.0,0.6829501986503601,0.7221249938011169,0.7963036894798279,0.7454864382743835,9.763786315917969,13.282197952270508,9.546634674072266,12.936009407043455,-0.039174795150756836,0.050817251205444336,-3.518411636352539,-3.3893747329711896,-573.0
6767c111,0.5040764034474726,0.4093367492171932,0.9307692307692308,2164.0,1438.0,726.0,0.7079277273552732,0.591070222055755,0.8562447887578037,0.7642934942085099,0.904355879003664,0.5361999836669081,21.294080859645785,21.907270781538408,20.024171679284372,15.791277742160911,16.190976129897308,14.999588649096266,20.70655497679306,21.696473357436616,17.98599943747529,-0.26517456670204875,0.36815589533675586,1.883099102254036,1.1913874808010423,3.710473919961327,-0.5214324815520376,82.0,445.0,1.0,1.0,0.690127432346344,0.879510760307312,0.7872389554977417,0.4908955991268158,20.438560485839844,22.57989501953125,18.850549697875977,20.853073120117188,-0.18938332796096802,0.2963433563709259,-2.1413345336914062,-2.002523422241211,-363.0
67847288,0.5181484502446982,0.4545913218970737,0.9936170212765958,2541.0,1802.0,934.0,0.6725789833483925,0.5424007379685476,0.7373421819228669,0.8092231047759418,0.956660088047424,0.7247866142212245,12.38241103084396,10.931505248271,14.75661146177463,8.876870214496018,8.544510061751462,9.60598499288802,12.263311330983624,10.853392533298532,14.547348078242498,-0.19494144395431934,0.2318734738261995,-3.8251062135036307,-1.0614749311365586,-3.6939555449439663,-0.5390256993795222,50.0,595.0,1.0,1.0,0.6712799668312073,0.7682938575744629,0.8108267784118652,0.680743932723999,8.484987258911133,16.14716911315918,8.325146675109863,15.951003074645996,-0.09701389074325562,0.1300828456878662,-7.662181854248047,-7.625856399536133,-545.0
67a8da4a,0.5034595775673707,0.4014543630892678,0.9654255319148936,2765.0,1601.0,1452.0,0.8091446202174246,0.7946084714205512,0.8171693560795519,0.617827451288101,0.6409235969746296,0.6046993367293338,10.567728914985016,8.498745928798497,12.366039548409152,7.097469111148781,6.760039098910808,7.660227536561686,10.524286657201824,8.168282175538714,12.36166932436426,-0.022560884659000635,0.03622426024529579,-3.8672936196106544,-0.9001884376508773,-4.193387148825547,-0.5639711688256257,57.0,819.0,1.0,1.0,0.8236842751502991,0.8216949701309204,0.5938277840614319,0.5971683859825134,7.451009750366211,14.872227668762209,6.8890886306762695,14.82734489440918,0.001989305019378662,-0.003340601921081543,-7.421217918395998,-7.93825626373291,-762.0
684a6fc1,0.5216038714137573,0.4544710456312666,0.8865406006674083,3018.0,2221.0,797.0,0.8695861444495159,0.7475275331476673,0.9339957598899986,0.5107129439332513,0.7105947746111461,0.3633297128229437,11.11614268496002,10.681381064315564,12.246527010512294,8.37191466678238,8.533194837356005,7.922475195208951,11.11095227994048,10.6412912842909,12.178363656997808,-0.18646822674233132,0.3472650617882024,-1.5651459461967292,0.6107196421470542,-1.5370723727069073,-0.43206955503614164,77.0,603.0,1.0,1.0,0.8291178941726685,0.9304962754249572,0.5846060514450073,0.3728370368480682,8.02512264251709,13.428763389587402,8.022048950195312,13.399799346923828,-0.10137838125228871,0.21176901459693914,-5.4036407470703125,-5.377750396728516,-526.0
698930d1,0.4573372884313383,0.3172242874845105,0.9345518867924528,2621.0,1280.0,1585.0,0.8776886888898002,0.702529804980398,0.928408224711552,0.4945933907973291,0.7713237906607082,0.3783960234686619,16.058926311503857,13.68874200508905,17.119169845211854,12.269844557601216,11.112948196268064,12.67978580265967,15.85588397756417,13.574032803873626,15.948722649902248,-0.22587841973115408,0.3929277671920463,-3.430427840122803,-1.566837606391605,-2.3746898460286214,-0.6173275993079423,62.0,980.0,1.0,1.0,0.5932715535163879,0.94285786151886,0.9019184708595276,0.3380595743656158,13.853350639343262,19.893081665039062,13.791792869567873,18.47309112548828,-0.34958630800247203,0.5638588964939117,-6.039731025695801,-4.681298255920408,-918.0
699ea575,0.595434369055168,0.5519222271321255,0.8417508417508418,1878.0,1249.0,750.0,0.8108447431677916,0.6601103878678507,0.8349633671481291,0.6150695193751814,0.8244872493036497,0.5745200307245534,11.37229598821839,9.137554606198083,14.068818686679457,8.01018856335255,7.092257339800691,9.43137437487009,11.286428189650657,8.641211341191612,13.98724335628875,-0.17485297928027843,0.24996721857909632,-4.931264080481373,-2.3391170350693997,-5.346032015097139,-0.28982861461871634,51.0,443.0,1.0,1.0,0.7905900478363037,0.8277862668037415,0.6471629738807678,0.5868794322013855,7.84844160079956,15.632019996643066,7.015454292297363,15.465245246887209,-0.037196218967437744,0.060283541679382324,-7.783578395843507,-8.449790954589846,-392.0
69c1bdad,0.7884483937115516,0.7663551401869159,0.8993186979560939,2307.0,1230.0,1188.0,0.7892749682612693,0.6184438915152827,0.8226072749464921,0.6491918541367115,0.8735629439081277,0.5956386909083524,13.641460913369786,11.045915689680944,15.834012469350174,10.02998025883571,8.742366833070935,11.412287102615128,13.51958088651074,10.841479572764376,15.771160682712576,-0.20416338343120943,0.2779242529997753,-4.78809677966923,-2.6699202695441926,-4.9296811099482,-0.132963557769178,67.0,734.0,1.0,0.9878869652748108,0.750839352607727,0.8725773096084595,0.7059187889099121,0.5048221349716187,9.676531791687012,15.340548515319824,9.268743515014648,15.338264465332031,-0.12173795700073242,0.20109665393829346,-5.6640167236328125,-6.069520950317383,-667.0
69e41fa6,0.4641518275538894,0.3986907730673317,0.8962264150943396,1981.0,1279.0,950.0,0.6281587734231957,0.6522287004009,0.6433652961669482,0.8623702529387297,0.833991965907466,0.8445527856008195,11.950322584967456,7.865421740019034,15.421351344469056,7.645513579253,6.127583977348574,9.720212920481137,11.925015796628324,7.589816726025701,14.780526798468513,0.008863404233951822,-0.01056081969335343,-7.5559296044500215,-3.5926289431325626,-7.190710072442812,-0.49753564202700795,34.0,624.0,1.0,1.0,0.7924995422363281,0.655177891254425,0.644205629825592,0.8304482102394104,4.976507186889648,17.822105407714844,4.822906970977783,16.725139617919922,0.13732165098190308,-0.18624258041381836,-12.845598220825195,-11.902232646942139,-590.0
6a0ff78e,0.4863756613756613,0.4236905721192586,1.0,3677.0,2629.0,1355.0,0.8267980796341331,0.8449019098794508,0.7942843312365984,0.5885608216078724,0.5569525834764557,0.6414291367928364,7.559688079377134,6.081204166643701,9.801571008814957,5.438911295507767,4.772568567582196,6.79059202010896,7.478291486141183,6.026050058329919,9.60867340066564,0.050617578642852434,-0.08447655331638071,-3.7203668421712557,-2.018023452526764,-3.5826233423357214,-0.5763094278807415,88.0,690.0,1.0,1.0,0.8962281346321106,0.815223753452301,0.4555696845054626,0.607908308506012,5.1764326095581055,11.27315616607666,5.053890705108643,11.269640922546388,0.08100438117980957,-0.15233862400054937,-6.096723556518555,-6.215750217437746,-602.0
6a8fa194,0.5356652949245542,0.372191011235955,0.8695937090432503,2343.0,1060.0,1327.0,0.8098816651275612,0.8716642229688573,0.7961114751817874,0.6166333349283654,0.5066276286014073,0.6385742318919745,14.050826344612386,8.207600836700703,17.235368249309964,8.847506649965764,6.495705335292551,10.67059088361223,14.028239305084831,8.024321071837935,16.99076671578157,0.07555274778706988,-0.13194660329056718,-9.027767412609261,-4.174885548319678,-8.966445643943636,-0.4974026978072953,32.0,879.0,1.0,1.0,0.926447570323944,0.789395809173584,0.3835425078868866,0.6490057110786438,6.549689769744873,20.7872371673584,6.468260288238525,20.503154754638672,0.13705176115036,-0.2654632031917572,-14.237547397613525,-14.034894466400146,-847.0
6ae68655,0.4040613344384584,0.3764845605700712,0.6762688614540466,1950.0,1268.0,986.0,0.663177182879247,0.5753843970982816,0.6669618315423291,0.8207591816370414,0.9215374142179128,0.8161349991976461,9.542559818399967,7.0803049844871255,11.88259538347215,6.855456602305078,5.506231892045512,8.693573493293622,9.306937220388257,7.01548667724925,11.464472884435091,-0.09157743444404753,0.1054024150202667,-4.802290398985025,-3.18734160124811,-4.4489862071858415,-0.29978430088397545,33.0,497.0,1.0,0.5622171759605408,0.6898663640022278,0.7585394382476807,0.7875704765319824,0.6949252486228943,6.306187152862549,12.46088409423828,5.948819160461426,12.189038276672363,-0.06867307424545288,0.09264522790908813,-6.154696941375731,-6.2402191162109375,-464.0
6d1d74e1,0.4743664151673438,0.4502475247524752,0.7130203720106288,2452.0,1819.0,805.0,0.7432080994074314,0.7581234302394564,0.767973457938038,0.7166476129766548,0.6955236441136183,0.6812144186112946,12.501494028456536,10.651679168605964,15.516484235015042,9.359357436127391,8.385483844055592,11.213098084008022,12.416828330043147,10.266132897238956,15.406146800680103,-0.009850027698581565,0.01430922550232372,-4.864805066409078,-2.82761423995243,-5.140013903441147,-0.26277284725815364,81.0,514.0,1.0,1.0,0.8365381956100464,0.7403173446655273,0.5717723369598389,0.7206700444221497,7.747759819030762,17.375795364379883,7.479618549346924,16.962888717651367,0.09622085094451904,-0.1488977074623108,-9.628035545349121,-9.483270168304443,-433.0
6d590e26,0.4878671775223499,0.4323262097764677,0.9113475177304964,2674.0,1760.0,1285.0,0.7977449432504878,0.6447637682690908,0.8540262737739491,0.6360110954213176,0.8428952861784307,0.5403216194565065,14.043269182237651,13.199994769315524,14.746430957185307,10.031072878035369,10.233244343522404,9.699182218496317,13.958449608451543,12.995658110357972,14.746292644667294,-0.20926250550485836,0.3025736667219242,-1.5464361878697837,0.5340621250260877,-1.750634534309322,-0.4790213079540287,65.0,816.0,1.0,0.9878934621810912,0.6312751770019531,0.8683815598487854,0.8587489128112793,0.5130661725997925,12.245014190673828,16.701568603515625,11.95670223236084,16.677326202392578,-0.23710638284683228,0.3456827402114868,-4.456554412841797,-4.720623970031738,-751.0
6d6d93af,0.7893738140417458,0.7530803351404632,0.8799646954986761,2496.0,1528.0,997.0,0.6625091834671303,0.6830329772520095,0.6573465158371004,0.821572658421481,0.7961997522581761,0.8278326934385953,12.420262771670703,12.728562463994912,11.966578769918286,9.086534859683756,9.678117039051545,8.225348595015573,12.31845330147194,12.325109999568658,11.936758709165256,0.025686461414909156,-0.03163294118041926,0.7619836940766263,1.4527684440359714,0.38835129040340277,-0.12688436035821282,103.0,556.0,1.0,1.0,0.5937222242355347,0.6467067003250122,0.9014186263084412,0.8405870795249939,12.08128833770752,14.610685348510742,11.364032745361328,14.456879615783691,-0.05298447608947754,0.060831546783447266,-2.5293970108032227,-3.0928468704223633,-453.0
6dbe4b60,0.6095909732016925,0.5443201376936316,0.8910728910728911,2161.0,1265.0,1088.0,0.8372281648694834,0.6381165881974631,0.8653893457144397,0.5705643436642648,0.8507448639898297,0.5188654050629321,10.369015297676428,7.919572260633747,12.43518443674362,7.12633654590045,6.2351797389050905,8.164131488295418,10.352730140179888,7.8677403863606115,12.428156772704854,-0.22727275751697662,0.33187945892689763,-4.515612176109873,-1.9289517493903272,-4.560416386344243,-0.3467527533792595,44.0,661.0,1.0,0.9836309552192688,0.7205305695533752,0.8784769773483276,0.7476221323013306,0.4929969906806946,6.261353015899658,15.044463157653809,6.206452369689941,15.031705856323242,-0.1579464077949524,0.254625141620636,-8.78311014175415,-8.8252534866333,-617.0
6e6d122c,0.5509039010466222,0.4987543597409068,0.902497985495568,2895.0,2002.0,1120.0,0.7085242060090244,0.7762083070964287,0.6831037200191958,0.7635126639303051,0.6690167305883632,0.7961108967735641,12.69420970469269,7.475890078362344,18.20399443082327,8.40331699899765,5.945345885980778,12.578891246504435,12.32151819656492,7.464072934868401,17.01505929591065,0.0931045870772329,-0.12709416618520086,-10.728104352460925,-6.633545360523657,-9.550986361042249,-0.4037436257546612,60.0,687.0,1.0,1.0,0.8761702179908752,0.6911366581916809,0.4976540505886078,0.7859559059143066,5.791337013244629,21.41135597229004,5.617547988891602,19.109071731567383,0.18503355979919434,-0.28830185532569885,-15.62001895904541,-13.491523742675781,-627.0
6e9ccd38,0.408072719402662,0.3652010050251256,0.8821233411397346,3771.0,2907.0,1130.0,0.8909949234794902,0.8855222807195714,0.8842521202513431,0.4669155737829052,0.478492882455797,0.4811400622451987,7.41246851889621,7.076491613197397,8.113280613568039,5.694344570693013,5.463397612212692,6.221389810763667,7.070981865684014,6.859108437314672,7.453223513544535,0.0012701604682282541,-0.0026471797894016547,-1.036789000370642,-0.7579921985509754,-0.5941150762298637,-0.5169223361146089,91.0,506.0,1.0,1.0,0.8938025236129761,0.9396167993545532,0.4608632624149322,0.3475145995616913,6.441516399383545,8.668066024780273,6.022133827209473,7.262990474700928,-0.04581427574157715,0.11334866285324091,-2.2265496253967285,-1.240856647491455,-415.0
6ea22614,0.5898290028869643,0.5198064711218627,0.947324414715719,2656.0,1719.0,1133.0,0.9271358370495985,0.7837183593533296,0.9581663942390956,0.3817437961523452,0.657695432014957,0.2892528504990204,8.29522403616596,7.710210820595432,9.12818324127258,6.260689830468176,5.952043700518236,6.769624978212338,8.289952076203988,7.604184537860178,8.799206426076912,-0.174448034885766,0.36844258151593656,-1.417972420677149,-0.817581277694102,-1.1950218882167345,-0.4275179435938563,50.0,840.0,1.0,1.0,0.8892048597335815,0.9607483744621276,0.4707337617874145,0.2801843285560608,5.838878154754639,10.084051132202148,5.75235652923584,9.596724510192873,-0.07154351472854603,0.1905494332313537,-4.24517297744751,-3.844367980957033,-790.0
6ede926a,0.5465895953757225,0.4654028436018957,0.9577586206896552,2364.0,1473.0,1111.0,0.794582618601065,0.8266343672930058,0.7481114921171275,0.6409639325249665,0.5888389129583645,0.7097725098690038,9.11213275573052,7.539601862739839,11.206577559350118,6.7959963696811325,5.894803602762209,8.431819865045423,9.006839692101732,7.471725659475842,11.087151121815834,0.0785228751758783,-0.12093359691063921,-3.6669756966102787,-2.537016262283214,-3.615425462339992,-0.4923557770877595,47.0,619.0,1.0,1.0,0.839555561542511,0.8170322179794312,0.5664705634117126,0.6049261093139648,7.344667911529541,11.127256393432615,6.945483207702637,11.11967945098877,0.022523343563079834,-0.0384555459022522,-3.7825884819030744,-4.174196243286133,-572.0
708caea9,0.5329904481998531,0.4289057928613224,0.9368295589988082,3627.0,2199.0,1572.0,0.8330009672014345,0.6433611122592218,0.8959410060870096,0.5779256575002801,0.8445577395782697,0.4561995044122482,16.761732492030358,15.697937151348842,18.221204672674254,12.335138250100874,12.174155713436114,12.768685594438953,16.265809879567424,15.468475003050246,17.022277350842142,-0.2525798938277878,0.3883582351660215,-2.523267521325412,-0.5945298810028383,-1.5538023477918959,-0.5079237661374858,101.0,957.0,1.0,1.0,0.7360314130783081,0.9070645570755004,0.7265928387641907,0.4311274588108063,13.87015438079834,20.511587142944336,13.20423412322998,19.624818801879883,-0.17103314399719227,0.2954653799533844,-6.641432762145996,-6.420584678649902,-856.0
70925e23,0.4473356401384083,0.3132507149666348,0.8393939393939394,3232.0,1643.0,1662.0,0.4983388641678715,0.5116695603089465,0.5312744062945901,1.0016597584331004,0.9882615440166166,0.9682206295110736,18.60394352369893,17.186567192767868,19.892713365808262,13.859756864065124,13.7121781649353,14.00676465303915,18.60319958690236,16.82240713615252,19.568529329660084,-0.019604845985643604,0.020040914505543017,-2.706146173040395,-0.2945864881038496,-2.7461221935075635,-0.5261432244273045,54.0,1219.0,1.0,1.0,0.5642984509468079,0.5915079116821289,0.9334897398948668,0.903871774673462,16.382932662963867,19.661449432373047,15.962618827819824,19.64220428466797,-0.027209460735321045,0.029617965221404807,-3.2785167694091797,-3.6795854568481445,-1165.0
70e1788b,0.3176135318992462,0.2246271167432993,0.9342172361040284,3455.0,2003.0,1832.0,0.7990541633716154,0.6968578972143569,0.8399397318038151,0.633949267100112,0.7786425403041413,0.5657919550438746,12.43070339621645,11.185118327373877,13.413474633594518,8.869293672954287,9.132236897567523,8.597989136783907,12.214229045633203,10.961386849588616,13.227615407974364,-0.14308183458945822,0.21285058526026668,-2.2283563062206415,0.5342477607836162,-2.266228558385748,-0.7095901193607291,52.0,1154.0,1.0,1.0,0.73957759141922,0.831326961517334,0.7216957807540894,0.5808150172233582,9.70378589630127,14.87842082977295,9.617443084716797,14.757726669311523,-0.09174937009811401,0.1408807635307312,-5.17463493347168,-5.140283584594727,-1102.0
71642c7d,0.6211035818005808,0.5453207769276045,0.8681380871533673,3208.0,1853.0,1534.0,0.7934550172502663,0.8628398229738107,0.7229451427085869,0.6427207523485353,0.5237560062208152,0.74438546102327,10.89605966119355,6.6838008984102135,14.142562652072783,7.180145167525598,5.2409988719800005,9.346755045419162,10.87884341566781,6.417271164557083,14.087956375435477,0.13989468026522378,-0.22062945480245477,-7.45876175366257,-4.105756173439161,-7.670685210878394,-0.32281731022576277,51.0,1154.0,1.0,1.0,0.9338111281394958,0.7122067809104919,0.3638375103473663,0.758674144744873,4.9359869956970215,15.589402198791504,4.4594340324401855,15.56779670715332,0.2216043472290039,-0.39483663439750677,-10.653415203094482,-11.108362674713135,-1103.0
71ccf778,0.530584503851382,0.3434343434343434,0.8934782608695652,2342.0,884.0,1644.0,0.8517033446446703,0.6562805028241775,0.8540417478948857,0.5446038107750067,0.8291194089825934,0.5402929799749655,12.365294786943346,5.467888121211375,14.395844506931512,7.086968573134128,4.0109584505924,8.589868844040236,12.308096899317238,5.427149256376932,14.328709441852569,-0.19776124507070825,0.2888264290076279,-8.927956385720137,-4.578910393447836,-8.901560185475637,-0.5500439174352217,26.0,1077.0,1.0,1.0,0.5120535492897034,0.8495245575904846,0.9878728985786438,0.5485898852348328,6.876660346984863,16.774433135986328,6.39017391204834,16.69074821472168,-0.33747100830078125,0.43928301334381104,-9.897772789001465,-10.30057430267334,-1051.0
7224331b,0.5913932680017043,0.5302773061686474,0.943103448275862,1388.0,937.0,547.0,0.8215647476556888,0.8605543899739689,0.796680529300639,0.5973863947970547,0.5281015243796047,0.6376824769418726,11.054477468068356,7.349709070661088,15.283102803117508,7.501773197359878,5.67488336750434,10.580591825215532,11.027804121392142,7.349392336863434,15.134699687710883,0.0638738606733299,-0.10958095256226796,-7.93339373245642,-4.905708457711191,-7.785307350847449,-0.4128261421072146,35.0,392.0,1.0,1.0,0.960170030593872,0.7904630303382874,0.2822409272193908,0.6473591923713684,5.134094715118408,17.33423614501953,5.1280694007873535,17.148662567138672,0.1697070002555846,-0.3651182651519776,-12.200141429901123,-12.020593166351318,-357.0
722cf0d8,0.51994851994852,0.4455445544554455,0.8933463796477495,3636.0,2205.0,1826.0,0.8569380702444178,0.7429378628406692,0.8830172286389505,0.5349054678269464,0.7170245981266344,0.4836998477590198,12.39162641687862,11.051904254813486,13.543735131928663,9.320968342464834,8.837954439567872,9.80802361079381,12.36829352749072,10.58067290085907,13.392424186390912,-0.14007936579828129,0.23332475036761463,-2.491830877115177,-0.9700691712259388,-2.811751285531841,-0.44780182519230405,68.0,1240.0,1.0,1.0,0.8101115822792053,0.8787654638290405,0.6162603497505188,0.4924114942550659,9.47791576385498,15.270675659179688,8.451376914978027,14.692856788635254,-0.0686538815498352,0.12384885549545288,-5.792759895324707,-6.241479873657227,-1172.0
7256229b,0.6613949716139497,0.5968096809680968,0.9629629629629628,1631.0,1085.0,624.0,0.7749088592005334,0.6057960683112186,0.8335042378165476,0.670956244176126,0.8879233431876666,0.5770541780170254,12.704679728014442,10.356211424275989,15.77353477507064,8.908540985926644,8.066325635553277,10.2459895190207,12.645857870001796,10.337389690238597,15.629599365631972,-0.22770816950532902,0.3108691651706412,-5.417323350794652,-2.1796638834674233,-5.292209675393375,-0.36615328199486596,51.0,459.0,1.0,1.0,0.7563501000404358,0.8353651165962219,0.6980686187744141,0.5738203525543213,8.255642890930176,17.797273635864258,7.961425304412842,17.661611557006836,-0.07901501655578613,0.12424826622009277,-9.541630744934082,-9.700186252593994,-408.0
726f3dc2,0.469391429600288,0.4028169014084507,0.8802163833075735,2607.0,1716.0,1139.0,0.8389104763773717,0.8059431124450939,0.8633507774292672,0.5676081810943677,0.622987780867179,0.5227795377991238,12.75952244578265,9.871915872199542,15.630427293905848,8.880449784613555,7.711940710351988,10.197279008521765,12.622780374294068,9.860796782825505,14.672148632573434,-0.05740766498417338,0.1002082430680552,-5.758511421706306,-2.4853382981697765,-4.811351849747929,-0.47739948189912274,46.0,793.0,1.0,0.9887780547142028,0.8748694658279419,0.869773268699646,0.5002610087394714,0.5103464126586914,8.214680671691895,17.566017150878906,8.214461326599121,16.365283966064453,0.0050961971282958984,-0.01008540391921997,-9.351336479187012,-8.150822639465332,-747.0
7271dd80,0.4138243831640058,0.2340630262208323,0.9845018450184502,2281.0,973.0,1334.0,0.9266567022266108,0.755149470930252,0.9585263953172016,0.3829968610142626,0.6997864375218315,0.2880055717613757,10.72046289823749,8.68201240565067,12.16608425240428,8.124157564389654,6.778078630977513,9.236095379415474,9.670084878308227,8.667878297215772,9.361493791459596,-0.20337692438694965,0.41178086576045575,-3.4840718467536096,-2.458016748437961,-0.693615494243824,-0.7504388187976179,27.0,1094.0,1.0,1.0,0.8206639885902405,0.9645320177078248,0.598892331123352,0.266338050365448,10.168487548828123,11.788042068481444,9.603214263916016,9.494704246520996,-0.14386802911758434,0.33255428075790405,-1.6195545196533203,0.10851001739501953,-1067.0
727a3a10,0.5678315606685479,0.3742789277231082,0.9240963855421688,2616.0,1103.0,1534.0,0.567636216092062,0.6174401004009964,0.5401862392748265,0.9299072899036096,0.874711266189025,0.9589721171391518,18.954987472040152,10.56155167747858,23.119502236710577,11.916593891386194,8.652032354263577,14.251038440753806,18.87167969252726,10.300614545002857,23.07945298645147,0.07725386112616994,-0.08426085095012681,-12.557950559231998,-5.599006086490229,-12.778838441448615,-0.5498174578190606,38.0,893.0,1.0,1.0,0.5067310333251953,0.7200307846069336,0.9932461380958556,0.7482903599739075,10.904942512512209,18.83112907409668,10.619415283203123,18.484115600585938,-0.21329975128173828,0.24495577812194813,-7.926186561584471,-7.864700317382814,-855.0
729665c0,0.6699463327370304,0.6599894570374275,0.9052848318462594,2247.0,1252.0,1319.0,0.7196313672617749,0.5079694638450482,0.7774502089571513,0.7488239215439436,0.9919985243486524,0.6671578389599401,17.32107116963824,15.653206886699891,18.096209745372807,12.407256549721826,11.026329335279105,13.45535772911841,17.30869753088275,15.060422528027544,17.618982364294382,-0.2694807451121032,0.32484068538871236,-2.443002858672916,-2.429028393839305,-2.558559836266838,-0.2452953748088319,53.0,744.0,1.0,1.0,0.6148102879524231,0.8258516788482666,0.877712607383728,0.5901666283607483,12.8873929977417,21.12386703491211,12.464517593383787,18.52630424499512,-0.2110413908958435,0.28754597902297974,-8.23647403717041,-6.0617866516113335,-691.0
729e9750,0.6710606989576947,0.601263324121595,1.0,2189.0,1523.0,729.0,0.750844899989606,0.7694739419838603,0.7194311646675038,0.705910900908031,0.6790081855414406,0.7490912298678929,13.05745265218074,11.33419356580282,16.20068762249841,9.911166416853858,9.057334683841557,11.961132439815048,13.03395980292569,11.288572659391363,16.198254705699345,0.050042777316356535,-0.07008304432645229,-4.86649405669559,-2.903797755973491,-4.9096820463079816,-0.398736675878405,56.0,481.0,1.0,1.0,0.8771161437034607,0.7482223510742188,0.4957496523857116,0.7096163034439087,7.025146484375,17.507349014282227,7.024446487426758,17.404218673706055,0.12889379262924194,-0.21386665105819708,-10.482202529907227,-10.379772186279297,-425.0
729f4217,0.464172813487882,0.3847475094469254,0.8406779661016949,1762.0,1120.0,744.0,0.789995557090032,0.8329547905530094,0.7237659757468774,0.6480809253634425,0.5780055526497831,0.7432819441546022,10.525785641044807,7.894108302369799,13.570037666873946,7.650864793245154,6.13819883103419,10.00000791327143,10.109385532680582,7.818991146176993,12.405135065179248,0.10918881480613196,-0.1652763915048191,-5.675929364504147,-3.86180908223724,-4.5861439190022555,-0.4559304566547695,43.0,539.0,1.0,1.0,0.8503575921058655,0.7408943176269531,0.5470693111419678,0.7198690176010132,7.349853515625,14.850366592407228,6.9961371421813965,12.77987575531006,0.10946327447891235,-0.1727997064590454,-7.500513076782228,-5.783738613128664,-496.0
72dd8501,0.5658153241650294,0.4200680272108844,0.9702725020644096,2016.0,988.0,1175.0,0.8543991039364928,0.8683031280850115,0.8473739711806559,0.5396311630428829,0.5132190018208376,0.5524962059948358,12.316819540784506,8.280845736654593,14.887246238802604,7.905023134478281,6.195685183894594,9.519995370316488,12.293655009962588,8.073740491925994,14.879028118954071,0.020929156904355595,-0.03927720417399827,-6.606400502148011,-3.3243101864218945,-6.805287627028077,-0.5502044748535253,37.0,789.0,1.0,1.0,0.9317091703414916,0.8439996838569641,0.3695695698261261,0.558570146560669,6.5460944175720215,16.306320190429688,6.370832920074463,16.250778198242188,0.08770948648452748,-0.18900057673454285,-9.760225772857666,-9.879945278167725,-752.0
73348914,0.3895131086142322,0.3103026597370835,0.7586750788643533,1768.0,1015.0,962.0,0.7538488109296941,0.8173731959626445,0.6930508123075869,0.7016426285087101,0.6043621497700787,0.7835166720528838,10.4826988792238,8.002421971502462,12.559512896845645,7.250227412211223,6.062476807839693,8.69162681533329,10.335476231558756,7.652759645128601,12.492466277138954,0.12432238365505754,-0.17915452228280504,-4.557090925343182,-2.629150007493597,-4.839706632010353,-0.4483724191272698,43.0,555.0,1.0,1.0,0.8590450286865234,0.6899846196174622,0.5309519171714783,0.7874203324317932,7.590060234069824,13.510856628417969,7.347176551818848,13.38122844696045,0.16906040906906128,-0.25646841526031494,-5.9207963943481445,-6.034051895141602,-512.0
739a914f,0.5421354764638346,0.4509618416903185,0.914695945945946,2361.0,1430.0,1083.0,0.829538451541355,0.7767172553075348,0.8520959113267458,0.5838862020268076,0.668255556942799,0.543882503254617,13.158168567916348,12.43482094882578,14.253334812372303,9.852917704869665,10.028133615238255,9.883089143343486,12.619767957269076,12.033994808860296,13.525168638357044,-0.07537865601921101,0.12437305368818208,-1.8185138635465226,0.145044471894769,-1.4911738294967485,-0.46373410425562755,68.0,708.0,1.0,0.9915966391563416,0.7963886857032776,0.867797315120697,0.6381399631500244,0.5142036080360413,9.64155387878418,15.79954719543457,9.378353118896484,15.204155921936035,-0.07140862941741943,0.12393635511398315,-6.157993316650391,-5.825802803039551,-640.0
73b1447d,0.6667344035765088,0.6531079919793755,0.8958041958041958,3281.0,2280.0,1281.0,0.6563901851442837,0.5887980404264741,0.7559988529683789,0.8289871107028339,0.90686488472487,0.6985716098319786,18.30007152341536,18.739926276768568,16.813835412927155,13.544316254713168,14.167334166943458,11.958205772053148,18.257828736817125,18.262256239707312,16.45032553575636,-0.16720081254190478,0.2082932748928914,1.926090863841413,2.2091283948903104,1.811930703950953,-0.24269620382482027,105.0,836.0,1.0,1.0,0.7880290746688843,0.8176997303962708,0.6511081457138062,0.6038216352462769,19.63718605041504,17.814165115356445,19.621007919311523,16.313323974609375,-0.029670655727386475,0.0472865104675293,1.8230209350585938,3.3076839447021484,-731.0
74b6186b,0.6304128902316214,0.4223856209150327,0.9645669291338582,1252.0,517.0,735.0,0.8024266274069691,0.684555127051461,0.8243585907175089,0.6286069878597133,0.7942856827974919,0.5926911662619767,15.102811162741236,13.850352773058416,15.924889025116771,10.346698683756024,10.26620560820844,10.403317622610588,15.06144049203236,13.781042813469371,15.897742566608605,-0.1398034636660479,0.2015945165355152,-2.074536252058355,-0.13711201440214893,-2.1166997531392333,-0.5421813082188256,23.0,516.0,1.0,1.0,0.6756771802902222,0.8363129496574402,0.805385410785675,0.5721661448478699,13.649136543273926,18.04006004333496,13.603571891784668,18.01618385314941,-0.16063576936721802,0.23321926593780518,-4.390923500061035,-4.4126119613647425,-493.0
75c20ec7,0.7610156833457804,0.7111597374179431,0.9647058823529412,2038.0,1300.0,820.0,0.794473295548241,0.7552148855497873,0.8123203100258808,0.6411344702194057,0.6996929533019647,0.6126657979259479,12.403830036222525,10.761641526870358,14.59785569416452,8.941896521654304,8.664665564464855,9.466884808838188,12.40224648749242,10.761629861923527,14.576883491613968,-0.05710542447609346,0.0870271553760168,-3.8362141672941625,-0.8022192443733331,-3.8152536296904405,-0.25354614493499805,66.0,544.0,1.0,1.0,0.7830365896224976,0.8179445266723633,0.65873122215271,0.6034160852432251,10.401140213012695,16.356552124023438,10.388099670410156,16.35536003112793,-0.03490793704986572,0.05531513690948486,-5.955411911010742,-5.967260360717773,-478.0
75cd5f11,0.439324437030859,0.3466703973139339,0.8412438625204582,2107.0,1239.0,1028.0,0.7280804255874253,0.6800603290683411,0.74337728301636,0.7374545062748953,0.799924585109945,0.7164114976515104,11.342545936004887,8.236597750159966,13.710660897762432,7.486770273297736,6.414730465733691,8.376821816242996,11.15667405503916,7.854846835302624,13.673496815045434,-0.06331695394801884,0.08351308745843466,-5.474063147602466,-1.9620913505093052,-5.81864997974281,-0.49457346520652434,41.0,647.0,1.0,1.0,0.887355625629425,0.6636962890625,0.4746459126472473,0.820126473903656,7.115124702453613,16.2387752532959,6.497908592224121,16.21976661682129,0.22365933656692505,-0.3454805612564087,-9.123650550842285,-9.721858024597168,-606.0
75d20a82,0.5702396804260985,0.5142990002325041,0.9039250146455772,3426.0,2212.0,1543.0,0.8280607353213214,0.763448439083676,0.8412648605974684,0.5864115699381768,0.6878249209156703,0.563445009566207,13.165716594700626,11.3730949444141,14.971283800617396,9.290293643800512,9.011819493648378,9.559796149051294,13.119821276153152,11.275265218193995,14.940736916925012,-0.07781642151379242,0.12437991134946325,-3.5981888562032953,-0.5479766554029162,-3.6654716987310163,-0.3896260144130731,88.0,1001.0,1.0,1.0,0.7435274720191956,0.8355033993721008,0.7162018418312073,0.5735793113708496,10.76749324798584,17.221424102783203,10.69991970062256,17.20589828491211,-0.09197592735290527,0.14262253046035767,-6.453930854797363,-6.505978584289549,-913.0
76201745,0.6283500161446561,0.5951219512195122,0.8669833729216152,1946.0,1342.0,730.0,0.952594233188766,0.8943001374673226,0.964089348119298,0.3079148155293408,0.4597822583194731,0.2679949696569026,7.576560630482268,5.864062435089291,9.689401491635136,5.145289074518913,4.215338009821281,6.6330948046697165,7.347735160474897,5.805996681641837,9.0517543443611,-0.06978921065197541,0.1917872886625705,-3.825339056545845,-2.4177567948484358,-3.2457576627192637,-0.27186142170210303,60.0,467.0,1.0,1.0,0.8998956680297852,0.9425168037414552,0.4474468231201172,0.3390669524669647,4.380561828613281,11.298888206481934,4.148313999176025,10.32060718536377,-0.04262113571167003,0.10837987065315247,-6.918326377868652,-6.172293186187744,-407.0
764072a5,0.6797979797979798,0.5451977401129944,0.920479302832244,1346.0,579.0,845.0,0.8503586302449031,0.7693535909922177,0.857211415213726,0.5470673994218571,0.6791854076874477,0.53439420802676,9.573412370315031,6.449301677222343,11.137687407991036,6.726870538879586,4.790960935624153,8.005802021159706,9.546915722550445,6.337120213921863,11.13492844462291,-0.08785782422150834,0.14479119966068776,-4.688385730768693,-3.2148410855355527,-4.797808230701047,-0.3752815627192496,30.0,596.0,1.0,1.0,0.8660972118377686,0.8775676488876343,0.5174993276596069,0.4948380589485168,5.458174228668213,11.781426429748535,5.302635192871094,11.743744850158691,-0.011470437049865723,0.022661268711090143,-6.323252201080322,-6.441109657287598,-566.0
77b0d905,0.5026235242675995,0.3070485999356292,0.9447852760736196,2299.0,954.0,1386.0,0.8413741709097636,0.7012924931087097,0.8759017866903636,0.5632509726405031,0.7729262667179714,0.498193161955554,11.897137481531477,11.069380418620186,12.347412163701694,8.782390046542139,8.744402772463818,8.751855513354295,11.894785697314914,11.035850562524674,12.309142553057155,-0.1746092935816539,0.27473310476241736,-1.278031745081508,-0.007452740890476761,-1.2732919905324813,-0.6377366761379903,40.0,856.0,1.0,1.0,0.815098226070404,0.8745816946029663,0.6081147193908691,0.5008358955383301,10.37906551361084,14.181031227111816,10.371572494506836,14.181024551391602,-0.059483468532562256,0.10727882385253906,-3.8019657135009766,-3.8094520568847656,-816.0
77e4821c,0.7841540170307294,0.7232323232323232,0.9667128987517336,2118.0,1432.0,697.0,0.5428684692380004,0.3290277734604266,0.8008863306577226,0.9561710419815062,1.1584232616272634,0.6310525641216861,22.390061564946706,24.553615672409183,16.973055092248327,16.449481344180032,18.489115788268915,12.201126908195723,22.09214904468577,24.245333287396733,16.674462540749417,-0.471858557197296,0.5273706975055773,7.580560580160856,6.287988880073192,7.570870746647316,-0.24348057551941038,81.0,551.0,1.0,0.9549393653869628,0.4254048466682434,0.7715367078781128,1.07200288772583,0.6759634613990784,19.944520950317383,18.53632354736328,19.89634323120117,18.305736541748047,-0.3461318612098694,0.3960394263267517,1.4081974029541016,1.5906066894531214,-470.0
7850c72e,0.6100705754614549,0.5922459893048129,0.8461538461538461,4495.0,3101.0,1804.0,0.8217750549936286,0.8291521872647629,0.8024352046636224,0.5970342452596357,0.5845473680297211,0.6285933428479459,13.301665991045978,10.585775466939548,16.679814731206516,9.742800938205075,8.231333999111811,12.253519025991272,13.30068569800699,10.585522939200803,16.564797972987932,0.026716982601140526,-0.04404597481822481,-6.094039264266968,-4.022185026879461,-5.979275033787129,-0.2539078568490333,92.0,1266.0,1.0,1.0,0.8377515077590942,0.8134570121765137,0.5696463584899902,0.6108076572418213,10.345656394958496,18.337411880493164,10.339303970336914,18.328876495361328,0.024294495582580566,-0.041161298751831055,-7.991755485534668,-7.989572525024414,-1174.0
78a4a386,0.4035158617902606,0.3811320754716981,0.919917864476386,1997.0,1515.0,896.0,0.7253050683577748,0.6298731668964758,0.7349568686046236,0.7412083804737035,0.860379954559059,0.7280702320454756,8.87786225758136,6.663873670544872,11.402533923215753,5.738805017782529,5.340446212007476,6.712674515887244,8.824519520198143,6.663322398851352,10.98400083185908,-0.10508370170814785,0.13230972251358342,-4.738660252670881,-1.3722283038797682,-4.3206784330077275,-0.5387857890046879,39.0,258.0,1.0,1.0,0.6981964707374573,0.7485665678977966,0.7769215106964111,0.7091310620307922,5.641677379608154,17.880836486816406,5.61927604675293,17.668607711791992,-0.050370097160339355,0.0677904486656189,-12.239159107208252,-12.049331665039062,-219.0
79507629,0.428951903493655,0.359536354056902,0.7625152625152625,2738.0,1706.0,1249.0,0.7723555650131333,0.7943933420659671,0.7554236553339579,0.6747509688572024,0.6412591643540587,0.6993945162296342,11.00574388931714,7.699815458341017,14.080422780366654,7.226893019765445,6.042843491187939,8.743186911507129,10.942548038881826,7.088160177472418,14.043991920343732,0.03896968673200918,-0.0581353518755755,-6.380607322025637,-2.7003434203191903,-6.955831742871314,-0.4029789084583605,46.0,943.0,1.0,1.0,0.8507104516029358,0.7603381276130676,0.5464239120483398,0.6923320889472961,6.503239154815674,15.455611228942873,6.070219039916992,15.296687126159668,0.09037232398986816,-0.1459081768989563,-8.952372074127199,-9.226468086242676,-897.0
796dbd4c,0.4958563535911602,0.4046474358974359,0.9312688821752266,2513.0,1515.0,1233.0,0.8654651301438685,0.8144929663852847,0.8728044248639018,0.5187193265266516,0.6091092408012134,0.504372035577109,10.826013943929643,7.046758638484597,14.102506454706312,7.3512555809073055,5.376171959894566,10.013354180588108,10.820732102870236,6.788942968335653,14.017589896935986,-0.05831145847861707,0.10473720522410446,-7.055747816221714,-4.637182220693542,-7.228646928600333,-0.5266214462777907,39.0,801.0,1.0,1.0,0.8201306462287903,0.8906974792480469,0.5997822284698486,0.4675521850585937,6.4819769859313965,15.826186180114746,6.2518229484558105,15.326844215393066,-0.07056683301925659,0.13223004341125494,-9.34420919418335,-9.075021266937256,-762.0
7987f2f2,0.7561904761904762,0.7126379137412236,0.9775086505190312,2382.0,1421.0,1130.0,0.7844003770157183,0.756938893304993,0.7834153989658181,0.6566576322320204,0.6972246505897608,0.6581559101522706,12.339444416307774,10.04800400590832,14.614908389268876,8.568239583749685,7.827846974662897,9.53614265035702,12.3392053176788,10.044105110494783,14.599656153431484,-0.026476505660825156,0.0390687404374902,-4.566904383360557,-1.7082956756941226,-4.555551042936701,-0.2648707367778076,86.0,800.0,1.0,1.0,0.8002210855484009,0.7996059060096741,0.6321058869361877,0.6330783367156982,9.56419563293457,15.557674407958984,9.489578247070312,15.555400848388672,0.0006151795387268066,-0.000972449779510498,-5.993478775024414,-6.065822601318359,-714.0
7993a768,0.354120267260579,0.3175506487593899,0.5740997229916898,2067.0,1395.0,829.0,0.739029571017558,0.5979090635990122,0.792719123809824,0.7224547445791217,0.8967618818850273,0.6438647003682932,8.837362771262478,8.358444325192204,9.669536552019926,6.750980519576946,6.348224844860878,7.649277500294056,8.8373420355289,8.27901351493549,9.626118416830902,-0.19481006021081182,0.252897181516734,-1.3110922268277214,-1.3010526554331774,-1.3471049018954115,-0.2565490742322999,40.0,478.0,1.0,0.5923172235488892,0.6481946706771851,0.8705040812492371,0.8388150334358215,0.5089123845100403,9.104771614074709,10.315321922302246,8.687447547912598,9.193598747253418,-0.222309410572052,0.32990264892578125,-1.2105503082275373,-0.5061511993408203,-438.0
7a5660b0,0.4284216831386642,0.3046810273405136,0.9718918918918918,2861.0,1471.0,1798.0,0.7564766686491119,0.0423373038182836,0.7970982130161947,0.6978872850982286,1.3839528143558335,0.6370271375440851,13.92629366606462,8.498329226093027,16.261849730865535,9.76925572570672,6.057302085817753,11.976748683579494,12.41095966251272,8.298749199312164,13.287387009202265,-0.7547609091979111,0.7469256768117484,-7.763520504772508,-5.919446597761741,-4.9886378098901005,-0.6672108645513782,62.0,1080.0,1.0,0.9926470518112184,0.0951993614435195,0.7801662683486938,1.3452142477035522,0.663074254989624,12.211385726928713,19.258811950683597,10.02408218383789,15.904848098754885,-0.6849669069051744,0.6821399927139282,-7.047426223754885,-5.880765914916994,-1018.0
7acda2df,0.7245076040887559,0.7372262773722628,0.8670338316286389,2906.0,2020.0,1102.0,0.6928658651472845,0.7874749532112152,0.6390333366981928,0.7837526840180077,0.6519586594083782,0.8496665973213342,16.989028908137993,11.966025576036545,23.15256794423823,11.70819463791471,9.424460510088831,15.77346622348608,16.925905199979173,11.96362320107914,22.84177367837713,0.14844161651302235,-0.19770793791295604,-11.186542368201684,-6.349005713397249,-10.878150477297991,-0.12980755425637613,76.0,533.0,1.0,0.9655796885490416,0.8789380788803101,0.3827769756317138,0.4920608103275299,1.1110563278198242,9.352560997009276,30.68560028076172,9.33085823059082,30.24848937988281,0.49616110324859625,-0.6189955174922943,-21.33303928375244,-20.91763114929199,-457.0
7b2c7b3c,0.5073565473271211,0.4814516129032258,0.7978723404255319,2069.0,1194.0,1275.0,0.8086050388434333,0.5741092823619438,0.8072319176428531,0.6187001877429272,0.9229200589845864,0.6209155858200806,12.992517765007028,12.269661121758514,14.314743939638658,9.730839688291496,9.260682339318604,10.686119515135903,12.749692289245846,12.25135589450214,14.092868094889576,-0.23312263528090926,0.30200447316450585,-2.045082817880145,-1.425437175817299,-1.8415122003874362,-0.3164207275223061,41.0,736.0,1.0,1.0,0.7405216097831726,0.8905083537101746,0.7203865647315979,0.4679565131664276,10.455116271972656,13.232248306274414,10.351146697998049,11.901183128356934,-0.14998674392700195,0.2524300515651703,-2.777132034301758,-1.550036430358885,-695.0
7b38844c,0.5769818737715658,0.583804143126177,0.8370423546302943,2642.0,1860.0,1166.0,0.6330036413058927,0.2884524374681521,0.8401522840899618,0.8567337494158933,1.1929355075039454,0.5654161580818826,14.91234597085982,15.860828149715449,11.83718876098404,10.775395957492927,11.679291012849031,8.704348393346589,14.891585702260436,15.823858624014257,11.666057460724948,-0.5516998466218097,0.6275193494220628,4.023639388731409,2.9749426195024427,4.157801163289308,-0.2532382115041173,61.0,653.0,1.0,1.0,0.3484870791435241,0.8536413311958313,1.141501545906067,0.5410335659980774,15.087212562561035,13.005948066711426,14.968302726745604,12.917734146118164,-0.5051542520523071,0.6004679799079895,2.0812644958496094,2.0505685806274396,-592.0
7bb17b96,0.6943359375,0.6728195662205815,0.9657458563535912,2133.0,1458.0,874.0,0.7932264583790193,0.5841181787531182,0.8429021421634538,0.6430762654941958,0.9120107688474756,0.5605316366389076,11.970975704013332,11.480998436653246,13.461090163903188,8.574005395180125,8.702593479349988,9.056353837808208,11.967481288575096,11.413736152134115,13.458216186822916,-0.2587839634103356,0.35147913220856797,-1.9800917272499419,-0.35376035845822074,-2.0444800346888012,-0.29292629013300975,63.0,483.0,1.0,1.0,0.7176592350006104,0.8269471526145935,0.7514529228210449,0.5883074998855591,9.54344654083252,15.191598892211914,9.542859077453612,14.57659912109375,-0.10928791761398315,0.16314542293548584,-5.6481523513793945,-5.0337400436401385,-420.0
7c607683,0.5314580201846683,0.3761061946902654,0.9873717442778216,2475.0,1275.0,1251.0,0.8238911006372134,0.8584978446747142,0.8214045637607319,0.5934794004222668,0.531981494650492,0.5976544758290832,10.636095750350725,7.562838220821754,12.97741195110292,7.410011074097709,5.707940174903258,9.115256889180015,10.416518306485246,7.543196934767761,12.428038350332066,0.03709328091398234,-0.0656729811785911,-5.414573730281165,-3.4073167142767575,-4.884841415564305,-0.6112655495875562,55.0,873.0,1.0,1.0,0.8940720558166504,0.8296893239021301,0.4602780640125274,0.5836277604103088,6.220384120941162,13.981250762939451,6.206981658935547,13.594629287719728,0.06438273191452026,-0.12334969639778143,-7.760866641998289,-7.3876476287841815,-818.0
7cbbd047,0.5776041666666667,0.5235418130709768,0.869215291750503,3327.0,2235.0,1296.0,0.8696369749122347,0.8252450489855881,0.8737596238892197,0.5106134057930036,0.5911936248208566,0.502474628435666,10.538382605995956,8.609197588610556,13.224169506360855,7.514624412806458,6.813054501412551,8.92790667646587,10.47406041049528,8.53339485826397,13.11875446582107,-0.048514574903631535,0.08871899638519054,-4.6149719177502995,-2.1148521750533193,-4.5853596075571,-0.34567347867952625,63.0,843.0,1.0,1.0,0.9272860288619996,0.8800210952758789,0.3813501596450805,0.4898548722267151,5.5064897537231445,14.567916870117188,5.35045051574707,14.556361198425291,0.047264933586120716,-0.10850471258163458,-9.061427116394043,-9.20591068267822,-780.0
7cd4bb31,0.4326887997081357,0.3843441466854725,0.8550488599348535,2372.0,1635.0,1050.0,0.7486243829172119,0.6817620110031463,0.80617859708,0.709049528711201,0.7977944459531587,0.6226096737443132,11.537845669021602,11.667375174115843,10.66268901902557,7.915535774452163,8.43354381182071,6.933225778069425,11.31004380423546,11.462404472935438,10.395180203781972,-0.12441658607685369,0.17518477220884554,1.0046861550902726,1.5003180337512854,1.0672242691534652,-0.47070471324938096,55.0,675.0,1.0,1.0,0.7196214199066162,0.8249277472496033,0.7488372325897217,0.5917301177978516,11.823897361755373,11.934699058532717,11.536664962768556,11.8341703414917,-0.10530632734298706,0.15710711479187012,-0.11080169677734375,-0.29750537872314275,-620.0
7d50373e,0.4438260152545867,0.3263301500682128,0.836424957841484,2153.0,1196.0,992.0,0.7353929571015466,0.8232006402805664,0.6872463096617306,0.7274710205890725,0.5946416731434715,0.7908902456577264,11.054207271801822,8.305963708204466,13.678244835268636,8.385781402133338,6.2801124585045205,10.991765351968125,11.050455069966302,8.209570307229242,13.508610105866277,0.13595433061883577,-0.19624857251425487,-5.37228112706417,-4.711652893463604,-5.299039798637034,-0.5100948077732712,38.0,609.0,1.0,1.0,0.7914875745773315,0.7905792593955994,0.6457746028900146,0.6471796631813049,8.774542808532715,14.787104606628418,8.623191833496094,12.626487731933594,0.0009083151817321777,-0.0014050602912902832,-6.012561798095703,-4.0032958984375,-571.0
7d57c75d,0.5095280498664292,0.447979797979798,0.8894259818731118,2861.0,1774.0,1472.0,0.9623995429659676,0.8362029579379111,0.961978495053208,0.2742278506426079,0.5723583528910693,0.2757589706493408,16.102498524301996,10.038582005172756,20.43127451668975,11.815419221047264,8.002393596028915,15.895283302575493,16.062549944505548,8.986371463803332,19.610545671655625,-0.12577553711529688,0.2965993822417285,-10.392692511516994,-7.892889706546578,-10.624174207852294,-0.44144618389331386,70.0,919.0,1.0,1.0,0.8644886612892151,0.9289687871932985,0.5205984115600586,0.3769116997718811,8.551889419555664,24.46209144592285,7.748393058776855,19.92999649047852,-0.06448012590408336,0.1436867117881775,-15.910202026367188,-12.181603431701664,-849.0
7e208414,0.3578226113437381,0.2372881355932203,0.9041578576462296,1880.0,910.0,1283.0,0.8252709515150688,0.663161477924579,0.8286055642450145,0.5911498092445454,0.8207783160822671,0.5854817431055993,11.749488339025394,8.36396708953789,13.302467879760872,8.033808622458121,6.371028181941461,9.224996762676897,11.69602763634044,8.193251313063415,13.090414821841364,-0.1654440863204355,0.23529657297666784,-4.938500790222982,-2.853968580735436,-4.897163508777949,-0.6668697220530093,23.0,664.0,1.0,1.0,0.7619124054908752,0.8279478549957275,0.6900544762611389,0.5866040587425232,7.489031791687012,15.557390213012695,7.410437107086182,14.775572776794434,-0.0660354495048523,0.10345041751861572,-8.068358421325684,-7.365135669708252,-641.0
7e721392,0.6213895394223263,0.5194610778443114,0.928266438941076,2388.0,1388.0,1087.0,0.8023621288628296,0.8564681826485336,0.7652094578884217,0.6287095850027584,0.5357831974809706,0.6852598661990622,11.818627202030155,8.92025463917705,14.50073509559744,7.71653684883816,7.080009422474536,8.397987762074338,11.73054843122069,8.59036120587269,14.49608446235872,0.09125872476011199,-0.14947666871809162,-5.580480456420389,-1.3179783395998026,-5.905723256486031,-0.4088053610967646,107.0,718.0,1.0,1.0,0.8874378204345703,0.6973215937614441,0.4744727313518524,0.7780467867851257,8.452035903930664,17.726999282836914,7.470029354095459,17.717178344726562,0.19011622667312622,-0.3035740554332733,-9.27496337890625,-10.247148990631104,-611.0
7ff89f8f,0.4965780468544353,0.4493955094991364,0.7511061946902655,3773.0,2602.0,1358.0,0.7576229615259881,0.7314082221379266,0.7543773595338964,0.6962428290101262,0.7329280699523978,0.700888921964249,12.972842780172863,9.463110638012935,17.61040245184608,8.741519747408548,7.252024337681369,11.427919880105753,12.972814020627414,9.455030605408584,17.60740788224524,-0.02296913739596984,0.032039147988148775,-8.147291813833146,-4.175895542424384,-8.152377276836656,-0.3017106851911291,83.0,1082.0,1.0,1.0,0.8257368206977844,0.7413315176963806,0.5903612375259399,0.7192614078521729,7.667801380157471,19.246864318847656,7.666420936584473,19.22535896301269,0.08440530300140381,-0.1289001703262329,-11.579062938690186,-11.558938026428219,-999.0
8050c789,0.6923492835901595,0.6802250108178278,0.9005763688760807,2561.0,1572.0,1250.0,0.8736876981911206,0.7751074140048672,0.902469393192536,0.5026177509974741,0.6706602507904175,0.4416573486481665,9.207890129552004,8.654821650433751,9.853189170836204,6.843584113108355,6.744750895840442,7.131174810258995,9.185480387731708,8.651840956352448,9.827714767464055,-0.1273619791876689,0.22900290214225094,-1.1983675204024529,-0.38642391441855306,-1.1758738111116074,-0.2203513580582529,60.0,795.0,1.0,1.0,0.8313037753105164,0.9156392812728882,0.5808549523353577,0.4107571542263031,7.6892781257629395,10.949856758117676,7.557940006256103,10.89558219909668,-0.08433550596237183,0.17009779810905457,-3.2605786323547363,-3.337642192840577,-735.0
807f0298,0.6127320954907162,0.5021500238891543,0.9415384615384615,2079.0,1051.0,1224.0,0.8599631780004326,0.47545798874216,0.9138834205788332,0.5292198446762316,1.0242480278309936,0.4150098298141064,15.175402158662848,15.07158575372322,15.431607386664654,11.250767987726444,11.863475188592844,11.186663021027693,14.723564028455094,15.024378352521811,14.272834217276348,-0.4384254318366732,0.6092381980168872,-0.3600216329414341,0.6768121675651511,0.7515441352454637,-0.43938843764930724,75.0,775.0,1.0,1.0,0.5899218916893005,0.9333050847053528,0.9056247472763062,0.3652257323265075,13.368121147155762,16.69676399230957,13.31047248840332,15.500899314880373,-0.34338319301605225,0.5403990149497986,-3.3286428451538086,-2.1904268264770526,-700.0
811f52b3,0.4049217002237136,0.2800710164225477,0.9138127853881278,2534.0,1262.0,1601.0,0.8612686385321844,0.5576547662142863,0.8921540332854048,0.5267473046306277,0.9405798570942434,0.4644264564268389,9.100300083626838,7.799383527162478,9.657478593956766,6.341378609562137,6.132558598845415,6.232910699965525,9.036021396990682,7.792886697888856,9.497099546547418,-0.33449926707111843,0.4761534006674045,-1.858095066794288,-0.10035210112010962,-1.7042128486585613,-0.6337417689655801,32.0,996.0,1.0,1.0,0.7138094305992126,0.8969394564628601,0.7565587759017944,0.4540055990219116,6.842822551727295,11.176568031311035,6.824787139892578,10.954668998718262,-0.18313002586364746,0.3025531768798828,-4.33374547958374,-4.129881858825684,-964.0
81bf5923,0.61623178583531,0.502280912364946,0.9251583189407024,3637.0,2092.0,1607.0,0.6804091249052497,0.6333804454100932,0.7010338648653693,0.7994884303037165,0.8562938217573531,0.7732608035257325,15.587348566980202,12.142024792088876,19.126954511517347,11.799218408624538,9.72594207565874,14.477574201850176,15.579956826527267,12.124028694580383,19.02555135025672,-0.06765341945527614,0.08303301823162068,-6.984929719428472,-4.751632126191437,-6.901522655676336,-0.42287740657575645,108.0,952.0,1.0,1.0,0.7649450302124023,0.7476164698600769,0.6856456398963928,0.7104696035385132,9.938700675964355,18.99037742614746,9.918415069580078,18.99018859863281,0.01732856035232544,-0.02482396364212036,-9.051676750183105,-9.07177352905273,-844.0
81fc01c6,0.5107879924953096,0.4666940789473684,0.7591383812010444,3267.0,2270.0,1163.0,0.8628947613571746,0.667463757593985,0.938409196106321,0.5236511026300344,0.8155197635937648,0.3509723746783469,10.503332999105703,10.240614858659278,10.571058685284695,8.05756188983818,8.020493987205278,7.751786331202805,10.405330016906932,10.237585391902051,9.97799880886476,-0.270945438512336,0.46454738891541786,-0.3304438266254177,0.2687076560024728,0.2595865830372919,-0.29244430225367596,73.0,846.0,0.8390804529190063,1.0,0.7256659865379333,0.948266863822937,0.7407212853431702,0.3216617405414581,10.243942260742188,11.848182678222656,10.031420707702637,10.790165901184082,-0.22260087728500366,0.4190595448017121,-1.6042404174804688,-0.7587451934814453,-773.0
8255c867,0.7068552253116012,0.613603473227207,0.8899147727272727,2949.0,1696.0,1253.0,0.8529000829917611,0.8632598833384539,0.8578340860487437,0.5424019118849764,0.5229533758597339,0.533227744873157,13.33268929724983,11.548949031816328,15.42188185948298,9.995407834649322,9.167811820827083,11.115601641067933,13.303594468961316,11.09516785310887,15.25435416725882,0.005425797289710266,-0.010274369013423157,-3.872932827666652,-1.9477898202408497,-4.159186314149949,-0.2763112995000657,85.0,829.0,1.0,0.969590663909912,0.8914227485656738,0.8655795454978943,0.4659983813762665,0.5184987187385559,10.242070198059082,17.69559097290039,9.508744239807127,17.044189453125,0.02584320306777954,-0.05250033736228943,-7.453520774841309,-7.535445213317873,-744.0
82aab6d2,0.5326001571091908,0.4213624894869638,0.8229508196721311,2712.0,1503.0,1255.0,0.8857640691156475,0.566730915785316,0.8357368152957507,0.4779873029367045,0.9308803190686588,0.5731721987400458,10.239545170897175,5.538800593750559,13.833269154366478,6.862595201941157,4.414275321897437,9.723527402026248,10.154827950740785,5.5380852129091815,13.564928433923908,-0.26900589951043474,0.357708120328613,-8.294468560615918,-5.309252080128811,-8.026843221014726,-0.4015883301851673,58.0,834.0,1.0,1.0,0.7262415289878845,0.8325227499008179,0.7399438619613647,0.5787525177001953,5.100709915161133,15.0947847366333,5.0655598640441895,14.735244750976562,-0.10628122091293335,0.16119134426116943,-9.994074821472168,-9.669684886932373,-776.0
82fcf37c,0.53774385072095,0.4609720176730486,0.925700365408039,1902.0,1252.0,760.0,0.7516501577602788,0.8323935041721003,0.6382986136564105,0.7047692420072278,0.5789758126690607,0.8505308769745982,12.69136970241319,9.770588765653033,16.406392388493884,8.9347279699447,7.695004821037202,11.12872616800383,12.650167125559395,9.706962870881997,16.371175867252607,0.19409489051568984,-0.27155506430553744,-6.635803622840852,-3.433721346966628,-6.66421299637061,-0.46472834773499044,34.0,390.0,1.0,1.0,0.9219139218330384,0.6697899103164673,0.3951862156391144,0.8126624226570129,6.269528388977051,19.834701538085938,6.057153701782227,19.79500961303711,0.25212401151657116,-0.41747620701789856,-13.565173149108887,-13.737855911254883,-356.0
833af382,0.5994404883011191,0.5692665890570431,0.8560885608856088,2357.0,1467.0,1160.0,0.6842815852992511,0.7344526755170501,0.6902599973359893,0.7946299952817649,0.7287624091333882,0.7870705211910947,21.99022633654264,15.226889054111934,28.057661579105478,15.947167948425967,12.030126836592911,20.89313330421194,21.88841294759964,14.014088319067564,26.12209413579548,0.04419267818106076,-0.058308112057706474,-12.830772524993543,-8.863006467619028,-12.108005816727914,-0.2868219718285657,59.0,723.0,1.0,0.9730821251869202,0.738360583782196,0.784257173538208,0.7233801484107971,0.6568756699562073,13.6892728805542,32.11287307739258,12.530123710632324,25.627817153930664,-0.04589658975601196,0.06650447845458984,-18.42360019683838,-13.09769344329834,-664.0
8382f4b6,0.7668296352012035,0.671152720889409,0.9726315789473684,2039.0,1147.0,924.0,0.7445313151849345,0.7791950440803295,0.7142295952454504,0.7147988315813973,0.6645373667743154,0.7560031808855696,14.386688312078538,9.980641967535872,18.35859033137065,9.986003474773144,7.823359688225006,12.623133532501514,14.287886162195404,9.461312161334922,18.35848012838476,0.06496544883487909,-0.0914658141112542,-8.377948363834777,-4.799773844276508,-8.897167967049837,-0.3014788580579594,117.0,589.0,1.0,0.980033278465271,0.7727465629577637,0.6607303023338318,0.6741712689399719,0.8237349987030029,9.179128646850586,21.27517890930176,8.282764434814453,21.205671310424805,0.11201626062393188,-0.149563729763031,-12.096050262451175,-12.922906875610352,-472.0
84633df4,0.5748352682773769,0.4920856610800745,0.8431183830606352,1832.0,1057.0,876.0,0.8888207187978746,0.6002935297667678,0.9270372893751996,0.4715491092179592,0.8940989545159218,0.3820018602698167,10.885134393186172,9.864128063413808,12.23949558799199,8.118624921937252,7.781580290262086,8.762201468357633,10.880073458616376,9.59123263153321,11.985093452164216,-0.3267437596084318,0.5120970942461052,-2.3753675245781825,-0.9806211780955465,-2.393860820631007,-0.35103272198056074,31.0,734.0,1.0,1.0,0.6165896058082581,0.9387869238853456,0.875683069229126,0.3498944938182831,8.29338550567627,12.007037162780762,8.127632141113281,11.934654235839844,-0.3221973180770875,0.5257885754108429,-3.713651657104492,-3.8070220947265625,-703.0
8478df29,0.6329113924050633,0.4408138101109741,0.9695431472081218,1650.0,715.0,955.0,0.861732956516757,0.1759300911084163,0.9152170129631,0.5258650843766737,1.2837989787280435,0.4117838924409256,12.167370235905704,12.537885534978209,11.974394415956615,9.13549311587886,9.59123640614593,8.876831911335863,12.134260634608935,12.466130002367288,11.960094815132088,-0.7392869218546837,0.8720150862871179,0.5634911190215934,0.7144044948100667,0.5060351872352005,-0.5287293370971478,36.0,738.0,1.0,1.0,0.5174384117126465,0.9244979619979858,0.9824068546295166,0.3885924220085144,9.294889450073242,12.24949550628662,9.252311706542969,12.239931106567385,-0.40705955028533936,0.5938144326210022,-2.954606056213377,-2.987619400024416,-702.0
84815d5a,0.7354192740926158,0.6324591410110224,0.9340175953079178,2938.0,1664.0,1274.0,0.7951216741855586,0.745445071603821,0.7869399756488284,0.6401223723858454,0.7135193457730197,0.6527787134261833,13.476071052332486,7.680063930172063,18.48682434162737,8.91905618377345,6.006919413849172,12.722663393470466,13.409323431880104,7.678462524276275,18.1909705233448,-0.04149490404500744,0.060740632346836354,-10.806760411455306,-6.715743979621294,-10.512507999068523,-0.30155845429689543,69.0,950.0,1.0,1.0,0.7187111377716064,0.8023563623428345,0.7500517964363098,0.6287187337875366,7.422424793243408,18.75172996520996,7.4222893714904785,18.7341365814209,-0.08364522457122803,0.1213330626487732,-11.329305171966553,-11.31184720993042,-881.0
84c3b497,0.6819539623967669,0.6465734586293834,0.9593373493975904,3881.0,2821.0,1274.0,0.8260775344411857,0.8081168398543975,0.7985320745907851,0.589783800318073,0.6194887571951608,0.6347722826482185,12.836015049485232,13.835600100357324,11.351157961222128,8.72218268874425,9.0368439664164,8.374996210096002,12.406643738789525,13.25864889705576,11.254740727973603,0.009584765263612405,-0.015283525453057667,2.4844421391351954,0.6618477563203982,2.003908169082157,-0.312763890768207,128.0,715.0,1.0,1.0,0.8970805406570435,0.8232253789901733,0.4536947309970855,0.5946000814437866,11.461509704589844,11.938302993774414,10.899164199829102,11.923468589782717,0.07385516166687012,-0.1409053504467011,-0.4767932891845703,-1.024304389953615,-587.0
85380836,0.4309947643979057,0.3742614949910095,0.9625850340136054,2058.0,1457.0,849.0,0.8013374875478836,0.7577540621274614,0.8185197572548375,0.630337231094779,0.6960545063032615,0.6024620199567148,9.755349054962414,9.499415254034972,10.69136162520944,7.713884349763955,7.647836551425279,8.31894417952848,9.348740252423577,9.35511644493318,9.740392245972505,-0.06076569512737606,0.09359248634654671,-1.1919463711744687,-0.6711076281032007,-0.3852758010393238,-0.5883235390225958,55.0,456.0,1.0,1.0,0.81288743019104,0.8544608950614929,0.611739456653595,0.5395166277885437,8.206151008605957,11.052803993225098,7.840906620025635,9.858603477478027,-0.04157346487045288,0.07222282886505127,-2.8466529846191406,-2.0176968574523926,-401.0
8612b37f,0.7561801557737894,0.7255447380621233,0.9309045226130652,2233.0,1565.0,741.0,0.7029285013418194,0.6394226695510765,0.762831305432014,0.7708067185205129,0.8492082553165902,0.6887215613990693,16.998391271273814,15.831372347989412,19.496102619470168,12.90934410153839,12.304248631805862,14.439631324684768,16.98517542111289,15.605704368762188,19.192022789737425,-0.12340863588093753,0.1604866939175209,-3.6647302714807566,-2.135382692878906,-3.5863184209752372,-0.20535978455094195,92.0,453.0,1.0,1.0,0.7652614712715149,0.8033925294876099,0.6851839423179626,0.6270685195922852,13.794198036193848,21.203107833862305,13.489710807800291,19.015066146850582,-0.03813105821609497,0.05811542272567749,-7.408909797668457,-5.525355339050291,-361.0
861e71df,0.4641613198900091,0.3170303486330574,0.9543596730245232,2532.0,1264.0,1401.0,0.8705575411674229,0.789291606876826,0.899214058201573,0.5088073482814043,0.6491662238951962,0.4489675752176921,12.30586602837597,11.632960469731668,12.887695137098826,8.609612556400867,8.774848812218847,8.561019199059443,11.968154792135318,11.550719790073584,12.124670679935354,-0.10992245132474698,0.2001986486775041,-1.254734667367158,0.21382961315940463,-0.57395088986177,-0.6373293243914657,41.0,1002.0,1.0,0.9871920943260192,0.81508469581604,0.9115641117095948,0.6081370115280151,0.4205612540245056,10.535654067993164,13.354449272155762,10.514376640319824,12.800481796264648,-0.0964794158935548,0.18757575750350952,-2.8187952041625977,-2.286105155944824,-961.0
86454a6f,0.8166758696852567,0.7951967978652434,0.9487179487179488,1479.0,1192.0,296.0,0.6427974029145185,0.6025573597563068,0.6275292370350802,0.8452249370262114,0.8915633911771986,0.8630999512975537,13.261144350655432,12.126711476244736,17.242431497763558,9.50968854835942,9.327923757072377,10.397242197857388,13.09907505711286,12.045202768090324,16.484783061188985,-0.02497187727877348,0.028463439879644947,-5.115720021518822,-1.0693184407850111,-4.439580293098661,-0.15352115085270535,176.0,134.0,1.0,1.0,0.6452549695968628,0.5467085242271423,0.8423123359680176,0.9521464705467224,13.040692329406738,20.2257080078125,12.136960983276367,19.92027473449707,0.09854644536972046,-0.10983413457870483,-7.185015678405762,-7.783313751220703,42.0
8648abae,0.4745645801000172,0.392458447035475,0.9372171945701356,2752.0,1582.0,1657.0,0.7513850687858173,0.6152807626136033,0.7963703589306764,0.7051452775339031,0.8771764216922349,0.6381686941073239,14.857981934563194,12.853369555907948,16.108796686438918,10.588234752582176,9.516427093906724,11.653088669684148,14.808551346684228,12.72282815407356,15.807399545314665,-0.1810895963170731,0.23900772758491096,-3.25542713053097,-2.136661575777424,-3.084571391241104,-0.5447587475346607,43.0,1067.0,1.0,1.0,0.6961448192596436,0.8128675222396851,0.7795578241348267,0.6117720007896423,11.94311809539795,18.038124084472656,11.917551040649414,16.942827224731445,-0.1167227029800415,0.16778582334518433,-6.095005989074707,-5.025276184082031,-1024.0
865033f8,0.776356418173798,0.6900247320692497,0.952561669829222,1760.0,837.0,1004.0,0.7264408955016013,0.8016848521797317,0.6973730070886343,0.7396743939036943,0.6297859125453161,0.777980710443859,19.72121718234073,15.605630020763476,22.759226343279764,14.208650004217851,11.248130046707608,16.844322735093392,19.59078386167417,15.285374595550737,22.72026027894409,0.10431184509109748,-0.14819479789854284,-7.153596322516288,-5.596192688385784,-7.434885683393352,-0.2625369377599722,39.0,701.0,1.0,0.9845505356788636,0.8480902910232544,0.692782998085022,0.5511981844902039,0.7838584184646606,13.61571979522705,24.63351821899414,13.077515602111816,24.596141815185547,0.15530729293823242,-0.2326602339744568,-11.01779842376709,-11.51862621307373,-662.0
87695469,0.4784978800726832,0.3828264758497317,0.9817307692307692,2370.0,1498.0,1021.0,0.7703310490802177,0.8363221244524514,0.7387268838262074,0.6777447173084897,0.5721501123788209,0.7228735936161904,11.137749380197755,7.19565683357748,14.892544430504277,7.189637186216602,5.045166132734841,10.159064572225546,11.134462665406335,7.099389047427789,14.849417745098387,0.09759524062624392,-0.15072348123736956,-7.696887596926796,-5.113898439490705,-7.750028697670598,-0.5989042933810376,53.0,693.0,1.0,1.0,0.8815585970878601,0.7488781809806824,0.4867060780525207,0.7086914777755737,6.113895416259766,16.977449417114258,5.909204483032227,16.94980812072754,0.13268041610717773,-0.22198539972305303,-10.863554000854492,-11.040603637695312,-640.0
877ed19c,0.4952100221075903,0.3456024796590469,0.9503355704697988,2016.0,892.0,1416.0,0.7894556636367819,0.6162857798815989,0.8146866644401756,0.6489134554980628,0.8760299311306675,0.6087911555859274,15.921848231440418,12.181980379530032,17.360230761884885,11.482827684891502,9.425843229580217,12.39725246388348,15.264403403718129,12.121031471064653,16.534302581164205,-0.19840088455857663,0.26723877554474007,-5.178250382354854,-2.9714092343032625,-4.4132711100995525,-0.6047330908107519,26.0,896.0,1.0,0.983534574508667,0.6116130948066711,0.8444621562957764,0.8813477158546448,0.5577415823936462,11.545113563537598,19.627103805541992,11.481865882873535,17.887006759643555,-0.23284906148910522,0.32360613346099854,-8.081990242004395,-6.4051408767700195,-870.0
87aa3730,0.5221115189652159,0.4457355333488264,0.8977433004231312,2987.0,1918.0,1273.0,0.7400348085846914,0.8592592431405724,0.5604694547400306,0.7210619826551787,0.5305483142173342,0.9375825779737692,10.113201809789633,7.113930886570075,13.601357544414444,7.099574649513362,5.667572376349389,9.491322404716184,10.03997211370175,7.079829739329932,13.45015625178064,0.2987897884005418,-0.40703426375643503,-6.487426657844369,-3.8237500283667956,-6.370326512450709,-0.45200776707430484,49.0,726.0,1.0,1.0,0.8718982934951782,0.7725471258163452,0.5061653852462769,0.6744670271873474,6.474931716918945,11.8170747756958,6.398039817810059,11.79649543762207,0.09935116767883301,-0.16830164194107056,-5.3421430587768555,-5.398455619812012,-677.0
884ecb5f,0.4554519554519554,0.3926029093160012,0.9468253968253968,3517.0,2537.0,1193.0,0.8368328614565077,0.8456410495199633,0.8393468504989887,0.5712567523338211,0.555623884439891,0.5668388651124961,7.84187272083295,6.735763088063432,10.16527751861041,5.701308388876495,5.069938476576826,7.474984457184428,7.716316685666104,6.698629216519116,9.5699627778002,0.006294199020974611,-0.01121498067260518,-3.429514430546978,-2.4050459806076026,-2.8713335612810837,-0.5542224875093955,92.0,692.0,1.0,1.0,0.8540615439414978,0.8401066064834595,0.5402563214302063,0.5654969215393066,6.429065227508545,10.777170181274414,6.231535911560059,10.62255573272705,0.01395493745803833,-0.025240600109100342,-4.348104953765869,-4.391019821166992,-600.0
8902c3f6,0.6049417779040045,0.5138509559110418,0.8987473903966597,2130.0,1317.0,861.0,0.7284776912866422,0.467780744498719,0.8883214118799482,0.7369156107904864,1.031716293853384,0.4726067881866527,11.914027165046884,13.370080911202292,9.52341277592072,8.836436418033799,10.06120359458231,7.179669334434745,11.81012492686496,13.145877082042428,9.515596586927671,-0.4205406673812292,0.5591095056667312,3.846668135281572,2.881534260147564,3.630280495114757,-0.38489643448561794,44.0,530.0,1.0,1.0,0.5187435150146484,0.9041094779968262,0.9810774326324464,0.4379281401634216,11.570804595947266,9.839754104614258,11.47105312347412,9.77017593383789,-0.38536596298217773,0.5431492924690249,1.7310504913330078,1.7008771896362287,-486.0
896d15b9,0.8591800356506238,0.8291839557399724,0.962406015037594,1928.0,1199.0,768.0,0.8356700024726101,0.8765466100999691,0.8067590732532701,0.5732887536440775,0.4968971521351895,0.6216766470549298,12.44614659043271,10.541920610866722,14.886211657655991,8.286504547178916,7.638598790440317,9.288315660853778,12.326263909242584,10.008621836650205,14.87120063735537,0.06978753684669903,-0.12477949491974027,-4.3442910467892695,-1.649716870413461,-4.862578800705165,-0.13322205929762165,98.0,515.0,1.0,1.0,0.8455780148506165,0.8024583458900452,0.555737316608429,0.6285565495491028,10.35541820526123,15.39685344696045,9.556825637817385,15.045580863952637,0.04311966896057129,-0.07281923294067383,-5.041435241699219,-5.488755226135252,-417.0
8995c945,0.439917695473251,0.3564054831612794,0.9659666908037654,3207.0,2106.0,1334.0,0.8244928341823614,0.5935700291249667,0.8732861126542328,0.5924646247965166,0.901587456517706,0.5034161049187186,16.54520728366017,13.44147502109842,20.26416512580684,11.948453843415852,10.703045104252196,13.919296507533977,16.367635560180013,13.322766150331304,19.771336515902423,-0.27971608352926614,0.3981713515989874,-6.822690104708421,-3.216251403281781,-6.448570365571118,-0.609561207642486,60.0,857.0,1.0,1.0,0.7108807563781738,0.8841619491577148,0.7604199647903442,0.4813274443149566,12.170404434204102,23.27302360534668,11.83913516998291,23.02639579772949,-0.17328119277954102,0.27909252047538763,-11.102619171142578,-11.187260627746578,-797.0
89969c7a,0.6121541501976284,0.530238640078457,0.9969666329625884,2478.0,1622.0,986.0,0.8777959222480948,0.6338382629448842,0.9128533421218288,0.4943765321127313,0.8557590046912925,0.4174845096004673,10.123843177466606,8.49817003281112,12.737813656636076,7.462916868210319,6.629692666999731,9.210745845935463,10.123400065036508,8.496497813715662,12.654128463352302,-0.27901507917694457,0.4382744950908252,-4.239643623824957,-2.581053178935732,-4.157630649636641,-0.46672799288413136,51.0,815.0,1.0,1.0,0.7256686091423035,0.920139729976654,0.7407177686691284,0.399650514125824,6.960497856140137,13.25210952758789,6.918726444244385,13.2481050491333,-0.19447112083435059,0.34106725454330444,-6.291611671447754,-6.329378604888916,-764.0
89f1085d,0.5775171065493646,0.4978787122535563,0.9115523465703972,2954.0,1995.0,1010.0,0.5240830632831509,0.6003052144200776,0.4840087028385509,0.9756197381324848,0.8940858857849423,1.0158654410515686,16.318569349489206,13.869823494349497,20.278113779930383,12.391226741466554,10.666910599674456,15.80885307056599,16.30263560295028,13.659660783979426,18.99988695960404,0.11629651158152665,-0.12177955526662632,-6.408290285580886,-5.141942470891534,-5.340226175624615,-0.4136736343168409,88.0,490.0,1.0,1.0,0.5773278474807739,0.5737457871437073,0.9194260835647584,0.923313856124878,14.232745170593262,22.499727249145508,14.229389190673828,20.189727783203125,0.0035820603370666504,-0.003887772560119629,-8.266982078552246,-5.960338592529297,-402.0
89f36adf,0.5789641943734015,0.4415458937198067,0.9631379962192816,1811.0,914.0,1019.0,0.7713904601987649,0.5053403114004283,0.7907570502149258,0.6761797687024289,0.9946453524745106,0.6469048612973537,13.155518124829046,10.719129456635695,14.764576043559511,9.178859471862678,8.314132032322567,9.90199004506503,13.061762597753878,10.513673913343832,14.704368727956506,-0.2854167388144975,0.3477404911771569,-4.045446586923816,-1.5878580127424637,-4.190694814612675,-0.521592102499475,38.0,771.0,1.0,1.0,0.7883781790733337,0.8028624653816223,0.6505717635154724,0.627913236618042,8.492159843444824,15.847031593322754,8.078847885131836,15.761661529541016,-0.014484286308288574,0.02265852689743042,-7.35487174987793,-7.68281364440918,-733.0
89fdb2f2,0.6691767068273092,0.4285714285714285,0.9541547277936964,1333.0,405.0,999.0,0.841015060390025,0.6604004047495124,0.842695638962208,0.5638881797129196,0.8241354200014552,0.5608999216220163,13.35915462955778,4.411105786153498,15.243624986459857,7.289777037073247,3.501464721677857,8.614031153539868,13.3591454353889,4.28640911427705,15.240679046290648,-0.18229523421269556,0.26323549837943894,-10.832519200306358,-5.11256643186201,-10.954269932013599,-0.5255832992222679,13.0,649.0,1.0,1.0,0.8885986804962158,0.8434796929359436,0.4720197319984436,0.5595003366470337,3.0004007816314697,16.28057098388672,2.847635507583618,16.22956657409668,0.04511898756027222,-0.08748060464859009,-13.280170202255249,-13.381931066513062,-636.0
8a3da6d1,0.6648936170212766,0.5800726099233562,0.9539422326307572,2500.0,1438.0,1222.0,0.7556575187094748,0.6561860225882171,0.8610714946926186,0.6990600564908929,0.8292333536608171,0.5271214382044833,18.27626778011673,20.596740445238492,14.885196516062743,12.866446048172984,14.659217399060708,10.923724137722104,17.096826072642916,19.487280804544664,13.045903932175216,-0.20488547210440144,0.30211191545633376,5.711543929175749,3.735493261338604,6.441376872369448,-0.373869622707401,52.0,911.0,1.0,1.0,0.7163174748420715,0.877818763256073,0.7532364130020142,0.4943303167819977,16.530275344848633,14.822365760803224,14.99806308746338,13.730337142944336,-0.16150128841400146,0.2589060962200165,1.7079095840454084,1.2677259445190447,-859.0
8a89da23,0.5275490816972768,0.4048401553630116,0.8697841726618705,2499.0,1355.0,1209.0,0.8559956271679072,0.8768323539105701,0.8433194496852491,0.5366644628296022,0.4963217627495894,0.5597866563517764,8.750089145893313,6.131488368857017,10.932350144456295,5.696491221278862,4.676467071882148,6.907355157529184,8.74634058111475,6.111696969978537,10.93128237753579,0.03351290422532105,-0.06346489360218699,-4.800861775599278,-2.2308880856470363,-4.819585407557254,-0.46494401729885887,76.0,676.0,1.0,1.0,0.941336154937744,0.8526113629341125,0.3425312936306,0.5429339408874512,5.235490798950195,13.123616218566896,4.970836639404297,13.072507858276367,0.08872479200363148,-0.2004026472568512,-7.888125419616701,-8.10167121887207,-600.0
8a9c8932,0.2687231936654569,0.1803683737646002,0.7180124223602484,1629.0,803.0,1156.0,0.6582726755143709,0.704450260552339,0.6553885201272429,0.8267131600327035,0.7688299414664612,0.8301945312669279,15.393657132918564,11.9819847950949,16.15962381031033,10.096154402142282,8.464598163265192,10.613038066097136,15.392915613770734,11.921197210662545,16.14818269525087,0.049061740425096034,-0.06136458980046666,-4.177639015215428,-2.148439902831944,-4.226985484588326,-0.5376440485956482,20.0,738.0,1.0,1.0,0.852029025554657,0.6286986470222473,0.5440054535865784,0.8617439866065979,15.358680725097656,19.532752990722656,14.89130687713623,19.35533142089844,0.22333037853240967,-0.31773853302001953,-4.174072265625,-4.464024543762211,-718.0
8ac2f237,0.538961038961039,0.5300353356890459,0.8602620087336245,3486.0,2700.0,1182.0,0.7596720506368152,0.6997961459066728,0.8089674684366062,0.693293515566365,0.7748597990518378,0.6181141182069761,12.920010618808076,12.05838410991726,15.420252203173598,9.623063939093209,9.3779625592491,11.052759692890268,12.889414684622183,12.024987114860489,15.394094596094966,-0.10917132252993333,0.15674568084486162,-3.361868093256339,-1.6747971336411673,-3.3691074812344777,-0.33022667304457853,92.0,632.0,1.0,0.9783281683921814,0.7158752679824829,0.8207504153251648,0.7538232207298279,0.5987480282783508,12.181653022766112,17.129671096801758,12.178318977355955,17.112232208251953,-0.10487514734268188,0.15507519245147705,-4.948018074035646,-4.933913230895998,-540.0
8b12bab6,0.6954719387755102,0.6213369963369964,0.9506302521008404,2181.0,1357.0,905.0,0.7330496481293016,0.6568246036192233,0.7634250260402885,0.7306850920481386,0.8284629097078235,0.6878589593219114,17.56471071936575,14.057299780428224,21.81477478476665,12.558926611690758,10.988317749132872,15.065754441771452,17.54465324222423,13.817605880646138,21.039672157437323,-0.10660042242106516,0.1406039503859121,-7.757475004338428,-4.07743669263858,-7.222066276791185,-0.32929325576384405,64.0,652.0,1.0,1.0,0.7335090041160583,0.8073489665985107,0.7300561666488647,0.6207270622253418,13.701333999633787,22.104047775268555,13.154668807983398,20.52632522583008,-0.07383996248245239,0.10932910442352295,-8.402713775634767,-7.371656417846683,-588.0
8b5be31b,0.6578207930065564,0.5708003518029904,0.9569429494079656,2107.0,1298.0,889.0,0.8661534910739895,0.8058603148497694,0.8883636003199441,0.5173905853917531,0.6231206707375877,0.4725175122258558,9.648058298778151,8.324348616697506,11.407777089259769,7.292614964492804,6.512180081915879,8.531823460602387,9.647398018766298,8.322635112107688,11.386995652080444,-0.08250328547017471,0.1506031585117319,-3.0834284725622627,-2.0196433786865082,-3.064360539972755,-0.38614259760497527,38.0,613.0,0.5846154093742371,0.9638364911079408,0.863761842250824,0.9093204140663148,0.5219926238059998,0.4258628487586975,6.848213195800781,12.087297439575195,6.805862903594971,12.06630039215088,-0.045558571815490834,0.09612977504730225,-5.239084243774414,-5.26043748855591,-575.0
8b95d6d1,0.7733012627781118,0.5855181023720349,0.9698375870069604,1286.0,469.0,836.0,0.7995919828474073,0.4175866274093069,0.8455757594144476,0.6331003351011476,1.0792713955170803,0.5557413797542026,11.99712531817033,13.192740234581768,11.255886606747271,9.080311559008974,10.420942314520168,8.305156611430329,11.9613292292113,13.16883557418634,11.208375441007783,-0.4279891320051407,0.5235300157628777,1.9368536278344965,2.1157857030898395,1.9604601331785574,-0.3843194846349255,34.0,621.0,1.0,1.0,0.3439091444015503,0.8712874054908752,1.1455049514770508,0.5073708891868591,13.219929695129396,11.065898895263672,12.949362754821776,11.06584358215332,-0.527378261089325,0.6381340622901917,2.1540307998657244,1.8835191726684553,-587.0
8b9d8326,0.6150600454397923,0.4858356940509915,0.9698857736240912,1895.0,1029.0,934.0,0.7898992308335693,0.6389819750631086,0.8399250228356456,0.6482295413916751,0.8497270443346986,0.5658179515786935,13.44480854369872,12.702960577039333,14.36670901459864,10.043505339356113,9.925951821134406,10.323084993249426,13.363735967722867,12.654838549186994,14.225479597833557,-0.20094304777253702,0.28390909275600507,-1.663748437559308,-0.3971331721150193,-1.5706410486465625,-0.48405007957309976,45.0,727.0,1.0,1.0,0.7531564235687256,0.8572953343391418,0.7026287317276001,0.5342371463775635,9.817501068115234,14.636353492736816,9.536100387573242,14.63577938079834,-0.10413891077041626,0.16839158535003662,-4.818852424621582,-5.099678993225098,-682.0
8bb9c1e6,0.391829484902309,0.2838548185231539,0.8250764525993883,2206.0,1134.0,1349.0,0.8440034642482566,0.8215752307113762,0.8548287230716147,0.558563399717066,0.5973688463397198,0.5388344401175287,9.726635795687168,7.073973079958253,11.277629118470347,6.981735330215648,5.359901410603962,8.276929509484912,9.709593664116808,7.023149508455863,11.277292258308975,-0.03325349236023856,0.05853440622219108,-4.2036560385120945,-2.91702809888095,-4.254142749853112,-0.5412216340762344,29.0,902.0,1.0,1.0,0.8626473546028137,0.8675281405448914,0.5241233706474304,0.5147268176078796,6.038490295410156,12.495631217956545,5.855190277099609,12.478042602539062,-0.004880785942077637,0.009396553039550781,-6.4571409225463885,-6.622852325439453,-873.0
8bda1a11,0.6807965860597439,0.6454948301329394,0.9491945477075588,2393.0,1748.0,766.0,0.6996005593436323,0.6950276218255693,0.7169261453473534,0.7751121733741094,0.780989600666271,0.752427876480725,14.269075843120255,12.66741350716255,17.406073074030555,10.772060992752705,10.07340108791947,12.428261051010612,14.200556192785507,12.427376407898851,17.373336870046046,-0.02189852352178412,0.028561724185546034,-4.738659566868005,-2.354859963091142,-4.945960462147195,-0.30369971757461944,94.0,468.0,1.0,1.0,0.7912728190422058,0.7195038795471191,0.6461070775985718,0.7489941716194153,9.075187683105469,20.057716369628903,8.86046314239502,19.657384872436523,0.07176893949508667,-0.1028870940208435,-10.982528686523434,-10.796921730041504,-374.0
8bfa881d,0.7918270654427007,0.7938517179023508,0.8506437768240344,2674.0,1756.0,991.0,0.7419106911489121,0.7802588513635961,0.7196719340781287,0.7184557172868595,0.662934610103295,0.748769745545146,14.394430462853398,9.94545486919474,19.83884752396281,10.12731757067175,7.826698038561016,14.095498193128307,14.349853350479528,9.916710286376317,19.759660427671445,0.06058691728546739,-0.08583513544185095,-9.893392654768068,-6.268800154567291,-9.842950141295129,-0.0567920589216836,115.0,738.0,1.0,1.0,0.8471949100494385,0.7145314812660217,0.5528202056884766,0.7556037306785583,8.509329795837402,22.00101661682129,8.498135566711426,21.93975830078125,0.13266342878341675,-0.2027835249900818,-13.491686820983887,-13.441622734069824,-623.0
8c167025,0.4842736705577172,0.4242749731471536,0.8301387970918704,2987.0,1975.0,1256.0,0.7578099601286579,0.604743581780543,0.8336156691976012,0.6959741947390609,0.889107887963499,0.5768610418504595,12.527065573072422,12.746411686477256,12.420703167625138,10.035306717004596,10.270019071712074,9.840583812508028,10.8876772846446,10.887988646475725,11.386220827237183,-0.22887208741705822,0.31224684611303954,0.3257085188521174,0.42943525920404646,-0.4982321807614589,-0.4058638239447168,62.0,755.0,1.0,1.0,0.6020318865776062,0.8981047868728638,0.8921526074409485,0.451431542634964,12.554117202758787,11.809189796447754,10.413055419921877,10.206439018249512,-0.29607290029525757,0.4407210648059845,0.7449274063110334,0.20661640167236506,-693.0
8c8348e8,0.546627708789871,0.4749350167099888,0.8939179632248939,2245.0,1279.0,1264.0,0.7368211649203069,0.7661759931249086,0.6838119842867627,0.7255051138065025,0.6838479463668681,0.7952207438356186,14.89365962720783,6.803765285062021,19.33597100624613,9.184783190375573,5.426474126537268,12.869583676531796,14.86487224309641,6.643807532667053,19.32546087033711,0.08236400883814587,-0.1113727974687505,-12.53220572118411,-7.443109549994529,-12.681653337670056,-0.41898294651490514,25.0,745.0,0.6410256624221802,0.988063633441925,0.8529781699180603,0.6836420893669128,0.5422579050064087,0.7954343557357788,5.095708847045898,22.690269470214844,5.027900695800781,22.689329147338867,0.16933608055114746,-0.2531764507293701,-17.594560623168945,-17.661428451538086,-720.0
8cc21f01,0.5902055315909668,0.5149451381006432,0.9414483821263482,2326.0,1361.0,1222.0,0.6199307740492735,0.3751593079440286,0.8260934275347153,0.8718591927034164,1.1178914903119814,0.5897568523811906,18.01444012670242,17.620141002631364,17.34004689731275,13.481455046009875,12.975172329556097,13.034306958742189,18.009450010233433,16.114160636135704,14.859151490002452,-0.4509341195906867,0.5281346379307909,0.28009410531861434,-0.059134629186091914,1.2550091461332524,-0.42650324402570494,39.0,772.0,1.0,1.0,0.4008120894432068,0.816014289855957,1.0947035551071167,0.6066064834594727,16.06487274169922,20.3393497467041,14.951434135437012,16.411497116088867,-0.41520220041275024,0.48809707164764404,-4.274477005004883,-1.4600629806518555,-733.0
8cc800b3,0.3338491295938104,0.2477441823650467,0.9242002781641168,2589.0,1565.0,1329.0,0.8181155732987395,0.5405130094836637,0.8652101242685155,0.6031325338617716,0.9586313060987904,0.5192107004511454,10.805401136978492,9.576445206272878,11.950792861587118,7.813290560192541,7.577331792892656,8.079790123097633,10.8023344394556,9.463284756656206,11.936169614227008,-0.32469711478485186,0.43942060564764507,-2.3743476553142404,-0.502458330204977,-2.4728848575708025,-0.6764560957990701,42.0,730.0,1.0,1.0,0.5025010108947754,0.8926106095314026,0.9974958300590516,0.463442325592041,9.603678703308104,13.983698844909668,9.492831230163574,13.773436546325684,-0.3901095986366272,0.5340535044670106,-4.380020141601564,-4.280605316162109,-688.0
8d5d46d7,0.5263634716434137,0.4685230024213075,0.8322534197264219,2905.0,1935.0,1156.0,0.807446721116406,0.7775656821758266,0.8244623826228075,0.6205695430547554,0.6669847341943793,0.5925160206731841,8.92129720098384,6.480404540695885,11.821195086294033,6.392151713269835,5.154878196580956,8.424845164395629,8.91688324927465,6.48020534437036,11.814565257070056,-0.04689670044698091,0.07446871352119522,-5.340790545598148,-3.269966967814673,-5.3343599126996954,-0.36373041730511435,54.0,715.0,1.0,1.0,0.9010027050971984,0.7740617990493774,0.4449658393859863,0.6722175478935242,5.758648872375488,14.118578910827637,5.746094226837158,14.050246238708496,0.12694090604782093,-0.2272517085075379,-8.359930038452148,-8.304152011871338,-661.0
8d92cb49,0.5782575173477256,0.4746676248652533,0.9259927797833934,2250.0,1321.0,1026.0,0.8115740797490656,0.7989020004340944,0.7799538156308947,0.6138825950471872,0.6341892455188839,0.6633945799734955,11.251019443315757,8.372499532292593,14.24652128188052,7.933209058138126,6.407732377835148,10.073732210305424,11.233897422007605,8.347240496312738,14.094094803922507,0.018948184803199708,-0.029205334454611598,-5.874021749587927,-3.665999832470276,-5.74685430760977,-0.4513251549181401,47.0,588.0,1.0,1.0,0.8310754299163818,0.7687433362007141,0.5812479257583618,0.6800833344459534,7.420858860015869,15.510228157043455,7.419821262359619,14.952940940856934,0.062332093715667725,-0.09883540868759155,-8.089369297027586,-7.5331196784973145,-541.0
8f201368,0.6047732696897374,0.5349127182044888,0.9674134419551936,2534.0,1716.0,950.0,0.8105201259653615,0.8288492841126626,0.7891181427111779,0.6155970663260807,0.5850653226560901,0.6494333796300005,9.149192770476487,8.077124478017618,10.775089434502789,6.565307210468882,6.1598478326645,7.3775685067173375,8.974307849279297,7.914859041476681,10.532802063648186,0.039731141401484704,-0.06436805697391035,-2.697964956485171,-1.2177206740528375,-2.617943022171505,-0.4325007237507048,92.0,552.0,1.0,1.0,0.8215363025665283,0.8204569220542908,0.5974339842796326,0.5992379784584045,7.856906414031982,11.512989044189451,7.479142189025879,11.419569969177246,0.0010793805122375488,-0.0018039941787719727,-3.656082630157469,-3.940427780151367,-460.0
90386ee4,0.6382182930975858,0.4664921465968586,0.959262851600388,1877.0,891.0,989.0,0.7398915449275896,0.7928156757680719,0.7361904699130402,0.7212606395366524,0.6437147259958065,0.7263739120961873,13.156837896078262,11.626403559043242,14.387941590913533,9.163138457203274,9.046175006554671,9.261128835063024,13.12434519556298,11.231191239926124,14.357380669606403,0.056625205855031724,-0.08265918610038081,-2.761538031870291,-0.21495382850835298,-3.126189429680279,-0.49277070500352943,46.0,627.0,1.0,1.0,0.8303013443946838,0.7483199238777161,0.582578182220459,0.7094787955284119,10.236205101013184,16.935802459716797,9.401872634887695,16.74176788330078,0.08198142051696777,-0.12690061330795288,-6.699597358703613,-7.339895248413086,-581.0
91abc4c7,0.5847935847935848,0.4857142857142857,0.9423076923076924,1969.0,1105.0,1029.0,0.7686362702113757,0.7891708139016731,0.751248653767466,0.6802407364876413,0.6493522712647225,0.7053387076185937,11.939313261471536,8.626559024590247,14.66184259017705,8.494617208400964,6.857240068872355,10.344187840702867,11.927861168687766,8.510184741820764,14.50945962710289,0.03792216013420713,-0.05598643635387124,-6.035283565586804,-3.486947771830512,-5.9992748852821265,-0.4565934065934067,23.0,333.0,0.5,0.49479940533638,0.9282900094985962,0.7944470047950745,0.3787083029747009,0.6411754488945007,5.202554702758789,16.368000030517578,5.136155128479004,16.037721633911133,0.13384300470352173,-0.2624671459197998,-11.165445327758789,-10.901566505432129,-310.0
91b301ce,0.6753175795656331,0.651685393258427,0.9445740956826136,4944.0,3654.0,1619.0,0.7382413393305745,0.6862847354876064,0.7999237588647221,0.7235449684289506,0.7921051249832861,0.6325760683669244,10.87331937305864,10.41752579316327,12.127238921216817,7.729508205649267,7.434766282905286,8.757987788972581,10.816741305302465,10.416349821413156,11.537992723505596,-0.11363902337711573,0.15952905661636174,-1.7097131280535471,-1.3232215060672958,-1.1216429020924394,-0.29288870242418663,244.0,883.0,1.0,1.0,0.6447182297706604,0.8641989231109619,0.8429493308067322,0.5211546421051025,11.720358848571776,12.43374252319336,11.680891036987305,11.565095901489258,-0.2194806933403015,0.32179468870162964,-0.7133836746215838,0.11579513549804688,-639.0
91db7070,0.7207433450527373,0.6425939572586588,0.88801261829653,2870.0,1744.0,1126.0,0.6730286513421265,0.4802378009413227,0.8413895728761518,0.8086672352183851,1.019570693045536,0.5632236272100953,19.001490557604736,21.27430629057773,14.807976163776145,13.033680404806873,14.627754437014516,10.564706060073194,18.998223727282756,21.24296076165369,14.562317419682744,-0.3611517719348291,0.4563470658354406,6.466330126801585,4.063048376941323,6.6806433419709474,-0.24541866103787124,125.0,756.0,1.0,1.0,0.5588695406913757,0.8641696572303772,0.9392874240875244,0.521210789680481,16.929441452026367,15.517484664916992,16.718687057495117,14.928704261779783,-0.30530011653900146,0.41807663440704346,1.411956787109375,1.7899827957153338,-631.0
925a7cd1,0.3575091575091575,0.2239806866952789,0.875866050808314,1952.0,835.0,1517.0,0.9263499518764452,0.411957622285115,0.9249505432151176,0.3837969466359911,1.08447441437305,0.3874260104455621,12.41700698655556,8.908659452838371,13.07728059760189,9.048172014236105,7.265459964711323,9.310060804810828,12.416999094444863,8.672207508147737,13.07281675837631,-0.5129929209300026,0.697048403927488,-4.168621144763518,-2.0446008400995046,-4.400609250228573,-0.6518853641130351,21.0,856.0,1.0,1.0,0.6066216230392456,0.8437005877494812,0.8869931101799011,0.559105396270752,7.902446746826172,15.618330001831056,7.82752513885498,15.509478569030762,-0.2370789647102356,0.32788771390914917,-7.715883255004885,-7.681953430175782,-835.0
9283ae69,0.5316265060240963,0.3544364508393285,0.9352226720647774,1765.0,739.0,1155.0,0.7642164052672685,0.4865955876766567,0.7904334239590013,0.6867074992057848,1.0133157576228085,0.6474049367142619,11.86806934440856,9.832411679024071,13.09885904961276,8.677970130402334,8.155489889437435,9.232608217061328,11.816657761255158,9.736144944933256,13.006572615925451,-0.30383783628234456,0.36591082090854654,-3.266447370588688,-1.077118327623893,-3.270427670992195,-0.5807862212254489,28.0,781.0,1.0,1.0,0.7645339965820312,0.8223916888237,0.6862448453903198,0.5960004925727844,9.293214797973633,13.759178161621094,8.653400421142578,13.7398042678833,-0.0578576922416687,0.0902443528175354,-4.465963363647461,-5.086403846740723,-753.0
9298ad5b,0.7398425196850393,0.6800202839756593,0.8744804655029094,2349.0,1341.0,1052.0,0.8253658105086665,0.8134885794804341,0.8228254862452026,0.5909893222239019,0.6107559586603571,0.5952722297483689,17.653766390518367,12.70858061270688,22.551246220303355,12.809374209041216,9.924175017063176,16.725278765125868,17.635607239036876,12.687492204442472,22.54886471033417,-0.009336906764768504,0.015483728911988237,-9.842665607596475,-6.801103748062692,-9.861372505891696,-0.1944601815272501,86.0,774.0,1.0,1.0,0.7871909141540527,0.8486890196800232,0.65239417552948,0.5501108765602112,13.27427577972412,24.074337005615234,13.197554588317873,24.038068771362305,-0.06149810552597046,0.1022832989692688,-10.800061225891115,-10.840514183044432,-688.0
9314ff13,0.522827346465817,0.4586180713743356,0.8774538964901845,2256.0,1208.0,1475.0,0.8026537422359329,0.6178416983412729,0.8123858416420415,0.6282455853630284,0.87425202505768,0.6125588271471704,12.883447930356176,8.840123771880227,14.80933904375454,8.192825292970264,7.0775788447797785,9.042484772404936,12.744966828780854,8.839976863712566,14.600831032921162,-0.19454414330076863,0.2616931979105096,-5.969215271874312,-1.964905927625158,-5.760854169208596,-0.4188358251158489,31.0,800.0,1.0,1.0,0.707775354385376,0.812345564365387,0.7644928097724915,0.6126245856285095,7.444756507873535,18.53793334960937,7.444555759429932,17.813249588012695,-0.10457020998001099,0.15186822414398193,-11.093176841735836,-10.368693828582764,-769.0
93209a3d,0.6466575716234653,0.5078277886497065,0.9662162162162162,1896.0,1038.0,858.0,0.8546312210474635,0.8436853948428605,0.8375953319806807,0.53920085117243,0.5591325516496772,0.5699204646603231,13.748852910337243,11.641344198312725,15.93006293166801,10.43814524684734,9.264541370565768,11.85795972654463,13.73995421292186,11.585920712736762,15.738102842762936,0.006090062862179835,-0.010787913010645855,-4.288718733355285,-2.593418355978862,-4.1521821300261745,-0.45838842756650977,37.0,520.0,1.0,1.0,0.8909848928451538,0.8310959935188293,0.4669370651245117,0.5812125205993652,10.954991340637209,18.885231018066406,10.953853607177734,17.185514450073242,0.05988889932632446,-0.11427545547485352,-7.930239677429197,-6.231660842895508,-483.0
939d9c34,0.7546575701915508,0.7041276448144295,0.9935344827586208,2876.0,2030.0,922.0,0.7789362077854984,0.772083735759272,0.8337313253649697,0.6649267511756488,0.6751537073003865,0.5766605147485482,15.20417281301514,12.707504622068171,19.530178400328023,11.198646751503516,9.563003017501533,14.808756336199252,15.1970221129297,12.303855252646777,17.794455410584835,-0.06164758960569772,0.0984931925518383,-6.822673778259851,-5.245753318697719,-5.490600157938058,-0.2894068379441913,136.0,790.0,1.0,1.0,0.8129969835281372,0.8436479568481445,0.6115603446960449,0.5591995120048523,13.318358421325684,20.433528900146484,12.481534957885742,17.89251136779785,-0.030650973320007324,0.05236083269119263,-7.115170478820801,-5.410976409912109,-654.0
93f5d2e6,0.5880416895227647,0.5419722901385493,0.8766778523489933,2144.0,1330.0,1045.0,0.7804251256946584,0.6816726009185663,0.8652975753692931,0.6626837470548702,0.7979065096631731,0.5190422422707172,10.422827424236836,11.36609647976862,8.99539696647933,7.800091228740585,8.862564966410613,6.4435076119864805,10.324956827113164,10.907885541224625,8.982756605152074,-0.18362497445072679,0.27886426739245596,2.3706995132892903,2.4190573544241323,1.92512893607255,-0.334705562210444,97.0,624.0,1.0,1.0,0.7380936741828918,0.8774258494377136,0.723749041557312,0.4951245188713074,10.320196151733398,9.829190254211426,9.92642593383789,9.538922309875488,-0.13933217525482178,0.22862452268600464,0.49100589752197266,0.38750362396240234,-527.0
940a48d9,0.5709297250109122,0.518956627236882,0.9245136186770428,2616.0,1711.0,1188.0,0.8638695252848773,0.5244672083240336,0.9210500569666328,0.521786306288547,0.9752259140075866,0.3973661863655923,10.330751721123116,10.047089487405067,10.844812238678047,8.061855186695626,8.127583828151199,8.107247825567715,10.316167464340584,9.967705312913491,10.827165844516845,-0.3965828486425992,0.5778597276419943,-0.7977227512729801,0.020336002583484003,-0.8594605316033537,-0.4055569914401609,50.0,796.0,1.0,1.0,0.6189910769462585,0.9362271428108216,0.8729363083839417,0.3571354150772095,8.456358909606934,11.475558280944824,8.425448417663574,11.443291664123535,-0.3172360658645631,0.5158008933067322,-3.0191993713378906,-3.017843246459961,-746.0
940e709a,0.6071428571428571,0.4520348837209302,0.9702970297029704,1989.0,933.0,1176.0,0.6353843473812797,0.6751466339732052,0.6380806089493942,0.8539504114627737,0.8060438772508539,0.8507871544053844,14.821194031098546,9.957058391297078,17.42179409061688,9.458856688586827,8.180946721336225,10.3356331855521,14.819598482502334,9.65299993182382,17.27013212555798,0.037066025023810956,-0.044743277154530525,-7.464735699319803,-2.1546864642158745,-7.617132193734159,-0.5182621459820402,26.0,780.0,1.0,1.0,0.6782395839691162,0.595634400844574,0.8021975159645081,0.8992948532104492,10.496278762817385,20.7448787689209,10.354696273803713,20.330224990844727,0.08260518312454224,-0.09709733724594116,-10.248600006103514,-9.975528717041014,-754.0
9426ec1e,0.577331759149941,0.4951094550535631,0.8976631748589847,1956.0,1063.0,1114.0,0.8021975006328493,0.6853916452009641,0.7948113371699482,0.6289713814906854,0.7932318132791144,0.6406069978232392,12.43955588352996,9.507497427433544,14.564345336977564,8.65420174547286,7.431043469136112,9.955352013626408,12.438630029299365,9.424466349172022,14.506459947641153,-0.10941969196898416,0.15262481545587525,-5.05684790954402,-2.524308544490296,-5.081993598469131,-0.40255371980542165,37.0,635.0,1.0,1.0,0.8582853078842163,0.7990117073059082,0.5323808789253235,0.634016215801239,7.74465799331665,15.715983390808104,7.24565839767456,15.108027458190918,0.059273600578308105,-0.10163533687591553,-7.971325397491453,-7.862369060516358,-598.0
94467f50,0.5833770319874148,0.496618765849535,0.863950276243094,2225.0,1175.0,1251.0,0.7884894639079396,0.8388117624495339,0.7834379192635036,0.6504007012481773,0.5677820665545295,0.6581216919939601,13.313954233564688,10.57292478497006,15.525124542773032,9.454286999759749,8.335275705755308,10.79087756541028,12.857451339488494,10.524382613007266,14.50226717622377,0.055373843186030336,-0.09033962543943064,-4.952199757802973,-2.4556018596549727,-3.977884563216504,-0.36733151039355894,85.0,826.0,1.0,1.0,0.7967487573623657,0.8317422866821289,0.6375754475593567,0.5800995230674744,8.864917755126953,16.122562408447266,8.223905563354492,14.858119010925291,-0.034993529319763184,0.057475924491882324,-7.2576446533203125,-6.634213447570799,-741.0
944f36b9,0.4238788355625492,0.2799589427764947,0.924178601516428,2155.0,1091.0,1097.0,0.7252968122395356,0.4111707017285065,0.7993587341580458,0.7412195191176018,1.0851997956795731,0.6334686509085579,10.88177769736901,9.536141091083133,12.084816764053048,8.231840051237231,7.617982383007651,8.908404711219758,10.716613419192534,9.534606861649896,11.475015947041255,-0.3881880324295393,0.4517311447710153,-2.5486756729699156,-1.2904223282121068,-1.9404090853913587,-0.6442196587399334,25.0,652.0,1.0,1.0,0.3971552550792694,0.7938640117645264,1.098038911819458,0.6420840620994568,9.473021507263184,11.77768898010254,9.47017765045166,11.481596946716309,-0.39670875668525696,0.4559548497200012,-2.3046674728393572,-2.0114192962646484,-627.0
94d813a4,0.6791399627868514,0.6042208730847065,0.9920174165457184,3285.0,2090.0,1367.0,0.7637604928453302,0.6963792081374104,0.797765117178493,0.687371089230075,0.7792570716555476,0.6359793751710932,12.050767226431512,10.557953301048329,14.019744769685463,9.038341157267569,8.286630786790413,10.26939171356162,12.03904667377706,10.453252028725885,14.009543811906196,-0.10138590904108258,0.14327769648445443,-3.4617914686371343,-1.9827609267712063,-3.5562917831803116,-0.3877965434610119,114.0,862.0,1.0,1.0,0.5893317461013794,0.8225972056388855,0.9062761664390564,0.595655620098114,12.104443550109863,14.903517723083496,12.07672119140625,14.739676475524902,-0.2332654595375061,0.3106205463409424,-2.799074172973633,-2.6629552841186523,-748.0
95b559e7,0.761478163493841,0.685700099304866,0.8594351732991015,2720.0,1381.0,1339.0,0.8541339651297881,0.827960467321,0.8931699819000889,0.5401222729534709,0.5865825307303312,0.4622337462797607,9.868528196364348,8.489068294784094,11.113313347775833,7.3697621531240305,6.6367818705206485,8.12573360217203,9.57368048123372,8.47921087600511,10.18705021228528,-0.06520951457908886,0.12434878445057046,-2.624245052991739,-1.4889517316513814,-1.7078393362801698,-0.1737350739942355,57.0,875.0,1.0,1.0,0.8482335805892944,0.8906014561653137,0.5509381294250488,0.4677575230598449,6.740856170654297,12.161202430725098,6.700377941131592,10.996329307556152,-0.04236787557601929,0.08318060636520391,-5.420346260070801,-4.2959513664245605,-818.0
95c8427f,0.5484067693245922,0.4689287827973959,0.9483221476510068,3597.0,2377.0,1413.0,0.8663313267643824,0.8571077359909491,0.8771688769574244,0.5170467546278916,0.5345881854456772,0.4956432649448101,13.168912304976033,11.369238714651134,15.640778787058723,9.599629431839782,8.597182251753443,11.330586975189387,13.168149664918715,11.209145004126958,15.34123501975844,-0.020061140966475266,0.03894492050086712,-4.271540072407589,-2.733404723435944,-4.132090015631482,-0.47939336485361084,81.0,933.0,1.0,0.9790136218070984,0.8618221879005432,0.8897717595100403,0.5256953835487366,0.469527930021286,10.77534294128418,17.605539321899414,10.420024871826172,16.35832405090332,-0.02794957160949707,0.05616745352745056,-6.830196380615234,-5.938299179077148,-852.0
96936c22,0.4785662387987406,0.3653053578119146,0.8890410958904109,1976.0,975.0,1298.0,0.951663169215628,0.7158854566939983,0.9427659814932406,0.310923883882766,0.7538097151217962,0.338331253379759,9.959571556125622,6.639526237506331,11.496511322159666,6.583605594287621,5.162320130525518,7.596123084919236,9.959528271212292,6.467670281332181,11.475738008472485,-0.22688052479924237,0.4154784617420372,-4.856985084653335,-2.433802954393718,-5.008067727140304,-0.5237357380784964,30.0,784.0,1.0,1.0,0.7403995990753174,0.8869587182998657,0.7205559015274048,0.4754813909530639,5.4094343185424805,13.805038452148438,5.335165023803711,13.61223602294922,-0.14655911922454834,0.24507451057434088,-8.395604133605957,-8.27707099914551,-754.0
96ae5806,0.4273537388609066,0.3819255222524977,0.9313984168865436,2206.0,1682.0,706.0,0.7808028154953075,0.6577669249972175,0.8544676315864798,0.6621135620189221,0.8273246944250879,0.5395041583037525,10.812250643860352,10.472224253530976,11.617756045343688,8.564169355965557,8.4874374927282,8.84585079677509,10.808686717358055,10.421284094915206,11.540702849201429,-0.1967007065892623,0.2878205361213354,-1.1455317918127115,-0.3584133040468913,-1.1194187542862224,-0.5494728946340459,53.0,509.0,1.0,1.0,0.7174465656280518,0.8646805882453918,0.7517359256744385,0.5202295780181885,9.259556770324709,12.470160484313965,9.176244735717772,12.295364379882812,-0.1472340226173401,0.23150634765625,-3.210603713989256,-3.119119644165041,-456.0
96b7eea1,0.4810126582278481,0.2933884297520661,0.9230088495575222,1824.0,781.0,1043.0,0.8096787851481766,0.6474459848353368,0.8287479266570785,0.616962259545628,0.839707109848027,0.5852385382780623,19.765372055851763,15.162664180391412,22.606413325882208,13.903859503547302,11.66829271236215,15.577855346227652,19.76339177982128,15.154731265894371,22.60608379797283,-0.18130194182174175,0.2544685715699647,-7.443749145490797,-3.9095626338655016,-7.451352532078458,-0.629620419805456,31.0,731.0,1.0,1.0,0.6761942505836487,0.8411649465560913,0.8047431111335754,0.5636222958564758,13.277284622192385,25.1513614654541,13.189327239990234,25.127899169921875,-0.16497069597244263,0.2411208152770996,-11.874076843261717,-11.93857192993164,-700.0
9719aa04,0.4175531914893617,0.3602231280841021,0.8035817446562681,2669.0,1679.0,1391.0,0.9204800110862372,0.7599539492060227,0.9338985209255704,0.3987981667805477,0.6928867884351344,0.3635972471689785,15.597660886168375,7.740833780052263,20.61164868891428,10.370062293134945,6.293229679926896,14.767468919302733,15.321252413153884,7.372128548574342,18.292413594987124,-0.1739445717195477,0.3292895412661559,-12.870814908862016,-8.474239239375837,-10.920285046412783,-0.44335861657216596,48.0,916.0,1.0,1.0,0.8567197322845459,0.936309278011322,0.5353134870529175,0.3569053709506988,6.41033935546875,24.48188018798828,6.19127368927002,21.397640228271484,-0.07958954572677612,0.17840811610221868,-18.07154083251953,-15.206366539001465,-868.0
974802e7,0.6363636363636364,0.599366587490103,0.90956749672346,2093.0,1514.0,694.0,0.582402993985099,0.3930654940784923,0.7035181560242558,0.9138894966186022,1.1017572381622982,0.7700413547021279,13.75453215218421,13.732778034416398,14.925283177987245,10.521525126496469,10.750413175953364,10.89847747113504,13.660543868655834,13.595236097169836,14.89542134172007,-0.31045266194576354,0.33171588346017034,-1.1925051435708465,-0.1480642951816762,-1.3001852445502333,-0.3102009092333571,109.0,476.0,1.0,1.0,0.4741142988204956,0.8288511633872986,1.0255590677261353,0.5850620865821838,11.34099292755127,12.775041580200195,11.015620231628418,12.68910312652588,-0.354736864566803,0.4404969811439514,-1.4340486526489258,-1.6734828948974627,-367.0
97cd5bf9,0.6814335490293678,0.5976284584980237,0.8951612903225806,1369.0,756.0,666.0,0.7643610986181594,0.7687682268096834,0.7743766258407097,0.6864967609273049,0.6800467236746555,0.6717490218218265,13.677425334944433,9.863681863320156,16.885203907243948,10.138757668444704,7.870352069477685,12.64476794337636,13.626280021369398,9.650200328598164,16.28904470828114,-0.005608399031026279,0.008297701852828965,-7.021522043923792,-4.774415873898675,-6.6388443796829755,-0.2975328318245569,32.0,482.0,0.6153846383094788,0.9938144087791444,0.7898095846176147,0.82895427942276,0.6483678221702576,0.584885835647583,8.877695083618164,17.331106185913086,8.829402923583984,16.010793685913086,-0.039144694805145264,0.06348198652267456,-8.453411102294922,-7.181390762329102,-450.0
98177ced,0.5101382488479262,0.377056372011406,0.955920041004613,3321.0,1719.0,1865.0,0.9471417206903768,0.797413603532028,0.9448019238854614,0.3251408289022564,0.6365318475425594,0.3322591642514579,11.080264682222932,9.30696645618862,12.281606572411372,7.659383605375736,6.813697430775514,8.378561233324277,10.877801669431058,8.964710137785685,12.139803283990211,-0.1473883203534334,0.3042726832911015,-2.9746401162227514,-1.5648638025487625,-3.175093146204526,-0.578863668993207,45.0,1160.0,1.0,1.0,0.861646831035614,0.8780249953269958,0.5260288119316101,0.4939129650592804,8.021866798400879,14.323479652404783,7.727054119110107,14.256256103515623,-0.016378164291381836,0.03211584687232971,-6.3016128540039045,-6.529201984405516,-1115.0
9896fc0b,0.6814744801512287,0.6483617904937702,0.9374379344587884,2163.0,1405.0,944.0,0.828735644236682,0.7504872836746141,0.8885255482779417,0.5852595249345678,0.7064173218790517,0.472174653538409,10.25594094179754,10.553858823441628,9.478184850664997,7.052146406434381,7.583347410525006,6.192395572049906,10.207688255181202,10.33975228884326,9.452836278779518,-0.13803826460332758,0.23424266834064272,1.075673972776631,1.3909518384750994,0.8869160100637412,-0.28907614396501824,107.0,609.0,1.0,1.0,0.8304184079170227,0.9154276847839355,0.5823771953582764,0.4112719595432281,8.334633827209473,10.221480369567873,8.330765724182129,9.90009593963623,-0.08500927686691284,0.17110523581504827,-1.8868465423584002,-1.5693302154541016,-502.0
98bc6f66,0.5480251346499102,0.4305875576036866,0.9695121951219512,2442.0,1495.0,954.0,0.781805463245878,0.7889180178761687,0.7766696748163431,0.6605975124902032,0.6497414595419186,0.6683267541908777,12.312964425932265,9.843844982630207,15.403221767773626,9.097832421634587,7.764211785744407,11.197687615910253,12.212160107186431,9.69187047940729,15.3397139091647,0.012248343059825584,-0.018585294648959083,-5.559376785143419,-3.433475830165846,-5.64784342975741,-0.5389246375182646,53.0,641.0,1.0,1.0,0.8993579745292664,0.8075425624847412,0.4486469030380249,0.6204150915145874,6.5257110595703125,15.93453884124756,6.4223952293396,15.907361030578612,0.09181541204452515,-0.1717681884765625,-9.408827781677248,-9.484965801239012,-588.0
992c99e8,0.5872689938398358,0.5185428290121431,0.9326347305389222,2574.0,1580.0,1246.0,0.8048925955118595,0.7523413023347879,0.834202104741059,0.6246717609883458,0.7037878908665764,0.5758435469099935,13.256035776155372,10.863847934405593,15.33938833001873,8.508533819549909,7.654134163187905,9.59047957729315,13.255617632056063,10.855026649423063,15.338277136413176,-0.08186080240627114,0.12794434395658294,-4.475540395613137,-1.9363454141052454,-4.483250486990112,-0.4140919015267791,62.0,823.0,1.0,0.9844497442245485,0.8059495687484741,0.8326879143714905,0.6229774355888367,0.578467071056366,9.456500053405762,17.596256256103516,9.341889381408691,17.589075088500977,-0.026738345623016357,0.0445103645324707,-8.139756202697754,-8.247185707092285,-761.0
992ce078,0.5419556947863057,0.3334537572254335,0.9359200470311582,2422.0,923.0,1592.0,0.7994964674830083,0.6431467541418177,0.7919694276685437,0.6332511863660292,0.8448115125377759,0.6450280185099811,13.836227359708264,5.976653859556519,16.559523102754834,9.010639173371256,4.788523547844815,11.3447978281665,13.807624378060408,5.901467571023862,16.468718544470384,-0.14882267352672607,0.19978349402779472,-10.582869243198315,-6.556274280321685,-10.567250973446523,-0.6024662898057247,23.0,906.0,1.0,1.0,0.7747132182121277,0.8467532992362976,0.6712477803230286,0.5536184906959534,4.1006364822387695,17.43255615234375,4.078058242797852,17.4166316986084,-0.07204008102416992,0.1176292896270752,-13.33191967010498,-13.338573455810547,-883.0
99529c45,0.647042093287827,0.5504151838671412,0.9300911854103344,2275.0,1392.0,918.0,0.8377513993857473,0.6873656036814594,0.8877320528867155,0.5696465581643634,0.7907393961584823,0.4738521860523268,8.882880809462424,8.028457265602372,10.045529172262658,6.692326051312996,6.316110865461282,7.278151687152079,8.822178027792637,8.028166116703549,9.664189257516547,-0.20036644920525615,0.3168872101061555,-2.017071906660286,-0.9620408216907963,-1.6360231408129984,-0.37967600154319325,31.0,305.0,0.5081967115402222,0.4452554881572723,0.8332239389419556,0.9119023680686952,0.5775397419929504,0.4197562038898468,7.770913600921631,10.322821617126465,7.759403228759766,10.137635231018066,-0.07867842912673961,0.15778353810310364,-2.551908016204834,-2.378232002258301,-274.0
995ff498,0.7188356164383561,0.6670035371399696,0.9404888416578108,2099.0,1320.0,885.0,0.7640394312230002,0.5545721582872636,0.8534849867021216,0.6869651647310797,0.9438515155602988,0.5413224793002382,10.309313452490246,10.156650315262214,10.520785773536872,7.751301048910165,8.303434696698755,6.939453146069516,10.302281008098578,10.154074988192647,10.503208100438306,-0.298912828414858,0.40252903626006054,-0.3641354582746583,1.363981550629239,-0.34913311224565824,-0.27348530451784114,55.0,636.0,1.0,1.0,0.7443315386772156,0.8490753769874573,0.7150782346725464,0.5494080781936646,8.840763092041016,11.863677978515623,8.631502151489258,11.727578163146973,-0.1047438383102417,0.16567015647888184,-3.0229148864746076,-3.096076011657715,-581.0
999daf80,0.3956286344495688,0.2734208117180348,0.8116959064327486,1973.0,896.0,1388.0,0.8172199366700192,0.7635802019887892,0.8232868782247894,0.6046156850925731,0.6876333296331859,0.5944966303945054,18.181105305493144,13.075798376399684,20.44097289616614,13.354834001782455,10.4683689345687,15.158985895456246,18.18108243002042,12.094573442687796,20.41080096957037,-0.05970667623600023,0.09313669923868051,-7.365174519766457,-4.690616960887546,-8.316227526882574,-0.5382750947147138,25.0,774.0,1.0,0.97481107711792,0.7262229323387146,0.8337373733520508,0.73996901512146,0.5766500234603882,13.469409942626951,23.705995559692383,12.296101570129396,21.918123245239254,-0.10751444101333618,0.16331899166107178,-10.236585617065431,-9.622021675109858,-749.0
9a6b0392,0.6339673006339673,0.5276595744680851,1.0,1900.0,1116.0,882.0,0.9203176112418816,0.2491737851052052,0.949404230038653,0.3992051822261793,1.2254192873419243,0.3181061771212466,9.80026349579528,10.119782002245003,9.51506730166842,6.361759351774342,6.350615447241034,6.476970236314517,9.796402179903383,9.988309931003592,9.185273480957456,-0.7002304449334479,0.9073131102206777,0.6047147005765829,-0.12635478907348308,0.803036450046136,-0.4723404255319149,39.0,553.0,1.0,1.0,0.3423396348953247,0.9313176870346068,1.1468743085861206,0.3706273436546325,8.253374099731445,10.539729118347168,8.226268768310547,10.023865699768066,-0.5889780521392821,0.776246964931488,-2.2863550186157227,-1.7975969314575195,-514.0
9a8ae0d6,0.4833714140644833,0.3717907052323692,0.974477958236659,1904.0,1144.0,840.0,0.7707547134458417,0.0667071085112868,0.8477879928066291,0.6771193196980253,1.366230501407953,0.5517463315571222,13.619947180459368,12.316258021488895,14.999660768377243,8.914040297343004,9.184982688429598,8.40970005386637,13.431935689975449,12.221097805248188,14.65195377922575,-0.7810808842953423,0.8144841698508308,-2.6834027468883477,0.7752826345632275,-2.430855973977561,-0.6026872530042897,55.0,580.0,1.0,1.0,0.2784967422485351,0.8534128069877625,1.2012521028518677,0.5414558053016663,10.13412857055664,16.921344757080078,9.585611343383787,16.552644729614258,-0.5749160647392273,0.6597962975502014,-6.7872161865234375,-6.9670333862304705,-525.0
9a95e33f,0.5888181174805379,0.5195090675947975,0.9240348692403488,4160.0,2836.0,1484.0,0.8371059568674313,0.8023593816013449,0.8644424530355242,0.570778491417763,0.628713954670413,0.520687136319836,11.309645275074654,11.556964427211872,11.499712163649622,8.532746506784164,8.836659686463756,8.301189841469355,11.27312248834602,11.431314588823152,11.492329901764878,-0.06208307143417935,0.10802681835057704,0.05725226356224944,0.5354698449944006,-0.06101531294172524,-0.4045258016455513,107.0,1024.0,1.0,1.0,0.8154076933860779,0.9088834524154664,0.6076056361198425,0.4268876910209656,10.096728324890137,10.497023582458496,9.729785919189451,10.37314224243164,-0.09347575902938854,0.18071794509887695,-0.4002952575683594,-0.6433563232421893,-917.0
9ab94eeb,0.6273764258555133,0.5246853823814134,0.9321100917431192,1980.0,1084.0,1016.0,0.7484021850680077,0.645311359226523,0.7718086544707634,0.7093628337205048,0.8422453808403783,0.6755610194930383,12.01932282357256,9.57276583835589,14.144765097371636,8.480539276233028,7.319484499085259,9.787852040528351,12.00185941156942,9.539076920500706,14.044631617333748,-0.12649729524424036,0.16668436134734,-4.571999259015746,-2.468367541443092,-4.505554696833041,-0.40742470936170583,51.0,729.0,1.0,1.0,0.7560399770736694,0.8016976118087769,0.6985127329826355,0.6297656297683716,10.410801887512209,15.12277126312256,10.195390701293944,14.390822410583496,-0.04565763473510742,0.06874710321426392,-4.711969375610352,-4.195431709289553,-678.0
9ad5410a,0.4598940597805524,0.3254912099276111,0.9104372355430184,2431.0,1259.0,1291.0,0.7230269130691889,0.7104778132802854,0.7098175903584565,0.7442756034303571,0.7609496523682951,0.7618167885279813,17.329254602626385,14.417455016787477,19.74743594064864,12.387034314090494,11.342625965722506,13.467683841861632,17.21614903584191,14.39967978673188,19.20068262556413,0.0006602229218288791,-0.0008671361596861438,-5.329980923861163,-2.1250578761391257,-4.80100283883225,-0.5849460256154073,40.0,578.0,1.0,1.0,0.8442143201828003,0.6633983254432678,0.5581857562065125,0.8204897046089172,11.929218292236328,26.208274841308597,11.9202299118042,24.46709251403809,0.18081599473953247,-0.2623039484024048,-14.27905654907227,-12.54686260223389,-538.0
9ae248be,0.4857571214392803,0.4390175830309796,0.8821362799263351,2268.0,1573.0,958.0,0.8010235662925723,0.8377283524692308,0.7700824194448057,0.6308350556324969,0.5696870150016923,0.6781114665822933,9.411135541952875,8.209834557182754,11.200009776911608,7.124583633145288,6.530449354293685,8.320950720594125,9.303450460207516,8.071567312339624,11.12805906170482,0.06764593302442512,-0.10842445158060099,-2.9901752197288545,-1.7905013663004397,-3.056491749365195,-0.44311869689535555,53.0,557.0,1.0,1.0,0.8818606734275818,0.7509282827377319,0.4860850274562835,0.7057927846908569,6.4361891746521,12.092254638671877,6.403958797454834,11.90753173828125,0.13093239068984985,-0.21970775723457342,-5.656065464019777,-5.503572940826416,-504.0
9af1ffd0,0.512218963831867,0.4365436543654365,0.745230078563412,2620.0,1455.0,1328.0,0.864407318796008,0.4693140214411538,0.8973898629239807,0.5207546086286554,1.0302290799223697,0.4530124437055108,11.131301370914338,10.50222089632314,12.826776984985514,8.17656103968848,8.211593944509078,9.031111900483626,11.098803189065098,10.480288336606463,12.82622233625325,-0.4280758414828269,0.5772166362168589,-2.3245560886623746,-0.8195179559745487,-2.345933999646787,-0.30868642419797543,66.0,952.0,1.0,1.0,0.698739767074585,0.9469785094261168,0.7762219309806824,0.3256424069404602,9.360822677612305,10.605314254760742,9.308459281921388,10.56084156036377,-0.24823874235153187,0.45057952404022217,-1.2444915771484375,-1.252382278442381,-886.0
9b5b61c1,0.4172515988145375,0.2821229050279329,0.9628305932809148,2675.0,1414.0,1347.0,0.90316404840918,0.7981173496041819,0.9295104809162864,0.4400817005757452,0.6354252912747778,0.3754717541539272,12.670116954710196,11.18689860280109,13.86584580689878,9.875318892323389,9.063070761065646,10.536410026414652,12.631230059205985,10.92605678929234,13.862736619257786,-0.1313931313121045,0.25995353712085056,-2.6789472040976907,-1.473339265349006,-2.9366798299654455,-0.6807076882529819,39.0,872.0,1.0,1.0,0.8452480435371399,0.9383223056793212,0.5563307404518127,0.3512198626995086,9.591161727905272,15.659947395324709,9.42811679840088,15.659745216369627,-0.09307426214218129,0.20511087775230413,-6.068785667419437,-6.2316284179687464,-833.0
9b9e3b49,0.6429889298892989,0.5555041628122109,0.9596330275229358,2091.0,1201.0,1046.0,0.7595370724300308,0.4953273458612769,0.8198608533501321,0.6934881795243077,1.004661788005021,0.6002318662814694,14.745889889540283,13.592530988380233,16.127978179279154,11.6061317150043,11.20762081906719,12.241978823322684,14.736624973765997,13.246123936290616,16.03031935390602,-0.32453350748885523,0.40442992172355163,-2.535447190898921,-1.0343580042554947,-2.784195417615404,-0.40412886471072484,57.0,792.0,1.0,1.0,0.8213430643081665,0.8668062686920166,0.5977573394775391,0.516127347946167,11.388379096984863,15.948464393615724,10.67748737335205,15.303927421569824,-0.0454632043838501,0.08162999153137207,-4.560085296630861,-4.626440048217773,-735.0
9bd2bba3,0.346822130772748,0.2469618661824277,0.7967275015733165,3034.0,1768.0,1266.0,0.8541384389975055,0.8528125950769073,0.858803850563296,0.5401139898252858,0.5425631851187338,0.5314059642809892,8.303070230438129,6.267357291159131,10.50540709809082,5.868939796178457,5.093705835509064,6.951573005075364,8.262503591531752,6.119941436937559,10.50512182998072,-0.00599125548638868,0.01115722083774462,-4.23804980693169,-1.8578671695663003,-4.385180393043161,-0.5497656353908889,46.0,885.0,1.0,1.0,0.8867384791374207,0.8615407347679138,0.4759443700313568,0.52623051404953,5.461451053619385,12.094496726989746,5.162612915039063,12.05967617034912,0.025197744369506836,-0.05028614401817322,-6.633045673370361,-6.897063255310056,-839.0
9c211c53,0.4795410261961463,0.4269067796610169,0.9359430604982206,2215.0,1612.0,789.0,0.8650912755549657,0.8666232962933992,0.8672956557006996,0.5194395526816077,0.5164817590323996,0.5151783075776782,7.801199253107137,6.559139265417737,9.967586604066922,5.480123257113977,4.982913946146422,6.812162844260825,7.794471205419875,6.5176169951405285,9.96452223626098,-0.0006723594073003714,0.0013034514547213272,-3.408447338649185,-1.829248898114403,-3.446905241120451,-0.5090362808372038,51.0,542.0,1.0,1.0,0.9279388189315796,0.8787704706192017,0.3796344995498657,0.4924013316631317,4.734106540679932,10.61412239074707,4.658146381378174,10.61152172088623,0.04916834831237793,-0.11276683211326599,-5.880015850067139,-5.953375339508057,-491.0
9c350a6a,0.624633431085044,0.583808095952024,0.8888888888888888,2769.0,1947.0,976.0,0.7702293643219047,0.5850328760090366,0.8536677699972751,0.6778947347163795,0.9110072710916892,0.5409847132825933,13.609103032090571,12.77178429668786,14.58163689184478,9.924737558182509,9.88556518165042,9.52477595107662,13.608755519939178,12.761215070097174,14.581323469083626,-0.2686348939882385,0.3700225578090959,-1.8098525951569204,0.3607892305738005,-1.8201083989864522,-0.30508079293686485,88.0,647.0,1.0,0.9832826852798462,0.6147522330284119,0.8513208627700806,0.8777787685394287,0.5453056693077087,11.398265838623049,17.348148345947266,11.31504726409912,17.185819625854492,-0.2365686297416687,0.33247309923171997,-5.949882507324217,-5.870772361755373,-559.0
9c8375f7,0.5655291790306627,0.5041415662650602,0.8674351585014409,2287.0,1339.0,1204.0,0.7600725794790981,0.7082257519906591,0.7458109545598725,0.6927155556516713,0.7639034598813399,0.7130063750628427,17.992484519666096,14.064992495017815,21.30688543758973,13.196716682049685,11.123248519649517,15.56787645589634,17.974728301151604,13.95357317984607,21.116849174966237,-0.03758520256921338,0.050897084818497196,-7.241892942571916,-4.444627936246823,-7.163275995120168,-0.3632935922363807,41.0,818.0,1.0,0.973809540271759,0.7492071986198425,0.7486706376075745,0.7082270979881287,0.7089843153953552,12.14859676361084,24.485313415527344,11.86371898651123,23.838960647583008,0.0005365610122680664,-0.0007572174072265625,-12.336716651916504,-11.975241661071777,-777.0
9d072e4c,0.5148040390210509,0.4568807339449541,0.9109912339851652,3008.0,1992.0,1351.0,0.7530950815545872,0.604708965994367,0.8049678845291379,0.7027160428585829,0.8891468202784432,0.6245512236331974,13.963364097902742,13.705858422049005,15.068652016371008,10.285346814157473,10.547107847993614,10.45339168049338,13.952221047220393,13.492025563798702,14.89039735921794,-0.20025891853477096,0.2645955966452458,-1.362793594322003,0.09371616750023293,-1.398371795419239,-0.45411050004021114,55.0,714.0,1.0,1.0,0.5896945595741272,0.8209993243217468,0.9058757424354552,0.5983321666717529,12.51322078704834,15.666428565979004,12.228364944458008,15.325310707092283,-0.23130476474761963,0.3075435757637023,-3.153207778930664,-3.0969457626342756,-659.0
9d3ec64c,0.6039235162652098,0.4786695589298626,0.9960348929421096,2432.0,1324.0,1256.0,0.8370074886884147,0.4922387967500558,0.9270413887113372,0.57095098092846,1.0077313166215924,0.3819911289249075,12.817224587507134,14.121136099277662,11.561379376671772,9.943708634208855,10.96392830546446,9.000326510577157,12.806914382107117,13.707125924092315,10.768515032995218,-0.43480259196128146,0.6257401876966849,2.55975672260589,1.9636017948873032,2.938610891097097,-0.5173653340122469,44.0,945.0,1.0,1.0,0.3629396259784698,0.94385027885437,1.1287696361541748,0.3351110816001892,15.161395072937012,11.98658847808838,15.139129638671877,10.32286548614502,-0.5809106528759003,0.7936585545539856,3.174806594848631,4.816264152526857,-901.0
9d4272e3,0.6851385390428212,0.5889603429796356,0.9200438116100766,1904.0,1099.0,840.0,0.6896692779941653,0.6014779975600614,0.6961629104483116,0.7878206928049487,0.8927732102162773,0.7795345913449748,12.473738862175887,7.428064395271457,16.861789739936814,7.430913344866591,5.560108302766101,9.893711012190616,12.447612492600443,7.323673424800836,16.85912998502008,-0.0946849128882502,0.11323861887130249,-9.433725344665357,-4.3336027094245155,-9.535456560219243,-0.331083468630441,55.0,602.0,1.0,1.0,0.8317627906799316,0.7109355330467224,0.5800641775131226,0.7603479027748108,6.068641185760498,17.94283103942871,5.593440055847168,17.932363510131836,0.12082725763320923,-0.18028372526168823,-11.874189853668213,-12.338923454284668,-547.0
9d5e14d4,0.5626812761843377,0.4615384615384615,0.9511533242876526,1746.0,1092.0,701.0,0.8064693678475172,0.784088869000931,0.8232813358906839,0.622142479103433,0.6571318452168773,0.5945059530556714,9.820724151047427,8.72761381013888,11.366245498506917,7.409504351418947,6.714897739813909,8.585702813381722,9.628274795401309,8.662216927116784,10.897782634894456,-0.039192466889752864,0.06262589216120584,-2.6386316883680365,-1.870805073567813,-2.2355657077776723,-0.48961486274919114,41.0,335.0,0.5061728358268738,0.5438311696052551,0.8240042924880981,0.7982192039489746,0.5932886600494385,0.6352649927139282,7.537002563476562,12.929776191711426,7.2951884269714355,12.466670989990234,0.025785088539123535,-0.041976332664489746,-5.392773628234864,-5.171482563018799,-294.0
9da441ba,0.4882342687815931,0.3992163691771876,0.8915135608048994,2801.0,1834.0,1019.0,0.8213838788825463,0.6991250964076747,0.7975954239820156,0.5976890849220081,0.7757253426211178,0.6362461410774677,11.928835847805686,9.546365956917134,15.295086842394351,7.586373569541854,7.138504054801813,8.45839023195379,11.923234342405516,9.542222035669395,15.28032245787792,-0.09847032757434082,0.13947920154365012,-5.748720885477217,-1.319886177151976,-5.738100422208525,-0.4922971916277118,65.0,634.0,1.0,0.9799072742462158,0.7777491211891174,0.7830616235733032,0.6667096614837646,0.6586931943893433,7.832010269165039,16.727779388427734,7.799274921417236,16.701683044433594,-0.005312502384185791,0.008016467094421387,-8.895769119262695,-8.902408123016357,-569.0
9dede370,0.5911602209944752,0.4453668987680771,0.9992503748125936,2996.0,1663.0,1333.0,0.8141361759772742,0.7946805048831203,0.8296784266052973,0.609694717088357,0.6408111970258943,0.5836464227504571,11.919750944539414,11.293729745011875,12.657416617771664,8.893634414360013,8.785337972909597,9.028740927587352,11.78654089532334,11.195017244578544,12.476014147131323,-0.03499792172217708,0.0571647742754372,-1.3636868727597893,-0.2434029546777552,-1.2809969025527792,-0.5538834760445165,77.0,833.0,1.0,1.0,0.8299107551574707,0.8333036303520203,0.5832481980323792,0.5774016976356506,10.822279930114746,14.57076930999756,10.758146286010742,14.565214157104492,-0.0033928751945495605,0.005846500396728516,-3.7484893798828143,-3.80706787109375,-756.0
9def2eb2,0.4357885488358471,0.3969581749049429,0.7488846398980242,2976.0,2088.0,1175.0,0.62115415577666,0.2201667636624266,0.8347390796542963,0.8704548744459302,1.2488660747554745,0.5749102892551214,14.710291298337523,15.623522660220962,13.068171504540157,11.220786090885026,12.101189679228158,9.86448080108649,14.581874234412696,15.609785266596331,12.533598934731154,-0.6145723159918697,0.6739557855003531,2.555351155680805,2.236708878141668,3.076186331865177,-0.35192646499308133,53.0,806.0,1.0,1.0,0.3173801302909851,0.8721981048583984,1.168434739112854,0.5055727362632751,16.198503494262695,13.69270133972168,16.023096084594727,13.020569801330566,-0.5548179745674133,0.6628620028495789,2.5058021545410156,3.00252628326416,-753.0
9df1b1f9,0.6512042818911686,0.5108254397834912,0.988219895287958,1460.0,755.0,755.0,0.7926458756351593,0.7554383037513022,0.7947313149176436,0.6439784536222322,0.6993735714890831,0.6407319019408295,12.659567999824512,8.804451954493738,15.49296765720602,8.362788511047366,6.628965975549149,10.118231880727071,12.65546095759892,8.642526899521812,15.471187687859707,-0.03929301116634143,0.05864166954825356,-6.688515702712282,-3.4892659051779225,-6.828660788337896,-0.4773944555044668,47.0,543.0,1.0,1.0,0.7023652195930481,0.8101641535758972,0.7715371251106262,0.6161750555038452,8.747947692871094,16.516803741455078,8.603496551513672,16.3350830078125,-0.10779893398284912,0.155362069606781,-7.768856048583984,-7.731586456298828,-496.0
9dfff011,0.5096153846153846,0.394610557401255,0.9525341914722446,2014.0,1069.0,1184.0,0.7990440498500653,0.712323534678425,0.8063537630387055,0.6339652201027036,0.758520224280902,0.6223282686192143,12.691330361124797,9.155214340300114,14.722887377848686,8.709603917301546,7.01975345324005,10.01100082051815,12.65655396623375,9.155170779213504,14.644389868043037,-0.09403022836028052,0.13619195566168774,-5.5676730375485715,-2.991247367278101,-5.4892190888295325,-0.5579236340709897,32.0,698.0,1.0,0.9844852089881896,0.756475031375885,0.834901750087738,0.6978896260261536,0.5746272802352905,8.911018371582031,16.473777770996094,8.891003608703613,16.446584701538086,-0.07842671871185303,0.12326234579086304,-7.5627593994140625,-7.555581092834473,-666.0
9e3e364d,0.522265764161026,0.4610169491525424,0.9029649595687332,1466.0,952.0,670.0,0.7231157767388879,0.5917440379387566,0.7422222119997999,0.7441561976643237,0.9036104935880762,0.7180219885215217,12.08746306122178,8.801197751191255,15.276347652978934,8.681191798120876,7.080595730778363,10.836262224562846,12.087265811599766,8.73635855620208,15.247274868996948,-0.15047817406104325,0.18558850506655455,-6.475149901787679,-3.7556664937844833,-6.510916312794869,-0.44194801041619086,44.0,443.0,1.0,0.991051435470581,0.4978039860725403,0.7605217099189758,1.002193570137024,0.6920669078826904,9.72279167175293,16.6445369720459,9.02650260925293,16.506427764892578,-0.26271772384643555,0.3101266622543335,-6.921745300292969,-7.479925155639648,-399.0
9efc812e,0.4525046071368738,0.3392364305427783,0.9555829734731648,2701.0,1475.0,1549.0,0.8688576858439814,0.7808439732945583,0.9087033901703122,0.5121373139227772,0.6620513978618906,0.4273092786956253,10.413359460786866,11.566248552634068,9.976637729396693,7.650734494944395,8.51562909590775,7.393022827431053,9.888330628401285,11.274306711665586,9.093322468711952,-0.12785941687575386,0.2347421191662653,1.5896108232373756,1.122606268476697,2.1809842429536346,-0.6163465429303865,56.0,699.0,1.0,1.0,0.7666418552398682,0.954275906085968,0.6831663846969604,0.3024040162563324,11.502765655517578,7.899856090545654,11.32095718383789,7.190463066101074,-0.18763405084609985,0.38076236844062805,3.602909564971924,4.130494117736816,-643.0
9f0c7bae,0.6071184120465435,0.490162037037037,0.804857621440536,1774.0,847.0,961.0,0.7027550600825806,0.7548563685327857,0.7160831476938058,0.7710316983333687,0.7002051577462342,0.7535474136458756,9.615230676685549,8.322938145918455,10.895839487630996,6.87784702703572,6.381048558472698,7.5757418110696255,9.556598944016422,7.5873555704578015,10.869745629459675,0.03877322083897994,-0.05334225589964148,-2.572901341712541,-1.1946932525969274,-3.282390059001874,-0.314695584403499,26.0,483.0,1.0,1.0,0.9118775129318236,0.6737671494483948,0.4198153913021087,0.8077535033226013,6.5313591957092285,13.347753524780272,5.247093677520752,13.26987648010254,0.23811036348342884,-0.3879381120204926,-6.816394329071043,-8.022782802581789,-457.0
9ffce529,0.6150234741784038,0.5371577574967406,0.912751677852349,2620.0,1648.0,1088.0,0.7102835004539944,0.8095222367712909,0.6905851090855886,0.7612049652307921,0.6172159479934217,0.7866573471523818,16.10017572453787,12.108488106839818,20.60236447212354,10.66726251264564,9.354408719377242,12.756717445423057,16.05662702171111,11.168566184233606,20.31271408459457,0.1189371276857023,-0.16944139915896006,-8.493876365283722,-3.402308726045815,-9.144147900360965,-0.37559392035560846,64.0,788.0,1.0,1.0,0.8794556260108948,0.6006140112876892,0.4910078942775726,0.8937404155731201,9.168187141418455,23.04159164428711,8.651628494262695,22.349910736083984,0.27884161472320557,-0.40273252129554754,-13.873404502868654,-13.698282241821289,-724.0
a0383629,0.5320950559956296,0.4360816944024205,0.9488692232055064,1948.0,1153.0,965.0,0.7375179077379942,0.8303188172083074,0.7137963499061247,0.724544121861472,0.5825481658913582,0.7565760372809534,10.605455148674592,5.672212084039119,14.00367810022628,6.641753895666965,4.338299004079475,9.156704068598508,10.584336192759157,5.657136431008008,13.844805706411645,0.11652246730218263,-0.1740278713895952,-8.33146601618716,-4.818405064519033,-8.187669275403636,-0.5127875288030859,35.0,640.0,1.0,1.0,0.9227486252784728,0.7156475782394409,0.3930683732032776,0.7541252374649048,4.273464679718018,16.209131240844727,4.266556739807129,16.05712127685547,0.20710104703903187,-0.3610568642616272,-11.935666561126709,-11.79056453704834,-605.0
a056d01e,0.5259543203961029,0.4276466903320108,0.9959239130434784,3293.0,2048.0,1466.0,0.8061787927673941,0.7922619884549188,0.8126114646486782,0.6226093594423487,0.6445742960203753,0.6121903876267935,11.71449356351246,10.535305650941112,13.19253687227523,8.73622586574575,7.94200964326733,9.892991568229965,11.613152823101396,10.239436379128293,13.163104851946509,-0.020349476193759375,0.03238390839358185,-2.6572312213341185,-1.950981924962635,-2.923668472818216,-0.5682772227114676,85.0,810.0,1.0,1.0,0.7831277847290039,0.8341536521911621,0.6585927605628967,0.5759276747703552,11.232830047607422,14.484090805053713,10.724445343017578,14.419358253479004,-0.0510258674621582,0.0826650857925415,-3.251260757446291,-3.694912910461426,-725.0
a08d9e63,0.678960396039604,0.6648431801604668,0.8659476117103235,2743.0,1823.0,1124.0,0.7745348980157822,0.7890992834802676,0.7752522705697719,0.6715133684212367,0.6494624184966092,0.6704442250183502,11.354879282523024,9.238235188754638,14.185687159954432,7.33161646280441,7.326726460004652,7.64777513953735,11.311368491259453,9.038766424772833,14.14937187092388,0.013847012910495726,-0.020981806521740975,-4.9474519711997935,-0.3210486795326979,-5.110605446151046,-0.2011044315498567,73.0,712.0,1.0,1.0,0.8267538547515869,0.7650649547576904,0.5886359810829163,0.685470700263977,8.149922370910645,16.249675750732422,7.860834121704102,16.124370574951172,0.061688899993896484,-0.09683471918106079,-8.099753379821777,-8.26353645324707,-639.0
a0b83014,0.6244936117170458,0.493362831858407,0.9852476290832456,2004.0,1115.0,935.0,0.8406716624837594,0.7178238128717689,0.859470342174073,0.5644968335008456,0.7512339011629215,0.5301502764800315,10.991875077327906,7.255942304914392,14.155221883411189,7.042154050245329,5.600569320838091,8.795214911438602,10.898768959376692,7.164548369958184,14.048556129783904,-0.14164652930230415,0.22108362468289,-6.899279578496797,-3.194645590600511,-6.88400775982572,-0.4918847972248386,53.0,707.0,1.0,0.9901960492134094,0.8497296571731567,0.8534284234046936,0.548215925693512,0.541426956653595,5.16508150100708,16.015949249267578,4.8524603843688965,15.892929077148438,-0.0036987662315368652,0.006788969039916992,-10.850867748260498,-11.040468692779541,-654.0
a0e92ed6,0.616361071932299,0.5826868109432422,0.8950729927007299,2185.0,1427.0,981.0,0.7277848327283801,0.6241793505669486,0.7567650187456006,0.7378552260052372,0.8669724902591216,0.697473986976431,9.471181855514883,6.776954368576553,12.346722246884228,6.690568959431559,5.444831719192195,8.76225477028145,9.40916899635036,6.774538257114774,11.931423805689551,-0.13258566817865203,0.16949850328269056,-5.569767878307675,-3.3174230510892544,-5.1568855485747775,-0.3123861817574878,66.0,549.0,1.0,1.0,0.6976711750030518,0.7869405150413513,0.7775973677635193,0.652777910232544,6.079726219177246,13.097783088684082,6.0264201164245605,13.090121269226074,-0.08926934003829956,0.12481945753097534,-7.018056869506836,-7.063701152801514,-483.0
a15bc102,0.5361041141897565,0.3411181882519462,0.9339525283797728,1277.0,482.0,905.0,0.8626767905526047,0.0733959695325282,0.8751992180836223,0.5240671892942647,1.361325846715232,0.4996014049547452,13.964400829871009,10.03152668321537,15.457719364221951,9.225285474382154,8.081011065292325,9.851338366769662,13.959113276834133,9.926387847791666,15.4252893162311,-0.8018032485510942,0.8617244417604868,-5.426192681006581,-1.7703273014773373,-5.498901468439433,-0.5928343401278267,15.0,624.0,1.0,1.0,0.1634296476840973,0.8935943841934204,1.29349946975708,0.4613146781921386,10.31296730041504,16.66256332397461,10.30335807800293,16.473419189453125,-0.7301647365093231,0.8321847915649414,-6.3495960235595685,-6.170061111450195,-609.0
a247e7cf,0.5228410513141427,0.4247355573637103,1.0,1671.0,1044.0,738.0,0.696641375313429,0.6617965484721043,0.7469879737580194,0.7789205667930088,0.82243960450345,0.7113536760880351,14.051198924597552,11.895536621655202,16.568258624000784,10.851116489857077,9.534771802062387,12.852476964448469,13.936872414603684,11.668402824668272,15.081467102940213,-0.08519142528591506,0.11108592841541487,-4.672722002345582,-3.3177051623860816,-3.413064278271941,-0.5752644426362896,31.0,458.0,1.0,1.0,0.758845865726471,0.7666266560554504,0.6944841742515564,0.6831886172294617,8.713634490966797,18.62711524963379,8.491148948669434,16.20273208618164,-0.007780790328979492,0.011295557022094727,-9.913480758666992,-7.711583137512207,-427.0
a2e8e7f6,0.6951695169516952,0.6406313233508701,0.9779582366589328,2317.0,1583.0,843.0,0.7412045928603747,0.5946453100201415,0.8362943828169772,0.7194378460153807,0.9003940137293878,0.5721985969626678,11.871116438801476,12.025076732507872,11.496555147920654,9.23725991290994,9.688733760524157,8.358902599991726,11.85919764410504,12.015711331026946,11.425940727179976,-0.24164907279683567,0.3281954167667199,0.5285215845872173,1.3298311605324304,0.5897706038469703,-0.33732691330806264,73.0,618.0,1.0,1.0,0.7110285758972168,0.8437243700027466,0.7602255344390869,0.5590628385543823,9.715076446533203,12.035076141357422,9.706953048706056,12.032441139221191,-0.13269579410552979,0.2011626958847046,-2.3199996948242188,-2.325488090515135,-545.0
a3518960,0.4584013050570962,0.3673640167364017,0.8853795211411105,3091.0,1756.0,1738.0,0.833078642777262,0.7019921571191086,0.8177390441109934,0.5777912377714602,0.7720205215936833,0.603756500402284,11.32828537356842,6.383537379644004,13.872389172245306,6.828779018942488,4.447374633244398,8.558983879454267,11.299008180168055,6.323026581321056,13.832182513075136,-0.11574688699188485,0.16826402119139927,-7.488851792601302,-4.111609246209869,-7.50915593175408,-0.5180155044047088,48.0,1233.0,1.0,1.0,0.7131316661834717,0.8107083439826965,0.7574540972709656,0.6152912378311157,6.197120189666748,15.266489028930664,6.059074401855469,15.24893569946289,-0.09757667779922485,0.14216285943984985,-9.069368839263916,-9.189861297607422,-1185.0
a3f71395,0.5017977176801626,0.4722929312708048,0.8651162790697674,3210.0,2412.0,1116.0,0.7971126575315852,0.8391170677609218,0.7185844411331694,0.6370044622581772,0.5672440960275889,0.7502207126797161,10.253475335770034,8.866501045919918,12.427473078507608,7.351729498131526,6.893461380296495,8.269989859584665,10.240206900065688,8.81510818983977,12.380434448087984,0.12053262662775233,-0.18297661665212728,-3.5609720325876904,-1.3765284792881705,-3.5653262582482146,-0.3928233477989626,78.0,658.0,1.0,1.0,0.8772783279418945,0.7120502591133118,0.4954223930835724,0.7588804364204407,8.080821990966797,14.875726699829102,8.040592193603516,14.873390197753906,0.16522806882858276,-0.2634580433368683,-6.794904708862305,-6.832798004150391,-580.0
a4719920,0.6126582278481013,0.5398948877209747,0.9523809523809524,1694.0,1130.0,640.0,0.8244166068094477,0.8119765473777492,0.8124607573022994,0.5925932723049634,0.613226634487203,0.6124365154000871,9.750413530936449,7.448072282180534,12.866644797139228,7.331480648562752,5.919943103410221,9.898757853126131,9.700959247155897,7.439191743089883,12.71889726257488,-0.0004842099245502274,0.0007901190871159036,-5.4185725149586945,-3.9788147497159105,-5.279705519484996,-0.4124860646599777,51.0,411.0,1.0,1.0,0.8924217224121094,0.8502780795097351,0.4638497233390808,0.5472146272659302,5.215925693511963,13.592568397521973,5.197844505310059,13.52680206298828,0.04214364290237427,-0.08336490392684937,-8.37664270401001,-8.32895755767822,-360.0
a48640d9,0.5167622025360431,0.3630540609787343,0.86084142394822,2975.0,1417.0,1596.0,0.6915368118244877,0.7955728549589655,0.6625297593080338,0.7854466094847088,0.6394171487237961,0.8215476135830061,12.98934413160478,6.919404418871133,16.53698875666863,7.456838283515268,5.308861315575877,9.34291191019331,12.946112100689374,6.837617904272135,16.503063408701895,0.13304309565093164,-0.18213046485921003,-9.6175843377975,-4.034050594617433,-9.665445504429758,-0.4977873629694857,56.0,1025.0,1.0,1.0,0.8453406095504761,0.5885123610496521,0.5561643242835999,0.907179832458496,5.540637016296387,20.22760772705078,5.430435657501221,20.16817855834961,0.256828248500824,-0.35101550817489613,-14.686970710754395,-14.737742900848389,-969.0
a4cdbb0f,0.5504629629629629,0.5102856001597763,0.910386965376782,3567.0,2555.0,1341.0,0.8031836472956436,0.79820869319767,0.8175378381497928,0.6274015503716203,0.6352815231097628,0.6040896652819137,10.541993900344655,9.161667992802151,12.41067169125882,7.767013547556405,7.12166096874373,8.703109020975162,10.540860764964943,9.149972676137818,12.39356783410464,-0.01932914495212279,0.031191857827849168,-3.2490036984566686,-1.5814480522314325,-3.2435951579668227,-0.4001013652170057,84.0,741.0,1.0,1.0,0.8487756252288818,0.83629310131073,0.5499534010887146,0.5722008347511292,7.492456436157227,14.451744079589844,7.471283912658691,14.01006317138672,0.012482523918151855,-0.02224743366241455,-6.959287643432617,-6.538779258728029,-657.0
a4f989c2,0.390017931858936,0.3212404915155061,0.9233226837060704,2610.0,1647.0,1445.0,0.7727815842068738,0.5864011637719362,0.8200111574735373,0.6741193007074137,0.9095040805054848,0.5999814039225928,16.934932639800362,16.11690546812054,18.08316128948046,12.699614639074596,12.579274478807012,13.178725943089647,16.92158450401581,16.11279495067602,17.941454121842455,-0.23360999370160107,0.309522676582892,-1.9662558213599226,-0.5994514642826356,-1.8286591711664357,-0.6020821921905644,44.0,786.0,1.0,1.0,0.60481196641922,0.8983922600746155,0.8890309929847717,0.4507942795753479,16.86544418334961,17.838333129882812,16.84244728088379,17.68878936767578,-0.2935802936553955,0.43823671340942383,-0.9728889465332031,-0.8463420867919922,-742.0
a5aa7973,0.6362763915547025,0.5702389572773353,0.9246088193456614,2652.0,1575.0,1300.0,0.8967994254941567,0.6542925607520151,0.9283026273791396,0.454313932222738,0.8315136069217206,0.3786749862899859,14.03771348966731,11.318950721671268,16.680487739459334,10.2331549293182,8.48876624671202,12.449232953072997,13.8899035250599,11.304697026691858,15.552986735628066,-0.27401006662712446,0.4528386206317347,-5.361537017788066,-3.960466706360977,-4.248289708936207,-0.3543698620683261,72.0,869.0,1.0,1.0,0.7313687205314636,0.9351662397384644,0.7329819798469543,0.3600937724113464,9.639148712158203,18.82222557067871,9.638744354248049,18.14076805114746,-0.20379751920700073,0.37288820743560797,-9.183076858520508,-8.502023696899412,-797.0
a5e6f7dc,0.5198545861297539,0.4696579624862081,0.926487747957993,1859.0,1277.0,794.0,0.7484482979317615,0.6715204083503524,0.7656996549591866,0.7092978247086882,0.8105301865441503,0.6845441476498261,13.973838708297867,9.898355628606517,17.989324477342684,9.300268811138018,7.675685525240499,11.476747156123537,13.95932381342543,9.773843274720845,17.98497325049284,-0.09417924660883414,0.12598603889432425,-8.090968848736168,-3.801061630883038,-8.211129975771994,-0.45682978547178493,41.0,539.0,1.0,0.9871794581413268,0.789686381816864,0.7796313166618347,0.6485578417778015,0.6638805270195007,8.566632270812988,20.956443786621094,8.424739837646484,20.905336380004883,0.010055065155029297,-0.015322685241699219,-12.389811515808105,-12.480596542358398,-498.0
a612d5a0,0.5040983606557377,0.3576211106734935,0.928164196123147,3444.0,1816.0,1628.0,0.8966605554276427,0.8252532148588057,0.9184771094560756,0.4546194993010249,0.5911798121404255,0.4037892780744044,12.743975014708132,10.13582770853686,15.131883019719442,9.606537753734385,7.859668689233122,11.55513371266208,12.743348730385303,10.088492971441712,15.109423600536326,-0.09322389459726999,0.18739053406602107,-4.996055311182582,-3.695465023428958,-5.0209306290946145,-0.5705430854496536,55.0,937.0,1.0,1.0,0.9005622863769531,0.9390020966529846,0.4459545016288757,0.34927898645401,8.896117210388184,16.812101364135742,8.836153030395508,16.810169219970703,-0.038439810276031494,0.09667551517486567,-7.915984153747559,-7.974016189575195,-882.0
a622ce4d,0.5473106476399561,0.5005767012687428,0.8721251149954001,2493.0,1736.0,948.0,0.7560167678191599,0.6015808205440133,0.7899820407940203,0.6985459643872264,0.8926580302176044,0.6481017809047891,11.492187050511944,7.834480574356715,15.774888587234818,7.671373976695475,6.009595924415184,10.46025792480919,11.48321022952762,7.756017810460284,15.767591533238232,-0.18840122025000705,0.24455624931281528,-7.940408012878103,-4.450662000394005,-8.011573722777948,-0.37154841372665737,60.0,595.0,1.0,0.9834710955619812,0.7407659292221069,0.7965012192726135,0.7200472950935364,0.637963593006134,6.37687873840332,18.908048629760746,6.276549816131592,18.8162899017334,-0.05573529005050659,0.08208370208740234,-12.531169891357425,-12.539740085601807,-535.0
a645da9a,0.4864525390274538,0.4193626267503621,0.8399720475192173,2711.0,1737.0,1202.0,0.8242469681218443,0.7634679841733335,0.8241351633016841,0.5928794681520954,0.6877965045370128,0.5930680175128581,12.468386214792302,10.385257811521056,15.381484008434809,8.579826775876604,7.952909020654967,10.12801284495378,12.368183848354263,10.231180930190126,15.298093950493785,-0.06066717912835062,0.0947284870241547,-4.996226196913753,-2.175103824298813,-5.066913020303659,-0.42060942076885516,54.0,847.0,1.0,1.0,0.7957010865211487,0.8410308361053467,0.6392166018486023,0.5638601779937744,8.761103630065918,16.132349014282227,8.67617416381836,16.12346076965332,-0.045329749584198,0.07535642385482788,-7.371245384216309,-7.447286605834961,-793.0
a692b17e,0.8142201834862385,0.8034843205574913,0.9436241610738256,1775.0,1153.0,703.0,0.722476629679241,0.7085722676824642,0.7256595063009754,0.7450145908916939,0.7634497132326867,0.7407300367867157,12.057582779449552,9.00142580512866,15.760306804183497,8.16329307306306,6.912183825093682,10.315056688388765,11.983691177429613,8.894953485285365,15.719666222410533,-0.017087238618511247,0.02271967644597106,-6.758880999054837,-3.402872863295083,-6.824712737125168,-0.14013984051633432,70.0,518.0,1.0,1.0,0.8197833299636841,0.732111930847168,0.6003609895706177,0.7319673299789429,6.134212970733643,17.704214096069336,6.007383346557617,17.654199600219727,0.08767139911651611,-0.1316063404083252,-11.570001125335693,-11.64681625366211,-448.0
a6b8ac67,0.5247889485801995,0.4741635319738665,0.8825136612021858,3419.0,2395.0,1292.0,0.7745336485642538,0.6717665411795637,0.8314583618225434,0.6715152290689262,0.8102264607138381,0.5805887325421613,11.47031147881757,11.48049374073043,11.322083144235188,8.495404322332845,8.820086107116005,7.897532715927956,11.337459399593206,11.338248388641553,11.269713370777655,-0.1596918206429797,0.22963772817167682,0.15841059649524247,0.9225533911880488,0.06853501786389771,-0.40835012922831926,62.0,811.0,1.0,1.0,0.703721821308136,0.8718554377555847,0.7697768211364746,0.5062500834465027,10.743715286254885,11.316214561462402,10.49377727508545,11.24732780456543,-0.16813361644744873,0.2635267376899719,-0.5724992752075178,-0.7535505294799805,-749.0
a6ed2eff,0.6598518518518518,0.6421143847487002,0.831302717900656,2227.0,1482.0,887.0,0.8945742640243802,0.8442929401772459,0.88266827714258,0.4591856617439612,0.5580449082694943,0.4844207321273935,9.74274478433358,5.038801629730846,14.117457100275812,5.944906687120291,3.8521238755725182,9.084611489643496,9.741876064625163,5.037073624983535,14.116686530723149,-0.03837533696533413,0.07362417614210076,-9.078655470544966,-5.232487614070978,-9.079612905739614,-0.18918833315195582,70.0,671.0,1.0,0.9955489635467528,0.8961024284362793,0.8804376125335693,0.4558455348014831,0.4890038669109344,4.613741397857666,15.712297439575195,4.604351043701172,15.710000038146973,0.01566481590270996,-0.033158332109451294,-11.09855604171753,-11.1056489944458,-601.0
a6f967fb,0.5144423048437269,0.3565042467590523,0.8612209046991656,3473.0,1595.0,1961.0,0.689566443771116,0.4549753296574995,0.7754915286206598,0.7879512119781072,1.0440542805261617,0.6700872650324585,17.641492317513997,18.029839865555136,17.199031099251986,13.19160028900376,13.190397984056924,13.118128077694683,17.616434098305703,18.022822233353324,17.066803542865575,-0.32051619896316036,0.37396701549370315,0.83080876630315,0.07226990636224073,0.956018690487749,-0.5047166579401132,45.0,1330.0,1.0,0.9888476133346558,0.4984576106071472,0.8202605247497559,1.001541256904602,0.5995656251907349,17.11570167541504,16.986328125,17.100238800048828,16.278289794921875,-0.32180291414260864,0.4019756317138672,0.12937355041503906,0.8219490051269531,-1285.0
a76db406,0.3166562107904642,0.1848721283051582,0.8274687854710556,2019.0,853.0,1458.0,0.7842701657294863,0.6338968902751874,0.8249009471773525,0.6568558963281272,0.8556904927890839,0.5917753844536751,12.677648847723136,12.60063218472145,12.966977955464912,10.098862360452031,10.102953902426778,10.33710436122548,11.601498967772752,12.044788027940548,11.70506452840454,-0.19100405690216515,0.2639151083354089,-0.36634577074346275,-0.23415045879870178,0.33972349953600833,-0.6425966571658974,32.0,864.0,1.0,1.0,0.6816890835762024,0.8933486342430115,0.7978858351707458,0.4618470966815948,11.333285331726074,13.776405334472656,10.715132713317873,11.351277351379396,-0.21165955066680908,0.33603873848915106,-2.443120002746582,-0.6361446380615234,-832.0
a7744f5b,0.4876701519037285,0.4352844187963726,0.8538461538461538,2472.0,1584.0,1221.0,0.8547061495142171,0.8227809146303702,0.8626404845131967,0.5390618711906509,0.5953471010589197,0.5241364621676368,8.956901459712412,7.575059566491493,10.341030933711249,6.336772926890297,5.733567282759909,7.094692857671913,8.95623011776994,7.522482087429596,10.309804485576157,-0.03985956988282657,0.07121063889128298,-2.7659713672197555,-1.3611255749120046,-2.7873223981465607,-0.4185617350497812,60.0,745.0,1.0,1.0,0.8918877243995667,0.8797573447227478,0.4649995267391205,0.4903930127620697,6.059427738189697,11.497825622558594,6.059388160705566,11.343976020812988,0.012130379676818848,-0.02539348602294922,-5.4383978843688965,-5.284587860107422,-685.0
a783cc24,0.9417574931880108,0.9952067106051528,0.9281767955801103,2765.0,1661.0,1176.0,0.84359661261085,0.7828279379557519,0.8711337642114363,0.5592913147710236,0.6590478921053433,0.5076735876300119,8.817780527113943,8.089636735419484,9.9481642919727,6.651637110139735,6.258550329125425,7.35544263695904,8.796176081479771,8.035341333234669,9.946505922895607,-0.0883058262556844,0.1513743044753314,-1.8585275565532164,-1.096892307833615,-1.9111645896609382,0.06702991502504241,112.0,665.0,1.0,1.0,0.864838719367981,0.9213027358055116,0.5199255347251892,0.3967297971248626,6.785455703735352,8.80682373046875,6.768161773681641,8.690303802490234,-0.05646401643753063,0.1231957376003266,-2.0213680267333984,-1.9221420288085938,-553.0
a79fd2e7,0.7359745517640255,0.6768642447418738,0.9568081991215228,2545.0,1416.0,1307.0,0.8823034320733755,0.6281861065775751,0.9006232641566226,0.4851733049676672,0.8623385569744924,0.4458177561366917,10.435352002652996,7.421070803866075,12.642751221389922,6.914985702818332,5.616187310740807,8.190155239447455,10.34414916270686,7.281781721216311,11.991143789097372,-0.2724371575790475,0.41652080083780063,-5.221680417523847,-2.5739679287066473,-4.70936206788106,-0.27994395437964903,56.0,910.0,1.0,1.0,0.783505380153656,0.8974049687385559,0.6580191850662231,0.4529790878295898,5.556527614593506,13.988966941833496,5.5236897468566895,13.251080513000488,-0.1138995885848999,0.20504009723663336,-8.43243932723999,-7.727390766143799,-854.0
a7fc3e6b,0.7331471878739529,0.6419965576592083,0.9528795811518324,1838.0,1119.0,728.0,0.7446895981878089,0.4464905670303914,0.8946598949479677,0.7145773601398118,1.052149640469081,0.4589991395461048,16.003576811696398,17.46122688168557,13.395311925190402,11.796226460221645,13.99695050165495,8.36239538243963,15.956245628667352,17.21533489275784,13.31388571267602,-0.4481693279175763,0.5931505009229763,4.065914956495167,5.634555119215321,3.901449180081821,-0.3108830234926241,67.0,571.0,1.0,1.0,0.4465968310832977,0.9123657941818236,1.0520485639572144,0.4186507165431976,17.61820411682129,13.442880630493164,16.521623611450195,13.344027519226074,-0.46576896309852595,0.6333978474140167,4.175323486328125,3.177596092224121,-504.0
a85bb86f,0.518578352180937,0.3860711582134746,0.8060319337670018,2247.0,1020.0,1363.0,0.783750499752398,0.6342606810042923,0.7962352451317908,0.6576465619884316,0.8552652442321127,0.638380380131171,18.469610517499717,14.576968597733677,20.701570509337827,13.909245191916016,11.526751703381382,15.600234381616133,18.09829126677044,13.838236723351232,20.56720922998074,-0.16197456412749844,0.21688486410094165,-6.124601911604151,-4.07348267823475,-6.728972506629509,-0.4199607755535272,39.0,970.0,1.0,0.9729187488555908,0.6891806125640869,0.8002198934555054,0.7884407043457031,0.6321077346801758,14.575620651245115,22.282997131347656,12.24799346923828,22.270116806030277,-0.11103928089141846,0.15633296966552734,-7.707376480102541,-10.022123336791998,-931.0
a85e4bc3,0.6168894685360287,0.6049543676662321,0.7898172323759791,1892.0,1392.0,605.0,0.8152239457634971,0.7906781796548793,0.8427558225335886,0.6079079769776062,0.6470267696859546,0.5607926131225542,9.058068488109424,8.441406969234322,10.327920085665951,6.983321130947476,6.798013834412218,7.417852746316142,9.028133388641526,8.41726360876941,10.200255291685606,-0.05207764287870931,0.08623415656340039,-1.8865131164316296,-0.6198389119039245,-1.7829916829161956,-0.184862864709747,64.0,419.0,1.0,1.0,0.8782137036323547,0.8441516160964966,0.4935307502746582,0.5582981109619141,5.583789825439453,11.508427619934082,5.581542491912842,11.453062057495115,0.034062087535858154,-0.06476736068725586,-5.924637794494629,-5.871519565582274,-355.0
a87433c9,0.5555880631948508,0.4267223382045929,0.9638318670576737,1899.0,1022.0,986.0,0.8364844766128217,0.827853086479317,0.8358323012864084,0.5718662839985906,0.5867655639532419,0.5730055823700003,8.512216772419675,5.79463270906688,10.47060333367394,5.672114320717314,4.383819470391576,6.997371446780333,8.470232047742853,5.777136789612514,10.389430500836331,-0.007979214807091406,0.013759981583241543,-4.675970624607061,-2.6135519763887567,-4.612293711223818,-0.5371095288530807,21.0,403.0,0.5,0.5732574462890625,0.9689616560935974,0.8461152911186218,0.2491519302129745,0.5547696948051453,2.744041204452514,11.575568199157717,2.700928211212158,11.461181640625,0.12284636497497559,-0.30561776459217077,-8.831526994705202,-8.760253429412842,-382.0
a8ed028a,0.5102479575748889,0.4271090047393365,0.8284371327849589,3560.0,2253.0,1410.0,0.8278382465651173,0.7792037598858551,0.8664494473522693,0.5867908544530712,0.664524251046032,0.5168182517050471,11.058863212685958,9.911081529281777,12.472979289143538,8.334803410283326,7.955392662833002,8.76902747147223,10.784380075732107,9.7592412497934,11.909152957076431,-0.08724568746641415,0.14770599934098483,-2.561897759861761,-0.813634808639228,-2.1499117072830316,-0.4013281280456224,75.0,907.0,1.0,1.0,0.8324223756790161,0.817518949508667,0.5789259672164917,0.6041209101676941,8.997360229492188,15.061323165893556,8.494853973388672,14.726288795471191,0.014903426170349121,-0.025194942951202393,-6.063962936401369,-6.2314348220825195,-832.0
a959858c,0.7385103011093502,0.611764705882353,1.0,1864.0,1040.0,824.0,0.7274996913858119,0.6800138155215566,0.7534706149839399,0.7382415710513572,0.7999827304116551,0.7021814366900625,14.38906417954474,12.166101688346012,16.77946624165242,9.885619767938662,8.940234258046356,11.0788247804241,14.372805693979789,12.059135614802008,16.772461282956264,-0.07345679946238326,0.09780129372159263,-4.613364553306406,-2.1385905223777435,-4.713325668154257,-0.388235294117647,156.0,815.0,1.0,1.0,0.6675167679786682,0.754924476146698,0.8154547810554504,0.7001078724861145,13.591422080993652,16.735692977905273,13.590718269348145,16.727968215942383,-0.08740770816802979,0.11534690856933594,-3.144270896911621,-3.1372499465942383,-659.0
a9c9b150,0.400551533953809,0.2111973392461197,0.8568824065633546,1162.0,381.0,940.0,0.8212742574421116,0.7344153542720433,0.8244064005167488,0.5978724655942744,0.7288136191482109,0.5926104951538593,20.60040221814555,11.6463651280961,22.22982091681251,13.601500156426926,8.404225160626549,15.03280020735348,20.42304297562023,11.594433215215606,21.81775543600264,-0.08999104624470555,0.13620312399435153,-10.58345578871641,-6.628575046726931,-10.223322220787033,-0.6456850673172349,12.0,690.0,1.0,1.0,0.8456745743751526,0.8265476226806641,0.5555635690689087,0.5889862179756165,12.23138427734375,25.19374084472656,12.199655532836914,24.8018741607666,0.019126951694488525,-0.033422648906707764,-12.962356567382809,-12.602218627929688,-678.0
aa95015b,0.6131633714880333,0.5509045760908123,0.9482926829268292,2357.0,1553.0,972.0,0.854967154920476,0.7710469832564293,0.8632054226720868,0.5385774690414072,0.6766875449475492,0.5230575060696734,10.849142806042623,7.503679943707166,14.348750459251647,7.203508335545033,5.928727850022677,9.074724650655256,10.849039931701888,7.467853665067506,14.305848198177742,-0.09215843941565749,0.15363003887787585,-6.8450705155444815,-3.1459968006325782,-6.837994533110236,-0.3973881068360169,52.0,632.0,1.0,0.9768160581588744,0.899990975856781,0.8771727681159973,0.4472337663173675,0.4956354200839996,4.848671436309815,16.070898056030273,4.77223539352417,15.847637176513672,0.02281820774078369,-0.04840165376663208,-11.222226619720459,-11.075401782989502,-580.0
aaaf3c03,0.7405490549054905,0.7824090427410809,0.810291382517049,3291.0,2215.0,1307.0,0.8149059526692227,0.7541844908320628,0.8204901121857775,0.6084308462442997,0.7011640452389686,0.5991825895571775,12.074038209079257,9.711826776171517,15.452639111409477,8.291834212556623,7.541188457845564,9.88881672699525,12.072584805309978,9.7101330574913,15.452302964520436,-0.06630562135371465,0.10198145568179107,-5.74081233523796,-2.347628269149686,-5.742169907029137,-0.0278823397759681,98.0,840.0,1.0,1.0,0.7961107492446899,0.8227051496505737,0.6385753750801086,0.595474362373352,8.501875877380371,18.50977897644043,8.474579811096191,18.48064613342285,-0.02659440040588379,0.04310101270675659,-10.007903099060059,-10.00606632232666,-742.0
aaeffccb,0.7817574021012417,0.6610169491525424,0.9738372093023256,1637.0,702.0,1005.0,0.8426300315921971,0.828280762047682,0.8374362586915303,0.5610168774783927,0.5860362411187862,0.5701995112387763,13.09822862064416,9.67569432268354,14.930262773817416,9.559429769255448,7.632639296688715,10.848795374128327,13.080691235085007,9.647255165694611,14.829685619463737,-0.009155496643848293,0.015836729880009837,-5.254568451133876,-3.2161560774396127,-5.1824304537691255,-0.31282026014978326,30.0,703.0,1.0,1.0,0.8827909827232361,0.8441471457481384,0.4841673672199249,0.558306097984314,9.36716365814209,15.922643661499023,9.317026138305664,15.905020713806152,0.038643836975097656,-0.07413873076438904,-6.555480003356934,-6.587994575500488,-673.0
ab112491,0.5987735435830048,0.5304067660088603,0.915029208709506,4101.0,2634.0,1723.0,0.5492902676320226,0.248714179298344,0.7737740020266859,0.9494311269049244,1.225794290002736,0.6726455202754481,18.144960114511097,19.440201528443104,15.874548442310736,14.332644183669862,16.067833695072565,11.770175267184936,18.095375694995926,19.42122289972505,14.85108712361172,-0.5250598227283418,0.553148769727288,3.565653086132368,4.2976584278876295,4.570135776113329,-0.3846224427006457,89.0,1210.0,1.0,1.0,0.4350244700908661,0.8144126534461975,1.062991499900818,0.6092410683631897,17.537879943847656,16.326271057128906,17.537874221801758,15.128338813781738,-0.3793881833553314,0.4537504315376284,1.21160888671875,2.4095354080200195,-1121.0
ab18d3fc,0.5824961360123647,0.4962887125671871,1.0,3015.0,1939.0,1269.0,0.773796766230105,0.6769946046699861,0.8075859745427159,0.6726116766305726,0.8037479646381868,0.6203451063033932,12.129216771860198,10.17437805439406,14.577498851900437,9.013041591167658,8.090405292298568,10.5173831246301,11.946549648249889,10.060628347892427,14.344546305172177,-0.1305913698727298,0.18340285833479353,-4.403120797506377,-2.4269778323315325,-4.2839179572797494,-0.5037112874328129,75.0,845.0,1.0,1.0,0.692550778388977,0.8383071422576904,0.7841545939445496,0.5686701536178589,10.627715110778809,15.39488124847412,10.261686325073242,15.266377449035645,-0.14575636386871338,0.21548444032669067,-4.767166137695311,-5.004691123962402,-770.0
ab3ced07,0.6624335499113999,0.5182616736014795,0.9721995094031072,2243.0,1121.0,1189.0,0.7816642191915658,0.7441059751688631,0.7862904779504699,0.6608112904732094,0.7153936326682491,0.6537729300751601,13.23495663215606,10.23676870407179,15.741003890021844,9.138349929797144,7.748404500643968,10.68519026285649,13.13879096741571,10.213754370255288,15.394684722665076,-0.04218450278160679,0.06162070259308894,-5.504235185950053,-2.936785762212523,-5.1809303524097885,-0.4539378358016277,54.0,772.0,1.0,1.0,0.7464686036109924,0.8326005339622498,0.7120833992958069,0.5786181092262268,10.807662010192873,15.856178283691406,10.77732753753662,15.572959899902344,-0.08613193035125732,0.13346529006958008,-5.048516273498533,-4.795632362365724,-718.0
ab6fe95d,0.4520282186948853,0.3960155490767735,0.8268983268983269,2563.0,1630.0,1285.0,0.790759191773219,0.6374261507965655,0.8259844940364831,0.6469015508201863,0.8515560453703966,0.5899415326344076,10.588103052285026,9.460979398698967,12.521289570213812,7.706125268535706,7.347019682128533,9.002618450054403,10.535645644676684,9.42919290125669,12.381138278060217,-0.1885583432399176,0.261614512735989,-3.0603101715148444,-1.65559876792587,-2.9519453768035273,-0.4308827778215534,50.0,780.0,1.0,1.0,0.7718178033828735,0.8645726442337036,0.6755474805831909,0.5204370617866516,7.156465530395508,12.484041213989258,7.13646125793457,12.4552001953125,-0.09275484085083008,0.1551104187965393,-5.32757568359375,-5.31873893737793,-730.0
ab94878e,0.3544857768052516,0.2766585620006946,0.8532818532818532,2592.0,1593.0,1326.0,0.892290116494906,0.7842404747441,0.9019305975676328,0.4641333504610372,0.6569010964458806,0.4428756087940882,11.010102538708752,11.507173655594976,11.613090932768912,8.062870353992555,8.473789991368477,8.634115729475967,10.981122421321478,11.506453042259524,11.605350745242491,-0.11769012282353286,0.21402548765179236,-0.10591727717393695,-0.16032573810749007,-0.09889770298296696,-0.5766232912811586,44.0,856.0,1.0,1.0,0.8581147789955139,0.9405161142349244,0.5327010750770569,0.3449170589447021,11.315089225769045,11.889237403869627,11.175604820251465,11.64186668395996,-0.08240133523941051,0.1877840161323548,-0.5741481781005824,-0.4662618637084943,-812.0
abf460d2,0.7306368330464716,0.6276991809381981,0.9755351681957186,1698.0,843.0,957.0,0.9258498411587875,0.3739760424456521,0.9220577686065228,0.3850978027494118,1.1189494694170492,0.3948220647164421,11.455079903243956,8.109923367601763,13.5114494510457,8.091749252770514,6.172436126208994,9.609071047707936,11.400379370618692,7.481784848837353,12.682926539833174,-0.5480817261608707,0.7241274047006071,-5.401526083443937,-3.436634921498942,-5.201141690995821,-0.3478359872575205,53.0,670.0,1.0,1.0,0.6069315671920776,0.8764570951461792,0.8866435885429382,0.4970772564411163,6.129474639892578,15.362923622131348,5.537894248962402,13.958625793457031,-0.26952552795410156,0.38956633210182195,-9.23344898223877,-8.420731544494629,-617.0
ac6f01d5,0.4881985686005786,0.3684534812076401,1.0,3206.0,1794.0,1698.0,0.7554751002855329,0.6397854453998583,0.778085783925429,0.6993209559486504,0.8487809547817879,0.6662044972447588,15.238582695027528,12.997714122507022,17.64066032397541,10.544963921359011,9.05624956379759,12.581383710242768,15.122290561432475,12.687937292551158,17.598182162357865,-0.13830033852557078,0.1825764575370291,-4.642946201468389,-3.525134146445179,-4.910244869806707,-0.6315465187923599,66.0,983.0,1.0,0.9849699139595032,0.6807789206504822,0.8062941431999207,0.7990257740020752,0.6224240660667419,14.190999984741213,18.73686790466309,13.75967025756836,18.657888412475582,-0.12551522254943848,0.17660170793533325,-4.545867919921877,-4.898218154907223,-917.0
ad2133a8,0.6250480954213159,0.584720861900098,0.9676840215439856,3249.0,2388.0,1078.0,0.5347876697604612,0.4789699731244191,0.5868123245341259,0.9645852271723208,1.020813427493566,0.9090518967208352,16.234076698383465,14.094233986285492,20.180496550015537,10.636973503334657,9.68362204043786,12.922500298408984,16.216482902964838,13.996610111034052,19.054023903338912,-0.10784235140970683,0.11176153077273088,-6.086262563730045,-3.2388782579711233,-5.05741379230486,-0.3829631596438876,98.0,642.0,1.0,1.0,0.6248672604560852,0.6268274188041687,0.8661786913871765,0.8639127016067505,12.00212574005127,22.8715763092041,11.85547161102295,22.076045989990234,-0.001960158348083496,0.0022659897804260254,-10.869450569152832,-10.220574378967285,-544.0
add9c322,0.6909750201450443,0.58420085731782,0.9717314487632508,1715.0,954.0,825.0,0.8533028817214142,0.2822658332115708,0.9069734447258768,0.5416587824056502,1.1981103177824897,0.4313387422296383,11.520624681994253,10.7951116275731,12.628797812138805,8.524368215543038,8.256745773930897,9.09808926571406,11.496869577420007,10.69996158925554,12.628527551559678,-0.624707611514306,0.7667715755528514,-1.833686184565705,-0.8413434917831637,-1.9285659623041376,-0.3875305914454308,46.0,580.0,1.0,1.0,0.7391263842582703,0.9179102182388306,0.7223207354545593,0.4051907658576965,9.714189529418944,13.415315628051758,9.392386436462402,13.413857460021973,-0.1787838339805603,0.31712996959686285,-3.7011260986328143,-4.02147102355957,-534.0
ae069086,0.581753023741974,0.5373575348248206,0.8861664114344053,3896.0,2546.0,1736.0,0.8931817280180463,0.7630770010192093,0.9227131970980262,0.4622083339403428,0.6883647274240462,0.3931584995951983,10.187709082907272,9.724784181690035,11.079208508078231,7.867889287909191,7.75816859004285,8.301783169980446,10.172562845352813,9.671689960648616,11.07507502676286,-0.15963619607881696,0.2952062278288479,-1.3544243263881963,-0.5436145799375964,-1.4033850661142449,-0.3488088766095847,75.0,1184.0,1.0,1.0,0.8993476629257202,0.936833679676056,0.4486698806285858,0.3554330468177795,7.294861316680908,11.159016609191896,7.271982669830322,11.153329849243164,-0.037486016750335804,0.09323683381080633,-3.864155292510988,-3.881347179412842,-1109.0
ae0784a8,0.5164165103189493,0.4379320709347761,0.8676627534685165,2202.0,1457.0,813.0,0.9036834130034208,0.9043513104729424,0.8953124801150167,0.4388999589805838,0.4373755583638791,0.4575751739003838,8.241955470060418,7.273201474338219,9.917111482093512,6.278978065465898,5.753409068466652,7.388915794086741,8.222821819207478,7.248333862185113,9.898095574460225,0.009038830357925631,-0.020199615536504734,-2.6439100077552933,-1.6355067256200888,-2.6497617122751116,-0.4297306825337404,51.0,521.0,1.0,1.0,0.94606614112854,0.9001660943031311,0.3284322023391723,0.4468420445919037,5.006368637084961,9.866138458251951,4.940710067749023,9.784978866577148,0.045900046825408936,-0.11840984225273138,-4.85976982116699,-4.844268798828125,-470.0
ae35f33a,0.4758635961027458,0.3850557396806267,0.8638262322472848,2149.0,1278.0,1034.0,0.8034023045599349,0.6273072816493339,0.7595376165018808,0.6270529410505385,0.8633570736962385,0.6934873949800663,11.87635887032405,6.305942899176784,15.963479510363303,7.5064397283389,4.465990320745345,11.048301427627104,11.856244757480733,6.175347270768103,15.961679671099988,-0.13223033485254687,0.1698696787161722,-9.657536611186519,-6.582311106881759,-9.786332400331885,-0.47877049256665816,42.0,736.0,1.0,1.0,0.6494644284248352,0.6494380831718445,0.8372998833656311,0.8373313546180725,7.264763355255127,17.506637573242188,6.9222612380981445,17.50577163696289,2.6345252990722656e-05,-3.147125244140625e-05,-10.24187421798706,-10.583510398864746,-694.0
ae8959c3,0.5755994128200946,0.4472182596291013,0.9272727272727272,3529.0,1881.0,1785.0,0.9201105193209737,0.9337160914547464,0.90249155190369,0.3997236062056539,0.3640986364853718,0.4416071740728628,9.875070163162286,9.539087842084372,9.963261410265517,7.1744407303506295,7.076563388105035,7.090363117805234,9.86596323068849,9.462800193651018,9.770949332950863,0.03122453955105642,-0.07750853758749104,-0.4241735681811445,-0.013799729700198604,-0.3081491392998448,-0.48005446764362597,69.0,1249.0,1.0,1.0,0.9279688000679016,0.9177905917167664,0.3795555233955383,0.4054858982563019,10.661372184753418,10.891450881958008,10.649062156677246,10.390911102294922,0.010178208351135254,-0.025930374860763605,-0.23007869720458984,0.2581510543823242,-1180.0
aed44918,0.7472766884531591,0.6928746928746928,0.9129662522202486,1029.0,564.0,514.0,0.7851626144500491,0.8257246976804015,0.7388828107774313,0.6554958208104014,0.5903817448390466,0.7226578571116052,12.058862947828963,9.43732637447076,14.779205859425367,8.968288396402205,7.705296706367519,10.880226092378011,12.05874782691572,9.430085495180476,14.766955093277383,0.08684188690297012,-0.13227611227255864,-5.341879484954607,-3.1749293860104926,-5.336869598096907,-0.2200915593455558,33.0,337.0,1.0,1.0,0.8935443758964539,0.7156929969787598,0.4614230692386627,0.7540649771690369,8.968589782714844,15.505575180053713,8.96785831451416,15.490681648254396,0.1778513789176941,-0.29264190793037415,-6.536985397338869,-6.522823333740236,-304.0
aee6393a,0.3273125342090859,0.2859509609012591,0.7971698113207547,1196.0,863.0,507.0,0.7590247213913959,0.799181494894599,0.7208264979319908,0.6942265892467734,0.6337483808348563,0.747226206804886,10.26319215853688,8.159208498871264,12.837100409331024,7.173902101730986,6.384220251731759,8.553495095944186,9.56641299951912,7.207487953813985,12.64940938263357,0.07835499696260817,-0.11347782597002976,-4.67789191045976,-2.169274844212427,-5.441921428819585,-0.5112188504194957,29.0,260.0,1.0,1.0,0.8959546685218811,0.640935480594635,0.4561695456504822,0.8474249243736267,7.38883113861084,15.252931594848633,5.325094699859619,15.141127586364746,0.2550191879272461,-0.39125537872314453,-7.864100456237793,-9.816032886505127,-231.0
af7a59ce,0.4292379471228615,0.3129629629629629,0.8597156398104265,1380.0,676.0,907.0,0.767390150671419,0.922173166319836,0.6896163940058876,0.6820701566973605,0.3945296786812469,0.7878878168801856,15.269643359900735,8.826271333779662,17.645433253625676,9.837461738831411,7.192164166027227,11.069436305271624,15.251879178682035,8.803965949492436,17.64353389764499,0.23255677231394845,-0.3933581381989387,-8.819161919846014,-3.877272139244398,-8.839567948152553,-0.5467526768474636,23.0,589.0,1.0,1.0,0.9205942153930664,0.5859507918357849,0.398511677980423,0.909999132156372,8.317575454711914,21.557323455810547,8.182280540466309,21.41341590881348,0.3346434235572815,-0.511487454175949,-13.239748001098633,-13.231135368347172,-566.0
aff4e561,0.5153010858835143,0.368732321933659,1.0,2610.0,1434.0,1176.0,0.6728828228692614,0.4068457652954695,0.7986724030388217,0.8088475469836558,1.0891778869445805,0.6345511751800296,15.801503415030652,15.104692161744056,16.611682110710635,11.846400183078016,11.717378428202492,12.003727731115005,15.794346379759071,14.226566786855882,15.79870887558293,-0.3918266377433522,0.45462671176455094,-1.506989948966579,-0.28634930291251237,-1.5721420887270483,-0.631267678066341,42.0,707.0,1.0,1.0,0.3791722059249878,0.8199810981750488,1.1142959594726562,0.6000314950942993,15.500384330749512,18.33809471130371,13.542871475219728,16.951383590698242,-0.44080889225006104,0.5142644643783569,-2.837710380554199,-3.408512115478514,-665.0
b04b58a3,0.5307567786321328,0.5126699629171817,0.7262602579132473,2623.0,1659.0,1239.0,0.7554844207623819,0.3602497517499443,0.90610961086859,0.6993076279258194,1.1311500769129228,0.4333367954176292,10.89204994719521,12.166907033240458,8.45188940462804,7.87289083672762,9.19366552708345,6.054313580864752,10.889295921827587,12.16025778198126,8.27941130348008,-0.5458598591186457,0.6978132814952935,3.715017628612417,3.1393519462186976,3.88084647850118,-0.21359029499606563,64.0,794.0,1.0,1.0,0.45546755194664,0.9254261255264282,1.0435826778411863,0.3861965239048004,11.682109832763672,9.039237022399902,11.643316268920898,8.902572631835938,-0.4699585735797882,0.6573861539363859,2.6428728103637695,2.740743637084961,-730.0
b0d42b0d,0.6064799190010125,0.4979386165826844,0.926923076923077,1797.0,1087.0,723.0,0.7203262420641889,0.6872867493690221,0.7232396906922153,0.7478953909950389,0.7908391121220268,0.7439896629762872,16.19900318343663,9.619820912868486,22.72680056736193,10.430467773567278,7.700271338925503,14.548506582496191,16.101939283990802,8.831568629568457,22.693609259820104,-0.035952941323193155,0.04684944914573963,-13.106979654493445,-6.848235243570689,-13.862040630251647,-0.42898446034039256,67.0,471.0,1.0,1.0,0.85860276222229,0.7744161486625671,0.5317842364311218,0.6716901659965515,8.049809455871582,23.86875915527344,5.798375606536865,23.79400062561035,0.0841866135597229,-0.1399059295654297,-15.818949699401859,-17.995625019073486,-404.0
b0f53bf4,0.6103640537881273,0.5345691382765531,0.8575498575498576,1861.0,1067.0,903.0,0.7887997108257415,0.6664181409720531,0.8103324820125937,0.6499235173068574,0.8168009047839588,0.6159018070884454,13.84379781654399,12.690482393968365,15.257927259033924,10.676923457476583,10.13601678095764,11.62347219682852,13.548284441902563,12.689126488829096,14.53036812259829,-0.14391434104054057,0.2008990976955134,-2.567444865065559,-1.4874554158708797,-1.8412416337691937,-0.3229807192733045,39.0,487.0,1.0,1.0,0.6689260005950928,0.864321768283844,0.8137247562408447,0.5209188461303711,13.840031623840332,13.239230155944824,13.300825119018556,12.757013320922852,-0.19539576768875122,0.29280591011047363,0.6008014678955078,0.5438117980957049,-448.0
b19b0395,0.3823444283646888,0.327493743296389,0.8556231003039514,2642.0,1832.0,1126.0,0.7650115727947308,0.7478966816485395,0.8170954437054776,0.6855485791762232,0.7100750922986392,0.604821554335694,10.492309177387638,10.365802520371162,10.15702759172764,7.489538916880105,7.566758173865,7.0348566993732975,10.260707557003256,9.908208625961866,10.081009451454406,-0.06919876205693809,0.10525353796294523,0.2087749286435212,0.5319014744917023,-0.1728008254925406,-0.5281293570075625,53.0,656.0,1.0,1.0,0.7769595980644226,0.8098023533821106,0.6678928136825562,0.6167619228363037,9.079315185546877,11.566483497619627,8.296335220336914,11.516462326049805,-0.03284275531768799,0.05113089084625244,-2.4871683120727504,-3.2201271057128906,-603.0
b1efb8a4,0.3506818814361258,0.290436005625879,0.7703604806408545,2520.0,1652.0,1154.0,0.8342358779761211,0.8267333622131126,0.8150504025108921,0.5757848939037545,0.5886707701030983,0.608193386167768,12.17298302980782,8.586988572395818,15.964354491616062,8.17718581541875,6.877120004868799,10.391411467869368,12.150958979512987,8.29416589206661,15.940628754056108,0.011682959702220441,-0.01952261606466965,-7.377365919220244,-3.5142914630005686,-7.646462861989498,-0.4799244750149755,40.0,742.0,1.0,1.0,0.8541028499603271,0.8148401975631714,0.5401798486709595,0.6085389256477356,7.848068714141846,17.055917739868164,7.570417404174805,16.7723331451416,0.03926265239715576,-0.06835907697677612,-9.207849025726318,-9.201915740966797,-702.0
b32902c0,0.6221696519094289,0.4600804135554279,0.9466338259441708,1841.0,801.0,1153.0,0.8589244690711921,0.6287238217584862,0.8824048995646127,0.5311789358188216,0.8617147767579639,0.4849641232820987,12.47370486464177,9.874699034336878,13.802696962634124,8.793434265172852,7.614518342577221,9.567044311114582,12.434502377782836,9.87077004013962,13.690794217904092,-0.2536810778061265,0.3767506534758652,-3.9279979282972466,-1.952525968537361,-3.8200241777644717,-0.4865534123887429,51.0,831.0,1.0,1.0,0.7981207966804504,0.8864679932594299,0.6354198455810547,0.4765123426914215,9.600857734680176,15.24651050567627,9.323206901550291,15.195883750915527,-0.08834719657897949,0.15890750288963318,-5.645652770996094,-5.872676849365236,-780.0
b32e4903,0.3747664894381377,0.3392953929539295,0.7577247191011236,2608.0,1878.0,1079.0,0.7021381300406813,0.7701294848956234,0.7175046617830365,0.7718314193647713,0.6780420563716923,0.7516586169491619,11.033439118942493,7.8581357924743696,15.409455419032112,7.124184995281862,5.559181570691396,10.690262953577836,11.033426190457035,7.687171076804184,15.12463084360248,0.05262482311258687,-0.07361656057746957,-7.551319626557742,-5.13108138288644,-7.4374597667982965,-0.4184293261471941,46.0,699.0,1.0,1.0,0.7864876985549927,0.6574870347976685,0.6534711718559265,0.8276629447937012,6.810418128967285,17.11456871032715,6.666673183441162,16.85782241821289,0.12900066375732422,-0.17419177293777466,-10.304150581359863,-10.191149234771729,-653.0
b3388334,0.5643498503491853,0.4994549814693699,0.948843728100911,3394.0,2291.0,1354.0,0.8488184665523474,0.8342876259835549,0.8676154941484079,0.5498755012685191,0.5756950130345844,0.5145571024708377,11.393970217843275,11.407941020158017,11.78250489897976,8.453983352390711,8.691829766819497,8.392967470892293,11.39397021606427,11.377730543048129,11.711473459337933,-0.033327868164853,0.06113791056374662,-0.3745638788217427,0.29886229592720426,-0.333742916289804,-0.4493887466315411,115.0,894.0,1.0,1.0,0.8208458423614502,0.874758780002594,0.5985885858535767,0.5004822015762329,9.574081420898438,12.119695663452148,9.56369972229004,11.931103706359863,-0.0539129376411438,0.09810638427734375,-2.545614242553711,-2.3674039840698224,-779.0
b37fd114,0.5112849162011173,0.4545090715048026,0.9566712517193948,4576.0,3407.0,1391.0,0.7588945585197933,0.7343421867206652,0.7850375622564945,0.6944140572888868,0.7289140049132473,0.6556865680239387,13.379354857155375,12.606905809839573,15.036029969432985,10.33236019256332,10.219378303732745,10.67184826269088,13.213208605722867,12.235484606884407,15.03595490794568,-0.05069537553582926,0.07322743688930866,-2.429124159593412,-0.4524699589581349,-2.8004703010612726,-0.5021621802145922,108.0,756.0,1.0,1.0,0.7596285343170166,0.8275957703590393,0.6933562755584717,0.5872039198875427,11.356083869934082,15.432392120361328,10.52851104736328,15.431768417358398,-0.0679672360420227,0.10615235567092896,-4.076308250427246,-4.903257369995119,-648.0
b38e3116,0.3575789753119193,0.2933356059314811,0.7108578284343131,2694.0,1721.0,1185.0,0.8418359271080066,0.7669048371010732,0.8571175667689453,0.5624305697452681,0.6827813162337218,0.5345697956881863,11.555540458159811,9.664525345029205,13.279970824954018,7.988756231118988,7.292401836807151,8.593183353951574,11.5260542569984,9.62487379715141,13.271253878128093,-0.0902127296678722,0.14821152054553555,-3.615445479924814,-1.300781517144423,-3.646380080976682,-0.417522222502832,50.0,862.0,1.0,1.0,0.7762327194213867,0.866688072681427,0.6689802408218384,0.516356348991394,9.016512870788574,14.721151351928713,8.827117919921875,14.640206336975098,-0.09045535326004028,0.15262389183044434,-5.7046384811401385,-5.813088417053223,-812.0
b4d8dd4f,0.5843660629170638,0.4559396932674811,0.9856938483547926,3065.0,1754.0,1378.0,0.8373073159959353,0.8380040056394309,0.8403992176319368,0.5704256025180929,0.5692029415956475,0.5649792604477852,16.04453518643457,15.095955314442657,17.22844875084056,12.09011666639022,12.117677255455169,12.04029345906116,15.624872141818978,14.135529463814688,17.17563048447426,-0.002395211992505919,0.004223681147862313,-2.132493436397903,0.07738379639400783,-3.0401010206595735,-0.5297541550873115,106.0,871.0,1.0,0.9742729067802428,0.8455934524536133,0.8487996459007263,0.5557095408439636,0.5499097108840942,12.365979194641112,19.082996368408203,11.207566261291504,19.075902938842773,-0.003206193447113037,0.005799829959869385,-6.717017173767092,-7.8683366775512695,-765.0
b4f37e6e,0.7524366471734892,0.6864057672502575,0.9049295774647887,2316.0,1333.0,1028.0,0.8561324594172194,0.9042458571511396,0.8183630192575084,0.5364094342622632,0.4376165966890664,0.6027221262613337,14.46194131691507,11.349399216707214,17.577715933186916,10.213769534752826,8.408532816688897,12.492217320612262,14.45045979077693,11.349330571316113,17.51595585990208,0.08588283789363116,-0.16510552957226732,-6.228316716479702,-4.083684503923365,-6.166625288585966,-0.21852381021453127,71.0,646.0,1.0,0.9685157537460328,0.8950862884521484,0.8364784717559814,0.458069235086441,0.5718767642974854,9.720748901367188,18.29911422729492,9.7079496383667,18.219066619873047,0.05860781669616699,-0.11380752921104437,-8.57836532592773,-8.511116981506348,-575.0
b56bc0aa,0.3894629849229205,0.3065592635212888,0.8664955070603337,2299.0,1332.0,1350.0,0.7793574714611947,0.5879260828930397,0.786238464150116,0.6642929000656341,0.907825883203338,0.653852484662839,16.675623792253226,14.496517301981354,18.95935966095208,12.685494987379304,11.889680070028476,13.98217050463454,16.673923275843478,14.414627450891818,18.893879914950883,-0.1983123812570763,0.25397339854049905,-4.462842358970727,-2.0924904346060647,-4.479252464059066,-0.5599362435390449,32.0,866.0,1.0,0.9752252101898192,0.7001076936721802,0.8277347683906555,0.7744576334953308,0.5869671702384949,14.057221412658691,20.688159942626957,13.783987998962402,20.514877319335938,-0.12762707471847534,0.18749046325683594,-6.630938529968265,-6.730889320373535,-834.0
b585b4fa,0.5757633225867628,0.5195456946645536,0.831876260928043,3036.0,1967.0,1237.0,0.8026332109634546,0.7621937487197032,0.8240769830261286,0.6282782648421722,0.6896466505106753,0.5931661099116694,10.577132398584572,9.225770772178793,12.422183207025606,7.434187923536033,7.219506328047515,7.996990352157728,10.546029230008736,9.200495091327866,12.375869238193651,-0.061883234306425394,0.0964805405990059,-3.1964124348468133,-0.7774840241102128,-3.175374146865785,-0.31233056626348943,75.0,874.0,1.0,1.0,0.8282014727592468,0.8147850036621094,0.5861715078353882,0.608629584312439,7.83209228515625,13.780064582824709,7.829519271850586,13.779962539672852,0.013416469097137451,-0.02245807647705078,-5.947972297668459,-5.950443267822266,-799.0
b5aa9634,0.3400428775607432,0.3009404388714733,0.839622641509434,2855.0,2112.0,1157.0,0.788123957026735,0.7587072230346438,0.7877927700253027,0.6509624305184823,0.6946837798097149,0.6514709970132168,10.281926030735985,8.747560010435967,12.920032671594038,6.850321828478024,6.792707762231291,7.720699594894179,10.27011318457776,8.673048400672117,12.534825909602915,-0.029085546990658906,0.043212782796498095,-4.172472661158071,-0.9279918326628884,-3.861777508930798,-0.5386822026379607,75.0,573.0,1.0,1.0,0.6635227203369141,0.8126803636550903,0.8203380703926086,0.6120778322219849,9.615785598754885,14.185199737548828,9.090169906616213,14.180131912231444,-0.14915764331817627,0.20826023817062378,-4.5694141387939435,-5.089962005615231,-498.0
b7974e66,0.5271920088790233,0.4655500570993529,0.9375639713408394,1900.0,1223.0,916.0,0.7943973297466553,0.7716111707667834,0.8166603993679145,0.6412529458074164,0.6758532817604965,0.6055404208342917,10.336014216337356,8.77636221179319,12.156010399028428,7.82286539742282,6.795293549380133,9.358658402500932,9.832287631543077,8.499267642159072,11.050685134507544,-0.04504922860113103,0.07031286092620481,-3.3796481872352384,-2.563364853120799,-2.551417492348472,-0.4720139142414865,39.0,524.0,1.0,1.0,0.8387564420700073,0.8355580568313599,0.5678794980049133,0.5734840035438538,6.677375316619873,13.011885643005373,6.325216293334961,12.715665817260742,0.003198385238647461,-0.00560450553894043,-6.3345103263855,-6.390449523925781,-485.0
b7cdcecb,0.518810542915071,0.3977978543195934,0.9966555183946488,2303.0,1409.0,894.0,0.8023745287240388,0.8410524283951851,0.7678609355981598,0.628689861976414,0.5638219073516297,0.6813795776244548,12.37019218283412,10.52244760408145,14.8218997419033,9.105742764661365,8.07180899524293,10.735287150691091,12.303902140998265,10.266934828758307,14.81804832902185,0.0731914927970253,-0.11755767027282504,-4.29945213782185,-2.6634781554481606,-4.551113500263543,-0.5988576640750554,52.0,556.0,1.0,1.0,0.869773805141449,0.7848354578018188,0.5103453397750854,0.655994713306427,8.351934432983398,16.45245933532715,7.851822376251221,16.276281356811523,0.08493834733963013,-0.14564937353134155,-8.10052490234375,-8.424458980560303,-504.0
b7fea9ef,0.5395014786649768,0.4002407463135721,0.9227498228206944,2554.0,1330.0,1302.0,0.8354049825709009,0.5860575449981947,0.8964542338465855,0.5737508473703531,0.9098818110082268,0.4550731065519352,9.752253486667351,10.413191275601656,9.291508782178868,7.361668522979575,8.24262960861378,6.642468277915984,9.751681055663084,10.378483081610684,9.256378867305804,-0.3103966888483908,0.4548087044562916,1.1216824934227887,1.600161330697797,1.1221042143048798,-0.5225090765071223,37.0,803.0,1.0,1.0,0.6493744254112244,0.9407386183738708,0.8374074101448059,0.3442713618278503,8.891329765319824,8.041378021240234,8.753161430358887,8.035346984863281,-0.2913641929626465,0.4931360483169556,0.8499517440795898,0.7178144454956055,-766.0
b85f7b06,0.3996362809729484,0.2895256916996047,0.8481291269258987,1758.0,879.0,1156.0,0.7580308207275016,0.6276306865670978,0.7667065003966196,0.695656782145475,0.8629824024079544,0.6830717379651722,13.354230518726794,8.430576886266696,15.46757479180506,8.965904769067555,6.875950693220588,10.330545686666303,13.348972349913712,8.416184609921396,15.455316350516409,-0.13907581382952183,0.17991066444278225,-7.036997905538364,-3.454594993445715,-7.039131740595012,-0.5586034352262941,21.0,683.0,1.0,0.9785100221633912,0.6568967700004578,0.7736990451812744,0.8283758163452148,0.6727569699287415,8.253426551818848,18.966835021972656,8.120070457458496,18.94579124450684,-0.11680227518081665,0.1556188464164734,-10.713408470153809,-10.825720787048343,-662.0
b881d27e,0.5384114583333334,0.365015166835187,0.953382084095064,1654.0,722.0,1043.0,0.5971154722094068,0.6859451311847717,0.5813304762757477,0.8976463978545152,0.7925337454206329,0.915062318887902,14.86120446964212,10.266532901715514,17.129283214255338,9.300370820795504,7.857730172546705,10.356058036929497,14.772884984391986,10.079945501538411,17.03954884691874,0.104614654909024,-0.12252857346726909,-6.8627503125398235,-2.4983278643827918,-6.95960334538033,-0.588366917259877,56.0,626.0,1.0,1.0,0.7623133063316345,0.5766727328300476,0.6894732713699341,0.9201382994651794,10.078043937683104,20.27715301513672,9.820643424987791,20.27713966369629,0.18564057350158691,-0.23066502809524536,-10.199109077453615,-10.456496238708498,-570.0
b8c49c1a,0.6579427875836884,0.5866306954436451,0.9774011299435028,3243.0,1957.0,1557.0,0.8073307787889472,0.6363642680686425,0.8456960397442661,0.6207563470655016,0.8528021246823408,0.5555249053926096,11.946824866205093,10.088286318785132,13.72997634443237,8.73335014364922,7.690761630852474,9.965620151900922,11.94062828810985,9.91275977925404,13.659028444291671,-0.20933177167562356,0.2972772192897313,-3.6416900256472378,-2.274858521048447,-3.746268665037631,-0.3907704344998577,65.0,1042.0,1.0,1.0,0.7248626351356506,0.8650530576705933,0.7418050765991211,0.5195131301879883,8.710073471069336,14.99020767211914,8.528847694396973,14.69266414642334,-0.14019042253494263,0.2222919464111328,-6.280134201049805,-6.163816452026367,-977.0
b95e7121,0.2960479383649593,0.1760108732585796,0.9964381121994658,2075.0,1036.0,1119.0,0.7271994020218128,0.1849388515531563,0.7902150840143755,0.738648222062691,1.2767624277420164,0.6477421029786847,16.687040426395374,17.4478642626655,16.42501513300183,11.16517271250476,12.042700747241886,10.825889617699204,16.299471457322227,16.65708156538418,16.17883323921779,-0.6052762324612191,0.6290203247633317,1.0228491296636726,1.2168111295426822,0.478248326166387,-0.8204272389408862,24.0,703.0,1.0,0.9804741740226746,0.2942145466804504,0.8086051940917969,1.1880954504013062,0.6186999082565308,15.225218772888184,16.82716941833496,14.701818466186523,16.77726936340332,-0.5143906474113464,0.5693955421447754,-1.6019506454467773,-2.075450897216797,-679.0
b977be4a,0.6135416666666667,0.5719093560691048,0.884113584036838,3534.0,2549.0,1152.0,0.7871205026537195,0.777143965011967,0.7727267716578692,0.6525021032093008,0.6676167088802272,0.674200605668863,12.223666737945855,10.102254100868125,16.433358454847358,8.824125133105914,7.99118793906521,11.31951677069273,12.149010924336144,10.04621750110788,16.32024838593197,0.004417193354097848,-0.006583896788635801,-6.331104353979233,-3.3283288316275197,-6.274030884824089,-0.3122042279677333,110.0,666.0,1.0,1.0,0.830050528049469,0.8074027895927429,0.5830085277557373,0.6206403374671936,7.993747711181641,17.7120361328125,7.938268661499023,17.438961029052734,0.022647738456726074,-0.0376318097114563,-9.71828842163086,-9.500692367553711,-556.0
ba48188d,0.7637744034707158,0.8124817731116943,0.7883149872988993,3521.0,2786.0,931.0,0.6243840961631074,0.6023970560916662,0.7272615038565923,0.8667362965018744,0.8917431736866102,0.7385641422969406,14.135646739545258,13.06743798055477,16.211147957596612,10.284293201832892,9.689873917569557,11.380262149940814,14.12021343668227,12.684424386481,14.759097059557632,-0.12486444776492611,0.1531790313896696,-3.1437099770418424,-1.690388232371257,-2.0746726730766323,0.024166785812795077,210.0,555.0,1.0,1.0,0.6659219264984131,0.7933976054191589,0.8174082040786743,0.642810046672821,12.107995986938477,18.034252166748047,11.72314739227295,15.72610092163086,-0.12747567892074585,0.17459815740585327,-5.92625617980957,-4.00295352935791,-345.0
bb2cdd83,0.4042992972302604,0.2978918423464711,0.8178913738019169,1956.0,975.0,1280.0,0.7677750197761031,0.180909235736001,0.7998110863624063,0.6815056569448223,1.2799146567361426,0.6327541602195812,11.556056859994108,8.59753130126291,12.94396024181052,7.7234938149308014,6.558539110855444,8.49722968143891,11.506421073289856,8.24895059664888,12.913714744477454,-0.6189018506264052,0.6471604965165614,-4.346428940547611,-1.938690570583466,-4.664764147828574,-0.5199995314554458,26.0,900.0,1.0,1.0,0.4185164868831634,0.8102993965148926,1.0784094333648682,0.6159555315971375,8.253204345703125,14.465245246887209,7.7929301261901855,14.464564323425291,-0.3917829096317292,0.4624539017677307,-6.212040901184084,-6.671634197235106,-874.0
bb337fa0,0.7199715707178393,0.6630052724077329,0.9684014869888476,2026.0,1509.0,521.0,0.8395053843764078,0.8023883631617164,0.8846551123475624,0.5665591154038425,0.6286678564047691,0.4803017544261889,10.120527124326086,9.468191963606056,11.80580775583435,7.770676178546068,7.411537585700421,8.807943703111377,10.12052268177993,9.449367203798037,11.670348089685298,-0.08226674918584609,0.1483661019785802,-2.337615792228293,-1.3964061174109563,-2.2209808858872613,-0.30539621458111477,75.0,349.0,1.0,0.977591037750244,0.8526992201805115,0.8901816010475159,0.542772114276886,0.4686542451381683,9.186403274536133,12.045401573181152,9.153121948242188,11.682462692260742,-0.037482380867004395,0.0741178691387177,-2.8589982986450195,-2.5293407440185547,-274.0
bb682ebd,0.6942617373554094,0.6141839158466237,0.8714090287277702,3061.0,1810.0,1274.0,0.8148010894281851,0.512081375507367,0.8943336151258882,0.6086031721439101,0.9878447494344776,0.4597094405689573,17.103280105419117,13.73848362579706,21.00041702288585,12.62584919560958,10.795358486094052,15.318365232877085,16.752431053434815,13.724585744372822,18.88235594893966,-0.3822522396185212,0.5281353088655203,-7.261933397088788,-4.523006746783032,-5.157770204566839,-0.25722511288114647,73.0,905.0,1.0,1.0,0.6921278238296509,0.9135696887969972,0.7846937775611877,0.415765106678009,11.445523262023926,23.19920921325684,11.441035270690918,20.406959533691406,-0.2214418649673463,0.36892867088317877,-11.753685951232914,-8.965924263000488,-832.0
bc4381e2,0.562577065351418,0.5429122468659595,0.6461538461538462,1825.0,1126.0,756.0,0.720905465976104,0.6412107096025792,0.7776957353673009,0.7471205177531881,0.847100100811493,0.6667897189259882,10.123131871151855,9.832491425361782,10.376176326499609,7.693406066837658,7.477236444248585,7.892318784811972,9.9809259661193,9.692933385919686,10.211538199787215,-0.13648502576472166,0.18031038188550486,-0.5436849011378264,-0.4150823405633872,-0.5186048138675297,-0.10324159928788668,42.0,437.0,1.0,0.5284159779548645,0.7745062112808228,0.8062523603439331,0.6715561151504517,0.622491180896759,8.54517936706543,11.521222114562988,8.036518096923828,11.499271392822266,-0.03174614906311035,0.04906493425369263,-2.9760427474975586,-3.4627532958984375,-395.0
bcebcc5f,0.5771844660194175,0.4902204284383731,0.8887652947719689,2378.0,1579.0,799.0,0.8975213460501664,0.7764765906666248,0.9401794672756288,0.4527221089141408,0.6686155985816892,0.3458916961257418,10.56126882448766,9.780804121913436,11.954723153621824,7.767703737993265,7.772613227217818,7.758001505846115,10.503798430511855,9.777998561530111,11.619358221007523,-0.16370287660900407,0.3227239024559474,-2.1739190317083885,0.014611721371702302,-1.841359659477412,-0.39854486633359576,77.0,597.0,1.0,1.0,0.882897138595581,0.9372528195381165,0.4839480519294739,0.3542518317699432,6.906730175018311,12.967812538146973,6.854310512542725,12.731361389160156,-0.0543556809425354,0.1296962201595307,-6.061082363128661,-5.877050876617432,-520.0
bd2c2f34,0.5105111750387253,0.4372937293729373,0.9796149490373726,2307.0,1590.0,865.0,0.8022302068071845,0.5707904179348696,0.8995742159061527,0.6289193798776048,0.9265091279260343,0.4481646663757581,8.614669252763225,8.454251184342995,8.743765532432743,6.264461687907209,6.080406262178563,6.491739383658624,8.555220169061096,8.431168913292481,8.580743845797846,-0.3287837979712831,0.47834446155027627,-0.28951434808974774,-0.4113331214800606,-0.1495749325053648,-0.5423212196644353,50.0,587.0,1.0,1.0,0.6572136878967285,0.918003797531128,0.8279931545257568,0.4049597680568695,8.118804931640625,8.937126159667969,7.988907337188721,8.824076652526855,-0.2607901096343995,0.42303338646888733,-0.8183212280273438,-0.8351693153381348,-537.0
bd4ae5da,0.6841898783836798,0.6168791742562234,0.9423503325942352,1744.0,1016.0,850.0,0.7246021450504657,0.679064075418557,0.7389215214069658,0.742156122321354,0.8011690515508485,0.7226042881038477,18.704849851057023,16.303601011319234,20.65288499208184,13.236910339653267,11.97272076583118,14.3285891394954,18.69953381924879,15.784332424912972,19.85241361465868,-0.05985744598840881,0.07856476344700081,-4.349283980762607,-2.3558683736642188,-4.068081189745708,-0.32547115833801177,45.0,607.0,1.0,1.0,0.6358966827392578,0.7349178194999695,0.8533502221107483,0.7281238436698914,17.084918975830078,24.071489334106445,16.539098739624023,22.513429641723636,-0.09902113676071167,0.12522637844085693,-6.986570358276367,-5.974330902099613,-562.0
bd6f0e19,0.4286217835741981,0.3557867360208062,0.7938764352104976,2432.0,1368.0,1452.0,0.8573764952173224,0.816397533898307,0.8572330167042153,0.5340852081506801,0.6059743659622789,0.5343537841089642,11.70104663207904,6.2729924454770725,14.360464519548511,7.251886954346108,4.932328748281815,9.031580087804556,11.70088521434326,6.255516301852743,14.352194019723555,-0.04083548280590821,0.07162058185331477,-8.087472074071439,-4.099251339522741,-8.096677717870811,-0.4380896991896914,34.0,949.0,1.0,0.9834197163581848,0.8977376222610474,0.8684325218200684,0.4522441327571869,0.5129668116569519,5.128674983978272,16.60360336303711,5.05869197845459,16.602184295654297,0.029305100440979004,-0.060722678899765015,-11.474928379058838,-11.543492317199707,-915.0
bd8f847e,0.5299684542586751,0.4625251509054326,0.9315693430656934,2688.0,1839.0,1021.0,0.749200119684209,0.7888424296303583,0.678205640829701,0.7082370793961454,0.6498577850109079,0.8022398134850937,10.978255510709449,9.178024630384789,13.56101432292525,7.905264766149314,6.853995646584573,9.810319523074815,10.969063093356104,9.169964629391291,13.519409611698132,0.1106367888006573,-0.1523820284741858,-4.382989692540461,-2.9563238764902424,-4.34944498230684,-0.4690441921602608,50.0,681.0,1.0,1.0,0.8485931158065796,0.6710664629936218,0.5502851605415344,0.8110900521278381,7.832544326782227,14.31971836090088,7.824016571044922,14.275677680969238,0.17752665281295776,-0.2608048915863037,-6.487174034118654,-6.451661109924316,-631.0
be063506,0.5395329782875871,0.3611851851851851,0.9628400796284008,2634.0,1219.0,1451.0,0.7090239864691967,0.5556762704101799,0.7298799206684643,0.7628578026484402,0.9426809954484286,0.7350103119433573,18.763340905907047,16.223965303365727,20.738907019809098,13.836319738078153,12.640773642677008,14.94455557550292,18.744892006138706,15.99716514862236,20.732551048332585,-0.17420365025828444,0.20767068350507134,-4.514941716443371,-2.3037819328259115,-4.735385899710225,-0.6016548944432156,34.0,921.0,1.0,1.0,0.7320551872253418,0.7667233943939209,0.7320448160171509,0.6830469965934753,14.327896118164062,23.057544708251957,13.88841438293457,22.37784194946289,-0.0346682071685791,0.04899781942367554,-8.729648590087894,-8.48942756652832,-887.0
be35c8f2,0.498885862837336,0.3946171341925701,0.8508208422555318,2015.0,1041.0,1192.0,0.734979616441078,0.4764419131954784,0.8031543210075255,0.7280389873611467,1.023286945880305,0.6274482910845713,16.607803632687553,17.182888440733453,16.248849354711936,12.903905509862344,14.046018339176866,12.14951956079811,16.47698110103703,16.981668700878142,16.09964462525122,-0.3267124078120471,0.39583865479573377,0.9340390860215173,1.8964987783787564,0.8820240756269229,-0.4562037080629617,35.0,830.0,1.0,0.9822485446929932,0.5169298648834229,0.8244702816009521,0.9829243421554564,0.5925027132034302,15.262933731079102,17.093223571777344,14.926313400268556,17.02623748779297,-0.3075404167175293,0.39042162895202626,-1.8302898406982422,-2.0999240875244123,-795.0
be83e781,0.574468085106383,0.4873622812702528,0.9044995408631772,1512.0,752.0,985.0,0.5938288906576284,0.7430520676024255,0.5525341528507584,0.9013002932900572,0.7168653044994917,0.9460082950473973,17.229234526186143,15.400509480202404,18.642843478698968,11.252262031628446,11.883285520606156,11.571050189544888,17.116427879988848,14.564636580734982,18.640302981837262,0.19051791475166713,-0.22914299054790555,-3.242333998496564,0.31223533106126844,-4.07566640110228,-0.4171372595929244,32.0,599.0,1.0,1.0,0.8140044212341309,0.5334166884422302,0.609910786151886,0.9660055041313172,12.570037841796877,20.44088363647461,11.906783103942873,20.27931785583496,0.28058773279190063,-0.35609471797943126,-7.870845794677733,-8.372534751892088,-567.0
beda8696,0.6100844772967265,0.5643316654753395,0.914141414141414,2311.0,1579.0,905.0,0.7076352737009532,0.6920972063749444,0.7225765050285848,0.7646760442161723,0.7847328126503385,0.7448805205822141,13.860253265150469,11.205856777683795,17.164001983939855,9.872861029120353,8.709380535753048,11.657594652014708,13.851117807350796,11.05768716039101,17.07047202128876,-0.030479298653640408,0.03985229206812435,-5.958145206256059,-2.94821411626166,-6.012784860897751,-0.3498097486660745,98.0,612.0,1.0,1.0,0.8072462677955627,0.7169035077095032,0.6208924651145935,0.7524579763412476,8.907402992248535,19.847457885742188,8.856191635131836,19.66239356994629,0.09034276008605957,-0.13156551122665405,-10.940054893493652,-10.806201934814453,-514.0
bf39bc20,0.7577054794520548,0.7103393843725335,0.8989710009354537,1770.0,900.0,961.0,0.744563635803222,0.7082430085958772,0.7764041054017035,0.7147536137673988,0.763880869513202,0.6687240007630899,18.926087150591428,14.02964374821624,22.13607207651239,14.625278241933666,11.28675933338988,17.341810314893777,18.692287544013222,13.834883558499037,20.702341413271984,-0.06816109680582627,0.09515686875011209,-8.106428328296152,-6.055050981503898,-6.8674578547729475,-0.18863161656292016,69.0,696.0,1.0,0.9747899174690248,0.8104141354560852,0.7868860363960266,0.6157692074775696,0.6528613567352295,12.717385292053224,24.554828643798828,12.589731216430664,22.382848739624023,0.023528099060058594,-0.03709214925765991,-11.837443351745604,-9.79311752319336,-627.0
bf70b410,0.5202661826981246,0.5027159152634438,0.8402505873140172,2580.0,1851.0,1073.0,0.6303519328652797,0.5823121895455761,0.6755622622269039,0.8598233157279701,0.9139888516326924,0.8055280724755608,13.751474793444968,11.531161562762865,16.32582222699764,10.074598358555946,8.886044484262317,11.807166719796491,13.665422484732096,11.289570855190023,16.318690397831478,-0.09325007268132779,0.10846077915713159,-4.794660664234776,-2.921122235534174,-5.029119542641455,-0.3375346720505734,97.0,679.0,1.0,1.0,0.6695083975791931,0.6462788581848145,0.813008725643158,0.8410958647727966,10.984524726867676,19.201128005981445,10.1229829788208,19.141281127929688,0.023229539394378662,-0.028087139129638672,-8.21660327911377,-9.018298149108887,-582.0
bffe3082,0.5144404332129964,0.461577479076845,0.9271332694151486,2565.0,1820.0,967.0,0.7796897695313225,0.81198557604651,0.760314903338238,0.6637924833389988,0.6132119110935306,0.6923656500170441,15.19290485319817,11.990382851963352,19.193346445891788,10.545759914345378,9.235249927986477,12.608792299289592,15.063961017545052,11.98194799576727,18.352164032522268,0.05167067270827197,-0.07915373892351352,-7.202963593928436,-3.373542371303115,-6.370216036754998,-0.46555579033830363,77.0,617.0,1.0,1.0,0.8308021426200867,0.7186108231544495,0.5817179083824158,0.7501855492591858,11.271156311035156,23.604246139526367,10.894608497619627,22.036569595336918,0.11219131946563721,-0.16846764087677002,-12.333089828491211,-11.14196109771729,-540.0
c03b9305,0.5634995296331138,0.466958211856171,0.8709106984969054,1797.0,961.0,985.0,0.3936656327406347,0.6901067653161029,0.4930249173882677,1.1012123930099635,0.7872651836375048,1.00695092493302,18.221015898712466,10.030325708791173,22.88303281536034,13.748526806471036,7.715993165211255,18.808475826572213,17.206265659552002,9.120427639473402,17.604905255097226,0.19708184792783523,-0.2196857412955152,-12.852707106569168,-11.092482661360958,-8.484477615623824,-0.4039524866407344,45.0,674.0,1.0,1.0,0.8383657932281494,0.7073882222175598,0.5685669779777527,0.7649990320205688,6.623453617095947,26.798927307128903,5.88988733291626,14.981943130493164,0.1309775710105896,-0.19643205404281616,-20.175473690032955,-9.092055797576904,-629.0
c03d4aed,0.5111982082866742,0.4287978863936592,0.7889383343928799,2739.0,1623.0,1241.0,0.7403446674594889,0.6896157819461304,0.790451497374625,0.7206321288154048,0.7878885937159766,0.6473770194027203,12.224122200265503,12.572820678991064,11.392019033278286,8.66819588539893,9.412441187665328,7.458176315375431,12.192115662043204,12.57203325467361,11.224846649970813,-0.10083571542849457,0.14051157431325634,1.1808016457127781,1.9542648722898974,1.347186604702797,-0.3601404479992207,59.0,853.0,1.0,1.0,0.7694211006164551,0.8015484809875488,0.6790860295295715,0.6300024390220642,10.24565887451172,12.952840805053713,10.23095703125,12.779677391052246,-0.03212738037109375,0.049083590507507324,-2.707181930541992,-2.548720359802246,-794.0
c03fba65,0.8015948963317384,0.6906474820143885,0.9774096385542168,2513.0,1248.0,1298.0,0.8359872689205109,0.5035968922630213,0.8776492263954018,0.572735071528694,0.9963966155472216,0.4946731721138679,11.9864780332912,10.333151183389608,13.748131274214868,8.635070370973695,7.7406243130166015,9.754402726244804,11.971322407134185,10.29040407543539,13.634562751219985,-0.3740523341323805,0.5017234434333537,-3.41498009082526,-2.013778413228202,-3.3441586757845947,-0.2867621565398283,70.0,839.0,1.0,0.9824355840682985,0.7315651178359985,0.9018092155456544,0.7327139973640442,0.443149596452713,7.29970645904541,14.446069717407228,7.287713527679443,14.24799346923828,-0.17024409770965587,0.2895644009113312,-7.146363258361818,-6.960279941558836,-769.0
c07fd0cd,0.56173200702165,0.4066697545159796,0.9158061953931692,1920.0,878.0,1153.0,0.9303804093201882,0.6451133017496408,0.872627069713812,0.3731476669625895,0.8424805021486957,0.5047235486604286,12.149290692823936,6.9675685609740405,14.590736841925764,8.615622622976906,5.73846264888265,10.48091535508518,12.072796346304004,6.466280462767988,13.978031040320928,-0.22751376796417122,0.3377569534882672,-7.623168280951724,-4.74245270620253,-7.511750577552941,-0.5091364408771897,31.0,828.0,1.0,0.9798816442489624,0.6638600826263428,0.8213057518005371,0.8199267387390137,0.5978198051452637,6.229401588439941,14.827021598815918,5.443918228149414,13.98536205291748,-0.15744566917419434,0.22210693359375,-8.597620010375977,-8.541443824768066,-797.0
c1708b88,0.7355096602265156,0.6888497135301895,1.0,2208.0,1563.0,733.0,0.7369413626213844,0.634073845718198,0.8296244069626492,0.7253394203800253,0.8554836693728314,0.5837389708377381,13.36672189970544,13.3369331011917,13.46986522251366,9.715419948593778,9.9609709926545,9.199459833553687,13.24732390274872,13.126350707841546,13.459778230056829,-0.19555056124445114,0.2717446985350933,-0.13293212132195897,0.761511159100813,-0.33342752221528293,-0.31115028646981047,77.0,573.0,1.0,0.9896373152732848,0.6976339817047119,0.8427388668060303,0.7776451706886292,0.5608228445053101,12.323822975158691,14.167102813720703,11.392230987548828,14.16534423828125,-0.14510488510131836,0.2168223261833191,-1.8432798385620117,-2.773113250732422,-496.0
c1d046f4,0.4092907385697538,0.3116142094607031,0.9769949676491732,2793.0,1693.0,1359.0,0.7699217426234505,0.6102337170815466,0.8505631717674795,0.6783483727061628,0.8829114144900987,0.5466933843252916,13.507208136884577,14.6767470702845,12.27765157186992,10.188141035000587,11.542728170054437,8.902336718160388,13.088044144049222,14.341154186174943,11.549963208829922,-0.24032945468593292,0.3362180301648071,2.39909549841458,2.6403914518940486,2.791190977345021,-0.6653807581884701,43.0,637.0,1.0,0.9769938588142396,0.7026408910751343,0.8819072246551514,0.771179735660553,0.4859892427921295,11.253487586975098,11.899698257446287,11.011100769042969,11.707198143005373,-0.1792663335800171,0.28519049286842346,-0.6462106704711896,-0.6960973739624041,-594.0
c2717d4f,0.4772216875200513,0.4060858143607705,0.865546218487395,2975.0,1855.0,1442.0,0.9031381927974568,0.8684789315425373,0.8931804781133398,0.4401404484992111,0.512876336863893,0.462211038134444,9.698626634112763,4.255763490945689,13.25791287745649,5.951501990116704,3.2913957526072863,8.88010534620555,9.685280830913092,4.231034978529714,13.182965983014824,-0.02470154657080248,0.050665298729449026,-9.002149386510801,-5.588709593598264,-8.951931004485111,-0.4594604041266245,44.0,919.0,1.0,0.984994649887085,0.9152833223342896,0.886879026889801,0.4116228222846985,0.47564896941185,3.606043815612793,16.045501708984375,3.5071120262146,15.79193878173828,0.028404295444488525,-0.06402614712715149,-12.439457893371582,-12.28482675552368,-875.0
c2c4db09,0.48633069828722,0.4212232548087313,0.8435986159169551,2953.0,1949.0,1219.0,0.8622706917915546,0.8346185284690898,0.8721349515442729,0.524841515523392,0.5751199379797404,0.505697633879628,11.559655861899468,8.80419845190084,14.610023221524642,7.9310732973659155,6.779133710264962,9.517162797989029,11.557406055249697,8.737354745973143,14.502126395374326,-0.0375164230751831,0.06942230410011241,-5.805824769623802,-2.7380290877240663,-5.764771649401183,-0.42237536110822377,59.0,881.0,1.0,0.9865621328353882,0.8829766511917114,0.8796097040176392,0.4837837219238281,0.490693986415863,7.221085071563721,16.45590591430664,7.073640823364258,15.995075225830078,0.0033669471740722656,-0.006910264492034857,-9.23482084274292,-8.92143440246582,-822.0
c2c6fc71,0.4633273703041144,0.3945330296127562,0.8283333333333334,2590.0,1732.0,994.0,0.95371652843453,0.6404657370841718,0.9494732052011196,0.3042481604396975,0.8479790833691928,0.3178892725427533,8.222466669441427,5.624047924230235,11.155710163584562,5.607744471313888,4.140125466367199,7.921045594755776,8.01547309939433,5.607858822579879,10.327263517563678,-0.3090074681169478,0.5300898108264396,-5.531662239354327,-3.7809201283885763,-4.719404694983798,-0.43380030372057715,50.0,665.0,1.0,1.0,0.6572743058204651,0.9012364745140076,0.8279199004173279,0.4444401562213897,5.035406112670898,12.791444778442385,5.016013622283936,11.775588989257812,-0.24396216869354248,0.38347974419593817,-7.756038665771486,-6.759575366973876,-615.0
c36625df,0.6435643564356436,0.5173674588665448,0.992337164750958,1040.0,566.0,518.0,0.7864967251431931,0.79266478438579,0.7924610377993189,0.653457381711779,0.6439490905564041,0.6442654145624784,19.28490649579473,16.9737716504992,22.243966328441743,14.216446203122908,12.561211426551084,16.639508338640997,19.139097985146066,16.740579440099523,21.34159697276269,0.00020374658647115407,-0.0003163240060742867,-5.270194677942545,-4.078296912089913,-4.6010175326631675,-0.47496970588441323,42.0,424.0,1.0,1.0,0.8530718088150024,0.7890942692756653,0.5420852303504944,0.6494701504707336,11.43225383758545,22.7624626159668,11.362606048583984,20.296924591064453,0.06397753953933716,-0.10738492012023926,-11.330208778381351,-8.934318542480469,-382.0
c3957531,0.5647935779816514,0.4868035190615836,0.953250940354648,3940.0,2490.0,1774.0,0.6896642499062878,0.5189694390382589,0.7702350903532343,0.7878270750535452,0.9808471450350876,0.677886287878381,14.775745540787446,14.218111764031974,15.324227543842168,10.474626249477083,10.44095053527356,10.51498158215936,14.71680620351034,14.107787299447228,15.30489214499168,-0.25126565131497547,0.3029608571567066,-1.1061157798101942,-0.07403104688579987,-1.1971048455444517,-0.4664474212930644,92.0,1059.0,1.0,0.988795518875122,0.5262535810470581,0.8118263483047485,0.9733924269676208,0.613471508026123,14.814340591430664,15.59060764312744,14.544471740722656,15.564716339111328,-0.28557276725769043,0.3599209189414978,-0.7762670516967756,-1.0202445983886719,-967.0
c42fe306,0.6765834932821497,0.5984481086323957,0.9483082706766918,2115.0,1234.0,1009.0,0.7113041792048609,0.5953351727390218,0.7541825679070834,0.759862909734564,0.8996275087623523,0.7011667877087685,11.36501206438782,8.8621822448927,13.706961395380258,8.218807540366644,7.143828046071305,9.479842242824958,11.35896253980071,8.681741471059656,13.424489414431031,-0.15884739516806157,0.1984607210535838,-4.8447791504875575,-2.336014196753653,-4.742747943371375,-0.34986016204429604,31.0,351.0,0.5,0.5028653144836426,0.800640881061554,0.738414466381073,0.6314414143562317,0.7233056426048279,7.422584056854248,16.307323455810547,7.241910934448242,15.649225234985352,0.06222641468048096,-0.09186422824859619,-8.884739398956299,-8.40731430053711,-320.0
c43812e2,0.6565836298932385,0.5999046256556986,0.9424964936886396,1845.0,1258.0,672.0,0.7298545290050844,0.6709651716735546,0.7606306437840427,0.7350448571276662,0.8112149263006018,0.6919094683785695,12.067632053230133,9.091715507416763,16.137346496684412,8.545776247143841,7.178449621626805,11.105833899943027,12.066759787294684,9.038615674267032,15.997299516300794,-0.08966547211048803,0.11930545792203229,-7.045630989267648,-3.9273842783162225,-6.9586838420337624,-0.34259186803294106,44.0,545.0,1.0,1.0,0.7957088351249695,0.7649580240249634,0.6392044425010681,0.6856266856193542,7.089324474334717,17.36922264099121,6.950869083404541,17.183195114135742,0.030750811100006104,-0.04642224311828613,-10.279898166656494,-10.232326030731201,-501.0
c472c0b5,0.5890625,0.3778303480905711,1.0,2639.0,1118.0,1521.0,0.9460723880658936,0.9329579799322776,0.9482272436115792,0.3284131907646412,0.366174876439448,0.3217848858738422,6.89529428334234,5.8917470053631344,7.548340612274471,5.127309500074437,4.595813794577162,5.517981557106623,6.849530889284566,5.889685257887869,7.399695022862064,-0.015269263679301592,0.04438999056560583,-1.6565936069113363,-0.9221677625294609,-1.5100097649741944,-0.6221696519094289,30.0,844.0,1.0,1.0,0.9425386786460876,0.9515085816383362,0.3390024304389953,0.3114206790924072,5.518435001373291,8.750761985778809,5.412798881530762,8.69417667388916,-0.008969902992248535,0.02758175134658808,-3.2323269844055176,-3.2813777923583984,-814.0
c47e0767,0.5361591373861313,0.4199460916442049,0.8759736369083283,2884.0,1558.0,1462.0,0.8281183149296383,0.5858474592519657,0.8572930478173318,0.5863133719613799,0.9101126751650416,0.5342414289114392,11.24514045892875,7.733336334713997,13.761025537008074,7.103742641377241,5.422392368952345,8.694925475060392,11.24240235894581,7.534400768696598,13.68848784072084,-0.27144558856536616,0.37587124625360235,-6.027689202294076,-3.272533106108047,-6.154087072024243,-0.4560275452641234,64.0,867.0,1.0,1.0,0.5852060914039612,0.8318625688552856,0.9108170866966248,0.579892098903656,7.955749034881592,16.828088760375977,7.947299003601074,16.756322860717773,-0.24665647745132446,0.33092498779296875,-8.872339725494385,-8.8090238571167,-803.0
c50b42f6,0.4960360640447691,0.444874668840432,0.9056356487549148,3191.0,2183.0,1382.0,0.83376903446865,0.8232086672502927,0.8155794587608652,0.5765951188335711,0.594628174155425,0.60732288156982,12.26457662106496,10.062993501265026,15.541289976634236,9.0077142655569,7.842402654395701,11.470625907491549,12.252975726779006,9.94292182046052,15.511065631546028,0.007629208489427497,-0.012694707414394935,-5.478296475369209,-3.6282232530958476,-5.568143811085509,-0.4607609799144828,61.0,951.0,1.0,1.0,0.8318019509315491,0.8521289825439453,0.579996645450592,0.5438216924667358,9.000454902648926,16.126602172851562,8.917557716369629,15.895134925842283,-0.02032703161239624,0.0361749529838562,-7.126147270202637,-6.9775772094726545,-890.0
c593337f,0.4890570668848435,0.3966092273485269,0.9024012393493416,2391.0,1427.0,1165.0,0.7322843645329347,0.7439339831606673,0.726426137070784,0.7317316932688721,0.7156340081904056,0.7396943462393315,12.158313445518017,9.02992153644929,14.92170179500452,8.225439970172454,6.780484799600247,9.991146420816476,12.15520165154656,8.966823481914231,14.846147361529782,0.017507846089883317,-0.024060338048925933,-5.8917802585552295,-3.2106616212162287,-5.879323879615551,-0.5057920120008147,98.0,676.0,1.0,1.0,0.7147193551063538,0.7157671451568604,0.7553550601005554,0.7539666295051575,11.267446517944336,17.91482162475586,11.212020874023438,17.540006637573242,-0.0010477900505065918,0.0013884305953979492,-6.647375106811523,-6.327985763549805,-578.0
c59b6c4a,0.4671176840780365,0.3832015387903398,0.8067978533094812,2969.0,1793.0,1353.0,0.8098988668182967,0.6250079796361284,0.8455093705183528,0.6166054381558815,0.8660161896452878,0.5558608269731681,14.427396989815158,12.166819492099265,16.926359028630817,11.25011415485474,9.986277275199942,12.9154557638897,14.396164497829526,12.00817983685783,16.916556577194278,-0.22050139088222442,0.31015536267211974,-4.759539536531552,-2.9291784886897574,-4.908376740336449,-0.42359631451914137,83.0,1038.0,1.0,1.0,0.7626487016677856,0.8492572903633118,0.6889866590499878,0.5490768551826477,11.007390975952148,18.165424346923828,10.69748592376709,18.025775909423828,-0.08660858869552612,0.1399098038673401,-7.15803337097168,-7.328289985656738,-955.0
c66be2b8,0.7067307692307693,0.6528869149299624,0.9417828987265008,3234.0,1911.0,1553.0,0.7957480831086416,0.6834169397371325,0.8417215616939794,0.6391430464166192,0.7957173622120702,0.5626338743908345,14.734271498106091,14.3354936889395,15.262171225956688,10.777668588401664,11.173367673969636,10.488130034981484,14.57354823523406,14.282402453354525,14.916182499016584,-0.1583046219568469,0.23308348782123578,-0.9266775370171878,0.685237638988152,-0.6337800456620588,-0.28889598379653836,98.0,926.0,1.0,0.98931622505188,0.7523605823516846,0.8804422616958618,0.7037605047225952,0.4889943599700928,12.084893226623535,15.695812225341797,11.55820083618164,15.654112815856934,-0.12808167934417725,0.21476614475250244,-3.6109189987182617,-4.095911979675293,-828.0
c6797dd7,0.5187342263638128,0.4103856818754726,1.0,2672.0,1628.0,1184.0,0.8402838378773894,0.5620886911306029,0.9221751140964368,0.5651834430034387,0.9358539510729194,0.3945247416919838,11.424865220581296,12.393748951218887,10.271045157392264,8.268442037680229,9.588312865869543,6.70017454489978,11.381684134966738,12.360809710650589,10.23525741356455,-0.36008642296583393,0.5413292093809355,2.1227037938266236,2.8881383209697633,2.1255522970860383,-0.5896143181245275,45.0,916.0,1.0,1.0,0.7116122245788574,0.9327656626701356,0.7594574093818665,0.3666996955871582,11.32843017578125,10.42665195465088,11.14698886871338,10.292101860046388,-0.2211534380912782,0.39275771379470825,0.9017782211303693,0.8548870086669922,-871.0
c6b782a4,0.5847772277227723,0.4843441466854725,0.9056024558710668,2835.0,1717.0,1180.0,0.8350172724504817,0.7429229979617983,0.9139643559114652,0.5744261963899596,0.7170453291643447,0.4148147636922647,10.425495278607515,11.24064153700254,9.277312925040524,8.053128420369141,9.060919298833724,6.716336816653682,10.419528853942197,11.24064050440688,9.222133495683355,-0.1710413579496669,0.30223056547208,1.963328611962016,2.3445824821800425,2.0185070087235246,-0.4212583091855943,51.0,777.0,1.0,1.0,0.8166597485542297,0.924603283405304,0.605541467666626,0.3883213102817535,9.48696231842041,9.665312767028809,9.439481735229492,9.457465171813965,-0.10794353485107422,0.2172201573848725,-0.17835044860839844,-0.017983436584472656,-726.0
c6c96179,0.5800511508951407,0.4203718674211802,0.9700557103064068,2268.0,1040.0,1393.0,0.8693538886764942,0.7769823497825028,0.8540471286768305,0.5111675093812317,0.6678587428753137,0.5402830208754843,10.444273455554328,5.162610862184719,12.742847012209849,6.564289977016975,4.064495283357178,8.242954391523103,10.424855448232789,5.014878751447988,12.727354285315256,-0.07706477889432772,0.12757572199982936,-7.580236150025129,-4.178459108165925,-7.712475533867268,-0.5496838428852266,37.0,857.0,1.0,1.0,0.8236428499221802,0.820092499256134,0.5938975214958191,0.599845826625824,3.8884356021881104,14.946539878845217,3.764151096343994,14.942846298217772,0.0035503506660461426,-0.005948305130004883,-11.058104276657106,-11.178695201873778,-820.0
c70c0e01,0.7211488250652741,0.6726006191950464,0.9181380417335474,1381.0,869.0,572.0,0.5430533166222286,0.5175778596718523,0.5558004765869264,0.9559777020179616,0.982264872962632,0.9425492277998784,15.27890499522742,12.505736174640845,18.379372873237077,10.720268205470813,9.823096151181147,11.886039250271637,15.243255250107374,12.07064130126258,18.25309629035783,-0.038222616915074115,0.03971564516275361,-5.873636698596233,-2.0629430990904893,-6.182454989095252,-0.24553742253850097,55.0,473.0,1.0,1.0,0.7615188360214233,0.5480007529258728,0.6906245946884155,0.9507883787155152,9.73366928100586,19.8482608795166,9.3595552444458,19.596729278564453,0.21351808309555054,-0.2601637840270997,-10.114591598510742,-10.237174034118652,-418.0
c84c65be,0.5152244968174781,0.4635733781230317,0.9228571428571428,2995.0,2208.0,969.0,0.7873018426363435,0.6494999016501661,0.8615211080654332,0.652224129212737,0.8372575450240313,0.5262677872235137,9.368448452454244,8.364153693137832,11.15297677333614,6.381232819342562,5.804736035110282,7.777583119952617,9.269552339965776,8.315335874126442,10.847294155716142,-0.21202120641526712,0.3109897578005175,-2.788823080198309,-1.9728470848423347,-2.5319582815897004,-0.45928376473411114,75.0,634.0,1.0,1.0,0.8615416288375854,0.8794259428977966,0.5262287855148315,0.4910683333873749,4.965212345123291,12.415836334228516,4.84263801574707,12.273634910583496,-0.01788431406021118,0.035160452127456665,-7.450623989105225,-7.430996894836426,-559.0
c8d9680c,0.6348697394789579,0.55713915522156,0.9584438549955792,3168.0,2150.0,1084.0,0.7246129257889209,0.669739642269048,0.7470610215823005,0.7421415959385097,0.8127242554900794,0.7112509801999566,12.593235202579669,10.057851584364288,16.51469141398196,8.576213607973346,7.502899650567373,10.81300473282703,12.434707333375508,9.9283406690046,16.284709837515045,-0.07732137931325245,0.10147327529012284,-6.456839829617673,-3.310105082259658,-6.3563691685104455,-0.40130469977401917,117.0,586.0,1.0,0.981574535369873,0.7661111950874329,0.7830261588096619,0.6839426755905151,0.6587470769882202,9.621467590332031,17.46390724182129,9.26279354095459,17.347164154052734,-0.016914963722229004,0.025195598602294922,-7.842439651489258,-8.084370613098145,-469.0
c908edd0,0.4472783825816485,0.4250545959896764,0.9210337401292176,2876.0,2141.0,1283.0,0.7579505053531901,0.6269661405866874,0.8129170255831368,0.6957722251524703,0.8637521165395922,0.6116910566893441,12.377179640380804,11.685459449719897,12.91477935889813,9.299261601597216,9.150574419713326,9.417056181796074,12.353309634911271,11.50469328294908,12.827569666132996,-0.1859508849964494,0.25206105985024807,-1.2293199091782334,-0.26648176208274776,-1.3228763831839156,-0.4959791441395412,65.0,630.0,1.0,0.97826087474823,0.724099338054657,0.8410724997520447,0.7428333163261414,0.5637863278388977,11.252692222595217,15.92023754119873,10.972578048706056,15.446660041809082,-0.1169731616973877,0.17904698848724365,-4.667545318603514,-4.474081993103026,-565.0
c9578d27,0.7144698678698034,0.7441130298273155,0.8364093959731543,2217.0,1422.0,997.0,0.7802306340961238,0.7681947082042951,0.7755345421750022,0.6629771729160457,0.6808895531519115,0.6700230709833771,9.714132415682794,7.632170809182756,11.95424754746481,6.993085214176921,6.012361531137086,8.37503761201826,9.70994127428995,7.631138831419977,11.953779217897884,-0.007339833970707033,0.010866482168534364,-4.322076738282054,-2.362676080881175,-4.322640386477906,-0.0922963661458388,72.0,599.0,1.0,1.0,0.8630029559135437,0.8090575933456421,0.5234444737434387,0.6179683208465576,6.399734020233154,13.879098892211914,6.362927913665772,13.591105461120604,0.05394536256790161,-0.0945238471031189,-7.47936487197876,-7.228177547454831,-527.0
c96c018a,0.4127162751441834,0.3098249870039854,0.9439461883408072,2934.0,1788.0,1263.0,0.8397843716406053,0.667442351489655,0.8864954259005778,0.5660664772964298,0.8155460115902045,0.4764547703600462,11.174699807808926,10.345338087782832,12.167090539096586,8.336957401193985,8.066572303560621,8.6884185355034,11.05650791575604,10.227800681128029,12.044817639422044,-0.2190530744109228,0.33909124123015827,-1.8217524513137544,-0.6218462319427793,-1.8170169582940154,-0.6341212013368218,49.0,727.0,1.0,0.9837618470191956,0.7326443791389465,0.8955846428871155,0.7312394976615906,0.4569799900054931,8.095649719238281,14.235346794128418,7.774706363677978,14.224074363708496,-0.16294026374816895,0.27425950765609747,-6.139697074890137,-6.4493680000305185,-678.0
c99f9fae,0.3081301819081797,0.1685191238966982,0.8074375955170657,2490.0,1031.0,1585.0,0.7836510849406291,0.5968154847537189,0.8360291285494649,0.6577977121568164,0.8979805290163936,0.5726619796189286,13.478316823103595,14.37039611757088,12.63701529091856,9.768986713649364,11.80649919505684,8.28136447467787,13.219481044799943,14.102268838289971,12.414950739295072,-0.23921364379574594,0.32531854939746496,1.7333808266523203,3.5251347203789702,1.6873180989948988,-0.6389184716203675,55.0,1163.0,1.0,1.0,0.6411262154579163,0.8477469086647034,0.8471998572349548,0.5518208146095276,12.07886028289795,13.570490837097168,11.652647972106934,13.317920684814451,-0.2066206932067871,0.29537904262542725,-1.4916305541992188,-1.6652727127075178,-1108.0
c9e6734f,0.5247736625514403,0.4642299977713394,0.947103274559194,3188.0,2083.0,1504.0,0.7530764525975433,0.7164583304253108,0.7282190031367515,0.7027425522941623,0.7530493603671531,0.7372665689738666,11.928862530665974,11.515389150766532,13.300290762570192,8.872194028724424,8.564925076344053,10.079917975662896,11.860752197586953,11.511579235222015,13.221316020595925,-0.011760672711440656,0.015782791393286533,-1.7849016118036598,-1.5149928993188428,-1.7097367853739094,-0.4828732767878546,66.0,777.0,1.0,1.0,0.7573297619819641,0.8637880682945251,0.6966637969017029,0.5219423770904541,10.176752090454102,11.599716186523438,10.151904106140137,11.442583084106444,-0.10645830631256104,0.17472141981124878,-1.422964096069336,-1.2906789779663068,-711.0
c9e980e8,0.3279924599434495,0.153099730458221,0.8357366771159874,1740.0,568.0,1333.0,0.8164060842658795,0.7043261091225703,0.8184909069570735,0.6059602556836885,0.7689914055143005,0.6025099053840136,14.432400686034809,8.566014028942933,16.153267431199218,9.60246104633317,6.588496564933737,10.994076203802956,14.12674591597159,8.562896191931467,15.519537569948382,-0.11416479783450317,0.16648150013028684,-7.587253402256286,-4.405579638869219,-6.956641378016915,-0.6826369466577664,32.0,879.0,1.0,0.9876404404640198,0.6845753192901611,0.8389372229576111,0.7942602634429932,0.5675610303878784,12.360787391662598,17.397775650024414,12.293225288391112,17.101612091064453,-0.15436190366744995,0.22669923305511475,-5.036988258361816,-4.808386802673342,-847.0
c9fedcf3,0.5771265771265771,0.3719733656174334,0.9981366459627328,2836.0,1229.0,1607.0,0.8202373256215454,0.4204186091918347,0.8525081401926683,0.5996043268330451,1.076644222394905,0.5431240370437157,10.044967200856078,7.598067190119901,11.572270571399248,6.870065895559057,5.361483488680968,8.023798178106148,10.040562476563592,7.436323774541448,11.55299338663579,-0.4320895310008336,0.5335201853511894,-3.974203381279347,-2.6623146894251795,-4.116669612094343,-0.6261632803452994,32.0,863.0,1.0,1.0,0.4906283915042877,0.8700012564659119,1.0093281269073486,0.5098994970321655,6.933346271514893,13.119735717773438,6.664073467254639,12.546072959899902,-0.37937286496162415,0.4994286298751831,-6.186389446258545,-5.881999492645264,-831.0
cad13e8f,0.4331103678929766,0.2857452339688041,0.8047910295616718,2849.0,1319.0,1579.0,0.8660314071762361,0.1735858901617837,0.8465876701125333,0.5176264924127512,1.285623669538031,0.553917556839403,13.921396077234371,8.38617291875579,17.113609684297668,9.65416893510281,6.774549703984277,11.9523585020815,13.84265982319256,8.30148082765571,16.731690865287554,-0.6730017799507496,0.731706112698628,-8.727436765541878,-5.177808798097224,-8.430210037631843,-0.5190457955928678,50.0,1168.0,1.0,1.0,0.2309579700231552,0.8018448948860168,1.2401951551437378,0.629531741142273,8.043048858642578,18.77977180480957,7.881348609924316,18.59559631347656,-0.5708869248628616,0.6106634140014648,-10.736722946166992,-10.714247703552243,-1118.0
cb34231f,0.3919076833187263,0.3134984025559105,0.8324265505984766,2683.0,1570.0,1530.0,0.8998296420457677,0.8843058948857869,0.8763258758109735,0.4475943653671979,0.4810282842291357,0.4973411790492045,12.160554637569517,8.389885771276393,15.33908214398502,7.738886198334885,5.842775804969394,10.3477467248637,12.045328641862596,8.346381817754203,15.187812195732542,0.007980019074813383,-0.016312894820068813,-6.949196372708627,-4.504970919894307,-6.841430377978339,-0.518928148042566,37.0,1074.0,1.0,1.0,0.9057403802871704,0.8963310718536377,0.4341880083084106,0.4553436636924743,7.6752610206604,16.229154586791992,7.669773578643799,15.391437530517578,0.009409308433532715,-0.02115565538406372,-8.553893566131592,-7.721663951873779,-1037.0
cb879f40,0.5712050078247262,0.5421779141104295,0.8875,2920.0,2121.0,1065.0,0.891593223667572,0.761225625129135,0.9074167223455818,0.4656324222655205,0.6910490212291237,0.4303098364072525,9.01317410800971,6.30124116114288,12.486650573537526,6.1059028151320565,4.98857981344127,8.164768715030796,8.965340468916986,6.278769441675284,12.400321835227734,-0.14619109721644674,0.2607391848218712,-6.185409412394646,-3.1761889015895255,-6.12155239355245,-0.3453220858895705,58.0,687.0,1.0,1.0,0.8629592657089233,0.909514844417572,0.5235279202461243,0.4254060685634613,4.448944091796875,15.027050018310549,4.41026496887207,14.887073516845703,-0.04655557870864868,0.09812185168266296,-10.578105926513674,-10.476808547973633,-629.0
cbb406b5,0.6240691808791736,0.5786752827140549,0.9719101123595506,2598.0,1791.0,1038.0,0.6864848303179144,0.4954986636760585,0.7198104772573664,0.7918524732323384,1.0044912506577062,0.7485846949312197,12.956511963349165,9.42189099628926,17.47491601213889,9.068956496101537,7.422082652268111,12.197093291718916,12.949523021881545,9.411792392608652,17.455218005306925,-0.22431181358130786,0.25590655572648646,-8.05302501584963,-4.775010639450805,-8.043425612698273,-0.3932348296454957,63.0,662.0,1.0,0.98074072599411,0.7365123629570007,0.7470928430557251,0.7259306311607361,0.7112062573432922,6.4281744956970215,20.113012313842773,6.3974127769470215,20.111061096191406,-0.010580480098724365,0.014724373817443848,-13.684837818145752,-13.713648319244385,-599.0
cbe51de1,0.5265893642542983,0.4797565493516803,0.802943581357318,2634.0,1813.0,982.0,0.7306038932253958,0.6294080552807786,0.8234851629771189,0.7340246682157272,0.8609203734599634,0.5941630029257646,13.6029376537158,13.907102644462414,12.062223312546427,9.740910040024009,10.027284071259412,8.4079572042487,13.49514028464954,13.825989564967523,11.962161204758203,-0.19407710769634035,0.2667573705341988,1.8448793319159869,1.619326867010713,1.86382836020932,-0.32318703200563775,62.0,593.0,1.0,1.0,0.7437663674354553,0.8197062611579895,0.7158681750297546,0.6004893779754639,11.435389518737791,14.191327095031738,11.236952781677246,14.089962005615234,-0.07593989372253418,0.11537879705429077,-2.755937576293947,-2.8530092239379883,-531.0
cbe62450,0.5904797884397431,0.5324909747292419,0.902542372881356,3126.0,2065.0,1278.0,0.7159493039019171,0.4605808032959088,0.7528238409556388,0.753725010992846,1.038671455951391,0.7031019258178165,14.897597110789253,10.038793165869707,19.85875562018705,9.7916078721155,7.868091281751712,12.436652291676412,14.73839845265607,10.002079166259335,19.330073640185432,-0.29224303765973003,0.3355695301335745,-9.819962454317343,-4.568561009924699,-9.327994473926097,-0.3700513981521141,82.0,766.0,1.0,1.0,0.4371574819087982,0.7664382457733154,1.0609830617904663,0.6834643483161926,10.887030601501465,23.94025421142578,10.361733436584473,23.31117057800293,-0.3292807638645172,0.3775187134742737,-13.053223609924316,-12.949437141418457,-684.0
cc08aa63,0.7590604026845638,0.6525767226404169,0.9058260175578612,2262.0,1127.0,1135.0,0.7075389365551196,0.4630166815524184,0.7599227201034264,0.764802018099953,1.0363236159111513,0.6929318579724467,17.893418753627074,13.531935619740889,21.36046623945925,13.256043793101824,10.72950415445406,15.764775222842818,17.79735603653355,13.506904963998435,20.879549231975076,-0.29690603855100806,0.3433917579387046,-7.828530619718361,-5.035271068388758,-7.372644267976641,-0.2532492949174443,44.0,740.0,1.0,0.9736841917037964,0.5047663450241089,0.7135059237480164,0.995222270488739,0.7569597959518433,12.610421180725098,23.644495010375977,12.536327362060549,23.59950256347656,-0.20873957872390747,0.23826247453689575,-11.034073829650879,-11.06317520141601,-696.0
cc8a1d57,0.5054976438669142,0.4113462240058373,0.8948060486522025,3540.0,2255.0,1361.0,0.7607232779073296,0.8256293606027002,0.7288853310689523,0.6917755735680039,0.5905432065434328,0.7363622327781997,14.480985874291074,11.076361585102571,18.811824096045328,9.40151726547351,8.109173347075277,11.664408495553507,14.478797364416383,10.818999460229568,18.50369804812431,0.09674402953374794,-0.14581902623476684,-7.735462510942757,-3.5552351484782303,-7.684698587894742,-0.48345982464636517,79.0,761.0,1.0,1.0,0.8543728590011597,0.7259039878845215,0.5396798253059387,0.7403998970985413,10.933631896972656,23.221240997314453,10.781704902648926,21.55142974853516,0.12846887111663818,-0.20072007179260254,-12.287609100341797,-10.769724845886234,-682.0
ccedb12b,0.6900568951503657,0.582220367278798,0.9413127413127412,2547.0,1395.0,1219.0,0.7850855032481303,0.7217712091369513,0.8031841267647627,0.6556134482328283,0.7459608446333477,0.6274007861570422,12.773789703757243,9.012926431385688,15.90614390217876,8.604431284839345,7.188804655388856,10.203874451990188,12.76324473569433,8.812570180822302,15.879878306252712,-0.08141291762781144,0.11856005847630546,-6.893217470793072,-3.015069796601332,-7.06730812543041,-0.35909237403394323,72.0,846.0,1.0,1.0,0.7998057007789612,0.8013924956321716,0.6327626705169678,0.6302499771118164,6.9442219734191895,17.408864974975586,6.684149265289307,17.247098922729492,-0.0015867948532104492,0.002512693405151367,-10.464643001556396,-10.562949657440186,-774.0
cd7f1687,0.7178423236514523,0.6028368794326241,0.98,1557.0,765.0,882.0,0.7716044971550319,0.5124113625082093,0.8062554834264003,0.6758631560382148,0.9875106455039264,0.6224861710489634,12.657100137366948,9.824330069413142,14.83703478919523,9.202005263491888,7.350876785036494,10.97317790685538,12.556282162930335,9.8237716048616,14.534028068895658,-0.293844120918191,0.365024474454963,-5.0127047197820875,-3.622301121818886,-4.7102564640340585,-0.3771631205673759,39.0,662.0,1.0,1.0,0.699848473072052,0.8425547480583191,0.7747922539710999,0.5611510276794434,8.6434907913208,14.569865226745604,8.30078411102295,14.410022735595703,-0.1427062749862671,0.2136412262916565,-5.926374435424803,-6.109238624572754,-623.0
cda7eb37,0.453279702970297,0.4029578606158833,0.8547120418848168,2930.0,1989.0,1306.0,0.8146505699439345,0.8677821717182786,0.7655443082146687,0.6088504414978534,0.5142330761079481,0.6847710446351121,12.820337238237007,8.614880317638343,16.680370513532853,7.929386757914372,6.120008617687607,10.251550272971974,12.783953596883954,8.503763293439809,16.65348445311432,0.10223786350360997,-0.17053796852716396,-8.06549019589451,-4.131541655284367,-8.149721159674511,-0.45175418126893346,65.0,771.0,1.0,1.0,0.865720272064209,0.7607480883598328,0.518227219581604,0.6917396783828735,8.104604721069336,20.468950271606445,8.034032821655273,20.410289764404297,0.10497218370437622,-0.17351245880126953,-12.36434555053711,-12.376256942749023,-706.0
cdc31d65,0.5850395850395851,0.4641651031894934,0.9599198396793588,2143.0,1237.0,958.0,0.9237240443468384,0.6015908485550487,0.8858412658810477,0.3905789437569861,0.8926467962693321,0.4778257718435711,11.309898757319507,6.823648313570901,15.123822529990465,7.701525392744685,5.324018179724978,10.6610703426162,10.996634769769638,6.535668185565389,14.725995165714286,-0.284250417325999,0.41482102442576096,-8.300174216419563,-5.337052162891223,-8.190326980148896,-0.4957547364898654,55.0,692.0,1.0,1.0,0.6957011222839355,0.8573356866836548,0.7801267504692078,0.5341616272926331,4.817581653594971,15.256336212158203,4.314998626708984,14.861559867858888,-0.16163456439971924,0.2459651231765747,-10.438754558563232,-10.546561241149904,-637.0
cdc60a53,0.6462277479513987,0.6145357686453576,0.9352360043907794,2287.0,1615.0,852.0,0.8936418424895061,0.8760035156049417,0.9081094888921925,0.4612117897679849,0.4979889243649065,0.4286968885070372,7.109857838874681,6.692207058388701,7.927554105879707,5.178809630673483,4.987131101490877,5.71908687911588,7.0878785619133895,6.677264929390546,7.8510688484537425,-0.03210597328725073,0.0692920358578693,-1.2353470474910067,-0.7319557776250036,-1.1738039190631966,-0.3207002357454217,63.0,588.0,1.0,1.0,0.952572226524353,0.9090847373008728,0.3079862892627716,0.4264159202575683,3.7273123264312735,8.52272891998291,3.636425256729126,8.521401405334473,0.043487489223480225,-0.1184296309947967,-4.795416593551637,-4.884976148605347,-525.0
ce55ba43,0.7136627906976745,0.659877800407332,0.94585448392555,1473.0,972.0,559.0,0.8426084273782994,0.8424608443975051,0.8226832239700653,0.5610553851834961,0.5613183688469403,0.5955111687112756,11.001140252395214,9.588144027774852,13.14387163577437,7.700909912561704,7.420112087852746,8.307071710301564,11.000196380885972,9.55290373914734,13.106115932278149,0.0197776204274398,-0.03419279986433532,-3.5557276079995184,-0.8869596224488179,-3.5532121931308094,-0.28597668351821803,53.0,385.0,1.0,0.9746835231781006,0.9254385232925416,0.8032504916191101,0.3861644268035888,0.6272950172424316,6.868285655975342,14.70400619506836,6.795022487640381,14.637639999389648,0.12218803167343151,-0.24113059043884283,-7.835720539093018,-7.842617511749268,-332.0
ce8399b7,0.6531895777178796,0.3897106109324759,0.9517937219730942,2181.0,606.0,1698.0,0.8396926804842322,0.637758064850312,0.8752022678968293,0.5662284336127387,0.8511661825398,0.499595300424595,15.132302664318082,17.89610895288805,13.977409060787409,11.383475213693243,14.147470723666556,10.386424202378072,14.907295441324893,17.83271414214897,13.320169308609684,-0.23744420304651737,0.35157088211520504,3.9186998921006406,3.7610465212884847,4.512544833539286,-0.5620831110406184,17.0,1045.0,1.0,1.0,0.8559466600418091,0.8659222722053528,0.5367556810379028,0.5178372859954834,13.72799015045166,16.111572265625,13.717894554138184,15.710281372070312,-0.009975612163543701,0.018918395042419434,-2.38358211517334,-1.992386817932129,-1028.0
cf50c9d1,0.5299145299145299,0.4839263803680981,0.7275280898876404,2914.0,1972.0,1036.0,0.8648214483775363,0.8669339566974767,0.8767617288013103,0.5199587514841225,0.5158799149075747,0.4964640393798722,10.522473630484248,10.50838379917908,10.440077186853546,7.987633498945901,8.527790392839872,6.939236741097358,10.503514580611938,10.505774791595972,10.205477569518818,-0.009827772103833565,0.019415875527702464,0.06830661232553403,1.5885536517425143,0.3002972220771536,-0.2436017095195423,90.0,707.0,1.0,1.0,0.906194031238556,0.878684937953949,0.4331419467926025,0.4925749897956848,8.248147964477539,11.994400024414062,8.239741325378418,11.636600494384766,0.027509093284607045,-0.05943304300308233,-3.7462520599365234,-3.3968591690063477,-617.0
d00e7eb9,0.4891975308641975,0.3614622480355313,0.9937565036420396,1902.0,1058.0,955.0,0.7574799510814154,0.6289101351006869,0.8059277540251519,0.6964482018335385,0.8614985373165912,0.6230124332224006,11.666187730220964,10.701220659057745,12.627455816047922,8.764581546219699,8.763329729205166,8.861193337935847,11.524173279020475,10.588130541488702,12.46250192351367,-0.177017618924465,0.23848610409419058,-1.9262351569901774,-0.09786360873068034,-1.8743713820249681,-0.6322942556065083,17.0,334.0,0.5,0.4854651093482971,0.6702654957771301,0.8069344162940979,0.812076985836029,0.6213945150375366,10.282498359680176,12.927133560180664,10.2401123046875,12.80752658843994,-0.13666892051696777,0.19068247079849243,-2.6446352005004883,-2.5674142837524396,-317.0
d011f41b,0.617426273458445,0.5542725173210161,0.8664536741214057,2303.0,1200.0,1356.0,0.7811656051320712,0.5956156508749325,0.806264021151679,0.6615654085091341,0.8993156833115583,0.6224724553718358,16.889720360526066,14.538340573349544,19.098154907929644,12.586183182853976,12.28670752178508,13.337097415248545,16.854296724290077,14.510369048338855,18.832538699254297,-0.21064837027674643,0.2768432279397225,-4.5598143345801,-1.0503898934634641,-4.322169650915441,-0.3121811568003896,45.0,786.0,1.0,1.0,0.6722783446311951,0.8879463076591492,0.8095945119857788,0.473399817943573,15.18497085571289,18.72249412536621,15.15312957763672,18.68094825744629,-0.2156679630279541,0.3361946940422058,-3.5375232696533203,-3.5278186798095685,-741.0
d07aed8f,0.613855421686747,0.3777777777777777,0.9626865671641792,2038.0,748.0,1290.0,0.9559721908544656,0.4568833343269572,0.9439018856471104,0.2967416692867194,1.0422251826482056,0.3349570550171752,9.249169663638588,4.601065538586117,11.084945331523285,5.887497319631786,3.6609786294897178,7.178532963218039,9.247458205556743,4.553292391960889,11.065007470192551,-0.4870185513201532,0.7072681276310304,-6.483879792937167,-3.5175543337283215,-6.511715078231662,-0.5849087893864016,20.0,778.0,1.0,1.0,0.6102803945541382,0.8916387557983398,0.8828585743904114,0.4655346274375915,3.5261855125427246,13.498405456542969,3.400364637374878,13.30882167816162,-0.28135836124420166,0.4173239469528199,-9.972219944000244,-9.908457040786741,-758.0
d085e611,0.6010113171201541,0.564134495641345,0.8841657810839533,2496.0,1812.0,832.0,0.8419036772356052,0.5877820797670141,0.9308164783861204,0.5623100973028935,0.907984493516256,0.371977207941238,9.71107454451852,9.768145400619956,9.698408285242364,7.632843144114793,7.814547177481605,7.415493029027522,9.707515115661094,9.74843848592212,9.655925270384062,-0.34303439861910623,0.536007285575018,0.06973711537759186,0.3990541484540824,0.0925132155380588,-0.3200312854426083,74.0,559.0,1.0,1.0,0.6873472332954407,0.9398927688598632,0.7907626032829285,0.3467195630073547,8.447572708129883,10.797451972961426,8.439665794372559,10.789214134216309,-0.2525455355644225,0.4440430402755738,-2.349879264831543,-2.34954833984375,-485.0
d0a0e7b5,0.5154222505849819,0.4368340943683409,0.8679378531073446,2423.0,1435.0,1229.0,0.7383845324966392,0.4364393790777338,0.792680343367054,0.7233470363571843,1.061659663849264,0.6439249282842621,11.622148370869866,9.99618298841814,13.949541811972733,8.844578958079046,8.077632664851771,10.395952680514473,11.435699208775686,9.995713961168876,12.96727040405695,-0.35624096428932017,0.41773473556500185,-3.953358823554593,-2.3183200156627013,-2.9715564428880743,-0.4311037587390037,37.0,675.0,1.0,1.0,0.3985316157341003,0.8536754250526428,1.0967847108840942,0.5409705638885498,10.142481803894045,13.409615516662598,10.04920482635498,13.111543655395508,-0.45514380931854254,0.5558141469955444,-3.267133712768553,-3.0623388290405273,-638.0
d0a43760,0.3584209555432577,0.2453634085213032,0.9343116701607268,1943.0,979.0,1337.0,0.5963175642720087,0.2661064601752976,0.684657459510552,0.8985348471016484,1.211522628616323,0.7941568365120935,19.9598366068871,23.86540054743373,19.12001791085057,14.183256108915725,18.21992171861936,12.83686166496098,18.92626417365832,22.77362046036045,17.67108971188262,-0.4185509993352544,0.4173657921042295,4.745382636583159,5.383060053658381,5.102530748477832,-0.6889482616394236,23.0,742.0,1.0,1.0,0.2839790880680084,0.8362841606140137,1.1966794729232788,0.5722164511680603,23.72567367553711,12.764083862304688,22.12168312072754,12.322400093078612,-0.5523050725460052,0.6244630217552185,10.961589813232422,9.799283027648928,-719.0
d0cb63ae,0.6051539637475432,0.5472322503008423,0.9434262948207172,2771.0,1819.0,1184.0,0.8672720514817833,0.7848018422460253,0.9049493654762042,0.5152241231119069,0.6560459705751948,0.4360060424438996,14.416182786166432,12.75913018684397,16.652807622489263,10.954372064911478,10.005178817108195,12.558610734497906,14.309444372865716,12.722499371419865,15.751102090213754,-0.12014752323017885,0.22003992813129514,-3.8936774356452926,-2.5534319173897106,-3.0286027187938895,-0.39619404451987483,85.0,809.0,1.0,1.0,0.8253617286682129,0.9205554723739624,0.5909962058067322,0.3986088931560516,11.029905319213867,18.659595489501957,11.010411262512209,17.29509735107422,-0.09519374370574951,0.1923873126506806,-7.6296901702880895,-6.28468608856201,-724.0
d114d9c2,0.475839085931921,0.4673716012084592,0.7149270482603816,1999.0,1547.0,637.0,0.8077789655991652,0.8367635357201015,0.7864672953889698,0.620033925524781,0.571378095974808,0.6535024171508935,11.625745568029242,9.951287086978107,14.747871591702047,8.59492562781578,7.9020356219787,10.40723883340671,11.607205884170494,9.932553641002464,14.634972778151708,0.05029624033113178,-0.08212432117608548,-4.79658450472394,-2.50520321142801,-4.702419137149244,-0.24755544705192234,48.0,414.0,1.0,1.0,0.8732036352157593,0.7424394488334656,0.5035799145698547,0.7177193760871887,7.656696319580078,16.7814884185791,7.563839912414551,16.779232025146484,0.1307641863822937,-0.21413946151733398,-9.124792098999023,-9.215392112731934,-366.0
d1457cc5,0.4589915966386554,0.4003652597402597,0.9354207436399216,2731.0,1973.0,956.0,0.4726378611661372,0.764464617860887,0.553494174196632,1.026997700906738,0.6863459508718806,0.9449929373316692,17.40163219399841,9.809604209775577,26.47492968771565,11.539696561295129,6.77158880560882,20.86561135587588,16.494452470548534,9.640946507696572,18.31423558921386,0.210970443664255,-0.2586469864597887,-16.665325477940073,-14.094022550267061,-8.67328908151729,-0.5350554838996618,53.0,728.0,1.0,1.0,0.8411033153533936,0.6778839826583862,0.5637316703796387,0.8026406764984131,7.815834045410156,30.23122787475586,7.590094566345215,17.114355087280273,0.16321933269500732,-0.23890900611877441,-22.415393829345703,-9.524260520935059,-675.0
d1ecf309,0.6014705882352941,0.4711840726510653,0.9687756778964668,2454.0,1349.0,1179.0,0.7940295366297908,0.5712090612942959,0.8328098739228186,0.6418262434182778,0.926057167463979,0.5782562167018724,18.754432311376416,13.930055948272589,22.972150273728907,14.170165457661543,11.212793977946204,17.469843428183747,18.73520522183732,13.903955076631783,22.960120139180887,-0.26160081262852264,0.3478009507621066,-9.042094325456318,-6.2570494502375436,-9.056165062549104,-0.49759160524540147,54.0,899.0,1.0,1.0,0.6653568744659424,0.8542934060096741,0.8180991411209106,0.5398269891738892,11.35221004486084,24.324512481689453,11.351887702941896,24.180110931396484,-0.1889365315437317,0.2782721519470215,-12.972302436828613,-12.828223228454588,-845.0
d1ee630d,0.516246259085079,0.3780183180682764,0.9795348837209302,2415.0,1362.0,1053.0,0.8191890094460171,0.6444414097285119,0.852561351547658,0.601350131876568,0.8432776414342883,0.5430260554565352,12.442180498724744,9.360483267396203,15.547139786094249,8.481797537786907,7.340160614918125,9.958444725771033,12.430714560105876,9.098119880859093,15.004628457637546,-0.20811994181914606,0.30025158597775314,-6.186656518698046,-2.6182841108529074,-5.906508576778453,-0.6015165656526538,39.0,648.0,1.0,0.9848024249076844,0.7545343041419983,0.8491084575653076,0.7006649374961853,0.5493478775024414,7.548348426818848,18.562000274658203,7.421789646148682,17.707807540893555,-0.09457415342330933,0.1513170599937439,-11.013651847839355,-10.286017894744873,-609.0
d217e0c5,0.4828767123287671,0.3749624737316121,0.8842620943049602,2397.0,1249.0,1444.0,0.7370975863224389,0.290983947100297,0.8283171800531769,0.7251240082600507,1.190811532443067,0.5859740948998055,15.88761381788405,16.02478296623479,15.177791271111497,11.59115378535722,12.178286055137574,10.665110721041165,15.880100105243631,15.943580881308904,15.172147359913088,-0.5373332329528799,0.6048374375432616,0.8469916951232914,1.5131753340964096,0.7714335213958154,-0.509299620573348,37.0,947.0,1.0,0.9905857443809508,0.4291058480739593,0.8474791049957275,1.068544864654541,0.5523058772087097,14.973625183105469,16.865703582763672,14.958763122558594,16.85224723815918,-0.41837325692176824,0.5162389874458313,-1.8920783996582031,-1.893484115600586,-910.0
d24ff243,0.376915974145891,0.2465093885411651,0.9738302934179224,2041.0,1024.0,1228.0,0.8485678069335911,0.8596720973148203,0.8514210917349674,0.5503311604232652,0.52976957761876,0.5451218364091327,9.34677868572323,8.197085450954066,9.970800264446623,6.585997734767545,5.922717275392328,6.950826861953054,9.167959131891568,7.937760210968129,9.830986698046388,0.008251005579852921,-0.01535225879037272,-1.7737148134925569,-1.028109586560726,-1.893226487078259,-0.7273209048767573,33.0,758.0,1.0,1.0,0.8623763918876648,0.8540909290313721,0.5246400833129883,0.5402019619941711,8.187435150146484,10.56778621673584,7.668024063110352,10.547627449035645,0.008285462856292725,-0.015561878681182861,-2.3803510665893555,-2.879603385925293,-725.0
d273674e,0.4631761894416685,0.3456191399935338,0.8814569536423841,2132.0,1069.0,1331.0,0.8885853843125476,0.69214687544432,0.8842506388807639,0.4720479121603068,0.7846695158545157,0.4811431411113247,10.94406051958993,7.200119181549352,12.867585306745209,7.449223485182508,5.121856271157839,9.105775663142458,10.943805255683252,7.19569504126473,12.850148017231092,-0.19210376343644398,0.303526374743191,-5.6674661251958565,-3.983919391984619,-5.654452975966362,-0.5358378136488503,39.0,960.0,1.0,1.0,0.7658876776695251,0.8866944313049316,0.6842694282531738,0.4760369062423706,5.741911888122559,13.709447860717772,5.72767448425293,13.706571578979492,-0.1208067536354065,0.20823252201080322,-7.967535972595213,-7.9788970947265625,-921.0
d2f3b1ab,0.7097895699908509,0.6501883239171374,1.0,3879.0,2762.0,1217.0,0.758305504635568,0.6917386241281859,0.8271484803540854,0.6952618145194398,0.7851896278884664,0.5879651684341762,9.54944350226316,8.739307998814649,11.064329895831742,7.230893001173024,7.045326568495111,7.584185728328705,9.54630426310858,8.648862329975167,10.54516912572938,-0.13540985622589952,0.19722445945429012,-2.325021897017093,-0.5388591598335939,-1.8963067957542137,-0.34981167608286257,97.0,729.0,1.0,1.0,0.7597758173942566,0.8280366063117981,0.6931438446044922,0.5864527225494385,7.275594711303711,12.494333267211914,7.122715473175049,11.820122718811035,-0.0682607889175415,0.10669112205505371,-5.218738555908203,-4.697407245635986,-632.0
d3df146b,0.4222689075630252,0.3785504407443683,0.7092013888888888,2211.0,1546.0,817.0,0.7661183979371781,0.6117868001282569,0.8029194216407403,0.683932163394619,0.88115061127113,0.6278225519352737,12.216173551577471,9.692459047078158,15.5134729932773,8.381414493526096,7.51145380502357,9.798762417299557,12.2158475768,9.69142849085183,15.465284266967322,-0.19113262151248334,0.25332805933585634,-5.821013946199143,-2.2873086122759867,-5.773855776115491,-0.33065094814452056,56.0,619.0,1.0,1.0,0.7201334238052368,0.7673906087875366,0.7481531500816345,0.6820694804191589,9.49377155303955,16.88196563720703,9.13654327392578,16.881942749023438,-0.047257184982299805,0.06608366966247559,-7.3881940841674805,-7.745399475097658,-563.0
d40f61d5,0.4427680547173607,0.3635831381733021,0.7819935691318328,2201.0,1242.0,1216.0,0.7764134928504667,0.9085134195781404,0.7409241768971297,0.668709962763429,0.4277536216605525,0.7198275114259947,12.008511618492864,7.200665217935746,15.089464663080074,8.000098266056993,5.588055242888423,10.285479754542848,11.769895587710684,6.904778262885594,14.926075840326405,0.1675892426810106,-0.2920738897654422,-7.888799445144328,-4.697424511654425,-8.021297577440812,-0.4184104309585307,35.0,838.0,1.0,1.0,0.9503151178359984,0.7458430528640747,0.3152297139167785,0.7129613757133484,5.256203651428223,16.84996223449707,4.854931354522705,16.658536911010742,0.20447206497192372,-0.3977316617965699,-11.593758583068848,-11.803605556488037,-803.0
d41beaf2,0.5637458471760798,0.4718869590815425,0.970401691331924,2715.0,1603.0,1377.0,0.8498360112238922,0.6961120315341626,0.8967126976251539,0.5480218768919866,0.7795998569341036,0.4545047906784835,9.294870797957124,9.334285936826296,9.295100549595054,6.761534290453508,6.880903668030271,6.776602043250427,9.23661916342144,9.257669709924611,9.24598529415903,-0.20060066609099136,0.3250950662556201,0.03918538723124243,0.10430162477984428,0.01168441576558088,-0.4985147322503815,67.0,774.0,1.0,1.0,0.8380560874938965,0.9233840703964232,0.5691114068031311,0.3914484083652496,8.691971778869629,9.32980251312256,8.417932510375977,9.320852279663086,-0.08532798290252674,0.17766299843788153,-0.6378307342529315,-0.9029197692871094,-707.0
d463e527,0.5169555388093444,0.4173158246160694,0.8664799253034547,3430.0,1875.0,1856.0,0.6424497314867642,0.384428964422199,0.715314007487565,0.8456361729647518,1.1095684166177415,0.7545674158250342,16.794328955338145,16.55265793665982,17.27937626368711,12.659064794796477,12.613309933731388,13.172614211255157,15.502772151025628,15.80066259291518,15.682348247472238,-0.33088504306536604,0.35500100079270736,-0.7267183270272888,-0.5593042775237684,0.11831434544294162,-0.4491641006873853,64.0,1320.0,1.0,1.0,0.6281020045280457,0.7809621691703796,0.862436056137085,0.6618728637695312,14.03156280517578,17.796321868896484,12.571924209594728,15.33587646484375,-0.15286016464233398,0.2005631923675537,-3.764759063720705,-2.7639522552490217,-1256.0
d4f60a28,0.5422535211267606,0.4789081885856079,0.8689282960678488,2233.0,1351.0,1127.0,0.9064252804426404,0.6445534040243929,0.8604838676144312,0.4326077196661186,0.8431448226439004,0.5282350468978158,13.983805706846844,6.848263256533048,18.759075421915536,9.348678087921742,5.198130085315976,13.9917663791126,13.76459610058816,6.317102181462203,17.547402231277697,-0.2159304635900383,0.3149097757460847,-11.910812165382488,-8.793636293796624,-11.230300049815494,-0.3900201074822409,39.0,812.0,1.0,0.990243911743164,0.6609928607940674,0.7386040091514587,0.8234162330627441,0.7230435609817505,6.1963725090026855,21.096511840820312,5.803359508514404,17.900184631347656,-0.07761114835739136,0.10037267208099365,-14.900139331817627,-12.096825122833252,-773.0
d50c649a,0.4650959860383944,0.3565724815724815,0.9292168674698796,2132.0,1161.0,1234.0,0.799234434416547,0.6663568867559618,0.8108025834898211,0.633664841352987,0.8168758941773692,0.6151380601298847,14.039365043384311,9.999740299834514,16.96595939550699,10.236620907890968,7.824566076710125,12.767341162656892,13.98819695952695,9.379477649141773,16.963041875654717,-0.14444569673385932,0.20173783404748447,-6.966219095672475,-4.942775085946767,-7.583564226512944,-0.5726443858973982,38.0,743.0,1.0,1.0,0.7878538966178894,0.8436088562011719,0.6513771414756775,0.5592694282531738,7.8942437171936035,19.378707885742188,6.847042083740234,18.866573333740234,-0.05575495958328247,0.09210771322250366,-11.484464168548584,-12.01953125,-705.0
d543916f,0.5726735138499844,0.493025283347864,0.9042437431991296,1840.0,1131.0,831.0,0.8767596090970159,0.6882141661282902,0.9133110722452336,0.4964683089643972,0.7896655416968753,0.4163866658642335,9.978469950896448,9.419987575495067,10.550649939321536,7.558850418222031,7.427155875556534,7.68053290529739,9.963464999808792,9.419590734682805,10.422956019817295,-0.22509690611694333,0.3732788758326418,-1.1306623638264686,-0.2533770297408564,-1.0033652851344907,-0.4112184598512656,51.0,556.0,1.0,1.0,0.8655123710632324,0.9178838729858398,0.5186282396316528,0.4052557945251465,7.431879997253418,11.861801147460938,7.410579204559326,11.856858253479004,-0.05237150192260742,0.11337244510650635,-4.4299211502075195,-4.446279048919678,-505.0
d5df0ff5,0.5138836772983114,0.4478149100257069,0.7416666666666667,2739.0,1742.0,1068.0,0.7156022199447502,0.3501463994026347,0.841161180811633,0.754185361904154,1.1400470170982997,0.5636289900073752,7.850150884827828,7.300322141240798,8.660628322033956,5.818456000409508,5.785744840746804,5.847985719364237,7.820223808443805,7.278396314381947,8.223484619221457,-0.49101478140899835,0.5764180270909245,-1.3603061807931578,-0.062240878617433104,-0.9450883048395102,-0.2938517566409598,51.0,656.0,1.0,1.0,0.4228878319263458,0.8460076451301575,1.0743483304977417,0.5549637079238892,6.429767608642578,9.991650581359863,6.408868789672852,9.573036193847656,-0.42311981320381165,0.5193846225738525,-3.561882972717285,-3.1641674041748047,-605.0
d60430e6,0.7546965317919075,0.6711319490957803,0.9552941176470588,2089.0,1002.0,1218.0,0.220835632886961,0.6260413499187495,0.2170584238946871,1.248330378636232,0.8648221205325989,1.2513525291502094,51.114378743985874,12.137657443634492,66.10912717215045,18.146219016998803,9.805357723995192,23.918782652466103,50.81797872949137,11.174877154673991,64.81933202797464,0.4089829260240624,-0.38653040861761057,-53.971469728515956,-14.113424928470911,-53.644454873300646,-0.2841621685512785,20.0,389.0,0.5,0.5159150958061218,0.5826185941696167,0.1815060228109359,0.913653552532196,1.2794482707977295,10.683442115783691,89.06676483154297,10.013206481933594,85.0459976196289,0.40111257135868084,-0.36579471826553345,-78.38332271575928,-75.03279113769531,-369.0
d63196fe,0.5123983739837399,0.4005412719891745,0.953469387755102,2521.0,1480.0,1168.0,0.8027212251287126,0.8113791691964144,0.7972390350569506,0.6281381613487393,0.6142000175896865,0.6368060378844557,11.31047206597915,8.489535559710932,13.916450896817112,7.654291176138685,6.651981845670733,8.901596139816036,11.308208639398435,8.476299019140246,13.871579635727098,0.0141401341394638,-0.022606020294769213,-5.4269153371061805,-2.249614294145303,-5.395280616586852,-0.5529281157659276,66.0,723.0,1.0,1.0,0.9128309488296508,0.8021029829978943,0.4175381362438202,0.6291216611862183,6.918971061706543,15.90236473083496,6.813058853149414,15.788365364074709,0.11072796583175648,-0.21158352494239807,-8.983393669128416,-8.975306510925295,-657.0
d6c320d9,0.3698834777412608,0.3041325461816797,0.659043659043659,2476.0,1597.0,951.0,0.8275428384448228,0.794728317464334,0.8555023230951295,0.587294068683104,0.6407365800946063,0.5375828808748851,7.466933791508439,5.940994160050754,9.41711552055725,5.152240536610285,4.77696809270554,5.763192801201566,7.466726454694483,5.818147843784192,9.206615964982802,-0.06077400563079549,0.10315369921972117,-3.476121360506496,-0.9862247084960254,-3.3884681211986107,-0.35491111286197935,39.0,666.0,1.0,1.0,0.8724439740180969,0.8682863116264343,0.5050861835479736,0.513251781463623,4.599679470062256,10.761682510375977,4.23546314239502,10.18719482421875,0.004157662391662598,-0.008165597915649414,-6.162003040313721,-5.95173168182373,-627.0
d6dd7330,0.4703915284937996,0.4511265164644714,0.9502487562189056,3376.0,2603.0,1337.0,0.8633493115795398,0.8745273288586187,0.8463093848672384,0.5227823417455112,0.5009444502964002,0.5544197239145837,8.997002962596126,4.608363170754483,13.360450740763316,5.249857982947207,3.5821901229123254,8.369528444516174,8.994555633634604,4.587458405310096,13.237800303448406,0.028217943991380334,-0.053475273618183494,-8.752087570008833,-4.7873383216038485,-8.65034189813831,-0.4991222397544342,75.0,697.0,1.0,1.0,0.9165351986885072,0.8525977730751038,0.4085702002048492,0.5429589748382568,4.25391960144043,16.360448837280273,4.2516703605651855,16.253459930419922,0.06393742561340343,-0.13438877463340765,-12.106529235839844,-12.001789569854736,-622.0
d7ba4f9d,0.3652548725637181,0.2802862077473476,0.8581449727201871,1949.0,1136.0,1101.0,0.6248454860250289,-0.2698614704568152,0.6770954909075502,0.8662038027796589,1.593650821514434,0.8036224350930602,15.257698681532723,14.63234760988819,16.026302440945575,11.609927959640675,12.587670226973648,10.936427613861458,14.7867467506538,13.788376295845977,15.945919202894704,-0.9469569613643654,0.7900283864213739,-1.3939548310573837,1.6512426131121902,-2.157542907048727,-0.5778587649728395,31.0,669.0,1.0,1.0,-0.3309854567050934,0.704791247844696,1.6315547227859497,0.7683863043785095,13.256160736083984,16.887033462524414,12.163538932800291,16.807689666748047,-1.0357767045497894,0.8631684184074402,-3.6308727264404297,-4.644150733947756,-638.0
d7eb0be8,0.7536379511059371,0.6833300914219024,1.0,5179.0,3513.0,1731.0,0.7919773834008045,0.7015300344458892,0.8663092056198667,0.6450156844592161,0.7726188783017287,0.5170895365023997,13.020258916692592,12.975923807005408,12.90971487386751,8.877196834498516,9.415329724357882,7.617744843699805,12.998847902416042,12.94533714340708,12.905044491457176,-0.16477917117397745,0.25552934179932896,0.066208933137899,1.7975848806580768,0.04029265194990472,-0.3166699085780976,113.0,1003.0,1.0,1.0,0.7448229789733887,0.8361749649047852,0.7143906950950623,0.5724072456359863,11.54339599609375,14.841737747192385,11.506574630737305,14.840509414672852,-0.09135198593139648,0.14198344945907593,-3.2983417510986346,-3.333934783935547,-890.0
d84b621b,0.609110422132125,0.4213048286030225,0.9722972972972972,2554.0,1143.0,1439.0,0.7463833728784393,0.5836732936836084,0.7938258620925311,0.712203099012579,0.9124984452769128,0.6421435009520362,11.954847132129318,10.7327563480651,12.81478318626037,7.9947520231101,8.042478103855414,7.951609596295476,11.934809065496095,10.33472730413085,12.774752849429133,-0.2101525684089227,0.2703549443248766,-2.0820268381952687,0.09086850755993847,-2.4400255452982833,-0.5509924686942747,55.0,856.0,1.0,1.0,0.6631735563278198,0.7900973558425903,0.8207635879516602,0.6479238271713257,8.93505573272705,15.046035766601562,8.401611328125,14.902654647827148,-0.1269237995147705,0.17283976078033447,-6.110980033874512,-6.501043319702148,-801.0
d90aa14c,0.4684522987712274,0.4411908247925817,0.9644160583941606,3393.0,2712.0,1057.0,0.7614319953705432,0.5797522625593904,0.8756125234501648,0.6907503233867601,0.9167854028512994,0.4987734486715089,10.237242918334054,10.468922772491682,10.164932668407824,7.873301588235754,8.14198316504203,7.562583352535972,9.983629350070157,10.204107927232329,9.928329333226678,-0.29586026089077444,0.4180119541797905,0.3039901040838586,0.5793998125060575,0.27577859400565075,-0.5232252336015788,49.0,325.0,0.5,0.5183413028717041,0.7336732149124146,0.8909717202186584,0.7298312187194824,0.4669652581214905,8.593498229980469,10.969748497009276,8.471105575561523,10.726584434509276,-0.1572985053062439,0.26286596059799194,-2.376250267028807,-2.255478858947752,-276.0
d924e971,0.7729193071398395,0.6856950973807925,0.9208428246013668,3659.0,2042.0,1617.0,0.8376368186466066,0.8365157300256183,0.8437391430957977,0.5698476662291309,0.5718116297774674,0.559036415458246,14.104927345230688,14.103758491766188,14.106403272883604,10.414401269459304,10.975321653280515,9.706052831758052,14.102718459040792,14.085012132425792,14.028250530230718,-0.007223413070179374,0.01277521431922135,-0.002644781117416173,1.2692688215224628,0.05676160219507409,-0.2351477272205743,139.0,1044.0,1.0,1.0,0.9104287028312684,0.8569440841674805,0.4232524037361145,0.5348942279815674,12.11960792541504,15.236544609069824,12.090560913085938,14.995747566223145,0.05348461866378795,-0.11164182424545288,-3.1169366836547834,-2.905186653137207,-905.0
d9ae59b2,0.5117370892018779,0.4431051108968177,0.8105726872246696,1526.0,919.0,736.0,0.6771425108674775,0.5920869249804026,0.716954148197166,0.8035639229489121,0.9032309505542836,0.7523906589037825,19.11164571959665,12.97930534009881,24.120162062813844,13.34142819326339,10.092706690266526,17.07229267689923,18.808181278699056,12.976394752604522,23.17864733750161,-0.12486722321676336,0.15084029165050106,-11.140856722715034,-6.979585986632705,-10.202252584897087,-0.3674675763278519,27.0,448.0,1.0,1.0,0.6856536269187927,0.7539742588996887,0.7929014563560486,0.7014638185501099,10.224788665771484,27.76194190979004,10.061964988708496,26.823165893554688,-0.068320631980896,0.09143763780593872,-17.537153244018555,-16.76120090484619,-421.0
d9d6d94d,0.545798092495951,0.5182038834951457,0.8448155880306193,3033.0,2135.0,1214.0,0.4848924596925948,-0.2218382692609078,0.7075318549809546,1.014995113591593,1.5632263235123107,0.7648112773999157,20.44921717042416,20.28072826742908,18.93240213125002,11.896938542071997,10.92681468307572,12.43690266718512,20.312452796803388,20.102694221949807,18.789818937939295,-0.9293701242418624,0.798415046112395,1.348326136179061,-1.5100879841093988,1.312875284010513,-0.3266117045354736,66.0,686.0,1.0,1.0,-0.2743246257305145,0.6735672354698181,1.5964490175247192,0.808000922203064,19.190284729003903,21.67222023010254,18.73453712463379,21.48162269592285,-0.9478918612003326,0.7884480953216553,-2.4819355010986364,-2.7470855712890625,-620.0
d9eca87b,0.6747093023255814,0.6387832699619772,0.8592592592592593,2321.0,1680.0,696.0,0.679337396027912,0.6868925458492067,0.6705940744269023,0.8008278266545038,0.7913374174785284,0.8116722559914163,14.494617381055656,13.153290565969534,17.367540119912224,11.070183093533055,10.423361662319524,12.804126654029778,14.49407557353679,13.14465435467356,17.351295348848932,0.01629847142230434,-0.020334838512887976,-4.21424955394269,-2.3807649917102545,-4.2066409941753715,-0.22047598929728207,166.0,512.0,1.0,1.0,0.7145768404006958,0.7075217962265015,0.7555437088012695,0.7648244500160217,11.767705917358398,18.35011100769043,11.709162712097168,18.23541259765625,0.007055044174194336,-0.009280741214752197,-6.582405090332031,-6.526249885559082,-346.0
da2d4d7c,0.5693050910442214,0.5518441196938065,0.7743221690590112,1532.0,793.0,971.0,0.7426855600829124,0.6006013868433238,0.7523330787271636,0.7173763864486865,0.8937545671566397,0.7037995755509325,13.418662688676326,11.48654053570707,14.978530087421133,9.978777119365812,8.553219186291729,11.576063754962924,13.41787053217142,11.286465365481652,14.84999586257772,-0.15173169188383984,0.18995499160570717,-3.491989551714063,-3.0228445686711947,-3.5635304970960675,-0.22247804936520466,24.0,612.0,1.0,1.0,0.6578721404075623,0.7985048294067383,0.8271974921226501,0.6348152160644531,9.06968116760254,15.580751419067385,8.93212604522705,15.34079360961914,-0.14063268899917603,0.19238227605819702,-6.511070251464844,-6.40866756439209,-588.0
da3bfe4e,0.6794754498322659,0.648590021691974,0.8203285420944558,2228.0,1495.0,799.0,0.6947852968218398,0.7973987673287234,0.6036856965800088,0.7812998184796414,0.6365551549885943,0.8902969206056945,14.602195396147152,10.242228135001724,20.426294241580347,10.091377883351868,8.184717596964694,13.845291669391909,14.581637392432834,10.198631098718275,20.424159337144424,0.19371307074871458,-0.25374176561710027,-10.184066106578623,-5.660574072427215,-10.225528238426149,-0.17173852040248183,97.0,518.0,1.0,1.0,0.8423726558685303,0.5544648766517639,0.5614754557609558,0.9439651966094972,8.25417709350586,23.42176628112793,8.162069320678711,23.404661178588867,0.28790777921676636,-0.38248974084854137,-15.16758918762207,-15.242591857910156,-421.0
da3cf798,0.6056667533142709,0.50177304964539,0.8909444985394352,2330.0,1415.0,915.0,0.870569454259849,0.7449919850921615,0.9036646361769024,0.5087839339840656,0.7141540658819195,0.4389427384593524,7.747058656616063,6.851611496613766,8.95726573835904,6.049849729083686,5.560405684016827,6.806749536482162,7.697339929024282,6.846205502129773,8.772363660418392,-0.15867265108474093,0.27521132742256715,-2.105654241745273,-1.2463438524653343,-1.9261581582886196,-0.3891714488940452,52.0,664.0,1.0,1.0,0.8220166563987732,0.9221389889717102,0.5966294407844543,0.3946163058280945,6.136468887329102,9.018805503845217,6.041860580444336,9.006850242614746,-0.10012233257293701,0.20201313495635986,-2.882336616516115,-2.96498966217041,-612.0
da940160,0.5993318485523386,0.4480174836091165,0.975912975912976,2691.0,1435.0,1256.0,0.8357413917950914,0.7526015197451656,0.8552445937310291,0.5731642141741031,0.7034180552912107,0.5380620898538957,11.95831041243209,9.232319490420174,14.456802939296232,8.237930213342329,6.999163707664709,9.653240671660312,11.93743060175206,9.230652306430091,14.39706109700682,-0.10264307398586348,0.165355965437315,-5.224483448876057,-2.6540769639956023,-5.166408790576728,-0.5278954923038595,41.0,853.0,1.0,0.9838523864746094,0.8119378685951233,0.871526300907135,0.6132897138595581,0.5068997740745544,7.205392837524414,15.939326286315918,7.175725936889648,15.935060501098633,-0.05958843231201172,0.10638993978500366,-8.733933448791504,-8.759334564208984,-812.0
dafc88c3,0.3694984646878199,0.3240793201133145,0.7772020725388601,2527.0,1716.0,1200.0,0.7947395444699717,0.7822699487550016,0.8066635502164516,0.6407190578249226,0.6598940085271247,0.6218302819637338,8.456284620655541,6.927785381299135,9.743068287343712,6.29877665434381,5.46247281001668,7.067431166114176,8.42511488956757,6.911134845093828,9.51131526137654,-0.024393601461450087,0.038063726563390854,-2.815282906044578,-1.6049583560974954,-2.6001804162827113,-0.4531227524255456,42.0,643.0,1.0,1.0,0.8233510851860046,0.8505156636238098,0.5943886041641235,0.5467802882194519,6.327142715454102,11.471176147460938,6.318463802337647,10.247761726379396,-0.027164578437805176,0.04760831594467163,-5.144033432006836,-3.929297924041749,-601.0
dbee6c86,0.3246618106139438,0.2149799885648942,0.9231699939503932,2808.0,1504.0,1526.0,0.8204851979999784,0.8210476614261069,0.7978097829091989,0.5991907909840096,0.5982513494742709,0.6359091398789627,9.914786859534896,5.037425039139827,12.655136632688048,6.598202069117764,3.991842459077679,8.83021581280004,9.638240506470629,4.981142923886489,11.460562520142778,0.02323787851690795,-0.03765779040469175,-7.617711593548221,-4.8383733537223605,-6.479419596256289,-0.708190005385499,38.0,982.0,1.0,1.0,0.8902697563171387,0.8280225992202759,0.4684661030769348,0.5864766240119934,4.402264595031738,12.78591537475586,4.273451328277588,12.125889778137209,0.06224715709686279,-0.1180105209350586,-8.383650779724121,-7.852438449859621,-944.0
dc5fbe29,0.5941365093907467,0.5147640791476408,0.9787234042553192,2594.0,1691.0,1058.0,0.8616958205584564,0.749159981099518,0.9064072943564564,0.5259356984300335,0.7082937510672842,0.4326492936398803,11.255321055074177,10.540886345815329,12.59853712973213,7.9869334919814,8.03087496907287,8.107480308859861,11.241762903311246,10.4566067960553,12.262003797681976,-0.15724731325693841,0.2756444574274039,-2.0576507839168006,-0.07660533978699036,-1.805397001626675,-0.46395932510767846,59.0,865.0,1.0,1.0,0.8527433276176453,0.9229119420051576,0.5426908135414124,0.3926526606082916,8.684500694274902,12.810580253601074,8.684418678283691,12.07894229888916,-0.07016861438751232,0.15003815293312073,-4.126079559326172,-3.3945236206054688,-806.0
dc7da28f,0.5056634304207119,0.3748326639892905,0.9204946996466432,3125.0,1680.0,1563.0,0.929042336791085,0.8727771005971489,0.9496441554915503,0.3767165066967863,0.5044262074929318,0.3173510501272984,7.059571493063766,6.494298172451836,7.555031290768916,5.297017211289844,5.08962413311221,5.477461490108784,7.053359525532457,6.457281494331028,7.431312695731427,-0.07686705489440149,0.18707515736563335,-1.0607331183170805,-0.38783735699657385,-0.9740312014003996,-0.5456620356573527,27.0,603.0,0.5,0.6103239059448242,0.8929934501647949,0.9638190865516664,0.4626154899597168,0.2690015435218811,5.904722213745117,8.172883033752441,5.841187477111816,7.651453018188477,-0.07082563638687145,0.1936139464378357,-2.268160820007324,-1.8102655410766602,-576.0
dc7f9757,0.6966213862765587,0.565864833906071,0.9448888888888888,2000.0,988.0,1063.0,0.7483421396565886,0.1163583813750649,0.8253693594926866,0.7094474756363736,1.329392055508784,0.5909833170357914,20.38119686040309,17.036227605870145,22.97138017550923,14.991281914736652,13.208568847456943,16.619081498117968,20.25376068989797,17.035368682598175,22.515460881739106,-0.7090109781176217,0.7384087384729925,-5.935152569639083,-3.4105126506610244,-5.48009219914093,-0.37902405498281777,38.0,797.0,1.0,1.0,0.2170420885086059,0.8514172434806824,1.2513655424118042,0.5451288819313049,12.942051887512209,25.072242736816406,12.913942337036133,24.010713577270508,-0.6343751549720764,0.7062366604804993,-12.130190849304197,-11.096771240234375,-759.0
dd168de0,0.4806315789473684,0.3263888888888889,0.9206257242178448,2283.0,987.0,1589.0,0.7446671237010161,0.6660110773534561,0.7719608977049007,0.7146088108874448,0.8172991161705044,0.6753356236644107,13.042141520355772,11.729087221040842,13.406553237398622,8.1462497708518,8.700347311844332,7.928462029904134,13.040633881242863,11.729086409275736,13.346830488452868,-0.10594982035144462,0.14196349250609375,-1.67746601635778,0.7718852819401985,-1.6177440791771325,-0.594236835328956,30.0,942.0,1.0,1.0,0.8083418607711792,0.7369499802589417,0.6191254258155823,0.7253275513648987,9.60669231414795,16.519916534423828,9.603716850280762,16.510087966918945,0.07139188051223755,-0.1062021255493164,-6.913224220275879,-6.906371116638184,-912.0
dd64382d,0.5864661654135338,0.3401885175664096,0.9625390218522372,1248.0,397.0,925.0,0.8798106746429012,0.580296196485531,0.8918272093758934,0.490284255013556,0.916191905131746,0.4651296391848332,10.896607755523249,8.824351357430398,11.739309794129062,7.902352863690137,6.698760348402872,8.44874496684787,10.89461385763805,8.758211902064557,11.733581601677216,-0.31153101289036245,0.4510622659469128,-2.9149584366986634,-1.7499846184449988,-2.975369699612658,-0.6223505042858275,16.0,641.0,0.5,0.9771341681480408,0.7570127844810486,0.9079303741455078,0.6971186399459839,0.4291144907474518,7.17015552520752,12.7899751663208,7.09551477432251,12.68418025970459,-0.15091758966445923,0.2680041491985321,-5.61981964111328,-5.58866548538208,-625.0
dd6bc5b2,0.5154994259471871,0.3422628427355815,0.8460789089137847,2694.0,1086.0,1737.0,0.9038950073252248,0.8648458091229335,0.9173665959919456,0.4384175924270723,0.5199118980694065,0.4065302055396484,15.263426779243892,14.347997003945036,15.838992648779834,12.154929343087971,11.512545491334828,12.556863219564372,14.918719095375486,14.32218393359039,15.020719491777689,-0.05252078686901207,0.1133816925297581,-1.4909956448347987,-1.0443177282295437,-0.6985355581872987,-0.5038160661782032,51.0,1261.0,1.0,1.0,0.8414283990859985,0.922463834285736,0.5631546974182129,0.3937922418117523,13.078289985656738,16.67043113708496,13.077507972717283,16.267440795898438,-0.08103543519973744,0.16936245560646057,-3.5921411514282227,-3.189932823181154,-1210.0
dd7d638e,0.5643515060990789,0.5122131754256106,0.8593155893536122,2267.0,1384.0,1130.0,0.7979648420292214,0.8167539930760608,0.881502355555573,0.6356652546282181,0.6053858388233726,0.4868216191674873,19.11645941289815,14.626810644470558,22.54532533300452,14.80838166635356,11.970583839314616,17.444614547149147,19.04387696060789,12.167047945237014,18.958819820609804,-0.06474836247951221,0.11856421965588532,-7.918514688533962,-5.474030707834531,-6.79177187537279,-0.34710241392800156,47.0,766.0,1.0,0.9720812439918518,0.8185796141624451,0.8860626220703125,0.6023626327514648,0.4773622751235962,14.648451805114746,25.04424285888672,11.613630294799805,18.396583557128903,-0.06748300790786743,0.12500035762786865,-10.395791053771973,-6.782953262329098,-719.0
ddc790ff,0.4862651875330164,0.4051226551226551,0.9477317554240632,1841.0,1123.0,961.0,0.8617499151286474,0.9256588004709332,0.8410358462433953,0.5258328344090973,0.3855935671897722,0.5638513168497608,12.223041918235603,3.891489604774359,16.675057028342508,6.736216969026944,2.997171400855438,10.547816359220292,12.190433777675477,3.785928627866933,16.482666913721484,0.08462295422753785,-0.17825774965998853,-12.78356742356815,-7.550644958364854,-12.69673828585455,-0.5426091003014081,32.0,645.0,1.0,0.9892638325691224,0.9535403251647948,0.8216347098350525,0.3048267662525177,0.5972692966461182,3.128435611724853,20.03554916381836,3.086928367614746,19.53314018249512,0.13190561532974232,-0.29244253039360046,-16.907113552093506,-16.446211814880375,-613.0
df71d1ff,0.6637673280782821,0.633808095952024,0.9386745796241344,2442.0,1691.0,949.0,0.7553013355990813,0.7788425890970748,0.71806351847762,0.699569388125179,0.665067531763392,0.7509147508504278,13.046284733990417,12.090104577299586,14.33414079785229,9.947668577243958,9.431348359029885,10.706686841955374,13.040554412797167,12.090069734172015,14.268696284618796,0.06077907061945487,-0.08584721908703585,-2.2440362205527045,-1.2753384829254895,-2.178626550446781,-0.30486648367211033,78.0,590.0,1.0,1.0,0.8441005349159241,0.7509230375289917,0.5583896040916443,0.7058001756668091,9.234046936035156,15.845333099365234,9.207612991333008,15.845309257507324,0.09317749738693237,-0.1474105715751648,-6.611286163330078,-6.637696266174316,-512.0
df73b8f3,0.7264828107291273,0.6969365426695843,0.9181929181929182,1923.0,1274.0,752.0,0.732144990404864,0.7107414433156115,0.7440784582028817,0.7319221401148294,0.7606031247429746,0.7154320957255389,11.96405153795966,10.556403347792576,14.582413114603996,8.54501569502103,8.234140560388692,9.674798228652875,11.850460332870082,10.339255797269324,14.576832669095696,-0.033337014887270144,0.04517102901743575,-4.02600976681142,-1.4406576682641834,-4.237576871826372,-0.22125637552333388,92.0,544.0,1.0,1.0,0.8052021861076355,0.7522245049476624,0.6241759657859802,0.7039538025856018,7.230483531951904,15.358760833740234,7.064245223999023,15.353227615356444,0.052977681159973145,-0.07977783679962158,-8.12827730178833,-8.28898239135742,-452.0
df8290be,0.7702108963093146,0.7098121085594989,0.964243146603099,1753.0,1020.0,809.0,0.7149588722781097,0.6649456013669709,0.7585967663974382,0.755037916560341,0.8186017329972238,0.6948427643755986,13.046015749982445,12.075414236808143,14.013270671410543,9.08041615336004,8.627600657203967,9.691327853874872,13.043916759276756,11.870613185814188,13.841032685056,-0.09365116503046733,0.12375896862162528,-1.9378564346024003,-1.0637271966709054,-1.970419499241812,-0.2544310380436,78.0,566.0,1.0,1.0,0.8063760995864868,0.7774358987808228,0.6222923994064331,0.66717928647995,8.501885414123535,15.03361988067627,8.486713409423828,15.022615432739258,0.028940200805664062,-0.044886887073516846,-6.531734466552734,-6.53590202331543,-488.0
e0079ed1,0.6227067269343259,0.5108005082592122,0.89,2342.0,1206.0,1246.0,0.7581711355371323,0.4254355463621405,0.8444217116547383,0.6954550516933035,1.0719743034586786,0.5578141058547402,14.86816395389384,16.29185767060292,14.037558239413972,11.182752361226871,12.644782946172247,10.195738317106922,14.867753264930077,16.18952389210586,13.871135837744452,-0.41898616529259786,0.5141601976039384,2.2542994311889473,2.449044629065325,2.3183880543614084,-0.3791994917407878,43.0,713.0,1.0,1.0,0.5243232846260071,0.8820945024490356,0.9753735065460204,0.4856037497520447,15.866631507873535,14.46090602874756,15.210447311401367,13.897085189819336,-0.35777121782302856,0.4897697567939757,1.4057254791259748,1.3133621215820312,-670.0
e03b45fd,0.7272306981044845,0.6726411903956713,0.9342585829072316,3146.0,1989.0,1279.0,0.7510220501746877,0.7385711293228766,0.7459012724158417,0.7056599036721759,0.7230890272672147,0.7128796919314764,11.910453589108036,11.1085240338399,13.022788768386388,8.600961870336132,8.520956658345819,8.781647443427506,11.849488670079138,11.00680540458179,12.981699609243956,-0.007330143092965091,0.010209335335738312,-1.914264734546487,-0.2606907850816871,-1.9748942046621654,-0.26161739251156035,150.0,871.0,1.0,1.0,0.7451438307762146,0.7394241690635681,0.7139413952827454,0.7219083309173584,10.379105567932127,14.70213222503662,10.229755401611328,14.702062606811523,0.005719661712646484,-0.007966935634613037,-4.323026657104492,-4.472307205200195,-721.0
e0f36d98,0.6360881542699725,0.5765873015873015,0.936036036036036,2309.0,1453.0,1039.0,0.8974610481224946,0.610083216654811,0.930286440610324,0.4528552790406785,0.8830818572988451,0.3733994091845244,9.1491770800448,7.855546089635428,10.457558696167808,6.222456882226904,5.612310895043485,7.054625728083148,9.120440374650313,7.839970250554448,10.42218963742126,-0.32020322395551293,0.5096824481143207,-2.60201260653238,-1.4423148330396636,-2.5822193868668117,-0.3594487344487345,58.0,646.0,1.0,0.978787899017334,0.7469983696937561,0.9376679062843324,0.7113390564918518,0.353078156709671,6.025359630584717,11.11716365814209,5.921353816986084,11.055357933044434,-0.19066953659057628,0.3582608997821808,-5.091804027557373,-5.13400411605835,-588.0
e149204f,0.5465256797583081,0.4760147601476014,0.8817451205510907,1809.0,1161.0,768.0,0.755351571232364,0.7340749363510245,0.8041357563508046,0.6994975750746188,0.7292805545864712,0.6258821672634481,12.75375261840012,12.043236195579832,13.825790700206724,9.785551808282618,9.51880526765953,10.271682773969031,12.71292331543281,11.678918920444788,13.627136490177916,-0.07006081999978009,0.10339838732302309,-1.7825545046268925,-0.7528775063095008,-1.9482175697331279,-0.40573036040348925,34.0,471.0,1.0,1.0,0.8606697916984558,0.7902488708496094,0.5278829336166382,0.647689938545227,8.62515926361084,15.471362113952637,7.833278179168701,15.117084503173828,0.07042092084884644,-0.11980700492858887,-6.846202850341797,-7.283806324005127,-437.0
e14d641e,0.7365905469994689,0.6614963503649635,0.9313850063532402,1387.0,725.0,733.0,0.7729233699840262,0.6371532926517842,0.7977970508303295,0.6739089404600206,0.8518764081111951,0.635929161416066,10.499846755051449,8.2071017723139,12.263034352942926,7.350854101064013,6.344863124664795,8.334672613128278,10.48231593239637,8.160225511488056,12.24834594306498,-0.16064375817854526,0.2159472466951291,-4.055932580629026,-1.9898094884634832,-4.0881204315769235,-0.2698886559882767,40.0,534.0,1.0,1.0,0.7230173349380493,0.8127033710479736,0.744288444519043,0.6120402216911316,7.29131555557251,13.366204261779783,7.175806045532227,13.365869522094728,-0.08968603610992432,0.13224822282791138,-6.074888706207274,-6.190063476562502,-494.0
e161bd0c,0.7418604651162791,0.5699558173784978,0.9680851063829788,1914.0,774.0,1183.0,0.8018878966719996,0.8312888218736302,0.7953927773394465,0.6294634275762182,0.5808806729895045,0.6396987144907413,13.829960873942191,8.580829667770013,16.291617240277972,9.410226637227408,6.6888682102629256,11.140561227258516,13.812036675085166,8.54107332235949,16.285908799009164,0.03589604453418371,-0.05881804150123682,-7.710787572507959,-4.45169301699559,-7.7448354766496745,-0.3981292890044811,37.0,909.0,1.0,1.0,0.8624905347824097,0.804125964641571,0.5244224667549133,0.6258978247642517,8.058694839477539,17.231550216674805,8.052886962890625,17.21396255493164,0.05836457014083862,-0.10147535800933838,-9.172855377197266,-9.161075592041016,-872.0
e201fd6d,0.6254538120209762,0.5949332606919095,0.905982905982906,3101.0,2184.0,1166.0,0.6102404297623972,0.6024726216188699,0.6130956020275472,0.8829038115645472,0.8916584305451613,0.8796640244689478,18.08892387033806,15.02867945677271,22.42177097721422,13.442130154762086,12.216502130451628,15.66980930997618,18.08658760212415,14.999515640367758,22.40108282710249,-0.010622980408677263,0.011994406076213493,-7.393091520441509,-3.4533071795245522,-7.401567186734731,-0.31104964529099643,82.0,778.0,1.0,0.9885641932487488,0.6283935308456421,0.6352860331535339,0.862097978591919,0.8540655374526978,14.44860553741455,25.056543350219727,14.442971229553224,24.480077743530277,-0.006892502307891846,0.008032441139221191,-10.607937812805176,-10.037106513977053,-696.0
e25f1537,0.5313479623824452,0.4500416319733555,0.770687237026648,2034.0,1081.0,1099.0,0.8546725409867677,0.6924755187787722,0.8970618753984007,0.5391242139122158,0.7842505737597235,0.4537358804449993,9.724997349127303,9.55126522349561,9.79973197814587,7.126587625066322,7.269085279477319,6.939273165412018,9.687065264318356,9.454829160646655,9.789644448424127,-0.20458635661962843,0.3305146933147242,-0.24846675465025925,0.32981211406530075,-0.33481528777747194,-0.3206456050532925,63.0,805.0,1.0,1.0,0.6936303973197937,0.9101020097732544,0.7827765941619873,0.4240235686302185,9.806815147399902,10.246283531188965,9.785492897033691,10.242996215820312,-0.2164716124534607,0.3587530255317688,-0.4394683837890625,-0.4575033187866211,-742.0
e2fc7745,0.5946709729511506,0.5169026292978908,0.8479571332886805,2946.0,1789.0,1266.0,0.8074898776405222,0.6494572990171182,0.8562485667918815,0.6204999957445251,0.837308427024214,0.5361929376784413,10.927352525495074,10.261048989385303,11.879115896764352,7.746973110638488,7.253461377824399,8.61870779339666,10.914009253796754,10.21017553049125,11.837297822392932,-0.2067912677747633,0.3011154893457727,-1.618066907379049,-1.3652464155722601,-1.6271222919016815,-0.33105450399078973,71.0,885.0,1.0,1.0,0.7171638011932373,0.8639506101608276,0.7521119713783264,0.5216308832168579,9.532930374145508,12.625370979309082,9.36680030822754,12.620978355407717,-0.14678680896759033,0.2304810881614685,-3.092440605163574,-3.254178047180176,-814.0
e32da4ec,0.5762064022933588,0.5270840090820629,0.8594741613780599,2412.0,1625.0,948.0,0.7171982683465863,0.5181191759772921,0.7920268132854272,0.7520661296101743,0.9817136283282492,0.6449390462897603,12.85555097612812,12.425950924538062,13.11239580458262,9.643829888214464,9.451036509010086,9.683037155874048,12.341675522776017,12.15019286630907,12.019638429791884,-0.27390763730813517,0.33677458203848887,-0.686444880044558,-0.2320006468639626,0.13055443651718512,-0.332390152295997,66.0,602.0,1.0,1.0,0.6212257742881775,0.7991563081741333,0.8703725934028625,0.6337881088256836,10.081533432006836,14.31442642211914,9.575599670410156,13.317327499389648,-0.1779305338859558,0.23658448457717896,-4.232892990112305,-3.741727828979492,-536.0
e3b34f5b,0.531628532974428,0.5073121533030761,0.7959514170040486,2765.0,2012.0,983.0,0.8045595555055419,0.7315638654544426,0.8468048211426591,0.6252046776767718,0.7327156809370977,0.5535253903071492,12.68760262527502,10.992751866228827,15.778308852560908,9.00595179241912,8.34173815874754,10.767694219345335,12.686401953131773,10.988237909016366,15.767886404946156,-0.11524095568821646,0.1791902906299485,-4.785556986332081,-2.4259560605977946,-4.77964849592979,-0.2886392637009725,62.0,626.0,1.0,1.0,0.8548237085342407,0.8412367105484009,0.5388437509536743,0.5634949803352356,9.629632949829102,17.787752151489258,9.62946891784668,17.620988845825195,0.013586997985839844,-0.02465122938156128,-8.158119201660156,-7.991519927978516,-564.0
e45a2a62,0.7752679938744257,0.7614525139664804,0.9172749391727494,2025.0,1363.0,754.0,0.8547587958181955,0.8654398995283433,0.8430885029620008,0.5389641995194199,0.5187679644535824,0.5601990664719091,8.342079597356163,6.418246997572977,10.839715645837028,5.572080580152494,4.990645214550784,6.558223880711359,8.328030962120906,6.33227612172433,10.83135742722284,0.022351396566342552,-0.04143110201832667,-4.421468648264051,-1.5675786661605748,-4.49908130549851,-0.155822425206269,97.0,562.0,1.0,1.0,0.9351071119308472,0.8435043096542358,0.3602579236030578,0.5594563484191895,4.960020542144775,12.402681350708008,4.742397785186768,12.35366153717041,0.09160280227661133,-0.19919842481613165,-7.442660808563232,-7.611263751983643,-465.0
e46f4ef4,0.4504618728491215,0.3937329700272479,0.9713518352730528,2487.0,1734.0,1085.0,0.4010223190133682,-0.1408741996197377,0.5685787123551495,1.0945114718326454,1.5105457289468187,0.92889319907603,21.29640135500931,20.57307755398481,23.182334374628088,16.543115031086153,16.950757107208936,16.71330435739868,21.167448787864096,20.443256378380138,22.89187869639885,-0.7094529119748871,0.5816525298707887,-2.609256820643278,0.23745274981025588,-2.448622318018714,-0.577618865245805,45.0,719.0,1.0,0.9889958500862122,-0.2613168060779571,0.6724696755409241,1.5882800817489624,0.8093581795692444,20.11356544494629,23.08465385437012,20.041404724121094,23.02862548828125,-0.9337864816188812,0.778921902179718,-2.9710884094238317,-2.9872207641601562,-674.0
e4726608,0.550434987067952,0.4343698854337152,0.996661101836394,2341.0,1327.0,1194.0,0.7994120849095011,0.3593959250036806,0.8621242231583817,0.633384425275044,1.131904655875502,0.5251205134854633,11.109040471421062,9.538901578936915,12.331285336196418,8.211535064920087,7.649832897239672,8.617820313965161,11.109030496910432,9.456886556643354,12.254411128065898,-0.502728298154701,0.6067841423900386,-2.7923837572595023,-0.9679874167254896,-2.797524571422544,-0.5622912164026788,49.0,729.0,1.0,1.0,0.4048637449741363,0.8716467022895813,1.0909961462020874,0.5066621899604797,8.996740341186523,13.601420402526855,8.700979232788086,13.435174942016602,-0.466782957315445,0.5843339562416077,-4.604680061340332,-4.734195709228516,-680.0
e5864244,0.6357994041708044,0.4847207586933614,1.0,2561.0,1380.0,1181.0,0.8209364479907386,0.8895467707887238,0.7385334700667303,0.5984372181094043,0.4700068706120713,0.7231411064699195,14.388409153122875,11.631491464952946,17.05427906317365,10.79314485496062,9.005152363228317,12.882416352497096,14.295758245028338,11.528149068003572,16.19574708717981,0.15101330072199348,-0.25313423585784817,-5.422787598220703,-3.877263989268778,-4.667598019176239,-0.5152792413066386,107.0,730.0,1.0,0.9905020594596864,0.9590332508087158,0.7558721899986267,0.28624027967453,0.6987528800964355,9.537126541137695,18.199880599975582,9.498589515686035,17.808378219604492,0.2031610608100891,-0.4125126004219056,-8.662754058837887,-8.309788703918457,-623.0
e5c92e59,0.6017236876469052,0.5797650625236832,0.8344537815126051,2304.0,1530.0,993.0,0.7954717556719539,0.7650654068179812,0.830203195851499,0.6395752408091577,0.6854700477512038,0.5827466072805588,12.362854551336872,11.226013104825077,13.7244594698142,8.791394529864037,8.478852403529519,9.163442928727402,12.358503381890555,11.150107951671693,13.520062062155422,-0.06513778903351786,0.10272344047064497,-2.498446364989123,-0.6845905251978834,-2.3699541104837287,-0.25468871898892187,54.0,676.0,1.0,1.0,0.7987053990364075,0.824638843536377,0.634499192237854,0.5922181010246277,10.821093559265137,14.424819946289062,10.464776992797852,14.321799278259276,-0.025933444499969482,0.04228109121322632,-3.603726387023926,-3.857022285461424,-622.0
e5ff9fd2,0.8232421875,0.7439664218258132,0.9817351598173516,1686.0,709.0,1075.0,0.7415385013973121,-0.0395326074608625,0.8067823734865627,0.7189735719797882,1.4418963953494457,0.6216391662587507,14.51537041631971,14.44271796162008,14.491032843506204,11.252176225936486,11.399735727020255,11.12132520280253,14.47845775129225,12.795572174472827,14.300892335482123,-0.8463149809474252,0.820257229090695,-0.04831488188612454,0.27841052421772616,-1.5053201610092959,-0.23776873799153841,34.0,748.0,1.0,1.0,0.2345091998577118,0.8305484652519226,1.2373284101486206,0.5821537971496582,13.58849048614502,15.328140258789062,11.763662338256836,14.346362113952637,-0.5960392653942108,0.6551746129989624,-1.739649772644043,-2.582699775695801,-714.0
e6c55748,0.533763277693475,0.4741735537190082,0.8621428571428571,2814.0,1836.0,1207.0,0.9108755138947998,0.9005788965989839,0.910265341355692,0.4221954194569149,0.4459172645256428,0.4236381914896433,6.839803644202189,6.731975380481398,7.206891663249053,5.125455069285726,5.210024478325575,5.194835281009115,6.817702079850459,6.6539077605504975,7.206860799970539,-0.009686444756708101,0.022279073035999464,-0.47491628276765496,0.015189197316460401,-0.5529530394200419,-0.3879693034238489,61.0,739.0,1.0,1.0,0.9477229118347168,0.926519215106964,0.3233483731746673,0.3833556771278381,4.779138565063477,7.9961090087890625,4.477226734161377,7.8687615394592285,0.021203696727752797,-0.060007303953170776,-3.216970443725586,-3.3915348052978516,-678.0
e730c32b,0.6259682773884175,0.5251428571428571,0.9479708636836628,1697.0,919.0,911.0,0.7424030023254796,0.4834928953384619,0.7902035304231414,0.7177701549584246,1.0163730660161534,0.6477599394480313,15.14290648551622,12.224509710881224,17.40397527008383,10.277081607986007,9.020996910306437,11.459544554292709,15.04011687512949,12.151631696758985,16.780352813389364,-0.3067106350846795,0.36861312656812206,-5.179465559202606,-2.438547643986272,-4.628721116630379,-0.42282800654080566,39.0,645.0,1.0,0.9862385392189026,0.4409812092781067,0.8115052580833435,1.0573729276657104,0.6139947175979614,12.04518699645996,18.733007431030277,12.03995132446289,18.020597457885746,-0.3705240488052368,0.443378210067749,-6.687820434570318,-5.980646133422855,-606.0
e737965a,0.6703367875647669,0.6406945681211041,0.8527315914489311,2070.0,1439.0,718.0,0.6380262810034131,0.705351277138363,0.6321769640047467,0.850851008104929,0.7676571146828993,0.8576981240451134,12.411270529105508,9.031060739419328,17.144103342444623,8.898017510241898,7.111820290395209,12.370436604621858,12.32735485130396,8.247918701061831,16.848714654337623,0.07317431313361633,-0.09004100936221404,-8.113042603025296,-5.258616314226649,-8.600795953275792,-0.21203702332782692,31.0,250.0,0.5081967115402222,0.4332755506038666,0.8026228547096252,0.6698716878890991,0.6282947659492493,0.8125617504119873,7.798947811126709,17.12609100341797,6.625631809234619,16.99502182006836,0.13275116682052612,-0.18426698446273804,-9.32714319229126,-10.36939001083374,-219.0
e748dd88,0.3619692714356517,0.2857757693135356,0.7688477951635846,2191.0,1328.0,1081.0,0.8302163928159537,0.6600620097269094,0.8422865337089653,0.5827239606950212,0.8245459238551732,0.5616288210037563,11.215718506406748,9.362115330164675,13.032594236076283,7.420822117742052,7.373799266629802,7.697792487895452,11.214502242749058,9.314056232772812,13.03159906282502,-0.1822245239820559,0.2629171028514169,-3.670478905911608,-0.32399322126565,-3.717542830052208,-0.483072025850049,39.0,694.0,1.0,1.0,0.7874370217323303,0.8243549466133118,0.652016818523407,0.5926973223686218,7.4008402824401855,15.065658569335938,7.352316856384277,15.043349266052246,-0.036917924880981445,0.059319496154785156,-7.664818286895752,-7.691032409667969,-655.0
e7818f7a,0.4215307305759567,0.371875,0.8200899550224887,2181.0,1428.0,1094.0,0.8368636894499012,0.7137338451674992,0.8522376107543835,0.5712027845697162,0.7566586480474545,0.5436219076630677,18.316363029459065,17.693653787524312,20.10672700573481,14.722135754502853,14.553639573096374,16.20683057197445,16.94942785664981,16.97079308037704,18.6150753608161,-0.13850376558688438,0.2130367403843868,-2.4130732182104992,-1.6531909988780757,-1.6442822804390609,-0.4482149550224887,50.0,698.0,1.0,1.0,0.7496120929718018,0.8964651823043823,0.707655131816864,0.4550490379333496,16.002655029296875,20.488168716430664,13.82810878753662,17.966136932373047,-0.14685308933258057,0.2526060938835144,-4.485513687133789,-4.138028144836428,-648.0
e7c36e81,0.7832948421862972,0.64140625,0.9916540212443096,2035.0,821.0,1307.0,0.7979617518450249,0.7587006229804933,0.8019795051605759,0.635670115948477,0.694693280548339,0.629317876497123,18.05802785222456,15.255444251496488,19.67669607966217,13.968817750098536,12.012347758663829,15.33298471577173,17.650262986741378,14.77254964805822,19.33717317097101,-0.04327888218008258,0.065375404051216,-4.421251828165683,-3.320636957107901,-4.56462352291279,-0.3502477712443096,44.0,938.0,1.0,0.978102207183838,0.8923373818397522,0.805543839931488,0.4640315175056457,0.6236283779144287,11.09450626373291,20.345312118530277,9.467185974121094,20.27212905883789,0.08679354190826416,-0.15959686040878301,-9.250805854797367,-10.804943084716797,-894.0
e7d0c1de,0.3997427239105965,0.3215072719259585,0.8720999405116002,2486.0,1459.0,1466.0,0.9029977706234072,0.881386952080501,0.8917430208637176,0.4404593724206416,0.4870586164302999,0.4653106040835141,10.010652726024723,4.569547551890056,12.513413519871325,6.09756953793026,3.664219896877311,7.905210200600226,10.010646265474769,4.487655537031976,12.479637877122114,-0.010356068783216599,0.021748012346785806,-7.943865967981268,-4.240990303722914,-7.9919823400901375,-0.5505926685856417,35.0,861.0,1.0,0.982876718044281,0.921293079853058,0.8881567716598511,0.3967541456222534,0.4729550182819366,4.2205915451049805,15.769389152526855,4.149674415588379,15.667397499084473,0.0331363081932069,-0.07620087265968317,-11.548797607421875,-11.517723083496094,-826.0
e85074c5,0.487001733102253,0.3953120050681026,0.8594104308390023,1967.0,1248.0,758.0,0.7827054836349575,0.8541952194192426,0.7113000464407283,0.659233670810347,0.5400088528547609,0.7598683485437089,10.738331094674374,7.911676777796488,14.153043197474696,7.772447520256984,6.428154679700645,9.9848555839997,10.704141482347143,7.90038573340277,13.816612257410563,0.14289517297851428,-0.21985949568894803,-6.241366419678209,-3.5567009042990545,-5.916226524007794,-0.46409842577089966,35.0,452.0,1.0,1.0,0.8900957703590393,0.681509792804718,0.4688373506069183,0.7981105446815491,7.254739761352539,16.811355590820312,7.212137699127197,16.622377395629883,0.2085859775543213,-0.3292731940746308,-9.556615829467773,-9.410239696502686,-417.0
e97032ad,0.6718054128126071,0.4128669581511555,0.9863429438543247,1961.0,661.0,1300.0,0.7341238988290648,0.773188128059309,0.7295060485958773,0.7292134134407227,0.6735159566642663,0.7355187984057548,19.457936514827697,10.806795954753944,22.621648003883053,14.472917961966678,8.441552958367984,17.539635090719553,19.313663777900672,10.768846287183598,22.40718603432288,0.04368207946343172,-0.06200284174148851,-11.814852049129108,-9.09808213235157,-11.638339747139282,-0.5734759857031693,33.0,937.0,1.0,0.981151819229126,0.8506444096565247,0.7295517921447754,0.5465447902679443,0.7354565858840942,9.457840919494627,23.425806045532227,8.805849075317383,23.380277633666992,0.12109261751174927,-0.1889117956161499,-13.9679651260376,-14.57442855834961,-904.0
e9949a23,0.7095487409623535,0.7040475306349796,0.8763277693474962,2846.0,1896.0,1155.0,0.723274067606711,0.678409081127687,0.754318596237625,0.7439434553691416,0.8019861830135392,0.7009727580475221,15.707877029834366,12.0568617949158,19.56901293061508,10.020845188350032,9.176673258332642,10.80682618907629,15.705897177949078,11.946587890404237,19.46397041615858,-0.07590951510993793,0.10101342496601706,-7.5121511356992805,-1.6301529307436482,-7.5173825257543445,-0.17228023871251663,98.0,815.0,1.0,1.0,0.703495979309082,0.70843505859375,0.7700701355934143,0.7636294364929199,10.726540565490724,22.88997459411621,10.684375762939451,22.65097427368164,-0.004939079284667969,0.006440699100494385,-12.163434028625487,-11.96659851074219,-717.0
ea0b99b7,0.4948453608247423,0.4322409211691763,0.9755799755799756,2640.0,1952.0,799.0,0.740219829101383,0.6502085992614949,0.7633645267156859,0.7208053425143532,0.8364106655686608,0.687946906794869,10.601872263206705,8.392443526302614,14.926131048364946,7.563833667454988,6.495914190008149,10.612277729167804,10.599773844811692,8.362539915092833,14.880504983142783,-0.11315592745419101,0.1484637587737918,-6.533687522062332,-4.116363539159655,-6.51796506804995,-0.5433390544107992,56.0,520.0,1.0,1.0,0.8528826832771301,0.7654567956924438,0.5424339771270752,0.684898853302002,5.503144264221191,16.268421173095703,5.500802516937256,16.17243003845215,0.08742588758468628,-0.14246487617492676,-10.765276908874512,-10.671627521514893,-464.0
ea3a0e38,0.5736491487786824,0.5137381667051489,0.945945945945946,3100.0,2225.0,1015.0,0.8654547382967283,0.7272286775328681,0.9361906451051724,0.5187393598007997,0.7386085870975667,0.357237609707678,10.084066327687855,10.167895142274658,10.117113244439471,7.955883317382801,8.151110384848755,7.695745712575722,10.075727511341848,10.11496051041874,10.094574249144188,-0.20896196757230423,0.38137097738988873,0.050781897835186385,0.4553646722730331,0.020386261274552453,-0.4322077792407971,68.0,682.0,1.0,1.0,0.8070080280303955,0.9641753435134888,0.6212760806083679,0.2676738798618316,8.679865837097168,9.28341579437256,8.631372451782227,9.268148422241213,-0.15716731548309326,0.3536022007465363,-0.6035499572753924,-0.6367759704589862,-614.0
ea41324e,0.5132893897512226,0.438920885116702,0.9209401709401708,2414.0,1448.0,1293.0,0.8370992652637217,0.7437332966461392,0.8410181697048054,0.5707902149411433,0.7159143850403633,0.5638826656232565,12.165305015394486,9.626351066355484,14.084223444818097,8.27000493558187,7.717489502538326,8.919707178040259,12.145358564772698,9.497128416542347,14.073804362868533,-0.09728487305866618,0.1520317194171068,-4.457872378462612,-1.2022176755019327,-4.576675946326185,-0.48201928582346876,42.0,776.0,1.0,0.9847715497016908,0.8155460357666016,0.8476118445396423,0.6073778867721558,0.5520654916763306,6.98808479309082,17.23357582092285,6.911545276641846,17.147687911987305,-0.03206580877304077,0.055312395095825195,-10.245491027832031,-10.236142635345459,-734.0
eabc711b,0.62595774320873,0.5770372814252722,0.8832288401253918,2696.0,1749.0,1127.0,0.7254650841670007,0.7133751789494001,0.7406374944680345,0.7409924639738238,0.7571325129072188,0.7202256667628077,17.746617822486957,14.861961135798424,20.91946396847896,13.01523112627278,11.776032535310994,14.522413308341624,17.73938375622319,14.175372816542168,20.408281220587405,-0.02726231551863445,0.03690684614441109,-6.057502832680537,-2.74638077303063,-6.2329084040452365,-0.3061915587001196,75.0,786.0,1.0,1.0,0.8048492074012756,0.78048175573349,0.6247411966323853,0.6625983119010925,12.55746841430664,23.76614189147949,11.226890563964844,21.841175079345703,0.024367451667785645,-0.037857115268707275,-11.208673477172848,-10.61428451538086,-711.0
eac10e86,0.3844123856439127,0.293600721045516,0.8739967897271268,2185.0,1303.0,1089.0,0.7888781857125581,0.5595729137464615,0.82201138732237,0.6498027612859797,0.9385383170159208,0.5966382701061507,11.253983923259554,9.007985909353009,13.340385368773717,8.050411331828693,6.753239627695436,9.64657990034851,11.17124291016408,8.93941607438025,13.243338250456423,-0.26243847357590855,0.34190004690977016,-4.332399459420708,-2.8933402726530737,-4.303922176076172,-0.5803960686816108,36.0,731.0,1.0,1.0,0.7090427875518799,0.8377838730812073,0.7628331780433655,0.5695895552635193,7.711710929870605,14.700754165649414,7.678722381591797,14.641834259033203,-0.1287410855293274,0.1932436227798462,-6.9890432357788095,-6.963111877441406,-695.0
eafb863e,0.7021685424101015,0.584141712357655,0.9221698113207548,2558.0,1385.0,1173.0,0.7391591353728788,0.7493457277025446,0.7254802365979716,0.7222753832536745,0.7080314573484082,0.7409720148588993,15.96411062011988,10.52242617477225,20.61634115206152,11.391615982798749,8.334356025884723,15.00142420132042,15.831650474681576,10.35953831354588,20.48789453048883,0.023865491104573033,-0.032940557510491075,-10.09391497728927,-6.667068175435697,-10.12835621694295,-0.3380280989630998,72.0,685.0,1.0,0.9716312289237976,0.7797703742980957,0.7829015851020813,0.6636710166931152,0.6589361429214478,10.819221496582031,20.71876335144043,9.868818283081056,20.615598678588867,-0.0031312108039855957,0.0047348737716674805,-9.899541854858398,-10.74678039550781,-613.0
eb06a4e7,0.4760897852960312,0.366811230312714,0.7928692699490663,2927.0,1607.0,1401.0,0.8265709746229297,0.8333476872265116,0.8393847024163622,0.5889465601853369,0.5773254069820388,0.5667720839696285,11.87292618735284,9.0234202429409,14.50353756476002,8.254698909312998,7.072296036594476,9.69932566690016,11.589456303653218,8.781974047228339,14.145940789754349,-0.006037015189850559,0.010553323012410298,-5.480117321819121,-2.6270296303056844,-5.36396674252601,-0.42605803963635225,62.0,942.0,1.0,0.9863874316215516,0.7825666069984436,0.8560606241226196,0.659444272518158,0.5365433096885681,9.151171684265137,16.527851104736328,8.87598705291748,16.1525821685791,-0.07349401712417603,0.12290096282958984,-7.376679420471191,-7.276595115661621,-880.0
eb640a35,0.6181951937224129,0.5532910123621784,0.9336405529953916,2521.0,1656.0,1013.0,0.9006041774811586,0.7842545911927038,0.9368715942364036,0.4458605668117363,0.6568796066362483,0.355326345107132,9.281971553031282,8.649166400770277,10.043030730838748,6.430811612616658,6.161534159329401,6.86997426659779,9.259460767851344,8.58362326475004,10.039951001112351,-0.15261700304369985,0.3015532615291163,-1.393864330068471,-0.7084401072683892,-1.4563277363623115,-0.38034954063321325,63.0,727.0,1.0,1.0,0.8085110783576965,0.9490149021148682,0.6188520193099976,0.319327712059021,7.179252624511719,10.503618240356444,7.034207344055176,10.472285270690918,-0.14050382375717163,0.29952430725097656,-3.324365615844725,-3.438077926635742,-664.0
eb934281,0.3495749848208864,0.200081004455245,0.9375757575757576,2303.0,988.0,1547.0,0.9494561672957186,0.4056000982373827,0.9520124800016976,0.3179428650065335,1.090320963535616,0.309798386045836,9.975995139761894,6.959049526245647,11.03647568414254,7.713499416191329,5.054591306142887,8.904335138064319,9.816422920445255,6.882355587147297,10.61763197318668,-0.546412381764315,0.7805225774897799,-4.077426157896892,-3.8497438319214314,-3.7352763860393843,-0.7374947531205126,22.0,952.0,1.0,1.0,0.5613821744918823,0.8948822617530823,0.936608612537384,0.4585144221782684,6.8827948570251465,12.38289737701416,6.546551704406738,9.122672080993652,-0.33350008726119995,0.47809419035911566,-5.500102519989014,-2.576120376586914,-930.0
eba6605e,0.6203928492606489,0.4964830011723329,1.0,2811.0,1694.0,1119.0,0.8544086978747769,0.8775727573865657,0.8532941286051637,0.5396133840542191,0.4948277328797049,0.5416749419990484,13.049105128810602,12.056527433313931,14.413354946986717,9.809801768771145,9.165385511188251,10.774826635135454,13.049105083498572,11.746008458993254,13.811467264953274,0.024278628781401967,-0.046847209119343536,-2.356827513672785,-1.609441123947203,-2.06545880596002,-0.5035169988276671,54.0,894.0,1.0,0.993333339691162,0.912405014038086,0.8464553952217102,0.4185570180416107,0.5541563034057617,11.994983673095703,15.501893997192385,11.603857040405272,14.596514701843262,0.06594961881637584,-0.135599285364151,-3.5069103240966815,-2.99265766143799,-840.0
ebe69318,0.525691699604743,0.3772990015764582,1.0,2793.0,1436.0,1507.0,0.7410750839741415,0.7509106036803388,0.7707095786602148,0.7196178375024601,0.7058178183067656,0.6771859734811186,13.80389872374225,12.47457288395117,14.80312773094273,9.67373579138864,10.093725569876446,9.320230928379129,13.658819060274276,11.75876014490127,14.79707068350986,-0.01979897497987604,0.028631844825646957,-2.32855484699156,0.773494641497317,-3.03831053860859,-0.6227009984235419,37.0,1092.0,1.0,1.0,0.8077321648597717,0.7692365050315857,0.6201093792915344,0.6793577671051025,11.178677558898926,16.135473251342773,10.368837356567385,16.10821533203125,0.038495659828186035,-0.059248387813568115,-4.956795692443848,-5.739377975463865,-1055.0
ec0d597b,0.5084321255635331,0.4455284552845528,0.8176959619952494,3045.0,1918.0,1377.0,0.9207805499648696,0.900538429078598,0.9367022108159156,0.3980438418946594,0.4460080064783635,0.3558027239470897,7.531501615664404,6.283530165102508,8.846825119127395,5.733309369102557,4.957221636653581,6.722883076894568,7.531187901527152,5.791010791845784,8.182058459204205,-0.0361637817373176,0.09020528253127374,-2.5632949540248866,-1.7656614402409874,-2.3910476673584213,-0.3721675067106966,45.0,433.0,0.5,0.4548319280147552,0.9467242360115052,0.9111705422401428,0.3264223039150238,0.421496033668518,4.994024276733398,10.49155616760254,4.56304407119751,9.526162147521973,0.035553693771362416,-0.09507372975349421,-5.497531890869142,-4.963118076324463,-388.0
ec13af42,0.6293176074136478,0.58278955954323,0.90892696122633,2241.0,1429.0,1008.0,0.8049208793107175,0.7612362520870101,0.831305541849797,0.6246264814899901,0.6910336430492946,0.5808518884366358,13.187524836568128,11.537907991982587,14.989407358149602,9.45887939161889,8.757363708254507,10.443067206259665,13.164824995100696,11.473640623178806,14.987320432036377,-0.07006928976278692,0.11018175461265878,-3.451499366167015,-1.6857034980051573,-3.513679808857571,-0.3261374016831,60.0,662.0,1.0,1.0,0.8152653574943542,0.8257002830505371,0.607839822769165,0.5904231071472168,10.13574504852295,16.58266830444336,9.97283172607422,16.577621459960938,-0.010434925556182861,0.017416715621948242,-6.44692325592041,-6.604789733886717,-602.0
ecdab904,0.3943254958623407,0.3963254593175853,0.6712328767123288,3002.0,2265.0,1274.0,0.5027529075741255,0.3371849960850571,0.5895273902946463,0.9972432927083286,1.1513600687143384,0.9060602736080572,10.591526032941434,9.625228443510128,11.936657526156267,7.768883929416695,7.214523172404382,8.823945491197197,10.496721723257592,9.468635234962855,11.776187478332789,-0.2523423942095892,0.2452997951062812,-2.311429082646139,-1.6094223187928147,-2.3075522433699334,-0.2749074173947435,61.0,509.0,1.0,0.4980430603027344,0.3563893735408783,0.6651751399040222,1.1345577239990234,0.8183212876319885,8.647881507873535,14.600542068481444,8.498730659484863,14.49983024597168,-0.3087857663631439,0.3162364363670349,-5.952660560607908,-6.001099586486816,-448.0
ecdaf714,0.4216469991117878,0.3705406690978278,0.9783989834815756,3323.0,2337.0,1540.0,0.7556329844217141,0.685282225555319,0.7919503159385678,0.6990951517186854,0.793369742862281,0.6450576471315291,9.8129001481828,8.198065676172515,11.33645803276063,7.009171263098166,6.35985008138588,7.713600897628141,9.809462510535326,8.198064335629883,11.310867780158908,-0.10666809038324876,0.14831209573075188,-3.138392356588115,-1.3537508162422611,-3.1128034445290247,-0.6078583143837478,64.0,856.0,1.0,1.0,0.7671278715133667,0.7928453087806702,0.6824545860290527,0.6436687111854553,7.70203161239624,13.665223121643066,7.701864242553711,13.629443168640137,-0.025717437267303467,0.03878587484359741,-5.963191509246826,-5.927578926086426,-792.0
ed6436d6,0.4543765483071841,0.1820738137082601,0.9079539769884942,2201.0,518.0,1815.0,0.8647918552897054,0.9571618069915458,0.8476718311575471,0.5200156626685289,0.2927052886725969,0.5519568259247328,11.620240018891552,5.667706143464086,12.497500837063711,7.778861386697518,4.482004145920313,8.433863684607347,11.567650470182086,5.6385436571221605,12.42364413497701,0.10948997583399878,-0.25925153725213596,-6.829794693599625,-3.9518595386870343,-6.78510047785485,-0.7258801632802341,12.0,1149.0,1.0,1.0,0.9598888754844666,0.8483729362487793,0.2832353115081787,0.5506851673126221,6.196436882019043,14.479060173034668,6.15802526473999,14.472549438476562,0.11151593923568726,-0.26744985580444336,-8.282623291015625,-8.314524173736572,-1137.0
ed6e6e54,0.4797129046433279,0.4807865776655241,0.8481308411214953,3275.0,2665.0,1089.0,0.8310178341316483,0.8638254756221245,0.7954115029074775,0.5813469977016338,0.5218707203472436,0.6396694413406387,9.863397110744923,8.28566999534646,12.198342253298357,5.960269800880617,5.532757312611855,6.914528845623291,9.683975852726336,7.957856383986109,12.150680649917824,0.068413972714647,-0.11779872099339517,-3.912672257951897,-1.3817715330114364,-4.192824265931715,-0.3673442634559712,87.0,553.0,1.0,1.0,0.9105523228645324,0.7965744137763977,0.4229602217674255,0.6378488540649414,7.122541904449463,14.968079566955566,6.7023749351501465,14.96800136566162,0.11397790908813465,-0.21488863229751592,-7.8455376625061035,-8.265626430511473,-466.0
edf885a3,0.6189710610932476,0.5815395840933966,0.8276503409795413,2695.0,1594.0,1335.0,0.8562055411281495,0.8520535313786803,0.8683744336251332,0.5362731745516468,0.5439604188198249,0.5130800451681331,11.21760384655084,10.199457755139404,12.179010877962911,7.9436835703120865,8.107244166578843,7.73934714129914,11.190732992104572,10.056006997897196,12.141590532033025,-0.016320902246452884,0.030880373651691828,-1.979553122823507,0.3678970252797029,-2.0855835341358286,-0.2461107568861447,51.0,899.0,1.0,1.0,0.8884837031364441,0.8647329211235046,0.4722632765769958,0.5201289653778076,7.974761009216309,14.349445343017578,7.870301246643066,14.339007377624512,0.023750782012939453,-0.04786568880081182,-6.3746843338012695,-6.468706130981445,-848.0
ee0300f7,0.6420560747663552,0.4660160334611363,1.0,2748.0,1337.0,1411.0,0.769506947646006,0.7890039652863579,0.7713872595263317,0.6789595751648164,0.6496091666743045,0.6761845021496253,15.891827478852706,12.553564166282955,18.50752003127185,11.042529427976886,9.757244639982584,12.260407359619965,15.871588729288916,12.537530885716054,18.380746357816527,0.017616705760026163,-0.02657533547532087,-5.9539558649888935,-2.5031627196373805,-5.843215472100473,-0.5339839665388637,74.0,987.0,1.0,0.9860140085220336,0.7898677587509155,0.7722805738449097,0.6482781171798706,0.6748620867729187,11.719266891479492,19.88905334472656,11.718937873840332,19.792945861816406,0.01758718490600586,-0.026583969593048096,-8.169786453247067,-8.074007987976074,-913.0
ee288beb,0.7183456561922366,0.65888,0.9501246882793016,3109.0,2059.0,1143.0,0.7866763881484401,0.6441759939346376,0.8598498254181012,0.6531823816539449,0.8435923257893736,0.5294339894300305,15.918478089042267,15.416456811366258,17.004491670070756,12.198395526997029,11.98659371293936,12.743863113823808,15.791646665017424,15.135245398811383,16.99829167576198,-0.21567383148346353,0.3141583363593431,-1.5880348587044981,-0.7572694008844483,-1.8630462769505964,-0.2912446882793016,120.0,691.0,1.0,1.0,0.7128602266311646,0.8920201659202576,0.7578123211860657,0.4647146165370941,13.691314697265623,17.775819778442383,13.480082511901855,17.744611740112305,-0.17915993928909302,0.29309770464897156,-4.08450508117676,-4.264529228210449,-571.0
ee4aecac,0.4196249772437648,0.337956541840037,0.8457583547557841,2305.0,1462.0,987.0,0.7136606604408956,0.6722256863725413,0.7093682672953032,0.7567553627944825,0.8096595749170866,0.7624063650110704,11.781135064288492,8.644553666979213,15.540443042190638,8.489446363867717,6.674879597677172,11.410657531280654,11.7620466431533,8.641889020811002,15.39789253678032,-0.0371425809227619,0.047253209906016225,-6.895889375211425,-4.735777933603481,-6.756003515969319,-0.5078018129157471,41.0,527.0,1.0,1.0,0.7808056473731995,0.7712047100067139,0.6621092557907104,0.6764544248580933,7.04839563369751,16.552600860595703,7.010673999786377,15.62123203277588,0.009600937366485596,-0.014345169067382812,-9.504205226898193,-8.610558032989504,-486.0
eeda36f5,0.3712987886944818,0.2252057167605023,0.9555052790346908,2207.0,1040.0,1267.0,0.7669698891476138,0.8134270210967364,0.7172253996866242,0.6826860345025174,0.6108567408210597,0.7520300530076917,11.866746206880316,12.378930551487285,11.867818298140456,9.239466088668236,10.073284431015896,8.890925025021442,11.680749814462212,12.375858737354765,11.150291527497576,0.09620162141011213,-0.14117331218663198,0.5111122533468286,1.182359405994454,1.2255672098571893,-0.7302995622741886,28.0,573.0,1.0,1.0,0.8384849429130554,0.6624759435653687,0.5683574080467224,0.8216131329536438,11.693634033203123,13.964052200317385,11.63427448272705,13.337804794311523,0.17600899934768677,-0.2532557249069214,-2.2704181671142614,-1.7035303115844727,-545.0
eeed308d,0.5817967830521773,0.4652122641509434,0.8628370457209847,1483.0,789.0,736.0,0.8647472035676951,0.909133134007229,0.8018142301559235,0.5201015216903425,0.4263023950032912,0.6295804473521657,8.662443697651527,7.365391561946347,9.904997175606375,6.146359497132099,5.778019623729867,6.623691540122312,8.646086892826588,7.339763155596524,9.72523707410958,0.10731890385130549,-0.20327805234887447,-2.5396056136600285,-0.8456719163924449,-2.385473918513057,-0.39762478157004133,46.0,471.0,1.0,1.0,0.936499834060669,0.8219449520111084,0.3563710451126098,0.5967496037483215,4.8966217041015625,11.26198387145996,4.883208274841309,11.243463516235352,0.11455488204956055,-0.24037855863571173,-6.365362167358397,-6.360255241394043,-425.0
ef04658e,0.5956917978458989,0.494424882629108,0.8387323943661972,2876.0,1685.0,1191.0,0.8850349028401623,0.8808592720193805,0.8867952300740675,0.4795103693557371,0.4881408157091957,0.4758251147762853,7.58667102065555,6.021715614757297,9.364155698833988,5.645450740600196,4.640031645867515,7.067895051787909,7.569283370767025,6.021148778618843,9.296606258437915,-0.005935958054686941,0.0123157009329104,-3.3424400840766912,-2.4278634059203945,-3.275457479819072,-0.3443075117370892,59.0,811.0,1.0,1.0,0.9023723602294922,0.9299097657203674,0.441877007484436,0.3744068145751953,5.167224884033203,8.57181167602539,5.109730243682861,8.497410774230957,-0.027537405490875244,0.06747019290924067,-3.4045867919921875,-3.3876805305480957,-752.0
ef8e3ed0,0.6131054131054131,0.5492957746478874,0.9252548131370328,2152.0,1443.0,817.0,0.7988015762012203,0.7237274487434199,0.8747411603318676,0.63434757633143,0.7433337759803198,0.5005174116214789,10.305251055040156,9.34661617157878,11.627099295194114,8.020799013537568,7.534513757948112,8.745642916301527,10.214954056894422,9.298393730451917,10.363137213659286,-0.15101371158844767,0.2428163643588409,-2.2804831236153333,-1.2111291583534154,-1.0647434832073692,-0.37595903848914547,67.0,591.0,1.0,1.0,0.7293724417686462,0.8872162103652954,0.7357004284858704,0.4749395549297333,8.690791130065918,12.704103469848633,8.64366626739502,10.821271896362305,-0.15784376859664917,0.2607608735561371,-4.013312339782715,-2.177605628967285,-524.0
efde6ac3,0.5970354103760637,0.5199851961509993,0.8565356004250797,2175.0,1405.0,806.0,0.8250509502356627,0.5446798939980507,0.9079782157766648,0.5915218504236971,0.9542747046861814,0.4290029935171439,10.757661013020902,10.246004989913478,11.605282385834874,8.006973271399927,7.68981994728243,8.60224444829617,10.72390394034046,9.873382997637451,11.36464554133794,-0.3632983217786141,0.5252717111690375,-1.3592773959213957,-0.9124245010137404,-1.491262543700488,-0.33655040427408045,54.0,561.0,1.0,1.0,0.5584472417831421,0.9173462390899658,0.9397369623184204,0.4065802693367004,11.085161209106444,12.820368766784668,10.318401336669922,12.634493827819824,-0.35889899730682373,0.53315669298172,-1.7352075576782244,-2.3160924911499023,-507.0
efe96181,0.4271627073061407,0.2432269717037929,0.9824561403508772,1906.0,808.0,1120.0,0.821336275701637,0.5051000037688188,0.90884095661388,0.5977687250071937,0.9948869244604446,0.4269872208535523,14.64423174601659,15.5971188333094,13.982362563943758,12.46776580939516,13.725823806593128,11.611445948916362,11.995026877745955,13.558633210056728,10.687724177643592,-0.4037409528450612,0.5678997036068922,1.6147562693656425,2.1143778576767662,2.8709090324131363,-0.7392291686470843,62.0,883.0,1.0,1.0,0.6088857650756836,0.9398209452629088,0.8844367861747742,0.3469266593456268,14.679780960083008,13.916105270385742,10.812786102294922,9.837223052978516,-0.33093518018722523,0.5375101268291473,0.7636756896972656,0.9755630493164062,-821.0
f0188a48,0.4937467877334247,0.4304812834224599,0.8595473012188044,2882.0,1771.0,1481.0,0.7779805614954517,0.7030527670779405,0.8152544657800536,0.6663624216663906,0.7706454864878656,0.607857769909946,13.175622499149789,13.734274465007024,12.924928247544992,9.97582441432827,10.85503078960912,9.291714613535571,13.175584125085368,13.570456503562314,12.730480821567614,-0.11220169870211305,0.16278771657791957,0.8093462174620321,1.563316176073549,0.8399756819946997,-0.4290660177963445,57.0,815.0,1.0,1.0,0.7792122960090637,0.9020835161209106,0.6645113825798035,0.4425301849842071,10.852783203125,11.9595947265625,10.628517150878906,11.674192428588867,-0.12287122011184692,0.22198119759559637,-1.1068115234375,-1.045675277709961,-758.0
f021b650,0.4289655172413793,0.4372791519434629,0.5782512858192506,1555.0,990.0,787.0,0.7208490936509608,0.7364040456164281,0.7383256821687371,0.747195966730334,0.7260798225864314,0.7234283901413642,11.645155207545663,10.980732611109644,12.23019734824532,8.96851546950115,8.706040965084616,9.226098513191344,11.642293025277333,10.958345446536084,12.226980835536306,-0.0019216365523089252,0.00265143244506727,-1.2494647371356749,-0.5200575481067276,-1.268635389000222,-0.14097213387578766,26.0,465.0,1.0,0.488445371389389,0.762220025062561,0.7823962569236755,0.6896085739135742,0.6597025990486145,9.651001930236816,12.67153263092041,9.49178981781006,12.14419937133789,-0.020176231861114502,0.029905974864959717,-3.0205307006835938,-2.6524095535278303,-439.0
f03f10fe,0.6021668472372698,0.5223647169221145,0.890691114245416,2779.0,1670.0,1263.0,0.8205804533948232,0.8129969060047753,0.8317343071949241,0.5990317964936032,0.6115604532590785,0.5801132524000393,8.927669285028555,8.3576012615441,9.630931646311389,6.716761488310448,6.689121555348009,6.778893520821734,8.84305731712128,8.355030393010415,9.427852608595222,-0.018737401190148884,0.03144720085903918,-1.2733303847672879,-0.08977196547372568,-1.0728222155848073,-0.3683263973233015,50.0,712.0,1.0,1.0,0.8623140454292297,0.8513884544372559,0.5247589349746704,0.5451816916465759,6.757125854492188,10.79969596862793,6.713756084442139,10.667255401611328,0.010925590991973877,-0.020422756671905518,-4.042570114135741,-3.9534993171691895,-662.0
f053a1b9,0.5718179911931223,0.4866581956797967,0.851326341764343,2727.0,1532.0,1380.0,0.7014004208698137,0.5233555696584027,0.7359737578195593,0.772786618841432,0.9763651267242162,0.7266721986982035,13.731468977696371,9.179869338398262,17.10937961797584,9.181255738769268,7.079900288599742,11.364500039093976,13.633497064036508,9.148754607783946,16.901472521258565,-0.21261818816115663,0.24969292802601262,-7.929510279577578,-4.284599750494234,-7.752717913474619,-0.3646681460845463,44.0,994.0,1.0,1.0,0.6376265287399292,0.7410309314727783,0.8513206839561462,0.7196791768074036,8.472884178161621,19.31557846069336,8.440388679504395,19.10034942626953,-0.10340440273284912,0.13164150714874268,-10.842694282531738,-10.659960746765137,-950.0
f074d277,0.6727941176470589,0.5606741573033708,0.9183168316831684,2013.0,998.0,1113.0,0.5612382905781472,0.6671518645926007,0.5103751773876868,0.9367621997303828,0.8159021208544556,0.9895704346960992,18.136602575057506,10.639388289831652,22.267297210183443,12.154100062440357,7.818319642468517,15.341286538762985,18.063195425063675,9.981108407666897,21.36529971212034,0.1567766872049139,-0.1736683138416436,-11.627908920351791,-7.522966896294467,-11.384191304453443,-0.3576426743797976,49.0,733.0,1.0,1.0,0.7282893657684326,0.5542353987693787,0.7371711134910583,0.9442082643508912,11.609834671020508,24.990039825439453,10.899829864501951,23.324193954467773,0.17405396699905396,-0.20703715085983287,-13.380205154418945,-12.424364089965822,-684.0
f07d7037,0.4502170374389582,0.2914317925591883,0.922439024390244,3319.0,1551.0,1891.0,0.8685426962074693,0.7438767029762859,0.884960264641895,0.5127519942282638,0.7157140448862437,0.4796659991246095,9.045998953256918,6.411694666773728,10.590402387598068,6.453747719791114,5.038059152784151,7.511677153132374,9.040163794828366,6.409405816924737,10.582008111162292,-0.1410835616656091,0.23604804576163418,-4.178707720824341,-2.473618000348223,-4.172602294237555,-0.6310072318310557,33.0,1193.0,1.0,1.0,0.7924582362174988,0.9027786254882812,0.6442697644233704,0.4409566223621368,5.54133939743042,10.999885559082031,5.54092264175415,10.632404327392578,-0.11032038927078247,0.20331314206123358,-5.458546161651611,-5.091481685638428,-1160.0
f08774c3,0.549894656196131,0.4256381798002219,0.9152752009894868,2871.0,1534.0,1480.0,0.608432530244831,0.3096879256667633,0.728389454633084,0.8849491169046602,1.1749996377303584,0.7370353388636341,20.47408076814696,21.001503370427688,19.369642544887785,13.179611435338392,13.506654454332155,12.625056645266303,20.47180230370125,20.99157581014792,19.36254846505921,-0.41870152896632074,0.4379642988667243,1.6318608255399027,0.8815978090658518,1.629027345088712,-0.4896370211892649,74.0,911.0,1.0,1.0,0.4552321135997772,0.7632819414138794,1.0438082218170166,0.6880669593811035,16.35392951965332,21.58952522277832,16.350019454956055,20.948020935058597,-0.3080498278141022,0.3557412624359131,-5.235595703125,-4.598001480102543,-837.0
f140c2fa,0.5520304568527918,0.4984423676012461,0.9420289855072465,2610.0,1600.0,1430.0,0.6680766725870004,0.8873650158787652,0.585682160479886,0.814767853333696,0.4746261352290555,0.9102942815596656,16.547485495327773,7.385464856594877,21.589996889345528,9.284715280552057,5.569277683486625,12.968508898401902,16.526833978223046,7.274465120849418,21.58902829464457,0.3016828553988792,-0.43566814633061013,-14.204532032750652,-7.399231214915277,-14.314563173795154,-0.44358661790600035,47.0,819.0,1.0,1.0,0.9524628520011902,0.5097857117652893,0.3083412051200866,0.990165948867798,5.360166072845459,27.64278030395508,5.310182571411133,27.603355407714844,0.4426771402359009,-0.6818247437477114,-22.282614231109623,-22.29317283630371,-772.0
f16e25e3,0.4752976944514821,0.3527820710973725,0.8815305371596762,1876.0,913.0,1198.0,0.813830076672135,0.3988343884309718,0.8564814078256097,0.6101965639494621,1.0965086516476084,0.535758513090348,14.279139302668048,14.624280430913988,14.69243599170662,11.453503992005912,12.102707550659645,11.616976218597948,14.092678939348096,14.394141509982084,14.6157366221283,-0.45764701939463787,0.5607501385572603,-0.06815556079263274,0.4857313320616967,-0.22159511214621475,-0.5287484660623037,25.0,711.0,1.0,1.0,0.6775059700012207,0.8982943296432495,0.8031114935874939,0.4510114789009094,14.434334754943848,14.846187591552734,13.351659774780272,14.829913139343262,-0.2207883596420288,0.3521000146865845,-0.4118528366088867,-1.47825336456299,-686.0
f2d4c8c9,0.4348855564325177,0.385233918128655,0.8929577464788733,1653.0,1054.0,951.0,0.7515170868161118,0.731581147637765,0.727971792767002,0.7049580316357679,0.7326920940780445,0.7376017993917829,14.177399663215866,11.819651148018496,16.432711039902383,10.488728602614914,9.058206636262469,12.307192501090576,14.15427194029451,11.78418382723572,16.39346653053442,0.003609354870763082,-0.004909705313738466,-4.613059891883887,-3.248985864828107,-4.609282703298698,-0.5077238283502183,32.0,554.0,1.0,1.0,0.7455552816390991,0.7835289239883423,0.713364839553833,0.6579834222793579,11.198406219482422,17.823137283325195,11.197428703308104,17.100454330444336,-0.037973642349243164,0.0553814172744751,-6.624731063842773,-5.903025627136232,-522.0
f321a31c,0.4476734953152295,0.4233650536545859,0.7680412371134021,2819.0,2091.0,1043.0,0.7941904374244534,0.6499618303231937,0.8893643883319298,0.6415755022996851,0.8367056467800446,0.4703947526664604,11.041042511812012,10.846428642546098,10.7840667038958,8.341765665137503,8.45797253937045,7.7232124353752765,10.874411403618176,10.714568581259202,10.593291357636124,-0.2394025580087361,0.36631089411358414,0.06236193865029804,0.7347601039951739,0.12127722362307836,-0.34467618345881623,71.0,662.0,1.0,1.0,0.7840182185173035,0.88295578956604,0.6572393774986267,0.4838268458843231,8.566999435424805,12.614789962768556,8.28246021270752,12.411231994628906,-0.09893757104873657,0.1734125316143036,-4.047790527343752,-4.128771781921387,-591.0
f40cd091,0.6434711420384773,0.6089449541284404,0.915593705293276,1572.0,1062.0,640.0,0.695524033961242,0.6744792186489683,0.7122538587156033,0.7803537224089574,0.8068714660353676,0.7586120764717587,18.886207794951087,16.521518365957675,22.767547552579817,14.125705391896815,12.824795750518485,17.081608985216075,18.70496753562935,15.88049182132466,22.72064698721531,-0.037774640066635,0.04825938956360898,-6.246029186622142,-4.25681323469759,-6.84015516589065,-0.3066487511648356,54.0,422.0,1.0,1.0,0.7123019099235535,0.691455602645874,0.7585487365722656,0.7855499982833862,15.459625244140623,23.453367233276367,14.018486976623535,22.97550392150879,0.020846307277679443,-0.027001261711120605,-7.993741989135744,-8.957016944885254,-368.0
f439a621,0.7651715039577837,0.7088339222614841,0.9434571890145396,2030.0,1003.0,1168.0,0.9117065549322624,0.8126733791387848,0.9311701519920615,0.4202224293579235,0.6120892432663969,0.3710251959313231,6.657577620520882,5.711689110711143,7.311190955345335,4.9343994247930265,4.409637899067343,5.3454942576020255,6.657078528392183,5.448191861395951,7.179738067231871,-0.11849677285327676,0.2410640473350738,-1.599501844634192,-0.9358563585346822,-1.7315462058359206,-0.23462326675305545,48.0,732.0,1.0,1.0,0.9161219000816344,0.9461939930915833,0.4095805287361145,0.3280427157878876,4.082482814788818,7.5924177169799805,3.805665969848633,7.247781276702881,-0.03007209300994884,0.08153781294822693,-3.509934902191162,-3.442115306854248,-684.0
f49fdea3,0.2908570567856605,0.2433654413210143,0.4929123711340206,1931.0,1238.0,765.0,0.759423617027379,0.7685281978369679,0.7827203486222408,0.6936517612932601,0.6803995916563033,0.6592111215350651,10.223572685862363,8.553903794182517,12.456616520079546,7.8416426414919265,6.916791668292061,9.384258617752913,10.04324250540902,8.53599346607484,10.974782773359076,-0.014192150785272917,0.021188470121238145,-3.902712725897029,-2.467466949460852,-2.4387893072842353,-0.2495469298130063,36.0,447.0,1.0,0.5096921324729919,0.747462272644043,0.8287568688392639,0.7106866240501404,0.5852232575416565,8.212985038757324,13.915934562683104,8.101534843444824,10.781288146972656,-0.08129459619522095,0.1254633665084839,-5.7029495239257795,-2.679753303527832,-411.0
f4d12d23,0.6415002435460302,0.4935508345978756,0.9598639455782312,2634.0,1301.0,1411.0,0.7228815514321468,0.6463248648569093,0.7618666647416475,0.7444708840080358,0.8410411822771708,0.690120765168463,18.06546989960223,17.190157244795945,18.883821178988654,13.86006724404552,13.403184877746895,14.352619559851766,17.643374570105028,17.034091789504274,18.04113642934528,-0.11554179988473823,0.15092041710870785,-1.6936639341927098,-0.9494346821048705,-1.0070446398410056,-0.4663131109803556,50.0,828.0,1.0,0.9752650260925292,0.6156898736953735,0.7812408804893494,0.8767098784446716,0.6614516377449036,18.016590118408203,20.65047264099121,17.097612380981445,20.51310157775879,-0.16555100679397583,0.21525824069976807,-2.633882522583008,-3.4154891967773438,-778.0
f56d3ace,0.500437636761488,0.4056690033526364,0.9185415050426688,2287.0,1331.0,1184.0,0.9348309686118946,0.8405600386298653,0.9337701110890598,0.3610236318805332,0.5646945393221626,0.3639502408597641,7.968272955211198,4.70821762687119,10.244172945256304,4.8882260010716685,3.536993993839461,6.36301945012573,7.929652488123189,4.701094530638491,10.153300917372531,-0.09321007245919455,0.20074429846239855,-5.535955318385114,-2.826025456286269,-5.452206386734041,-0.5128725016900324,37.0,781.0,1.0,0.9861111044883728,0.9025914669036864,0.928901433944702,0.4413808584213257,0.3770903646945953,3.964794397354126,12.509151458740234,3.929989814758301,12.408026695251465,-0.026309967041015625,0.0642904937267304,-8.544357061386108,-8.478036880493164,-744.0
f5859199,0.7010830324909747,0.6306638566912539,0.985091743119266,1942.0,1197.0,859.0,0.5348354986448134,0.3539962514040163,0.6308768002942986,0.9645356409746472,1.136665076965052,0.8592126625064384,16.586854993093958,15.862747022143624,17.80982242091314,12.65597827530718,12.735255514660974,12.911131206576016,16.57124598845561,15.862265390828831,17.640529344531693,-0.2768805488902823,0.27745241445861357,-1.947075398769515,-0.17587569191504215,-1.7782639537028615,-0.35442788642801204,55.0,585.0,1.0,1.0,0.3320040702819824,0.6658619046211243,1.155851125717163,0.8174816370010376,16.681644439697266,18.81670570373535,16.648212432861328,18.7963809967041,-0.33385783433914185,0.3383694887161255,-2.135061264038086,-2.1481685638427734,-530.0
f5d8aab6,0.5758781796158505,0.4348756351965766,0.9024509803921568,3328.0,1626.0,1841.0,0.8865298853640105,0.4941931681918485,0.9380931165001484,0.476382440138151,1.0057900693565744,0.3518718047808086,14.737103944615656,13.966136978759906,15.360823819641372,10.896253314934784,10.23859366976193,11.516301274711903,14.529484771537742,13.9651887409522,14.66471943001939,-0.4438999483082999,0.6539182645757659,-1.3946868408814659,-1.277707604949974,-0.6995306890671902,-0.46757534519558014,49.0,1175.0,1.0,1.0,0.4689463376998901,0.9545199275016784,1.0305858850479126,0.3015959858894348,14.728841781616213,17.33268928527832,14.72874641418457,15.884285926818848,-0.4855735898017883,0.7289898991584778,-2.6038475036621076,-1.1555395126342773,-1126.0
f631da6e,0.662701458173446,0.5653889515219842,0.9771634615384616,1727.0,1003.0,813.0,0.7383629520906829,0.5493978340352922,0.7756284350753246,0.7233768698393903,0.9493178245084286,0.6698829224941854,18.051562476709407,14.9596808343755,21.365557363401475,13.01618610006886,11.951038379090246,14.60071460525043,18.020871032121786,14.779479096770938,21.351183606619188,-0.22623060104003245,0.27943490201424326,-6.405876529025974,-2.6496762261601834,-6.571704509848249,-0.41177451001647736,42.0,588.0,1.0,1.0,0.7245518565177917,0.8011433482170105,0.742223858833313,0.6306451559066772,13.020188331604004,22.494747161865234,12.951024055480955,22.49441909790039,-0.07659149169921875,0.11157870292663574,-9.47455883026123,-9.543395042419435,-546.0
f6824bb0,0.5466101694915254,0.4578143360752056,0.9623100303951369,3225.0,1948.0,1583.0,0.7522905162894247,0.848693748692582,0.7119238286839452,0.7038600481780101,0.5501022655968943,0.7590469963263866,12.16778731428755,7.150655952405868,15.982903974545428,7.681430533566263,5.551514654948866,10.260866300340076,11.99269450760918,6.96594449728695,15.714968906807286,0.13676992000863675,-0.20894473072949227,-8.83224802213956,-4.7093516453912105,-8.749024409520336,-0.5044956943199312,76.0,966.0,1.0,1.0,0.8863294720649719,0.6877062320709229,0.4768029451370239,0.7903085350990295,6.385890960693359,18.96954727172852,5.714898586273193,18.929065704345703,0.19862323999404907,-0.3135055899620056,-12.58365631103516,-13.21416711807251,-890.0
f6bc699b,0.6636290538729563,0.5759162303664922,0.939903846153846,2476.0,1430.0,1173.0,0.8685716050907172,0.7860672451510006,0.8902881889537847,0.5126956112729713,0.6541142940633532,0.4684267521101144,10.550838237134192,8.356235936693786,12.590572717202544,7.230011303244525,6.467251531745935,8.110449456164323,10.547383255189418,8.251028044387205,12.565048048307547,-0.10422094380278413,0.18568754195323878,-4.234336780508759,-1.6431979244183879,-4.3140200039203425,-0.36398761578735384,59.0,788.0,1.0,1.0,0.8682582974433899,0.9135563969612122,0.5133063197135925,0.415797084569931,6.354799270629883,13.081354141235352,6.237482070922852,12.953369140625,-0.045298099517822266,0.09750923514366155,-6.726554870605469,-6.715887069702148,-729.0
f6d009f4,0.7130541871921182,0.6411441144114411,1.0,4053.0,2914.0,1139.0,0.8136894872413554,0.7753626734598024,0.8738990377578093,0.6104269207016424,0.6702795335383553,0.5021970972480639,21.39296482255944,19.74304318717522,25.125675048404894,16.00190089574283,15.32766724676648,17.726849844923755,21.33555211011364,19.71896174811452,23.795325125107038,-0.09853636429800694,0.1680824362902914,-5.382631861229672,-2.3991825981572763,-4.076363376992518,-0.35885588558855885,170.0,1104.0,1.0,1.0,0.7872445583343506,0.8729215264320374,0.6523119807243347,0.50413978099823,20.08086585998535,25.509092330932617,20.00209045410156,24.133953094482425,-0.08567696809768677,0.14817219972610474,-5.428226470947266,-4.1318626403808665,-934.0
f72b268f,0.4395752117220056,0.3790956749672346,0.797752808988764,3270.0,2314.0,1065.0,0.7659984802784496,0.6554284357648246,0.8123479925702602,0.684107476529164,0.8301464500137015,0.612620612499677,13.690518768598832,12.657279650538763,15.68272561313704,9.821225660602218,9.209131222009123,11.298105507546634,13.678905621214415,12.610585015856154,15.652864361636926,-0.15691955680543568,0.21752583751402443,-3.025445962598276,-2.0889742855375104,-3.0422793457807717,-0.4186571340215294,66.0,656.0,1.0,1.0,0.6122141480445862,0.8157430291175842,0.8806654810905457,0.6070535182952881,13.598685264587402,16.521696090698242,13.321717262268066,16.518840789794922,-0.20352888107299805,0.27361196279525757,-2.92301082611084,-3.1971235275268555,-590.0
f8662c22,0.6933807439824945,0.6178010471204188,0.9429735234215886,2535.0,1652.0,926.0,0.7310172967401081,0.6467354735325427,0.7728680361932826,0.7334612508645456,0.8405528257848609,0.6739910441641156,12.93134850215834,11.824490472787849,14.53255620172875,9.34439250005659,8.814638859126891,10.167241208113358,12.836908930008152,11.506974292760178,14.523925785322817,-0.1261325626607399,0.1665617816207453,-2.708065728940902,-1.3526023489864674,-3.0169514925626384,-0.32517247630116974,55.0,556.0,1.0,1.0,0.7129267454147339,0.8000192642211914,0.7577245831489563,0.63242506980896,10.341279029846191,16.919614791870117,9.808012008666992,16.61095428466797,-0.08709251880645752,0.12529951333999634,-6.578335762023926,-6.802942276000977,-501.0
f88ddb26,0.6825146106460275,0.6829725228975854,0.7373935821872953,4321.0,3281.0,1126.0,0.7734931313822047,0.7623528716302422,0.7704538014592641,0.673062951911328,0.68941588082921,0.6775635741991092,8.646232437749894,8.263843928740462,9.711965443543402,6.576304795340992,6.407612460870476,7.078356320950304,8.583634471723833,8.173127296698867,9.69649164620347,-0.008100929829021886,0.01185230663010084,-1.4481215148029403,-0.6707438600798277,-1.523364349504602,-0.05442105928970997,159.0,615.0,1.0,0.6426331996917725,0.7563848495483398,0.8105636835098267,0.6980188488960266,0.6155263185501099,7.91116189956665,10.366260528564451,7.839412212371826,10.323549270629885,-0.054178833961486816,0.08249253034591675,-2.455098628997801,-2.4841370582580584,-456.0
f8afa78a,0.532904884318766,0.4523187459177008,0.927536231884058,2073.0,1385.0,768.0,0.7017276859927101,0.7504744294599135,0.6616816786470643,0.7723630156957154,0.7064355179916798,0.8225792622634438,13.613767266711717,11.476007434943302,16.83868616741907,10.134376764173984,9.157446604366152,12.048245599879422,13.548765650233925,11.247091551876716,16.835671864151564,0.08879275081284921,-0.116143744271764,-5.362678732475768,-2.8907989955132702,-5.588580312274848,-0.47521748596635716,52.0,496.0,1.0,1.0,0.7862778306007385,0.6899406909942627,0.6537922620773315,0.787476122379303,9.659590721130373,18.39020347595215,8.897059440612793,18.181915283203125,0.09633713960647583,-0.13368386030197144,-8.730612754821776,-9.284855842590332,-444.0
f8f59188,0.6947124662292551,0.602332361516035,0.9726027397260274,1800.0,1033.0,852.0,0.858380295868324,0.6457397747366923,0.8713583943819767,0.5322024128687807,0.8417365683672151,0.5072309249602656,11.652697733156788,7.262591010303122,15.129914147819951,7.632345762033484,5.622303021384645,9.947743806798044,11.63435393916595,7.247644451407293,14.956358161864916,-0.2256186196452844,0.33450564340694955,-7.867323137516829,-4.3254407854134,-7.708713710457623,-0.3702703782099924,37.0,607.0,1.0,0.9869918823242188,0.7219922542572021,0.884911298751831,0.7456644773483276,0.4797680675983429,6.443426132202148,15.356928825378418,6.443282604217529,15.30162525177002,-0.1629190444946289,0.26589640974998474,-8.91350269317627,-8.85834264755249,-570.0
f9fc81aa,0.3680825605743344,0.3209711336264577,0.7298969072164948,2461.0,1679.0,1062.0,0.5431945653436376,0.6616477859833665,0.5425156609086407,0.9558299374432278,0.8226204641469036,0.9565399511691702,12.73857657942055,8.532048979011378,16.516788498489404,8.039678147976993,6.317149479049102,10.012006085247773,12.691002856702038,8.026967038916608,16.347291161125167,0.11913212507472581,-0.13391948702226664,-7.984739519478026,-3.6948566061986705,-8.320324122208559,-0.4089257735900371,63.0,722.0,1.0,1.0,0.7206156253814697,0.5144275426864624,0.7475083470344543,0.9854668378829956,8.302323341369629,19.382326126098636,7.550933361053467,19.17019271850586,0.20618808269500732,-0.23795849084854126,-11.080002784729007,-11.619259357452393,-659.0
fa16d114,0.6028348278854498,0.6002880806625855,0.7764705882352941,2084.0,1667.0,528.0,0.7312077283530428,0.7437521383393177,0.7318865440783885,0.7332015707115707,0.715888066195662,0.7322751612906333,13.709159120169288,12.82935851400547,15.790424622568008,10.035911953372173,9.895628772050449,10.261646175244987,13.676665622832289,12.72026355403841,15.730163924452164,0.011865594260929258,-0.01638709509497127,-2.9610661085625374,-0.36601740319453846,-3.009900370413753,-0.1761825075727086,81.0,319.0,1.0,1.0,0.871487557888031,0.7196618914604187,0.5069761872291565,0.7487831711769104,9.63132095336914,19.62241554260254,9.35560131072998,19.450313568115234,0.1518256664276123,-0.2418069839477539,-9.991094589233398,-10.094712257385254,-238.0
fa31da94,0.7311340206185567,0.6086105675146771,0.9910313901345292,1773.0,933.0,884.0,0.7884667643141566,0.7746554323877964,0.7792070379333575,0.6504356012486453,0.6713338478167231,0.6645193181039095,13.202485925251864,11.149813434098046,14.937011822360786,9.805765564459657,8.769055906040897,10.801295965166467,13.201900484210004,11.137960636936764,14.921017137800275,-0.00455160554556111,0.0068145297128135995,-3.7871983882627394,-2.03224005912557,-3.783056500863511,-0.3824208226198521,36.0,650.0,1.0,1.0,0.773144006729126,0.7783037424087524,0.6735814809799194,0.6658772230148315,10.837419509887695,15.958937644958496,10.7859525680542,15.953782081604004,-0.005159735679626465,0.007704257965087891,-5.121518135070801,-5.167829513549805,-614.0
fa667be2,0.2922774869109947,0.2372668860680144,0.8300238284352661,2233.0,1514.0,1045.0,0.5951668938774367,0.5962589124239983,0.6022227311927745,0.8998145432505115,0.8986001197151063,0.8919386400501164,15.147007173474975,11.50253784433871,17.797762494213313,8.826366324813486,8.047768493483703,9.080913676362854,15.054173237678642,11.049296170392909,17.73847486753056,-0.0059638187687761635,0.006661479664989978,-6.295224649874603,-1.0331451828791511,-6.689178697137651,-0.5927569423672517,48.0,676.0,1.0,1.0,0.7262122631072998,0.5876006484031677,0.7399834394454956,0.908184289932251,10.362630844116213,21.66791534423828,10.034547805786133,21.63482093811035,0.13861161470413208,-0.16820085048675537,-11.305284500122069,-11.600273132324219,-628.0
fae0c593,0.510169776433014,0.4486156733927733,0.8500296384113811,3035.0,1912.0,1434.0,0.9109039127766428,0.7833139726219212,0.9354494690592544,0.4221281493180884,0.6583099989793241,0.359306362150034,9.700154326817229,8.718760483350467,11.333597060478342,6.989975983094916,6.338186193223727,8.395333444560123,9.652812021713569,8.699148581450256,11.317959147876206,-0.15213549643733326,0.2990036368292901,-2.6148365771278748,-2.0571472513363958,-2.6188105664259496,-0.4014139650186078,65.0,942.0,1.0,1.0,0.7379072904586792,0.954932451248169,0.7240065336227417,0.3002250790596008,8.716363906860352,11.081439971923828,8.55180835723877,10.82656478881836,-0.21702516078948975,0.4237814545631409,-2.3650760650634766,-2.27475643157959,-877.0
fb03ae90,0.4979585885097696,0.3822979041916167,0.9306472919418758,3415.0,2043.0,1409.0,0.7150738179634518,0.6477247087607643,0.7498197482872058,0.7548856629139915,0.8393751142835195,0.7073616496712191,13.421678582364205,12.91603713522008,14.13419933970018,10.169095975914471,10.563410287058549,9.62983678016128,13.11180209115309,11.92959250067324,14.13368028175522,-0.1020950395264415,0.13201346461230046,-1.2181622044801,0.9335735068972681,-2.204087781081981,-0.5483493877502591,102.0,900.0,1.0,1.0,0.8263437151908875,0.7513503432273865,0.5893322825431824,0.7051945328712463,11.091696739196776,16.561233520507812,9.920135498046877,16.211877822875977,0.07499337196350098,-0.11586225032806396,-5.469536781311037,-6.2917423248291,-798.0
fb0904bd,0.4767025089605735,0.257554945054945,0.8995260663507109,1197.0,375.0,949.0,0.8444219921934258,0.7450122066921903,0.8687548559506846,0.5578136029294627,0.7141257498617589,0.512338060365059,16.174584665600875,17.810064654283153,15.70585383226597,12.211124699352748,15.442605409168308,11.245287276002296,16.082323115837198,16.35493625068325,15.680324589494472,-0.12374264925849432,0.2017876894966999,2.1042108220171833,4.1973181331660125,0.6746116611887771,-0.641971121295766,11.0,601.0,1.0,1.0,0.8495854735374451,0.9004985690116882,0.5484788417816162,0.4460973739624023,20.14803123474121,16.316543579101562,16.2792911529541,15.911691665649414,-0.050913095474243164,0.10238146781921392,3.8314876556396484,0.3675994873046875,-590.0
fb3848a1,0.6489928909952607,0.5799399914273468,0.9271332694151486,2191.0,1353.0,967.0,0.7485231919168507,0.8128590751046407,0.7293805308771195,0.7091922279370373,0.611785787503043,0.7356894305654805,12.003989277116696,7.166877907655104,16.15430400153977,8.216637914684824,5.731698527293669,11.347770718128654,11.99395520893579,7.006406372357447,16.136426410820548,0.08347854422752121,-0.12390364306243751,-8.987426093884666,-5.616072190834985,-9.130020038463101,-0.34719327798780186,22.0,368.0,0.4888888895511627,0.5380116701126099,0.9313980340957642,0.7168640494346619,0.3704105019569397,0.7525104284286499,4.465142726898193,19.101951599121094,3.941291093826294,18.67426872253418,0.2145339846611023,-0.3820999264717102,-14.6368088722229,-14.732977628707886,-346.0
fb73b13a,0.6475680131904369,0.5896296296296296,0.926201760324983,3142.0,1990.0,1368.0,0.9112429682150912,0.7811199283015878,0.8730502525029173,0.4213241787149386,0.6616344484659368,0.5038844063812308,18.398282784565712,8.78459378708894,26.20432693720457,11.074661661159618,6.794751117840793,16.993102167975167,18.394087461181623,8.751546736560375,26.12994748912171,-0.09193032420132952,0.157750042084706,-17.41973315011563,-10.198351050134374,-17.378400752561337,-0.3365721306953534,63.0,820.0,1.0,1.0,0.8127812743186951,0.8357473611831665,0.6119129657745361,0.5731537938117981,7.7551188468933105,26.925416946411133,7.704024791717529,25.983911514282227,-0.022966086864471436,0.03875917196273804,-19.170298099517822,-18.279886722564697,-757.0
fba7683c,0.7619047619047619,0.765,0.8106435643564357,1536.0,306.0,1310.0,0.764919277825041,0.6724017302797551,0.7786156239109341,0.6856831953241366,0.8094421161766231,0.6654087106268837,18.665029342461157,17.90291815710789,18.73214577221036,14.052410648926758,15.25357989802435,13.80448809574169,18.49874213087043,10.64565524255538,18.731178489821705,-0.10621389363117895,0.14403340554973942,-0.829227615102468,1.4490918022826609,-8.085523247266325,-0.045643564356435684,21.0,980.0,1.0,1.0,0.7445432543754578,0.8187728524208069,0.7147821187973022,0.6020417809486389,15.876476287841797,19.198320388793945,10.898560523986816,18.99146270751953,-0.07422959804534912,0.11274033784866333,-3.3218441009521484,-8.092902183532715,-959.0
fbd68d27,0.5060024009603842,0.4580721003134796,0.9442307692307692,3372.0,2338.0,1473.0,0.7110356390328053,0.8749986165148971,0.5553902809640225,0.7602162336693353,0.5000027669625497,0.942984325464615,11.761029827194998,7.168698264144628,15.975239248279808,7.478459943709718,5.524370795460228,10.282643187115776,11.666696526810496,7.076116528949842,15.78759630674891,0.31960833555087453,-0.4429815585020652,-8.806540984135179,-4.758272391655548,-8.711479777799067,-0.4861586689172896,79.0,823.0,1.0,1.0,0.8875412344932556,0.4854177236557007,0.474254697561264,1.0144774913787842,6.150537490844727,20.61747360229492,5.981089115142822,20.458419799804688,0.40212351083755493,-0.5402227938175201,-14.466936111450192,-14.477330684661865,-744.0
fc03f21f,0.5035596457718354,0.3837862115427801,0.9693721286370596,2900.0,1709.0,1266.0,0.7794286297513722,0.7419445426464423,0.887725218389474,0.6641857725796719,0.718408598714628,0.4738666091011814,16.92882548995564,15.019150721370828,19.12323842345496,13.280242918760727,11.979116798943547,14.984504834918686,16.90485182917662,13.406522866783192,15.58106862089562,-0.14578067574303177,0.24454198961344664,-4.104087702084133,-3.0053880359751393,-2.174545754112428,-0.5855859170942794,57.0,1027.0,1.0,1.0,0.8328458666801453,0.910820245742798,0.5781939625740051,0.4223262965679168,13.320937156677246,20.5144157409668,11.210545539855955,15.20959186553955,-0.0779743790626527,0.1558676660060883,-7.193478584289554,-3.9990463256835955,-970.0
fc0d20b2,0.4822695035460992,0.3786924939467312,0.7979910714285714,1428.0,782.0,715.0,0.6669005527137838,0.6421671833064545,0.7810532248379928,0.8162100799257703,0.8459702319745601,0.6617352569751852,11.288607326504232,10.131283174592747,12.409311126236728,8.644183706181238,8.171444734685291,9.209962511803004,11.26118078573379,9.40776158291827,10.828165160606709,-0.13888604153153827,0.1842349749993749,-2.278027951643981,-1.038517777117713,-1.4204035776884378,-0.4192985774818402,49.0,482.0,1.0,1.0,0.6660292148590088,0.8004325032234192,0.8172768950462341,0.6317713260650635,9.946797370910645,11.93038272857666,8.24662971496582,11.030224800109863,-0.1344032883644104,0.18550556898117065,-1.9835853576660156,-2.783595085144043,-433.0
fcfcc902,0.5629745422063421,0.3379699248120301,0.9147414741474148,2521.0,899.0,1663.0,0.8124358650242128,0.5995016740132179,0.837809748969653,0.612477158718245,0.894984162973605,0.5695441177474262,12.460459944657206,9.861584828708924,13.729912294148404,9.556791875775868,7.948445680872988,10.512823670832914,12.197998108986017,9.861446520733296,13.224773730096032,-0.23830807495643513,0.32544004522617875,-3.8683274654394797,-2.564377989959926,-3.363327209362737,-0.5767715493353847,36.0,1022.0,1.0,1.0,0.6696904301643372,0.9007630944252014,0.8127847909927368,0.4455040097236633,9.425880432128906,13.941027641296388,9.307926177978516,12.259248733520508,-0.23107266426086426,0.36728078126907354,-4.515147209167482,-2.951322555541992,-986.0
fd3b4faa,0.6502890173410405,0.5788308237378211,0.9813084112149532,2025.0,1307.0,840.0,0.8496467578502312,0.8197900952551094,0.8677706674896147,0.5483671072370566,0.6003497393101634,0.5142554472446262,11.580431796613492,8.99605334353933,14.517600676099956,7.891740849577559,6.961509360822969,9.33852674123162,11.540332468386795,8.759167139433092,14.477145992628952,-0.04798057223450536,0.0860942920655372,-5.521547332560626,-2.3770173804086507,-5.717978853195859,-0.402477587477132,46.0,607.0,1.0,0.991830050945282,0.8802168369293213,0.8600058555603027,0.4894551336765289,0.5291392207145691,7.096864700317383,16.58078956604004,6.683257102966309,16.57550811767578,0.020210981369018555,-0.03968408703804022,-9.483924865722656,-9.892251014709473,-561.0
fd710aea,0.5301984469370147,0.4177579048227403,0.8883720930232558,2458.0,1308.0,1337.0,0.8547225524057486,0.7344541617665089,0.8651757984323842,0.5390314417438957,0.7287603697148893,0.5192768078156693,10.90352433319594,6.067025481842389,13.707443097065532,6.6528596484881,4.608321219097601,8.40196057705835,10.901325991550443,5.999224704692481,13.635300055874715,-0.13072163666587533,0.20948356189922002,-7.640417615223143,-3.7936393579607497,-7.636075351182234,-0.47061418820051554,33.0,866.0,1.0,1.0,0.8344340324401855,0.8501283526420593,0.5754406452178955,0.5474881529808044,4.889498710632324,15.766519546508787,4.882105827331543,15.7027587890625,-0.01569432020187378,0.027952492237091064,-10.877020835876463,-10.820652961730957,-833.0
fd8f77fa,0.7439572793704329,0.6671785028790786,0.9779643231899264,2647.0,1738.0,932.0,0.8023082604690305,0.6064291317653557,0.8698301643948682,0.6287952600504707,0.8872100858699075,0.510234917670541,11.182801327321007,9.582468502489466,13.66072719399446,7.961026852247633,7.385051492922874,9.05772646349254,11.182779467231828,9.566205451782183,13.623810598029172,-0.2634010326295124,0.3769751681993665,-4.078258691504994,-1.6726749705696653,-4.057605146246988,-0.3107858203108478,85.0,699.0,1.0,0.9817415475845336,0.7671360969543457,0.8725953698158264,0.6824425458908081,0.5047863721847534,7.756685733795166,15.365736961364746,7.751096248626709,15.331794738769531,-0.10545927286148071,0.1776561737060547,-7.60905122756958,-7.580698490142822,-614.0
fde20ecf,0.5499248443203779,0.418398533007335,0.8613718411552347,2561.0,1369.0,1193.0,0.7688507175153512,0.5959693131000278,0.8113269932978846,0.6799254113278145,0.8989223402496705,0.6142849610760716,11.457900446916891,9.426425219532431,13.42036646520146,8.400778274132696,7.447061778111613,9.502231018673262,11.45786450876862,9.299318384777362,13.292790448915122,-0.21535768019785684,0.284637379173599,-3.9939412456690278,-2.055169240561649,-3.9934720641377606,-0.4429733081478997,49.0,846.0,1.0,1.0,0.7587325572967529,0.8240688443183899,0.6946473121643066,0.5931798219680786,7.816942691802978,14.935955047607422,7.519524097442627,14.847737312316896,-0.06533628702163696,0.10146749019622803,-7.119012355804444,-7.328213214874269,-797.0
fdfd57da,0.567172120244746,0.4042006000857265,0.9186535764375876,2132.0,943.0,1310.0,0.8330565861322082,0.3833530061412848,0.8916837105220115,0.5778294105837669,1.110537702069331,0.4654380506103654,14.559707334765688,15.010699444812246,14.00782812913178,9.87248174614646,11.367341887633932,8.784508006555152,14.559327389963611,14.98290832574606,13.98056745214348,-0.5083307043807266,0.6450996514589655,1.0028713156804656,2.5828338810787805,1.002340873602579,-0.514452976351861,32.0,1046.0,1.0,0.987724244594574,0.5450947284698486,0.9004647731781006,0.953839898109436,0.4461731314659118,11.1285982131958,14.69218921661377,11.102230072021484,14.659324645996094,-0.35537004470825195,0.5076667666435242,-3.5635910034179688,-3.5570945739746094,-1014.0
febb4411,0.5716872427983539,0.4455832113225964,0.9600404653515427,3473.0,1826.0,1898.0,0.8177235473113299,0.7330992928552246,0.7894160354208214,0.6037821671574445,0.730617146178182,0.648974521193519,14.518195738480438,5.218092395491765,19.07664716910233,8.161335308127265,4.048305747510558,11.668506923330105,14.515567686644086,4.996216921916434,19.064542272629136,-0.05631674256559682,0.08164262498466301,-13.858554773610564,-7.620201175819546,-14.068325350712701,-0.5144572540289464,64.0,1139.0,1.0,0.9835923910140992,0.7133135199546814,0.7677201628684998,0.7572139501571655,0.6815861463546753,4.969388484954834,19.37985038757324,4.820475101470947,19.36253929138184,-0.05440664291381836,0.07562780380249023,-14.410461902618405,-14.542064189910892,-1075.0
fef8af96,0.830061529446235,0.8028904054596547,1.0,2833.0,2000.0,922.0,0.8376715208695507,0.7625998691034732,0.9067213813519868,0.5697867656070108,0.689057517042702,0.4319227214398736,8.729697418338194,8.9911117213055,8.237971155358721,6.369462545443382,6.732083284266587,5.720715864993589,8.722987905574772,8.942725228671385,8.175632640642869,-0.14412151224851355,0.2571347956028284,0.7531405659467794,1.0113674192729984,0.7670925880285164,-0.19710959454034527,178.0,643.0,1.0,1.0,0.8029184937477112,0.9051469564437866,0.6278240084648132,0.4355526268482208,8.412470817565918,9.012993812561035,8.348282814025879,8.905596733093262,-0.10222846269607544,0.1922713816165924,-0.6005229949951172,-0.5573139190673828,-465.0
ff0aea78,0.7182269063856168,0.6097010716300056,0.9387474191328288,2317.0,1081.0,1364.0,0.8095624478532938,0.6733921461592479,0.8581348296588689,0.6171507954247587,0.808217611588305,0.5326634403469627,12.21511915993295,12.521622505816485,12.056043455826968,9.09719995880071,9.762786096406955,8.699610060058184,12.214972846078064,12.50123195249478,12.04746984096464,-0.18474268349962097,0.2755541712413423,0.4655790499895165,1.0631760363487714,0.4537621115301409,-0.32904634750282313,79.0,831.0,1.0,1.0,0.7358810305595398,0.8787603378295898,0.7267997860908508,0.4924218952655792,12.297987937927246,12.495197296142578,12.235939025878906,12.21999168395996,-0.14287930727005005,0.2343778908252716,-0.19720935821533203,0.01594734191894709,-752.0
ff8bb73a,0.5151515151515151,0.4936799003026527,0.8878281622911695,3757.0,2773.0,1488.0,0.8592293269894311,0.677569271926789,0.9419469489256912,0.5306046984536961,0.8030326619424779,0.3407434550341617,11.645698234557576,11.906607990820843,10.33603332889286,8.862835322645125,9.145689092804597,7.870471967920698,11.600067418979,11.894041496812603,10.299208785877488,-0.26437767699890224,0.4622892069083162,1.5705746619279832,1.2752171248838993,1.5948327109351155,-0.39414826198851677,89.0,969.0,1.0,1.0,0.7900012731552124,0.959563374519348,0.6480721235275269,0.2843822240829468,10.989652633666992,10.948514938354492,10.97100067138672,10.744563102722168,-0.16956210136413563,0.3636898994445801,0.0411376953125,0.22643756866455256,-880.0
ffefef30,0.5384615384615384,0.4338754219085609,0.9101471727343144,2450.0,1414.0,1175.0,0.758201439353977,0.7250373312159585,0.7844939007225603,0.6954114762441342,0.7415695095997967,0.6565151929353039,13.25947090478046,12.467517901806747,13.782341614237785,9.539488924404226,9.67771551700946,9.20808606168904,12.8538237200416,11.944632059215165,13.651236078866162,-0.05945656950660183,0.08505431666449281,-1.3148237124310374,0.4696294553204208,-1.7066040196509977,-0.47627175082575357,44.0,846.0,1.0,1.0,0.7832472920417786,0.739437997341156,0.6584112644195557,0.7218891978263855,11.276925086975098,15.561477661132812,10.320556640625,15.176728248596191,0.04380929470062256,-0.06347793340682983,-4.284552574157715,-4.856171607971191,-802.0
