well,rows,persistent_rows,episodes,grid_count,rate_span,truth_rows,truth_out_of_grid_fraction,truth_local_illegal_fraction,truth_dynamic_break_fraction,truth_best_position_nll_median,truth_best_position_nll_p90,truth_support_rate_count_median,truth_conditioned_transition_nll_mean,truth_conditioned_transition_nll_median,truth_conditioned_transition_nll_p90,truth_conditioned_rate_edge_mass_mean,posterior_mean_rows,posterior_mean_out_of_grid_fraction,posterior_mean_local_illegal_fraction,posterior_mean_dynamic_break_fraction,posterior_mean_best_position_nll_median,posterior_mean_best_position_nll_p90,posterior_mean_support_rate_count_median,posterior_mean_conditioned_transition_nll_mean,posterior_mean_conditioned_transition_nll_median,posterior_mean_conditioned_transition_nll_p90,posterior_mean_conditioned_rate_edge_mass_mean,marginal_map_rows,marginal_map_out_of_grid_fraction,marginal_map_local_illegal_fraction,marginal_map_dynamic_break_fraction,marginal_map_best_position_nll_median,marginal_map_best_position_nll_p90,marginal_map_support_rate_count_median,marginal_map_conditioned_transition_nll_mean,marginal_map_conditioned_transition_nll_median,marginal_map_conditioned_transition_nll_p90,marginal_map_conditioned_rate_edge_mass_mean,global_viterbi_rows,global_viterbi_out_of_grid_fraction,global_viterbi_local_illegal_fraction,global_viterbi_dynamic_break_fraction,global_viterbi_best_position_nll_median,global_viterbi_best_position_nll_p90,global_viterbi_support_rate_count_median,global_viterbi_conditioned_transition_nll_mean,global_viterbi_conditioned_transition_nll_median,global_viterbi_conditioned_transition_nll_p90,global_viterbi_conditioned_rate_edge_mass_mean
000d7d20,3836,513,2,573,0.1,3836,0.0,0.0,0.0,0.03320257376026013,0.033202573760260146,41.0,0.16592807807730633,0.08333162175852064,0.10479984329234181,0.0387235627473084,3836,0.0,0.0,0.0,0.03320257376026013,0.033202573760260146,41.0,,,,,3836,0.0,0.0,0.0,0.03320257376026013,0.033202573760260146,41.0,,,,,3836,0.0,0.0,0.0,0.033202573760260125,0.03320257376026014,41.0,0.09262681000666607,0.08333162175852064,0.10245248944793707,0.03661519046050773
00bbac68,6014,295,1,573,0.1,6014,0.0,0.00016627868307283005,0.00016627868307283005,0.033202573760260125,0.033202573760260146,41.0,0.24331019762490275,0.08446344624462622,0.13473402454944558,0.04059362260548851,6014,0.0,0.0,0.0,0.033202573760260125,0.033202573760260146,41.0,,,,,6014,0.0,0.0009976720984369804,0.0009976720984369804,0.033202573760260125,0.033202573760260146,41.0,,,,,6014,0.0,0.0,0.0,0.033202573760260125,0.033202573760260146,41.0,0.11106982131230772,0.083331621760263,0.11861624795430567,0.03694354420142957
00e12e8b,4301,1130,2,573,0.1,4301,0.0,0.0,0.0,0.033202573760260125,0.033202573760260146,41.0,0.2776828492360692,0.09339029447109368,0.13858048191174224,0.041253056476934745,4301,0.0,0.0,0.0,0.033202573760260125,0.033202573760260146,41.0,,,,,4301,0.0,0.00023250406882120437,0.00023250406882120437,0.033202573760260125,0.033202573760260146,41.0,,,,,4301,0.0,0.0,0.0,0.033202573760260125,0.033202573760260146,41.0,0.10314995471728715,0.08547404866255696,0.11861624795758453,0.036384837173751204
015fe0d2,4296,858,1,573,0.1,4296,0.0,0.0,0.0,0.03320257376026013,0.033202573760260146,41.0,0.23946720403985344,0.09489264604838503,0.13473402455403943,0.039777158348910734,4296,0.0,0.0,0.0,0.03320257376026012,0.033202573760260146,41.0,,,,,4296,0.0,0.0023277467411545625,0.0023277467411545625,0.03320257376026012,0.033202573760260146,41.0,,,,,4296,0.0,0.0,0.0,0.03320257376026012,0.033202573760260146,41.0,0.11940802457021588,0.09339029447352161,0.1215136818720999,0.03654179882928307
01869cd4,5557,840,2,573,0.1,5557,0.0,0.0,0.0,0.03320257376026013,0.03320257376026015,41.0,0.29820636067790707,0.09339029447352161,0.1958636265043808,0.041321446417642106,5557,0.0,0.0,0.0,0.03320257376026013,0.03320257376026015,41.0,,,,,5557,0.0,0.0007198128486593485,0.0007198128486593485,0.03320257376026013,0.03320257376026015,41.0,,,,,5557,0.0,0.0,0.0,0.033202573760260125,0.033202573760260146,41.0,0.11729234923846206,0.09339029447109269,0.13858048190708247,0.036499616077018675
01982c1d,3941,0,0,573,0.1,3941,0.0,0.0,0.0,0.033202573760260125,0.033202573760260146,41.0,0.24415623348944465,0.09339029447109368,0.19563946395092022,0.03971028652503002,3941,0.0,0.0,0.0,0.03320257376026012,0.033202573760260146,41.0,,,,,3941,0.0,0.0,0.0,0.03320257376026012,0.033202573760260146,41.0,,,,,3941,0.0,0.0,0.0,0.03320257376026012,0.033202573760260146,41.0,0.11274384287717285,0.0917183326288402,0.15302664551007067,0.0363878273150299
028d7b28,6234,4839,1,573,0.1,6234,0.0,0.0,0.0,0.033202573760260125,0.03320257376026015,41.0,0.23980184813507424,0.09339029447352161,0.1733644433841373,0.03969657657073883,6234,0.0,0.0,0.0,0.033202573760260125,0.03320257376026015,41.0,,,,,6234,0.0,0.001122874558870709,0.001122874558870709,0.033202573760260125,0.03320257376026015,41.0,,,,,6234,0.0,0.0,0.0,0.033202573760260125,0.033202573760260146,41.0,0.142543663315001,0.09339029447109269,0.15302664551007053,0.03725593253761517
02e7fe5a,5108,652,1,573,0.1,5108,0.0,0.0,0.0,0.03320257376026013,0.033202573760260146,41.0,0.2204130008952268,0.07806582436759843,0.09777173938609056,0.04073451786017538,5108,0.0,0.0,0.0,0.03320257376026013,0.033202573760260146,41.0,,,,,5108,0.0,0.00039154267815191856,0.00039154267815191856,0.03320257376026013,0.033202573760260146,41.0,,,,,5108,0.0,0.0,0.0,0.03320257376026013,0.033202573760260146,41.0,0.08138208323336224,0.07806582436759832,0.09339029447109368,0.036538290144479034
0390d174,4411,0,0,573,0.1,4411,0.0,0.0,0.0,0.033202573760260125,0.03320257376026015,41.0,0.2800946028802405,0.09489264605059552,0.17964052936753258,0.04081127324083429,4411,0.0,0.0,0.0,0.03320257376026012,0.033202573760260146,41.0,,,,,4411,0.0,0.000906823849467241,0.000906823849467241,0.03320257376026012,0.033202573760260146,41.0,,,,,4411,0.0,0.0,0.0,0.03320257376026012,0.033202573760260146,41.0,0.10171732261315548,0.09339029447352161,0.13858048191174224,0.03600451840328205
03a935ae,2786,0,0,573,0.1,2786,0.0,0.0,0.0,0.033202573760260125,0.033202573760260146,41.0,0.2912372414407641,0.09339029447352161,0.2262932193982992,0.040776596299999544,2786,0.0,0.0,0.0,0.033202573760260125,0.033202573760260146,41.0,,,,,2786,0.0,0.0,0.0,0.033202573760260125,0.033202573760260146,41.0,,,,,2786,0.0,0.0,0.0,0.03320257376026012,0.033202573760260146,41.0,0.1667824127656368,0.0925543135511577,0.17964052936753258,0.03762592316924445
044af7d1,4519,0,0,573,0.1,4519,0.0,0.0,0.0,0.03320257376026013,0.03320257376026015,41.0,0.2762343646007512,0.09339029447109269,0.16484976750642685,0.041108289294974454,4519,0.0,0.0,0.0,0.03320257376026012,0.033202573760260146,41.0,,,,,4519,0.0,0.0002212878955521133,0.0002212878955521133,0.03320257376026012,0.03320257376026015,41.0,,,,,4519,0.0,0.0,0.0,0.03320257376026012,0.033202573760260146,41.0,0.0964433942405051,0.09171833262884009,0.12151368187260163,0.036153278020530914
0498acab,4798,278,1,573,0.1,4798,0.0,0.0,0.0,0.03320257376026013,0.033202573760260146,41.0,0.2453260536636231,0.08446344624640982,0.13858048190708247,0.040542517087307335,4798,0.0,0.0,0.0,0.03320257376026013,0.033202573760260146,41.0,,,,,4798,0.0,0.003126302626094206,0.003126302626094206,0.03320257376026013,0.033202573760260146,41.0,,,,,4798,0.0,0.0,0.0,0.03320257376026012,0.033202573760260146,41.0,0.0923540620195722,0.08446344624621543,0.11861624795430567,0.03624132645628775
052d64df,2445,0,0,573,0.1,2445,0.0,0.0,0.0,0.03320257376026012,0.033202573760260146,41.0,0.2535347917935141,0.0917183326288402,0.12151368187209978,0.040988692710226815,2445,0.0,0.0,0.0,0.03320257376026012,0.033202573760260146,41.0,,,,,2445,0.0,0.0,0.0,0.03320257376026012,0.033202573760260146,41.0,,,,,2445,0.0,0.0,0.0,0.03320257376026012,0.033202573760260146,41.0,0.08918634969358469,0.08547404866073505,0.10692207568380399,0.03618255317326647
05948241,3879,0,0,573,0.1,3879,0.0,0.0,0.0,0.03320257376026012,0.033202573760260146,41.0,0.2595689425719435,0.09339029447352161,0.1667175576756724,0.040299117180823144,3879,0.0,0.0,0.0,0.03320257376026012,0.033202573760260146,41.0,,,,,3879,0.0,0.0041247744263985565,0.0041247744263985565,0.03320257376026012,0.033202573760260146,41.0,,,,,3879,0.0,0.0,0.0,0.03320257376026012,0.033202573760260146,41.0,0.11187850285489213,0.09339029447109368,0.1385804819077512,0.03635157892439047
059c8f24,6258,293,1,573,0.1,6258,0.0,0.00015979546180888463,0.00015979546180888463,0.033202573760260125,0.033202573760260146,41.0,0.21973765703877007,0.09339029447352161,0.17964052936753258,0.03893354168702203,6258,0.0,0.0,0.0,0.033202573760260125,0.033202573760260146,41.0,,,,,6258,0.0,0.0011185682326621924,0.0011185682326621924,0.033202573760260125,0.033202573760260146,41.0,,,,,6258,0.0,0.0,0.0,0.033202573760260125,0.033202573760260146,41.0,0.10729432968409353,0.09339029447352161,0.16671755767567226,0.03608361510970505
05a0ee4d,4348,732,2,573,0.10000000000130968,4348,0.0,0.0,0.0,0.03320257376026014,0.03320257376026015,41.0,0.2635032728329473,0.10245248944885539,0.1580021456931609,0.04000066052715505,4348,0.0,0.0,0.0,0.03320257376026014,0.03320257376026015,41.0,,,,,4348,0.0,0.0027598896044158236,0.0027598896044158236,0.03320257376026014,0.03320257376026015,41.0,,,,,4348,0.0,0.0,0.0,0.03320257376026013,0.033202573760260146,41.0,0.10370924094421967,0.10245248944840804,0.13473402455101613,0.03588798351008964
060ab2b8,6258,0,0,573,0.1,6258,0.0,0.0,0.0,0.033202573760260125,0.033202573760260146,41.0,0.22380553387076946,0.07868061948121687,0.11861624795758453,0.040394714463735146,6258,0.0,0.0,0.0,0.033202573760260125,0.033202573760260146,41.0,,,,,6258,0.0,0.0006391818472355385,0.0006391818472355385,0.033202573760260125,0.033202573760260146,41.0,,,,,6258,0.0,0.0,0.0,0.03320257376026012,0.033202573760260146,41.0,0.09004363663521484,0.07868061948121687,0.10479984329504503,0.03650445655372251
06df5958,3509,0,0,498,0.1,3509,0.0,0.00028498147620404675,0.00028498147620404675,0.03320257376026013,0.03320257376026015,41.0,0.19713555227762877,0.08547404866255696,0.1347340245501754,0.03885893840982864,3509,0.0,0.0,0.0,0.03320257376026013,0.03320257376026015,41.0,,,,,3509,0.0,0.0017098888572242804,0.0017098888572242804,0.03320257376026013,0.033202573760260146,41.0,,,,,3509,0.0,0.0,0.0,0.03320257376026013,0.033202573760260146,41.0,0.10860234713106795,0.08547404866238331,0.13055730139094215,0.036481946263118
071d7b45,3211,0,0,573,0.1,3211,0.0,0.0,0.0,0.03320257376026012,0.033202573760260146,41.0,0.24875336353666402,0.1047998432919352,0.15302664551007067,0.03998737586848406,3211,0.0,0.0,0.0,0.03320257376026012,0.033202573760260146,41.0,,,,,3211,0.0,0.0003114294612270321,0.0003114294612270321,0.03320257376026012,0.033202573760260146,41.0,,,,,3211,0.0,0.0,0.0,0.03320257376026012,0.033202573760260146,41.0,0.11186825211962027,0.10245248944748911,0.1347340245501759,0.036152018285920115
0849b4e2,5537,0,0,573,0.1,5537,0.0,0.00036120642947444465,0.00036120642947444465,0.03320257376026013,0.033202573760260146,41.0,0.20313532914875693,0.07806582436771739,0.10479984329504516,0.04001899897209615,5537,0.0,0.0,0.0,0.03320257376026013,0.033202573760260146,41.0,,,,,5537,0.0,0.00036120642947444465,0.00036120642947444465,0.03320257376026013,0.033202573760260146,41.0,,,,,5537,0.0,0.0,0.0,0.03320257376026013,0.033202573760260146,41.0,0.09590574827411712,0.07806582436771739,0.09489264604838503,0.03683495786903946
084d66f9,3885,713,1,573,0.1,3885,0.0,0.001287001287001287,0.001287001287001287,0.03320257376026013,0.03320257376026015,41.0,0.3357963724306875,0.08446344624621543,0.16420486587912544,0.04316653147548404,3885,0.0,0.0,0.0,0.03320257376026013,0.033202573760260146,41.0,,,,,3885,0.0,0.0028314028314028314,0.0028314028314028314,0.03320257376026013,0.03320257376026015,41.0,,,,,3885,0.0,0.0,0.0,0.03320257376026013,0.033202573760260146,41.0,0.09588093883266899,0.08446344624462622,0.13055730139466698,0.03628751386514828
08fecf00,5574,1904,2,573,0.1,5574,0.0,0.0,0.0,0.03320257376026013,0.033202573760260146,41.0,0.19006092851261125,0.08446344624462622,0.09751806257509525,0.03952006468943963,5574,0.0,0.0,0.0,0.03320257376026013,0.033202573760260146,41.0,,,,,5574,0.0,0.000897021887334051,0.000897021887334051,0.03320257376026013,0.033202573760260146,41.0,,,,,5574,0.0,0.0,0.0,0.03320257376026013,0.033202573760260146,41.0,0.09144038857226404,0.08446344624462622,0.09489264604838503,0.03658551140167781
09053135,5907,2792,1,573,0.1,5907,0.0,0.0,0.0,0.03320257376026013,0.033202573760260146,41.0,0.2111952419570163,0.08446344624640982,0.12151368187260163,0.03967531252801626,5907,0.0,0.0,0.0,0.03320257376026013,0.033202573760260146,41.0,,,,,5907,0.0,0.0015236160487557136,0.0015236160487557136,0.03320257376026013,0.033202573760260146,41.0,,,,,5907,0.0,0.0,0.0,0.03320257376026013,0.033202573760260146,41.0,0.10101439604937047,0.08446344624621543,0.11861624795375278,0.03658642535363538
09441b8d,5488,2567,2,573,0.1,5488,0.0,0.00036443148688046647,0.00036443148688046647,0.033202573760260125,0.033202573760260146,41.0,0.2528875904757964,0.09171833263122271,0.13473402455403982,0.04037169471341473,5488,0.0,0.0,0.0,0.033202573760260125,0.033202573760260146,41.0,,,,,5488,0.0,0.002186588921282799,0.002186588921282799,0.033202573760260125,0.033202573760260146,41.0,,,,,5488,0.0,0.0,0.0,0.03320257376026012,0.033202573760260146,41.0,0.10513070109490029,0.0917183326288402,0.11861624795758453,0.036404932798943745
0955cd6c,5195,0,0,573,0.1,5195,0.0,0.0007699711260827719,0.0007699711260827719,0.03320257376026013,0.033202573760260146,41.0,0.2241996274120673,0.08446344624462622,0.12151368187598553,0.040246642000526855,5195,0.0,0.0,0.0,0.03320257376026013,0.033202573760260146,41.0,,,,,5195,0.0,0.0005774783445620789,0.0005774783445620789,0.03320257376026013,0.033202573760260146,41.0,,,,,5195,0.0,0.0,0.0,0.03320257376026013,0.033202573760260146,41.0,0.08677238999983922,0.08333162175851969,0.10479984329234181,0.03632874110758551
09ec2ca9,5885,2162,1,573,0.1,5885,0.0,0.0,0.0,0.033202573760260125,0.033202573760260146,41.0,0.17381619914027838,0.08446344624640982,0.1069220756806485,0.038720025660488155,5885,0.0,0.0,0.0,0.033202573760260125,0.033202573760260146,41.0,,,,,5885,0.0,0.001869158878504673,0.001869158878504673,0.033202573760260125,0.033202573760260146,41.0,,,,,5885,0.0,0.0,0.0,0.033202573760260125,0.033202573760260146,41.0,0.088705389931854,0.08446344624621532,0.1047998432919352,0.036266433312907055
0a57a29c,5821,0,0,573,0.1,5821,0.0,0.0,0.0,0.03320257376026013,0.033202573760260146,41.0,0.24001007059681131,0.08446344624621532,0.11543742972459732,0.04082921254040798,5821,0.0,0.0,0.0,0.033202573760260125,0.033202573760260146,41.0,,,,,5821,0.0,0.0003435835767050335,0.0003435835767050335,0.033202573760260125,0.033202573760260146,41.0,,,,,5821,0.0,0.0,0.0,0.033202573760260125,0.033202573760260146,41.0,0.0938344710422502,0.08446344624462622,0.10479984329504503,0.036452408490415894
0bbf5e67,4298,0,0,472,0.1,4298,0.0,0.0,0.0,0.03320257376026013,0.033202573760260146,41.0,0.25766177951126257,0.08333162176026289,0.15302664551007053,0.041042005065951584,4298,0.0,0.0,0.0,0.03320257376026013,0.033202573760260146,41.0,,,,,4298,0.0,0.0013959981386691485,0.0013959981386691485,0.03320257376026013,0.033202573760260146,41.0,,,,,4298,0.0,0.0,0.0,0.03320257376026013,0.033202573760260146,41.0,0.09133922711012256,0.07868061948121687,0.11861624795375278,0.036385185189730405
0be01c24,4738,0,0,573,0.1,4738,0.0,0.0,0.0,0.03320257376026013,0.033202573760260146,41.0,0.21237057499464387,0.09171833263122259,0.1385804819077512,0.039193314474921484,4738,0.0,0.0,0.0,0.03320257376026013,0.033202573760260146,41.0,,,,,4738,0.0,0.003588011819333052,0.003588011819333052,0.03320257376026013,0.033202573760260146,41.0,,,,,4738,0.0,0.0,0.0,0.03320257376026013,0.033202573760260146,41.0,0.10507507459685776,0.09171833263122259,0.1326456629720565,0.03633370784726135
0c1b160c,5054,444,2,573,0.1,5054,0.0,0.0003957261574990107,0.0003957261574990107,0.03320257376026013,0.033202573760260146,41.0,0.22000581431793578,0.08446344624621543,0.10692207568380399,0.04011763762147811,5054,0.0,0.0,0.0,0.03320257376026013,0.033202573760260146,41.0,,,,,5054,0.0,0.00850811238622873,0.00850811238622873,0.03320257376026013,0.033202573760260146,41.0,,,,,5054,0.0,0.0,0.0,0.03320257376026013,0.033202573760260146,41.0,0.09048215870478356,0.08446344624621543,0.10479984329234181,0.03635876161296521
0d99f8e4,5823,0,0,573,0.1,5823,0.0,0.0,0.0,0.03320257376026013,0.033202573760260146,41.0,0.21975273999774092,0.08446344624640982,0.12151368187598553,0.0399891618880009,5823,0.0,0.0,0.0,0.03320257376026013,0.033202573760260146,41.0,,,,,5823,0.0,0.0020607934054611026,0.0020607934054611026,0.03320257376026013,0.033202573760260146,41.0,,,,,5823,0.0,0.0,0.0,0.03320257376026013,0.033202573760260146,41.0,0.09202739650072682,0.08446344624621543,0.10479984329504516,0.03634759648660876
0dc5e64d,4879,648,2,573,0.1,4879,0.0,0.000819840131174421,0.000819840131174421,0.03320257376026013,0.03320257376026015,41.0,0.2870832221357813,0.10479984329504516,0.32324444378802647,0.03959018224683811,4879,0.0,0.0,0.0,0.033202573760260125,0.03320257376026015,41.0,,,,,4879,0.0,0.0006148800983808157,0.0006148800983808157,0.033202573760260125,0.03320257376026015,41.0,,,,,4879,0.0,0.0,0.0,0.033202573760260125,0.03320257376026015,41.0,0.14981254437131286,0.10479984329234181,0.1733644433841373,0.036976311734633366
0dc835f3,4428,791,3,573,0.1,4428,0.0,0.0,0.0,0.033202573760260125,0.033202573760260146,41.0,0.27501840075720185,0.10245248944748911,0.2290790678472708,0.03977411206844552,4428,0.0,0.0,0.0,0.033202573760260125,0.033202573760260146,41.0,,,,,4428,0.0,0.00045167118337850043,0.00045167118337850043,0.033202573760260125,0.033202573760260146,41.0,,,,,4428,0.0,0.0,0.0,0.033202573760260125,0.033202573760260146,41.0,0.1312179199313161,0.09489264605085444,0.15302664551007067,0.03667273049355591
0dd99dc5,7342,525,1,573,0.1,7342,0.0,0.0,0.0,0.033202573760260125,0.033202573760260146,41.0,0.2665379928711435,0.0917183326288402,0.12151368187260163,0.04124705114557347,7342,0.0,0.0,0.0,0.033202573760260125,0.033202573760260146,41.0,,,,,7342,0.0,0.0016344320348678834,0.0016344320348678834,0.033202573760260125,0.033202573760260146,41.0,,,,,7342,0.0,0.0,0.0,0.033202573760260125,0.033202573760260146,41.0,0.09611001480042282,0.08547404866238331,0.11543742972143416,0.036293207256290566
0e5e560d,3253,2689,1,573,0.1,3253,0.0,0.0003074085459575776,0.0003074085459575776,0.03320257376026012,0.033202573760260146,41.0,0.25020587566957764,0.09339029447109368,0.15302664551007067,0.040275526228603656,3253,0.0,0.0,0.0,0.03320257376026012,0.033202573760260146,41.0,,,,,3253,0.0,0.0012296341838303104,0.0012296341838303104,0.03320257376026012,0.033202573760260146,41.0,,,,,3253,0.0,0.0,0.0,0.03320257376026012,0.033202573760260146,41.0,0.10298485621779081,0.09339029447109368,0.11861624795758453,0.03622726227064858
109d9d70,4215,2679,1,573,0.10000000000130968,4215,0.0,0.00023724792408066428,0.00023724792408066428,0.033202573760260146,0.03320257376026015,41.0,0.24962459960353506,0.09489264605168321,0.15302664551075326,0.040101886926338384,4215,0.0,0.0,0.0,0.033202573760260146,0.03320257376026015,41.0,,,,,4215,0.0,0.0014234875444839859,0.0014234875444839859,0.033202573760260146,0.03320257376026015,41.0,,,,,4215,0.0,0.0,0.0,0.033202573760260146,0.03320257376026015,41.0,0.10566610538854039,0.09339029447212133,0.13858048190871147,0.03610301274361002
10a1281a,5609,3087,1,573,0.10999999999970897,5609,0.0,0.0,0.0,0.033222561898007374,0.03325810544720126,41.0,0.3090764901276711,0.09769390499602697,0.14115121822970592,0.041968672840207166,5609,0.0,0.0,0.0,0.033222561898007374,0.03325810544720126,41.0,,,,,5609,0.0,0.0008914244963451596,0.0008914244963451596,0.033222561898007374,0.03325810544720126,41.0,,,,,5609,0.0,0.0,0.0,0.03322256189798413,0.03325810544720126,41.0,0.11142520558250801,0.09430529879696631,0.12197503213773961,0.0352528924062932
10b89021,5414,0,0,573,0.1,5414,0.0,0.0,0.0,0.033202573760260125,0.033202573760260146,41.0,0.18616651455053954,0.07868061948121687,0.13055730139094202,0.03908989411279826,5414,0.0,0.0,0.0,0.033202573760260125,0.033202573760260146,41.0,,,,,5414,0.0,0.002216475803472479,0.002216475803472479,0.033202573760260125,0.033202573760260146,41.0,,,,,5414,0.0,0.0,0.0,0.03320257376026012,0.033202573760260146,41.0,0.091397455978137,0.07868061948011462,0.11861624795375265,0.036441374787362
10be2420,3271,0,0,573,0.1,3271,0.0,0.0,0.0,0.033202573760260125,0.033202573760260146,41.0,0.19489553529587553,0.10479984329504503,0.13858048190708236,0.03770441552517127,3271,0.0,0.0,0.0,0.03320257376026012,0.033202573760260146,41.0,,,,,3271,0.0,0.001528584530724549,0.001528584530724549,0.03320257376026012,0.033202573760260146,41.0,,,,,3271,0.0,0.0,0.0,0.03320257376026012,0.033202573760260146,41.0,0.11552357153562187,0.10479984329504503,0.1347340245501759,0.03574974556294336
113011eb,3272,1866,1,573,0.1,3272,0.0,0.0006112469437652812,0.0006112469437652812,0.03320257376026013,0.03320257376026015,41.0,0.24127940138260034,0.09339029447352161,0.13858048190708247,0.039854148071871744,3272,0.0,0.0,0.0,0.03320257376026013,0.033202573760260146,41.0,,,,,3272,0.0,0.0003056234718826406,0.0003056234718826406,0.03320257376026013,0.033202573760260146,41.0,,,,,3272,0.0,0.0,0.0,0.03320257376026013,0.033202573760260146,41.0,0.10231335378920507,0.09339029447352161,0.13055730139094215,0.036055564888516085
1131525f,4159,195,1,573,0.1,4159,0.0,0.0,0.0,0.03320257376026013,0.033202573760260146,41.0,0.2212240295032397,0.08446344624621543,0.12151368187260163,0.039987203756031424,4159,0.0,0.0,0.0,0.03320257376026013,0.033202573760260146,41.0,,,,,4159,0.0,0.000721327242125511,0.000721327242125511,0.03320257376026013,0.033202573760260146,41.0,,,,,4159,0.0,0.0,0.0,0.03320257376026013,0.033202573760260146,41.0,0.09277821479706155,0.08446344624462622,0.10479984329504516,0.036397359787235024
11d0f5ac,4883,3537,1,573,0.1,4883,0.0,0.0,0.0,0.033202573760260125,0.033202573760260146,41.0,0.19311263668623496,0.08547404866238331,0.10692207568380399,0.03915117176365463,4883,0.0,0.0,0.0,0.033202573760260125,0.033202573760260146,41.0,,,,,4883,0.0,0.0024575056317837395,0.0024575056317837395,0.033202573760260125,0.033202573760260146,41.0,,,,,4883,0.0,0.0,0.0,0.033202573760260125,0.033202573760260146,41.0,0.09154503825575565,0.08547404866073505,0.10479984329504503,0.03623797462814235
12203f2a,3261,210,1,573,0.1,3261,0.0,0.00030665440049064706,0.00030665440049064706,0.033202573760260125,0.033202573760260146,41.0,0.23228054207799284,0.09339029447352161,0.1580021456923377,0.03961410410543208,3261,0.0,0.0,0.0,0.033202573760260125,0.033202573760260146,41.0,,,,,3261,0.0,0.0,0.0,0.033202573760260125,0.033202573760260146,41.0,,,,,3261,0.0,0.0,0.0,0.03320257376026012,0.033202573760260146,41.0,0.11225964501078631,0.09339029447109368,0.13473402454944558,0.03643521966442704
122bd617,4570,2076,1,573,0.1,4570,0.0,0.0,0.0,0.033202573760260125,0.033202573760260146,41.0,0.3376441270196199,0.09339029447109368,0.376554476929693,0.04231754059844171,4570,0.0,0.0,0.0,0.033202573760260125,0.033202573760260146,41.0,,,,,4570,0.0,0.002188183807439825,0.002188183807439825,0.033202573760260125,0.033202573760260146,41.0,,,,,4570,0.0,0.0,0.0,0.033202573760260125,0.033202573760260146,41.0,0.10634917771729452,0.08547404866238331,0.15302664551007067,0.036357595699437376
125be846,6510,957,1,573,0.1,6510,0.0,0.0,0.0,0.033202573760260125,0.033202573760260146,41.0,0.2396293477105569,0.09339029447109368,0.14768831657557394,0.03995935696409413,6510,0.0,0.0,0.0,0.033202573760260125,0.033202573760260146,41.0,,,,,6510,0.0,0.0030721966205837174,0.0030721966205837174,0.033202573760260125,0.033202573760260146,41.0,,,,,6510,0.0,0.0,0.0,0.03320257376026012,0.033202573760260146,41.0,0.11557878485530344,0.0917183326288402,0.13055730139015403,0.03667794032459047
1285a37b,5597,697,1,573,0.1,5597,0.0,0.0,0.0,0.03320257376026012,0.033202573760260146,41.0,0.14752563023737975,0.08547404866073505,0.09489264605085444,0.03785403417587751,5597,0.0,0.0,0.0,0.03320257376026012,0.033202573760260146,41.0,,,,,5597,0.0,0.00017866714311238162,0.00017866714311238162,0.03320257376026012,0.033202573760260146,41.0,,,,,5597,0.0,0.0,0.0,0.03320257376026012,0.033202573760260146,41.0,0.10724337694126668,0.08446344624640982,0.09489264605085444,0.03670971388636811
1295a25b,5551,0,0,573,0.1,5551,0.0,0.0,0.0,0.03320257376026013,0.03320257376026015,41.0,0.32402095158664523,0.09339029447109269,0.20336437148966716,0.042458943291784526,5551,0.0,0.0,0.0,0.03320257376026013,0.033202573760260146,41.0,,,,,5551,0.0,0.003422806701495226,0.003422806701495226,0.03320257376026013,0.033202573760260146,41.0,,,,,5551,0.0,0.0,0.0,0.033202573760260125,0.033202573760260146,41.0,0.10860288485754443,0.09171833262884009,0.1347340245501754,0.03648159206821278
12f0cd90,5947,1234,1,573,0.11000000000152796,5947,0.0,0.0,0.0,0.033222561897990395,0.03325810544722308,41.0,0.31268620752373644,0.1219750321389447,0.36678035083308624,0.039651863278449426,5947,0.0,0.0,0.0,0.033222561897990395,0.03325810544722308,41.0,,,,,5947,0.0,0.004876408273078863,0.004876408273078863,0.033222561897990395,0.03325810544722308,41.0,,,,,5947,0.0,0.0,0.0,0.033222561897990395,0.03325810544722308,41.0,0.1439381523670102,0.11555864978834897,0.17664861829535752,0.0354344881509288
137d1e44,4554,2544,1,573,0.1,4554,0.0,0.0,0.0,0.033202573760260125,0.033202573760260146,41.0,0.27258739986578295,0.08547404866073505,0.12151368187260163,0.04166255135411302,4554,0.0,0.0,0.0,0.033202573760260125,0.033202573760260146,41.0,,,,,4554,0.0,0.0013175230566534915,0.0013175230566534915,0.033202573760260125,0.033202573760260146,41.0,,,,,4554,0.0,0.0,0.0,0.033202573760260125,0.033202573760260146,41.0,0.09680277244291433,0.08446344624621532,0.115437429724281,0.03652136551286673
13ce113d,2966,0,0,573,0.1,2966,0.0,0.0,0.0,0.033202573760260125,0.033202573760260146,41.0,0.20671924340117975,0.08547404866255696,0.11861624795430567,0.03958278299993601,2966,0.0,0.0,0.0,0.033202573760260125,0.033202573760260146,41.0,,,,,2966,0.0,0.0033715441672285905,0.0033715441672285905,0.033202573760260125,0.033202573760260146,41.0,,,,,2966,0.0,0.0,0.0,0.033202573760260125,0.033202573760260146,41.0,0.10014900323986234,0.08547404866073505,0.10692207568380399,0.03647512660538697
13f598d9,7306,403,1,573,0.1,7306,0.0,0.0001368738023542294,0.0001368738023542294,0.033202573760260125,0.033202573760260146,41.0,0.2457802250922443,0.08446344624640982,0.13055730139094202,0.04059997482108339,7306,0.0,0.0,0.0,0.03320257376026012,0.033202573760260146,41.0,,,,,7306,0.0,0.003148097454147276,0.003148097454147276,0.03320257376026012,0.033202573760260146,41.0,,,,,7306,0.0,0.0,0.0,0.03320257376026012,0.033202573760260146,41.0,0.0970377250502083,0.08446344624621532,0.11861624795375265,0.03641551231483581
14a53cb3,6919,0,0,573,0.1,6919,0.0,0.00014452955629426219,0.00014452955629426219,0.033202573760260125,0.033202573760260146,41.0,0.21124626577948516,0.08333162175852064,0.1069220756806485,0.04014283814796945,6919,0.0,0.0,0.0,0.033202573760260125,0.033202573760260146,41.0,,,,,6919,0.0,0.0013007660066483597,0.0013007660066483597,0.033202573760260125,0.033202573760260146,41.0,,,,,6919,0.0,0.0,0.0,0.033202573760260125,0.033202573760260146,41.0,0.10626297519736579,0.07868061948121687,0.09489264605085444,0.037074636998635585
14ab73fb,3649,0,0,573,0.1,3649,0.0,0.0,0.0,0.033202573760260125,0.033202573760260146,41.0,0.343070940494758,0.08446344624621543,0.2360107823828368,0.04377183586078193,3649,0.0,0.0,0.0,0.03320257376026012,0.033202573760260146,41.0,,,,,3649,0.0,0.007673335160317895,0.007673335160317895,0.03320257376026012,0.033202573760260146,41.0,,,,,3649,0.0,0.0,0.0,0.03320257376026012,0.033202573760260146,41.0,0.09134108084724261,0.08333162176026289,0.10479984329234181,0.03651848003273624
14ad5efb,5842,0,0,573,0.1,5842,0.0,0.00017117425539198904,0.00017117425539198904,0.033202573760260125,0.03320257376026015,41.0,0.22979164328668164,0.10479984329234181,0.1733644433841373,0.0388466495604178,5842,0.0,0.0,0.0,0.033202573760260125,0.03320257376026015,41.0,,,,,5842,0.0,0.0022252653200958575,0.0022252653200958575,0.033202573760260125,0.03320257376026015,41.0,,,,,5842,0.0,0.0,0.0,0.033202573760260125,0.033202573760260146,41.0,0.13340052228165103,0.10479984329193508,0.15302664551007053,0.03644786190561102
14fee784,4910,965,1,573,0.1,4910,0.0,0.0004073319755600815,0.0004073319755600815,0.033202573760260125,0.033202573760260146,41.0,0.28353466106701797,0.09489264605059552,0.1385804819077512,0.041328551949803574,4910,0.0,0.0,0.0,0.033202573760260125,0.033202573760260146,41.0,,,,,4910,0.0,0.0026476578411405295,0.0026476578411405295,0.033202573760260125,0.033202573760260146,41.0,,,,,4910,0.0,0.0,0.0,0.033202573760260125,0.033202573760260146,41.0,0.10182859339198477,0.09339029447352161,0.11861624795758453,0.03617778313775243
153552f5,4695,2940,2,573,0.1,4695,0.0,0.0,0.0,0.033202573760260125,0.033202573760260146,41.0,0.19967701933124624,0.09339029447109368,0.12151368187209978,0.03900956310133612,4695,0.0,0.0,0.0,0.033202573760260125,0.033202573760260146,41.0,,,,,4695,0.0,0.003194888178913738,0.003194888178913738,0.033202573760260125,0.033202573760260146,41.0,,,,,4695,0.0,0.0,0.0,0.033202573760260125,0.033202573760260146,41.0,0.10798134822259614,0.09339029447109368,0.11861624795430567,0.03646120645681601
1550491d,4563,2092,1,573,0.1,4563,0.0,0.00021915406530791147,0.00021915406530791147,0.033202573760260125,0.033202573760260146,41.0,0.23101755415384,0.09339029447352161,0.19563946395092022,0.039403721078308564,4563,0.0,0.0,0.0,0.033202573760260125,0.033202573760260146,41.0,,,,,4563,0.0,0.002410694718387026,0.002410694718387026,0.033202573760260125,0.033202573760260146,41.0,,,,,4563,0.0,0.0,0.0,0.033202573760260125,0.033202573760260146,41.0,0.14526214957612466,0.09339029447323345,0.15302664551007067,0.03735894246675902
155887bb,5585,0,0,573,0.1,5585,0.0,0.0,0.0,0.03320257376026013,0.033202573760260146,41.0,0.22629215332720995,0.07868061948121687,0.11545435818964206,0.040644649610412184,5585,0.0,0.0,0.0,0.03320257376026013,0.033202573760260146,41.0,,,,,5585,0.0,0.0005371530886302597,0.0005371530886302597,0.03320257376026013,0.033202573760260146,41.0,,,,,5585,0.0,0.0,0.0,0.033202573760260125,0.033202573760260146,41.0,0.09892682625524446,0.07868061948011462,0.09489264605059552,0.036906607615975695
1590af81,3799,971,1,573,0.1,3799,0.0,0.0,0.0,0.033202573760260125,0.033202573760260146,41.0,0.22154900848438955,0.09339029447109368,0.11861624795758453,0.03971357486321026,3799,0.0,0.0,0.0,0.03320257376026012,0.033202573760260146,41.0,,,,,3799,0.0,0.007107133456172677,0.007107133456172677,0.03320257376026012,0.033202573760260146,41.0,,,,,3799,0.0,0.0,0.0,0.03320257376026012,0.033202573760260146,41.0,0.13488860987137127,0.09339029447109368,0.10692207568380399,0.037289653114341986
15e154a1,6068,677,2,573,0.1,6068,0.0,0.0,0.0,0.03320257376026013,0.033202573760260146,41.0,0.23723856593185566,0.08446344624621543,0.1385804819077512,0.040269529747641815,6068,0.0,0.0,0.0,0.03320257376026013,0.033202573760260146,41.0,,,,,6068,0.0,0.0034607778510217535,0.0034607778510217535,0.03320257376026013,0.033202573760260146,41.0,,,,,6068,0.0,0.0,0.0,0.03320257376026013,0.033202573760260146,41.0,0.0943149036120915,0.08446344624462622,0.11861624795375278,0.03637021675882217
1619e2ca,4443,0,0,573,0.10999999999970897,4443,0.0,0.0,0.0,0.03322256189795887,0.03325810544720126,41.0,0.30429556235449745,0.1017037695998977,0.2746255759599045,0.0409399560079097,4443,0.0,0.0,0.0,0.03322256189794724,0.03325810544720126,41.0,,,,,4443,0.0,0.0018005851901868107,0.0018005851901868107,0.033222561897935605,0.03325810544720126,41.0,,,,,4443,0.0,0.0,0.0,0.033211456922940356,0.03325810544712041,41.0,0.11423695175066381,0.09430529879696642,0.13601551506959944,0.03521736649461093
16e4a047,4131,0,0,573,0.1,4131,0.0,0.0,0.0,0.033202573760260125,0.033202573760260146,41.0,0.2057432721946362,0.08446344624621532,0.11543742972143416,0.039658815007781935,4131,0.0,0.0,0.0,0.033202573760260125,0.033202573760260146,41.0,,,,,4131,0.0,0.0002420721374969741,0.0002420721374969741,0.033202573760260125,0.033202573760260146,41.0,,,,,4131,0.0,0.0,0.0,0.033202573760260125,0.033202573760260146,41.0,0.09012315385174184,0.08446344624462622,0.10479984329504503,0.03638493670523345
173ed841,4883,3558,1,573,0.1,4883,0.0,0.0006143764079459349,0.0006143764079459349,0.033202573760260125,0.033202573760260146,41.0,0.3050009970355946,0.09339029447109368,0.20336437148732078,0.041616684457686286,4883,0.0,0.0,0.0,0.03320257376026012,0.033202573760260146,41.0,,,,,4883,0.0,0.0,0.0,0.03320257376026012,0.033202573760260146,41.0,,,,,4883,0.0,0.0,0.0,0.03320257376026012,0.033202573760260146,41.0,0.11185021304271897,0.0917183326288402,0.13473402455403982,0.03646993105377734
1770d7c6,7240,1317,1,573,0.1,7240,0.0,0.0,0.0,0.033202573760260125,0.033202573760260146,41.0,0.17699494733015247,0.09171833263122271,0.10692207568380399,0.03851138900586981,7240,0.0,0.0,0.0,0.033202573760260125,0.033202573760260146,41.0,,,,,7240,0.0,0.0004143646408839779,0.0004143646408839779,0.033202573760260125,0.033202573760260146,41.0,,,,,7240,0.0,0.0,0.0,0.033202573760260125,0.033202573760260146,41.0,0.11004728477958049,0.09171833263122271,0.1069220756806485,0.036711847502895044
177622d7,3154,262,1,573,0.1,3154,0.0,0.0,0.0,0.033202573760260125,0.033202573760260146,41.0,0.21950470555242663,0.08446344624640982,0.10692207568380399,0.03998613134401492,3154,0.0,0.0,0.0,0.033202573760260125,0.033202573760260146,41.0,,,,,3154,0.0,0.0006341154090044388,0.0006341154090044388,0.033202573760260125,0.033202573760260146,41.0,,,,,3154,0.0,0.0,0.0,0.033202573760260125,0.033202573760260146,41.0,0.09530665369972972,0.08446344624640982,0.10479984329234181,0.03644739524656135
18d24f7b,4558,0,0,573,0.1,4558,0.0,0.0,0.0,0.033202573760260125,0.033202573760260146,41.0,0.1741095069860751,0.09339029447352161,0.11861624795430567,0.038219847370981476,4558,0.0,0.0,0.0,0.033202573760260125,0.033202573760260146,41.0,,,,,4558,0.0,0.005923650724001755,0.005923650724001755,0.033202573760260125,0.033202573760260146,41.0,,,,,4558,0.0,0.0,0.0,0.033202573760260125,0.033202573760260146,41.0,0.11411163423861423,0.09339029447352161,0.10692207568380399,0.03658611534831431
19137a89,6267,1416,2,573,0.1,6267,0.0,0.0004786979415988511,0.0004786979415988511,0.03320257376026013,0.033202573760260146,41.0,0.24230973079703838,0.09339029447352161,0.1347340245501754,0.040063038726875166,6267,0.0,0.0,0.0,0.03320257376026013,0.033202573760260146,41.0,,,,,6267,0.0,0.0011169618637306526,0.0011169618637306526,0.03320257376026013,0.033202573760260146,41.0,,,,,6267,0.0,0.0,0.0,0.03320257376026013,0.033202573760260146,41.0,0.1242604785638808,0.09339029447109269,0.11861624795758466,0.03800283318141181
1944513c,4722,0,0,573,0.1,4722,0.0,0.0,0.0,0.033202573760260125,0.033202573760260146,41.0,0.2083361836319904,0.0917183326288402,0.12151368187260163,0.03944821615564919,4722,0.0,0.0,0.0,0.033202573760260125,0.033202573760260146,41.0,,,,,4722,0.0,0.0019059720457433292,0.0019059720457433292,0.033202573760260125,0.033202573760260146,41.0,,,,,4722,0.0,0.0,0.0,0.033202573760260125,0.033202573760260146,41.0,0.0938487986813471,0.08547404866255696,0.10692207568380399,0.03615446854478415
197f8a5a,6310,4704,2,573,0.1,6310,0.0,0.0,0.0,0.033202573760260125,0.033202573760260146,41.0,0.3003100161811408,0.09171833263122271,0.2752806409514132,0.04155771019758116,6310,0.0,0.0,0.0,0.033202573760260125,0.033202573760260146,41.0,,,,,6310,0.0,0.0022187004754358162,0.0022187004754358162,0.033202573760260125,0.033202573760260146,41.0,,,,,6310,0.0,0.0,0.0,0.033202573760260125,0.033202573760260146,41.0,0.09882888955828192,0.08547404866073505,0.12151368187260163,0.03633027712033805
19871e7f,5293,3461,1,573,0.1,5293,0.0,0.0003778575477045154,0.0003778575477045154,0.033202573760260125,0.033202573760260146,41.0,0.15733058237923978,0.08446344624640982,0.1047998432919352,0.038021179349611196,5293,0.0,0.0,0.0,0.033202573760260125,0.033202573760260146,41.0,,,,,5293,0.0,0.005101076894010958,0.005101076894010958,0.033202573760260125,0.033202573760260146,41.0,,,,,5293,0.0,0.0,0.0,0.03320257376026012,0.033202573760260146,41.0,0.09988040235986136,0.08446344624640982,0.09489264605085444,0.036489958688652194
198a5607,6251,0,0,573,0.1,6251,0.0,0.0,0.0,0.033202573760260125,0.033202573760260146,41.0,0.23514259834070322,0.09339029447109368,0.12151368187598566,0.040096673088539946,6251,0.0,0.0,0.0,0.03320257376026012,0.033202573760260146,41.0,,,,,6251,0.0,0.006558950567909135,0.006558950567909135,0.03320257376026012,0.033202573760260146,41.0,,,,,6251,0.0,0.0,0.0,0.03320257376026012,0.033202573760260146,41.0,0.10168651212191175,0.09171833263122271,0.11861624795430567,0.03631181426821604
19fb4f7b,5620,1005,1,573,0.1,5620,0.0,0.0,0.0,0.03320257376026012,0.033202573760260146,41.0,0.21959794761761467,0.09339029447323345,0.11861624795758453,0.03952166213159067,5620,0.0,0.0,0.0,0.03320257376026012,0.033202573760260146,41.0,,,,,5620,0.0,0.0030249110320284696,0.0030249110320284696,0.03320257376026012,0.033202573760260146,41.0,,,,,5620,0.0,0.0,0.0,0.03320257376026012,0.033202573760260146,41.0,0.11069053334164478,0.09339029447109368,0.10692207568380399,0.03649661571114183
1a518997,4606,0,0,573,0.1,4606,0.0,0.0,0.0,0.03320257376026013,0.033202573760260146,41.0,0.18677293880696116,0.08547404866255696,0.10692207568101458,0.038828326520649215,4606,0.0,0.0,0.0,0.03320257376026013,0.033202573760260146,41.0,,,,,4606,0.0,0.0,0.0,0.03320257376026013,0.033202573760260146,41.0,,,,,4606,0.0,0.0,0.0,0.03320257376026013,0.033202573760260146,41.0,0.0993499596526564,0.08547404866238331,0.10479984329504516,0.036428895065506436
1a68190b,4474,2155,1,573,0.1,4474,0.0,0.00022351363433169424,0.00022351363433169424,0.03320257376026013,0.033202573760260146,41.0,0.2394618143849979,0.08547404866073505,0.1347340245501754,0.04017139333868863,4474,0.0,0.0,0.0,0.033202573760260125,0.033202573760260146,41.0,,,,,4474,0.0,0.000894054537326777,0.000894054537326777,0.03320257376026013,0.033202573760260146,41.0,,,,,4474,0.0,0.0,0.0,0.03320257376026012,0.033202573760260146,41.0,0.10853023256154054,0.08446344624640982,0.11861624795758466,0.036644861003655
1a730ac2,4605,0,0,573,0.1,4605,0.0,0.00043431053203040176,0.00043431053203040176,0.03320257376026013,0.03320257376026015,41.0,0.2296350262195629,0.09339029447109269,0.1385804819077512,0.039567084520080086,4605,0.0,0.0,0.0,0.03320257376026013,0.03320257376026015,41.0,,,,,4605,0.0,0.002171552660152009,0.002171552660152009,0.03320257376026013,0.03320257376026015,41.0,,,,,4605,0.0,0.0,0.0,0.03320257376026012,0.033202573760260146,41.0,0.10244669563081915,0.09339029447109269,0.12151368187598553,0.03622624278939708
1aaf1da0,4804,357,2,573,0.1,4804,0.0,0.0,0.0,0.03320257376026012,0.033202573760260146,41.0,0.22117958588793946,0.10245248944748911,0.1347340245501759,0.03941559502622567,4804,0.0,0.0,0.0,0.03320257376026012,0.033202573760260146,41.0,,,,,4804,0.0,0.0,0.0,0.03320257376026012,0.033202573760260146,41.0,,,,,4804,0.0,0.0,0.0,0.03320257376026012,0.033202573760260146,41.0,0.11428873142093245,0.09489264605059552,0.12151368187598566,0.03634010646384798
1b08ed48,5618,0,0,573,0.1,5618,0.0,0.0,0.0,0.033202573760260125,0.033202573760260146,41.0,0.18451641521519516,0.08446344624621532,0.1069220756806485,0.03907073862919137,5618,0.0,0.0,0.0,0.033202573760260125,0.033202573760260146,41.0,,,,,5618,0.0,0.000711997152011392,0.000711997152011392,0.033202573760260125,0.033202573760260146,41.0,,,,,5618,0.0,0.0,0.0,0.033202573760260125,0.033202573760260146,41.0,0.08975947852324558,0.08446344624462622,0.1047998432919352,0.03637369970283285
1b1c5372,4261,2159,1,573,0.1,4261,0.0,0.0,0.0,0.03320257376026012,0.03320257376026015,41.0,0.28204945413992766,0.09339029447352161,0.15302664551007053,0.04123902626185932,4261,0.0,0.0,0.0,0.03320257376026012,0.033202573760260146,41.0,,,,,4261,0.0,0.0032856137057028865,0.0032856137057028865,0.03320257376026012,0.033202573760260146,41.0,,,,,4261,0.0,0.0,0.0,0.03320257376026012,0.033202573760260146,41.0,0.1128522863157517,0.09339029447109269,0.1347340245501754,0.03649887177996876
1b1eba53,4655,4263,1,573,0.1,4655,0.0,0.0,0.0,0.03320257376026013,0.03320257376026015,41.0,0.3586591531350671,0.09171833263122259,0.32910087647007974,0.043326173094087664,4655,0.0,0.0,0.0,0.03320257376026013,0.03320257376026015,41.0,,,,,4655,0.0,0.01783029001074114,0.01783029001074114,0.03320257376026013,0.03320257376026015,41.0,,,,,4655,0.0,0.0,0.0,0.03320257376026013,0.033202573760260146,41.0,0.13182178018824006,0.08446344624640982,0.1347340245501754,0.03725568011819521
1b6ba517,6597,1023,1,573,0.1,6597,0.0,0.0,0.0,0.03320257376026012,0.033202573760260146,41.0,0.18694373317687069,0.09171833263122271,0.11861624795430567,0.038877946281974655,6597,0.0,0.0,0.0,0.03320257376026012,0.033202573760260146,41.0,,,,,6597,0.0,0.0025769289070789753,0.0025769289070789753,0.03320257376026012,0.033202573760260146,41.0,,,,,6597,0.0,0.0,0.0,0.03320257376026012,0.033202573760260146,41.0,0.0959140220866726,0.09171833263122271,0.10692207568380399,0.03625614101181607
1b82b665,3806,2028,1,573,0.1,3806,0.0,0.0,0.0,0.03320257376026012,0.033202573760260146,41.0,0.22517461201810562,0.09339029447352161,0.1215136818720999,0.039719544408308556,3806,0.0,0.0,0.0,0.03320257376026012,0.033202573760260146,41.0,,,,,3806,0.0,0.0007882291119285339,0.0007882291119285339,0.03320257376026012,0.033202573760260146,41.0,,,,,3806,0.0,0.0,0.0,0.03320257376026012,0.033202573760260146,41.0,0.10026397567897928,0.09339029447109269,0.11861624795375278,0.03613469659584264
1bcb2fcf,4524,590,1,573,0.1,4524,0.0,0.0,0.0,0.033202573760260125,0.033202573760260146,41.0,0.22169099096960207,0.08446344624640982,0.11861624795758453,0.03999459189278456,4524,0.0,0.0,0.0,0.03320257376026012,0.033202573760260146,41.0,,,,,4524,0.0,0.0,0.0,0.03320257376026012,0.033202573760260146,41.0,,,,,4524,0.0,0.0,0.0,0.03320257376026012,0.033202573760260146,41.0,0.10527030316464972,0.08446344624640982,0.11861624795375265,0.036660337116853424
1beca81d,5036,1357,4,573,0.1,5036,0.0,0.00019857029388403494,0.00019857029388403494,0.03320257376026013,0.033202573760260146,41.0,0.2840765387882137,0.08446344624640982,0.12151368187598553,0.042000075056549374,5036,0.0,0.0,0.0,0.03320257376026013,0.033202573760260146,41.0,,,,,5036,0.0,0.0011914217633042098,0.0011914217633042098,0.03320257376026013,0.033202573760260146,41.0,,,,,5036,0.0,0.0,0.0,0.03320257376026013,0.033202573760260146,41.0,0.09432059016466407,0.08446344624462622,0.10479984329504516,0.036476786066537134
1d3fbf02,2694,2078,1,573,0.1,2694,0.0,0.0,0.0,0.03320257376026012,0.033202573760260146,41.0,0.20890950486162,0.07868061948121687,0.11861624795430567,0.03989269092937224,2694,0.0,0.0,0.0,0.03320257376026012,0.033202573760260146,41.0,,,,,2694,0.0,0.0003711952487008166,0.0003711952487008166,0.03320257376026013,0.033202573760260146,41.0,,,,,2694,0.0,0.0,0.0,0.03320257376026012,0.033202573760260146,41.0,0.085848481845122,0.07868061948121687,0.10692207568380399,0.03635751261068826
1d78281a,4949,2175,1,573,0.1,4949,0.0,0.0,0.0,0.03320257376026013,0.033202573760260146,41.0,0.21529388597875196,0.08547404866238331,0.1215136818720999,0.03967357875222335,4949,0.0,0.0,0.0,0.03320257376026013,0.033202573760260146,41.0,,,,,4949,0.0,0.00020206102242877348,0.00020206102242877348,0.03320257376026013,0.033202573760260146,41.0,,,,,4949,0.0,0.0,0.0,0.03320257376026013,0.033202573760260146,41.0,0.1124433554598808,0.08547404866238331,0.11861624795375278,0.03681900583870681
1e30dedf,4071,634,1,573,0.10000000000130968,4071,0.0,0.00024563989191844754,0.00024563989191844754,0.033202573760260146,0.033202573760260146,41.0,0.24647095119161472,0.13055730139165994,0.18756645544585443,0.03836172846572369,4071,0.0,0.0,0.0,0.033202573760260146,0.033202573760260146,41.0,,,,,4071,0.0,0.0024563989191844758,0.0024563989191844758,0.033202573760260146,0.033202573760260146,41.0,,,,,4071,0.0,0.0,0.0,0.033202573760260146,0.033202573760260146,41.0,0.13388768603790718,0.13055730139165994,0.17336444338460183,0.03568268924877519
1e5e3573,5480,467,1,573,0.1,5480,0.0,0.0005474452554744526,0.0005474452554744526,0.03320257376026013,0.033202573760260146,41.0,0.27347267321926133,0.0832799218001501,0.16671755767690954,0.04151502141632118,5480,0.0,0.0,0.0,0.03320257376026013,0.033202573760260146,41.0,,,,,5480,0.0,0.0020072992700729928,0.0020072992700729928,0.03320257376026013,0.033202573760260146,41.0,,,,,5480,0.0,0.0,0.0,0.03320257376026013,0.033202573760260146,41.0,0.09507222838544761,0.07806582436771739,0.10692207568064777,0.03661796201941516
1f9afacb,5328,0,0,573,0.1,5328,0.0,0.00037537537537537537,0.00037537537537537537,0.03320257376026013,0.033202573760260146,41.0,0.14610266533508928,0.08446344624621532,0.09489264605059552,0.03813973830199143,5328,0.0,0.0,0.0,0.03320257376026013,0.033202573760260146,41.0,,,,,5328,0.0,0.0005630630630630631,0.0005630630630630631,0.03320257376026013,0.033202573760260146,41.0,,,,,5328,0.0,0.0,0.0,0.03320257376026013,0.033202573760260146,41.0,0.0878482785744215,0.08446344624621532,0.09489264604838514,0.03639201218034513
1fdbba44,4911,3057,3,573,0.1,4911,0.0,0.0010181225819588678,0.0010181225819588678,0.03320257376026012,0.033202573760260146,41.0,0.25214370640464046,0.10479984329504503,0.1981475202552068,0.039408930276847436,4911,0.0,0.0,0.0,0.03320257376026012,0.033202573760260146,41.0,,,,,4911,0.0,0.0028507432294848298,0.0028507432294848298,0.03320257376026012,0.033202573760260146,41.0,,,,,4911,0.0,0.0,0.0,0.03320257376026012,0.033202573760260146,41.0,0.1391611076352109,0.10479984329234181,0.1580021456923377,0.03657655232452654
1fee2b62,4641,2532,1,573,0.1,4641,0.0,0.0,0.0,0.033202573760260125,0.033202573760260146,41.0,0.23313407717937726,0.08547404866238331,0.12151368187260163,0.04033064485663778,4641,0.0,0.0,0.0,0.033202573760260125,0.033202573760260146,41.0,,,,,4641,0.0,0.00043094160741219563,0.00043094160741219563,0.033202573760260125,0.033202573760260146,41.0,,,,,4641,0.0,0.0,0.0,0.03320257376026012,0.033202573760260146,41.0,0.09221203174466798,0.08446344624640982,0.10692207568380399,0.036284242291291714
20096916,5133,0,0,573,0.1,5133,0.0,0.0001948178453146308,0.0001948178453146308,0.033202573760260125,0.033202573760260146,41.0,0.256132129400009,0.08446344624640982,0.1347340245501759,0.04095123624050104,5133,0.0,0.0,0.0,0.033202573760260125,0.033202573760260146,41.0,,,,,5133,0.0,0.0005844535359438924,0.0005844535359438924,0.033202573760260125,0.033202573760260146,41.0,,,,,5133,0.0,0.0,0.0,0.03320257376026012,0.033202573760260146,41.0,0.09506369755545774,0.08446344624621532,0.11543742972143416,0.03638047759826266
200d233d,3926,497,1,573,0.1,3926,0.0,0.00025471217524197657,0.00025471217524197657,0.03320257376026013,0.033202573760260146,41.0,0.19938467932416265,0.08446344624462622,0.12151368187598553,0.03935338464859517,3926,0.0,0.0,0.0,0.03320257376026013,0.033202573760260146,41.0,,,,,3926,0.0,0.0025471217524197657,0.0025471217524197657,0.03320257376026013,0.033202573760260146,41.0,,,,,3926,0.0,0.0,0.0,0.03320257376026013,0.033202573760260146,41.0,0.11066130241122395,0.08333162176026289,0.11861624795375278,0.03695491207258167
201661b5,5955,555,1,573,0.1,5955,0.0,0.0,0.0,0.033202573760260125,0.033202573760260146,41.0,0.28647194006511073,0.09339029447109368,0.27528064095056903,0.0406316033663361,5955,0.0,0.0,0.0,0.033202573760260125,0.033202573760260146,41.0,,,,,5955,0.0,0.001343408900083963,0.001343408900083963,0.033202573760260125,0.033202573760260146,41.0,,,,,5955,0.0,0.0,0.0,0.03320257376026012,0.033202573760260146,41.0,0.1359027277789788,0.08547404866238331,0.15302664551007067,0.03730907681756216
203721ab,5730,0,0,573,0.1,5730,0.0,0.0,0.0,0.03320257376026013,0.033202573760260146,41.0,0.2179964298498702,0.07868061948011486,0.10921417872201597,0.040414375461767876,5730,0.0,0.0,0.0,0.03320257376026013,0.033202573760260146,41.0,,,,,5730,0.0,0.0006980802792321117,0.0006980802792321117,0.03320257376026013,0.033202573760260146,41.0,,,,,5730,0.0,0.0,0.0,0.03320257376026013,0.033202573760260146,41.0,0.09503224692501412,0.07806582436771739,0.09489264605059552,0.03681700477107222
20402d71,6372,783,2,573,0.1,6372,0.0,0.0,0.0,0.033202573760260125,0.033202573760260146,41.0,0.231788667339665,0.07806582436759843,0.11861624795375265,0.04085608437846054,6372,0.0,0.0,0.0,0.03320257376026012,0.033202573760260146,41.0,,,,,6372,0.0,0.0018832391713747645,0.0018832391713747645,0.03320257376026012,0.033202573760260146,41.0,,,,,6372,0.0,0.0,0.0,0.03320257376026012,0.033202573760260146,41.0,0.12875822999576542,0.07771628673433151,0.1047998432919352,0.037932146769838804
2043abc5,6958,6666,1,573,0.1,6958,0.0,0.00014371945961483184,0.00014371945961483184,0.033202573760260125,0.033202573760260146,41.0,0.2888041548833686,0.09339029447352161,0.1385804819077512,0.04153961973395991,6958,0.0,0.0,0.0,0.033202573760260125,0.033202573760260146,41.0,,,,,6958,0.0,0.004886461626904283,0.004886461626904283,0.033202573760260125,0.033202573760260146,41.0,,,,,6958,0.0,0.0,0.0,0.033202573760260125,0.033202573760260146,41.0,0.09727171089069447,0.09339029447109368,0.12151368187209978,0.036081101892162314
204cc64b,4805,0,0,573,0.1,4805,0.0,0.0,0.0,0.033202573760260125,0.033202573760260146,41.0,0.25392428020800406,0.09171833263122271,0.13858048190708236,0.04058349660080083,4805,0.0,0.0,0.0,0.033202573760260125,0.033202573760260146,41.0,,,,,4805,0.0,0.002497398543184183,0.002497398543184183,0.033202573760260125,0.033202573760260146,41.0,,,,,4805,0.0,0.0,0.0,0.033202573760260125,0.033202573760260146,41.0,0.09327332129930148,0.09171833262916085,0.11861624795430567,0.03609366808761075
206b6193,6535,2705,1,573,0.1,6535,0.0,0.0,0.0,0.033202573760260125,0.033202573760260146,41.0,0.20789946314385702,0.09339029447352161,0.1385804819077512,0.0387770415606894,6535,0.0,0.0,0.0,0.033202573760260125,0.033202573760260146,41.0,,,,,6535,0.0,0.000918133129303749,0.000918133129303749,0.033202573760260125,0.033202573760260146,41.0,,,,,6535,0.0,0.0,0.0,0.03320257376026012,0.033202573760260146,41.0,0.12680703784032477,0.09339029447352161,0.12151368187260163,0.036859439844147114
2075c696,3188,0,0,573,0.1,3188,0.0,0.0,0.0,0.03320257376026013,0.033202573760260146,41.0,0.23587873932406841,0.09339029447352161,0.16671755767567226,0.039266710204761635,3188,0.0,0.0,0.0,0.033202573760260125,0.033202573760260146,41.0,,,,,3188,0.0,0.0009410288582183187,0.0009410288582183187,0.033202573760260125,0.033202573760260146,41.0,,,,,3188,0.0,0.0,0.0,0.033202573760260125,0.033202573760260146,41.0,0.1073726252452558,0.09339029447352161,0.1347340245501754,0.03611857370401928
22c5f93f,5172,1094,2,573,0.1,5172,0.0,0.0,0.0,0.033202573760260125,0.033202573760260146,41.0,0.23657224812151226,0.08446344624640982,0.12151368187598566,0.040370381641561745,5172,0.0,0.0,0.0,0.033202573760260125,0.033202573760260146,41.0,,,,,5172,0.0,0.0021268368136117557,0.0021268368136117557,0.033202573760260125,0.033202573760260146,41.0,,,,,5172,0.0,0.0,0.0,0.033202573760260125,0.033202573760260146,41.0,0.09701059386305863,0.08446344624621532,0.10692207568380399,0.036450182121451215
230eaaa3,4690,324,1,573,0.1,4690,0.0,0.0,0.0,0.033202573760260125,0.03320257376026015,41.0,0.29850482310329396,0.09489264604838503,0.2796408977937098,0.040898400917170404,4690,0.0,0.0,0.0,0.03320257376026012,0.033202573760260146,41.0,,,,,4690,0.0,0.0008528784648187633,0.0008528784648187633,0.03320257376026012,0.033202573760260146,41.0,,,,,4690,0.0,0.0,0.0,0.03320257376026012,0.033202573760260146,41.0,0.10678598431562386,0.09339029447109269,0.13858048191174224,0.03619391105032411
2364716c,4316,0,0,573,0.1,4316,0.0,0.0,0.0,0.03320257376026012,0.03320257376026015,41.0,0.23810853579645205,0.10479984329193508,0.13858048191174224,0.03943525247668143,4316,0.0,0.0,0.0,0.03320257376026012,0.033202573760260146,41.0,,,,,4316,0.0,0.0016218721037998146,0.0016218721037998146,0.03320257376026012,0.033202573760260146,41.0,,,,,4316,0.0,0.0,0.0,0.03320257376026012,0.033202573760260146,41.0,0.10865219470184155,0.10245248944793707,0.1347340245501754,0.03602621351918958
23b9beb0,7340,0,0,573,0.1,7340,0.0,0.0,0.0,0.03320257376026013,0.033202573760260146,41.0,0.17424477247512024,0.08446344624640982,0.1215136818720999,0.038471653578585494,7340,0.0,0.0,0.0,0.03320257376026013,0.033202573760260146,41.0,,,,,7340,0.0,0.0032697547683923707,0.0032697547683923707,0.03320257376026013,0.033202573760260146,41.0,,,,,7340,0.0,0.0,0.0,0.03320257376026013,0.033202573760260146,41.0,0.1011830625806752,0.08446344624640982,0.10692207568380399,0.03646233807028136
24d8997e,3442,0,0,573,0.1,3442,0.0,0.0,0.0,0.033202573760260125,0.033202573760260146,41.0,0.24041676964664635,0.08446344624640982,0.13473402454944558,0.040480434841474726,3442,0.0,0.0,0.0,0.033202573760260125,0.033202573760260146,41.0,,,,,3442,0.0,0.0,0.0,0.033202573760260125,0.033202573760260146,41.0,,,,,3442,0.0,0.0,0.0,0.033202573760260125,0.033202573760260146,41.0,0.1266134021825068,0.08446344624621532,0.11861624795430567,0.03729694249647969
25050f63,6124,0,0,573,0.1,6124,0.0,0.0,0.0,0.03320257376026013,0.033202573760260146,41.0,0.23029942941986117,0.08446344624462622,0.12151368187209978,0.04027930558528605,6124,0.0,0.0,0.0,0.03320257376026013,0.033202573760260146,41.0,,,,,6124,0.0,0.007184846505551927,0.007184846505551927,0.03320257376026013,0.033202573760260146,41.0,,,,,6124,0.0,0.0,0.0,0.03320257376026013,0.033202573760260146,41.0,0.1237989257970199,0.08446344624462622,0.10479984329234181,0.03745080130564538
25939962,4319,0,0,573,0.1,4319,0.0,0.00023153507756425097,0.00023153507756425097,0.033202573760260125,0.033202573760260146,41.0,0.2465677703278181,0.08547404866238331,0.1580021456923377,0.04045722179411118,4319,0.0,0.0,0.0,0.033202573760260125,0.033202573760260146,41.0,,,,,4319,0.0,0.0009261403102570039,0.0009261403102570039,0.033202573760260125,0.033202573760260146,41.0,,,,,4319,0.0,0.0,0.0,0.033202573760260125,0.033202573760260146,41.0,0.1002794253688276,0.08446344624640982,0.13858048190708236,0.03630029703145042
25fd32b3,2885,0,0,573,0.1,2885,0.0,0.0,0.0,0.03320257376026013,0.033202573760260146,41.0,0.1627048150047825,0.07736674910098375,0.09339029447352161,0.03907045872959263,2885,0.0,0.0,0.0,0.03320257376026013,0.033202573760260146,41.0,,,,,2885,0.0,0.0006932409012131716,0.0006932409012131716,0.03320257376026013,0.033202573760260146,41.0,,,,,2885,0.0,0.0,0.0,0.03320257376026013,0.033202573760260146,41.0,0.10782444445508126,0.074501708092126,0.09171833263122259,0.03745855607786648
261785ee,3646,776,1,573,0.1,3646,0.0,0.0,0.0,0.03320257376026012,0.033202573760260146,41.0,0.2689517398930126,0.1047998432919352,0.17964052936753258,0.03994477874884966,3646,0.0,0.0,0.0,0.03320257376026012,0.033202573760260146,41.0,,,,,3646,0.0,0.0021941854086670325,0.0021941854086670325,0.03320257376026012,0.033202573760260146,41.0,,,,,3646,0.0,0.0,0.0,0.03320257376026012,0.033202573760260146,41.0,0.12245210012937104,0.10245248945054529,0.13858048191174224,0.03632705456204114
264feceb,5665,0,0,573,0.1,5665,0.0,0.0,0.0,0.033202573760260125,0.033202573760260146,41.0,0.1998019979948652,0.09171833263122271,0.1347340245501759,0.03892142368877528,5665,0.0,0.0,0.0,0.033202573760260125,0.033202573760260146,41.0,,,,,5665,0.0,0.00264783759929391,0.00264783759929391,0.033202573760260125,0.033202573760260146,41.0,,,,,5665,0.0,0.0,0.0,0.033202573760260125,0.033202573760260146,41.0,0.12257332324605451,0.0917183326288402,0.13473402454944558,0.03681679744138607
26623a50,5735,2244,1,573,0.10000000000130968,5735,0.0,0.0,0.0,0.03320257376026013,0.03320257376026015,41.0,0.22544136908379367,0.10245248945146361,0.17336444338460183,0.03892439585181539,5735,0.0,0.0,0.0,0.03320257376026013,0.03320257376026015,41.0,,,,,5735,0.0,0.0019180470793374019,0.0019180470793374019,0.03320257376026013,0.03320257376026015,41.0,,,,,5735,0.0,0.0,0.0,0.03320257376026013,0.03320257376026015,41.0,0.11489614480849504,0.10245248944885539,0.15302664551075326,0.03612872692255478
26d3a96a,4721,0,0,573,0.10999999999970897,4721,0.0,0.0,0.0,0.033222561898007374,0.03325810544720126,41.0,0.23383586074144855,0.10170376959989806,0.15809434417620738,0.03848230404058453,4721,0.0,0.0,0.0,0.033222561898007374,0.03325810544720126,41.0,,,,,4721,0.0,0.0021181952976064393,0.0021181952976064393,0.033222561898007374,0.03325810544720126,41.0,,,,,4721,0.0,0.0,0.0,0.033222561898007374,0.03325810544720126,41.0,0.11642357377179988,0.09949628924472638,0.1360155150695989,0.03514978087676685
272abef3,4135,221,1,573,0.1,4135,0.0,0.0,0.0,0.03320257376026013,0.033202573760260146,41.0,0.23819931618298953,0.09171833262884009,0.15302664551007053,0.04000452950838399,4135,0.0,0.0,0.0,0.033202573760260125,0.033202573760260146,41.0,,,,,4135,0.0,0.002660217654171705,0.002660217654171705,0.03320257376026013,0.033202573760260146,41.0,,,,,4135,0.0,0.0,0.0,0.033202573760260125,0.033202573760260146,41.0,0.13596862825345774,0.08547404866255696,0.13858048190708247,0.037285989826716465
27300fd5,5467,2204,4,573,0.1,5467,0.0,0.0,0.0,0.03320257376026012,0.033202573760260146,41.0,0.2507861358077428,0.09339029447352161,0.1580021456923377,0.04012874114432502,5467,0.0,0.0,0.0,0.03320257376026012,0.033202573760260146,41.0,,,,,5467,0.0,0.004207060545088714,0.004207060545088714,0.03320257376026012,0.033202573760260146,41.0,,,,,5467,0.0,0.0,0.0,0.03320257376026012,0.033202573760260146,41.0,0.17232888752020725,0.09339029447352161,0.15302664550913098,0.03936571688846201
276b012a,4837,3543,3,573,0.1,4837,0.0,0.0,0.0,0.03320257376026013,0.036814066070107766,41.0,0.29035367026832476,0.07868061948121687,0.28645777985359955,0.040628827140561916,4837,0.0,0.0,0.0,0.03320257376026013,0.03409449017329695,41.0,,,,,4837,0.0,0.0008269588587967748,0.0008269588587967748,0.03320257376026013,0.03409449017362277,41.0,,,,,4837,0.0,0.0,0.0,0.03320257376026013,0.03320257376026015,41.0,0.11954005768553476,0.07806582436759832,0.1956394639565836,0.036901440415718884
27c3155b,4958,1330,1,573,0.1,4958,0.0,0.0,0.0,0.03320257376026013,0.033202573760260146,41.0,0.21001695074310822,0.07868061948121687,0.10692207568380399,0.040180089087405876,4958,0.0,0.0,0.0,0.03320257376026013,0.033202573760260146,41.0,,,,,4958,0.0,0.0034288019362646227,0.0034288019362646227,0.03320257376026013,0.033202573760260146,41.0,,,,,4958,0.0,0.0,0.0,0.03320257376026012,0.033202573760260146,41.0,0.09856430450592615,0.07806582436759843,0.10479984329193508,0.036890204494713856
27ebb9b9,5766,168,1,573,0.1,5766,0.0,0.0,0.0,0.03320257376026013,0.033202573760260146,41.0,0.260965320879865,0.07868061948121687,0.1733644433841373,0.04064293728918916,5766,0.0,0.0,0.0,0.03320257376026013,0.033202573760260146,41.0,,,,,5766,0.0,0.0005202913631633715,0.0005202913631633715,0.03320257376026013,0.033202573760260146,41.0,,,,,5766,0.0,0.0,0.0,0.03320257376026013,0.033202573760260146,41.0,0.10431895431414939,0.07806582436759843,0.14768831657557394,0.0365602470013996
283269ac,2626,0,0,573,0.1,2626,0.0,0.0,0.0,0.033202573760260125,0.033202573760260146,41.0,0.14097957303189107,0.0917183326288402,0.1069220756806485,0.0376203717547477,2626,0.0,0.0,0.0,0.033202573760260125,0.033202573760260146,41.0,,,,,2626,0.0,0.0003808073115003808,0.0003808073115003808,0.033202573760260125,0.033202573760260146,41.0,,,,,2626,0.0,0.0,0.0,0.033202573760260125,0.033202573760260146,41.0,0.09168430429339453,0.0917183326288402,0.10479984329504503,0.03619730703753379
28473855,4290,0,0,573,0.1,4290,0.0,0.0,0.0,0.033202573760260125,0.033202573760260146,41.0,0.2189294450141533,0.08547404866073505,0.12151368187260163,0.03975454717495968,4290,0.0,0.0,0.0,0.033202573760260125,0.033202573760260146,41.0,,,,,4290,0.0,0.004428904428904429,0.004428904428904429,0.033202573760260125,0.033202573760260146,41.0,,,,,4290,0.0,0.0,0.0,0.033202573760260125,0.033202573760260146,41.0,0.10385470210404207,0.08446344624640982,0.10479984329504503,0.036607866088101355
28f4eda9,5266,0,0,573,0.1,5266,0.0,0.00018989745537409798,0.00018989745537409798,0.03320257376026013,0.033202573760260146,41.0,0.1974124919774479,0.07806582436759843,0.09339029447352161,0.040050140040673206,5266,0.0,0.0,0.0,0.03320257376026013,0.033202573760260146,41.0,,,,,5266,0.0,0.0009494872768704899,0.0009494872768704899,0.03320257376026013,0.033202573760260146,41.0,,,,,5266,0.0,0.0,0.0,0.03320257376026013,0.033202573760260146,41.0,0.0986647289827286,0.07806582436759843,0.08547404866255696,0.03708761034670666
29b24409,5587,0,0,573,0.1,5587,0.0,0.0,0.0,0.033202573760260125,0.033202573760260146,41.0,0.19292888308786366,0.08547404866238331,0.11861624795375265,0.039152949447047294,5587,0.0,0.0,0.0,0.033202573760260125,0.033202573760260146,41.0,,,,,5587,0.0,0.0017898693395382137,0.0017898693395382137,0.033202573760260125,0.033202573760260146,41.0,,,,,5587,0.0,0.0,0.0,0.03320257376026012,0.033202573760260146,41.0,0.09480859597366402,0.08547404866073505,0.10692207568101446,0.03628748027195798
29de15c8,3431,1327,1,573,0.1,3431,0.0,0.0008743806470416788,0.0008743806470416788,0.03320257376026013,0.033202573760260146,41.0,0.17247088292820129,0.08446344624462622,0.10479984329504503,0.03884040639273314,3431,0.0,0.0,0.0,0.03320257376026013,0.033202573760260146,41.0,,,,,3431,0.0,0.0002914602156805596,0.0002914602156805596,0.03320257376026013,0.033202573760260146,41.0,,,,,3431,0.0,0.0,0.0,0.03320257376026013,0.033202573760260146,41.0,0.1106784857496236,0.083331621760263,0.10245248944793707,0.037149499841947355
2ab29395,1852,0,0,573,0.1,1852,0.0,0.0,0.0,0.03320257376026013,0.03320257376026013,41.0,0.17526108628558953,0.08446344624462622,0.09339029447352161,0.03916691001501027,1852,0.0,0.0,0.0,0.03320257376026013,0.03320257376026013,41.0,,,,,1852,0.0,0.0010799136069114472,0.0010799136069114472,0.03320257376026013,0.03320257376026013,41.0,,,,,1852,0.0,0.0,0.0,0.03320257376026013,0.03320257376026013,41.0,0.0838993482154751,0.08446344624462622,0.08547404866255696,0.036415783085728695
2ac7cb6b,4990,0,0,573,0.1,4990,0.0,0.0006012024048096192,0.0006012024048096192,0.033202573760260125,0.033202573760260146,41.0,0.30834189865172534,0.10479984329504503,0.376554476929693,0.04007343782332113,4990,0.0,0.0,0.0,0.033202573760260125,0.033202573760260146,41.0,,,,,4990,0.0,0.005811623246492986,0.005811623246492986,0.033202573760260125,0.033202573760260146,41.0,,,,,4990,0.0,0.0,0.0,0.033202573760260125,0.033202573760260146,41.0,0.14975015567684724,0.10479984329234181,0.17964052936753258,0.03691556282583859
2acc78d4,4266,0,0,573,0.1,4266,0.0,0.00023441162681669012,0.00023441162681669012,0.03320257376026012,0.03320257376026015,41.0,0.25184403798653576,0.09339029447109269,0.1580021456923373,0.040193543121836345,4266,0.0,0.0,0.0,0.03320257376026012,0.033202573760260146,41.0,,,,,4266,0.0,0.0016408813877168307,0.0016408813877168307,0.03320257376026012,0.033202573760260146,41.0,,,,,4266,0.0,0.0,0.0,0.03320257376026012,0.033202573760260146,41.0,0.09722193069413532,0.08547404866073505,0.12151368187598553,0.03614905372972936
2b034622,5203,1910,2,573,0.1,5203,0.0,0.0,0.0,0.033202573760260125,0.033202573760260146,41.0,0.20830027898757944,0.09171833263122271,0.12151368187209978,0.03929104893317795,5203,0.0,0.0,0.0,0.033202573760260125,0.033202573760260146,41.0,,,,,5203,0.0,0.0013453776667307323,0.0013453776667307323,0.033202573760260125,0.033202573760260146,41.0,,,,,5203,0.0,0.0,0.0,0.033202573760260125,0.033202573760260146,41.0,0.1041993208260614,0.09171833263122271,0.11861624795430567,0.03637832520090205
2b06ad65,4256,0,0,573,0.1,4256,0.0,0.00023496240601503758,0.00023496240601503758,0.03320257376026013,0.033202573760260146,41.0,0.1595463758326295,0.08446344624621532,0.1069220756806485,0.03838647303521996,4256,0.0,0.0,0.0,0.033202573760260125,0.033202573760260146,41.0,,,,,4256,0.0,0.0,0.0,0.033202573760260125,0.033202573760260146,41.0,,,,,4256,0.0,0.0,0.0,0.033202573760260125,0.033202573760260146,41.0,0.1012091479072053,0.08446344624621532,0.10479984329234181,0.03670111261787907
2b547943,3480,0,0,573,0.1,3480,0.0,0.0,0.0,0.03320257376026012,0.033202573760260146,41.0,0.2129499083367163,0.08446344624621543,0.11861624795430567,0.03977454044750348,3480,0.0,0.0,0.0,0.03320257376026012,0.033202573760260146,41.0,,,,,3480,0.0,0.002586206896551724,0.002586206896551724,0.03320257376026012,0.033202573760260146,41.0,,,,,3480,0.0,0.0,0.0,0.03320257376026012,0.033202573760260146,41.0,0.09316566884962783,0.08446344624462622,0.10692207568064777,0.03641093653451632
2be5c96a,4210,1179,2,573,0.1,4210,0.0,0.0,0.0,0.03320257376026013,0.033202573760260146,41.0,0.2307504353413351,0.09339029447109269,0.11543742972459682,0.04018505763960476,4210,0.0,0.0,0.0,0.03320257376026013,0.033202573760260146,41.0,,,,,4210,0.0,0.00047505938242280285,0.00047505938242280285,0.03320257376026013,0.033202573760260146,41.0,,,,,4210,0.0,0.0,0.0,0.03320257376026013,0.033202573760260146,41.0,0.09679872859502459,0.09171833263122259,0.10692207568064777,0.03625239610707619
2bff06cf,7624,4367,2,573,0.1,7624,0.0,0.00013116474291710389,0.00013116474291710389,0.033202573760260125,0.033202573760260146,41.0,0.26279190773568,0.1047998432919352,0.1733644433841373,0.040062697971855986,7624,0.0,0.0,0.0,0.033202573760260125,0.033202573760260146,41.0,,,,,7624,0.0,0.002229800629590766,0.002229800629590766,0.033202573760260125,0.033202573760260146,41.0,,,,,7624,0.0,0.0,0.0,0.03320257376026012,0.033202573760260146,41.0,0.11017522608716579,0.10245248945054529,0.15302664551007067,0.035976071144226636
2c0c4a4e,4790,0,0,573,0.1,4790,0.0,0.0,0.0,0.03320257376026013,0.033202573760260146,41.0,0.23616461730923347,0.09171833263122259,0.1530266455094123,0.039975121282996955,4790,0.0,0.0,0.0,0.03320257376026013,0.033202573760260146,41.0,,,,,4790,0.0,0.0010438413361169101,0.0010438413361169101,0.03320257376026013,0.033202573760260146,41.0,,,,,4790,0.0,0.0,0.0,0.03320257376026013,0.033202573760260146,41.0,0.12269587640177085,0.09171833262884009,0.13055730139094215,0.036894423961864285
2cee0cba,5500,0,0,442,0.1,5500,0.0,0.0,0.0,0.03320257376026013,0.033202573760260146,41.0,0.26088196355867205,0.08547404866255696,0.1347340245501754,0.04104537475262497,5500,0.0,0.0,0.0,0.03320257376026013,0.033202573760260146,41.0,,,,,5500,0.0,0.0001818181818181818,0.0001818181818181818,0.03320257376026013,0.033202573760260146,41.0,,,,,5500,0.0,0.0,0.0,0.03320257376026012,0.033202573760260146,41.0,0.09094405462189353,0.08446344624640982,0.11861624795375278,0.036189951892713436
2d0c268a,4550,414,1,573,0.1,4550,0.0,0.00021978021978021978,0.00021978021978021978,0.033202573760260125,0.033202573760260146,41.0,0.28524063377102454,0.09339029447109368,0.23101064968794147,0.040775926599366415,4550,0.0,0.0,0.0,0.033202573760260125,0.033202573760260146,41.0,,,,,4550,0.0,0.009230769230769232,0.009230769230769232,0.033202573760260125,0.033202573760260146,41.0,,,,,4550,0.0,0.0,0.0,0.033202573760260125,0.033202573760260146,41.0,0.10194659788183381,0.09171833262916085,0.15302664551007067,0.036129354831452284
2d179ded,7008,0,0,573,0.1,7008,0.0,0.0,0.0,0.03320257376026013,0.033202573760260146,41.0,0.20215547645601806,0.08333162175852064,0.09489264605085444,0.040002491209001755,7008,0.0,0.0,0.0,0.03320257376026013,0.033202573760260146,41.0,,,,,7008,0.0,0.0012842465753424657,0.0012842465753424657,0.03320257376026013,0.033202573760260146,41.0,,,,,7008,0.0,0.0,0.0,0.03320257376026013,0.033202573760260146,41.0,0.08715662979100648,0.07868061948121687,0.09339029447352161,0.03656471831925198
2d196986,6474,2630,2,573,0.1,6474,0.0,0.0,0.0,0.03320257376026013,0.033202573760260146,41.0,0.22501262385228513,0.08446344624462622,0.11543742972459732,0.04029522733439748,6474,0.0,0.0,0.0,0.03320257376026013,0.033202573760260146,41.0,,,,,6474,0.0,0.0009267840593141798,0.0009267840593141798,0.03320257376026013,0.033202573760260146,41.0,,,,,6474,0.0,0.0,0.0,0.03320257376026013,0.033202573760260146,41.0,0.1528066469452991,0.083331621760263,0.10479984329504503,0.03852922828018234
2d2d0c6b,5045,0,0,573,0.1,5045,0.0,0.0,0.0,0.03320257376026013,0.033202573760260146,41.0,0.16525570749366605,0.07806582436759832,0.09489264604838503,0.039063423013060115,5045,0.0,0.0,0.0,0.03320257376026013,0.033202573760260146,41.0,,,,,5045,0.0,0.002576808721506442,0.002576808721506442,0.03320257376026013,0.033202573760260146,41.0,,,,,5045,0.0,0.0,0.0,0.03320257376026013,0.033202573760260146,41.0,0.08905959059927863,0.07806582436654716,0.09339029447109269,0.03683371531933754
2d35f86d,4896,2531,1,573,0.1,4896,0.0,0.0,0.0,0.033202573760260125,0.033202573760260146,41.0,0.24709563116887434,0.10245248944793707,0.1385804819077512,0.039987939461069016,4896,0.0,0.0,0.0,0.03320257376026012,0.033202573760260146,41.0,,,,,4896,0.0,0.0026552287581699347,0.0026552287581699347,0.03320257376026012,0.033202573760260146,41.0,,,,,4896,0.0,0.0,0.0,0.03320257376026012,0.033202573760260146,41.0,0.10440388208496731,0.10245248944748911,0.13055730139094202,0.03597752230194008
2d9f6cb9,7338,0,0,573,0.1,7338,0.0,0.0,0.0,0.033202573760260125,0.033202573760260146,41.0,0.21631160978093944,0.083331621760263,0.12151368187209978,0.04004916261433232,7338,0.0,0.0,0.0,0.033202573760260125,0.033202573760260146,41.0,,,,,7338,0.0,0.002998092123194331,0.002998092123194331,0.033202573760260125,0.033202573760260146,41.0,,,,,7338,0.0,0.0,0.0,0.033202573760260125,0.033202573760260146,41.0,0.10718112246884125,0.08333162175852064,0.10692207568101446,0.03690538648780545
2ddad940,5331,1879,2,573,0.1,5331,0.0,0.00018758206715438003,0.00018758206715438003,0.03320257376026013,0.033202573760260146,41.0,0.23607909637319227,0.09171833262916072,0.1385804819077512,0.0400728928097989,5331,0.0,0.0,0.0,0.03320257376026012,0.033202573760260146,41.0,,,,,5331,0.0,0.00018758206715438003,0.00018758206715438003,0.03320257376026012,0.033202573760260146,41.0,,,,,5331,0.0,0.0,0.0,0.03320257376026012,0.033202573760260146,41.0,0.09843681633937224,0.08547404866238331,0.12151368187598553,0.036209242151128945
2e29e833,5428,0,0,573,0.1,5428,0.0,0.0,0.0,0.033202573760260125,0.033202573760260146,41.0,0.17658714151624366,0.09339029447109368,0.1069220756806485,0.03846079363856231,5428,0.0,0.0,0.0,0.033202573760260125,0.033202573760260146,41.0,,,,,5428,0.0,0.0036845983787767134,0.0036845983787767134,0.033202573760260125,0.033202573760260146,41.0,,,,,5428,0.0,0.0,0.0,0.033202573760260125,0.033202573760260146,41.0,0.10295155550480828,0.09339029447109368,0.10479984329504503,0.03633065259254994
2e43c2ea,5698,0,0,573,0.1,5698,0.0,0.0,0.0,0.03320257376026013,0.033202573760260146,41.0,0.2077077938177888,0.08446344624640982,0.12151368187260163,0.039426368185563096,5698,0.0,0.0,0.0,0.03320257376026013,0.033202573760260146,41.0,,,,,5698,0.0,0.001755001755001755,0.001755001755001755,0.03320257376026013,0.033202573760260146,41.0,,,,,5698,0.0,0.0,0.0,0.033202573760260125,0.033202573760260146,41.0,0.10277738638512834,0.08446344624640982,0.1069220756806485,0.03659011838814601
2e63d9de,4699,3428,1,573,0.1,4699,0.0,0.00021281123643328368,0.00021281123643328368,0.03320257376026013,0.033202573760260146,41.0,0.2295223208467074,0.07806582436759832,0.11861624795758466,0.04068368186768111,4699,0.0,0.0,0.0,0.03320257376026013,0.033202573760260146,41.0,,,,,4699,0.0,0.003830602255799106,0.003830602255799106,0.03320257376026013,0.033202573760260146,41.0,,,,,4699,0.0,0.0,0.0,0.03320257376026013,0.033202573760260146,41.0,0.10685869862796628,0.07806582436654716,0.1154374297208313,0.03713875396043605
2ee0235b,5556,0,0,573,0.1,5556,0.0,0.0,0.0,0.033202573760260125,0.033202573760260146,41.0,0.24412272794289797,0.09339029447352161,0.1385804819077512,0.04013523783406507,5556,0.0,0.0,0.0,0.033202573760260125,0.033202573760260146,41.0,,,,,5556,0.0,0.0021598272138228943,0.0021598272138228943,0.033202573760260125,0.033202573760260146,41.0,,,,,5556,0.0,0.0,0.0,0.033202573760260125,0.033202573760260146,41.0,0.117667661196366,0.09339029447109368,0.12151368187598566,0.036626565597610725
2f19d536,3088,0,0,573,0.1,3088,0.0,0.0003238341968911917,0.0003238341968911917,0.033202573760260125,0.033202573760260146,41.0,0.16940470949284805,0.08446344624640982,0.1069220756806485,0.038434868624112675,3088,0.0,0.0,0.0,0.033202573760260125,0.033202573760260146,41.0,,,,,3088,0.0,0.0042098445595854924,0.0042098445595854924,0.033202573760260125,0.033202573760260146,41.0,,,,,3088,0.0,0.0,0.0,0.033202573760260125,0.033202573760260146,41.0,0.09154777884653437,0.08446344624640982,0.10479984329234181,0.03620763267383812
2f8e53c3,2594,273,1,573,0.1,2594,0.0,0.0,0.0,0.03320257376026013,0.033202573760260146,41.0,0.1758117751932931,0.08333162175851969,0.0969254698671663,0.03915102243011849,2594,0.0,0.0,0.0,0.03320257376026013,0.033202573760260146,41.0,,,,,2594,0.0,0.001156515034695451,0.001156515034695451,0.03320257376026013,0.033202573760260146,41.0,,,,,2594,0.0,0.0,0.0,0.03320257376026013,0.033202573760260146,41.0,0.0855515038619925,0.07868061948121687,0.09489264604838503,0.03647351162651541
2fa01aa6,2174,0,0,573,0.1,2174,0.0,0.0,0.0,0.03320257376026012,0.033202573760260146,41.0,0.27774416843189675,0.09489264604838503,0.12151368187260163,0.04152305491510473,2174,0.0,0.0,0.0,0.03320257376026012,0.033202573760260146,41.0,,,,,2174,0.0,0.0009199632014719411,0.0009199632014719411,0.03320257376026012,0.033202573760260146,41.0,,,,,2174,0.0,0.0,0.0,0.03320257376026012,0.033202573760260146,41.0,0.11605085328858558,0.09339029447352161,0.1215136818720999,0.0368229006225712
2fd68f7b,4730,211,1,573,0.1,4730,0.0,0.00021141649048625792,0.00021141649048625792,0.03320257376026013,0.03320257376026015,41.0,0.2868597958466788,0.10479984329504516,0.36808839158466866,0.039426426308523166,4730,0.0,0.0,0.0,0.033202573760260125,0.03320257376026015,41.0,,,,,4730,0.0,0.0014799154334038055,0.0014799154334038055,0.033202573760260125,0.03320257376026015,41.0,,,,,4730,0.0,0.0,0.0,0.033202573760260125,0.03320257376026015,41.0,0.11916803513086666,0.10479984329504516,0.1733644433841373,0.03593754674097302
2fe023be,4221,0,0,573,0.1,4221,0.0,0.0,0.0,0.033202573760260125,0.033202573760260146,41.0,0.22874107713091052,0.09339029447352161,0.21979290636416138,0.03874898688790973,4221,0.0,0.0,0.0,0.033202573760260125,0.033202573760260146,41.0,,,,,4221,0.0,0.00047382136934375743,0.00047382136934375743,0.033202573760260125,0.033202573760260146,41.0,,,,,4221,0.0,0.0,0.0,0.033202573760260125,0.033202573760260146,41.0,0.11647746652641601,0.09339029447352161,0.17964052936334632,0.03638788595384303
30d75030,3404,0,0,573,0.1,3404,0.0,0.0,0.0,0.03320257376026012,0.033202573760260146,41.0,0.2827459862613677,0.1069220756806485,0.27036059461834594,0.040186676638050076,3404,0.0,0.0,0.0,0.03320257376026012,0.033202573760260146,41.0,,,,,3404,0.0,0.002056404230317274,0.002056404230317274,0.03320257376026012,0.033202573760260146,41.0,,,,,3404,0.0,0.0,0.0,0.03320257376026012,0.033202573760260146,41.0,0.13233155641436686,0.10479984329504503,0.1347340245501759,0.03647089175505082
310c71a5,5245,0,0,573,0.1,5245,0.0,0.00038131553860819826,0.00038131553860819826,0.033202573760260125,0.033202573760260146,41.0,0.2128450593172982,0.09339029447352161,0.13858048190708236,0.039063549823788256,5245,0.0,0.0,0.0,0.033202573760260125,0.033202573760260146,41.0,,,,,5245,0.0,0.0005719733079122975,0.0005719733079122975,0.033202573760260125,0.033202573760260146,41.0,,,,,5245,0.0,0.0,0.0,0.033202573760260125,0.033202573760260146,41.0,0.11681368608198178,0.09339029447323345,0.12151368187598566,0.036588049483117904
32fe84c9,6408,0,0,573,0.1,6408,0.0,0.0,0.0,0.03320257376026013,0.033202573760260146,41.0,0.25602485136082925,0.07868061948011486,0.11861624795758466,0.04152024152073978,6408,0.0,0.0,0.0,0.03320257376026013,0.033202573760260146,41.0,,,,,6408,0.0,0.001560549313358302,0.001560549313358302,0.03320257376026013,0.033202573760260146,41.0,,,,,6408,0.0,0.0,0.0,0.03320257376026013,0.033202573760260146,41.0,0.09920161788150286,0.07806582436759832,0.10245248945054516,0.03692106234358624
33c40295,4169,1574,3,573,0.1,4169,0.0,0.0,0.0,0.03320257376026012,0.033202573760260146,41.0,0.22683855900732808,0.09171833263122271,0.13473402455403982,0.03980279981311046,4169,0.0,0.0,0.0,0.03320257376026012,0.033202573760260146,41.0,,,,,4169,0.0,0.000959462700887503,0.000959462700887503,0.03320257376026012,0.033202573760260146,41.0,,,,,4169,0.0,0.0,0.0,0.03320257376026012,0.033202573760260146,41.0,0.10149253705977869,0.0917183326288402,0.12151368187260163,0.036225749065211345
3407f5bf,3638,1685,1,573,0.1,3638,0.0,0.0002748763056624519,0.0002748763056624519,0.03320257376026013,0.033202573760260146,41.0,0.29531717160811793,0.08333162176026289,0.10692207568380399,0.04293344226936591,3638,0.0,0.0,0.0,0.03320257376026013,0.033202573760260146,41.0,,,,,3638,0.0,0.003298515667949423,0.003298515667949423,0.03320257376026013,0.033202573760260146,41.0,,,,,3638,0.0,0.0,0.0,0.03320257376026013,0.033202573760260146,41.0,0.09262093936348048,0.08333162175851969,0.10479984329193508,0.03655805875089972
3417285d,5449,0,0,573,0.1,5449,0.0,0.0,0.0,0.03320257376026013,0.033202573760260146,41.0,0.1963841285724933,0.07806582436771752,0.09489264605085444,0.03996233456332414,5449,0.0,0.0,0.0,0.03320257376026013,0.033202573760260146,41.0,,,,,5449,0.0,0.0029363185905670764,0.0029363185905670764,0.03320257376026013,0.033202573760260146,41.0,,,,,5449,0.0,0.0,0.0,0.03320257376026013,0.033202573760260146,41.0,0.10961321008891564,0.07806582436759843,0.09339029447352161,0.037480050449509826
347242c8,3595,1699,1,573,0.1,3595,0.0,0.0,0.0,0.033202573760260125,0.033202573760260146,41.0,0.2384776919192065,0.09489264604838503,0.15302664551007053,0.03966444708906419,3595,0.0,0.0,0.0,0.033202573760260125,0.033202573760260146,41.0,,,,,3595,0.0,0.005563282336578581,0.005563282336578581,0.03320257376026012,0.033202573760260146,41.0,,,,,3595,0.0,0.0,0.0,0.03320257376026012,0.033202573760260146,41.0,0.10606155647871866,0.09339029447352161,0.1476883165755738,0.03604391161119934
353e5502,6062,4309,1,486,0.1,6062,0.0,0.0,0.0,0.033202573760260125,0.033202573760260146,41.0,0.22366337064213257,0.09339029447109368,0.13473402455403982,0.03959224999591622,6062,0.0,0.0,0.0,0.033202573760260125,0.033202573760260146,41.0,,,,,6062,0.0,0.003794127350709337,0.003794127350709337,0.033202573760260125,0.033202573760260146,41.0,,,,,6062,0.0,0.0,0.0,0.033202573760260125,0.033202573760260146,41.0,0.1471103516587971,0.09339029447109368,0.13473402454944558,0.037567728060339624
357c12f9,4079,0,0,573,0.1,4079,0.0,0.0,0.0,0.033202573760260125,0.033202573760260146,41.0,0.21611175027430146,0.09339029447109368,0.1347340245501759,0.0393614328541643,4079,0.0,0.0,0.0,0.033202573760260125,0.033202573760260146,41.0,,,,,4079,0.0,0.0,0.0,0.033202573760260125,0.033202573760260146,41.0,,,,,4079,0.0,0.0,0.0,0.033202573760260125,0.033202573760260146,41.0,0.10976171536258117,0.09339029447109368,0.12151368187260163,0.03644393416643361
3584a6eb,4494,0,0,573,0.1,4494,0.0,0.0,0.0,0.03320257376026013,0.033202573760260146,41.0,0.1660697149500135,0.0786806194813216,0.11543742972459732,0.038697779329184875,4494,0.0,0.0,0.0,0.03320257376026013,0.033202573760260146,41.0,,,,,4494,0.0,0.0017801513128615932,0.0017801513128615932,0.03320257376026013,0.033202573760260146,41.0,,,,,4494,0.0,0.0,0.0,0.03320257376026013,0.033202573760260146,41.0,0.10493007707127486,0.07868061948121687,0.10479984329504503,0.036948588020740324
35b30c7f,9579,0,0,573,0.1,9579,0.0,0.00020879006159306817,0.00020879006159306817,0.03320257376026013,0.033202573760260146,41.0,0.24434565566523464,0.09339029447109269,0.1476883165755738,0.04019797675202201,9579,0.0,0.0,0.0,0.03320257376026013,0.033202573760260146,41.0,,,,,9579,0.0,0.0028186658315064203,0.0028186658315064203,0.03320257376026013,0.033202573760260146,41.0,,,,,9579,0.0,0.0,0.0,0.033202573760260125,0.033202573760260146,41.0,0.10008316674830418,0.09171833263122259,0.12151368187598553,0.03621317159706904
35b3ef6a,3904,2356,1,573,0.1,3904,0.0,0.0,0.0,0.03320257376026012,0.033202573760260146,41.0,0.2717437412166435,0.11543742972143416,0.19560060870422977,0.039513911766253504,3904,0.0,0.0,0.0,0.03320257376026012,0.033202573760260146,41.0,,,,,3904,0.0,0.0030737704918032786,0.0030737704918032786,0.03320257376026012,0.033202573760260146,41.0,,,,,3904,0.0,0.0,0.0,0.03320257376026012,0.033202573760260146,41.0,0.11454560289870785,0.1154374297208308,0.13858048191174224,0.03568109497219002
367456ce,5569,0,0,573,0.1,5569,0.0,0.0001795654516071108,0.0001795654516071108,0.033202573760260125,0.03320257376026015,41.0,0.26312418914811614,0.10245248945054516,0.1733644433841373,0.03988214498554269,5569,0.0,0.0,0.0,0.03320257376026012,0.033202573760260146,41.0,,,,,5569,0.0,0.0030526126773208835,0.0030526126773208835,0.03320257376026012,0.033202573760260146,41.0,,,,,5569,0.0,0.0,0.0,0.03320257376026012,0.033202573760260146,41.0,0.11887038335672834,0.09489264605059552,0.15302664551007053,0.03619874888173316
368131f9,4991,3719,2,573,0.1,4991,0.0,0.0006010819475055099,0.0006010819475055099,0.03320257376026013,0.033202573760260146,41.0,0.2781471230067401,0.09339029447352161,0.1580021456923377,0.040891012222104305,4991,0.0,0.0,0.0,0.033202573760260125,0.033202573760260146,41.0,,,,,4991,0.0,0.004207573632538569,0.004207573632538569,0.033202573760260125,0.033202573760260146,41.0,,,,,4991,0.0,0.0,0.0,0.033202573760260125,0.033202573760260146,41.0,0.10722214725790763,0.0917183326288402,0.1385804819077512,0.036262371302842045
368fe682,4936,0,0,573,0.1,4936,0.0,0.0,0.0,0.033202573760260125,0.033202573760260146,41.0,0.22700676813221363,0.08496874745357244,0.12151368187260163,0.040127887581049994,4936,0.0,0.0,0.0,0.033202573760260125,0.033202573760260146,41.0,,,,,4936,0.0,0.0042544570502431114,0.0042544570502431114,0.033202573760260125,0.033202573760260146,41.0,,,,,4936,0.0,0.0,0.0,0.033202573760260125,0.033202573760260146,41.0,0.11263410165932296,0.08446344624640982,0.11861624795375265,0.036865911207663596
3690a146,4073,552,1,573,0.1,4073,0.0,0.0,0.0,0.03320257376026013,0.033202573760260146,41.0,0.20806150062652656,0.08333162176026289,0.11861624795758466,0.03972951131245492,4073,0.0,0.0,0.0,0.03320257376026013,0.033202573760260146,41.0,,,,,4073,0.0,0.0004910385465259023,0.0004910385465259023,0.03320257376026013,0.033202573760260146,41.0,,,,,4073,0.0,0.0,0.0,0.03320257376026013,0.033202573760260146,41.0,0.09927247142010767,0.08333162176004459,0.10692207568064777,0.03668872397052037
37344c2a,5197,3005,2,573,0.1,5197,0.0,0.0,0.0,0.03320257376026013,0.033202573760260146,41.0,0.24060346744942349,0.07736674910211587,0.1385804819077512,0.040894339043705326,5197,0.0,0.0,0.0,0.03320257376026013,0.033202573760260146,41.0,,,,,5197,0.0,0.0009620935154897056,0.0009620935154897056,0.03320257376026013,0.033202573760260146,41.0,,,,,5197,0.0,0.0,0.0,0.03320257376026012,0.033202573760260146,41.0,0.08991054672617413,0.074501708092126,0.10479984329504516,0.03672052410806984
373ef48b,3509,0,0,573,0.1,3509,0.0,0.0,0.0,0.03320257376026013,0.033202573760260146,41.0,0.22242435811933342,0.09171833263122259,0.1476883165755738,0.039500023664389,3509,0.0,0.0,0.0,0.03320257376026013,0.033202573760260146,41.0,,,,,3509,0.0,0.0005699629524080935,0.0005699629524080935,0.03320257376026013,0.033202573760260146,41.0,,,,,3509,0.0,0.0,0.0,0.03320257376026013,0.033202573760260146,41.0,0.1124103598429294,0.09171833262884009,0.1215136818720999,0.03659155293682196
374be387,9965,0,0,573,0.1,9965,0.0,0.0,0.0,0.03320257376026013,0.033202573760260146,41.0,0.22698086950677598,0.08446344624462622,0.1069220756806485,0.04049356085575481,9965,0.0,0.0,0.0,0.03320257376026013,0.033202573760260146,41.0,,,,,9965,0.0,0.0009031610637230306,0.0009031610637230306,0.03320257376026013,0.033202573760260146,41.0,,,,,9965,0.0,0.0,0.0,0.03320257376026013,0.033202573760260146,41.0,0.08775821741279254,0.083331621760263,0.09489264605085444,0.03640507718873324
37d36812,4367,675,2,573,0.1,4367,0.0,0.0002289901534234028,0.0002289901534234028,0.033202573760260125,0.033202573760260146,41.0,0.2430788061276561,0.08446344624640982,0.10692207568380399,0.04097626065362952,4367,0.0,0.0,0.0,0.033202573760260125,0.033202573760260146,41.0,,,,,4367,0.0,0.016487291046485,0.016487291046485,0.033202573760260125,0.033202573760260146,41.0,,,,,4367,0.0,0.0,0.0,0.033202573760260125,0.033202573760260146,41.0,0.10227612227629462,0.08446344624462622,0.10024168161535948,0.03680136678852388
38991fd4,4798,4360,1,573,0.1,4798,0.0,0.0,0.0,0.033202573760260125,0.033202573760260146,41.0,0.2228900936403835,0.09489264604838514,0.13473402455403982,0.039336560566337615,4798,0.0,0.0,0.0,0.033202573760260125,0.033202573760260146,41.0,,,,,4798,0.0,0.0025010421008753647,0.0025010421008753647,0.033202573760260125,0.033202573760260146,41.0,,,,,4798,0.0,0.0,0.0,0.033202573760260125,0.033202573760260146,41.0,0.10570389400935268,0.09339029447352161,0.12151368187260163,0.03613838258457119
389ae58f,6463,1040,2,573,0.1,6463,0.0,0.0004641807210273867,0.0004641807210273867,0.03320257376026013,0.033202573760260146,41.0,0.23886374866415352,0.08446344624621543,0.13473402455403943,0.040506365055998854,6463,0.0,0.0,0.0,0.03320257376026013,0.033202573760260146,41.0,,,,,6463,0.0,0.0030945381401825778,0.0030945381401825778,0.03320257376026013,0.033202573760260146,41.0,,,,,6463,0.0,0.0,0.0,0.03320257376026013,0.033202573760260146,41.0,0.09663605013513217,0.08446344624462622,0.10692207568064777,0.03651734358326067
3932faa6,5452,1021,1,573,0.1,5452,0.0,0.0,0.0,0.03320257376026013,0.033202573760260146,41.0,0.29057359393945076,0.08446344624640982,0.1981475202544922,0.04128129742105731,5452,0.0,0.0,0.0,0.03320257376026013,0.033202573760260146,41.0,,,,,5452,0.0,0.002384446074834923,0.002384446074834923,0.033202573760260125,0.033202573760260146,41.0,,,,,5452,0.0,0.0,0.0,0.03320257376026012,0.033202573760260146,41.0,0.12202651050986382,0.08446344624621532,0.14768831657557394,0.03693089913716523
398dce4b,3166,0,0,573,0.1,3166,0.0,0.0,0.0,0.033202573760260125,0.033202573760260146,41.0,0.21581415878327104,0.09339029447109368,0.13473402454944558,0.03949871970290059,3166,0.0,0.0,0.0,0.033202573760260125,0.033202573760260146,41.0,,,,,3166,0.0,0.002526847757422615,0.002526847757422615,0.033202573760260125,0.033202573760260146,41.0,,,,,3166,0.0,0.0,0.0,0.033202573760260125,0.033202573760260146,41.0,0.10482623333612479,0.09339029447109368,0.11861624795430567,0.03632895893403856
39b51819,4231,0,0,573,0.1,4231,0.0,0.0,0.0,0.033202573760260125,0.033202573760260146,41.0,0.1688276804402436,0.09339029447109368,0.11861624795430567,0.038066444029773765,4231,0.0,0.0,0.0,0.033202573760260125,0.033202573760260146,41.0,,,,,4231,0.0,0.0,0.0,0.033202573760260125,0.033202573760260146,41.0,,,,,4231,0.0,0.0,0.0,0.033202573760260125,0.033202573760260146,41.0,0.10808594399456588,0.09339029447109368,0.1154374297208308,0.03639406288526236
3a0af893,2927,1049,3,573,0.1,2927,0.0,0.0,0.0,0.03320257376026012,0.033202573760260146,41.0,0.25845104103587757,0.09339029447352161,0.12151368187598566,0.0407877190076948,2927,0.0,0.0,0.0,0.03320257376026012,0.033202573760260146,41.0,,,,,2927,0.0,0.008882815169115136,0.008882815169115136,0.03320257376026012,0.033202573760260146,41.0,,,,,2927,0.0,0.0,0.0,0.03320257376026012,0.033202573760260146,41.0,0.10097064211966414,0.09339029447109368,0.11861624795430567,0.03617368368711685
3a223519,4583,959,1,573,0.1,4583,0.0,0.0002181976871045167,0.0002181976871045167,0.03320257376026012,0.033202573760260146,41.0,0.18694819625922302,0.09339029447109269,0.10692207568101458,0.03884057046324132,4583,0.0,0.0,0.0,0.03320257376026012,0.033202573760260146,41.0,,,,,4583,0.0,0.0037093606807767836,0.0037093606807767836,0.03320257376026012,0.033202573760260146,41.0,,,,,4583,0.0,0.0,0.0,0.03320257376026012,0.033202573760260146,41.0,0.11219854739977805,0.09339029447109269,0.10692207568064777,0.036746912795109166
3a7dd95d,3072,0,0,573,0.1,3072,0.0,0.0,0.0,0.03320257376026013,0.033202573760260146,41.0,0.26768178984589486,0.08333162176026289,0.16420486587320005,0.04172375472404425,3072,0.0,0.0,0.0,0.03320257376026013,0.033202573760260146,41.0,,,,,3072,0.0,0.006510416666666667,0.006510416666666667,0.03320257376026013,0.033202573760260146,41.0,,,,,3072,0.0,0.0,0.0,0.03320257376026013,0.033202573760260146,41.0,0.09291959098769219,0.07868061948121687,0.09489264605085444,0.03667167225475784
3a824aa7,4201,2084,1,573,0.1,4201,0.0,0.0,0.0,0.033202573760260125,0.033202573760260146,41.0,0.22892937362593468,0.08446344624621532,0.10692207568380399,0.0404151335618503,4201,0.0,0.0,0.0,0.033202573760260125,0.033202573760260146,41.0,,,,,4201,0.0,0.00238038562247084,0.00238038562247084,0.033202573760260125,0.033202573760260146,41.0,,,,,4201,0.0,0.0,0.0,0.033202573760260125,0.033202573760260146,41.0,0.09267979969231178,0.08446344624462622,0.10479984329504503,0.036439082346806324
3a86fe8d,5118,0,0,573,0.1,5118,0.0,0.00019538882375928098,0.00019538882375928098,0.03320257376026013,0.033202573760260146,41.0,0.19199392480469996,0.08446344624621543,0.11621906734656258,0.03929869759200605,5118,0.0,0.0,0.0,0.03320257376026013,0.033202573760260146,41.0,,,,,5118,0.0,0.00039077764751856197,0.00039077764751856197,0.03320257376026013,0.033202573760260146,41.0,,,,,5118,0.0,0.0,0.0,0.03320257376026013,0.033202573760260146,41.0,0.10289918600024837,0.08446344624621543,0.10479984329193508,0.036729723387753876
3aaa2b30,4711,0,0,573,0.1,4711,0.0,0.0004245383145828911,0.0004245383145828911,0.033202573760260125,0.03320257376026015,41.0,0.22250829171098327,0.09489264604838503,0.1580021456923373,0.039075601341612205,4711,0.0,0.0,0.0,0.03320257376026012,0.033202573760260146,41.0,,,,,4711,0.0,0.0012736149437486733,0.0012736149437486733,0.03320257376026012,0.033202573760260146,41.0,,,,,4711,0.0,0.0,0.0,0.03320257376026012,0.033202573760260146,41.0,0.10472258112149704,0.09339029447352161,0.13473402455403943,0.03607695530298971
3ac16ad0,5649,0,0,573,0.1,5649,0.0,0.0,0.0,0.03320257376026013,0.033202573760260146,41.0,0.23279019232650386,0.07868061948132149,0.1347340245501754,0.04047912273558567,5649,0.0,0.0,0.0,0.03320257376026013,0.033202573760260146,41.0,,,,,5649,0.0,0.0035404496371039124,0.0035404496371039124,0.03320257376026013,0.033202573760260146,41.0,,,,,5649,0.0,0.0,0.0,0.03320257376026013,0.033202573760260146,41.0,0.09614211857436149,0.07868061948011486,0.10692207568380399,0.03660338261047655
3b21ea64,7376,3254,5,573,0.1,7376,0.0,0.0008134490238611713,0.0008134490238611713,0.03320257376026013,0.033202573760260146,41.0,0.22229493347260396,0.083331621760263,0.12151368187598566,0.04009077147642808,7376,0.0,0.0,0.0,0.03320257376026013,0.033202573760260146,41.0,,,,,7376,0.0,0.0025759219088937095,0.0025759219088937095,0.03320257376026013,0.033202573760260146,41.0,,,,,7376,0.0,0.0,0.0,0.03320257376026013,0.033202573760260146,41.0,0.12007757726959617,0.08333162175852064,0.10692207568380399,0.03719913868333927
3bbe1f5d,6918,0,0,573,0.1,6918,0.0,0.0,0.0,0.03320257376026013,0.033202573760260146,41.0,0.20069451272524633,0.09171833263122259,0.1347340245501754,0.03901215075410429,6918,0.0,0.0,0.0,0.03320257376026013,0.033202573760260146,41.0,,,,,6918,0.0,0.0,0.0,0.03320257376026013,0.033202573760260146,41.0,,,,,6918,0.0,0.0,0.0,0.03320257376026013,0.033202573760260146,41.0,0.11050443732488209,0.09171833262884009,0.11861624795758466,0.036593347256866166
3bfee975,3603,1047,1,573,0.1,3603,0.0,0.0,0.0,0.03320257376026013,0.033202573760260146,41.0,0.24398594784052013,0.08446344624462622,0.1347340245501754,0.040760104619545316,3603,0.0,0.0,0.0,0.03320257376026013,0.033202573760260146,41.0,,,,,3603,0.0,0.006106022758812101,0.006106022758812101,0.03320257376026013,0.033202573760260146,41.0,,,,,3603,0.0,0.0,0.0,0.03320257376026013,0.033202573760260146,41.0,0.08989991692205866,0.07868061948121687,0.11543742972143366,0.036357349934731546
3c3dbcbc,5069,0,0,573,0.1,5069,0.0,0.0003945551390806865,0.0003945551390806865,0.03320257376026013,0.033202573760260146,41.0,0.2034817710587958,0.07868061948011462,0.11543742972459732,0.039748410508223836,5069,0.0,0.0,0.0,0.03320257376026013,0.033202573760260146,41.0,,,,,5069,0.0,0.001578220556322746,0.001578220556322746,0.03320257376026013,0.033202573760260146,41.0,,,,,5069,0.0,0.0,0.0,0.03320257376026013,0.033202573760260146,41.0,0.09008617717588295,0.07806582436771752,0.10479984329504503,0.03653279777018936
3d96d897,5659,0,0,573,0.1,5659,0.0,0.0,0.0,0.03320257376026013,0.033202573760260146,41.0,0.1821464114430525,0.08547404866073505,0.1347340245501754,0.03855310523219009,5659,0.0,0.0,0.0,0.03320257376026013,0.033202573760260146,41.0,,,,,5659,0.0,0.0028273546562996997,0.0028273546562996997,0.03320257376026013,0.033202573760260146,41.0,,,,,5659,0.0,0.0,0.0,0.03320257376026013,0.033202573760260146,41.0,0.11206602922362352,0.08547404866073505,0.13055730139466698,0.03665026667183892
3df4b19e,4988,0,0,573,0.1,4988,0.0,0.0006014434643143544,0.0006014434643143544,0.03320257376026013,0.033202573760260146,41.0,0.1447211144732073,0.08446344624621532,0.1069220756806485,0.037844952240437414,4988,0.0,0.0,0.0,0.03320257376026013,0.033202573760260146,41.0,,,,,4988,0.0,0.00040096230954290296,0.00040096230954290296,0.03320257376026013,0.033202573760260146,41.0,,,,,4988,0.0,0.0,0.0,0.03320257376026013,0.033202573760260146,41.0,0.09433305510629074,0.08446344624462622,0.10479984329234181,0.03645527882434367
3e011332,2723,0,0,573,0.1,2723,0.0,0.0,0.0,0.03320257376026012,0.033202573760260146,41.0,0.38652210788976377,0.0980254161970855,0.44477538668507843,0.04258393438204181,2723,0.0,0.0,0.0,0.03320257376026012,0.033202573760260146,41.0,,,,,2723,0.0,0.0,0.0,0.03320257376026012,0.033202573760260146,41.0,,,,,2723,0.0,0.0,0.0,0.03320257376026012,0.033202573760260146,41.0,0.14931836253048075,0.09339029447352161,0.1733644433841373,0.03709186128210421
3e678ea7,6858,4776,2,573,0.1,6858,0.0,0.0,0.0,0.03320257376026013,0.033202573760260146,41.0,0.23560697077422998,0.07868061948121687,0.1347340245501754,0.04066517798850697,6858,0.0,0.0,0.0,0.03320257376026013,0.033202573760260146,41.0,,,,,6858,0.0,0.0013123359580052493,0.0013123359580052493,0.03320257376026013,0.033202573760260146,41.0,,,,,6858,0.0,0.0,0.0,0.03320257376026013,0.033202573760260146,41.0,0.08668157804711629,0.07868061948011486,0.10479984329193508,0.036407431483362694
3ef6372a,4727,0,0,573,0.1,4727,0.0,0.0,0.0,0.03320257376026013,0.033202573760260146,41.0,0.20758146891554816,0.08333162176026289,0.11861624795758466,0.03975350350634764,4727,0.0,0.0,0.0,0.03320257376026013,0.033202573760260146,41.0,,,,,4727,0.0,0.005711867992384176,0.005711867992384176,0.03320257376026013,0.033202573760260146,41.0,,,,,4727,0.0,0.0,0.0,0.03320257376026013,0.033202573760260146,41.0,0.10652245308755162,0.07868061948132149,0.10692207568064777,0.036928133236059896
3ef98781,3892,0,0,573,0.1,3892,0.0,0.0005138746145940391,0.0005138746145940391,0.03320257376026013,0.033202573760260146,41.0,0.21132904076730882,0.08446344624462622,0.10692207568380399,0.03988218028378848,3892,0.0,0.0,0.0,0.033202573760260125,0.033202573760260146,41.0,,,,,3892,0.0,0.006423432682425488,0.006423432682425488,0.033202573760260125,0.033202573760260146,41.0,,,,,3892,0.0,0.0,0.0,0.033202573760260125,0.033202573760260146,41.0,0.09553480026701297,0.08446344624462622,0.1047998432919352,0.03658299755717674
3f603129,5051,0,0,573,0.1,5051,0.0,0.0,0.0,0.033202573760260125,0.03320257376026015,41.0,0.30842513122461146,0.09489264604838503,0.32910087645955394,0.04107373784616443,5051,0.0,0.0,0.0,0.033202573760260125,0.03320257376026015,41.0,,,,,5051,0.0,0.0025737477727182734,0.0025737477727182734,0.033202573760260125,0.03320257376026015,41.0,,,,,5051,0.0,0.0,0.0,0.03320257376026012,0.033202573760260146,41.0,0.1181945140149542,0.09339029447109269,0.15302664551452716,0.03649253529645701
404c4384,911,0,0,573,0.1,911,0.0,0.0,0.0,0.033202573760260125,0.033202573760260146,41.0,0.2116453252680935,0.08446344624621532,0.10479984329504503,0.04007223081774181,911,0.0,0.0,0.0,0.033202573760260125,0.033202573760260146,41.0,,,,,911,0.0,0.003293084522502744,0.003293084522502744,0.033202573760260125,0.033202573760260146,41.0,,,,,911,0.0,0.0,0.0,0.033202573760260125,0.03320257376026014,41.0,0.0890078195281131,0.08446344624621532,0.09489264605085444,0.03634518066550918
4121c517,3723,238,1,573,0.1,3723,0.0,0.0,0.0,0.033202573760260125,0.033202573760260146,41.0,0.2952111886564892,0.09339029447352161,0.1580021456923377,0.04138455234865024,3723,0.0,0.0,0.0,0.033202573760260125,0.033202573760260146,41.0,,,,,3723,0.0,0.0013430029546065002,0.0013430029546065002,0.033202573760260125,0.033202573760260146,41.0,,,,,3723,0.0,0.0,0.0,0.033202573760260125,0.033202573760260146,41.0,0.1037675853654693,0.09171833263122271,0.13473402455403982,0.03616286906661213
41fb0192,2973,0,0,573,0.1,2973,0.0,0.0,0.0,0.03320257376026012,0.033202573760260146,41.0,0.17374004847874647,0.09339029447109269,0.11861624795430567,0.03812390498995818,2973,0.0,0.0,0.0,0.03320257376026012,0.033202573760260146,41.0,,,,,2973,0.0,0.0003363605785401951,0.0003363605785401951,0.03320257376026012,0.033202573760260146,41.0,,,,,2973,0.0,0.0,0.0,0.03320257376026012,0.033202573760260146,41.0,0.10933225757419004,0.09339029447109269,0.11543742972459682,0.03640354011551534
42669188,4282,0,0,573,0.1,4282,0.0,0.0007006071929005138,0.0007006071929005138,0.033202573760260125,0.033202573760260146,41.0,0.2778858448068532,0.10479984329234181,0.27036059461834594,0.03995084656328555,4282,0.0,0.0,0.0,0.033202573760260125,0.033202573760260146,41.0,,,,,4282,0.0,0.0028024287716020553,0.0028024287716020553,0.033202573760260125,0.033202573760260146,41.0,,,,,4282,0.0,0.0,0.0,0.03320257376026012,0.033202573760260146,41.0,0.1459106399292788,0.10245248945054529,0.15302664551007067,0.03703784314796365
42c538a1,3279,0,0,573,0.1,3279,0.0,0.0,0.0,0.03320257376026013,0.033202573760260146,41.0,0.25628470582164037,0.08446344624640982,0.13865604525401126,0.041216666042675466,3279,0.0,0.0,0.0,0.03320257376026013,0.033202573760260146,41.0,,,,,3279,0.0,0.0015248551387618177,0.0015248551387618177,0.03320257376026013,0.033202573760260146,41.0,,,,,3279,0.0,0.0,0.0,0.033202573760260125,0.033202573760260146,41.0,0.11192339223660173,0.08446344624462622,0.10479984329504503,0.03705603895716062
43b06c70,4846,4145,2,573,0.1,4846,0.0,0.0,0.0,0.03320257376026012,0.033202573760260146,41.0,0.26296814094980575,0.10479984329504503,0.19563946395658374,0.03997865843826594,4846,0.0,0.0,0.0,0.03320257376026012,0.033202573760260146,41.0,,,,,4846,0.0,0.0014444903012794056,0.0014444903012794056,0.03320257376026012,0.033202573760260146,41.0,,,,,4846,0.0,0.0,0.0,0.03320257376026012,0.033202573760260146,41.0,0.13750558631705045,0.10479984329234181,0.1733644433790814,0.03667625231518147
43c7f85a,5978,0,0,573,0.1,5978,0.0,0.0,0.0,0.03320257376026013,0.033202573760260146,41.0,0.1896788361200193,0.08547404866255696,0.11861624795758466,0.03888826275260138,5978,0.0,0.0,0.0,0.03320257376026013,0.033202573760260146,41.0,,,,,5978,0.0,0.0006691201070592171,0.0006691201070592171,0.03320257376026013,0.033202573760260146,41.0,,,,,5978,0.0,0.0,0.0,0.03320257376026013,0.033202573760260146,41.0,0.09802433002507374,0.08547404866238331,0.11543742972459682,0.03629411882892286
43e16325,3720,0,0,573,0.1,3720,0.0,0.0,0.0,0.03320257376026013,0.033202573760260146,41.0,0.2729478219168613,0.08446344624640982,0.17964052936753258,0.041379414377226656,3720,0.0,0.0,0.0,0.03320257376026013,0.033202573760260146,41.0,,,,,3720,0.0,0.0008064516129032258,0.0008064516129032258,0.03320257376026013,0.033202573760260146,41.0,,,,,3720,0.0,0.0,0.0,0.03320257376026013,0.033202573760260146,41.0,0.09546519605344772,0.08446344624462622,0.10692207568064777,0.03645739170766715
44441e54,4357,0,0,573,0.1,4357,0.0,0.0,0.0,0.03320257376026013,0.033202573760260146,41.0,0.24443133442209536,0.08333162176026289,0.1215136818720999,0.04090652286915004,4357,0.0,0.0,0.0,0.03320257376026013,0.033202573760260146,41.0,,,,,4357,0.0,0.0009180628873077806,0.0009180628873077806,0.03320257376026013,0.033202573760260146,41.0,,,,,4357,0.0,0.0,0.0,0.03320257376026013,0.033202573760260146,41.0,0.10368986622922757,0.07868061948121687,0.10692207568064777,0.036819383623368916
445af6c2,6041,0,0,573,0.1,6041,0.0,0.0,0.0,0.03320257376026013,0.033202573760260146,41.0,0.18866628882444014,0.08446344624640982,0.10692207568064777,0.03930189881920743,6041,0.0,0.0,0.0,0.03320257376026013,0.033202573760260146,41.0,,,,,6041,0.0,0.0,0.0,0.03320257376026013,0.033202573760260146,41.0,,,,,6041,0.0,0.0,0.0,0.03320257376026013,0.033202573760260146,41.0,0.09272235666769779,0.08446344624621543,0.10479984329193508,0.03642127832089093
4463446c,3256,175,1,573,0.1,3256,0.0,0.0,0.0,0.033202573760260125,0.03320257376026015,41.0,0.23413901032729306,0.10479984329193508,0.17964052936753258,0.038901443661209414,3256,0.0,0.0,0.0,0.033202573760260125,0.033202573760260146,41.0,,,,,3256,0.0,0.003992628992628993,0.003992628992628993,0.033202573760260125,0.033202573760260146,41.0,,,,,3256,0.0,0.0,0.0,0.033202573760260125,0.033202573760260146,41.0,0.11544285572577037,0.10245248944793707,0.16671755767567226,0.036151006582683075
44a94013,4903,407,1,573,0.1,4903,0.0,0.0,0.0,0.033202573760260125,0.033202573760260146,41.0,0.3232401429900985,0.09489264605085444,0.376554476929693,0.041120611888352525,4903,0.0,0.0,0.0,0.033202573760260125,0.033202573760260146,41.0,,,,,4903,0.0,0.0008158270446665307,0.0008158270446665307,0.033202573760260125,0.033202573760260146,41.0,,,,,4903,0.0,0.0,0.0,0.033202573760260125,0.033202573760260146,41.0,0.11140587847744719,0.09339029447352161,0.15302664551007067,0.03610876507482997
45fb3e21,3649,0,0,573,0.1,3649,0.0,0.0,0.0,0.03320257376026012,0.033202573760260146,41.0,0.19827145379849465,0.09339029447352161,0.12151368187260163,0.03862538012534624,3649,0.0,0.0,0.0,0.03320257376026012,0.033202573760260146,41.0,,,,,3649,0.0,0.0002740476842970677,0.0002740476842970677,0.03320257376026012,0.033202573760260146,41.0,,,,,3649,0.0,0.0,0.0,0.03320257376026012,0.033202573760260146,41.0,0.10531370767269348,0.09339029447352161,0.11861624795758453,0.036260255009951274
460f859e,3336,0,0,573,0.1,3336,0.0,0.0,0.0,0.03320257376026013,0.033202573760260146,41.0,0.32996079314527504,0.08446344624462622,0.23282707568646283,0.04331584904516884,3336,0.0,0.0,0.0,0.03320257376026013,0.033202573760260146,41.0,,,,,3336,0.0,0.00029976019184652276,0.00029976019184652276,0.03320257376026013,0.033202573760260146,41.0,,,,,3336,0.0,0.0,0.0,0.033202573760260125,0.03320257376026014,41.0,0.08759826890319708,0.08333162176026289,0.1047998432919352,0.03637147883379757
4630ab92,3373,0,0,573,0.1,3373,0.0,0.0002964719833975689,0.0002964719833975689,0.03320257376026013,0.033202573760260146,41.0,0.2451877673489617,0.08446344624640982,0.1733644433853147,0.040329676131095324,3373,0.0,0.0,0.0,0.03320257376026013,0.033202573760260146,41.0,,,,,3373,0.0,0.0008894159501927068,0.0008894159501927068,0.03320257376026013,0.033202573760260146,41.0,,,,,3373,0.0,0.0,0.0,0.033202573760260125,0.033202573760260146,41.0,0.10593843967841277,0.08446344624462622,0.11861624795430567,0.036679078802221564
463c38f2,4460,998,1,573,0.1,4460,0.0,0.0,0.0,0.03320257376026012,0.033202573760260146,41.0,0.22292187988668388,0.10245248944793707,0.15302664551007067,0.03921844221084537,4460,0.0,0.0,0.0,0.03320257376026012,0.033202573760260146,41.0,,,,,4460,0.0,0.0013452914798206279,0.0013452914798206279,0.03320257376026012,0.033202573760260146,41.0,,,,,4460,0.0,0.0,0.0,0.03320257376026012,0.033202573760260146,41.0,0.12097733564786471,0.10245248944748911,0.13055730139094202,0.03642800849879087
4654e7de,5373,0,0,573,0.1,5373,0.0,0.00018611576400521124,0.00018611576400521124,0.03320257376026013,0.033202573760260146,41.0,0.23060485445422718,0.08547404866255696,0.15302664551007053,0.0399308199821493,5373,0.0,0.0,0.0,0.03320257376026013,0.033202573760260146,41.0,,,,,5373,0.0,0.0005583472920156337,0.0005583472920156337,0.03320257376026013,0.033202573760260146,41.0,,,,,5373,0.0,0.0,0.0,0.03320257376026013,0.033202573760260146,41.0,0.11369904309492213,0.08446344624640982,0.13473402454944597,0.036753861741870585
466fc788,6197,0,0,573,0.1,6197,0.0,0.0,0.0,0.03320257376026013,0.033202573760260146,41.0,0.24864033718577033,0.08333162175852064,0.13473402455403982,0.0408513023520016,6197,0.0,0.0,0.0,0.03320257376026013,0.033202573760260146,41.0,,,,,6197,0.0,0.0029046312731967083,0.0029046312731967083,0.03320257376026013,0.033202573760260146,41.0,,,,,6197,0.0,0.0,0.0,0.03320257376026013,0.033202573760260146,41.0,0.10320520684587847,0.07868061948121687,0.11861624795758453,0.03682924064494919
46a301e9,8226,0,0,573,0.1,8226,0.0,0.0,0.0,0.03320257376026013,0.033202573760260146,41.0,0.21028678312936827,0.09171833263122259,0.11861624795375278,0.03965034371551877,8226,0.0,0.0,0.0,0.03320257376026013,0.033202573760260146,41.0,,,,,8226,0.0,0.002674446875759786,0.002674446875759786,0.03320257376026013,0.033202573760260146,41.0,,,,,8226,0.0,0.0,0.0,0.03320257376026013,0.033202573760260146,41.0,0.09341764302748261,0.08547404866255696,0.10692207568064777,0.03627635340076605
46a7190b,4215,0,0,573,0.1,4215,0.0,0.00023724792408066428,0.00023724792408066428,0.03320257376026013,0.033202573760260146,41.0,0.23150565626864658,0.07868061948121687,0.11861624795375278,0.04076683312024263,4215,0.0,0.0,0.0,0.03320257376026013,0.033202573760260146,41.0,,,,,4215,0.0,0.0011862396204033216,0.0011862396204033216,0.03320257376026013,0.033202573760260146,41.0,,,,,4215,0.0,0.0,0.0,0.03320257376026013,0.033202573760260146,41.0,0.08954678417732474,0.07806582436771739,0.09489264605085444,0.03661687592681792
46d24a09,4449,0,0,573,0.1,4449,0.0,0.0002247696111485727,0.0002247696111485727,0.033202573760260125,0.03409449017362277,41.0,0.3456204561041783,0.1069220756806485,0.3291008764658695,0.041516891195783306,4449,0.0,0.0,0.0,0.033202573760260125,0.03409449017362277,41.0,,,,,4449,0.0,0.0006743088334457181,0.0006743088334457181,0.033202573760260125,0.03409449017362277,41.0,,,,,4449,0.0,0.0,0.0,0.03320257376026012,0.033202573760260146,41.0,0.12432578698033935,0.1047998432919352,0.17964052936753258,0.03639904366398105
46d41ff6,7901,871,1,573,0.1,7901,0.0,0.0,0.0,0.03320257376026013,0.033202573760260146,41.0,0.22455667859751252,0.08446344624640982,0.15302664551007053,0.039676623046553346,7901,0.0,0.0,0.0,0.03320257376026013,0.033202573760260146,41.0,,,,,7901,0.0,0.0005062650297430705,0.0005062650297430705,0.03320257376026013,0.033202573760260146,41.0,,,,,7901,0.0,0.0,0.0,0.033202573760260125,0.033202573760260146,41.0,0.10132496252226113,0.08446344624640982,0.1215136818720999,0.03642275516383078
46dfcfca,3606,258,1,573,0.1,3606,0.0,0.0,0.0,0.03320257376026013,0.033202573760260146,41.0,0.2361896147031493,0.07806582436759832,0.15302664551007053,0.04042561056061189,3606,0.0,0.0,0.0,0.03320257376026013,0.033202573760260146,41.0,,,,,3606,0.0,0.0016638935108153079,0.0016638935108153079,0.03320257376026013,0.033202573760260146,41.0,,,,,3606,0.0,0.0,0.0,0.03320257376026013,0.033202573760260146,41.0,0.09659376404362575,0.07806582436759832,0.11861624795430567,0.03671135608680956
47222616,4406,2597,2,573,0.1,4406,0.0,0.0,0.0,0.03320257376026013,0.033202573760260146,41.0,0.23964230610673468,0.08446344624462622,0.11621906734656258,0.040983643866096424,4406,0.0,0.0,0.0,0.03320257376026013,0.033202573760260146,41.0,,,,,4406,0.0,0.00045392646391284613,0.00045392646391284613,0.03320257376026013,0.033202573760260146,41.0,,,,,4406,0.0,0.0,0.0,0.03320257376026013,0.033202573760260146,41.0,0.09740397518866008,0.08333162175852064,0.09489264605059552,0.03676430221963926
47ee27ab,6397,0,0,573,0.1,6397,0.0,0.0,0.0,0.033202573760260125,0.033202573760260146,41.0,0.25257794029184955,0.09339029447109368,0.13858048190708236,0.04051439871387483,6397,0.0,0.0,0.0,0.033202573760260125,0.033202573760260146,41.0,,,,,6397,0.0,0.0032827888072534,0.0032827888072534,0.033202573760260125,0.033202573760260146,41.0,,,,,6397,0.0,0.0,0.0,0.03320257376026012,0.033202573760260146,41.0,0.09594120280244063,0.09171833263122271,0.11861624795430567,0.0361431554270877
481de5fc,5952,311,1,573,0.1,5952,0.0,0.0,0.0,0.033202573760260125,0.033202573760260146,41.0,0.24222911507844952,0.09339029447109368,0.13858048191174224,0.04008120704692444,5952,0.0,0.0,0.0,0.033202573760260125,0.033202573760260146,41.0,,,,,5952,0.0,0.0,0.0,0.033202573760260125,0.033202573760260146,41.0,,,,,5952,0.0,0.0,0.0,0.03320257376026012,0.033202573760260146,41.0,0.10588061272786593,0.09171833263122271,0.12151368187598566,0.03641097664092191
48c1f673,2917,2200,1,573,0.10000000000130968,2917,0.0,0.0,0.0,0.03320257376026014,0.033202573760260146,41.0,0.28163259193512874,0.11861624795524821,0.18756645543891232,0.039872550909714845,2917,0.0,0.0,0.0,0.03320257376026014,0.033202573760260146,41.0,,,,,2917,0.0,0.005142269454919438,0.005142269454919438,0.03320257376026014,0.033202573760260146,41.0,,,,,2917,0.0,0.0,0.0,0.03320257376026014,0.033202573760260146,41.0,0.13043753695287374,0.11861624795524821,0.1580021456931609,0.03596361952323372
4936af16,3991,0,0,573,0.1,3991,0.0,0.0005011275369581559,0.0005011275369581559,0.03320257376026013,0.033202573760260146,41.0,0.23311216243640853,0.08547404866238331,0.1347340245501754,0.03989427673914367,3991,0.0,0.0,0.0,0.03320257376026013,0.033202573760260146,41.0,,,,,3991,0.0,0.0017539463793535455,0.0017539463793535455,0.03320257376026013,0.033202573760260146,41.0,,,,,3991,0.0,0.0,0.0,0.03320257376026012,0.033202573760260146,41.0,0.09546619023573306,0.08446344624640982,0.1215136818720999,0.03618486511530497
493b5b31,4671,2225,2,573,0.1,4671,0.0,0.0,0.0,0.03320257376026013,0.033202573760260146,41.0,0.24739821201900508,0.08547404866073505,0.16671755767567226,0.04069902197994002,4671,0.0,0.0,0.0,0.03320257376026013,0.033202573760260146,41.0,,,,,4671,0.0,0.00021408691928923143,0.00021408691928923143,0.03320257376026013,0.033202573760260146,41.0,,,,,4671,0.0,0.0,0.0,0.033202573760260125,0.033202573760260146,41.0,0.13851217197849858,0.08446344624621543,0.1347340245501754,0.037654410218730276
49dbc14c,3872,3439,1,573,0.1,3872,0.0,0.0,0.0,0.03320257376026013,0.033202573760260146,41.0,0.2088617917031584,0.08446344624640982,0.10692207568064777,0.03981214144553805,3872,0.0,0.0,0.0,0.03320257376026013,0.033202573760260146,41.0,,,,,3872,0.0,0.0007747933884297521,0.0007747933884297521,0.03320257376026013,0.033202573760260146,41.0,,,,,3872,0.0,0.0,0.0,0.03320257376026013,0.033202573760260146,41.0,0.09028981858042079,0.08446344624640982,0.10479984329193508,0.03633212391965673
4a035ec2,2588,0,0,573,0.1,2588,0.0,0.0,0.0,0.03320257376026012,0.033202573760260146,41.0,0.22386803969950672,0.08547404866255696,0.10692207568064777,0.040303444428681855,2588,0.0,0.0,0.0,0.03320257376026012,0.033202573760260146,41.0,,,,,2588,0.0,0.00231839258114374,0.00231839258114374,0.03320257376026012,0.033202573760260146,41.0,,,,,2588,0.0,0.0,0.0,0.03320257376026012,0.033202573760260146,41.0,0.09152566753408874,0.08547404866238331,0.10479984329193508,0.03629478900236999
4a335117,5015,3270,1,573,0.1,5015,0.0,0.0,0.0,0.033202573760260125,0.03409449017362277,41.0,0.31923560677886925,0.10245248944793707,0.43486659307806297,0.040778852353177755,5015,0.0,0.0,0.0,0.033202573760260125,0.03320257376026015,41.0,,,,,5015,0.0,0.00039880358923230307,0.00039880358923230307,0.033202573760260125,0.03320257376026015,41.0,,,,,5015,0.0,0.0,0.0,0.033202573760260125,0.033202573760260146,41.0,0.11634435041167995,0.09339029447352161,0.1733644433841373,0.03634074440476211
4a8ecc0b,5809,2114,1,573,0.11999999999992725,5809,0.0,0.0,0.0,0.033238110770228674,0.0332381107702933,41.0,0.2562759782111134,0.10245243864109141,0.1474299427590165,0.03861807799671897,5809,0.0,0.0,0.0,0.033238110770228674,0.0332381107702933,41.0,,,,,5809,0.0,0.0036150800482010674,0.0036150800482010674,0.033238110770228674,0.0332381107702933,41.0,,,,,5809,0.0,0.0,0.0,0.033238110770228674,0.0332381107702862,41.0,0.15356562678328325,0.10245243863907397,0.13352729681780406,0.03512023136121255
4b462989,3106,424,1,573,0.1,3106,0.0,0.0,0.0,0.033202573760260125,0.033202573760260146,41.0,0.2688489307105058,0.11861624795375265,0.19563946395802326,0.039398594552757335,3106,0.0,0.0,0.0,0.033202573760260125,0.033202573760260146,41.0,,,,,3106,0.0,0.0003219575016097875,0.0003219575016097875,0.033202573760260125,0.033202573760260146,41.0,,,,,3106,0.0,0.0,0.0,0.033202573760260125,0.033202573760260146,41.0,0.120349248600233,0.11543742972143416,0.1667175576756724,0.03584523137715741
4b831d20,7312,1218,1,573,0.1,7312,0.0,0.00013676148796498905,0.00013676148796498905,0.03320257376026012,0.033202573760260146,41.0,0.21771209765801883,0.09339029447352161,0.13055730139466698,0.039301858239643696,7312,0.0,0.0,0.0,0.03320257376026012,0.033202573760260146,41.0,,,,,7312,0.0,0.0019146608315098468,0.0019146608315098468,0.03320257376026012,0.033202573760260146,41.0,,,,,7312,0.0,0.0,0.0,0.03320257376026012,0.033202573760260146,41.0,0.12996633380653408,0.09339029447352161,0.11861624795758453,0.03696733263436114
4c2208f5,5384,4913,1,573,0.1,5384,0.0,0.0,0.0,0.03320257376026013,0.033202573760260146,41.0,0.2667902699281579,0.07422110659374224,0.0980254161970855,0.04252368184822944,5384,0.0,0.0,0.0,0.03320257376026013,0.033202573760260146,41.0,,,,,5384,0.0,0.005200594353640416,0.005200594353640416,0.03320257376026013,0.033202573760260146,41.0,,,,,5384,0.0,0.0,0.0,0.03320257376026013,0.033202573760260146,41.0,0.08792926901822314,0.07422110659374224,0.07868061948121687,0.03706726874257243
4c3168cf,4334,0,0,573,0.1,4334,0.0,0.00023073373327180433,0.00023073373327180433,0.03320257376026013,0.033202573760260146,41.0,0.2293255120451879,0.08446344624621532,0.10692207568101446,0.04046499313565949,4334,0.0,0.0,0.0,0.033202573760260125,0.033202573760260146,41.0,,,,,4334,0.0,0.0011536686663590216,0.0011536686663590216,0.033202573760260125,0.033202573760260146,41.0,,,,,4334,0.0,0.0,0.0,0.033202573760260125,0.033202573760260146,41.0,0.10359478492374015,0.08446344624621532,0.09489264605085444,0.03679681279202226
4c3df468,5392,3413,1,573,0.1,5392,0.0,0.0,0.0,0.033202573760260125,0.03320257376026015,41.0,0.2526276138924332,0.10692207568064777,0.1580021456923373,0.03929251330681978,5392,0.0,0.0,0.0,0.033202573760260125,0.03320257376026015,41.0,,,,,5392,0.0,0.002410979228486647,0.002410979228486647,0.033202573760260125,0.03320257376026015,41.0,,,,,5392,0.0,0.0,0.0,0.03320257376026012,0.03320257376026015,41.0,0.12511820070450488,0.10479984329504516,0.15302664551007053,0.03608605842000386
4caa7289,5396,5099,1,573,0.1,5396,0.0,0.0,0.0,0.03320257376026012,0.033202573760260146,41.0,0.19743748980815642,0.08446344624621532,0.1069220756806485,0.039545771490266564,5396,0.0,0.0,0.0,0.03320257376026012,0.033202573760260146,41.0,,,,,5396,0.0,0.0012972572275759822,0.0012972572275759822,0.03320257376026012,0.033202573760260146,41.0,,,,,5396,0.0,0.0,0.0,0.03320257376026012,0.033202573760260146,41.0,0.08952562171051506,0.08446344624621532,0.1047998432919352,0.03633676670220689
4cd1ac61,4489,2018,2,573,0.1,4489,0.0,0.0,0.0,0.03320257376026012,0.033202573760260146,41.0,0.1955568120204809,0.10479984329504503,0.1385804819077512,0.038170275736796384,4489,0.0,0.0,0.0,0.03320257376026012,0.033202573760260146,41.0,,,,,4489,0.0,0.0011138338159946536,0.0011138338159946536,0.03320257376026012,0.033202573760260146,41.0,,,,,4489,0.0,0.0,0.0,0.03320257376026012,0.033202573760260146,41.0,0.1344378353594954,0.10479984329504503,0.13473402455403982,0.03645858768807842
4cecf7b3,6019,3557,4,573,0.1,6019,0.0,0.0004984216647283602,0.0004984216647283602,0.03320257376026012,0.033202573760260146,41.0,0.30509726381234414,0.08446344624621532,0.31671922221386806,0.0413899348784888,6019,0.0,0.0,0.0,0.03320257376026012,0.033202573760260146,41.0,,,,,6019,0.0,0.0011629838843661739,0.0011629838843661739,0.03320257376026012,0.033202573760260146,41.0,,,,,6019,0.0,0.0,0.0,0.03320257376026012,0.033202573760260146,41.0,0.10307379982850855,0.07868061948132149,0.15302664551007067,0.036329321769106256
4ddde4c1,4472,449,2,573,0.1,4472,0.0,0.00022361359570661896,0.00022361359570661896,0.033202573760260125,0.033202573760260146,41.0,0.21717883914097663,0.0917183326288402,0.11861624795430567,0.03965493251935775,4472,0.0,0.0,0.0,0.033202573760260125,0.033202573760260146,41.0,,,,,4472,0.0,0.0,0.0,0.033202573760260125,0.033202573760260146,41.0,,,,,4472,0.0,0.0,0.0,0.033202573760260125,0.033202573760260146,41.0,0.1124033740958819,0.0917183326288402,0.10692207568380399,0.03675184105158993
4e050c92,3705,1208,2,573,0.1,3705,0.0,0.0005398110661268556,0.0005398110661268556,0.03320257376026013,0.033202573760260146,41.0,0.22006590005142798,0.08446344624621543,0.10692207568064777,0.0402986619303488,3705,0.0,0.0,0.0,0.03320257376026013,0.033202573760260146,41.0,,,,,3705,0.0,0.001349527665317139,0.001349527665317139,0.03320257376026013,0.033202573760260146,41.0,,,,,3705,0.0,0.0,0.0,0.03320257376026013,0.033202573760260146,41.0,0.09027227770293283,0.08446344624621543,0.09489264605085444,0.03642123027100003
4ed93db6,4657,3574,1,573,0.1,4657,0.0,0.0,0.0,0.033202573760260125,0.033202573760260146,41.0,0.18119180315440048,0.08446344624621532,0.11861624795375265,0.038988394599345236,4657,0.0,0.0,0.0,0.033202573760260125,0.033202573760260146,41.0,,,,,4657,0.0,0.002147305132059266,0.002147305132059266,0.033202573760260125,0.033202573760260146,41.0,,,,,4657,0.0,0.0,0.0,0.033202573760260125,0.033202573760260146,41.0,0.10209568679850242,0.08446344624462622,0.1069220756806485,0.03673252942596334
4f3eb9e9,4697,0,0,573,0.1,4697,0.0,0.0,0.0,0.03320257376026013,0.033202573760260146,41.0,0.25751774288551227,0.07868061948011462,0.10479984329504503,0.041745587410330326,4697,0.0,0.0,0.0,0.03320257376026013,0.033202573760260146,41.0,,,,,4697,0.0,0.0021290185224611454,0.0021290185224611454,0.03320257376026013,0.033202573760260146,41.0,,,,,4697,0.0,0.0,0.0,0.03320257376026013,0.033202573760260146,41.0,0.1027382478330091,0.07806582436759843,0.09489264604838514,0.03711442291779473
4f4ac5ce,5162,0,0,554,0.1,5162,0.0,0.0003874467260751647,0.0003874467260751647,0.033202573760260125,0.033202573760260146,41.0,0.25796992383660033,0.08547404866238331,0.1362310201789802,0.041005677119342054,5162,0.0,0.0,0.0,0.033202573760260125,0.033202573760260146,41.0,,,,,5162,0.0,0.0013560635412630763,0.0013560635412630763,0.033202573760260125,0.033202573760260146,41.0,,,,,5162,0.0,0.0,0.0,0.033202573760260125,0.033202573760260146,41.0,0.0954639539628192,0.08446344624640982,0.1069220756806851,0.03639549618460805
4f4afcc6,5645,1705,2,573,0.1,5645,0.0,0.0,0.0,0.03320257376026013,0.033202573760260146,41.0,0.2534761154726704,0.09171833262884009,0.1580021456923373,0.04044068776116867,5645,0.0,0.0,0.0,0.03320257376026013,0.033202573760260146,41.0,,,,,5645,0.0,0.004251550044286979,0.004251550044286979,0.03320257376026013,0.033202573760260146,41.0,,,,,5645,0.0,0.0,0.0,0.033202573760260125,0.033202573760260146,41.0,0.1234142919277852,0.08547404866238331,0.1215136818720999,0.03698063187151026
4f69febf,5460,0,0,573,0.1,5460,0.0,0.0,0.0,0.03320257376026013,0.033202573760260146,41.0,0.21358777099927326,0.07868061948126917,0.10479984329504503,0.04021839755335042,5460,0.0,0.0,0.0,0.03320257376026013,0.033202573760260146,41.0,,,,,5460,0.0,0.005494505494505495,0.005494505494505495,0.03320257376026013,0.033202573760260146,41.0,,,,,5460,0.0,0.0,0.0,0.03320257376026013,0.033202573760260146,41.0,0.10831934516549283,0.07868061948121687,0.09489264605085444,0.03715402566523659
4fbe9c06,6287,0,0,573,0.1,6287,0.0,0.0,0.0,0.03320257376026012,0.033202573760260146,41.0,0.19313713369440877,0.08446344624640982,0.13055730139094215,0.038885434121935174,6287,0.0,0.0,0.0,0.03320257376026012,0.033202573760260146,41.0,,,,,6287,0.0,0.0001590583744234134,0.0001590583744234134,0.03320257376026012,0.033202573760260146,41.0,,,,,6287,0.0,0.0,0.0,0.03320257376026012,0.033202573760260146,41.0,0.09798113774001313,0.08446344624640982,0.10692207568380399,0.036332420236836485
504c8b08,6367,0,0,573,0.1,6367,0.0,0.0,0.0,0.03320257376026013,0.033202573760260146,41.0,0.21170009986659014,0.0786806194813216,0.10692207568380399,0.04006207060919177,6367,0.0,0.0,0.0,0.03320257376026013,0.033202573760260146,41.0,,,,,6367,0.0,0.0036123763153761584,0.0036123763153761584,0.03320257376026013,0.033202573760260146,41.0,,,,,6367,0.0,0.0,0.0,0.03320257376026013,0.033202573760260146,41.0,0.10357486092125745,0.07868061948121687,0.10245248945054529,0.03692357641605892
511e1db0,3821,0,0,573,0.1,3821,0.0,0.0010468463752944255,0.0010468463752944255,0.03320257376026012,0.03320257376026015,41.0,0.25088712019267295,0.10692207568064777,0.15302664551007053,0.03934845387063524,3821,0.0,0.0,0.0,0.03320257376026012,0.03320257376026015,41.0,,,,,3821,0.0,0.006804501439413766,0.006804501439413766,0.03320257376026012,0.03320257376026015,41.0,,,,,3821,0.0,0.0,0.0,0.03320257376026012,0.03320257376026015,41.0,0.14855967793926111,0.10692207568064777,0.1385804819077512,0.036760407601646845
512943b2,5029,0,0,573,0.1,5029,0.0,0.0,0.0,0.03320257376026013,0.033202573760260146,41.0,0.19319293895805562,0.08446344624640982,0.13055730139094215,0.0391229149640456,5029,0.0,0.0,0.0,0.03320257376026013,0.033202573760260146,41.0,,,,,5029,0.0,0.0021873135812288725,0.0021873135812288725,0.03320257376026013,0.033202573760260146,41.0,,,,,5029,0.0,0.0,0.0,0.03320257376026013,0.033202573760260146,41.0,0.09321983453231157,0.08446344624621543,0.11861624795758466,0.03625333571954487
5138a660,3559,0,0,573,0.1,3559,0.0,0.0,0.0,0.03320257376026012,0.033202573760260146,41.0,0.22215281356314281,0.09339029447352161,0.12151368187260163,0.039482630583631384,3559,0.0,0.0,0.0,0.03320257376026012,0.033202573760260146,41.0,,,,,3559,0.0,0.000561955605507165,0.000561955605507165,0.03320257376026012,0.033202573760260146,41.0,,,,,3559,0.0,0.0,0.0,0.03320257376026012,0.033202573760260146,41.0,0.11108199896033613,0.09339029447352161,0.11861624795758466,0.036383353905145
516088b7,6645,871,2,573,0.1,6645,0.0,0.0,0.0,0.03320257376026012,0.033202573760260146,41.0,0.2407501952512669,0.09489264605085444,0.1347340245501759,0.039998363521683795,6645,0.0,0.0,0.0,0.03320257376026012,0.033202573760260146,41.0,,,,,6645,0.0,0.0,0.0,0.03320257376026012,0.033202573760260146,41.0,,,,,6645,0.0,0.0,0.0,0.03320257376026012,0.033202573760260146,41.0,0.09915769362463314,0.09339029447352161,0.11861624795758453,0.03603226399974273
521a7819,5200,828,1,573,0.10000000000130968,5200,0.0,0.0,0.0,0.033202573760260125,0.03320257376026015,41.0,0.25126566318381904,0.09171833263218683,0.15302664551075326,0.040316111931911286,5200,0.0,0.0,0.0,0.033202573760260125,0.03320257376026015,41.0,,,,,5200,0.0,0.003076923076923077,0.003076923076923077,0.033202573760260125,0.03320257376026015,41.0,,,,,5200,0.0,0.0,0.0,0.033202573760260125,0.03320257376026015,41.0,0.10725792370021327,0.09171833262980494,0.13055730139165994,0.03640757245909274
5254b6db,3274,0,0,573,0.1,3274,0.0,0.0,0.0,0.033202573760260125,0.033202573760260146,41.0,0.19417186352882643,0.08446344624640982,0.10692207568380399,0.039293551404966195,3274,0.0,0.0,0.0,0.033202573760260125,0.033202573760260146,41.0,,,,,3274,0.0,0.0021380574221136223,0.0021380574221136223,0.033202573760260125,0.033202573760260146,41.0,,,,,3274,0.0,0.0,0.0,0.033202573760260125,0.033202573760260146,41.0,0.10255275376887207,0.08446344624621532,0.1069220756806485,0.03663871303585127
529e88ca,3417,2099,1,573,0.1,3417,0.0,0.000877963125548727,0.000877963125548727,0.03320257376026013,0.036814066069440175,41.0,0.3611652278939484,0.1580021456923377,0.25675615984663147,0.04117822601752877,3417,0.0,0.0,0.0,0.03320257376026013,0.036814066069440175,41.0,,,,,3417,0.0,0.010535557506584723,0.010535557506584723,0.03320257376026013,0.03409449017362277,41.0,,,,,3417,0.0,0.0,0.0,0.03320257376026013,0.03409449017362277,41.0,0.15668775561917545,0.15302664551007067,0.22907906784076051,0.03645477462022377
52f1e77a,4442,3113,1,573,0.1,4442,0.0,0.00045024763619990995,0.00045024763619990995,0.03320257376026013,0.033202573760260146,41.0,0.23686189695796905,0.08446344624640982,0.12151368187598553,0.04043669889849679,4442,0.0,0.0,0.0,0.03320257376026013,0.033202573760260146,41.0,,,,,4442,0.0,0.0011256190904997748,0.0011256190904997748,0.03320257376026013,0.033202573760260146,41.0,,,,,4442,0.0,0.0,0.0,0.03320257376026013,0.033202573760260146,41.0,0.11605715470871227,0.08446344624621543,0.11861624795375278,0.037051538137966265
5305524b,4898,291,1,573,0.1,4898,0.0,0.0,0.0,0.033202573760260125,0.033202573760260146,41.0,0.327249042248923,0.09489264604838514,0.2291942236817047,0.04206752190864589,4898,0.0,0.0,0.0,0.033202573760260125,0.033202573760260146,41.0,,,,,4898,0.0,0.0006124948958758677,0.0006124948958758677,0.033202573760260125,0.033202573760260146,41.0,,,,,4898,0.0,0.0,0.0,0.033202573760260125,0.033202573760260146,41.0,0.12227505741534511,0.09339029447109368,0.1580021456923377,0.03664128608695936
53134831,5126,4896,1,573,0.1,5126,0.0,0.0,0.0,0.03320257376026013,0.033202573760260146,41.0,0.1997405968403265,0.07806582436759832,0.10479984329504516,0.0400093815766732,5126,0.0,0.0,0.0,0.03320257376026013,0.033202573760260146,41.0,,,,,5126,0.0,0.002926258291065158,0.002926258291065158,0.03320257376026013,0.033202573760260146,41.0,,,,,5126,0.0,0.0,0.0,0.03320257376026012,0.033202573760260146,41.0,0.08935901359704455,0.07806582436654716,0.09489264605059552,0.03670580061157796
5397ceb1,5255,1257,1,573,0.1,5255,0.0,0.0,0.0,0.03320257376026013,0.03320257376026015,41.0,0.24510838870513516,0.09339029447109269,0.15302664551007053,0.039986104934504337,5255,0.0,0.0,0.0,0.03320257376026013,0.033202573760260146,41.0,,,,,5255,0.0,0.00038058991436726926,0.00038058991436726926,0.03320257376026013,0.033202573760260146,41.0,,,,,5255,0.0,0.0,0.0,0.03320257376026013,0.033202573760260146,41.0,0.12444566511970562,0.09339029447109269,0.1347340245501754,0.03683236956348682
53f23031,8550,0,0,573,0.1,8550,0.0,0.0,0.0,0.03320257376026013,0.033202573760260146,41.0,0.2102574579785645,0.08446344624640982,0.12151368187225042,0.039548680291350995,8550,0.0,0.0,0.0,0.03320257376026013,0.033202573760260146,41.0,,,,,8550,0.0,0.0043274853801169594,0.0043274853801169594,0.03320257376026013,0.033202573760260146,41.0,,,,,8550,0.0,0.0,0.0,0.03320257376026013,0.033202573760260146,41.0,0.13051452255434035,0.08446344624640982,0.10692207568380399,0.03745671400590197
543198e8,6503,3278,2,573,0.1,6503,0.0,0.0,0.0,0.033202573760260125,0.033202573760260146,41.0,0.36470656097516896,0.11543742972143416,0.49768498646310255,0.04152407400371914,6503,0.0,0.0,0.0,0.03320257376026012,0.033202573760260146,41.0,,,,,6503,0.0,0.0027679532523450716,0.0027679532523450716,0.03320257376026012,0.033202573760260146,41.0,,,,,6503,0.0,0.0,0.0,0.03320257376026012,0.033202573760260146,41.0,0.1231717192588243,0.10479984329504503,0.1733644433853147,0.036136001562796304
54753541,4026,2024,1,573,0.1,4026,0.0,0.0,0.0,0.03320257376026013,0.03320257376026015,41.0,0.29115308685841634,0.08547404866238331,0.31671922220372506,0.04096284832018829,4026,0.0,0.0,0.0,0.03320257376026013,0.03320257376026015,41.0,,,,,4026,0.0,0.003229011425732737,0.003229011425732737,0.03320257376026013,0.03320257376026015,41.0,,,,,4026,0.0,0.0,0.0,0.03320257376026013,0.033202573760260146,41.0,0.11108771390705433,0.08446344624640982,0.13858048190708247,0.03653957477509176
54a7e3c2,6155,1216,2,573,0.1,6155,0.0,0.0,0.0,0.033202573760260125,0.033202573760260146,41.0,0.19975878403508573,0.09339029447109368,0.12151368187260163,0.03910409529276301,6155,0.0,0.0,0.0,0.033202573760260125,0.033202573760260146,41.0,,,,,6155,0.0,0.001462225832656377,0.001462225832656377,0.033202573760260125,0.033202573760260146,41.0,,,,,6155,0.0,0.0,0.0,0.033202573760260125,0.033202573760260146,41.0,0.0957933680628698,0.09171833263122271,0.11543742972143416,0.03617277329985416
5542c301,3591,255,1,573,0.1,3591,0.0,0.0,0.0,0.03320257376026012,0.033202573760260146,41.0,0.2614000268303709,0.10479984329504503,0.1580021456923377,0.03990502297330117,3591,0.0,0.0,0.0,0.03320257376026012,0.033202573760260146,41.0,,,,,3591,0.0,0.003341687552213868,0.003341687552213868,0.03320257376026012,0.033202573760260146,41.0,,,,,3591,0.0,0.0,0.0,0.03320257376026012,0.033202573760260146,41.0,0.11287830393644449,0.10479984329234181,0.1385804819077512,0.035981117159027215
5567d551,6889,4024,2,573,0.1,6889,0.0,0.00014515894904920887,0.00014515894904920887,0.03320257376026012,0.033202573760260146,41.0,0.2348611055942354,0.09339029447109368,0.1385804819077512,0.03986449931040811,6889,0.0,0.0,0.0,0.03320257376026012,0.033202573760260146,41.0,,,,,6889,0.0,0.0018870663376397154,0.0018870663376397154,0.03320257376026012,0.033202573760260146,41.0,,,,,6889,0.0,0.0,0.0,0.03320257376026012,0.033202573760260146,41.0,0.09778443455663628,0.09339029447109368,0.12151368187260163,0.036106368879038196
55efee7f,4801,2654,2,573,0.10999999999788998,4801,0.0,0.0,0.0,0.03322256189802434,0.03325810544722148,41.0,0.31960936009673313,0.10170376960088305,0.31577307130889437,0.04091765093957867,4801,0.0,0.0,0.0,0.03322256189802434,0.03325810544722148,41.0,,,,,4801,0.0,0.0014580295771714226,0.0014580295771714226,0.03322256189802434,0.03325810544722148,41.0,,,,,4801,0.0,0.0,0.0,0.03322256189802434,0.03325810544714064,41.0,0.11605423076819206,0.10170376959830726,0.16416353423123484,0.03501761359900196
5663b2b7,4972,719,2,573,0.1,4972,0.0,0.0,0.0,0.033202573760260125,0.033202573760260146,41.0,0.2747889288721198,0.08547404866255696,0.1932334484957732,0.040549158139035466,4972,0.0,0.0,0.0,0.033202573760260125,0.033202573760260146,41.0,,,,,4972,0.0,0.0006033789219629927,0.0006033789219629927,0.033202573760260125,0.033202573760260146,41.0,,,,,4972,0.0,0.0,0.0,0.03320257376026012,0.033202573760260146,41.0,0.11750224411369227,0.08547404866238331,0.15800214569146848,0.03660138133057459
5693dde2,3488,0,0,573,0.1,3488,0.0,0.0,0.0,0.03320257376026013,0.03320257376026015,41.0,0.22753332637454485,0.1154374297208313,0.15302664551007053,0.038850139345667875,3488,0.0,0.0,0.0,0.03320257376026013,0.03320257376026015,41.0,,,,,3488,0.0,0.0014334862385321102,0.0014334862385321102,0.03320257376026013,0.03320257376026015,41.0,,,,,3488,0.0,0.0,0.0,0.03320257376026013,0.03320257376026015,41.0,0.11164164744562148,0.10692207568380399,0.1385804819077512,0.035717109312942766
56b00794,6065,1379,2,573,0.1,6065,0.0,0.0,0.0,0.03320257376026013,0.033202573760260146,41.0,0.2154710992122928,0.07806582436771739,0.11861624795430567,0.04016373682688997,6065,0.0,0.0,0.0,0.03320257376026013,0.033202573760260146,41.0,,,,,6065,0.0,0.0006595218466611707,0.0006595218466611707,0.03320257376026013,0.033202573760260146,41.0,,,,,6065,0.0,0.0,0.0,0.03320257376026013,0.033202573760260146,41.0,0.08957759164581656,0.07806582436759832,0.10479984329504516,0.03655987597277172
57796579,5890,898,1,573,0.1,5890,0.0,0.00016977928692699492,0.00016977928692699492,0.033202573760260125,0.033202573760260146,41.0,0.2545848019717899,0.09339029447352161,0.1733644433841373,0.04014116422613737,5890,0.0,0.0,0.0,0.033202573760260125,0.033202573760260146,41.0,,,,,5890,0.0,0.0006791171477079797,0.0006791171477079797,0.033202573760260125,0.033202573760260146,41.0,,,,,5890,0.0,0.0,0.0,0.033202573760260125,0.033202573760260146,41.0,0.10590124333317574,0.09339029447109368,0.13055730139094202,0.03627594060472263
577eec7c,4539,2348,2,573,0.1,4539,0.0,0.0006609385327164573,0.0006609385327164573,0.03320257376026013,0.03320257376026015,41.0,0.24751334208311515,0.09339029447337717,0.15302664551007053,0.04007802358001285,4539,0.0,0.0,0.0,0.03320257376026013,0.03320257376026015,41.0,,,,,4539,0.0,0.0024234412866270105,0.0024234412866270105,0.03320257376026013,0.03320257376026015,41.0,,,,,4539,0.0,0.0,0.0,0.033202573760260125,0.033202573760260146,41.0,0.1053549414980089,0.09339029447109269,0.1347340245501754,0.03616907832366815
57f05c51,4771,2997,3,573,0.1,4771,0.0,0.0,0.0,0.03320257376026013,0.041494183887932044,41.0,0.35688124321153325,0.08446344624621543,0.6380934576709582,0.042776006358071154,4771,0.0,0.0,0.0,0.03320257376026013,0.033202573760260146,41.0,,,,,4771,0.0,0.0031439949696080486,0.0031439949696080486,0.03320257376026013,0.033202573760260146,41.0,,,,,4771,0.0,0.0,0.0,0.03320257376026013,0.033202573760260146,41.0,0.1365229850323124,0.08333162176026289,0.13055730139466698,0.03845357172983456
58850d2c,4995,0,0,573,0.1,4995,0.0,0.0,0.0,0.03320257376026013,0.033202573760260146,41.0,0.17572805240595424,0.07736674910098375,0.09339029447109368,0.0394933290979984,4995,0.0,0.0,0.0,0.03320257376026013,0.033202573760260146,41.0,,,,,4995,0.0,0.009209209209209208,0.009209209209209208,0.03320257376026013,0.033202573760260146,41.0,,,,,4995,0.0,0.0,0.0,0.033202573760260125,0.033202573760260146,41.0,0.10336822656319763,0.074501708092126,0.08547404866238331,0.0373630470541454
58fa8486,4475,0,0,573,0.1,4475,0.0,0.000223463687150838,0.000223463687150838,0.03320257376026013,0.033202573760260146,41.0,0.18933843185756707,0.08547404866073505,0.10692207568380399,0.03909461297777486,4475,0.0,0.0,0.0,0.03320257376026013,0.033202573760260146,41.0,,,,,4475,0.0,0.0031284916201117317,0.0031284916201117317,0.03320257376026013,0.033202573760260146,41.0,,,,,4475,0.0,0.0,0.0,0.033202573760260125,0.033202573760260146,41.0,0.0957596252315671,0.08446344624640982,0.10479984329504503,0.03641664173724936
591cc951,4609,1301,1,573,0.1,4609,0.0,0.0,0.0,0.033202573760260125,0.033202573760260146,41.0,0.2698339282570837,0.10479984329504503,0.1941958546820917,0.03993385835117878,4609,0.0,0.0,0.0,0.033202573760260125,0.033202573760260146,41.0,,,,,4609,0.0,0.0008678672163159037,0.0008678672163159037,0.033202573760260125,0.033202573760260146,41.0,,,,,4609,0.0,0.0,0.0,0.033202573760260125,0.033202573760260146,41.0,0.11293279118509991,0.1047998432919352,0.14768831657557394,0.03593747522408288
593876b6,4842,3057,1,573,0.1,4842,0.0,0.0,0.0,0.03320257376026012,0.033202573760260146,41.0,0.19994868913720545,0.09339029447109269,0.11861624795375278,0.03925653035458835,4842,0.0,0.0,0.0,0.03320257376026012,0.033202573760260146,41.0,,,,,4842,0.0,0.003304419661296985,0.003304419661296985,0.03320257376026012,0.033202573760260146,41.0,,,,,4842,0.0,0.0,0.0,0.03320257376026012,0.033202573760260146,41.0,0.10724152298697322,0.09171833262884009,0.10692207568101458,0.036587177688387526
59f8b2e8,3747,0,0,573,0.1,3747,0.0,0.0002668801708033093,0.0002668801708033093,0.03320257376026013,0.033202573760260146,41.0,0.21090425683367156,0.09339029447352161,0.1476883165755738,0.03885764621740992,3747,0.0,0.0,0.0,0.033202573760260125,0.033202573760260146,41.0,,,,,3747,0.0,0.0,0.0,0.033202573760260125,0.033202573760260146,41.0,,,,,3747,0.0,0.0,0.0,0.033202573760260125,0.033202573760260146,41.0,0.11259030254722154,0.09339029447352161,0.12151368187260163,0.03630825171337986
5a1a8fd8,5260,0,0,573,0.1,5260,0.0,0.0,0.0,0.03320257376026013,0.033202573760260146,41.0,0.23493748327667033,0.08333162176026289,0.10692207568101458,0.04080382924257153,5260,0.0,0.0,0.0,0.03320257376026013,0.033202573760260146,41.0,,,,,5260,0.0,0.0011406844106463879,0.0011406844106463879,0.03320257376026013,0.033202573760260146,41.0,,,,,5260,0.0,0.0,0.0,0.03320257376026013,0.033202573760260146,41.0,0.09142959432901972,0.08333162175851969,0.10479984329193508,0.03657477826300997
5a5269a9,6513,566,1,573,0.1,6513,0.0,0.0007676953784738216,0.0007676953784738216,0.033202573760260125,0.03320257376026015,41.0,0.2511711647169596,0.10692207568380399,0.1733644433841373,0.0396610878075321,6513,0.0,0.0,0.0,0.033202573760260125,0.03320257376026015,41.0,,,,,6513,0.0,0.0032243205895900505,0.0032243205895900505,0.033202573760260125,0.03320257376026015,41.0,,,,,6513,0.0,0.0,0.0,0.033202573760260125,0.03320257376026015,41.0,0.1107056203715976,0.10479984329504516,0.1476883165755738,0.03590018491032851
5a5d1982,3894,0,0,573,0.1,3894,0.0,0.0,0.0,0.03320257376026013,0.033202573760260146,41.0,0.18002566861338357,0.08547404866238331,0.12151368187260163,0.03845896768938388,3894,0.0,0.0,0.0,0.03320257376026013,0.033202573760260146,41.0,,,,,3894,0.0,0.0007704160246533128,0.0007704160246533128,0.03320257376026013,0.033202573760260146,41.0,,,,,3894,0.0,0.0,0.0,0.03320257376026013,0.03320257376026013,41.0,0.10169048318822489,0.08547404866238331,0.11861624795758466,0.03634473967960172
5a63b5d1,6217,380,1,573,0.1,6217,0.0,0.0,0.0,0.03320257376026013,0.033202573760260146,41.0,0.23839916514355164,0.07806582436654727,0.11545435818979197,0.041199529237603616,6217,0.0,0.0,0.0,0.03320257376026013,0.033202573760260146,41.0,,,,,6217,0.0,0.002412739263310278,0.002412739263310278,0.03320257376026013,0.033202573760260146,41.0,,,,,6217,0.0,0.0,0.0,0.03320257376026013,0.033202573760260146,41.0,0.08232714714198681,0.07736674910198033,0.09339029447109368,0.036586072271857464
5aa03df7,4871,661,2,573,0.1,4871,0.0,0.0,0.0,0.03320257376026013,0.033202573760260146,41.0,0.24660459778268742,0.08547404866073505,0.1956394639565836,0.039924424612810795,4871,0.0,0.0,0.0,0.03320257376026013,0.033202573760260146,41.0,,,,,4871,0.0,0.0010264832683227264,0.0010264832683227264,0.03320257376026013,0.033202573760260146,41.0,,,,,4871,0.0,0.0,0.0,0.03320257376026013,0.033202573760260146,41.0,0.09659506976067375,0.08446344624640982,0.1476883165755738,0.036240332607959634
5aa403d0,3118,2232,1,573,0.1,3118,0.0,0.0,0.0,0.03320257376026012,0.033202573760260146,41.0,0.24847288894620914,0.10479984329504503,0.1385804819077512,0.039947980347630196,3118,0.0,0.0,0.0,0.03320257376026012,0.033202573760260146,41.0,,,,,3118,0.0,0.0009621552277100705,0.0009621552277100705,0.03320257376026012,0.033202573760260146,41.0,,,,,3118,0.0,0.0,0.0,0.03320257376026012,0.033202573760260146,41.0,0.11204751453498354,0.10479984329234181,0.1347340245501759,0.03596101325495054
5aef5c6c,3121,795,2,514,0.1,3121,0.0,0.0,0.0,0.03320257376026013,0.03320257376026015,41.0,0.3559320931203562,0.07806582436759832,0.32324444378802647,0.04406361533778666,3121,0.0,0.0,0.0,0.03320257376026013,0.033202573760260146,41.0,,,,,3121,0.0,0.007049022749118872,0.007049022749118872,0.03320257376026013,0.033202573760260146,41.0,,,,,3121,0.0,0.0,0.0,0.03320257376026013,0.033202573760260146,41.0,0.08857509803485321,0.07736674910198033,0.11861624795430567,0.03650896132034958
5b7b6324,6564,1051,3,573,0.1,6564,0.0,0.0,0.0,0.033202573760260125,0.033202573760260146,41.0,0.2276222858808484,0.08446344624640982,0.11861624795430567,0.04024983558156467,6564,0.0,0.0,0.0,0.03320257376026012,0.033202573760260146,41.0,,,,,6564,0.0,0.001218769043266301,0.001218769043266301,0.03320257376026012,0.033202573760260146,41.0,,,,,6564,0.0,0.0,0.0,0.03320257376026012,0.033202573760260146,41.0,0.09238150375214743,0.08446344624640982,0.1069220756806485,0.03628107453653308
5bd25f59,4210,0,0,573,0.1,4210,0.0,0.0,0.0,0.03320257376026012,0.033202573760260146,41.0,0.2160614406668421,0.12151368187598566,0.17964052936753258,0.0377048409202803,4210,0.0,0.0,0.0,0.03320257376026012,0.033202573760260146,41.0,,,,,4210,0.0,0.0021377672209026127,0.0021377672209026127,0.03320257376026012,0.033202573760260146,41.0,,,,,4210,0.0,0.0,0.0,0.03320257376026012,0.033202573760260146,41.0,0.14227597388674865,0.12151368187260163,0.1733644433841373,0.035976230544694246
5beded95,3057,2057,2,573,0.1,3057,0.0,0.00032711808963035657,0.00032711808963035657,0.03320257376026013,0.033202573760260146,41.0,0.24400040542520574,0.08446344624621543,0.11861624795375278,0.04079958101972852,3057,0.0,0.0,0.0,0.03320257376026013,0.033202573760260146,41.0,,,,,3057,0.0,0.0016355904481517827,0.0016355904481517827,0.03320257376026013,0.033202573760260146,41.0,,,,,3057,0.0,0.0,0.0,0.03320257376026013,0.033202573760260146,41.0,0.08933695760961222,0.08446344624462622,0.10479984329504516,0.03628291794435733
5cb483ac,3852,350,1,573,0.1,3852,0.0,0.0,0.0,0.03320257376026013,0.03320257376026015,41.0,0.24226365808314104,0.08446344624621543,0.1363614722416254,0.040531605244834595,3852,0.0,0.0,0.0,0.03320257376026013,0.03320257376026015,41.0,,,,,3852,0.0,0.002596053997923157,0.002596053997923157,0.03320257376026013,0.03320257376026015,41.0,,,,,3852,0.0,0.0,0.0,0.03320257376026013,0.033202573760260146,41.0,0.09987396067311637,0.08446344624462622,0.11861624795758466,0.03651622631632216
5cdd8dbc,4010,1163,1,573,0.1,4010,0.0,0.0,0.0,0.033202573760260125,0.033202573760260146,41.0,0.2689561193376711,0.08446344624462622,0.11861624795375265,0.04178636874656469,4010,0.0,0.0,0.0,0.03320257376026012,0.033202573760260146,41.0,,,,,4010,0.0,0.0,0.0,0.033202573760260125,0.033202573760260146,41.0,,,,,4010,0.0,0.0,0.0,0.03320257376026012,0.033202573760260146,41.0,0.09904031905845347,0.08333162175852064,0.10479984329504503,0.03672462974013646
5d11dfb5,5895,419,1,573,0.1,5895,0.0,0.0006785411365564037,0.0006785411365564037,0.033202573760260125,0.033202573760260146,41.0,0.25238077650526497,0.09339029447352161,0.15302664551007067,0.03999358237894884,5895,0.0,0.0,0.0,0.03320257376026012,0.033202573760260146,41.0,,,,,5895,0.0,0.006785411365564037,0.006785411365564037,0.033202573760260125,0.033202573760260146,41.0,,,,,5895,0.0,0.0,0.0,0.03320257376026012,0.033202573760260146,41.0,0.1141500157076378,0.09339029447109368,0.12151368187209978,0.03646417291633822
5d7198fd,3368,0,0,573,0.1,3368,0.0,0.0002969121140142518,0.0002969121140142518,0.03320257376026012,0.033202573760260146,41.0,0.22305478767485834,0.1154374297208308,0.1580021456923377,0.038358543733948196,3368,0.0,0.0,0.0,0.03320257376026012,0.033202573760260146,41.0,,,,,3368,0.0,0.0017814726840855108,0.0017814726840855108,0.03320257376026012,0.033202573760260146,41.0,,,,,3368,0.0,0.0,0.0,0.03320257376026012,0.033202573760260146,41.0,0.13205559734410266,0.10692207568380399,0.13473402455403982,0.03613398557673027
5def1ce5,6443,1791,3,573,0.1,6443,0.0,0.0,0.0,0.03320257376026013,0.033202573760260146,41.0,0.2877444042209507,0.09171833262884009,0.1875664554443358,0.04135545956793274,6443,0.0,0.0,0.0,0.03320257376026013,0.033202573760260146,41.0,,,,,6443,0.0,0.0035697656371255627,0.0035697656371255627,0.03320257376026013,0.033202573760260146,41.0,,,,,6443,0.0,0.0,0.0,0.033202573760260125,0.033202573760260146,41.0,0.12380709471564505,0.08547404866073505,0.13473402455403943,0.036938889533160366
5eae34a8,4904,0,0,473,0.1,4904,0.0,0.0,0.0,0.03320257376026013,0.033202573760260146,41.0,0.21562485027591757,0.08446344624640982,0.10692207568064777,0.04003562992892943,4904,0.0,0.0,0.0,0.03320257376026013,0.033202573760260146,41.0,,,,,4904,0.0,0.001835236541598695,0.001835236541598695,0.03320257376026013,0.033202573760260146,41.0,,,,,4904,0.0,0.0,0.0,0.03320257376026013,0.033202573760260146,41.0,0.09314763668487931,0.08446344624621543,0.10479984329193508,0.03644459529574584
5f4d2a52,5225,0,0,573,0.1,5225,0.0,0.0005741626794258373,0.0005741626794258373,0.03320257376026013,0.03409449017362277,41.0,0.31297544972815927,0.07868061948121687,0.24584037630276728,0.04201278459975727,5225,0.0,0.0,0.0,0.03320257376026013,0.03409449017362277,41.0,,,,,5225,0.0,0.0009569377990430622,0.0009569377990430622,0.03320257376026013,0.03409449017362277,41.0,,,,,5225,0.0,0.0,0.0,0.03320257376026013,0.033202573760260146,41.0,0.13438162679106933,0.07868061948121687,0.1667175576756724,0.037818836845198774
5f6756c5,5931,1445,1,573,0.1,5931,0.0,0.0,0.0,0.033202573760260125,0.033202573760260146,41.0,0.1992313899703358,0.09339029447352161,0.1385804819077512,0.038666537858469976,5931,0.0,0.0,0.0,0.033202573760260125,0.033202573760260146,41.0,,,,,5931,0.0,0.004889563311414601,0.004889563311414601,0.033202573760260125,0.033202573760260146,41.0,,,,,5931,0.0,0.0,0.0,0.033202573760260125,0.033202573760260146,41.0,0.12569232862529536,0.09339029447352161,0.1347340245501759,0.036722837505285356
5f75f796,5562,1795,2,573,0.1,5562,0.0,0.0,0.0,0.033202573760260125,0.033202573760260146,41.0,0.1915074992696234,0.08547404866073505,0.10692207568380399,0.03919410968710518,5562,0.0,0.0,0.0,0.033202573760260125,0.033202573760260146,41.0,,,,,5562,0.0,0.003236245954692557,0.003236245954692557,0.033202573760260125,0.033202573760260146,41.0,,,,,5562,0.0,0.0,0.0,0.033202573760260125,0.033202573760260146,41.0,0.09146811475095634,0.08446344624640982,0.1069220756806485,0.036235554310278126
5fb1c15f,2860,2426,1,573,0.1,2860,0.0,0.0,0.0,0.033202573760260125,0.033202573760260146,41.0,0.24410968870909946,0.10479984329504503,0.1580021456923377,0.039543843441907735,2860,0.0,0.0,0.0,0.033202573760260125,0.033202573760260146,41.0,,,,,2860,0.0,0.0,0.0,0.033202573760260125,0.033202573760260146,41.0,,,,,2860,0.0,0.0,0.0,0.03320257376026012,0.033202573760260146,41.0,0.11705754115818426,0.10479984329234181,0.1385804819077512,0.03605291246443115
5fffa282,4201,3299,1,573,0.1,4201,0.0,0.0,0.0,0.03320257376026013,0.033202573760260146,41.0,0.19252424025708578,0.08333162176026289,0.13055730139094215,0.039311951520337465,4201,0.0,0.0,0.0,0.03320257376026013,0.033202573760260146,41.0,,,,,4201,0.0,0.0014282313734825041,0.0014282313734825041,0.03320257376026013,0.033202573760260146,41.0,,,,,4201,0.0,0.0,0.0,0.03320257376026013,0.033202573760260146,41.0,0.11093178663310614,0.08333162175851969,0.11861624795375278,0.036976243181354444
60e37807,2699,0,0,573,0.1,2699,0.0,0.0,0.0,0.033202573760260125,0.033202573760260146,41.0,0.3708332946225471,0.09339029447352161,0.32324444378802636,0.043382971794246473,2699,0.0,0.0,0.0,0.03320257376026012,0.033202573760260146,41.0,,,,,2699,0.0,0.004816598740274175,0.004816598740274175,0.03320257376026012,0.033202573760260146,41.0,,,,,2699,0.0,0.0,0.0,0.03320257376026012,0.033202573760260146,41.0,0.14362160364553433,0.09339029447109368,0.1550168455856519,0.03739248825027365
61f27424,6220,0,0,573,0.1,6220,0.0,0.0,0.0,0.033202573760260125,0.033202573760260146,41.0,0.1486565486561212,0.08446344624640982,0.10245248945054529,0.03800128145450341,6220,0.0,0.0,0.0,0.033202573760260125,0.033202573760260146,41.0,,,,,6220,0.0,0.0006430868167202572,0.0006430868167202572,0.033202573760260125,0.033202573760260146,41.0,,,,,6220,0.0,0.0,0.0,0.033202573760260125,0.033202573760260146,41.0,0.09060803496827663,0.08446344624640982,0.09489264605085444,0.03630050450374082
62569ae3,3588,1670,1,573,0.1,3588,0.0,0.0,0.0,0.03320257376026013,0.033202573760260146,41.0,0.17394668357252013,0.07868061948121687,0.10245248945054516,0.03915813204352886,3588,0.0,0.0,0.0,0.03320257376026013,0.03320257376026013,41.0,,,,,3588,0.0,0.0002787068004459309,0.0002787068004459309,0.03320257376026013,0.03320257376026013,41.0,,,,,3588,0.0,0.0,0.0,0.03320257376026013,0.03320257376026013,41.0,0.08398797984137146,0.07806582436771739,0.09489264604838503,0.0364356281888323
62a6f539,3693,0,0,573,0.1,3693,0.0,0.0,0.0,0.033202573760260125,0.033202573760260146,41.0,0.18958500355273739,0.08547404866238331,0.1069220756806485,0.03920981294747948,3693,0.0,0.0,0.0,0.033202573760260125,0.033202573760260146,41.0,,,,,3693,0.0,0.0008123476848090983,0.0008123476848090983,0.033202573760260125,0.033202573760260146,41.0,,,,,3693,0.0,0.0,0.0,0.033202573760260125,0.033202573760260146,41.0,0.10125211024254968,0.08547404866073505,0.1047998432919352,0.03661538181063758
633774dc,6233,258,1,573,0.1,6233,0.0,0.0,0.0,0.033202573760260125,0.033202573760260146,41.0,0.2354877904338592,0.09171833262916085,0.12151368187209978,0.04030553205669,6233,0.0,0.0,0.0,0.033202573760260125,0.033202573760260146,41.0,,,,,6233,0.0,0.0008021819348628269,0.0008021819348628269,0.033202573760260125,0.033202573760260146,41.0,,,,,6233,0.0,0.0,0.0,0.033202573760260125,0.033202573760260146,41.0,0.10190205463015609,0.08547404866255696,0.10692207568380399,0.03647173533898166
63559d57,4069,0,0,573,0.1,4069,0.0,0.0,0.0,0.03320257376026012,0.03320257376026015,41.0,0.24496056041559183,0.10479984329504516,0.1580021456923373,0.03911299155997647,4069,0.0,0.0,0.0,0.03320257376026012,0.03320257376026015,41.0,,,,,4069,0.0,0.0004915212582944212,0.0004915212582944212,0.03320257376026012,0.03320257376026015,41.0,,,,,4069,0.0,0.0,0.0,0.03320257376026012,0.03320257376026015,41.0,0.11083736971368541,0.10479984329234181,0.15302664551007053,0.035767490150058055
647f2a41,3881,179,1,573,0.1,3881,0.0,0.0,0.0,0.033202573760260125,0.033202573760260146,41.0,0.221463889183179,0.09339029447109269,0.16671755767690954,0.0393851915740678,3881,0.0,0.0,0.0,0.033202573760260125,0.033202573760260146,41.0,,,,,3881,0.0,0.0056686421025508886,0.0056686421025508886,0.033202573760260125,0.033202573760260146,41.0,,,,,3881,0.0,0.0,0.0,0.033202573760260125,0.033202573760260146,41.0,0.11140029386313098,0.09339029447109269,0.1347340245501754,0.036467819336256285
65156b96,3221,0,0,573,0.1,3221,0.0,0.0,0.0,0.03320257376026012,0.03320257376026015,41.0,0.2228319910446008,0.1154374297208313,0.15800214569694557,0.03783431847601594,3221,0.0,0.0,0.0,0.03320257376026012,0.03320257376026015,41.0,,,,,3221,0.0,0.0040360136603539275,0.0040360136603539275,0.03320257376026012,0.03320257376026015,41.0,,,,,3221,0.0,0.0,0.0,0.03320257376026012,0.03320257376026015,41.0,0.14135502435066996,0.10692207568380399,0.15302664551096185,0.036129567810293084
653612bc,4605,4035,1,573,0.1,4605,0.0,0.00021715526601520088,0.00021715526601520088,0.03320257376026013,0.033202573760260146,41.0,0.15495278079887403,0.07806582436771739,0.09489264604838503,0.03855638359795481,4605,0.0,0.0,0.0,0.03320257376026013,0.033202573760260146,41.0,,,,,4605,0.0,0.006080347448425625,0.006080347448425625,0.03320257376026013,0.033202573760260146,41.0,,,,,4605,0.0,0.0,0.0,0.03320257376026013,0.033202573760260146,41.0,0.08748206042455357,0.07806582436771739,0.09339029447352161,0.03660308475600964
656a067b,3051,357,1,573,0.1,3051,0.0,0.00032776138970829236,0.00032776138970829236,0.033202573760260125,0.033202573760260146,41.0,0.37196365688420274,0.10245248945054529,0.43486659307806314,0.042915115665331655,3051,0.0,0.0,0.0,0.03320257376026012,0.033202573760260146,41.0,,,,,3051,0.0,0.0009832841691248771,0.0009832841691248771,0.03320257376026012,0.033202573760260146,41.0,,,,,3051,0.0,0.0,0.0,0.03320257376026012,0.033202573760260146,41.0,0.10882397958862554,0.09339029447352161,0.15302664551007067,0.03611712186410735
65a5466a,4683,1891,2,573,0.1,4683,0.0,0.0,0.0,0.03320257376026013,0.03320257376026015,41.0,0.2631010765579666,0.09339029447352161,0.1733644433841373,0.040266283655207194,4683,0.0,0.0,0.0,0.033202573760260125,0.033202573760260146,41.0,,,,,4683,0.0,0.001067691650651292,0.001067691650651292,0.033202573760260125,0.033202573760260146,41.0,,,,,4683,0.0,0.0,0.0,0.033202573760260125,0.033202573760260146,41.0,0.11704001855404293,0.09339029447109269,0.1385804819077512,0.036467708523637496
660d9546,4732,0,0,573,0.1,4732,0.0,0.0008453085376162299,0.0008453085376162299,0.03320257376026013,0.033202573760260146,41.0,0.22596416299998676,0.07806582436771739,0.11861624795430567,0.04034866821443858,4732,0.0,0.0,0.0,0.03320257376026013,0.033202573760260146,41.0,,,,,4732,0.0,0.002113271344040575,0.002113271344040575,0.03320257376026013,0.033202573760260146,41.0,,,,,4732,0.0,0.0,0.0,0.03320257376026013,0.033202573760260146,41.0,0.09781271396339013,0.07806582436759832,0.10479984329504516,0.0368552412184822
6767c111,6783,451,1,573,0.10999999999970897,6783,0.0,0.0004422821760283061,0.0004422821760283061,0.03322256189798413,0.03325810544720126,41.0,0.29113542888496996,0.14115121822879959,0.22894131209651708,0.039614686456838015,6783,0.0,0.0,0.0,0.03322256189798413,0.03325810544716248,41.0,,,,,6783,0.0,0.0010319917440660474,0.0010319917440660474,0.03322256189798413,0.03325810544716248,41.0,,,,,6783,0.0,0.0,0.0,0.03322256189798413,0.03325810544716248,41.0,0.14704683115385095,0.13601551506593065,0.1841124997377648,0.035386005736924304
67847288,7429,5399,3,573,0.1,7429,0.0,0.0,0.0,0.033202573760260125,0.033202573760260146,41.0,0.220159206590651,0.08547404866238331,0.1347340245501759,0.03974878508443732,7429,0.0,0.0,0.0,0.033202573760260125,0.033202573760260146,41.0,,,,,7429,0.0,0.0049804818952752725,0.0049804818952752725,0.033202573760260125,0.033202573760260146,41.0,,,,,7429,0.0,0.0,0.0,0.033202573760260125,0.033202573760260146,41.0,0.0937442216276219,0.08547404866073505,0.11543742972143416,0.03622912831282635
67a8da4a,4911,952,1,573,0.1,4911,0.0,0.0008144980655670943,0.0008144980655670943,0.03320257376026013,0.033202573760260146,41.0,0.21403172635789555,0.08446344624640982,0.1347340245501759,0.039693324182614266,4911,0.0,0.0,0.0,0.03320257376026013,0.033202573760260146,41.0,,,,,4911,0.0,0.0010181225819588678,0.0010181225819588678,0.03320257376026013,0.033202573760260146,41.0,,,,,4911,0.0,0.0,0.0,0.03320257376026013,0.033202573760260146,41.0,0.10218592046734243,0.08446344624621532,0.10692207568380399,0.03657394316800249
684a6fc1,9818,1124,2,573,0.1,9818,0.0,0.0,0.0,0.03320257376026013,0.033202573760260146,41.0,0.23082411236838524,0.08333162176004459,0.13473402455403943,0.0402935859612619,9818,0.0,0.0,0.0,0.03320257376026013,0.033202573760260146,41.0,,,,,9818,0.0,0.0008148299042574863,0.0008148299042574863,0.03320257376026013,0.033202573760260146,41.0,,,,,9818,0.0,0.0,0.0,0.03320257376026013,0.033202573760260146,41.0,0.09366391984719079,0.07868061948121687,0.11543742972143366,0.03649511191777792
698930d1,4741,0,0,573,0.1,4741,0.0,0.0002109259649862898,0.0002109259649862898,0.033202573760260125,0.033202573760260146,41.0,0.20476246214643726,0.09171833263122271,0.11543742972143416,0.039498537958579404,4741,0.0,0.0,0.0,0.033202573760260125,0.033202573760260146,41.0,,,,,4741,0.0,0.0025311115798354778,0.0025311115798354778,0.033202573760260125,0.033202573760260146,41.0,,,,,4741,0.0,0.0,0.0,0.033202573760260125,0.033202573760260146,41.0,0.11854014252903147,0.0917183326288402,0.1069220756806485,0.03700835097419681
699ea575,4120,1894,1,573,0.1,4120,0.0,0.0,0.0,0.03320257376026012,0.033202573760260146,41.0,0.2089821544025652,0.07868061948121687,0.11861624795375265,0.0400520546507532,4120,0.0,0.0,0.0,0.03320257376026012,0.033202573760260146,41.0,,,,,4120,0.0,0.0031553398058252425,0.0031553398058252425,0.03320257376026012,0.033202573760260146,41.0,,,,,4120,0.0,0.0,0.0,0.03320257376026012,0.033202573760260146,41.0,0.08642444809273907,0.07806582436771752,0.10479984329234181,0.03645016470560486
69c1bdad,2714,1334,1,573,0.1,2714,0.0,0.0,0.0,0.03320257376026013,0.033202573760260146,41.0,0.3128819852356375,0.08446344624640982,0.36808839158466866,0.041568292630789476,2714,0.0,0.0,0.0,0.03320257376026013,0.033202573760260146,41.0,,,,,2714,0.0,0.0018422991893883567,0.0018422991893883567,0.03320257376026013,0.033202573760260146,41.0,,,,,2714,0.0,0.0,0.0,0.033202573760260125,0.033202573760260146,41.0,0.09830756014582327,0.08446344624462622,0.15302664550913098,0.036294354544450624
69e41fa6,5772,0,0,573,0.1,5772,0.0,0.0005197505197505198,0.0005197505197505198,0.03320257376026013,0.033202573760260146,41.0,0.2082641839207964,0.07806582436771739,0.11861624795758466,0.03996989048047557,5772,0.0,0.0,0.0,0.03320257376026013,0.033202573760260146,41.0,,,,,5772,0.0,0.0003465003465003465,0.0003465003465003465,0.03320257376026013,0.033202573760260146,41.0,,,,,5772,0.0,0.0,0.0,0.03320257376026013,0.033202573760260146,41.0,0.0918118662727287,0.07806582436759832,0.10479984329504516,0.03662021931421678
6a0ff78e,6465,611,1,573,0.1,6465,0.0,0.0,0.0,0.03320257376026013,0.033202573760260146,41.0,0.24152999848307827,0.09171833262884009,0.11861624795758466,0.04060703935896681,6465,0.0,0.0,0.0,0.03320257376026013,0.033202573760260146,41.0,,,,,6465,0.0,0.0013921113689095127,0.0013921113689095127,0.03320257376026013,0.033202573760260146,41.0,,,,,6465,0.0,0.0,0.0,0.03320257376026013,0.033202573760260146,41.0,0.1134787467367951,0.08547404866073505,0.10692207568064777,0.03692398742244052
6a8fa194,3017,0,0,573,0.1,3017,0.0,0.0,0.0,0.03320257376026013,0.03409449017329695,41.0,0.23557419951197012,0.08446344624640982,0.2197929063578778,0.03939170297006997,3017,0.0,0.0,0.0,0.03320257376026013,0.033202573760260146,41.0,,,,,3017,0.0,0.00033145508783559825,0.00033145508783559825,0.03320257376026013,0.033202573760260146,41.0,,,,,3017,0.0,0.0,0.0,0.03320257376026013,0.033202573760260146,41.0,0.1266464181811223,0.08446344624640982,0.17713009497084292,0.03698871008893422
6ae68655,4204,0,0,573,0.1,4204,0.0,0.0,0.0,0.033202573760260125,0.033202573760260146,41.0,0.2872486658115222,0.09489264604838514,0.1580021456923377,0.04095459469017613,4204,0.0,0.0,0.0,0.033202573760260125,0.033202573760260146,41.0,,,,,4204,0.0,0.005233111322549952,0.005233111322549952,0.033202573760260125,0.033202573760260146,41.0,,,,,4204,0.0,0.0,0.0,0.033202573760260125,0.033202573760260146,41.0,0.10895027959854953,0.09339029447352161,0.1347340245501759,0.03610676802721067
6d1d74e1,5830,1709,2,573,0.1,5830,0.0,0.0,0.0,0.03320257376026013,0.03320257376026015,41.0,0.24592018790986428,0.10245248944793707,0.15302664551007053,0.03994222024866227,5830,0.0,0.0,0.0,0.03320257376026013,0.033202573760260146,41.0,,,,,5830,0.0,0.0008576329331046312,0.0008576329331046312,0.03320257376026013,0.033202573760260146,41.0,,,,,5830,0.0,0.0,0.0,0.033202573760260125,0.033202573760260146,41.0,0.11115210465241417,0.09489264605085444,0.13473402455133462,0.03612091273393502
6d590e26,6096,3141,1,573,0.1,6096,0.0,0.0,0.0,0.033202573760260125,0.033202573760260146,41.0,0.23917162910221906,0.09339029447109368,0.1580021456923377,0.039681090158215505,6096,0.0,0.0,0.0,0.033202573760260125,0.033202573760260146,41.0,,,,,6096,0.0,0.008038057742782153,0.008038057742782153,0.033202573760260125,0.033202573760260146,41.0,,,,,6096,0.0,0.0,0.0,0.033202573760260125,0.033202573760260146,41.0,0.10728859470474143,0.09339029447109368,0.13858048190708236,0.03624895669845814
6d6d93af,3595,0,0,573,0.1,3595,0.0,0.0,0.0,0.03320257376026013,0.03320257376026015,41.0,0.33172337843165395,0.09339029447352161,0.27964089779296647,0.04238849280420456,3595,0.0,0.0,0.0,0.03320257376026013,0.033202573760260146,41.0,,,,,3595,0.0,0.0008344923504867872,0.0008344923504867872,0.03320257376026013,0.033202573760260146,41.0,,,,,3595,0.0,0.0,0.0,0.033202573760260125,0.033202573760260146,41.0,0.11144183861442274,0.08547404866255696,0.1476883165755738,0.03644154673089309
6dbe4b60,4648,377,1,573,0.1,4648,0.0,0.0006454388984509467,0.0006454388984509467,0.033202573760260125,0.03320257376026015,41.0,0.2616017904099037,0.08446344624462622,0.20336437148966716,0.04038166417370312,4648,0.0,0.0,0.0,0.033202573760260125,0.033202573760260146,41.0,,,,,4648,0.0,0.005378657487091222,0.005378657487091222,0.033202573760260125,0.033202573760260146,41.0,,,,,4648,0.0,0.0,0.0,0.033202573760260125,0.033202573760260146,41.0,0.10079107701279587,0.08333162176026289,0.15302664551007053,0.03635139125593989
6e6d122c,5632,844,2,573,0.1,5632,0.0,0.0001775568181818182,0.0001775568181818182,0.03320257376026013,0.033202573760260146,41.0,0.22767213134356945,0.08446344624640982,0.13473402455403943,0.04012986913360047,5632,0.0,0.0,0.0,0.03320257376026013,0.033202573760260146,41.0,,,,,5632,0.0,0.0007102272727272727,0.0007102272727272727,0.03320257376026013,0.033202573760260146,41.0,,,,,5632,0.0,0.0,0.0,0.03320257376026013,0.033202573760260146,41.0,0.09853578147021529,0.08446344624462622,0.11861624795430567,0.0364613143960751
6e9ccd38,8282,269,1,573,0.1,8282,0.0,0.0002414875633904854,0.0002414875633904854,0.03320257376026013,0.033202573760260146,41.0,0.20516673854974343,0.07868061948121687,0.09489264605085444,0.04004524607902345,8282,0.0,0.0,0.0,0.03320257376026013,0.033202573760260146,41.0,,,,,8282,0.0,0.003984544795943009,0.003984544795943009,0.03320257376026013,0.033202573760260146,41.0,,,,,8282,0.0,0.0,0.0,0.03320257376026013,0.033202573760260146,41.0,0.12377977024826069,0.07868061948011462,0.09339029447352161,0.03772635801479104
6ea22614,5971,438,1,573,0.1,5971,0.0,0.0,0.0,0.03320257376026013,0.033202573760260146,41.0,0.23667913174458088,0.09339029447109269,0.12151368187598553,0.04002464549152767,5971,0.0,0.0,0.0,0.03320257376026013,0.033202573760260146,41.0,,,,,5971,0.0,0.0005024284039524368,0.0005024284039524368,0.03320257376026013,0.033202573760260146,41.0,,,,,5971,0.0,0.0,0.0,0.03320257376026013,0.033202573760260146,41.0,0.09896553187432149,0.09339029447109269,0.11861624795430567,0.03615672918655573
6ede926a,4938,0,0,573,0.11999999999992725,4938,0.0,0.0,0.0,0.03323811077022153,0.0332381107702933,41.0,0.2451329082919119,0.10245243864109141,0.1371042986359852,0.03832543609846655,4938,0.0,0.0,0.0,0.03323811077022153,0.0332381107702862,41.0,,,,,4938,0.0,0.001215066828675577,0.001215066828675577,0.03323811077022153,0.0332381107702862,41.0,,,,,4938,0.0,0.0,0.0,0.03323811077022153,0.0332381107702862,41.0,0.11218390130922026,0.10245243864109141,0.12480088653880198,0.03332869723234088
708caea9,6548,6242,1,573,0.1,6548,0.0,0.0006108735491753207,0.0006108735491753207,0.03320257376026012,0.033202573760260146,41.0,0.3490612200903678,0.13473402454944558,0.22907906784892482,0.0414910515642852,6548,0.0,0.0,0.0,0.03320257376026012,0.033202573760260146,41.0,,,,,6548,0.0,0.0010690287110568112,0.0010690287110568112,0.03320257376026012,0.033202573760260146,41.0,,,,,6548,0.0,0.0,0.0,0.03320257376026012,0.033202573760260146,41.0,0.1513040536358165,0.13055730139094202,0.17964052936753258,0.036450892553896226
70925e23,5947,4594,2,573,0.1,5947,0.0,0.00033630401883302503,0.00033630401883302503,0.03320257376026013,0.033202573760260146,41.0,0.2233878393135019,0.07450170809155654,0.1580021456923377,0.040341171714269174,5947,0.0,0.0,0.0,0.03320257376026013,0.033202573760260146,41.0,,,,,5947,0.0,0.003194888178913738,0.003194888178913738,0.03320257376026013,0.033202573760260146,41.0,,,,,5947,0.0,0.0,0.0,0.03320257376026013,0.033202573760260146,41.0,0.11958267214315782,0.07422110659379844,0.14768831657557394,0.037544612508778705
70e1788b,9285,0,0,573,0.1,9285,0.0,0.0,0.0,0.033202573760260125,0.033202573760260146,41.0,0.22737433587002306,0.083331621760263,0.1347340245501759,0.04023758763335416,9285,0.0,0.0,0.0,0.033202573760260125,0.033202573760260146,41.0,,,,,9285,0.0,0.001830910070005385,0.001830910070005385,0.03320257376026013,0.033202573760260146,41.0,,,,,9285,0.0,0.0,0.0,0.033202573760260125,0.033202573760260146,41.0,0.11394650518234785,0.08333162175852064,0.10692207568380399,0.037100437255502126
71642c7d,4648,536,1,573,0.1,4648,0.0,0.0,0.0,0.03320257376026013,0.033202573760260146,41.0,0.25687537792037946,0.09339029447109269,0.1385804819077512,0.04058558805366309,4648,0.0,0.0,0.0,0.03320257376026013,0.033202573760260146,41.0,,,,,4648,0.0,0.0,0.0,0.03320257376026013,0.033202573760260146,41.0,,,,,4648,0.0,0.0,0.0,0.03320257376026013,0.033202573760260146,41.0,0.11538997593364154,0.09339029447109269,0.1215136818720999,0.036618797751473815
71ccf778,2698,131,1,573,0.1,2698,0.0,0.0,0.0,0.033202573760260125,0.033202573760260146,41.0,0.21387827831811268,0.08547404866238331,0.1347340245501759,0.03949969316087822,2698,0.0,0.0,0.0,0.033202573760260125,0.033202573760260146,41.0,,,,,2698,0.0,0.0018532246108228317,0.0018532246108228317,0.033202573760260125,0.033202573760260146,41.0,,,,,2698,0.0,0.0,0.0,0.033202573760260125,0.033202573760260146,41.0,0.09846132483987181,0.08547404866073505,0.12151368187598566,0.03623327205437184
7224331b,6063,3393,5,573,0.1,6063,0.0,0.0011545439551377205,0.0011545439551377205,0.033202573760260125,0.033202573760260146,41.0,0.24181580814335657,0.09339029447352161,0.13795351722271806,0.03982054839708916,6063,0.0,0.0,0.0,0.033202573760260125,0.033202573760260146,41.0,,,,,6063,0.0,0.0013194788058716806,0.0013194788058716806,0.033202573760260125,0.033202573760260146,41.0,,,,,6063,0.0,0.0,0.0,0.03320257376026012,0.033202573760260146,41.0,0.1080153990520735,0.09339029447352161,0.12151368187260163,0.03623145361308248
722cf0d8,5143,0,0,573,0.1,5143,0.0,0.0,0.0,0.033202573760260125,0.033202573760260146,41.0,0.22085700293558955,0.08446344624621532,0.11861624795375265,0.040182264639532464,5143,0.0,0.0,0.0,0.033202573760260125,0.033202573760260146,41.0,,,,,5143,0.0,0.0021388294769589733,0.0021388294769589733,0.033202573760260125,0.033202573760260146,41.0,,,,,5143,0.0,0.0,0.0,0.033202573760260125,0.033202573760260146,41.0,0.11225310665039359,0.08446344624462622,0.1069220756806485,0.03701428907192997
7256229b,5415,3070,1,573,0.1,5415,0.0,0.0,0.0,0.03320257376026012,0.03320257376026015,41.0,0.2568197647882107,0.09339029447352161,0.1733644433841373,0.0400737612454072,5415,0.0,0.0,0.0,0.03320257376026012,0.033202573760260146,41.0,,,,,5415,0.0,0.0007386888273314866,0.0007386888273314866,0.03320257376026012,0.033202573760260146,41.0,,,,,5415,0.0,0.0,0.0,0.03320257376026012,0.033202573760260146,41.0,0.10526668445736645,0.09339029447352161,0.1385804819077512,0.03608303161070475
726f3dc2,6723,4707,1,573,0.1,6723,0.0,0.0004462293618920125,0.0004462293618920125,0.033202573760260125,0.033202573760260146,41.0,0.24643596988499494,0.08446344624640982,0.12151368187598566,0.04067942557245249,6723,0.0,0.0,0.0,0.033202573760260125,0.033202573760260146,41.0,,,,,6723,0.0,0.000892458723784025,0.000892458723784025,0.033202573760260125,0.033202573760260146,41.0,,,,,6723,0.0,0.0,0.0,0.033202573760260125,0.033202573760260146,41.0,0.09714799586255449,0.08446344624462622,0.11861624795430567,0.0364251227368681
7271dd80,4340,0,0,573,0.1,4340,0.0,0.0002304147465437788,0.0002304147465437788,0.03320257376026013,0.033202573760260146,41.0,0.17431301455960707,0.08446344624640982,0.10479984329504516,0.03878545895548657,4340,0.0,0.0,0.0,0.03320257376026013,0.033202573760260146,41.0,,,,,4340,0.0,0.007373271889400922,0.007373271889400922,0.03320257376026013,0.033202573760260146,41.0,,,,,4340,0.0,0.0,0.0,0.03320257376026013,0.033202573760260146,41.0,0.10074184179357608,0.08446344624640982,0.10245248944748911,0.03660631919364383
727a3a10,4397,0,0,573,0.1,4397,0.0,0.0,0.0,0.03320257376026012,0.033202573760260146,41.0,0.16306821504439284,0.07422110659374224,0.09339029447352161,0.03919394970185996,4397,0.0,0.0,0.0,0.03320257376026012,0.033202573760260146,41.0,,,,,4397,0.0,0.00022742779167614282,0.00022742779167614282,0.03320257376026012,0.033202573760260146,41.0,,,,,4397,0.0,0.0,0.0,0.03320257376026012,0.033202573760260146,41.0,0.08706641367464184,0.07422110659374224,0.08446344624640982,0.036947913008694065
729665c0,4263,3868,2,573,0.1,4263,0.0,0.0002345765892563922,0.0002345765892563922,0.03320257376026013,0.03320257376026015,41.0,0.28377916143739723,0.09171833263122259,0.20336437148966716,0.04049957233593753,4263,0.0,0.0,0.0,0.03320257376026013,0.033202573760260146,41.0,,,,,4263,0.0,0.0030494956603330987,0.0030494956603330987,0.03320257376026013,0.033202573760260146,41.0,,,,,4263,0.0,0.0,0.0,0.033202573760260125,0.033202573760260146,41.0,0.1324033675727143,0.08547404866238331,0.16671755767567226,0.03703449516203342
729e9750,5919,0,0,573,0.1,5919,0.0,0.00016894745734076703,0.00016894745734076703,0.03320257376026013,0.033202573760260146,41.0,0.20971741396888804,0.09339029447109269,0.1347340245501754,0.03921790933792522,5919,0.0,0.0,0.0,0.03320257376026013,0.033202573760260146,41.0,,,,,5919,0.0,0.0038857915188376417,0.0038857915188376417,0.03320257376026013,0.033202573760260146,41.0,,,,,5919,0.0,0.0,0.0,0.03320257376026013,0.033202573760260146,41.0,0.10075690567003989,0.09171833263122259,0.1215136818720999,0.036219280936305255
729f4217,6195,0,0,573,0.1,6195,0.0,0.0,0.0,0.03320257376026013,0.033202573760260146,41.0,0.17974246301931898,0.08547404866073505,0.10692207568064777,0.03886175331203454,6195,0.0,0.0,0.0,0.03320257376026013,0.033202573760260146,41.0,,,,,6195,0.0,0.0008071025020177562,0.0008071025020177562,0.03320257376026013,0.033202573760260146,41.0,,,,,6195,0.0,0.0,0.0,0.03320257376026013,0.033202573760260146,41.0,0.09688886255535374,0.08446344624640982,0.10479984329234181,0.03644602203116258
72dd8501,5193,0,0,573,0.1,5193,0.0,0.00019256691700365877,0.00019256691700365877,0.03320257376026013,0.033202573760260146,41.0,0.17016341032183416,0.083331621760263,0.09489264604838514,0.03894904872666657,5193,0.0,0.0,0.0,0.03320257376026013,0.033202573760260146,41.0,,,,,5193,0.0,0.0007702676680146351,0.0007702676680146351,0.03320257376026013,0.033202573760260146,41.0,,,,,5193,0.0,0.0,0.0,0.03320257376026013,0.03320257376026014,41.0,0.08925009765905992,0.08333162176004544,0.09339029447352161,0.03654147769251587
73348914,4221,3495,1,573,0.1,4221,0.0,0.00023691068467187872,0.00023691068467187872,0.03320257376026013,0.033202573760260146,41.0,0.1963141032336421,0.09171833262884009,0.1580021456923373,0.038339451569519574,4221,0.0,0.0,0.0,0.03320257376026013,0.033202573760260146,41.0,,,,,4221,0.0,0.00047382136934375743,0.00047382136934375743,0.03320257376026013,0.033202573760260146,41.0,,,,,4221,0.0,0.0,0.0,0.03320257376026013,0.033202573760260146,41.0,0.10868208169037079,0.08547404866255696,0.1385804819077512,0.03635315512298659
739a914f,5505,0,0,573,0.1,5505,0.0,0.0,0.0,0.03320257376026012,0.033202573760260146,41.0,0.20589120979822662,0.09339029447352161,0.12151368187598553,0.039104283722446245,5505,0.0,0.0,0.0,0.03320257376026012,0.033202573760260146,41.0,,,,,5505,0.0,0.00036330608537693006,0.00036330608537693006,0.03320257376026012,0.033202573760260146,41.0,,,,,5505,0.0,0.0,0.0,0.03320257376026012,0.033202573760260146,41.0,0.10573705261313014,0.09339029447352161,0.11861624795758466,0.036292736495248626
73b1447d,5670,0,0,573,0.1,5670,0.0,0.0,0.0,0.03320257376026013,0.03320257376026015,41.0,0.2673229528243164,0.09339029447352161,0.1956394639565836,0.04029425602683609,5670,0.0,0.0,0.0,0.03320257376026013,0.03320257376026015,41.0,,,,,5670,0.0,0.0012345679012345679,0.0012345679012345679,0.03320257376026013,0.03320257376026015,41.0,,,,,5670,0.0,0.0,0.0,0.03320257376026013,0.03320257376026015,41.0,0.11065209328480224,0.09339029447109269,0.15302664551007053,0.036294829421156395
74b6186b,3405,0,0,573,0.1,3405,0.0,0.0,0.0,0.03320257376026012,0.033202573760260146,41.0,0.1898615508262223,0.09339029447352161,0.11861624795758453,0.038683621498998094,3405,0.0,0.0,0.0,0.03320257376026012,0.033202573760260146,41.0,,,,,3405,0.0,0.0026431718061674008,0.0026431718061674008,0.03320257376026012,0.033202573760260146,41.0,,,,,3405,0.0,0.0,0.0,0.03320257376026012,0.033202573760260146,41.0,0.09774531610344742,0.09339029447352161,0.11861624795430567,0.03601337007160121
75c20ec7,5361,3807,3,573,0.1,5361,0.0,0.0,0.0,0.033202573760260125,0.033202573760260146,41.0,0.3599242442060348,0.09489264604838514,0.43486659307806314,0.042703229261010396,5361,0.0,0.0,0.0,0.03320257376026012,0.033202573760260146,41.0,,,,,5361,0.0,0.0020518559970154823,0.0020518559970154823,0.03320257376026012,0.033202573760260146,41.0,,,,,5361,0.0,0.0,0.0,0.03320257376026012,0.033202573760260146,41.0,0.10547032221260087,0.09339029447109368,0.15302664551007067,0.03618280710650342
75cd5f11,4946,0,0,573,0.1,4946,0.0,0.0,0.0,0.03320257376026013,0.033202573760260146,41.0,0.1791109899743598,0.08446344624621543,0.10479984329193508,0.039091180588467375,4946,0.0,0.0,0.0,0.03320257376026013,0.033202573760260146,41.0,,,,,4946,0.0,0.0020218358269308533,0.0020218358269308533,0.03320257376026013,0.033202573760260146,41.0,,,,,4946,0.0,0.0,0.0,0.03320257376026013,0.033202573760260146,41.0,0.08532599341651256,0.08446344624462622,0.09489264605085444,0.03628115354314976
75d20a82,5067,1403,2,573,0.1,5067,0.0,0.0,0.0,0.03320257376026013,0.033202573760260146,41.0,0.2548787088575429,0.08446344624640982,0.1733644433841373,0.04053519997472802,5067,0.0,0.0,0.0,0.033202573760260125,0.033202573760260146,41.0,,,,,5067,0.0,0.003749753305703572,0.003749753305703572,0.033202573760260125,0.033202573760260146,41.0,,,,,5067,0.0,0.0,0.0,0.033202573760260125,0.033202573760260146,41.0,0.1089964279702863,0.08446344624621532,0.1385804819077512,0.036585370785685724
76201745,4448,609,1,573,0.1,4448,0.0,0.0,0.0,0.033202573760260125,0.03320257376026015,41.0,0.2827504781900974,0.09339029447352161,0.20336437148966716,0.0405037229100095,4448,0.0,0.0,0.0,0.033202573760260125,0.033202573760260146,41.0,,,,,4448,0.0,0.002697841726618705,0.002697841726618705,0.033202573760260125,0.033202573760260146,41.0,,,,,4448,0.0,0.0,0.0,0.033202573760260125,0.033202573760260146,41.0,0.11907972524750211,0.09339029447109269,0.16671755767567226,0.03647548573524225
764072a5,2949,1546,2,573,0.11999999999992725,2949,0.0,0.0,0.0,0.03323811077022153,0.0332381107702862,41.0,0.22836308035813851,0.10798750640701223,0.13815309230702683,0.0372166618656594,2949,0.0,0.0,0.0,0.03323811077022153,0.0332381107702862,41.0,,,,,2949,0.0,0.0013563919972872161,0.0013563919972872161,0.03323811077022153,0.0332381107702862,41.0,,,,,2949,0.0,0.0,0.0,0.03323811077022153,0.0332381107702862,41.0,0.1093839085920077,0.10427703383726539,0.13352729681780406,0.03304789457591431
77b0d905,4174,4030,1,573,0.1,4174,0.0,0.0,0.0,0.033202573760260125,0.033202573760260146,41.0,0.2314302246691896,0.08547404866073505,0.10692207568380399,0.040454593227991685,4174,0.0,0.0,0.0,0.033202573760260125,0.033202573760260146,41.0,,,,,4174,0.0,0.00023957834211787255,0.00023957834211787255,0.033202573760260125,0.033202573760260146,41.0,,,,,4174,0.0,0.0,0.0,0.033202573760260125,0.033202573760260146,41.0,0.09802242143101127,0.08446344624640982,0.10479984329234181,0.036537556347426246
77e4821c,5393,336,1,573,0.1,5393,0.0,0.0,0.0,0.03320257376026013,0.033202573760260146,41.0,0.28940207863309997,0.07868061948121687,0.1958636265043808,0.0419426392564213,5393,0.0,0.0,0.0,0.03320257376026013,0.033202573760260146,41.0,,,,,5393,0.0,0.0009271277582050807,0.0009271277582050807,0.03320257376026013,0.033202573760260146,41.0,,,,,5393,0.0,0.0,0.0,0.03320257376026013,0.033202573760260146,41.0,0.10491200417868142,0.07806582436771752,0.11861624795430567,0.03674926069521731
7850c72e,5497,0,0,573,0.1,5497,0.0,0.0,0.0,0.03320257376026013,0.03320257376026015,41.0,0.29662576929821693,0.09339029447109269,0.16233555533736993,0.0417196647469682,5497,0.0,0.0,0.0,0.03320257376026013,0.03320257376026015,41.0,,,,,5497,0.0,0.0009095870474804438,0.0009095870474804438,0.03320257376026013,0.03320257376026015,41.0,,,,,5497,0.0,0.0,0.0,0.03320257376026013,0.033202573760260146,41.0,0.1392516696164294,0.08547404866238331,0.13473402454944597,0.03754321782363221
78a4a386,5119,0,0,573,0.1,5119,0.0,0.0,0.0,0.033202573760260125,0.033202573760260146,41.0,0.23869644357948885,0.0917183326288402,0.13858048190708236,0.04015490791736095,5119,0.0,0.0,0.0,0.033202573760260125,0.033202573760260146,41.0,,,,,5119,0.0,0.0017581558898222308,0.0017581558898222308,0.033202573760260125,0.033202573760260146,41.0,,,,,5119,0.0,0.0,0.0,0.033202573760260125,0.033202573760260146,41.0,0.09948014126661402,0.08547404866073505,0.11861624795758453,0.03632289564422469
79507629,5302,0,0,573,0.1,5302,0.0,0.0,0.0,0.033202573760260125,0.033202573760260146,41.0,0.18405304713503465,0.08547404866073505,0.10692207568380399,0.03865747989148846,5302,0.0,0.0,0.0,0.033202573760260125,0.033202573760260146,41.0,,,,,5302,0.0,0.000943040362127499,0.000943040362127499,0.033202573760260125,0.033202573760260146,41.0,,,,,5302,0.0,0.0,0.0,0.033202573760260125,0.033202573760260146,41.0,0.09918257281085459,0.08547404866073505,0.10501206653360615,0.03636424805932177
796dbd4c,6248,504,1,573,0.1,6248,0.0,0.00016005121638924455,0.00016005121638924455,0.03320257376026013,0.03320257376026015,41.0,0.24587190075288307,0.09339029447352161,0.1385804819077512,0.04003224660414663,6248,0.0,0.0,0.0,0.03320257376026013,0.033202573760260146,41.0,,,,,6248,0.0,0.003681177976952625,0.003681177976952625,0.03320257376026013,0.033202573760260146,41.0,,,,,6248,0.0,0.0,0.0,0.03320257376026013,0.033202573760260146,41.0,0.10596918104154063,0.09339029447352161,0.13055730139094215,0.03617495952570261
7987f2f2,3705,888,1,573,0.1,3705,0.0,0.0,0.0,0.03320257376026013,0.03320257376026015,41.0,0.3175358569617229,0.10479984329234181,0.36808839158466866,0.040806408332064205,3705,0.0,0.0,0.0,0.033202573760260125,0.033202573760260146,41.0,,,,,3705,0.0,0.004048582995951417,0.004048582995951417,0.033202573760260125,0.033202573760260146,41.0,,,,,3705,0.0,0.0,0.0,0.033202573760260125,0.033202573760260146,41.0,0.11750465354365316,0.10479984329193508,0.1733644433841373,0.03601253479304172
7993a768,5487,0,0,573,0.1,5487,0.0,0.0,0.0,0.03320257376026013,0.033202573760260146,41.0,0.15524131001368086,0.07806582436654727,0.09489264604838514,0.03880802139041239,5487,0.0,0.0,0.0,0.03320257376026013,0.033202573760260146,41.0,,,,,5487,0.0,0.00018224895206852561,0.00018224895206852561,0.03320257376026013,0.033202573760260146,41.0,,,,,5487,0.0,0.0,0.0,0.03320257376026013,0.033202573760260146,41.0,0.09427961813608489,0.07806582436654727,0.09339029447109368,0.03698094363643286
7a5660b0,4998,1576,1,573,0.1,4998,0.0,0.0,0.0,0.03320257376026013,0.033202573760260146,41.0,0.17152150494301613,0.083331621760263,0.1047998432919352,0.03884053747701208,4998,0.0,0.0,0.0,0.03320257376026013,0.033202573760260146,41.0,,,,,4998,0.0,0.0014005602240896359,0.0014005602240896359,0.03320257376026013,0.033202573760260146,41.0,,,,,4998,0.0,0.0,0.0,0.03320257376026013,0.03320257376026014,41.0,0.08700609651233503,0.08333162176004544,0.09489264605059552,0.03641513016852253
7acda2df,3091,0,0,573,0.1,3091,0.0,0.0,0.0,0.03320257376026013,0.033202573760260146,41.0,0.2607148767311347,0.08333162176026289,0.1156073000211463,0.041535417318093355,3091,0.0,0.0,0.0,0.03320257376026013,0.033202573760260146,41.0,,,,,3091,0.0,0.0016175994823681655,0.0016175994823681655,0.03320257376026013,0.033202573760260146,41.0,,,,,3091,0.0,0.0,0.0,0.03320257376026013,0.033202573760260146,41.0,0.09840768847579177,0.08333162175851969,0.09489264605059552,0.03679076882217074
7b2c7b3c,2584,306,1,573,0.1,2584,0.0,0.0,0.0,0.03320257376026012,0.033202573760260146,41.0,0.3075638954863193,0.0917183326288402,0.19586362651079378,0.0417734158947761,2584,0.0,0.0,0.0,0.03320257376026012,0.033202573760260146,41.0,,,,,2584,0.0,0.008126934984520124,0.008126934984520124,0.03320257376026012,0.033202573760260146,41.0,,,,,2584,0.0,0.0,0.0,0.03320257376026012,0.033202573760260146,41.0,0.16195996069603807,0.08547404866255696,0.1580021456923377,0.038199365812448226
7b38844c,3749,2721,1,573,0.1,3749,0.0,0.00026673779674579886,0.00026673779674579886,0.03320257376026013,0.03320257376026015,41.0,0.26060279962507454,0.09339029447352161,0.1623355553432747,0.040463589738442156,3749,0.0,0.0,0.0,0.03320257376026013,0.033202573760260146,41.0,,,,,3749,0.0,0.0018671645772205922,0.0018671645772205922,0.03320257376026013,0.033202573760260146,41.0,,,,,3749,0.0,0.0,0.0,0.03320257376026013,0.033202573760260146,41.0,0.12995464915066268,0.09339029447109269,0.12151368187260163,0.03700787246178749
7bb17b96,3922,0,0,573,0.1,3922,0.0,0.0005099439061703213,0.0005099439061703213,0.03320257376026012,0.033202573760260146,41.0,0.222905855286703,0.10245248944793707,0.15302664551007053,0.03909387877063461,3922,0.0,0.0,0.0,0.03320257376026012,0.033202573760260146,41.0,,,,,3922,0.0,0.0053544110147883735,0.0053544110147883735,0.03320257376026012,0.033202573760260146,41.0,,,,,3922,0.0,0.0,0.0,0.03320257376026012,0.033202573760260146,41.0,0.10975889782276767,0.10245248944748911,0.13055730139094215,0.036164554460658624
7c607683,5328,0,0,573,0.1,5328,0.0,0.0,0.0,0.03320257376026013,0.033202573760260146,41.0,0.2107950960504799,0.08547404866073505,0.1347340245501759,0.03939069428028668,5328,0.0,0.0,0.0,0.03320257376026013,0.033202573760260146,41.0,,,,,5328,0.0,0.0007507507507507507,0.0007507507507507507,0.03320257376026013,0.033202573760260146,41.0,,,,,5328,0.0,0.0,0.0,0.03320257376026013,0.033202573760260146,41.0,0.10318662382107971,0.08446344624640982,0.11861624795758453,0.036449041799455795
7cbbd047,5121,0,0,573,0.1,5121,0.0,0.00019527436047646945,0.00019527436047646945,0.03320257376026012,0.03320257376026015,41.0,0.2648051450086033,0.10479984329504516,0.1733644433841373,0.03983526027734978,5121,0.0,0.0,0.0,0.03320257376026012,0.03320257376026015,41.0,,,,,5121,0.0,0.0027338410466705722,0.0027338410466705722,0.03320257376026012,0.03320257376026015,41.0,,,,,5121,0.0,0.0,0.0,0.03320257376026012,0.033202573760260146,41.0,0.12976310657420265,0.10479984329504516,0.15302664551007053,0.03628103234808142
7cd4bb31,6439,0,0,573,0.1,6439,0.0,0.0,0.0,0.03320257376026013,0.033202573760260146,41.0,0.19298595512790692,0.09171833263122259,0.11861624795430567,0.038917748973016746,6439,0.0,0.0,0.0,0.03320257376026013,0.033202573760260146,41.0,,,,,6439,0.0,0.0009318217114458767,0.0009318217114458767,0.03320257376026013,0.033202573760260146,41.0,,,,,6439,0.0,0.0,0.0,0.03320257376026013,0.033202573760260146,41.0,0.1039990416262282,0.09171833262916072,0.10692207568380399,0.036442484329204855
7d50373e,5122,0,0,573,0.1,5122,0.0,0.0,0.0,0.03320257376026013,0.033202573760260146,41.0,0.1884669292741585,0.07806582436759832,0.09489264605085444,0.039741007609527465,5122,0.0,0.0,0.0,0.03320257376026013,0.033202573760260146,41.0,,,,,5122,0.0,0.001952362358453729,0.001952362358453729,0.03320257376026013,0.033202573760260146,41.0,,,,,5122,0.0,0.0,0.0,0.03320257376026013,0.033202573760260146,41.0,0.10153370506837449,0.07806582436654716,0.09339029447352161,0.037168114577213154
7d57c75d,4405,0,0,573,0.1,4405,0.0,0.0,0.0,0.03320257376026013,0.03320257376026015,41.0,0.30194500118355366,0.09339029447109269,0.27964089779296647,0.041127667717373105,4405,0.0,0.0,0.0,0.03320257376026013,0.033202573760260146,41.0,,,,,4405,0.0,0.0022701475595913734,0.0022701475595913734,0.03320257376026013,0.033202573760260146,41.0,,,,,4405,0.0,0.0,0.0,0.03320257376026013,0.033202573760260146,41.0,0.12015998562136311,0.09171833262884009,0.1476883165755738,0.036614783744800226
7e208414,4226,1152,1,573,0.1,4226,0.0,0.0,0.0,0.03320257376026013,0.033202573760260146,41.0,0.1628333664096264,0.08333162176026289,0.09489264605085444,0.03867199614426362,4226,0.0,0.0,0.0,0.03320257376026013,0.033202573760260146,41.0,,,,,4226,0.0,0.00709891150023663,0.00709891150023663,0.03320257376026013,0.033202573760260146,41.0,,,,,4226,0.0,0.0,0.0,0.03320257376026013,0.033202573760260146,41.0,0.09201082866087149,0.08333162176026289,0.09489264605059552,0.036557697876171004
7e721392,6174,0,0,573,0.1,6174,0.0,0.0,0.0,0.03320257376026013,0.033202573760260146,41.0,0.20680509375084039,0.07806582436759843,0.10479984329504503,0.040197771582378077,6174,0.0,0.0,0.0,0.03320257376026013,0.033202573760260146,41.0,,,,,6174,0.0,0.0012957563977972141,0.0012957563977972141,0.03320257376026013,0.033202573760260146,41.0,,,,,6174,0.0,0.0,0.0,0.03320257376026013,0.033202573760260146,41.0,0.08569658766092425,0.07806582436759843,0.09339029447109368,0.03664113100197071
7ff89f8f,7337,3695,1,573,0.1,7337,0.0,0.0,0.0,0.03320257376026013,0.033202573760260146,41.0,0.20282808458957224,0.08446344624462622,0.09489264605085444,0.03992649313487794,7337,0.0,0.0,0.0,0.03320257376026013,0.033202573760260146,41.0,,,,,7337,0.0,0.0004088864658579801,0.0004088864658579801,0.03320257376026013,0.033202573760260146,41.0,,,,,7337,0.0,0.0,0.0,0.03320257376026013,0.033202573760260146,41.0,0.09450112441707484,0.083331621760263,0.09339029447352161,0.03671495371582367
8050c789,3077,0,0,573,0.1,3077,0.0,0.0,0.0,0.033202573760260125,0.033202573760260146,41.0,0.22584259460004583,0.08446344624640982,0.12151368187260163,0.04003661183277708,3077,0.0,0.0,0.0,0.033202573760260125,0.033202573760260146,41.0,,,,,3077,0.0,0.00032499187520311994,0.00032499187520311994,0.03320257376026012,0.033202573760260146,41.0,,,,,3077,0.0,0.0,0.0,0.03320257376026012,0.033202573760260146,41.0,0.09687183700935208,0.08446344624640982,0.10479984329504503,0.036390003798830235
807f0298,3747,985,2,573,0.10999999999970897,3747,0.0,0.0002668801708033093,0.0002668801708033093,0.03322256189798413,0.03325810544720126,41.0,0.3279765542362655,0.14115121822970592,0.21818186803119194,0.04018596358803037,3747,0.0,0.0,0.0,0.03322256189798413,0.03325810544716248,41.0,,,,,3747,0.0,0.0005337603416066186,0.0005337603416066186,0.03322256189798413,0.03325810544716248,41.0,,,,,3747,0.0,0.0,0.0,0.03322256189798413,0.03325810544716248,41.0,0.14478818205188534,0.13601551506593065,0.1841124997377648,0.034997992593956584
811f52b3,4836,3195,1,573,0.1,4836,0.0,0.0,0.0,0.033202573760260125,0.033202573760260146,41.0,0.22170281463213667,0.0917183326288402,0.15302664551007067,0.03940081579237174,4836,0.0,0.0,0.0,0.033202573760260125,0.033202573760260146,41.0,,,,,4836,0.0,0.002688172043010753,0.002688172043010753,0.033202573760260125,0.033202573760260146,41.0,,,,,4836,0.0,0.0,0.0,0.03320257376026012,0.033202573760260146,41.0,0.1109146631283706,0.08547404866238331,0.14768831657557394,0.036460306231606066
81bf5923,4543,3374,4,573,0.1,4543,0.0,0.0,0.0,0.03320257376026013,0.033202573760260146,41.0,0.22927226153721186,0.074501708092126,0.11456241914824326,0.04092388520044666,4543,0.0,0.0,0.0,0.03320257376026013,0.033202573760260146,41.0,,,,,4543,0.0,0.007704160246533128,0.007704160246533128,0.03320257376026013,0.033202573760260146,41.0,,,,,4543,0.0,0.0,0.0,0.03320257376026013,0.033202573760260146,41.0,0.09403224573014259,0.074501708092126,0.09339029447109368,0.036985941535194064
81fc01c6,5909,1292,3,573,0.1,5909,0.0,0.0008461668641056016,0.0008461668641056016,0.033202573760260125,0.033202573760260146,41.0,0.3296665621110745,0.10245248944793707,0.27528064095056903,0.042113965877630166,5909,0.0,0.0,0.0,0.033202573760260125,0.033202573760260146,41.0,,,,,5909,0.0,0.002538500592316805,0.002538500592316805,0.033202573760260125,0.033202573760260146,41.0,,,,,5909,0.0,0.0,0.0,0.03320257376026012,0.033202573760260146,41.0,0.10518351254459118,0.09339029447352161,0.1385804819077512,0.03607632222492977
8255c867,3589,0,0,573,0.1,3589,0.0,0.0,0.0,0.03320257376026013,0.033202573760260146,41.0,0.33112476279890113,0.08547404866073505,0.2944722275632456,0.04275213936636003,3589,0.0,0.0,0.0,0.033202573760260125,0.033202573760260146,41.0,,,,,3589,0.0,0.0008358874338255781,0.0008358874338255781,0.033202573760260125,0.033202573760260146,41.0,,,,,3589,0.0,0.0,0.0,0.033202573760260125,0.033202573760260146,41.0,0.09827560487127829,0.08446344624640982,0.1154374297208308,0.03640166209109938
82aab6d2,6140,1523,2,573,0.1,6140,0.0,0.0,0.0,0.033202573760260125,0.033202573760260146,41.0,0.23441931482376582,0.09171833263122271,0.13858048191174224,0.03948188144912402,6140,0.0,0.0,0.0,0.033202573760260125,0.033202573760260146,41.0,,,,,6140,0.0,0.0035830618892508143,0.0035830618892508143,0.033202573760260125,0.033202573760260146,41.0,,,,,6140,0.0,0.0,0.0,0.033202573760260125,0.033202573760260146,41.0,0.10079685828108373,0.09171833262916085,0.12151368187598566,0.036273962874090605
82fcf37c,6014,0,0,573,0.1,6014,0.0,0.0,0.0,0.03320257376026013,0.033202573760260146,41.0,0.20448184314814272,0.07806582436654727,0.10479984329504503,0.04022580192574586,6014,0.0,0.0,0.0,0.03320257376026013,0.033202573760260146,41.0,,,,,6014,0.0,0.0003325573661456601,0.0003325573661456601,0.03320257376026013,0.033202573760260146,41.0,,,,,6014,0.0,0.0,0.0,0.033202573760260125,0.033202573760260146,41.0,0.08846117153381089,0.07736674910198033,0.09339029447352161,0.036776330573095484
833af382,3628,1507,2,573,0.1,3628,0.0,0.0,0.0,0.03320257376026013,0.033202573760260146,41.0,0.32182846632228584,0.07868061948121687,0.4976849864466036,0.04184694963304512,3628,0.0,0.0,0.0,0.03320257376026013,0.033202573760260146,41.0,,,,,3628,0.0,0.003031973539140022,0.003031973539140022,0.03320257376026013,0.033202573760260146,41.0,,,,,3628,0.0,0.0,0.0,0.03320257376026013,0.033202573760260146,41.0,0.0982397963345069,0.07806582436771739,0.15800214569190307,0.03653103423240773
8382f4b6,4967,0,0,573,0.1,4967,0.0,0.0004026575397624321,0.0004026575397624321,0.03320257376026013,0.033202573760260146,41.0,0.23642718984557906,0.08446344624621532,0.2197929063578778,0.039502648856896395,4967,0.0,0.0,0.0,0.03320257376026013,0.033202573760260146,41.0,,,,,4967,0.0,0.0036239178578618887,0.0036239178578618887,0.03320257376026013,0.033202573760260146,41.0,,,,,4967,0.0,0.0,0.0,0.033202573760260125,0.033202573760260146,41.0,0.10038977318061361,0.08446344624621532,0.13473402455403982,0.0363705714143188
84633df4,4972,3327,1,573,0.1,4972,0.0,0.0,0.0,0.03320257376026012,0.033202573760260146,41.0,0.17453548138408218,0.10245248945054529,0.12151368187209978,0.037843549486402006,4972,0.0,0.0,0.0,0.03320257376026012,0.033202573760260146,41.0,,,,,4972,0.0,0.0,0.0,0.03320257376026012,0.033202573760260146,41.0,,,,,4972,0.0,0.0,0.0,0.03320257376026012,0.033202573760260146,41.0,0.1039200360079591,0.10245248945054529,0.12151368187209978,0.03586569488903993
8478df29,4857,1396,2,573,0.1,4857,0.0,0.0,0.0,0.03320257376026012,0.033202573760260146,41.0,0.23436924157461023,0.1047998432919352,0.1385804819077512,0.039237176802144336,4857,0.0,0.0,0.0,0.03320257376026012,0.033202573760260146,41.0,,,,,4857,0.0,0.0030883261272390363,0.0030883261272390363,0.03320257376026012,0.033202573760260146,41.0,,,,,4857,0.0,0.0,0.0,0.03320257376026012,0.033202573760260146,41.0,0.10628906642527804,0.10245248945054529,0.13858048190708236,0.03580053623700935
84815d5a,3647,0,0,573,0.1,3647,0.0,0.0005483959418700301,0.0005483959418700301,0.03320257376026012,0.033202573760260146,41.0,0.2710946503131527,0.08333162175852064,0.12151368187209978,0.04175941748870979,3647,0.0,0.0,0.0,0.03320257376026012,0.033202573760260146,41.0,,,,,3647,0.0,0.0021935837674801205,0.0021935837674801205,0.03320257376026012,0.033202573760260146,41.0,,,,,3647,0.0,0.0,0.0,0.03320257376026012,0.033202573760260146,41.0,0.09385471360220887,0.07868061948121687,0.1069220756806485,0.03657957106512151
84c3b497,5312,3257,2,573,0.1,5312,0.0,0.00018825301204819278,0.00018825301204819278,0.033202573760260125,0.033202573760260146,41.0,0.3051739268975844,0.08446344624640982,0.2197929063578778,0.04218161051053541,5312,0.0,0.0,0.0,0.03320257376026013,0.03409449017329695,41.0,,,,,5312,0.0,0.0009412650602409639,0.0009412650602409639,0.03320257376026013,0.033202573760260146,41.0,,,,,5312,0.0,0.0,0.0,0.033202573760260125,0.033202573760260146,41.0,0.16238118318245395,0.08446344624462622,0.13473402455403982,0.03920269932276703
85380836,6618,305,1,573,0.1,6618,0.0,0.0,0.0,0.03320257376026013,0.033202573760260146,41.0,0.183165066614282,0.083331621760263,0.1047998432919352,0.039230930621002455,6618,0.0,0.0,0.0,0.03320257376026013,0.033202573760260146,41.0,,,,,6618,0.0,0.0024176488365064974,0.0024176488365064974,0.03320257376026013,0.033202573760260146,41.0,,,,,6618,0.0,0.0,0.0,0.03320257376026013,0.033202573760260146,41.0,0.0917493922892461,0.083331621760263,0.09489264605059552,0.03652610688695253
8612b37f,5165,3052,2,573,0.11999999999992725,5165,0.0,0.0,0.0,0.033238110770245445,0.0332381107702933,41.0,0.30024951544278977,0.1174489655390226,0.1879487461194588,0.03924320093401483,5165,0.0,0.0,0.0,0.033238110770228674,0.0332381107702862,41.0,,,,,5165,0.0,0.0011616650532429815,0.0011616650532429815,0.033238110770228674,0.0332381107702862,41.0,,,,,5165,0.0,0.0,0.0,0.033238110770228674,0.0332381107702862,41.0,0.1218939611267235,0.11344105470971302,0.15530836022212183,0.033301583084981004
861e71df,4700,2290,1,573,0.1,4700,0.0,0.0,0.0,0.03320257376026013,0.033202573760260146,41.0,0.17807543403525852,0.09171833262884009,0.11861624795758466,0.03867455924986021,4700,0.0,0.0,0.0,0.03320257376026013,0.033202573760260146,41.0,,,,,4700,0.0,0.00425531914893617,0.00425531914893617,0.03320257376026013,0.033202573760260146,41.0,,,,,4700,0.0,0.0,0.0,0.03320257376026013,0.033202573760260146,41.0,0.12320391374368947,0.08547404866255696,0.11861624795375278,0.03714705012547796
86454a6f,7964,538,1,573,0.1,7964,0.0,0.0,0.0,0.03320257376026013,0.03320257376026015,41.0,0.2642306138768817,0.09171833262916072,0.22919422368941983,0.040182095959068576,7964,0.0,0.0,0.0,0.03320257376026013,0.03320257376026015,41.0,,,,,7964,0.0,0.0012556504269211452,0.0012556504269211452,0.03320257376026013,0.03320257376026015,41.0,,,,,7964,0.0,0.0,0.0,0.03320257376026013,0.033202573760260146,41.0,0.11349260209084719,0.08547404866238331,0.13473402455403943,0.03646493326381848
8648abae,4244,881,1,573,0.1,4244,0.0,0.0,0.0,0.03320257376026013,0.03320257376026015,41.0,0.23129163679686063,0.09489264604838503,0.15800214569146873,0.039243384769598315,4244,0.0,0.0,0.0,0.03320257376026013,0.03320257376026015,41.0,,,,,4244,0.0,0.0,0.0,0.03320257376026013,0.03320257376026015,41.0,,,,,4244,0.0,0.0,0.0,0.033202573760260125,0.033202573760260146,41.0,0.14040075309628205,0.09489264604838503,0.1385804819077512,0.03695112045511569
865033f8,3557,0,0,573,0.1,3557,0.0,0.0,0.0,0.033202573760260125,0.033202573760260146,41.0,0.20106758314867998,0.08446344624640982,0.10692207568380399,0.03950768337618509,3557,0.0,0.0,0.0,0.033202573760260125,0.033202573760260146,41.0,,,,,3557,0.0,0.005341579983131853,0.005341579983131853,0.033202573760260125,0.033202573760260146,41.0,,,,,3557,0.0,0.0,0.0,0.03320257376026012,0.03320257376026014,41.0,0.1083810687473007,0.08446344624621532,0.10479984329504503,0.03686453330364121
87695469,7003,0,0,573,0.1,7003,0.0,0.0,0.0,0.033202573760260125,0.033202573760260146,41.0,0.23531295489478787,0.09339029447109368,0.13858048190708236,0.039874540392713695,7003,0.0,0.0,0.0,0.033202573760260125,0.033202573760260146,41.0,,,,,7003,0.0,0.0035698986148793373,0.0035698986148793373,0.033202573760260125,0.033202573760260146,41.0,,,,,7003,0.0,0.0,0.0,0.033202573760260125,0.033202573760260146,41.0,0.10109170963413097,0.09339029447109368,0.13055730139094202,0.036199105297215046
877ed19c,3708,2582,1,573,0.1,3708,0.0,0.0,0.0,0.03320257376026013,0.033202573760260146,41.0,0.21415139636751263,0.09339029447352161,0.1215136818720999,0.03936594234595948,3708,0.0,0.0,0.0,0.03320257376026013,0.033202573760260146,41.0,,,,,3708,0.0,0.00026968716289104636,0.00026968716289104636,0.03320257376026013,0.033202573760260146,41.0,,,,,3708,0.0,0.0,0.0,0.03320257376026012,0.033202573760260146,41.0,0.09964148685994473,0.09339029447352161,0.10692207568380399,0.036093446644820365
87aa3730,5607,0,0,573,0.1,5607,0.0,0.0,0.0,0.03320257376026013,0.033202573760260146,41.0,0.23996975959071762,0.09339029447109269,0.13858048190708247,0.04001954114802175,5607,0.0,0.0,0.0,0.03320257376026013,0.033202573760260146,41.0,,,,,5607,0.0,0.001070090957731407,0.001070090957731407,0.03320257376026013,0.033202573760260146,41.0,,,,,5607,0.0,0.0,0.0,0.03320257376026013,0.033202573760260146,41.0,0.11813905814410228,0.09339029447109269,0.12151368187260163,0.03669046693248729
884ecb5f,6724,0,0,573,0.1,6724,0.0,0.0,0.0,0.03320257376026013,0.033202573760260146,41.0,0.28303219181656375,0.09171833262884009,0.1958636265043808,0.040925065764671156,6724,0.0,0.0,0.0,0.03320257376026013,0.033202573760260146,41.0,,,,,6724,0.0,0.00669244497323022,0.00669244497323022,0.03320257376026013,0.033202573760260146,41.0,,,,,6724,0.0,0.0,0.0,0.03320257376026013,0.033202573760260146,41.0,0.1271300066877784,0.08547404866238331,0.1385804819077512,0.03702325187440619
8902c3f6,4959,1007,1,573,0.1,4959,0.0,0.0,0.0,0.03320257376026013,0.033202573760260146,41.0,0.191915235711299,0.08333162176026289,0.1215136818720999,0.039209632944227114,4959,0.0,0.0,0.0,0.03320257376026013,0.033202573760260146,41.0,,,,,4959,0.0,0.004234724742891712,0.004234724742891712,0.03320257376026013,0.033202573760260146,41.0,,,,,4959,0.0,0.0,0.0,0.03320257376026013,0.033202573760260146,41.0,0.10266134579218399,0.08333162176026289,0.11861624795375278,0.03674217715920162
896d15b9,4279,0,0,573,0.1,4279,0.0,0.0,0.0,0.033202573760260125,0.033202573760260146,41.0,0.28208199539920836,0.09489264604838514,0.1580021456923377,0.04096093369202783,4279,0.0,0.0,0.0,0.033202573760260125,0.033202573760260146,41.0,,,,,4279,0.0,0.00046739892498247256,0.00046739892498247256,0.033202573760260125,0.033202573760260146,41.0,,,,,4279,0.0,0.0,0.0,0.03320257376026012,0.033202573760260146,41.0,0.11608311077643266,0.09339029447109368,0.15302664551007067,0.03637126206092743
8995c945,6724,1962,4,573,0.1,6724,0.0,0.000148720999405116,0.000148720999405116,0.03320257376026012,0.033202573760260146,41.0,0.29563794343080657,0.11861624795758453,0.2197929063578778,0.04008543633653902,6724,0.0,0.0,0.0,0.03320257376026012,0.033202573760260146,41.0,,,,,6724,0.0,0.000446162998215348,0.000446162998215348,0.03320257376026012,0.033202573760260146,41.0,,,,,6724,0.0,0.0,0.0,0.03320257376026012,0.033202573760260146,41.0,0.13646034774981014,0.11861624795758453,0.17964052936753258,0.035927878696721
89969c7a,4947,822,1,573,0.1,4947,0.0,0.0004042854255104103,0.0004042854255104103,0.03320257376026012,0.033202573760260146,41.0,0.2795777879822505,0.1047998432919352,0.1580021456923377,0.04070243172606872,4947,0.0,0.0,0.0,0.03320257376026012,0.033202573760260146,41.0,,,,,4947,0.0,0.0018192844147968466,0.0018192844147968466,0.03320257376026012,0.033202573760260146,41.0,,,,,4947,0.0,0.0,0.0,0.03320257376026012,0.033202573760260146,41.0,0.10284767455543861,0.10245248944793707,0.13858048190708236,0.03592322148594515
89f1085d,5994,4364,2,573,0.10999999999970897,5994,0.0,0.0,0.0,0.03322256189798413,0.03325810544720126,41.0,0.263753243255743,0.10170376960247397,0.21818186802925535,0.039039952782050025,5994,0.0,0.0,0.0,0.03322256189798413,0.03325810544720126,41.0,,,,,5994,0.0,0.00717384050717384,0.00717384050717384,0.03322256189798413,0.03325810544720126,41.0,,,,,5994,0.0,0.0,0.0,0.03322256189798413,0.03325810544720126,41.0,0.12388086168837009,0.10170376960247397,0.16887434288352227,0.035263863055895885
89f36adf,5292,0,0,573,0.1,5292,0.0,0.0,0.0,0.03320257376026013,0.033202573760260146,41.0,0.1855259401557213,0.07806582436759832,0.10479984329504516,0.039522697240632315,5292,0.0,0.0,0.0,0.03320257376026013,0.033202573760260146,41.0,,,,,5292,0.0,0.0013227513227513227,0.0013227513227513227,0.03320257376026013,0.033202573760260146,41.0,,,,,5292,0.0,0.0,0.0,0.03320257376026013,0.033202573760260146,41.0,0.08296177762064304,0.07806582436654716,0.09489264605085444,0.03652037967115298
89fdb2f2,2031,0,0,573,0.1,2031,0.0,0.0,0.0,0.03320257376026013,0.033202573760260146,41.0,0.16308251681488656,0.08446344624462622,0.1024524894484587,0.03865433245992819,2031,0.0,0.0,0.0,0.03320257376026013,0.033202573760260146,41.0,,,,,2031,0.0,0.002461841457410143,0.002461841457410143,0.03320257376026013,0.033202573760260146,41.0,,,,,2031,0.0,0.0,0.0,0.03320257376026013,0.033202573760260146,41.0,0.08400085655096597,0.08333162176026289,0.09489264605059552,0.036340515310526664
8a3da6d1,4593,2805,1,573,0.1,4593,0.0,0.0,0.0,0.03320257376026012,0.033202573760260146,41.0,0.2553383557005488,0.09489264605085444,0.15302664551007067,0.04026525210448929,4593,0.0,0.0,0.0,0.03320257376026012,0.033202573760260146,41.0,,,,,4593,0.0,0.0017417809710428913,0.0017417809710428913,0.03320257376026012,0.033202573760260146,41.0,,,,,4593,0.0,0.0,0.0,0.03320257376026012,0.033202573760260146,41.0,0.16313763797174585,0.09339029447352161,0.15302664551007067,0.040252195449966575
8a89da23,3935,0,0,573,0.1,3935,0.0,0.0,0.0,0.03320257376026013,0.033202573760260146,41.0,0.2372339152670221,0.08446344624640982,0.1385804819077512,0.04028829826835092,3935,0.0,0.0,0.0,0.03320257376026013,0.033202573760260146,41.0,,,,,3935,0.0,0.0015247776365946632,0.0015247776365946632,0.03320257376026013,0.033202573760260146,41.0,,,,,3935,0.0,0.0,0.0,0.03320257376026013,0.033202573760260146,41.0,0.10250678697437834,0.08446344624621543,0.11861624795375278,0.03661410177992633
8a9c8932,4663,0,0,573,0.1,4663,0.0,0.0,0.0,0.033202573760260125,0.033202573760260146,41.0,0.19493057089421845,0.08446344624640982,0.12151368187598566,0.03914923256203185,4663,0.0,0.0,0.0,0.033202573760260125,0.033202573760260146,41.0,,,,,4663,0.0,0.008363714346986918,0.008363714346986918,0.033202573760260125,0.033202573760260146,41.0,,,,,4663,0.0,0.0,0.0,0.033202573760260125,0.033202573760260146,41.0,0.11941440463584461,0.08446344624640982,0.11861624795430567,0.03702738310812811
8ac2f237,5319,0,0,573,0.1,5319,0.0,0.0,0.0,0.03320257376026013,0.033202573760260146,41.0,0.215248968979256,0.08446344624621532,0.11861624795430567,0.03985829151783748,5319,0.0,0.0,0.0,0.03320257376026013,0.033202573760260146,41.0,,,,,5319,0.0,0.00037601052829479227,0.00037601052829479227,0.03320257376026013,0.033202573760260146,41.0,,,,,5319,0.0,0.0,0.0,0.033202573760260125,0.033202573760260146,41.0,0.1086862355106897,0.08446344624462622,0.10479984329504503,0.03691061514739014
8b12bab6,5234,1544,2,573,0.1,5234,0.0,0.0,0.0,0.03320257376026013,0.033202573760260146,41.0,0.23739694754487806,0.08333162175852064,0.1347340245501759,0.04071639977558907,5234,0.0,0.0,0.0,0.03320257376026013,0.033202573760260146,41.0,,,,,5234,0.0,0.008215513947267864,0.008215513947267864,0.03320257376026013,0.033202573760260146,41.0,,,,,5234,0.0,0.0,0.0,0.033202573760260125,0.033202573760260146,41.0,0.09267654798771877,0.07868061948121687,0.10692207568380399,0.036544180815499865
8b5be31b,5672,1106,1,573,0.1,5672,0.0,0.0001763046544428773,0.0001763046544428773,0.03320257376026012,0.033202573760260146,41.0,0.2787971130083937,0.10245248944793707,0.17964052936753258,0.04028234893137267,5672,0.0,0.0,0.0,0.03320257376026012,0.033202573760260146,41.0,,,,,5672,0.0,0.0015867418899858955,0.0015867418899858955,0.03320257376026012,0.033202573760260146,41.0,,,,,5672,0.0,0.0,0.0,0.03320257376026012,0.033202573760260146,41.0,0.10988139493982464,0.09489264605085444,0.15302664551007067,0.03600883817790495
8b95d6d1,1731,0,0,573,0.1,1731,0.0,0.0,0.0,0.03320257376026013,0.033202573760260146,41.0,0.22432028053931327,0.07806582436759832,0.09489264604838503,0.04092041513742804,1731,0.0,0.0,0.0,0.03320257376026013,0.033202573760260146,41.0,,,,,1731,0.0,0.0005777007510109763,0.0005777007510109763,0.03320257376026013,0.033202573760260146,41.0,,,,,1731,0.0,0.0,0.0,0.03320257376026013,0.033202573760260146,41.0,0.08881178028078439,0.07806582436759832,0.08547404866255696,0.03676709173793656
8b9d8326,6163,0,0,573,0.1,6163,0.0,0.0,0.0,0.03320257376026013,0.033202573760260146,41.0,0.19231542845913488,0.08446344624621543,0.11861624795375278,0.039293003642426216,6163,0.0,0.0,0.0,0.03320257376026013,0.033202573760260146,41.0,,,,,6163,0.0,0.0006490345610903781,0.0006490345610903781,0.03320257376026013,0.033202573760260146,41.0,,,,,6163,0.0,0.0,0.0,0.03320257376026013,0.033202573760260146,41.0,0.09297121356117975,0.08446344624462622,0.10692207568064777,0.03640607391246576
8bb9c1e6,4546,2939,1,573,0.1,4546,0.0,0.0,0.0,0.033202573760260125,0.033202573760260146,41.0,0.19909623450498376,0.0917183326288402,0.14768831657557394,0.03891354177646853,4546,0.0,0.0,0.0,0.033202573760260125,0.033202573760260146,41.0,,,,,4546,0.0,0.0015398152221733391,0.0015398152221733391,0.033202573760260125,0.033202573760260146,41.0,,,,,4546,0.0,0.0,0.0,0.033202573760260125,0.033202573760260146,41.0,0.1033521788088667,0.08547404866255696,0.12151368187260163,0.03637570940741333
8bda1a11,5981,0,0,573,0.1,5981,0.0,0.0,0.0,0.03320257376026013,0.03320257376026015,41.0,0.2342532482143335,0.08547404866238331,0.1385804819077512,0.03993053475021262,5981,0.0,0.0,0.0,0.03320257376026013,0.033202573760260146,41.0,,,,,5981,0.0,0.001337568968399933,0.001337568968399933,0.03320257376026013,0.033202573760260146,41.0,,,,,5981,0.0,0.0,0.0,0.03320257376026013,0.033202573760260146,41.0,0.1036290362124343,0.08547404866073505,0.12151368187260163,0.03639707558617859
8bfa881d,4089,0,0,573,0.1,4089,0.0,0.0,0.0,0.03320257376026013,0.033202573760260146,41.0,0.23673766771496058,0.07806582436759843,0.09339029447352161,0.04135409008032084,4089,0.0,0.0,0.0,0.03320257376026013,0.033202573760260146,41.0,,,,,4089,0.0,0.0004891171435558817,0.0004891171435558817,0.03320257376026013,0.033202573760260146,41.0,,,,,4089,0.0,0.0,0.0,0.03320257376026013,0.033202573760260146,41.0,0.08566125664838097,0.07806582436654727,0.08547404866255696,0.0367569705649152
8c167025,5368,3310,2,573,0.1,5368,0.0,0.0,0.0,0.03320257376026013,0.033202573760260146,41.0,0.2207356249196123,0.08547404866073505,0.1347340245501754,0.040010635956719914,5368,0.0,0.0,0.0,0.03320257376026013,0.033202573760260146,41.0,,,,,5368,0.0,0.0016766020864381521,0.0016766020864381521,0.03320257376026013,0.033202573760260146,41.0,,,,,5368,0.0,0.0,0.0,0.03320257376026013,0.033202573760260146,41.0,0.09953496760226509,0.08446344624621543,0.10692207568380399,0.03657954317324208
8c8348e8,3888,0,0,573,0.1,3888,0.0,0.0,0.0,0.03320257376026013,0.033202573760260146,41.0,0.20293203248024166,0.07806582436654727,0.10479984329504516,0.040084115422170434,3888,0.0,0.0,0.0,0.03320257376026013,0.033202573760260146,41.0,,,,,3888,0.0,0.0,0.0,0.03320257376026013,0.033202573760260146,41.0,,,,,3888,0.0,0.0,0.0,0.03320257376026013,0.033202573760260146,41.0,0.08559518955567696,0.07806582436654716,0.09339029447352161,0.03662580299370337
8cc21f01,4044,2198,2,573,0.1,4044,0.0,0.0,0.0,0.03320257376026013,0.033202573760260146,41.0,0.19476277556110905,0.08333162176026289,0.09489264604838503,0.03971081276699326,4044,0.0,0.0,0.0,0.03320257376026013,0.033202573760260146,41.0,,,,,4044,0.0,0.0002472799208704253,0.0002472799208704253,0.03320257376026013,0.033202573760260146,41.0,,,,,4044,0.0,0.0,0.0,0.03320257376026013,0.033202573760260146,41.0,0.08875485365574566,0.08333162176026289,0.09339029447352161,0.03652321746507344
8cc800b3,6576,472,1,573,0.1,6576,0.0,0.0,0.0,0.03320257376026012,0.03320257376026015,41.0,0.21568291977567644,0.10692207568064777,0.15302664551007053,0.03856916605234795,6576,0.0,0.0,0.0,0.03320257376026012,0.03320257376026015,41.0,,,,,6576,0.0,0.0038017031630170318,0.0038017031630170318,0.03320257376026012,0.03320257376026015,41.0,,,,,6576,0.0,0.0,0.0,0.03320257376026012,0.03320257376026015,41.0,0.1369744432212003,0.10692207568064777,0.1385804819077512,0.03644434116887693
8d5d46d7,5755,5348,1,573,0.1,5755,0.0,0.0,0.0,0.033202573760260125,0.033202573760260146,41.0,0.279256909528589,0.09339029447109368,0.15800214569146848,0.04121716099204117,5755,0.0,0.0,0.0,0.03320257376026012,0.033202573760260146,41.0,,,,,5755,0.0,0.0033014769765421373,0.0033014769765421373,0.03320257376026012,0.033202573760260146,41.0,,,,,5755,0.0,0.0,0.0,0.03320257376026012,0.033202573760260146,41.0,0.10284281693144741,0.0917183326288402,0.12151368187260163,0.036335235096642174
8d92cb49,3589,0,0,573,0.1,3589,0.0,0.0,0.0,0.033202573760260125,0.033202573760260146,41.0,0.2060130357820498,0.09489264604838514,0.12151368187260163,0.038945910289032014,3589,0.0,0.0,0.0,0.033202573760260125,0.033202573760260146,41.0,,,,,3589,0.0,0.0008358874338255781,0.0008358874338255781,0.033202573760260125,0.033202573760260146,41.0,,,,,3589,0.0,0.0,0.0,0.03320257376026012,0.033202573760260146,41.0,0.10969709060801916,0.09339029447352161,0.11861624795430567,0.03633361151605563
8f201368,6349,5100,2,573,0.1,6349,0.0,0.0,0.0,0.033202573760260125,0.033202573760260146,41.0,0.26416938371674137,0.08446344624621532,0.12151368187209978,0.04138656791676329,6349,0.0,0.0,0.0,0.03320257376026012,0.033202573760260146,41.0,,,,,6349,0.0,0.0025200819026618363,0.0025200819026618363,0.03320257376026012,0.033202573760260146,41.0,,,,,6349,0.0,0.0,0.0,0.03320257376026012,0.033202573760260146,41.0,0.09328031892857612,0.08446344624462622,0.10692207568380399,0.03640703874800791
90386ee4,3840,0,0,573,0.1,3840,0.0,0.00026041666666666666,0.00026041666666666666,0.03320257376026013,0.033202573760260146,41.0,0.20344300613530159,0.09339029447109269,0.1385804819077512,0.03883737896789427,3840,0.0,0.0,0.0,0.03320257376026013,0.033202573760260146,41.0,,,,,3840,0.0,0.0010416666666666667,0.0010416666666666667,0.03320257376026013,0.033202573760260146,41.0,,,,,3840,0.0,0.0,0.0,0.033202573760260125,0.033202573760260146,41.0,0.11085258686479545,0.09339029447109269,0.1347340245501754,0.03644197747534161
91abc4c7,5848,0,0,573,0.1,5848,0.0,0.0,0.0,0.03320257376026013,0.033202573760260146,41.0,0.20536028421412242,0.08547404866073505,0.1385804819077512,0.03922454422377705,5848,0.0,0.0,0.0,0.03320257376026013,0.033202573760260146,41.0,,,,,5848,0.0,0.0008549931600547196,0.0008549931600547196,0.03320257376026013,0.033202573760260146,41.0,,,,,5848,0.0,0.0,0.0,0.033202573760260125,0.033202573760260146,41.0,0.1013849351968339,0.08446344624640982,0.11861624795758453,0.03642076074389881
91b301ce,6570,5025,1,573,0.1,6570,0.0,0.00015220700152207003,0.00015220700152207003,0.033202573760260125,0.03347014868417135,41.0,0.32399113275082325,0.09489264604838514,0.38425686459159897,0.041285554150544475,6570,0.0,0.0,0.0,0.033202573760260125,0.033202573760260146,41.0,,,,,6570,0.0,0.0035007610350076103,0.0035007610350076103,0.033202573760260125,0.033202573760260146,41.0,,,,,6570,0.0,0.0,0.0,0.033202573760260125,0.033202573760260146,41.0,0.12354954798690496,0.08547404866247013,0.1733644433841373,0.03661174661930622
91db7070,4073,3535,3,573,0.1,4073,0.0,0.00024551927326295114,0.00024551927326295114,0.03320257376026013,0.03320257376026015,41.0,0.24868560392053107,0.10479984329234181,0.1932334484957732,0.03926613300263326,4073,0.0,0.0,0.0,0.03320257376026013,0.03320257376026015,41.0,,,,,4073,0.0,0.0007365578197888534,0.0007365578197888534,0.03320257376026013,0.03320257376026015,41.0,,,,,4073,0.0,0.0,0.0,0.03320257376026013,0.03320257376026015,41.0,0.11968083844599306,0.10479984329193508,0.13473402455403943,0.03617381482576904
925a7cd1,4517,0,0,573,0.1,4517,0.0,0.0,0.0,0.033202573760260125,0.033202573760260146,41.0,0.1893344981063572,0.09339029447109368,0.12151368187260163,0.03859434660323211,4517,0.0,0.0,0.0,0.033202573760260125,0.033202573760260146,41.0,,,,,4517,0.0,0.004870489262785035,0.004870489262785035,0.033202573760260125,0.033202573760260146,41.0,,,,,4517,0.0,0.0,0.0,0.033202573760260125,0.033202573760260146,41.0,0.10193480165362423,0.09339029447109368,0.11861624795430567,0.0361990707279309
9283ae69,3371,2636,2,573,0.1,3371,0.0,0.0005932957579353308,0.0005932957579353308,0.033202573760260125,0.033202573760260146,41.0,0.209819731139511,0.1047998432919352,0.1580021456923377,0.03841758986479691,3371,0.0,0.0,0.0,0.033202573760260125,0.033202573760260146,41.0,,,,,3371,0.0,0.0014832393948383269,0.0014832393948383269,0.033202573760260125,0.033202573760260146,41.0,,,,,3371,0.0,0.0,0.0,0.033202573760260125,0.033202573760260146,41.0,0.10844231110233955,0.1047998432919352,0.1385804819077512,0.035828519402056516
9298ad5b,3964,0,0,573,0.1,3964,0.0,0.0002522704339051463,0.0002522704339051463,0.033202573760260125,0.033202573760260146,41.0,0.2830423154219084,0.08446344624621532,0.16420486587912556,0.04170185770551224,3964,0.0,0.0,0.0,0.033202573760260125,0.033202573760260146,41.0,,,,,3964,0.0,0.0025227043390514633,0.0025227043390514633,0.033202573760260125,0.033202573760260146,41.0,,,,,3964,0.0,0.0,0.0,0.033202573760260125,0.033202573760260146,41.0,0.0916941238660647,0.08446344624462622,0.1069220756806485,0.03636032155124541
9314ff13,2748,401,1,573,0.1,2748,0.0,0.000363901018922853,0.000363901018922853,0.033202573760260125,0.036814066070107766,41.0,0.26264816444998335,0.09171833263122271,0.26124051818460947,0.0402605802313208,2748,0.0,0.0,0.0,0.03320257376026012,0.033202573760260146,41.0,,,,,2748,0.0,0.001819505094614265,0.001819505094614265,0.033202573760260125,0.033202573760260146,41.0,,,,,2748,0.0,0.0,0.0,0.03320257376026012,0.033202573760260146,41.0,0.13178483554618511,0.08547404866255696,0.17964052936753258,0.037211479100937306
93209a3d,4697,2973,3,573,0.1,4697,0.0,0.0004258037044922291,0.0004258037044922291,0.03320257376026012,0.033202573760260146,41.0,0.27030971516189806,0.1154374297208308,0.17964052936753258,0.039717164364324646,4697,0.0,0.0,0.0,0.03320257376026012,0.033202573760260146,41.0,,,,,4697,0.0,0.0021290185224611454,0.0021290185224611454,0.03320257376026012,0.033202573760260146,41.0,,,,,4697,0.0,0.0,0.0,0.03320257376026012,0.033202573760260146,41.0,0.12297773206953536,0.10692207568101446,0.15302664551007067,0.035971679754417
939d9c34,5101,2122,3,573,0.1,5101,0.0,0.0,0.0,0.033202573760260125,0.033202573760260146,41.0,0.35873204722903174,0.09339029447352161,0.38425686459159897,0.04298243241500044,5101,0.0,0.0,0.0,0.03320257376026012,0.033202573760260146,41.0,,,,,5101,0.0,0.001960399921584003,0.001960399921584003,0.03320257376026012,0.033202573760260146,41.0,,,,,5101,0.0,0.0,0.0,0.03320257376026012,0.033202573760260146,41.0,0.1016343226590774,0.09171833263122271,0.13055730139094202,0.03617370998208888
93f5d2e6,3691,1483,1,573,0.1,3691,0.0,0.0,0.0,0.03320257376026013,0.033202573760260146,41.0,0.2560585250591943,0.08333162176026289,0.10692207568064777,0.04158886779016586,3691,0.0,0.0,0.0,0.03320257376026013,0.033202573760260146,41.0,,,,,3691,0.0,0.00812787862367922,0.00812787862367922,0.03320257376026013,0.033202573760260146,41.0,,,,,3691,0.0,0.0,0.0,0.03320257376026013,0.033202573760260146,41.0,0.09996005133783573,0.07868061948121687,0.10245248944748911,0.03686478079294485
940a48d9,3963,442,1,573,0.1,3963,0.0,0.0010093363613424174,0.0010093363613424174,0.03320257376026013,0.033202573760260146,41.0,0.27330533408183766,0.08333162175851969,0.15302664551007053,0.04143188412710558,3963,0.0,0.0,0.0,0.033202573760260125,0.033202573760260146,41.0,,,,,3963,0.0,0.0012616704516780217,0.0012616704516780217,0.03320257376026013,0.033202573760260146,41.0,,,,,3963,0.0,0.0,0.0,0.033202573760260125,0.033202573760260146,41.0,0.09252143497201955,0.07868061948121687,0.1215136818720999,0.03637258424292579
940e709a,3348,3139,1,573,0.1,3348,0.0,0.0005973715651135006,0.0005973715651135006,0.03320257376026012,0.033202573760260146,41.0,0.23331200795547166,0.1047998432919352,0.13473402455365344,0.039208968261815545,3348,0.0,0.0,0.0,0.03320257376026012,0.033202573760260146,41.0,,,,,3348,0.0,0.0008960573476702509,0.0008960573476702509,0.03320257376026012,0.033202573760260146,41.0,,,,,3348,0.0,0.0,0.0,0.03320257376026012,0.033202573760260146,41.0,0.11166076220257781,0.1047998432919352,0.12151368187598566,0.035984827508181896
9426ec1e,2532,0,0,573,0.1,2532,0.0,0.00039494470774091627,0.00039494470774091627,0.03320257376026013,0.033202573760260146,41.0,0.2101060359008261,0.09171833262884009,0.10692207568064777,0.03977576390118992,2532,0.0,0.0,0.0,0.03320257376026013,0.033202573760260146,41.0,,,,,2532,0.0,0.00315955766192733,0.00315955766192733,0.03320257376026013,0.033202573760260146,41.0,,,,,2532,0.0,0.0,0.0,0.03320257376026013,0.033202573760260146,41.0,0.09770433820483149,0.08547404866238331,0.10479984329504516,0.03642665092891059
94467f50,3035,1083,1,573,0.1,3035,0.0,0.0006589785831960461,0.0006589785831960461,0.033202573760260125,0.04149418388782786,41.0,0.2595314890431742,0.09339029447352161,0.3041617940007524,0.038807718469563525,3035,0.0,0.0,0.0,0.033202573760260125,0.036814066070107766,41.0,,,,,3035,0.0,0.0,0.0,0.033202573760260125,0.036814066070107766,41.0,,,,,3035,0.0,0.0,0.0,0.033202573760260125,0.03409449017362277,41.0,0.12047417483636669,0.09339029447352161,0.21979290636416138,0.03681481418222734
944f36b9,4630,324,1,573,0.1,4630,0.0,0.0,0.0,0.03320257376026012,0.033202573760260146,41.0,0.22339432550356708,0.09339029447352161,0.1385804819077512,0.03932723418090531,4630,0.0,0.0,0.0,0.03320257376026012,0.033202573760260146,41.0,,,,,4630,0.0,0.0008639308855291577,0.0008639308855291577,0.03320257376026012,0.033202573760260146,41.0,,,,,4630,0.0,0.0,0.0,0.03320257376026012,0.033202573760260146,41.0,0.10655784470913249,0.09339029447352161,0.13473402454944597,0.036193305085076906
94d813a4,4847,2622,2,573,0.1,4847,0.0,0.00020631318341242006,0.00020631318341242006,0.033202573760260125,0.033202573760260146,41.0,0.26311163991649494,0.09339029447352161,0.1580021456923377,0.04027801194916975,4847,0.0,0.0,0.0,0.033202573760260125,0.033202573760260146,41.0,,,,,4847,0.0,0.0012378791004745203,0.0012378791004745203,0.033202573760260125,0.033202573760260146,41.0,,,,,4847,0.0,0.0,0.0,0.033202573760260125,0.033202573760260146,41.0,0.11033920199605421,0.09339029447352161,0.1347340245501759,0.036312029184621585
95b559e7,2887,0,0,573,0.1,2887,0.0,0.0,0.0,0.03320257376026013,0.033202573760260146,41.0,0.22584476130719838,0.07868061948121687,0.1347340245501754,0.04036358061467622,2887,0.0,0.0,0.0,0.03320257376026013,0.033202573760260146,41.0,,,,,2887,0.0,0.00034638032559750607,0.00034638032559750607,0.03320257376026013,0.033202573760260146,41.0,,,,,2887,0.0,0.0,0.0,0.03320257376026013,0.033202573760260146,41.0,0.12068390915824805,0.07868061948011486,0.11543742972143366,0.037527588690277044
95c8427f,6335,0,0,573,0.1,6335,0.0,0.0,0.0,0.03320257376026013,0.033202573760260146,41.0,0.24464080885796405,0.08446344624621532,0.1347340245501759,0.040719414393197276,6335,0.0,0.0,0.0,0.03320257376026013,0.033202573760260146,41.0,,,,,6335,0.0,0.00047355958958168905,0.00047355958958168905,0.03320257376026013,0.033202573760260146,41.0,,,,,6335,0.0,0.0,0.0,0.033202573760260125,0.033202573760260146,41.0,0.10408097043101561,0.08446344624462622,0.11543742972143416,0.036795501683313254
96936c22,3346,295,1,573,0.1,3346,0.0,0.0,0.0,0.033202573760260125,0.033202573760260146,41.0,0.22344099607833992,0.08327992180138347,0.11861624795430567,0.04043746784684545,3346,0.0,0.0,0.0,0.033202573760260125,0.033202573760260146,41.0,,,,,3346,0.0,0.001195457262402869,0.001195457262402869,0.033202573760260125,0.033202573760260146,41.0,,,,,3346,0.0,0.0,0.0,0.03320257376026012,0.033202573760260146,41.0,0.09282194773569928,0.07868061948011462,0.10479984329504503,0.03659788024813082
96ae5806,9839,769,1,573,0.1,9839,0.0,0.0005081817257851408,0.0005081817257851408,0.03320257376026013,0.033202573760260146,41.0,0.20362511817354803,0.08547404866238331,0.13473402455403943,0.03918275559929153,9839,0.0,0.0,0.0,0.03320257376026013,0.033202573760260146,41.0,,,,,9839,0.0,0.00386218111596707,0.00386218111596707,0.03320257376026013,0.033202573760260146,41.0,,,,,9839,0.0,0.0,0.0,0.03320257376026013,0.033202573760260146,41.0,0.09842539109696626,0.08547404866073505,0.12151368187260163,0.03630393619444438
96b7eea1,4332,575,1,573,0.10999999999970897,4332,0.0,0.0,0.0,0.03322256189795887,0.03325810544720126,41.0,0.21225302603005858,0.10170376960247397,0.14115121823353807,0.03816747856236023,4332,0.0,0.0,0.0,0.03322256189795887,0.03325810544720126,41.0,,,,,4332,0.0,0.00023084025854108956,0.00023084025854108956,0.03322256189795887,0.03325810544720126,41.0,,,,,4332,0.0,0.0,0.0,0.03322256189795887,0.03325810544716248,41.0,0.1121487275681322,0.10170376960247397,0.12969905325969497,0.03481077281557034
9719aa04,4871,0,0,573,0.1,4871,0.0,0.0,0.0,0.03320257376026012,0.033202573760260146,41.0,0.24602585678517433,0.09339029447352161,0.1580021456923377,0.039913556731437996,4871,0.0,0.0,0.0,0.03320257376026012,0.033202573760260146,41.0,,,,,4871,0.0,0.0006158899609936358,0.0006158899609936358,0.03320257376026012,0.033202573760260146,41.0,,,,,4871,0.0,0.0,0.0,0.03320257376026012,0.033202573760260146,41.0,0.11009111602436203,0.09339029447109368,0.14768831657557394,0.036334918328222936
974802e7,5843,2749,2,573,0.10000000000130968,5843,0.0,0.0,0.0,0.033202573760260146,0.03681406606895951,41.0,0.3465784932173924,0.09489264604823879,0.4241272848856452,0.04233125798300579,5843,0.0,0.0,0.0,0.033202573760260146,0.03320257376026015,41.0,,,,,5843,0.0,0.0017114495978093444,0.0017114495978093444,0.033202573760260146,0.03320257376026015,41.0,,,,,5843,0.0,0.0,0.0,0.033202573760260146,0.03320257376026015,41.0,0.11292390735432106,0.08547404866345862,0.1580021456931609,0.036459738965107534
97cd5bf9,3449,2368,1,573,0.1,3449,0.0,0.0,0.0,0.03320257376026012,0.033202573760260146,41.0,0.24723101505279657,0.09339029447109368,0.12151368187209978,0.04058574885741403,3449,0.0,0.0,0.0,0.033202573760260125,0.033202573760260146,41.0,,,,,3449,0.0,0.0028993911278631487,0.0028993911278631487,0.03320257376026012,0.033202573760260146,41.0,,,,,3449,0.0,0.0,0.0,0.03320257376026012,0.033202573760260146,41.0,0.09747423685525179,0.09339029447109368,0.11861624795430567,0.036189344762843204
98177ced,4772,2612,2,573,0.1,4772,0.0,0.0,0.0,0.03320257376026013,0.033202573760260146,41.0,0.1972647299265413,0.07868061948132149,0.09489264605085444,0.03981127154424986,4772,0.0,0.0,0.0,0.03320257376026013,0.033202573760260146,41.0,,,,,4772,0.0,0.0023051131601005866,0.0023051131601005866,0.03320257376026013,0.033202573760260146,41.0,,,,,4772,0.0,0.0,0.0,0.03320257376026013,0.033202573760260146,41.0,0.11556974857200095,0.07868061948121687,0.09489264605059552,0.037401434196597576
9896fc0b,3595,1256,2,573,0.1,3595,0.0,0.0,0.0,0.03320257376026013,0.03320257376026015,41.0,0.3312905784274647,0.08547404866073505,0.1956394639565836,0.043155848517567194,3595,0.0,0.0,0.0,0.033202573760260125,0.033202573760260146,41.0,,,,,3595,0.0,0.006675938803894298,0.006675938803894298,0.033202573760260125,0.033202573760260146,41.0,,,,,3595,0.0,0.0,0.0,0.033202573760260125,0.033202573760260146,41.0,0.10513386622400979,0.08446344624640982,0.13473402455002953,0.03648438987507243
98bc6f66,6063,0,0,573,0.1,6063,0.0,0.0,0.0,0.033202573760260125,0.033202573760260146,41.0,0.2273117384959764,0.08446344624462622,0.10692207568380399,0.04044043853668319,6063,0.0,0.0,0.0,0.033202573760260125,0.033202573760260146,41.0,,,,,6063,0.0,0.00032986970146792015,0.00032986970146792015,0.033202573760260125,0.033202573760260146,41.0,,,,,6063,0.0,0.0,0.0,0.033202573760260125,0.033202573760260146,41.0,0.0924901040433273,0.08333162176004544,0.1047998432919352,0.03653166058248342
992c99e8,4904,0,0,573,0.1,4904,0.0,0.0,0.0,0.033202573760260125,0.033202573760260146,41.0,0.18899952214072172,0.08547404866073505,0.1069220756806485,0.03915453250977065,4904,0.0,0.0,0.0,0.033202573760260125,0.033202573760260146,41.0,,,,,4904,0.0,0.0,0.0,0.033202573760260125,0.033202573760260146,41.0,,,,,4904,0.0,0.0,0.0,0.033202573760260125,0.033202573760260146,41.0,0.09692670915854733,0.08446344624640982,0.10479984329504503,0.03650724101955112
992ce078,2879,644,1,573,0.1,2879,0.0,0.0,0.0,0.033202573760260125,0.033202573760260146,41.0,0.19284799884950518,0.09171833263122271,0.15302664551007067,0.038627985554404685,2879,0.0,0.0,0.0,0.033202573760260125,0.033202573760260146,41.0,,,,,2879,0.0,0.0,0.0,0.033202573760260125,0.033202573760260146,41.0,,,,,2879,0.0,0.0,0.0,0.033202573760260125,0.033202573760260146,41.0,0.10373416458723606,0.09171833263122271,0.13473402455403982,0.03622620094134337
99529c45,5840,399,1,492,0.1,5840,0.0,0.0,0.0,0.033202573760260125,0.033202573760260146,41.0,0.23414605337981634,0.08446344624640982,0.12151368187209978,0.04032956005390842,5840,0.0,0.0,0.0,0.033202573760260125,0.033202573760260146,41.0,,,,,5840,0.0,0.0011986301369863014,0.0011986301369863014,0.033202573760260125,0.033202573760260146,41.0,,,,,5840,0.0,0.0,0.0,0.033202573760260125,0.033202573760260146,41.0,0.08942531141602798,0.08446344624621532,0.1069220756806485,0.036220820676655545
995ff498,4526,514,1,573,0.1,4526,0.0,0.0,0.0,0.033202573760260125,0.033202573760260146,41.0,0.22909658026921106,0.08446344624640982,0.12151368187209978,0.04023977614210412,4526,0.0,0.0,0.0,0.033202573760260125,0.033202573760260146,41.0,,,,,4526,0.0,0.0008837825894829872,0.0008837825894829872,0.033202573760260125,0.033202573760260146,41.0,,,,,4526,0.0,0.0,0.0,0.033202573760260125,0.03320257376026014,41.0,0.09153031685940734,0.08446344624640982,0.1069220756806485,0.036248997832332625
999daf80,3564,0,0,573,0.1,3564,0.0,0.0,0.0,0.033202573760260125,0.033202573760260146,41.0,0.17088500608627286,0.08446344624621532,0.1069220756806485,0.03864889235940845,3564,0.0,0.0,0.0,0.033202573760260125,0.033202573760260146,41.0,,,,,3564,0.0,0.001122334455667789,0.001122334455667789,0.033202573760260125,0.033202573760260146,41.0,,,,,3564,0.0,0.0,0.0,0.033202573760260125,0.03320257376026014,41.0,0.10233549076889635,0.08446344624621532,0.10479984329504503,0.036690821774586296
9a6b0392,4255,0,0,573,0.1,4255,0.0,0.00023501762632197415,0.00023501762632197415,0.03320257376026013,0.033202573760260146,41.0,0.21170974634192408,0.09171833263122259,0.12151368187260163,0.03955127869796959,4255,0.0,0.0,0.0,0.03320257376026013,0.033202573760260146,41.0,,,,,4255,0.0,0.001645123384253819,0.001645123384253819,0.03320257376026013,0.033202573760260146,41.0,,,,,4255,0.0,0.0,0.0,0.03320257376026012,0.033202573760260146,41.0,0.09233355177955511,0.09171833262884009,0.11861624795430567,0.03610119468506558
9a8ae0d6,6294,0,0,573,0.1,6294,0.0,0.0,0.0,0.03320257376026013,0.033202573760260146,41.0,0.1760104707660493,0.08446344624462622,0.11545435818964206,0.03883563408011471,6294,0.0,0.0,0.0,0.03320257376026013,0.033202573760260146,41.0,,,,,6294,0.0,0.00047664442326024784,0.00047664442326024784,0.03320257376026013,0.033202573760260146,41.0,,,,,6294,0.0,0.0,0.0,0.03320257376026013,0.033202573760260146,41.0,0.08960308692961533,0.08446344624462622,0.10479984329504503,0.03633180274758848
9a95e33f,6447,146,1,573,0.1,6447,0.0,0.00015511090429657206,0.00015511090429657206,0.033202573760260125,0.033202573760260146,41.0,0.2815974513238023,0.08446344624640982,0.13593162105399229,0.04175083621688196,6447,0.0,0.0,0.0,0.033202573760260125,0.033202573760260146,41.0,,,,,6447,0.0,0.0010857763300760044,0.0010857763300760044,0.033202573760260125,0.033202573760260146,41.0,,,,,6447,0.0,0.0,0.0,0.033202573760260125,0.033202573760260146,41.0,0.14809409213868038,0.08446344624621532,0.11861624795375265,0.03817393772713245
9ab94eeb,4442,598,1,573,0.1,4442,0.0,0.0,0.0,0.03320257376026012,0.033202573760260146,41.0,0.2081995698775971,0.09339029447352161,0.1347340245501759,0.038839381730955636,4442,0.0,0.0,0.0,0.03320257376026012,0.033202573760260146,41.0,,,,,4442,0.0,0.0013507429085997298,0.0013507429085997298,0.03320257376026012,0.033202573760260146,41.0,,,,,4442,0.0,0.0,0.0,0.03320257376026012,0.033202573760260146,41.0,0.09916693419899632,0.09339029447352161,0.12151368187209978,0.0359173998937597
9ad5410a,4205,1533,1,573,0.1,4205,0.0,0.0004756242568370987,0.0004756242568370987,0.03320257376026012,0.033202573760260146,41.0,0.21724720486959237,0.10479984329504503,0.15302664551007067,0.0385243984301378,4205,0.0,0.0,0.0,0.03320257376026012,0.033202573760260146,41.0,,,,,4205,0.0,0.0019024970273483948,0.0019024970273483948,0.03320257376026012,0.033202573760260146,41.0,,,,,4205,0.0,0.0,0.0,0.03320257376026012,0.033202573760260146,41.0,0.13333585945293766,0.10479984329504503,0.1385804819077512,0.03639793978317025
9ae248be,5271,4154,1,573,0.1,5271,0.0,0.0,0.0,0.033202573760260125,0.033202573760260146,41.0,0.2558254243173967,0.11543742972143416,0.20336437148966702,0.039590701747099985,5271,0.0,0.0,0.0,0.033202573760260125,0.033202573760260146,41.0,,,,,5271,0.0,0.014228799089356859,0.014228799089356859,0.033202573760260125,0.033202573760260146,41.0,,,,,5271,0.0,0.0,0.0,0.033202573760260125,0.033202573760260146,41.0,0.13372560092741553,0.1069220756806485,0.1580021456923377,0.03645926490884262
9af1ffd0,3525,0,0,573,0.1,3525,0.0,0.0,0.0,0.033202573760260125,0.033202573760260146,41.0,0.1958107363022408,0.09489264604838514,0.1733644433841373,0.03790687418516281,3525,0.0,0.0,0.0,0.03320257376026012,0.033202573760260146,41.0,,,,,3525,0.0,0.003120567375886525,0.003120567375886525,0.03320257376026012,0.033202573760260146,41.0,,,,,3525,0.0,0.0,0.0,0.03320257376026012,0.033202573760260146,41.0,0.10986483368959533,0.09339029447352161,0.13858048190708236,0.03601733671349405
9b5b61c1,5532,0,0,573,0.1,5532,0.0,0.0,0.0,0.03320257376026013,0.033202573760260146,41.0,0.22257403022981126,0.08446344624621543,0.1580021456923373,0.03961410541597929,5532,0.0,0.0,0.0,0.03320257376026013,0.033202573760260146,41.0,,,,,5532,0.0,0.0010845986984815619,0.0010845986984815619,0.03320257376026013,0.033202573760260146,41.0,,,,,5532,0.0,0.0,0.0,0.03320257376026013,0.033202573760260146,41.0,0.0999933470880974,0.08446344624462622,0.13055730139094215,0.03646987341713416
9b9e3b49,5118,1167,2,573,0.1,5118,0.0,0.00019538882375928098,0.00019538882375928098,0.03320257376026012,0.033202573760260146,41.0,0.2528810493867708,0.09489264604838514,0.1733644433841373,0.039752587403673975,5118,0.0,0.0,0.0,0.03320257376026012,0.033202573760260146,41.0,,,,,5118,0.0,0.0035169988276670576,0.0035169988276670576,0.03320257376026012,0.033202573760260146,41.0,,,,,5118,0.0,0.0,0.0,0.03320257376026012,0.033202573760260146,41.0,0.10585281632379305,0.09339029447352161,0.14768831657557394,0.03600164026636361
9bd2bba3,7439,0,0,573,0.1,7439,0.0,0.0,0.0,0.03320257376026013,0.033202573760260146,41.0,0.2536934477363568,0.08446344624621532,0.1580021456923377,0.04074189415808328,7439,0.0,0.0,0.0,0.03320257376026013,0.033202573760260146,41.0,,,,,7439,0.0,0.0013442667025137787,0.0013442667025137787,0.03320257376026013,0.033202573760260146,41.0,,,,,7439,0.0,0.0,0.0,0.03320257376026013,0.033202573760260146,41.0,0.12239870598688042,0.08446344624462622,0.11543742972459732,0.03726665691900433
9c211c53,7265,0,0,573,0.1,7265,0.0,0.00013764624913971095,0.00013764624913971095,0.033202573760260125,0.033202573760260146,41.0,0.2594567872538554,0.09339029447216375,0.1733644433847258,0.04028484022330357,7265,0.0,0.0,0.0,0.033202573760260125,0.033202573760260146,41.0,,,,,7265,0.0,0.002477632484514797,0.002477632484514797,0.033202573760260125,0.033202573760260146,41.0,,,,,7265,0.0,0.0,0.0,0.033202573760260125,0.033202573760260146,41.0,0.11275041431819936,0.09339029447109368,0.1347340245501759,0.036506378223448425
9c350a6a,6052,4394,1,573,0.1,6052,0.0,0.0,0.0,0.03320257376026013,0.033202573760260146,41.0,0.2500611485556921,0.07806582436771739,0.1215136818720999,0.04143511834278953,6052,0.0,0.0,0.0,0.03320257376026013,0.033202573760260146,41.0,,,,,6052,0.0,0.0011566424322538005,0.0011566424322538005,0.03320257376026013,0.033202573760260146,41.0,,,,,6052,0.0,0.0,0.0,0.03320257376026013,0.033202573760260146,41.0,0.08806294985753103,0.07806582436759832,0.09339029447352161,0.0366729339035636
9c8375f7,3674,0,0,573,0.1,3674,0.0,0.0,0.0,0.03320257376026013,0.033202573760260146,41.0,0.17239181202103704,0.07736674910211587,0.08547404866255696,0.039472715088345,3674,0.0,0.0,0.0,0.03320257376026013,0.033202573760260146,41.0,,,,,3674,0.0,0.0008165487207403375,0.0008165487207403375,0.03320257376026013,0.033202573760260146,41.0,,,,,3674,0.0,0.0,0.0,0.03320257376026013,0.033202573760260146,41.0,0.0853097051957617,0.07736674910198033,0.08547404866073505,0.0368307190277158
9d072e4c,5107,0,0,573,0.1,5107,0.0,0.00039161934599569217,0.00039161934599569217,0.03320257376026012,0.033202573760260146,41.0,0.25848530490775157,0.09339029447109269,0.1385804819077512,0.040665168007965546,5107,0.0,0.0,0.0,0.03320257376026012,0.033202573760260146,41.0,,,,,5107,0.0,0.0027413354219698455,0.0027413354219698455,0.03320257376026012,0.033202573760260146,41.0,,,,,5107,0.0,0.0,0.0,0.03320257376026012,0.033202573760260146,41.0,0.11252473938883549,0.09171833262884009,0.1215136818720999,0.03667049791498202
9d3ec64c,3480,1143,2,573,0.1,3480,0.0,0.0005747126436781609,0.0005747126436781609,0.03320257376026013,0.03320257376026015,41.0,0.24664548756347757,0.10245248944748911,0.15302664551007053,0.039721200862808184,3480,0.0,0.0,0.0,0.03320257376026013,0.03320257376026015,41.0,,,,,3480,0.0,0.0017241379310344827,0.0017241379310344827,0.03320257376026013,0.03320257376026015,41.0,,,,,3480,0.0,0.0,0.0,0.03320257376026013,0.03320257376026015,41.0,0.11113871863026172,0.09489264604838503,0.13473402455133462,0.036131198279719126
9d4272e3,4030,2524,2,573,0.1,4030,0.0,0.0,0.0,0.03320257376026013,0.033202573760260146,41.0,0.3368860109023701,0.08446344624462622,0.16420486587320005,0.043502517428379135,4030,0.0,0.0,0.0,0.03320257376026013,0.033202573760260146,41.0,,,,,4030,0.0,0.002729528535980149,0.002729528535980149,0.03320257376026013,0.033202573760260146,41.0,,,,,4030,0.0,0.0,0.0,0.03320257376026013,0.033202573760260146,41.0,0.08968264547018177,0.08333162176004544,0.12151368187598566,0.03628025624590966
9d5e14d4,5400,0,0,573,0.1,5400,0.0,0.0,0.0,0.03320257376026012,0.033202573760260146,41.0,0.20898374713211718,0.09339029447109368,0.15302664551007067,0.03864387077587127,5400,0.0,0.0,0.0,0.03320257376026012,0.033202573760260146,41.0,,,,,5400,0.0,0.0014814814814814814,0.0014814814814814814,0.03320257376026012,0.033202573760260146,41.0,,,,,5400,0.0,0.0,0.0,0.03320257376026012,0.033202573760260146,41.0,0.10725093729860861,0.09339029447109368,0.1347340245501759,0.03619382980349853
9da441ba,5783,2671,2,573,0.11000000000152796,5783,0.0,0.0003458412588621823,0.0003458412588621823,0.033222561897967136,0.033258105447181066,41.0,0.25606303664158814,0.10974228112666999,0.19669509441104466,0.03845924881481773,5783,0.0,0.0,0.0,0.033222561897967136,0.033258105447181066,41.0,,,,,5783,0.0,0.00017292062943109114,0.00017292062943109114,0.033222561897967136,0.033258105447181066,41.0,,,,,5783,0.0,0.0,0.0,0.03322256189794193,0.033258105447181066,41.0,0.11802940747417945,0.10371504747303066,0.15809434417622326,0.034822040275629525
9dede370,6297,2265,4,573,0.1,6297,0.0,0.0,0.0,0.033202573760260125,0.033202573760260146,41.0,0.24779669520890749,0.09339029447109368,0.1347340245501759,0.040422196548865405,6297,0.0,0.0,0.0,0.03320257376026012,0.033202573760260146,41.0,,,,,6297,0.0,0.0007940289026520565,0.0007940289026520565,0.03320257376026012,0.033202573760260146,41.0,,,,,6297,0.0,0.0,0.0,0.03320257376026012,0.033202573760260146,41.0,0.10539938974229222,0.09171833263122271,0.11861624795430567,0.03642660226751226
9def2eb2,6003,3144,2,573,0.1,6003,0.0,0.0,0.0,0.03320257376026013,0.03320257376026015,41.0,0.2435445041300305,0.09339029447109269,0.15302664551007053,0.04002276808830061,6003,0.0,0.0,0.0,0.03320257376026013,0.033202573760260146,41.0,,,,,6003,0.0,0.0014992503748125937,0.0014992503748125937,0.03320257376026013,0.033202573760260146,41.0,,,,,6003,0.0,0.0,0.0,0.03320257376026013,0.033202573760260146,41.0,0.10887501103348107,0.09339029447109269,0.13055730139466698,0.03640961614990936
9df1b1f9,4701,3870,1,573,0.1,4701,0.0,0.00021272069772388852,0.00021272069772388852,0.03320257376026012,0.033202573760260146,41.0,0.23272457472947056,0.09339029447352161,0.1347340245501759,0.03957728084048046,4701,0.0,0.0,0.0,0.03320257376026012,0.033202573760260146,41.0,,,,,4701,0.0,0.0021272069772388853,0.0021272069772388853,0.03320257376026012,0.033202573760260146,41.0,,,,,4701,0.0,0.0,0.0,0.03320257376026012,0.033202573760260146,41.0,0.10025411421644805,0.09339029447352161,0.12151368187209978,0.03601864146303388
9dfff011,4319,1390,1,573,0.1,4319,0.0,0.0,0.0,0.03320257376026013,0.033202573760260146,41.0,0.22339919388753332,0.07806582436771752,0.1069220756806485,0.04060859746855035,4319,0.0,0.0,0.0,0.03320257376026013,0.033202573760260146,41.0,,,,,4319,0.0,0.00046307015512850195,0.00046307015512850195,0.03320257376026013,0.033202573760260146,41.0,,,,,4319,0.0,0.0,0.0,0.03320257376026013,0.033202573760260146,41.0,0.08343203940548474,0.07806582436759843,0.09489264605059552,0.036473704383737725
9e3e364d,4290,2217,2,573,0.1,4290,0.0,0.0,0.0,0.03320257376026013,0.03320257376026015,41.0,0.24376837652585778,0.09489264604838503,0.17336444338059817,0.03967077822998055,4290,0.0,0.0,0.0,0.03320257376026013,0.03320257376026015,41.0,,,,,4290,0.0,0.0013986013986013986,0.0013986013986013986,0.03320257376026013,0.03320257376026015,41.0,,,,,4290,0.0,0.0,0.0,0.033202573760260125,0.033202573760260146,41.0,0.10391763481826,0.09339029447352161,0.1385804819077512,0.03603051519058279
9efc812e,4450,623,1,573,0.1,4450,0.0,0.0006741573033707865,0.0006741573033707865,0.033202573760260125,0.033202573760260146,41.0,0.21076590473745044,0.07736674910198033,0.10692207568064777,0.04020979198412613,4450,0.0,0.0,0.0,0.033202573760260125,0.033202573760260146,41.0,,,,,4450,0.0,0.0008988764044943821,0.0008988764044943821,0.033202573760260125,0.033202573760260146,41.0,,,,,4450,0.0,0.0,0.0,0.033202573760260125,0.033202573760260146,41.0,0.1317090579947839,0.074501708092126,0.10479984329193508,0.038084941996190017
9f0c7bae,2542,0,0,573,0.1,2542,0.0,0.0,0.0,0.03320257376026013,0.033202573760260146,41.0,0.22277675817454468,0.07868061948121687,0.11861624795430567,0.040351426086555134,2542,0.0,0.0,0.0,0.03320257376026012,0.033202573760260146,41.0,,,,,2542,0.0,0.0015735641227380016,0.0015735641227380016,0.03320257376026012,0.033202573760260146,41.0,,,,,2542,0.0,0.0,0.0,0.03320257376026012,0.033202573760260146,41.0,0.09053030145557248,0.07868061948121687,0.10479984329504516,0.03651968736188771
9ffce529,5212,0,0,573,0.1,5212,0.0,0.0,0.0,0.033202573760260125,0.033202573760260146,41.0,0.20101734673932528,0.08547404866238331,0.12151368187214996,0.03923391723606519,5212,0.0,0.0,0.0,0.033202573760260125,0.033202573760260146,41.0,,,,,5212,0.0,0.0003837298541826554,0.0003837298541826554,0.033202573760260125,0.033202573760260146,41.0,,,,,5212,0.0,0.0,0.0,0.033202573760260125,0.033202573760260146,41.0,0.11122865633361617,0.08446344624640982,0.11861624795375265,0.036762025103793755
a0383629,5832,0,0,573,0.1,5832,0.0,0.0,0.0,0.03320257376026013,0.033202573760260146,41.0,0.19082181700366802,0.08446344624462622,0.11861624795375278,0.03920083466190268,5832,0.0,0.0,0.0,0.03320257376026013,0.033202573760260146,41.0,,,,,5832,0.0,0.0030864197530864196,0.0030864197530864196,0.03320257376026013,0.033202573760260146,41.0,,,,,5832,0.0,0.0,0.0,0.03320257376026013,0.033202573760260146,41.0,0.08954342667335305,0.08446344624462622,0.10692207568064777,0.03632742459011044
a056d01e,6557,402,1,573,0.1,6557,0.0,0.0006100350770169285,0.0006100350770169285,0.03320257376026013,0.033202573760260146,41.0,0.22219638316286858,0.08446344624621543,0.10692207568380399,0.040172035174466526,6557,0.0,0.0,0.0,0.03320257376026013,0.033202573760260146,41.0,,,,,6557,0.0,0.0007625438462711606,0.0007625438462711606,0.03320257376026013,0.033202573760260146,41.0,,,,,6557,0.0,0.0,0.0,0.03320257376026013,0.033202573760260146,41.0,0.09894971158596315,0.08446344624462622,0.10479984329504516,0.036614343753954046
a08d9e63,3685,333,1,573,0.11000000000152796,3685,0.0,0.0,0.0,0.03322256189794193,0.03325810544722308,41.0,0.37003953051269833,0.10371504747039662,0.5612101601144692,0.042359846173509,3685,0.0,0.0,0.0,0.03322256189794193,0.033258105447181066,41.0,,,,,3685,0.0,0.000271370420624152,0.000271370420624152,0.03322256189794193,0.033258105447181066,41.0,,,,,3685,0.0,0.0,0.0,0.03322256189794193,0.033258105447100235,41.0,0.1339887145224519,0.10170376960148923,0.1766486182939684,0.03554336039582267
a0b83014,5035,0,0,573,0.1,5035,0.0,0.0,0.0,0.03320257376026013,0.033202573760260146,41.0,0.18626185850204902,0.07806582436771739,0.10692207568064777,0.03926888321198029,5035,0.0,0.0,0.0,0.03320257376026013,0.033202573760260146,41.0,,,,,5035,0.0,0.0005958291956305859,0.0005958291956305859,0.03320257376026013,0.033202573760260146,41.0,,,,,5035,0.0,0.0,0.0,0.03320257376026013,0.033202573760260146,41.0,0.08510180010755496,0.07806582436759832,0.09489264605085444,0.03642493852712272
a0e92ed6,4897,222,1,573,0.1,4897,0.0,0.0008168266285480906,0.0008168266285480906,0.033202573760260125,0.033202573760260146,41.0,0.2534519543074435,0.09339029447109368,0.12151368187260163,0.04055700412214146,4897,0.0,0.0,0.0,0.033202573760260125,0.033202573760260146,41.0,,,,,4897,0.0,0.000612619971411068,0.000612619971411068,0.033202573760260125,0.033202573760260146,41.0,,,,,4897,0.0,0.0,0.0,0.03320257376026012,0.033202573760260146,41.0,0.10346062498438048,0.09339029447109368,0.11861624795375265,0.03634941882005806
a15bc102,3236,0,0,573,0.1,3236,0.0,0.0,0.0,0.033202573760260125,0.033202573760260146,41.0,0.18291140427972266,0.09171833263122271,0.10692207568101446,0.03878341309278675,3236,0.0,0.0,0.0,0.033202573760260125,0.033202573760260146,41.0,,,,,3236,0.0,0.0,0.0,0.033202573760260125,0.033202573760260146,41.0,,,,,3236,0.0,0.0,0.0,0.033202573760260125,0.033202573760260146,41.0,0.09113752224517777,0.09171833263122271,0.1069220756806485,0.036072244671736836
a247e7cf,5674,0,0,573,0.1,5674,0.0,0.00017624250969333803,0.00017624250969333803,0.03320257376026013,0.033202573760260146,41.0,0.1588687184028554,0.08446344624640982,0.10692207568064777,0.03831520759825923,5674,0.0,0.0,0.0,0.03320257376026013,0.033202573760260146,41.0,,,,,5674,0.0,0.0005287275290800141,0.0005287275290800141,0.03320257376026013,0.033202573760260146,41.0,,,,,5674,0.0,0.0,0.0,0.03320257376026013,0.033202573760260146,41.0,0.09346713821944845,0.08446344624640982,0.10479984329193508,0.036417031810307546
a2e8e7f6,4760,2550,1,573,0.1,4760,0.0,0.0002100840336134454,0.0002100840336134454,0.03320257376026013,0.033202573760260146,41.0,0.20185817150913893,0.08446344624462622,0.10692207568064777,0.03972075911862148,4760,0.0,0.0,0.0,0.03320257376026013,0.033202573760260146,41.0,,,,,4760,0.0,0.003991596638655462,0.003991596638655462,0.03320257376026013,0.033202573760260146,41.0,,,,,4760,0.0,0.0,0.0,0.03320257376026013,0.033202573760260146,41.0,0.09374550236558514,0.08446344624462622,0.10479984329193508,0.03656776403871978
a3518960,4967,316,1,573,0.1,4967,0.0,0.00020132876988121604,0.00020132876988121604,0.03320257376026013,0.033202573760260146,41.0,0.22287431921158835,0.08547404866073505,0.10479984329504503,0.04009953994047669,4967,0.0,0.0,0.0,0.03320257376026013,0.033202573760260146,41.0,,,,,4967,0.0,0.0010066438494060802,0.0010066438494060802,0.03320257376026013,0.033202573760260146,41.0,,,,,4967,0.0,0.0,0.0,0.033202573760260125,0.033202573760260146,41.0,0.10167049002847879,0.08446344624640982,0.09489264605085444,0.036581019114244676
a3f71395,5543,2764,1,573,0.1,5543,0.0,0.00018040772145047808,0.00018040772145047808,0.03320257376026012,0.033202573760260146,41.0,0.27752460967420023,0.11543742972143416,0.15800214569325938,0.039912835866498526,5543,0.0,0.0,0.0,0.03320257376026012,0.033202573760260146,41.0,,,,,5543,0.0,0.0016236694930543028,0.0016236694930543028,0.03320257376026012,0.033202573760260146,41.0,,,,,5543,0.0,0.0,0.0,0.03320257376026012,0.033202573760260146,41.0,0.13474107185373166,0.11543742972143416,0.15302664551007067,0.03623917746547745
a4719920,5884,0,0,573,0.1,5884,0.0,0.0,0.0,0.03320257376026013,0.03320257376026015,41.0,0.2221559284232644,0.08446344624621543,0.15302664551007053,0.03958284013846122,5884,0.0,0.0,0.0,0.03320257376026013,0.033202573760260146,41.0,,,,,5884,0.0,0.0,0.0,0.03320257376026013,0.03320257376026015,41.0,,,,,5884,0.0,0.0,0.0,0.03320257376026013,0.033202573760260146,41.0,0.09692128002209488,0.08446344624462622,0.1347340245501754,0.03623335289417582
a48640d9,4532,265,1,573,0.12000000000174624,4532,0.0,0.0,0.0,0.03323811077024418,0.03323811077030882,41.0,0.2961138869256811,0.10245243864291022,0.2745552950955867,0.039020020408180436,4532,0.0,0.0,0.0,0.03323811077024418,0.033238110770308804,41.0,,,,,4532,0.0,0.00441306266548985,0.00441306266548985,0.03323811077024418,0.033238110770308804,41.0,,,,,4532,0.0,0.0,0.0,0.03323811077024416,0.03323811077030106,41.0,0.12450690542270275,0.10245243864089326,0.16275282894391777,0.033875839817808846
a4cdbb0f,5204,0,0,573,0.1,5204,0.0,0.0,0.0,0.033202573760260125,0.033202573760260146,41.0,0.2729747738422057,0.08547404866238331,0.17964052936753258,0.0407595296416394,5204,0.0,0.0,0.0,0.033202573760260125,0.033202573760260146,41.0,,,,,5204,0.0,0.002113758647194466,0.002113758647194466,0.033202573760260125,0.033202573760260146,41.0,,,,,5204,0.0,0.0,0.0,0.03320257376026012,0.033202573760260146,41.0,0.1150804975498586,0.08446344624640982,0.14768831657557394,0.03669019291135944
a4f989c2,5385,938,1,573,0.1,5385,0.0,0.00018570102135561745,0.00018570102135561745,0.03320257376026013,0.03320257376026015,41.0,0.2636238181566773,0.09171833262884009,0.15302664551007053,0.04087222146618682,5385,0.0,0.0,0.0,0.03320257376026013,0.033202573760260146,41.0,,,,,5385,0.0,0.009099350046425255,0.009099350046425255,0.03320257376026013,0.033202573760260146,41.0,,,,,5385,0.0,0.0,0.0,0.03320257376026013,0.033202573760260146,41.0,0.13803951827017358,0.08547404866073505,0.13055730139094215,0.03862562176678013
a5aa7973,4616,0,0,573,0.1,4616,0.0,0.0,0.0,0.033202573760260125,0.033202573760260146,41.0,0.22842438292870648,0.09489264605085444,0.13858048190708236,0.03941075141595442,4616,0.0,0.0,0.0,0.033202573760260125,0.033202573760260146,41.0,,,,,4616,0.0,0.0010831889081455806,0.0010831889081455806,0.033202573760260125,0.033202573760260146,41.0,,,,,4616,0.0,0.0,0.0,0.033202573760260125,0.033202573760260146,41.0,0.10432136244255517,0.09489264604949033,0.12151368187209978,0.03600491278621046
a5e6f7dc,5649,523,1,573,0.1,5649,0.0,0.0,0.0,0.033202573760260125,0.03320257376026015,41.0,0.25649477794495573,0.10479984329193508,0.18756645544582898,0.039692074730203177,5649,0.0,0.0,0.0,0.033202573760260125,0.033202573760260146,41.0,,,,,5649,0.0,0.0035404496371039124,0.0035404496371039124,0.033202573760260125,0.03320257376026015,41.0,,,,,5649,0.0,0.0,0.0,0.033202573760260125,0.033202573760260146,41.0,0.11239640911361308,0.10245248944793707,0.1733644433841373,0.03603317612257063
a612d5a0,5329,2725,1,573,0.1,5329,0.0,0.00018765246762994934,0.00018765246762994934,0.03320257376026013,0.033202573760260146,41.0,0.21715080915712529,0.08547404866073505,0.15302664551007053,0.03948318738178157,5329,0.0,0.0,0.0,0.033202573760260125,0.033202573760260146,41.0,,,,,5329,0.0,0.0046913116907487335,0.0046913116907487335,0.03320257376026013,0.033202573760260146,41.0,,,,,5329,0.0,0.0,0.0,0.03320257376026012,0.033202573760260146,41.0,0.126005069839433,0.08446344624640982,0.13055730139466698,0.03712525291313545
a622ce4d,6298,536,1,573,0.1,6298,0.0,0.0,0.0,0.033202573760260125,0.03320257376026015,41.0,0.2574958707292699,0.10479984329193508,0.1733644433841373,0.039654276478612166,6298,0.0,0.0,0.0,0.033202573760260125,0.033202573760260146,41.0,,,,,6298,0.0,0.0036519530009526836,0.0036519530009526836,0.033202573760260125,0.033202573760260146,41.0,,,,,6298,0.0,0.0,0.0,0.033202573760260125,0.033202573760260146,41.0,0.10942663177575619,0.10479984329193508,0.1385804819077512,0.03586375710288998
a645da9a,5153,0,0,573,0.1,5153,0.0,0.00019406171162429653,0.00019406171162429653,0.033202573760260125,0.033202573760260146,41.0,0.23016630296776822,0.10479984329193508,0.1476883165755738,0.03904928821810766,5153,0.0,0.0,0.0,0.033202573760260125,0.033202573760260146,41.0,,,,,5153,0.0,0.0005821851348728896,0.0005821851348728896,0.033202573760260125,0.033202573760260146,41.0,,,,,5153,0.0,0.0,0.0,0.033202573760260125,0.033202573760260146,41.0,0.12063715143530676,0.10245248945054516,0.12151368187598553,0.03629003189694641
a692b17e,3566,1120,2,573,0.1,3566,0.0,0.0,0.0,0.03320257376026013,0.033202573760260146,41.0,0.3111262911070902,0.08547404866255696,0.27380462705357617,0.04175345481603445,3566,0.0,0.0,0.0,0.033202573760260125,0.033202573760260146,41.0,,,,,3566,0.0,0.00448681996634885,0.00448681996634885,0.033202573760260125,0.033202573760260146,41.0,,,,,3566,0.0,0.0,0.0,0.033202573760260125,0.033202573760260146,41.0,0.09962054539307985,0.08446344624640982,0.13858048190708236,0.03624421740128989
a6b8ac67,5453,4916,1,573,0.1,5453,0.0,0.0,0.0,0.03320257376026012,0.033202573760260146,41.0,0.25454333503646565,0.09489264605085444,0.15302664551007067,0.040180422336916356,5453,0.0,0.0,0.0,0.03320257376026012,0.033202573760260146,41.0,,,,,5453,0.0,0.0020172382174949567,0.0020172382174949567,0.03320257376026012,0.033202573760260146,41.0,,,,,5453,0.0,0.0,0.0,0.03320257376026012,0.033202573760260146,41.0,0.13617629934527764,0.09489264604838514,0.1347340245501759,0.03691941646899581
a6ed2eff,5275,740,1,573,0.1,5275,0.0,0.0,0.0,0.03320257376026013,0.033202573760260146,41.0,0.2397390253590491,0.08446344624621532,0.1347340245501759,0.04061793820974591,5275,0.0,0.0,0.0,0.03320257376026013,0.033202573760260146,41.0,,,,,5275,0.0,0.0009478672985781991,0.0009478672985781991,0.03320257376026013,0.033202573760260146,41.0,,,,,5275,0.0,0.0,0.0,0.03320257376026013,0.033202573760260146,41.0,0.08879632662523793,0.08446344624462622,0.10479984329504503,0.03630661673162737
a6f967fb,4670,2694,1,573,0.1,4670,0.0,0.0,0.0,0.03320257376026012,0.033202573760260146,41.0,0.19293545162543466,0.07868061948011486,0.10692207568380399,0.03961192506296212,4670,0.0,0.0,0.0,0.03320257376026012,0.033202573760260146,41.0,,,,,4670,0.0,0.0010706638115631692,0.0010706638115631692,0.03320257376026012,0.033202573760260146,41.0,,,,,4670,0.0,0.0,0.0,0.03320257376026012,0.033202573760260146,41.0,0.1139154413299521,0.07806582436759832,0.10479984329504516,0.03730464725508714
a76db406,4672,2068,4,573,0.1,4672,0.0,0.0004280821917808219,0.0004280821917808219,0.03320257376026013,0.033202573760260146,41.0,0.15222061034329326,0.08333162175851969,0.09489264604838503,0.038407359142112026,4672,0.0,0.0,0.0,0.03320257376026013,0.033202573760260146,41.0,,,,,4672,0.0,0.0029965753424657533,0.0029965753424657533,0.03320257376026013,0.033202573760260146,41.0,,,,,4672,0.0,0.0,0.0,0.03320257376026013,0.033202573760260146,41.0,0.1473103556034709,0.08333162175851969,0.09489264604838503,0.0385266489651146
a7744f5b,4377,0,0,573,0.1,4377,0.0,0.0,0.0,0.03320257376026013,0.033202573760260146,41.0,0.2221547364123359,0.09339029447109269,0.11861624795430567,0.03987391294873157,4377,0.0,0.0,0.0,0.03320257376026013,0.033202573760260146,41.0,,,,,4377,0.0,0.0004569339730408956,0.0004569339730408956,0.03320257376026013,0.033202573760260146,41.0,,,,,4377,0.0,0.0,0.0,0.03320257376026013,0.033202573760260146,41.0,0.10579620522034307,0.09339029447109269,0.10692207568064777,0.036522004249380666
a783cc24,1889,0,0,573,0.1,1889,0.0,0.0,0.0,0.03320257376026012,0.033202573760260146,41.0,0.3624670768621342,0.07422110659374224,0.11621906734656258,0.04549391423509049,1889,0.0,0.0,0.0,0.03320257376026012,0.033202573760260146,41.0,,,,,1889,0.0,0.0,0.0,0.03320257376026012,0.033202573760260146,41.0,,,,,1889,0.0,0.0,0.0,0.03320257376026012,0.033202573760260146,41.0,0.09417881298363225,0.07422110659374224,0.07868061948121687,0.03730774155104834
a79fd2e7,4404,1471,2,573,0.1,4404,0.0,0.0,0.0,0.033202573760260125,0.033202573760260146,41.0,0.3051091519473517,0.09489264605059552,0.2291942236816344,0.0411938964173824,4404,0.0,0.0,0.0,0.033202573760260125,0.033202573760260146,41.0,,,,,4404,0.0,0.0018165304268846503,0.0018165304268846503,0.033202573760260125,0.033202573760260146,41.0,,,,,4404,0.0,0.0,0.0,0.033202573760260125,0.033202573760260146,41.0,0.11189964222812049,0.09339029447352161,0.13858048191174224,0.03622071793701751
a7fc3e6b,4764,899,1,573,0.1,4764,0.0,0.0,0.0,0.033202573760260125,0.03320257376026015,41.0,0.2540215897805135,0.10245248944748911,0.1733644433841373,0.03990764125129828,4764,0.0,0.0,0.0,0.033202573760260125,0.033202573760260146,41.0,,,,,4764,0.0,0.001889168765743073,0.001889168765743073,0.033202573760260125,0.033202573760260146,41.0,,,,,4764,0.0,0.0,0.0,0.033202573760260125,0.033202573760260146,41.0,0.11290317212732766,0.09489264604838503,0.15302664551007053,0.03613584633783417
a85bb86f,3099,0,0,573,0.1,3099,0.0,0.0,0.0,0.033202573760260125,0.033202573760260146,41.0,0.29063870732295743,0.09489264605059552,0.17964052936753258,0.040889331020329184,3099,0.0,0.0,0.0,0.03320257376026012,0.033202573760260146,41.0,,,,,3099,0.0,0.00032268473701193933,0.00032268473701193933,0.03320257376026012,0.033202573760260146,41.0,,,,,3099,0.0,0.0,0.0,0.03320257376026012,0.033202573760260146,41.0,0.11287757958584882,0.09339029447352161,0.15302664551007067,0.0362690616753186
a85e4bc3,4581,963,1,573,0.1,4581,0.0,0.0,0.0,0.03320257376026013,0.03320257376026015,41.0,0.3084993985280932,0.09489264605085444,0.20336437149103428,0.0412301453942413,4581,0.0,0.0,0.0,0.03320257376026013,0.03320257376026015,41.0,,,,,4581,0.0,0.0021829294913774284,0.0021829294913774284,0.03320257376026013,0.03320257376026015,41.0,,,,,4581,0.0,0.0,0.0,0.03320257376026013,0.033202573760260146,41.0,0.1147821954064134,0.09339029447352161,0.16671755767080595,0.03622273105316356
a87433c9,5721,274,1,453,0.1,5721,0.0,0.0,0.0,0.03320257376026013,0.033202573760260146,41.0,0.1821063247425015,0.08333162176026289,0.11861624795375278,0.03904000820411899,5721,0.0,0.0,0.0,0.03320257376026013,0.033202573760260146,41.0,,,,,5721,0.0,0.003321097710190526,0.003321097710190526,0.03320257376026013,0.033202573760260146,41.0,,,,,5721,0.0,0.0,0.0,0.03320257376026013,0.033202573760260146,41.0,0.08866375311016894,0.08333162176026289,0.10479984329504516,0.036345489136796784
a8ed028a,5538,495,1,573,0.1,5538,0.0,0.0,0.0,0.03320257376026013,0.033202573760260146,41.0,0.24883436370487658,0.07806582436654727,0.10692207568380399,0.04147883870726738,5538,0.0,0.0,0.0,0.03320257376026013,0.033202573760260146,41.0,,,,,5538,0.0,0.0010834236186348862,0.0010834236186348862,0.03320257376026013,0.033202573760260146,41.0,,,,,5538,0.0,0.0,0.0,0.03320257376026013,0.033202573760260146,41.0,0.11591809257656377,0.07806582436654727,0.09489264605059552,0.03757559092071999
a959858c,4404,0,0,573,0.1,4404,0.0,0.0,0.0,0.03320257376026012,0.03320257376026015,41.0,0.2741914309580523,0.10479984329504516,0.2796408977937098,0.03909311676230794,4404,0.0,0.0,0.0,0.03320257376026012,0.03320257376026015,41.0,,,,,4404,0.0,0.00045413260672116256,0.00045413260672116256,0.03320257376026012,0.03320257376026015,41.0,,,,,4404,0.0,0.0,0.0,0.03320257376026012,0.033202573760260146,41.0,0.12297374937411507,0.10479984329504516,0.15302664551007053,0.036198478018393855
a9c9b150,3986,3582,1,573,0.1,3986,0.0,0.0002508780732563974,0.0002508780732563974,0.033202573760260125,0.033202573760260146,41.0,0.16206743853837433,0.09339029447323345,0.10692207568380399,0.037902922547938624,3986,0.0,0.0,0.0,0.033202573760260125,0.033202573760260146,41.0,,,,,3986,0.0,0.006021073758153537,0.006021073758153537,0.033202573760260125,0.033202573760260146,41.0,,,,,3986,0.0,0.0,0.0,0.033202573760260125,0.033202573760260146,41.0,0.09686546312456051,0.09339029447109368,0.1069220756806485,0.036010813151199826
aa95015b,4300,0,0,573,0.1,4300,0.0,0.0,0.0,0.033202573760260125,0.03320257376026015,41.0,0.24186319928866454,0.09339029447352161,0.1476883165755738,0.039911302776366654,4300,0.0,0.0,0.0,0.03320257376026012,0.033202573760260146,41.0,,,,,4300,0.0,0.004186046511627907,0.004186046511627907,0.03320257376026012,0.033202573760260146,41.0,,,,,4300,0.0,0.0,0.0,0.03320257376026012,0.033202573760260146,41.0,0.09985820672943585,0.09339029447109269,0.1347340245501754,0.036090786822496994
aaaf3c03,2997,169,1,573,0.1,2997,0.0,0.0,0.0,0.033202573760260125,0.033202573760260146,41.0,0.3911972859013966,0.08547404866073505,0.42412728487633794,0.04423689026417645,2997,0.0,0.0,0.0,0.03320257376026012,0.033202573760260146,41.0,,,,,2997,0.0,0.000333667000333667,0.000333667000333667,0.033202573760260125,0.033202573760260146,41.0,,,,,2997,0.0,0.0,0.0,0.03320257376026012,0.033202573760260146,41.0,0.1313872225655475,0.08446344624462622,0.1733644433841373,0.03702336893897059
aaeffccb,2712,0,0,573,0.1,2712,0.0,0.0,0.0,0.03320257376026013,0.033202573760260146,41.0,0.2359389915306007,0.08446344624462622,0.10692207568380399,0.04076757792236335,2712,0.0,0.0,0.0,0.03320257376026013,0.033202573760260146,41.0,,,,,2712,0.0,0.0011061946902654867,0.0011061946902654867,0.03320257376026013,0.033202573760260146,41.0,,,,,2712,0.0,0.0,0.0,0.03320257376026013,0.033202573760260146,41.0,0.09055818367786816,0.08333162176026289,0.09489264604838514,0.03652455686538326
ab112491,5185,4275,1,573,0.1,5185,0.0,0.0,0.0,0.033202573760260125,0.033202573760260146,41.0,0.31941508239507593,0.08290622385115376,0.16420486587320005,0.043237721359086774,5185,0.0,0.0,0.0,0.033202573760260125,0.033202573760260146,41.0,,,,,5185,0.0,0.004243008678881389,0.004243008678881389,0.033202573760260125,0.033202573760260146,41.0,,,,,5185,0.0,0.0,0.0,0.033202573760260125,0.033202573760260146,41.0,0.10727447803274143,0.07868061948011462,0.10479984329504503,0.037046286314170514
ab18d3fc,5694,1093,2,573,0.1,5694,0.0,0.0,0.0,0.03320257376026013,0.033202573760260146,41.0,0.2466560657961355,0.08446344624621543,0.11861624795758466,0.040996294105617635,5694,0.0,0.0,0.0,0.03320257376026013,0.033202573760260146,41.0,,,,,5694,0.0,0.0026343519494204425,0.0026343519494204425,0.03320257376026013,0.033202573760260146,41.0,,,,,5694,0.0,0.0,0.0,0.03320257376026013,0.033202573760260146,41.0,0.09600941299431442,0.08446344624462622,0.10479984329504516,0.036522759826856696
ab3ced07,4250,1416,2,573,0.1,4250,0.0,0.0,0.0,0.033202573760260125,0.033202573760260146,41.0,0.28541145258179024,0.08547404866238331,0.1658171199434911,0.04167314623731586,4250,0.0,0.0,0.0,0.033202573760260125,0.033202573760260146,41.0,,,,,4250,0.0,0.0037647058823529413,0.0037647058823529413,0.033202573760260125,0.033202573760260146,41.0,,,,,4250,0.0,0.0,0.0,0.033202573760260125,0.033202573760260146,41.0,0.09244986819374856,0.08446344624640982,0.10692207568380399,0.036283815220513826
ab6fe95d,5491,1303,2,573,0.1,5491,0.0,0.0,0.0,0.033202573760260125,0.033202573760260146,41.0,0.22165470790457084,0.0854740486615593,0.1215136818701576,0.03992938025495301,5491,0.0,0.0,0.0,0.033202573760260125,0.033202573760260146,41.0,,,,,5491,0.0,0.007648879985430705,0.007648879985430705,0.033202573760260125,0.033202573760260146,41.0,,,,,5491,0.0,0.0,0.0,0.033202573760260125,0.033202573760260146,41.0,0.09388386975936444,0.08446344624650706,0.11543742972143416,0.0362578807025377
ab94878e,6004,1511,4,573,0.10999999999970897,6004,0.0,0.0008327781479013991,0.0008327781479013991,0.03322256189795887,0.03325810544720126,41.0,0.22865668067048026,0.10371504747133777,0.14596416220738506,0.03835138249495108,6004,0.0,0.0,0.0,0.03322256189795887,0.03325810544720126,41.0,,,,,6004,0.0,0.0008327781479013991,0.0008327781479013991,0.03322256189795887,0.03325810544720126,41.0,,,,,6004,0.0,0.0,0.0,0.03322256189795887,0.03325810544720126,41.0,0.12096323197430117,0.10371504747098961,0.12969905326311426,0.03500021832728192
abf460d2,3217,2275,1,573,0.1,3217,0.0,0.0,0.0,0.03320257376026013,0.033202573760260146,41.0,0.210442400101621,0.07868061948121687,0.1047998432919352,0.0402862890743348,3217,0.0,0.0,0.0,0.03320257376026013,0.033202573760260146,41.0,,,,,3217,0.0,0.0009325458501709667,0.0009325458501709667,0.03320257376026013,0.033202573760260146,41.0,,,,,3217,0.0,0.0,0.0,0.033202573760260125,0.033202573760260146,41.0,0.088155675403679,0.07806582436771752,0.09489264604838514,0.03657978507971226
ac6f01d5,5004,417,2,573,0.1,5004,0.0,0.00019984012789768185,0.00019984012789768185,0.03320257376026013,0.033202573760260146,41.0,0.22709692627819658,0.08446344624462622,0.13858803824550067,0.04028302361723061,5004,0.0,0.0,0.0,0.03320257376026013,0.033202573760260146,41.0,,,,,5004,0.0,0.0017985611510791368,0.0017985611510791368,0.03320257376026013,0.033202573760260146,41.0,,,,,5004,0.0,0.0,0.0,0.03320257376026013,0.033202573760260146,41.0,0.13691657534643056,0.08333162175852064,0.11861624795430567,0.03779946033884306
ad2133a8,5729,1922,2,573,0.1,5729,0.0,0.0,0.0,0.033202573760260125,0.033202573760260146,41.0,0.24602025394073251,0.08446344624462622,0.12151368187209978,0.040882217135678856,5729,0.0,0.0,0.0,0.033202573760260125,0.033202573760260146,41.0,,,,,5729,0.0,0.0008727526618956188,0.0008727526618956188,0.033202573760260125,0.033202573760260146,41.0,,,,,5729,0.0,0.0,0.0,0.03320257376026012,0.033202573760260146,41.0,0.09081124780607819,0.08446344624462622,0.10479984329504503,0.03639570494698693
add9c322,3932,3717,1,573,0.11999999999992725,3932,0.0,0.000762970498474059,0.000762970498474059,0.033238110770228674,0.0332381107702862,41.0,0.25540624425292363,0.10427703383517563,0.1699347211206679,0.03798077314066358,3932,0.0,0.0,0.0,0.03323811077022153,0.0332381107702862,41.0,,,,,3932,0.0,0.002034587995930824,0.002034587995930824,0.033238110770228674,0.0332381107702862,41.0,,,,,3932,0.0,0.0,0.0,0.03323811077022153,0.0332381107702862,41.0,0.11145335007791342,0.10245243864109141,0.14742994275792612,0.03317404811678136
ae069086,4770,1100,1,573,0.1,4770,0.0,0.0004192872117400419,0.0004192872117400419,0.033202573760260125,0.033202573760260146,41.0,0.25669890955882063,0.1047998432919352,0.15302664551007067,0.039945332407730766,4770,0.0,0.0,0.0,0.033202573760260125,0.033202573760260146,41.0,,,,,4770,0.0,0.0008385744234800838,0.0008385744234800838,0.033202573760260125,0.033202573760260146,41.0,,,,,4770,0.0,0.0,0.0,0.033202573760260125,0.033202573760260146,41.0,0.15511383258641254,0.1047998432919352,0.1347340245501759,0.03737660490788194
ae0784a8,7823,0,0,573,0.10999999999970897,7823,0.0,0.0003834845967020325,0.0003834845967020325,0.03322256189800738,0.03325810544720126,41.0,0.2559785948669212,0.09430529879892517,0.1296990532631145,0.03977896158240231,7823,0.0,0.0,0.0,0.03322256189800738,0.03325810544720126,41.0,,,,,7823,0.0,0.005624440751629809,0.005624440751629809,0.03322256189800738,0.03325810544720126,41.0,,,,,7823,0.0,0.0,0.0,0.03322256189800738,0.03325810544720126,41.0,0.11000446498158795,0.09430529879696642,0.12197503214088866,0.03516757304752563
ae35f33a,4450,406,1,573,0.1,4450,0.0,0.0,0.0,0.03320257376026013,0.033202573760260146,41.0,0.16338079048108453,0.09171833262884009,0.10479984329504516,0.03832916169969866,4450,0.0,0.0,0.0,0.03320257376026013,0.033202573760260146,41.0,,,,,4450,0.0,0.0,0.0,0.03320257376026013,0.033202573760260146,41.0,,,,,4450,0.0,0.0,0.0,0.03320257376026013,0.033202573760260146,41.0,0.08952621740877452,0.09171833262884009,0.10479984329504516,0.03614677280437323
ae8959c3,4518,0,0,573,0.1,4518,0.0,0.0002213368747233289,0.0002213368747233289,0.03320257376026012,0.033202573760260146,41.0,0.2591702218042446,0.1069220756806485,0.15302664551007067,0.03990681358281373,4518,0.0,0.0,0.0,0.03320257376026012,0.033202573760260146,41.0,,,,,4518,0.0,0.00619743249225321,0.00619743249225321,0.03320257376026012,0.033202573760260146,41.0,,,,,4518,0.0,0.0,0.0,0.03320257376026012,0.033202573760260146,41.0,0.194397150440156,0.1069220756806485,0.15302664551007067,0.03847617773115711
aed44918,2719,2196,1,573,0.1,2719,0.0,0.0,0.0,0.033202573760260125,0.033202573760260146,41.0,0.20760727256450487,0.08547404866073505,0.10692207568380399,0.039598189453346685,2719,0.0,0.0,0.0,0.033202573760260125,0.033202573760260146,41.0,,,,,2719,0.0,0.004781169547627804,0.004781169547627804,0.033202573760260125,0.033202573760260146,41.0,,,,,2719,0.0,0.0,0.0,0.033202573760260125,0.033202573760260146,41.0,0.09490486108735989,0.08446344624640982,0.10479984329504503,0.036362683071721726
aee6393a,5865,5155,1,573,0.1,5865,0.0,0.0,0.0,0.03320257376026013,0.033202573760260146,41.0,0.22247959470765163,0.07868061948121687,0.10692207568064777,0.0405195398420913,5865,0.0,0.0,0.0,0.03320257376026013,0.033202573760260146,41.0,,,,,5865,0.0,0.006649616368286445,0.006649616368286445,0.03320257376026013,0.033202573760260146,41.0,,,,,5865,0.0,0.0,0.0,0.03320257376026013,0.033202573760260146,41.0,0.0915321129152505,0.07806582436771739,0.09489264605085444,0.03667215815172334
af7a59ce,3024,0,0,564,0.1,3024,0.0,0.0,0.0,0.03320257376026012,0.033202573760260146,41.0,0.1679501058322599,0.08446344624621543,0.10479984329504516,0.03858886577336757,3024,0.0,0.0,0.0,0.03320257376026012,0.033202573760260146,41.0,,,,,3024,0.0,0.0,0.0,0.03320257376026012,0.033202573760260146,41.0,,,,,3024,0.0,0.0,0.0,0.03320257376026012,0.033202573760260146,41.0,0.10220443382536702,0.08446344624621543,0.10479984329193508,0.03673401193525056
aff4e561,6026,1198,1,573,0.1,6026,0.0,0.0,0.0,0.03320257376026013,0.033202573760260146,41.0,0.21119445855882554,0.07806582436759843,0.1047998432919352,0.040407407437249604,6026,0.0,0.0,0.0,0.03320257376026013,0.033202573760260146,41.0,,,,,6026,0.0,0.001327580484566877,0.001327580484566877,0.03320257376026013,0.033202573760260146,41.0,,,,,6026,0.0,0.0,0.0,0.033202573760260125,0.033202573760260146,41.0,0.08543652789191258,0.07806582436654727,0.09339029447323345,0.03666372234649668
b04b58a3,3402,0,0,573,0.11999999999992725,3402,0.0,0.0,0.0,0.033238110770228674,0.0332381107702933,41.0,0.28651513669591755,0.11344105470738342,0.17933186363746284,0.03877160417605732,3402,0.0,0.0,0.0,0.033238110770228674,0.0332381107702933,41.0,,,,,3402,0.0,0.007348618459729571,0.007348618459729571,0.033238110770228674,0.0332381107702933,41.0,,,,,3402,0.0,0.0,0.0,0.033238110770228674,0.0332381107702862,41.0,0.12911609497084686,0.11082026957414723,0.14742994276277063,0.0335476140421762
b0d42b0d,4971,4453,1,573,0.1,4971,0.0,0.0,0.0,0.033202573760260125,0.033202573760260146,41.0,0.26250151822184203,0.09339029447352161,0.17964052936753258,0.04002475773314072,4971,0.0,0.0,0.0,0.03320257376026012,0.033202573760260146,41.0,,,,,4971,0.0,0.001408167370750352,0.001408167370750352,0.03320257376026012,0.033202573760260146,41.0,,,,,4971,0.0,0.0,0.0,0.03320257376026012,0.033202573760260146,41.0,0.1031062176404438,0.09339029447323345,0.14768831657557394,0.035953911667066955
b0f53bf4,2755,453,1,573,0.1,2755,0.0,0.0,0.0,0.033202573760260125,0.033202573760260146,41.0,0.21593150865079075,0.09339029447109368,0.13623102018382457,0.03945893017078254,2755,0.0,0.0,0.0,0.033202573760260125,0.033202573760260146,41.0,,,,,2755,0.0,0.002177858439201452,0.002177858439201452,0.033202573760260125,0.033202573760260146,41.0,,,,,2755,0.0,0.0,0.0,0.033202573760260125,0.033202573760260146,41.0,0.10320342504719239,0.09171833263122271,0.11861624795758453,0.03631737179695656
b19b0395,5813,4562,1,573,0.1,5813,0.0,0.0,0.0,0.03320257376026013,0.033202573760260146,41.0,0.2177992775321049,0.07806582436771739,0.11861624795375278,0.04034587277053805,5813,0.0,0.0,0.0,0.03320257376026013,0.033202573760260146,41.0,,,,,5813,0.0,0.0013762257010149664,0.0013762257010149664,0.03320257376026013,0.033202573760260146,41.0,,,,,5813,0.0,0.0,0.0,0.03320257376026013,0.033202573760260146,41.0,0.11889667335538998,0.07806582436759832,0.10479984329234181,0.03764585674865713
b1efb8a4,5998,1503,1,573,0.1,5998,0.0,0.00016672224074691563,0.00016672224074691563,0.03320257376026013,0.033202573760260146,41.0,0.19120321448039687,0.083331621760263,0.10479984329504503,0.039574016293772905,5998,0.0,0.0,0.0,0.03320257376026013,0.033202573760260146,41.0,,,,,5998,0.0,0.003667889296432144,0.003667889296432144,0.03320257376026013,0.033202573760260146,41.0,,,,,5998,0.0,0.0,0.0,0.03320257376026013,0.033202573760260146,41.0,0.10443200000996226,0.08333162175852064,0.09489264605059552,0.037004258337167674
b32902c0,3808,1673,1,573,0.1,3808,0.0,0.0002626050420168067,0.0002626050420168067,0.033202573760260125,0.033202573760260146,41.0,0.22740439715552987,0.08547404866255696,0.12151368187260163,0.04003820311763175,3808,0.0,0.0,0.0,0.03320257376026012,0.033202573760260146,41.0,,,,,3808,0.0,0.0013130252100840337,0.0013130252100840337,0.03320257376026012,0.033202573760260146,41.0,,,,,3808,0.0,0.0,0.0,0.03320257376026012,0.033202573760260146,41.0,0.09204584502338606,0.08547404866238331,0.10692207568380399,0.0361408697567994
b32e4903,5770,0,0,573,0.1,5770,0.0,0.0,0.0,0.033202573760260125,0.033202573760260146,41.0,0.21040587783915551,0.08446344624621532,0.13473402455403982,0.03956028732718586,5770,0.0,0.0,0.0,0.033202573760260125,0.033202573760260146,41.0,,,,,5770,0.0,0.0010398613518197574,0.0010398613518197574,0.033202573760260125,0.033202573760260146,41.0,,,,,5770,0.0,0.0,0.0,0.033202573760260125,0.033202573760260146,41.0,0.09420763554349305,0.08446344624462622,0.12151368187209978,0.0363153628244728
b3388334,6080,1518,3,573,0.10000000000130968,6080,0.0,0.0001644736842105263,0.0001644736842105263,0.033202573760260146,0.03320257376026015,41.0,0.2852750396879825,0.08446344624744295,0.15800214569229115,0.04169286097577141,6080,0.0,0.0,0.0,0.033202573760260146,0.03320257376026015,41.0,,,,,6080,0.0,0.000986842105263158,0.000986842105263158,0.033202573760260146,0.03320257376026015,41.0,,,,,6080,0.0,0.0,0.0,0.033202573760260146,0.03320257376026015,41.0,0.12929075329961287,0.08446344624724858,0.13473402455101613,0.03730187192529048
b37fd114,8161,0,0,573,0.1,8161,0.0,0.0,0.0,0.03320257376026013,0.03320257376026015,41.0,0.29076288656145816,0.08446344624640982,0.23601078239132373,0.04117438602199711,8161,0.0,0.0,0.0,0.03320257376026013,0.033202573760260146,41.0,,,,,8161,0.0,0.0047788261242494795,0.0047788261242494795,0.03320257376026013,0.03320257376026015,41.0,,,,,8161,0.0,0.0,0.0,0.03320257376026013,0.033202573760260146,41.0,0.11589460930675786,0.08446344624621543,0.1385804819077512,0.03710432114088741
b38e3116,6211,0,0,573,0.1,6211,0.0,0.0,0.0,0.033202573760260125,0.033202573760260146,41.0,0.20226974360438976,0.08446344624621532,0.11861624795430567,0.03957741020587416,6211,0.0,0.0,0.0,0.033202573760260125,0.033202573760260146,41.0,,,,,6211,0.0,0.0008050233456770246,0.0008050233456770246,0.033202573760260125,0.033202573760260146,41.0,,,,,6211,0.0,0.0,0.0,0.033202573760260125,0.033202573760260146,41.0,0.11333553958346558,0.08446344624462622,0.1069220756806485,0.037065800931368895
b4d8dd4f,4259,1339,1,573,0.1,4259,0.0,0.00023479690068091102,0.00023479690068091102,0.033202573760260125,0.033202573760260146,41.0,0.2787453110490411,0.08547404866255696,0.27036059461796735,0.04088271880192999,4259,0.0,0.0,0.0,0.03320257376026012,0.033202573760260146,41.0,,,,,4259,0.0,0.000704390702042733,0.000704390702042733,0.03320257376026012,0.033202573760260146,41.0,,,,,4259,0.0,0.0,0.0,0.03320257376026012,0.033202573760260146,41.0,0.11514515717650908,0.08547404866073505,0.1347340245501759,0.036613454707301846
b4f37e6e,2992,0,0,573,0.1,2992,0.0,0.0,0.0,0.03320257376026013,0.033202573760260146,41.0,0.23045915749769738,0.08333162176026289,0.1215136818720999,0.04033148066818055,2992,0.0,0.0,0.0,0.03320257376026013,0.033202573760260146,41.0,,,,,2992,0.0,0.002005347593582888,0.002005347593582888,0.03320257376026013,0.033202573760260146,41.0,,,,,2992,0.0,0.0,0.0,0.03320257376026012,0.033202573760260146,41.0,0.10071864240558824,0.08333162175851969,0.10692207568380399,0.03672675841811139
b56bc0aa,5602,0,0,573,0.1,5602,0.0,0.0001785076758300607,0.0001785076758300607,0.033202573760260125,0.033202573760260146,41.0,0.1946966037912578,0.09171833263122271,0.11861624795758453,0.038919902957710105,5602,0.0,0.0,0.0,0.033202573760260125,0.033202573760260146,41.0,,,,,5602,0.0,0.0012495537308104248,0.0012495537308104248,0.033202573760260125,0.033202573760260146,41.0,,,,,5602,0.0,0.0,0.0,0.03320257376026012,0.033202573760260146,41.0,0.0987458585488779,0.09171833263122271,0.11861624795375265,0.03621073243961789
b585b4fa,4294,0,0,573,0.1,4294,0.0,0.0,0.0,0.03320257376026012,0.033202573760260146,41.0,0.2767124400861976,0.09489264604838514,0.2291942236816344,0.039999621152357084,4294,0.0,0.0,0.0,0.03320257376026012,0.033202573760260146,41.0,,,,,4294,0.0,0.0004657661853749418,0.0004657661853749418,0.03320257376026012,0.033202573760260146,41.0,,,,,4294,0.0,0.0,0.0,0.03320257376026012,0.033202573760260146,41.0,0.12680715567082176,0.09339029447352161,0.16671755767690954,0.03666994320713313
b5aa9634,7326,0,0,573,0.1,7326,0.0,0.000819000819000819,0.000819000819000819,0.033202573760260125,0.033202573760260146,41.0,0.25350315762091613,0.08547404866255696,0.15302664551007067,0.04024678823372109,7326,0.0,0.0,0.0,0.033202573760260125,0.033202573760260146,41.0,,,,,7326,0.0,0.0012285012285012285,0.0012285012285012285,0.033202573760260125,0.033202573760260146,41.0,,,,,7326,0.0,0.0,0.0,0.033202573760260125,0.033202573760260146,41.0,0.1428621853566531,0.08547404866073505,0.13473402454944558,0.03762757497657019
b7974e66,5558,0,0,573,0.1,5558,0.0,0.0,0.0,0.033202573760260125,0.033202573760260146,41.0,0.16238767058446388,0.08446344624462622,0.09489264605085444,0.03858989996584046,5558,0.0,0.0,0.0,0.033202573760260125,0.033202573760260146,41.0,,,,,5558,0.0,0.0008996041741633681,0.0008996041741633681,0.033202573760260125,0.033202573760260146,41.0,,,,,5558,0.0,0.0,0.0,0.03320257376026012,0.03320257376026014,41.0,0.08868737816946598,0.08446344624462622,0.09489264604838514,0.03645420235795483
b7cdcecb,6168,590,1,573,0.1,6168,0.0,0.0,0.0,0.03320257376026013,0.03320257376026015,41.0,0.22186758051065228,0.10245248945054516,0.15302664551007053,0.039159869555198255,6168,0.0,0.0,0.0,0.03320257376026013,0.03320257376026015,41.0,,,,,6168,0.0,0.00032425421530479895,0.00032425421530479895,0.03320257376026013,0.03320257376026015,41.0,,,,,6168,0.0,0.0,0.0,0.03320257376026013,0.033202573760260146,41.0,0.11473660622308014,0.10245248944748911,0.1347340245501754,0.03617666520881784
b7fea9ef,3866,581,1,573,0.1,3866,0.0,0.0,0.0,0.033202573760260125,0.033202573760260146,41.0,0.2031803248339,0.09339029447352161,0.15302664551007053,0.038749094662221435,3866,0.0,0.0,0.0,0.033202573760260125,0.033202573760260146,41.0,,,,,3866,0.0,0.0012933264355923435,0.0012933264355923435,0.033202573760260125,0.033202573760260146,41.0,,,,,3866,0.0,0.0,0.0,0.03320257376026012,0.033202573760260146,41.0,0.10443552711294807,0.09339029447352161,0.13055730139354954,0.036017055188418655
b85f7b06,3803,2510,3,573,0.1,3803,0.0,0.0,0.0,0.03320257376026013,0.033202573760260146,41.0,0.19348407169023094,0.09489264604838503,0.15800214569146873,0.03813135643385713,3803,0.0,0.0,0.0,0.03320257376026013,0.033202573760260146,41.0,,,,,3803,0.0,0.00473310544307126,0.00473310544307126,0.03320257376026013,0.033202573760260146,41.0,,,,,3803,0.0,0.0,0.0,0.03320257376026013,0.033202573760260146,41.0,0.10867950876913827,0.09489264604838503,0.1476883165755738,0.035993397474249095
b881d27e,4009,0,0,573,0.1,4009,0.0,0.0,0.0,0.03320257376026013,0.033202573760260146,41.0,0.20526085811405517,0.09339029447109269,0.16671755767567226,0.03876725663754758,4009,0.0,0.0,0.0,0.03320257376026013,0.033202573760260146,41.0,,,,,4009,0.0,0.0009977550511349464,0.0009977550511349464,0.03320257376026013,0.033202573760260146,41.0,,,,,4009,0.0,0.0,0.0,0.03320257376026013,0.033202573760260146,41.0,0.10091291500454609,0.09339029447109269,0.11861624795758466,0.03619923104838449
b8c49c1a,4319,3269,1,573,0.1,4319,0.0,0.0,0.0,0.03320257376026013,0.033202573760260146,41.0,0.2348850084161185,0.08547404866073505,0.1215136818720999,0.04050441538537293,4319,0.0,0.0,0.0,0.03320257376026013,0.033202573760260146,41.0,,,,,4319,0.0,0.0006946052326927529,0.0006946052326927529,0.03320257376026013,0.033202573760260146,41.0,,,,,4319,0.0,0.0,0.0,0.03320257376026013,0.033202573760260146,41.0,0.09260804660383803,0.08446344624640982,0.10479984329504516,0.03638611469238744
b95e7121,6306,2884,3,573,0.11999999999810826,6306,0.0,0.0004757373929590866,0.0004757373929590866,0.03323811077022346,0.03323811077031918,41.0,0.21554699741172484,0.12480088653707891,0.16275282894231163,0.0361532753618535,6306,0.0,0.0,0.0,0.03323811077022346,0.03323811077031918,41.0,,,,,6306,0.0,0.003171582619727244,0.003171582619727244,0.03323811077022346,0.03323811077031918,41.0,,,,,6306,0.0,0.0,0.0,0.03323811077022346,0.03323811077031918,41.0,0.1368779453302766,0.12125004952572556,0.15327195592979742,0.03353260239984999
b977be4a,5917,3677,1,573,0.1,5917,0.0,0.0,0.0,0.03320257376026013,0.03320257376026015,41.0,0.28788997479577727,0.11543742972143366,0.1580021456923373,0.04055098295812475,5917,0.0,0.0,0.0,0.03320257376026013,0.03320257376026015,41.0,,,,,5917,0.0,0.019266520196045293,0.019266520196045293,0.03320257376026013,0.03320257376026015,41.0,,,,,5917,0.0,0.0,0.0,0.03320257376026013,0.03320257376026015,41.0,0.12222888173719172,0.10692207568064777,0.1530266455091302,0.03603000872463017
ba48188d,4166,0,0,573,0.1,4166,0.030724915986557848,0.030724915986557848,0.030724915986557848,0.03320257376026012,0.033202573760260146,41.0,0.29206922891749965,0.11543742972459732,0.32324444378802636,0.039458567251252706,4166,0.0,0.0,0.0,0.03320257376026012,0.033202573760260146,41.0,,,,,4166,0.0,0.002400384061449832,0.002400384061449832,0.03320257376026012,0.033202573760260146,41.0,,,,,4166,0.0,0.0,0.0,0.03320257376026012,0.033202573760260146,41.0,0.12390276850554456,0.11543742972143416,0.15302664551007067,0.035837732847498714
bb2cdd83,3825,0,0,573,0.1,3825,0.0,0.0,0.0,0.033202573760260125,0.033202573760260146,41.0,0.19348797769431628,0.09171833263122271,0.11861624795430567,0.039044065830250774,3825,0.0,0.0,0.0,0.033202573760260125,0.033202573760260146,41.0,,,,,3825,0.0,0.0,0.0,0.033202573760260125,0.033202573760260146,41.0,,,,,3825,0.0,0.0,0.0,0.033202573760260125,0.033202573760260146,41.0,0.09162222468641884,0.0917183326288402,0.10692207568380399,0.03608712559401432
bb337fa0,6873,1323,2,573,0.1,6873,0.0,0.0,0.0,0.033202573760260125,0.033202573760260146,41.0,0.32038153762258365,0.0917183326288402,0.2703605946173997,0.042243816228291764,6873,0.0,0.0,0.0,0.033202573760260125,0.033202573760260146,41.0,,,,,6873,0.0,0.0026189436927106066,0.0026189436927106066,0.033202573760260125,0.033202573760260146,41.0,,,,,6873,0.0,0.0,0.0,0.03320257376026012,0.033202573760260146,41.0,0.10063921879664425,0.08446344624621532,0.15302664551007067,0.036279602561850574
bb682ebd,4139,3809,1,573,0.1,4139,0.0,0.0,0.0,0.033202573760260125,0.033202573760260146,41.0,0.3374363647321935,0.09339029447352161,0.1932334484957732,0.042979013107507125,4139,0.0,0.0,0.0,0.033202573760260125,0.033202573760260146,41.0,,,,,4139,0.0,0.0012080212611741967,0.0012080212611741967,0.033202573760260125,0.033202573760260146,41.0,,,,,4139,0.0,0.0,0.0,0.033202573760260125,0.033202573760260146,41.0,0.1028326883158848,0.09339029447109368,0.12151368187260163,0.03618793198933599
bc4381e2,4955,1471,4,573,0.11000000000152796,4955,0.0,0.0,0.0,0.033222561897941934,0.033258105447181066,41.0,0.22372815406405003,0.09430529879868092,0.12969905326121617,0.039131118455955224,4955,0.0,0.0,0.0,0.033222561897941934,0.033258105447181066,41.0,,,,,4955,0.0,0.003632694248234107,0.003632694248234107,0.03321145692297591,0.033258105447181066,41.0,,,,,4955,0.0,0.0,0.0,0.03321145692297591,0.033258105447181066,41.0,0.10213073982747925,0.09293004284578069,0.115558649791685,0.03499966724541067
bcebcc5f,6258,457,2,573,0.1,6258,0.0,0.0,0.0,0.03320257376026013,0.033202573760260146,41.0,0.23816383938236368,0.08446344624640982,0.13858048191174224,0.040080814015363134,6258,0.0,0.0,0.0,0.03320257376026013,0.033202573760260146,41.0,,,,,6258,0.0,0.0023969319271332696,0.0023969319271332696,0.03320257376026013,0.033202573760260146,41.0,,,,,6258,0.0,0.0,0.0,0.03320257376026013,0.033202573760260146,41.0,0.09648447633706388,0.08446344624621543,0.11861624795430567,0.03634813903360318
bd2c2f34,9823,1035,1,573,0.1,9823,0.0,0.0,0.0,0.03320257376026013,0.033202573760260146,41.0,0.1934814582063893,0.083331621760263,0.10479984329504503,0.039564724592829205,9823,0.0,0.0,0.0,0.03320257376026013,0.033202573760260146,41.0,,,,,9823,0.0,0.001323424615697852,0.001323424615697852,0.03320257376026013,0.033202573760260146,41.0,,,,,9823,0.0,0.0,0.0,0.03320257376026013,0.033202573760260146,41.0,0.08665418522681569,0.08333162175852064,0.09489264605085444,0.03642388432251332
bd4ae5da,5006,0,0,573,0.1,5006,0.0,0.0,0.0,0.033202573760260125,0.033202573760260146,41.0,0.2137337286675876,0.09339029447352161,0.15302664551007067,0.038868237487104204,5006,0.0,0.0,0.0,0.033202573760260125,0.033202573760260146,41.0,,,,,5006,0.0,0.0015980823012385138,0.0015980823012385138,0.033202573760260125,0.033202573760260146,41.0,,,,,5006,0.0,0.0,0.0,0.033202573760260125,0.033202573760260146,41.0,0.10845180986707861,0.09339029447352161,0.1347340245501759,0.03623019937176243
bd6f0e19,5140,0,0,573,0.1,5140,0.0,0.0001945525291828794,0.0001945525291828794,0.03320257376026013,0.033202573760260146,41.0,0.16504400793239365,0.08446344624640982,0.10692207568380399,0.03844087914783388,5140,0.0,0.0,0.0,0.03320257376026013,0.033202573760260146,41.0,,,,,5140,0.0,0.0071984435797665365,0.0071984435797665365,0.03320257376026013,0.033202573760260146,41.0,,,,,5140,0.0,0.0,0.0,0.03320257376026013,0.033202573760260146,41.0,0.12357949882113792,0.08446344624621543,0.10692207568064777,0.0372772535220042
bd8f847e,4961,0,0,573,0.1,4961,0.0,0.0,0.0,0.03320257376026012,0.03320257376026015,41.0,0.21205714659156702,0.09489264605085444,0.13858048190708247,0.03891989470518101,4961,0.0,0.0,0.0,0.03320257376026012,0.03320257376026015,41.0,,,,,4961,0.0,0.0008062890546260835,0.0008062890546260835,0.03320257376026012,0.03320257376026015,41.0,,,,,4961,0.0,0.0,0.0,0.03320257376026012,0.033202573760260146,41.0,0.11468545428140277,0.09489264604838503,0.1347340245501754,0.03626599525024198
be063506,4500,729,1,573,0.1,4500,0.0,0.0,0.0,0.033202573760260125,0.033202573760260146,41.0,0.24823249872387756,0.09339029447352161,0.16420486587488295,0.0399892628963444,4500,0.0,0.0,0.0,0.033202573760260125,0.033202573760260146,41.0,,,,,4500,0.0,0.008444444444444444,0.008444444444444444,0.03320257376026012,0.033202573760260146,41.0,,,,,4500,0.0,0.0,0.0,0.03320257376026012,0.033202573760260146,41.0,0.10962265616250545,0.09339029447109368,0.1385804819077512,0.03625586912569983
be35c8f2,4226,0,0,573,0.1,4226,0.0,0.0,0.0,0.033202573760260125,0.033202573760260146,41.0,0.21257541500851224,0.09171833263122271,0.12151368187260163,0.03955161967721234,4226,0.0,0.0,0.0,0.033202573760260125,0.033202573760260146,41.0,,,,,4226,0.0,0.001183151916706105,0.001183151916706105,0.033202573760260125,0.033202573760260146,41.0,,,,,4226,0.0,0.0,0.0,0.033202573760260125,0.033202573760260146,41.0,0.10452199200236302,0.0917183326288402,0.11861624795430567,0.03648987556655489
be83e781,3221,0,0,573,0.1,3221,0.0,0.0,0.0,0.03320257376026013,0.03320257376026015,41.0,0.2709387862897448,0.09339029447109269,0.1385804819077512,0.04091867836499266,3221,0.0,0.0,0.0,0.03320257376026013,0.03320257376026015,41.0,,,,,3221,0.0,0.0012418503570319776,0.0012418503570319776,0.03320257376026013,0.03320257376026015,41.0,,,,,3221,0.0,0.0,0.0,0.03320257376026013,0.033202573760260146,41.0,0.10734480726427105,0.09339029447109269,0.13055730139094215,0.03636495680206265
beda8696,5912,1155,1,573,0.1,5912,0.0,0.0,0.0,0.033202573760260125,0.033202573760260146,41.0,0.23942912737226255,0.07736674910211587,0.10692207568380399,0.04110110257424739,5912,0.0,0.0,0.0,0.033202573760260125,0.033202573760260146,41.0,,,,,5912,0.0,0.0037212449255751017,0.0037212449255751017,0.033202573760260125,0.033202573760260146,41.0,,,,,5912,0.0,0.0,0.0,0.03320257376026012,0.033202573760260146,41.0,0.0836923511247176,0.074501708092126,0.09489264604838514,0.03654195040835875
bf39bc20,3303,380,1,573,0.1,3303,0.0,0.0,0.0,0.03320257376026013,0.033202573760260146,41.0,0.2960930529198367,0.08446344624462622,0.16581711994765022,0.04231088181788286,3303,0.0,0.0,0.0,0.03320257376026013,0.033202573760260146,41.0,,,,,3303,0.0,0.0015137753557372085,0.0015137753557372085,0.03320257376026013,0.033202573760260146,41.0,,,,,3303,0.0,0.0,0.0,0.03320257376026013,0.033202573760260146,41.0,0.09328105700556467,0.07868061948121687,0.10692207568380399,0.036496718615882925
bf70b410,6347,1924,1,573,0.1,6347,0.0,0.0,0.0,0.03320257376026013,0.033202573760260146,41.0,0.2232852702552431,0.08333162176004544,0.10692207568380399,0.04052464977540442,6347,0.0,0.0,0.0,0.03320257376026013,0.033202573760260146,41.0,,,,,6347,0.0,0.004411533007720183,0.004411533007720183,0.03320257376026013,0.033202573760260146,41.0,,,,,6347,0.0,0.0,0.0,0.03320257376026013,0.033202573760260146,41.0,0.08723443887019862,0.07868061948121687,0.09489264605085444,0.03649536555765408
bffe3082,5723,0,0,573,0.1,5723,0.0,0.0,0.0,0.03320257376026013,0.033202573760260146,41.0,0.20698050064969745,0.08446344624621543,0.15302664551007053,0.03927770312933798,5723,0.0,0.0,0.0,0.03320257376026013,0.033202573760260146,41.0,,,,,5723,0.0,0.0022715359077406954,0.0022715359077406954,0.03320257376026013,0.033202573760260146,41.0,,,,,5723,0.0,0.0,0.0,0.03320257376026013,0.033202573760260146,41.0,0.09960766366693313,0.08446344624462622,0.1215136818720999,0.036457216675954265
c03b9305,4255,1064,2,573,0.1,4255,0.0,0.0,0.0,0.033202573760260125,0.033202573760260146,41.0,0.23078415844793151,0.09489264605085444,0.1347340245501759,0.03956196902985443,4255,0.0,0.0,0.0,0.03320257376026012,0.033202573760260146,41.0,,,,,4255,0.0,0.003055229142185664,0.003055229142185664,0.03320257376026012,0.033202573760260146,41.0,,,,,4255,0.0,0.0,0.0,0.03320257376026012,0.033202573760260146,41.0,0.10164962555802515,0.09489264604838514,0.12151368187209978,0.03596717840251711
c03d4aed,4641,0,0,573,0.1,4641,0.0,0.00043094160741219563,0.00043094160741219563,0.033202573760260125,0.033202573760260146,41.0,0.23908074856316894,0.09339029447352161,0.1476883165755738,0.039893968266777276,4641,0.0,0.0,0.0,0.033202573760260125,0.033202573760260146,41.0,,,,,4641,0.0,0.0008618832148243913,0.0008618832148243913,0.033202573760260125,0.033202573760260146,41.0,,,,,4641,0.0,0.0,0.0,0.03320257376026012,0.033202573760260146,41.0,0.1091899032815453,0.09339029447109269,0.12151368187260163,0.03640430693509316
c03fba65,3699,192,1,573,0.1,3699,0.0,0.0,0.0,0.033202573760260125,0.033202573760260146,41.0,0.25637930119523566,0.09339029447323345,0.16233555534305547,0.0403558427813123,3699,0.0,0.0,0.0,0.033202573760260125,0.033202573760260146,41.0,,,,,3699,0.0,0.004325493376588267,0.004325493376588267,0.033202573760260125,0.033202573760260146,41.0,,,,,3699,0.0,0.0,0.0,0.03320257376026012,0.033202573760260146,41.0,0.09818044490745734,0.09339029447109368,0.12151368187260163,0.03609928666826977
c07fd0cd,4191,2729,1,573,0.1,4191,0.0,0.0,0.0,0.03320257376026012,0.033202573760260146,41.0,0.2022008807057485,0.09171833263122259,0.12151368187260163,0.03926721254338035,4191,0.0,0.0,0.0,0.03320257376026012,0.033202573760260146,41.0,,,,,4191,0.0,0.0,0.0,0.03320257376026012,0.033202573760260146,41.0,,,,,4191,0.0,0.0,0.0,0.03320257376026012,0.033202573760260146,41.0,0.0949624239568407,0.09171833262916072,0.11861624795375278,0.03617981269470897
c1708b88,6315,4195,1,573,0.1,6315,0.0,0.0,0.0,0.03320257376026013,0.03320257376026015,41.0,0.27085428081182716,0.09489264604838503,0.20336437148966716,0.040161228107824444,6315,0.0,0.0,0.0,0.033202573760260125,0.03320257376026015,41.0,,,,,6315,0.0,0.00047505938242280285,0.00047505938242280285,0.033202573760260125,0.03320257376026015,41.0,,,,,6315,0.0,0.0,0.0,0.033202573760260125,0.033202573760260146,41.0,0.11673681825094595,0.09339029447352161,0.1733644433841373,0.03633875021045776
c1d046f4,5513,1526,1,573,0.1,5513,0.0,0.00018138944313440957,0.00018138944313440957,0.03320257376026013,0.033202573760260146,41.0,0.2322263905367101,0.09171833262916072,0.13858048190708247,0.03994412588362058,5513,0.0,0.0,0.0,0.03320257376026013,0.03320257376026015,41.0,,,,,5513,0.0,0.009069472156720479,0.009069472156720479,0.03320257376026013,0.03320257376026015,41.0,,,,,5513,0.0,0.0,0.0,0.03320257376026013,0.033202573760260146,41.0,0.19377761409709326,0.09171833262884009,0.1347340245501754,0.03931771568693051
c2717d4f,4721,1316,2,573,0.1,4721,0.0,0.0,0.0,0.033202573760260125,0.033202573760260146,41.0,0.2330553321913171,0.09171833263122271,0.13055730139466698,0.04001709561922442,4721,0.0,0.0,0.0,0.033202573760260125,0.033202573760260146,41.0,,,,,4721,0.0,0.006142766363058674,0.006142766363058674,0.033202573760260125,0.033202573760260146,41.0,,,,,4721,0.0,0.0,0.0,0.033202573760260125,0.033202573760260146,41.0,0.09585573045828703,0.0917183326288402,0.11861624795430567,0.036141204759623284
c2c4db09,6039,533,1,573,0.1,6039,0.0,0.00016559032952475575,0.00016559032952475575,0.033202573760260125,0.03320257376026015,41.0,0.2500788278591648,0.10692207568064777,0.1733644433841373,0.039167102677090164,6039,0.0,0.0,0.0,0.033202573760260125,0.03320257376026015,41.0,,,,,6039,0.0,0.005298890544792184,0.005298890544792184,0.033202573760260125,0.03320257376026015,41.0,,,,,6039,0.0,0.0,0.0,0.03320257376026012,0.03320257376026015,41.0,0.1231403594232244,0.10692207568064777,0.15302664551007053,0.03598729880868898
c2c6fc71,7119,0,0,573,0.1,7119,0.0,0.00014046916701783958,0.00014046916701783958,0.03320257376026012,0.033202573760260146,41.0,0.22337613941841145,0.08446344624621543,0.12151368187598553,0.0399819912393176,7119,0.0,0.0,0.0,0.03320257376026012,0.033202573760260146,41.0,,,,,7119,0.0,0.0008428150021070375,0.0008428150021070375,0.03320257376026012,0.033202573760260146,41.0,,,,,7119,0.0,0.0,0.0,0.03320257376026012,0.033202573760260146,41.0,0.09232280152664363,0.08446344624462622,0.11861624795430567,0.03630987262508682
c36625df,4742,0,0,573,0.1,4742,0.0,0.0,0.0,0.03320257376026012,0.033202573760260146,41.0,0.18059208538767077,0.09339029447109368,0.147688316580867,0.03801409075690752,4742,0.0,0.0,0.0,0.03320257376026012,0.033202573760260146,41.0,,,,,4742,0.0,0.0014761703922395613,0.0014761703922395613,0.03320257376026012,0.033202573760260146,41.0,,,,,4742,0.0,0.0,0.0,0.03320257376026012,0.033202573760260146,41.0,0.10151701941103923,0.09171833263122271,0.1347340245501759,0.03615335374670334
c3957531,5316,947,1,573,0.1,5316,0.0,0.0,0.0,0.03320257376026013,0.033202573760260146,41.0,0.28544210054727015,0.08333162175852064,0.1958636265115065,0.0417320258436421,5316,0.0,0.0,0.0,0.03320257376026013,0.033202573760260146,41.0,,,,,5316,0.0,0.001128668171557562,0.001128668171557562,0.03320257376026013,0.033202573760260146,41.0,,,,,5316,0.0,0.0,0.0,0.033202573760260125,0.033202573760260146,41.0,0.12481049465069777,0.07868061948121687,0.12151368187260163,0.037445079670998006
c42fe306,5095,981,1,573,0.1,5095,0.0,0.0,0.0,0.033202573760260125,0.033202573760260146,41.0,0.22320495190659814,0.08446344624621532,0.1347340245501759,0.040094581242071776,5095,0.0,0.0,0.0,0.033202573760260125,0.033202573760260146,41.0,,,,,5095,0.0,0.0013738959764474975,0.0013738959764474975,0.033202573760260125,0.033202573760260146,41.0,,,,,5095,0.0,0.0,0.0,0.033202573760260125,0.033202573760260146,41.0,0.09077651608277762,0.08446344624462622,0.10692207568380399,0.03626871801621749
c43812e2,5527,0,0,573,0.1,5527,0.0,0.0,0.0,0.033202573760260125,0.033202573760260146,41.0,0.2572349600943798,0.09339029447352161,0.1733644433841373,0.04000534596631228,5527,0.0,0.0,0.0,0.033202573760260125,0.033202573760260146,41.0,,,,,5527,0.0,0.0018092998009770218,0.0018092998009770218,0.033202573760260125,0.033202573760260146,41.0,,,,,5527,0.0,0.0,0.0,0.03320257376026012,0.033202573760260146,41.0,0.1043912961680367,0.09339029447352161,0.1385804819077512,0.03600491217324431
c472c0b5,3054,0,0,573,0.10000000000130968,3054,0.0,0.0003274394237066143,0.0003274394237066143,0.03320257376026014,0.033202573760260146,41.0,0.22180157299964276,0.1186162479546958,0.13858048191270275,0.03850450351311278,3054,0.0,0.0,0.0,0.03320257376026014,0.033202573760260146,41.0,,,,,3054,0.0,0.0003274394237066143,0.0003274394237066143,0.03320257376026014,0.033202573760260146,41.0,,,,,3054,0.0,0.0,0.0,0.03320257376026014,0.033202573760260146,41.0,0.1226048816622742,0.11543742972543743,0.13858048190871147,0.03580597865521441
c47e0767,4356,544,1,573,0.1,4356,0.0,0.0,0.0,0.03320257376026013,0.033202573760260146,41.0,0.2080224441660706,0.083331621760263,0.10479984329504503,0.040055425839360864,4356,0.0,0.0,0.0,0.03320257376026013,0.033202573760260146,41.0,,,,,4356,0.0,0.003443526170798898,0.003443526170798898,0.03320257376026013,0.033202573760260146,41.0,,,,,4356,0.0,0.0,0.0,0.03320257376026013,0.033202573760260146,41.0,0.09579747510333379,0.08333162175852064,0.09489264605085444,0.036685669537857325
c50b42f6,6014,0,0,573,0.1,6014,0.0,0.0,0.0,0.03320257376026013,0.033202573760260146,41.0,0.25616046064642334,0.08446344624462622,0.15800214569694557,0.04109935643074119,6014,0.0,0.0,0.0,0.03320257376026013,0.033202573760260146,41.0,,,,,6014,0.0,0.0006651147322913202,0.0006651147322913202,0.03320257376026013,0.033202573760260146,41.0,,,,,6014,0.0,0.0,0.0,0.03320257376026013,0.033202573760260146,41.0,0.10138198958343825,0.08333162176026289,0.10692207568064777,0.036740642309101616
c593337f,5208,0,0,573,0.1,5208,0.0,0.0,0.0,0.033202573760260125,0.033202573760260146,41.0,0.21224346884484174,0.08547404866073505,0.13861826358053425,0.038937984827439695,5208,0.0,0.0,0.0,0.033202573760260125,0.033202573760260146,41.0,,,,,5208,0.0,0.001152073732718894,0.001152073732718894,0.033202573760260125,0.033202573760260146,41.0,,,,,5208,0.0,0.0,0.0,0.033202573760260125,0.033202573760260146,41.0,0.10207757356866941,0.08547404866073505,0.11861624795430567,0.036405219273164896
c59b6c4a,5499,1413,1,573,0.1,5499,0.0,0.0,0.0,0.03320257376026013,0.033202573760260146,41.0,0.18575472360047035,0.08333162175852064,0.10479984329504503,0.0392544411497169,5499,0.0,0.0,0.0,0.03320257376026013,0.033202573760260146,41.0,,,,,5499,0.0,0.006001091107474086,0.006001091107474086,0.03320257376026013,0.033202573760260146,41.0,,,,,5499,0.0,0.0,0.0,0.03320257376026013,0.033202573760260146,41.0,0.08779355673612795,0.07868061948121687,0.09489264605085444,0.03647161368087379
c66be2b8,4154,1939,2,573,0.1,4154,0.0,0.00048146364949446316,0.00048146364949446316,0.033202573760260125,0.033202573760260146,41.0,0.2597566826193441,0.10245248945054529,0.1580021456923377,0.03999007455670599,4154,0.0,0.0,0.0,0.033202573760260125,0.033202573760260146,41.0,,,,,4154,0.0,0.0021665864227250844,0.0021665864227250844,0.033202573760260125,0.033202573760260146,41.0,,,,,4154,0.0,0.0,0.0,0.033202573760260125,0.033202573760260146,41.0,0.10674718635934241,0.10245248944748911,0.1347340245501759,0.03602630401960609
c6797dd7,4664,2272,1,573,0.1,4664,0.0,0.0,0.0,0.03320257376026013,0.033202573760260146,41.0,0.19418220526015711,0.07868061948011486,0.12151368187260163,0.03942726513945407,4664,0.0,0.0,0.0,0.03320257376026013,0.033202573760260146,41.0,,,,,4664,0.0,0.002144082332761578,0.002144082332761578,0.03320257376026013,0.033202573760260146,41.0,,,,,4664,0.0,0.0,0.0,0.03320257376026013,0.033202573760260146,41.0,0.08983113964074117,0.07806582436759832,0.10692207568064777,0.036462374185554466
c6b782a4,4877,0,0,573,0.1,4877,0.0,0.0,0.0,0.03320257376026012,0.033202573760260146,41.0,0.2508792688739525,0.09489264604838514,0.15302664551274464,0.03997040270683044,4877,0.0,0.0,0.0,0.03320257376026012,0.033202573760260146,41.0,,,,,4877,0.0,0.001230264506868977,0.001230264506868977,0.03320257376026012,0.033202573760260146,41.0,,,,,4877,0.0,0.0,0.0,0.03320257376026012,0.033202573760260146,41.0,0.11157213213668657,0.09339029447352161,0.12151368187598566,0.03636577485430625
c6c96179,4004,0,0,573,0.1,4004,0.0,0.0,0.0,0.03320257376026013,0.033202573760260146,41.0,0.19603193333214164,0.08547404866238331,0.11861624795758466,0.03909905040787583,4004,0.0,0.0,0.0,0.03320257376026013,0.033202573760260146,41.0,,,,,4004,0.0,0.0014985014985014985,0.0014985014985014985,0.03320257376026013,0.033202573760260146,41.0,,,,,4004,0.0,0.0,0.0,0.03320257376026013,0.033202573760260146,41.0,0.09032745479225698,0.08547404866073505,0.10692207568380399,0.03615150035443324
c70c0e01,4312,768,1,573,0.1,4312,0.0,0.0,0.0,0.03320257376026012,0.03320257376026015,41.0,0.24978459146063156,0.09339029447352161,0.15302664551007053,0.04027080719182568,4312,0.0,0.0,0.0,0.03320257376026012,0.03320257376026015,41.0,,,,,4312,0.0,0.0011595547309833025,0.0011595547309833025,0.03320257376026012,0.033202573760260146,41.0,,,,,4312,0.0,0.0,0.0,0.03320257376026012,0.033202573760260146,41.0,0.10210206142211935,0.09339029447109269,0.1347340245501754,0.03610136730652027
c84c65be,8496,3336,3,573,0.1,8496,0.0,0.0,0.0,0.03320257376026013,0.033202573760260146,41.0,0.28616490014868523,0.0917183326288402,0.19563946395658374,0.04116772618976862,8496,0.0,0.0,0.0,0.033202573760260125,0.033202573760260146,41.0,,,,,8496,0.0,0.0005885122410546139,0.0005885122410546139,0.033202573760260125,0.033202573760260146,41.0,,,,,8496,0.0,0.0,0.0,0.033202573760260125,0.033202573760260146,41.0,0.10011250403578595,0.08547404866073505,0.1347340245505415,0.03621882851485562
c8d9680c,6281,5026,1,573,0.1,6281,0.0,0.0001592103168285305,0.0001592103168285305,0.033202573760260125,0.033202573760260146,41.0,0.260873990008568,0.09339029447109368,0.13473402455403982,0.04077573446109836,6281,0.0,0.0,0.0,0.03320257376026012,0.033202573760260146,41.0,,,,,6281,0.0,0.0033434166533991404,0.0033434166533991404,0.03320257376026012,0.033202573760260146,41.0,,,,,6281,0.0,0.0,0.0,0.03320257376026012,0.033202573760260146,41.0,0.09988419475163825,0.09339029447109368,0.11861624795758453,0.036180378351556
c908edd0,5293,155,1,573,0.1,5293,0.0,0.0,0.0,0.033202573760260125,0.033202573760260146,41.0,0.2196879237546809,0.08446344624462622,0.10692207568380399,0.04010119942614878,5293,0.0,0.0,0.0,0.033202573760260125,0.033202573760260146,41.0,,,,,5293,0.0,0.0030228603816361234,0.0030228603816361234,0.033202573760260125,0.033202573760260146,41.0,,,,,5293,0.0,0.0,0.0,0.033202573760260125,0.033202573760260146,41.0,0.09589300298514647,0.08446344624462622,0.10479984329504503,0.03656787549274136
c9578d27,4487,3012,1,573,0.1,4487,0.0,0.0,0.0,0.033202573760260125,0.033202573760260146,41.0,0.3135971094416243,0.09489264604838514,0.2291942236894201,0.04170302055563432,4487,0.0,0.0,0.0,0.033202573760260125,0.033202573760260146,41.0,,,,,4487,0.0,0.0006685981724983285,0.0006685981724983285,0.033202573760260125,0.033202573760260146,41.0,,,,,4487,0.0,0.0,0.0,0.033202573760260125,0.033202573760260146,41.0,0.10933851520098925,0.09339029447109368,0.15302664551007067,0.036245115757641125
c96c018a,6236,0,0,573,0.1,6236,0.0,0.0,0.0,0.03320257376026013,0.03320257376026015,41.0,0.2367991010971498,0.09339029447109269,0.1385804819077512,0.0399148650129636,6236,0.0,0.0,0.0,0.03320257376026013,0.033202573760260146,41.0,,,,,6236,0.0,0.001763951250801796,0.001763951250801796,0.03320257376026013,0.033202573760260146,41.0,,,,,6236,0.0,0.0,0.0,0.03320257376026013,0.033202573760260146,41.0,0.11924243843663836,0.09171833262884009,0.1347340245501754,0.03671701844506965
c99f9fae,6361,1237,1,573,0.1,6361,0.0,0.0,0.0,0.03320257376026013,0.033202573760260146,41.0,0.1925635393929435,0.10479984329193508,0.12151368187598553,0.03842072761607424,6361,0.0,0.0,0.0,0.03320257376026013,0.033202573760260146,41.0,,,,,6361,0.0,0.0006288319446627889,0.0006288319446627889,0.03320257376026013,0.033202573760260146,41.0,,,,,6361,0.0,0.0,0.0,0.03320257376026013,0.033202573760260146,41.0,0.12191285039870273,0.10479984329193508,0.12151368187260163,0.03637133943305086
c9e6734f,4735,1335,1,573,0.1,4735,0.0,0.0,0.0,0.03320257376026013,0.033202573760260146,41.0,0.24766434963446332,0.07736674910211587,0.13753554076647423,0.04119236494181723,4735,0.0,0.0,0.0,0.03320257376026013,0.033202573760260146,41.0,,,,,4735,0.0,0.0012671594508975714,0.0012671594508975714,0.03320257376026013,0.033202573760260146,41.0,,,,,4735,0.0,0.0,0.0,0.03320257376026012,0.033202573760260146,41.0,0.11161385315317456,0.07736674910098375,0.10479984329193508,0.03737408983658893
c9e980e8,4359,3858,1,573,0.11999999999992725,4359,0.0,0.0,0.0,0.033238110770228674,0.0332381107702933,41.0,0.19119007834557813,0.11082026957143908,0.12480088654230066,0.03600259482789647,4359,0.0,0.0,0.0,0.033238110770228674,0.0332381107702933,41.0,,,,,4359,0.0,0.0018352833218628125,0.0018352833218628125,0.033238110770228674,0.0332381107702933,41.0,,,,,4359,0.0,0.0,0.0,0.03323811077022153,0.0332381107702862,41.0,0.11306749526194258,0.11082026957143908,0.1248008865394242,0.03309755771406661
c9fedcf3,3517,0,0,573,0.1,3517,0.0,0.0,0.0,0.03320257376026013,0.033202573760260146,41.0,0.1838801101579851,0.08446344624640982,0.10692207568064777,0.03899582810545589,3517,0.0,0.0,0.0,0.03320257376026013,0.033202573760260146,41.0,,,,,3517,0.0,0.0005686664771111743,0.0005686664771111743,0.03320257376026013,0.033202573760260146,41.0,,,,,3517,0.0,0.0,0.0,0.03320257376026013,0.033202573760260146,41.0,0.09354898355652098,0.08446344624621543,0.10479984329504516,0.03641162879349196
cad13e8f,4848,0,0,573,0.1,4848,0.0,0.0,0.0,0.03320257376026012,0.033202573760260146,41.0,0.18395451814526428,0.074501708092126,0.10692207568064777,0.03947080476411898,4848,0.0,0.0,0.0,0.03320257376026012,0.033202573760260146,41.0,,,,,4848,0.0,0.0008250825082508251,0.0008250825082508251,0.03320257376026012,0.033202573760260146,41.0,,,,,4848,0.0,0.0,0.0,0.03320257376026012,0.03320257376026013,41.0,0.0918450055734976,0.07450170809155629,0.10479984329234181,0.03672531139023484
cb34231f,5609,1140,1,573,0.1,5609,0.0,0.0,0.0,0.03320257376026013,0.033202573760260146,41.0,0.18963671035845284,0.08446344624462622,0.10692207568101458,0.03940753875759598,5609,0.0,0.0,0.0,0.03320257376026012,0.033202573760260146,41.0,,,,,5609,0.0,0.0017828489926903191,0.0017828489926903191,0.03320257376026012,0.033202573760260146,41.0,,,,,5609,0.0,0.0,0.0,0.03320257376026012,0.033202573760260146,41.0,0.10377262409380954,0.08333162176026289,0.10479984329193508,0.03687754421637765
cb879f40,6315,1187,2,573,0.1,6315,0.0,0.0,0.0,0.033202573760260125,0.033202573760260146,41.0,0.241422203561145,0.09339029447352161,0.1530266455145273,0.039829821136517035,6315,0.0,0.0,0.0,0.03320257376026012,0.033202573760260146,41.0,,,,,6315,0.0,0.003800475059382423,0.003800475059382423,0.03320257376026012,0.033202573760260146,41.0,,,,,6315,0.0,0.0,0.0,0.03320257376026012,0.033202573760260146,41.0,0.1050140168402773,0.09339029447109368,0.1347340245501759,0.03613546193186177
cbb406b5,6328,730,1,573,0.1,6328,0.0,0.00015802781289506955,0.00015802781289506955,0.033202573760260125,0.033202573760260146,41.0,0.2825371165087336,0.08547404866238331,0.15800214569146848,0.04149615982263694,6328,0.0,0.0,0.0,0.03320257376026012,0.033202573760260146,41.0,,,,,6328,0.0,0.0018963337547408343,0.0018963337547408343,0.03320257376026012,0.033202573760260146,41.0,,,,,6328,0.0,0.0,0.0,0.03320257376026012,0.033202573760260146,41.0,0.092746149574714,0.08446344624640982,0.12151368187209978,0.036137780476005556
cbe51de1,3963,999,1,573,0.1,3963,0.0,0.0005046681806712087,0.0005046681806712087,0.033202573760260125,0.033202573760260146,41.0,0.2693830142136187,0.09489264605085444,0.1941958546820906,0.040022131911905665,3963,0.0,0.0,0.0,0.033202573760260125,0.033202573760260146,41.0,,,,,3963,0.0,0.0010093363613424174,0.0010093363613424174,0.033202573760260125,0.033202573760260146,41.0,,,,,3963,0.0,0.0,0.0,0.033202573760260125,0.033202573760260146,41.0,0.13062201558534273,0.09489264605059552,0.16671755767567226,0.0366518761128126
cbe62450,6258,3328,2,573,0.1,6258,0.0,0.00047938638542665386,0.00047938638542665386,0.03320257376026012,0.033202573760260146,41.0,0.2785636110769808,0.09339029447109368,0.1733644433841373,0.0407382757782683,6258,0.0,0.0,0.0,0.03320257376026012,0.033202573760260146,41.0,,,,,6258,0.0,0.00015979546180888463,0.00015979546180888463,0.03320257376026012,0.033202573760260146,41.0,,,,,6258,0.0,0.0,0.0,0.03320257376026012,0.033202573760260146,41.0,0.11073002511352682,0.09171833263122271,0.15302664551007067,0.03636730973933026
cc08aa63,3274,1000,3,573,0.1,3274,0.0,0.0,0.0,0.033202573760260125,0.033202573760260146,41.0,0.22099380652215636,0.09339029447109368,0.11861624795430567,0.03994544536037075,3274,0.0,0.0,0.0,0.033202573760260125,0.033202573760260146,41.0,,,,,3274,0.0,0.0009163103237629811,0.0009163103237629811,0.033202573760260125,0.033202573760260146,41.0,,,,,3274,0.0,0.0,0.0,0.033202573760260125,0.033202573760260146,41.0,0.09262345722505874,0.09339029447109368,0.1069220756806485,0.03618984370842664
cc8a1d57,6638,0,0,573,0.1,6638,0.0,0.0,0.0,0.033202573760260125,0.033202573760260146,41.0,0.21025673626794292,0.08446344624640982,0.11861624795758453,0.03970950252287771,6638,0.0,0.0,0.0,0.033202573760260125,0.033202573760260146,41.0,,,,,6638,0.0,0.001958421211208195,0.001958421211208195,0.033202573760260125,0.033202573760260146,41.0,,,,,6638,0.0,0.0,0.0,0.03320257376026012,0.033202573760260146,41.0,0.10593264411619807,0.08446344624621532,0.11456241914833092,0.036733814428395635
ccedb12b,4401,1041,1,573,0.1,4401,0.0,0.0004544421722335833,0.0004544421722335833,0.033202573760260125,0.033202573760260146,41.0,0.24805130624286864,0.09339029447109368,0.1385804819077512,0.04038636379338131,4401,0.0,0.0,0.0,0.033202573760260125,0.033202573760260146,41.0,,,,,4401,0.0,0.002044989775051125,0.002044989775051125,0.033202573760260125,0.033202573760260146,41.0,,,,,4401,0.0,0.0,0.0,0.03320257376026012,0.033202573760260146,41.0,0.09719742451139385,0.09171833262916085,0.11543742972459732,0.036228976519241646
cd7f1687,4232,369,1,573,0.1,4232,0.0,0.0,0.0,0.033202573760260125,0.033202573760260146,41.0,0.23377397109034478,0.09339029447109368,0.13473402455403982,0.03986345608480952,4232,0.0,0.0,0.0,0.033202573760260125,0.033202573760260146,41.0,,,,,4232,0.0,0.002835538752362949,0.002835538752362949,0.033202573760260125,0.033202573760260146,41.0,,,,,4232,0.0,0.0,0.0,0.033202573760260125,0.033202573760260146,41.0,0.09916837448264364,0.09339029447109368,0.12151368187598566,0.0360599362480549
cda7eb37,5973,0,0,573,0.1,5973,0.0,0.0,0.0,0.033202573760260125,0.033202573760260146,41.0,0.23403209214892134,0.083331621760263,0.11861624795758453,0.04048401158533567,5973,0.0,0.0,0.0,0.033202573760260125,0.033202573760260146,41.0,,,,,5973,0.0,0.0006696802276912774,0.0006696802276912774,0.033202573760260125,0.033202573760260146,41.0,,,,,5973,0.0,0.0,0.0,0.033202573760260125,0.033202573760260146,41.0,0.10294896554752693,0.083331621760263,0.1069220756806485,0.03674344287289944
cdc31d65,4840,0,0,573,0.1,4840,0.0,0.00020661157024793388,0.00020661157024793388,0.03320257376026013,0.033202573760260146,41.0,0.20923545068273597,0.08446344624462622,0.13055730139094215,0.03972947756114826,4840,0.0,0.0,0.0,0.03320257376026013,0.033202573760260146,41.0,,,,,4840,0.0,0.001652892561983471,0.001652892561983471,0.03320257376026013,0.033202573760260146,41.0,,,,,4840,0.0,0.0,0.0,0.03320257376026013,0.033202573760260146,41.0,0.09083927515177535,0.08446344624462622,0.10479984329504516,0.036380794950135936
cdc60a53,5878,0,0,573,0.1,5878,0.0,0.0,0.0,0.033202573760260125,0.033202573760260146,41.0,0.24061624540072454,0.09171833262916085,0.11861624795430567,0.040491165507126246,5878,0.0,0.0,0.0,0.033202573760260125,0.033202573760260146,41.0,,,,,5878,0.0,0.0013610071452875127,0.0013610071452875127,0.033202573760260125,0.033202573760260146,41.0,,,,,5878,0.0,0.0,0.0,0.033202573760260125,0.033202573760260146,41.0,0.09670350872447724,0.0917183326288402,0.1069220756806485,0.036315754391987615
ce55ba43,4104,139,1,573,0.1,4104,0.0,0.0004873294346978557,0.0004873294346978557,0.033202573760260125,0.033202573760260146,41.0,0.30834519107011554,0.09171833263122271,0.2302840792885336,0.04174096575028895,4104,0.0,0.0,0.0,0.033202573760260125,0.033202573760260146,41.0,,,,,4104,0.0,0.00804093567251462,0.00804093567251462,0.033202573760260125,0.033202573760260146,41.0,,,,,4104,0.0,0.0,0.0,0.033202573760260125,0.033202573760260146,41.0,0.09978019462560074,0.08547404866238331,0.13858048190708236,0.036224296344632874
ce8399b7,1615,0,0,573,0.1,1615,0.0,0.0,0.0,0.03320257376026012,0.03320257376026015,41.0,0.24958762845793345,0.10245248944793707,0.13858048191174224,0.040020024956677655,1615,0.0,0.0,0.0,0.03320257376026012,0.033202573760260146,41.0,,,,,1615,0.0,0.0,0.0,0.03320257376026012,0.03320257376026015,41.0,,,,,1615,0.0,0.0,0.0,0.03320257376026012,0.033202573760260146,41.0,0.1538920234736778,0.10245248944748911,0.1347340245501754,0.03737067108038411
cf50c9d1,4858,1135,1,573,0.1,4858,0.0,0.0,0.0,0.033202573760260125,0.033202573760260146,41.0,0.2270151690417326,0.09489264605085444,0.1580021456923377,0.038927559142479605,4858,0.0,0.0,0.0,0.03320257376026012,0.033202573760260146,41.0,,,,,4858,0.0,0.005351996706463565,0.005351996706463565,0.03320257376026012,0.033202573760260146,41.0,,,,,4858,0.0,0.0,0.0,0.03320257376026012,0.033202573760260146,41.0,0.11342569330004904,0.09489264604838514,0.13858048190708236,0.036112001418038525
d00e7eb9,5704,240,1,491,0.1,5704,0.0,0.0,0.0,0.03320257376026013,0.033202573760260146,41.0,0.1867346383106465,0.08446344624640982,0.12151368187260163,0.038931952298890085,5704,0.0,0.0,0.0,0.03320257376026013,0.033202573760260146,41.0,,,,,5704,0.0,0.0015778401122019635,0.0015778401122019635,0.03320257376026013,0.033202573760260146,41.0,,,,,5704,0.0,0.0,0.0,0.03320257376026013,0.033202573760260146,41.0,0.09479486022678645,0.08446344624640982,0.11861624795375278,0.03632782452646957
d011f41b,2267,0,0,573,0.1,2267,0.0,0.0,0.0,0.03320257376026013,0.03320257376026015,41.0,0.28134885791472714,0.09171833263122259,0.1580021456923373,0.04120580453059664,2267,0.0,0.0,0.0,0.03320257376026013,0.03320257376026015,41.0,,,,,2267,0.0,0.00176444640494045,0.00176444640494045,0.03320257376026013,0.03320257376026015,41.0,,,,,2267,0.0,0.0,0.0,0.03320257376026013,0.033202573760260146,41.0,0.11472263178790225,0.08547404866073505,0.13473402454944597,0.03659022555447618
d07aed8f,2957,0,0,573,0.1,2957,0.0,0.0,0.0,0.03320257376026013,0.033202573760260146,41.0,0.16699806067508066,0.07736674910098375,0.09339029447352161,0.039242049755103946,2957,0.0,0.0,0.0,0.03320257376026013,0.033202573760260146,41.0,,,,,2957,0.0,0.0023672641190395673,0.0023672641190395673,0.03320257376026013,0.033202573760260146,41.0,,,,,2957,0.0,0.0,0.0,0.03320257376026013,0.033202573760260146,41.0,0.0780302247364516,0.074501708092126,0.08547404866238331,0.03657837030093709
d085e611,6191,894,1,573,0.1,6191,0.0,0.0,0.0,0.03320257376026013,0.03320257376026015,41.0,0.25351996299644897,0.09339029447109269,0.1580021456923373,0.04032916886647129,6191,0.0,0.0,0.0,0.03320257376026013,0.033202573760260146,41.0,,,,,6191,0.0,0.0017767727346147634,0.0017767727346147634,0.03320257376026013,0.033202573760260146,41.0,,,,,6191,0.0,0.0,0.0,0.033202573760260125,0.033202573760260146,41.0,0.09868307738313202,0.09171833262884009,0.13473402454944597,0.03615139865812372
d0a0e7b5,3816,481,1,573,0.1,3816,0.0,0.0,0.0,0.033202573760260125,0.033202573760260146,41.0,0.22980416359868208,0.08333162176004544,0.12151368187598566,0.04043311474648955,3816,0.0,0.0,0.0,0.033202573760260125,0.033202573760260146,41.0,,,,,3816,0.0,0.0005241090146750524,0.0005241090146750524,0.033202573760260125,0.033202573760260146,41.0,,,,,3816,0.0,0.0,0.0,0.033202573760260125,0.033202573760260146,41.0,0.0992311916974298,0.07868061948121687,0.10692207568296713,0.03666128429363746
d0a43760,4041,0,0,573,0.1,4041,0.0,0.0,0.0,0.03320257376026013,0.033202573760260146,41.0,0.14991348460539503,0.074501708092126,0.09171833262884009,0.03878899574724519,4041,0.0,0.0,0.0,0.03320257376026013,0.033202573760260146,41.0,,,,,4041,0.0,0.0017322444939371442,0.0017322444939371442,0.03320257376026013,0.033202573760260146,41.0,,,,,4041,0.0,0.0,0.0,0.03320257376026013,0.033202573760260146,41.0,0.10512802104294333,0.07450170809155629,0.08547404866238331,0.03747150914434221
d0cb63ae,5223,2269,1,573,0.10999999999970897,5223,0.0,0.0,0.0,0.03322256189798413,0.04836089065246388,41.0,0.4190536477053806,0.13601551506593065,0.8897819202333856,0.041898224688843994,5223,0.0,0.0,0.0,0.03322256189798413,0.03409449017371396,41.0,,,,,5223,0.0,0.002871912693854107,0.002871912693854107,0.03322256189798413,0.03409449017371396,41.0,,,,,5223,0.0,0.0,0.0,0.03322256189798413,0.03325810544720126,41.0,0.14999337448434777,0.1296990532590463,0.2287145169682787,0.03569216830289909
d114d9c2,6206,0,0,573,0.1,6206,0.0,0.0,0.0,0.03320257376026013,0.033202573760260146,41.0,0.17303107112813956,0.07806582436654727,0.09489264604838514,0.03919511899472944,6206,0.0,0.0,0.0,0.03320257376026013,0.033202573760260146,41.0,,,,,6206,0.0,0.0020947470190138574,0.0020947470190138574,0.03320257376026013,0.033202573760260146,41.0,,,,,6206,0.0,0.0,0.0,0.03320257376026013,0.033202573760260146,41.0,0.0945147660377759,0.07771628673433151,0.08547404866255696,0.03696667836526741
d1457cc5,6920,5333,1,573,0.1,6920,0.0,0.000722543352601156,0.000722543352601156,0.03320257376026013,0.033202573760260146,41.0,0.23540348689773466,0.07868061948121687,0.11861624795375265,0.04079615224542806,6920,0.0,0.0,0.0,0.033202573760260125,0.033202573760260146,41.0,,,,,6920,0.0,0.0018786127167630057,0.0018786127167630057,0.03320257376026013,0.033202573760260146,41.0,,,,,6920,0.0,0.0,0.0,0.033202573760260125,0.033202573760260146,41.0,0.09083018382777187,0.07868061948121687,0.1047998432919352,0.0365749640817488
d1ecf309,6168,149,1,573,0.1,6168,0.0,0.0,0.0,0.03320257376026013,0.033202573760260146,41.0,0.18377712222944903,0.08446344624621532,0.10479984329504503,0.03911116555907065,6168,0.0,0.0,0.0,0.03320257376026013,0.033202573760260146,41.0,,,,,6168,0.0,0.0008106355382619975,0.0008106355382619975,0.03320257376026013,0.033202573760260146,41.0,,,,,6168,0.0,0.0,0.0,0.033202573760260125,0.033202573760260146,41.0,0.08881396076231159,0.08446344624621532,0.09489264605085444,0.036320527397386705
d1ee630d,6290,2080,1,573,0.1,6290,0.0,0.0,0.0,0.03320257376026013,0.03320257376026015,41.0,0.24920127042238002,0.10479984329504516,0.16671755767567226,0.03951899957803699,6290,0.0,0.0,0.0,0.033202573760260125,0.03320257376026015,41.0,,,,,6290,0.0,0.006041335453100159,0.006041335453100159,0.033202573760260125,0.03320257376026015,41.0,,,,,6290,0.0,0.0,0.0,0.033202573760260125,0.03320257376026015,41.0,0.11292612468294771,0.10479984329234181,0.15302664551007053,0.0359610624401758
d217e0c5,3838,2925,1,573,0.1,3838,0.0,0.0,0.0,0.03320257376026012,0.033202573760260146,41.0,0.18509333884266047,0.09171833262884009,0.1215136818720999,0.03868320055436954,3838,0.0,0.0,0.0,0.03320257376026012,0.033202573760260146,41.0,,,,,3838,0.0,0.0018238665971860343,0.0018238665971860343,0.03320257376026012,0.033202573760260146,41.0,,,,,3838,0.0,0.0,0.0,0.03320257376026012,0.033202573760260146,41.0,0.10375043530222354,0.08547404866255696,0.11861624795375278,0.03642329938586228
d24ff243,5641,0,0,573,0.1,5641,0.0,0.0001772735330615139,0.0001772735330615139,0.03320257376026013,0.033202573760260146,41.0,0.17802454117438318,0.07806582436759832,0.09489264604838503,0.03946896761376688,5641,0.0,0.0,0.0,0.03320257376026013,0.033202573760260146,41.0,,,,,5641,0.0,0.0001772735330615139,0.0001772735330615139,0.03320257376026013,0.033202573760260146,41.0,,,,,5641,0.0,0.0,0.0,0.03320257376026013,0.033202573760260146,41.0,0.09436901141643368,0.07806582436759832,0.09171833263122259,0.03696778064961116
d273674e,3899,0,0,573,0.1,3899,0.0,0.0,0.0,0.03320257376026013,0.033202573760260146,41.0,0.20428301861536768,0.08290622385115376,0.10692207568380399,0.03986186425708292,3899,0.0,0.0,0.0,0.033202573760260125,0.033202573760260146,41.0,,,,,3899,0.0,0.0010259040779687098,0.0010259040779687098,0.033202573760260125,0.033202573760260146,41.0,,,,,3899,0.0,0.0,0.0,0.033202573760260125,0.033202573760260146,41.0,0.08817349678853395,0.07868061948121687,0.10479984329234181,0.03644320718568373
d2f3b1ab,5581,1835,1,573,0.1,5581,0.0,0.0,0.0,0.03320257376026013,0.033202573760260146,41.0,0.24854020143520048,0.08446344624640982,0.12151368187598553,0.04079616364194375,5581,0.0,0.0,0.0,0.03320257376026013,0.033202573760260146,41.0,,,,,5581,0.0,0.002866869736606343,0.002866869736606343,0.03320257376026013,0.033202573760260146,41.0,,,,,5581,0.0,0.0,0.0,0.03320257376026013,0.033202573760260146,41.0,0.09682529003483016,0.08446344624621543,0.10692207568380399,0.03644845377553949
d3df146b,5787,0,0,573,0.1,5787,0.0,0.0003456022118541559,0.0003456022118541559,0.03320257376026013,0.033202573760260146,41.0,0.20063077824832437,0.08446344624462622,0.11861624795758466,0.039324238688596504,5787,0.0,0.0,0.0,0.03320257376026013,0.033202573760260146,41.0,,,,,5787,0.0,0.005356834283739416,0.005356834283739416,0.03320257376026013,0.033202573760260146,41.0,,,,,5787,0.0,0.0,0.0,0.03320257376026013,0.033202573760260146,41.0,0.0913379100324332,0.08446344624462622,0.10692207568064777,0.03636939503576421
d40f61d5,4039,0,0,573,0.1,4039,0.0,0.0002475860361475613,0.0002475860361475613,0.03320257376026013,0.033202573760260146,41.0,0.2025855915144752,0.08446344624462622,0.11861624795430567,0.03958156432864613,4039,0.0,0.0,0.0,0.03320257376026013,0.033202573760260146,41.0,,,,,4039,0.0,0.0007427581084426838,0.0007427581084426838,0.03320257376026013,0.033202573760260146,41.0,,,,,4039,0.0,0.0,0.0,0.03320257376026012,0.033202573760260146,41.0,0.09485198856133323,0.08446344624462622,0.10692207568101458,0.03648439586500837
d41beaf2,4753,0,0,573,0.1,4753,0.0,0.0,0.0,0.03320257376026012,0.033202573760260146,41.0,0.21403148973364902,0.09489264604838514,0.14768831657557394,0.038947752435488356,4753,0.0,0.0,0.0,0.03320257376026012,0.033202573760260146,41.0,,,,,4753,0.0,0.0006311803071744162,0.0006311803071744162,0.03320257376026012,0.033202573760260146,41.0,,,,,4753,0.0,0.0,0.0,0.03320257376026012,0.033202573760260146,41.0,0.10141546176987205,0.09489264604838514,0.12151368187260163,0.035954181424203965
d463e527,4767,3166,1,573,0.1,4767,0.0,0.00020977554017201594,0.00020977554017201594,0.033202573760260125,0.033202573760260146,41.0,0.2586586504564369,0.08547404866238331,0.2197929063578778,0.040507384006837246,4767,0.0,0.0,0.0,0.033202573760260125,0.033202573760260146,41.0,,,,,4767,0.0,0.004405286343612335,0.004405286343612335,0.033202573760260125,0.033202573760260146,41.0,,,,,4767,0.0,0.0,0.0,0.033202573760260125,0.033202573760260146,41.0,0.13253091645759582,0.08446344624640982,0.12151368187209978,0.037393917501224755
d4f60a28,4501,1329,3,573,0.1,4501,0.0,0.0,0.0,0.03320257376026013,0.03320257376026015,41.0,0.25317685207521395,0.08446344624640982,0.1385804819077512,0.04057399579972426,4501,0.0,0.0,0.0,0.03320257376026013,0.033202573760260146,41.0,,,,,4501,0.0,0.0033325927571650742,0.0033325927571650742,0.03320257376026013,0.033202573760260146,41.0,,,,,4501,0.0,0.0,0.0,0.03320257376026013,0.033202573760260146,41.0,0.09390964884201942,0.08446344624621543,0.12151368187260163,0.03615295404436057
d50c649a,4873,0,0,573,0.1,4873,0.0,0.00020521239482864764,0.00020521239482864764,0.03320257376026012,0.033202573760260146,41.0,0.23834407691974127,0.1047998432919352,0.15302664551007067,0.03947577093969551,4873,0.0,0.0,0.0,0.03320257376026012,0.033202573760260146,41.0,,,,,4873,0.0,0.002257336343115124,0.002257336343115124,0.03320257376026012,0.033202573760260146,41.0,,,,,4873,0.0,0.0,0.0,0.03320257376026012,0.033202573760260146,41.0,0.11038243555880853,0.1047998432919352,0.13858048190708236,0.03595108748992285
d543916f,4799,1919,1,573,0.1,4799,0.0,0.00041675349031048136,0.00041675349031048136,0.03320257376026013,0.033202573760260146,41.0,0.22990886586883696,0.08547404866255696,0.12151368187598553,0.04006075888104128,4799,0.0,0.0,0.0,0.03320257376026013,0.033202573760260146,41.0,,,,,4799,0.0,0.003959158157949573,0.003959158157949573,0.03320257376026013,0.033202573760260146,41.0,,,,,4799,0.0,0.0,0.0,0.03320257376026013,0.033202573760260146,41.0,0.09479393518505817,0.08547404866238331,0.11861624795430567,0.03618947996378362
d5df0ff5,4032,0,0,573,0.1,4032,0.0,0.0,0.0,0.033202573760260125,0.033202573760260146,41.0,0.24682395441611732,0.09489264604838514,0.1580021456923377,0.03958168913501174,4032,0.0,0.0,0.0,0.033202573760260125,0.033202573760260146,41.0,,,,,4032,0.0,0.006200396825396825,0.006200396825396825,0.033202573760260125,0.033202573760260146,41.0,,,,,4032,0.0,0.0,0.0,0.033202573760260125,0.033202573760260146,41.0,0.12873558017683648,0.09339029447352161,0.1385804819077512,0.036661307746643064
d60430e6,2511,490,1,499,0.1,2511,0.0,0.00039824771007566706,0.00039824771007566706,0.03320257376026012,0.033202573760260146,41.0,0.25642014513098565,0.08547404866255696,0.15302664551007067,0.04054840824369435,2511,0.0,0.0,0.0,0.03320257376026012,0.033202573760260146,41.0,,,,,2511,0.0,0.00398247710075667,0.00398247710075667,0.03320257376026012,0.033202573760260146,41.0,,,,,2511,0.0,0.0,0.0,0.03320257376026012,0.033202573760260146,41.0,0.09880950327017367,0.08446344624640982,0.1347340245501759,0.03616416559150547
d63196fe,4510,0,0,573,0.1,4510,0.0,0.0,0.0,0.03320257376026012,0.033202573760260146,41.0,0.18870747513882158,0.08547404866073505,0.12151368187209978,0.038792280401257186,4510,0.0,0.0,0.0,0.03320257376026012,0.033202573760260146,41.0,,,,,4510,0.0,0.0004434589800443459,0.0004434589800443459,0.03320257376026012,0.033202573760260146,41.0,,,,,4510,0.0,0.0,0.0,0.03320257376026012,0.033202573760260146,41.0,0.10575076284089911,0.08446344624640982,0.11861624795430567,0.036596378568150796
d6c320d9,5452,4064,1,573,0.1,5452,0.0,0.00018341892883345562,0.00018341892883345562,0.033202573760260125,0.033202573760260146,41.0,0.18851775956079747,0.08446344624640982,0.12151368187260163,0.03894585627615765,5452,0.0,0.0,0.0,0.033202573760260125,0.033202573760260146,41.0,,,,,5452,0.0,0.004218635363169479,0.004218635363169479,0.033202573760260125,0.033202573760260146,41.0,,,,,5452,0.0,0.0,0.0,0.03320257376026012,0.033202573760260146,41.0,0.11897530812495824,0.08446344624621543,0.11861624795758466,0.03699296453419843
d6dd7330,6193,0,0,573,0.1,6193,0.0,0.0,0.0,0.03320257376026013,0.033202573760260146,41.0,0.24506965563174118,0.083331621760263,0.13055730139094202,0.0407664044071546,6193,0.0,0.0,0.0,0.033202573760260125,0.033202573760260146,41.0,,,,,6193,0.0,0.0017761989342806395,0.0017761989342806395,0.033202573760260125,0.033202573760260146,41.0,,,,,6193,0.0,0.0,0.0,0.033202573760260125,0.033202573760260146,41.0,0.09905373479042084,0.08333162175852064,0.1069220756806485,0.036698737183733336
d7ba4f9d,6023,760,1,573,0.1,6023,0.0,0.00016603021749958492,0.00016603021749958492,0.033202573760260125,0.033202573760260146,41.0,0.21052805144576,0.09339029447109269,0.1733644433841373,0.03894274929048561,6023,0.0,0.0,0.0,0.033202573760260125,0.033202573760260146,41.0,,,,,6023,0.0,0.0008301510874979246,0.0008301510874979246,0.033202573760260125,0.033202573760260146,41.0,,,,,6023,0.0,0.0,0.0,0.033202573760260125,0.033202573760260146,41.0,0.10333526465568106,0.09171833263122259,0.1580021456923373,0.036111689234444896
d7eb0be8,5401,1998,1,573,0.1,5401,0.0,0.0,0.0,0.03320257376026013,0.033202573760260146,41.0,0.2821234644593789,0.074501708092126,0.08547404866255696,0.04295560878742611,5401,0.0,0.0,0.0,0.03320257376026013,0.033202573760260146,41.0,,,,,5401,0.0,0.0009257544899092761,0.0009257544899092761,0.03320257376026013,0.033202573760260146,41.0,,,,,5401,0.0,0.0,0.0,0.03320257376026013,0.033202573760260146,41.0,0.12441885879373568,0.07422110659379844,0.08446344624462622,0.03817512567762847
d84b621b,3994,2035,1,573,0.1,3994,0.0,0.0,0.0,0.03320257376026012,0.033202573760260146,41.0,0.21104184023872608,0.08446344624621532,0.1580021456923377,0.03920426395641522,3994,0.0,0.0,0.0,0.03320257376026012,0.033202573760260146,41.0,,,,,3994,0.0,0.0012518778167250877,0.0012518778167250877,0.03320257376026012,0.033202573760260146,41.0,,,,,3994,0.0,0.0,0.0,0.03320257376026012,0.033202573760260146,41.0,0.10897823164034524,0.08446344624462622,0.14768831657557394,0.036666728240877064
d90aa14c,10018,2503,2,535,0.1,10018,0.0,0.00019964064683569574,0.00019964064683569574,0.03320257376026012,0.033202573760260146,41.0,0.23445310212564444,0.08547404866238331,0.1385804819077512,0.03999842013883245,10018,0.0,0.0,0.0,0.03320257376026012,0.033202573760260146,41.0,,,,,10018,0.0,0.0009982032341784787,0.0009982032341784787,0.03320257376026012,0.033202573760260146,41.0,,,,,10018,0.0,0.0,0.0,0.03320257376026012,0.033202573760260146,41.0,0.09510183421028819,0.08446344624640982,0.11861624795758453,0.03620637228126016
d924e971,3184,1474,1,573,0.1,3184,0.0,0.0,0.0,0.033202573760260125,0.033202573760260146,41.0,0.34926827551226153,0.09171833263122271,0.13858048190708236,0.043765717540586314,3184,0.0,0.0,0.0,0.033202573760260125,0.033202573760260146,41.0,,,,,3184,0.0,0.004082914572864322,0.004082914572864322,0.033202573760260125,0.033202573760260146,41.0,,,,,3184,0.0,0.0,0.0,0.033202573760260125,0.033202573760260146,41.0,0.10524098015086324,0.08547404866238331,0.12151368187209978,0.03643215905036242
d9ae59b2,3648,1512,2,573,0.1,3648,0.0,0.00027412280701754384,0.00027412280701754384,0.03320257376026013,0.033202573760260146,41.0,0.21716585896029117,0.09489264605085444,0.1347340245501754,0.03921471962796363,3648,0.0,0.0,0.0,0.03320257376026013,0.033202573760260146,41.0,,,,,3648,0.0,0.0010964912280701754,0.0010964912280701754,0.03320257376026013,0.033202573760260146,41.0,,,,,3648,0.0,0.0,0.0,0.03320257376026013,0.033202573760260146,41.0,0.10243019555360383,0.09489264604838503,0.12151368187260163,0.035985027128906555
d9d6d94d,4919,816,2,573,0.1,4919,0.0,0.0004065867046147591,0.0004065867046147591,0.033202573760260125,0.033202573760260146,41.0,0.2842726033684279,0.08547404866238331,0.1580021456923377,0.04167955443393277,4919,0.0,0.0,0.0,0.033202573760260125,0.033202573760260146,41.0,,,,,4919,0.0,0.0008131734092295182,0.0008131734092295182,0.033202573760260125,0.033202573760260146,41.0,,,,,4919,0.0,0.0,0.0,0.033202573760260125,0.033202573760260146,41.0,0.10344526104289396,0.08446344624640982,0.11861624795758453,0.03671669557552537
d9eca87b,6373,0,0,573,0.1,6373,0.0,0.0,0.0,0.033202573760260125,0.033202573760260146,41.0,0.23987192706621438,0.08446344624621532,0.1385804819077512,0.04041508101030505,6373,0.0,0.0,0.0,0.033202573760260125,0.033202573760260146,41.0,,,,,6373,0.0,0.0009414718343009571,0.0009414718343009571,0.033202573760260125,0.033202573760260146,41.0,,,,,6373,0.0,0.0,0.0,0.03320257376026012,0.033202573760260146,41.0,0.09073912780709348,0.08446344624462622,0.1069220756806485,0.03634196184628734
da2d4d7c,2114,0,0,573,0.1,2114,0.0,0.0,0.0,0.03320257376026013,0.033202573760260146,41.0,0.2231288041012341,0.08446344624621543,0.11861624795375278,0.04017070968568334,2114,0.0,0.0,0.0,0.03320257376026013,0.033202573760260146,41.0,,,,,2114,0.0,0.0023651844843897824,0.0023651844843897824,0.03320257376026013,0.033202573760260146,41.0,,,,,2114,0.0,0.0,0.0,0.03320257376026013,0.033202573760260146,41.0,0.10042790497501397,0.08446344624462622,0.10479984329504516,0.036663880245446485
da3bfe4e,5549,1319,1,573,0.1,5549,0.0,0.0,0.0,0.03320257376026013,0.033202573760260146,41.0,0.26758613954468186,0.07806582436771739,0.1733644433841373,0.041401358286095896,5549,0.0,0.0,0.0,0.03320257376026013,0.033202573760260146,41.0,,,,,5549,0.0,0.002342764462065237,0.002342764462065237,0.03320257376026013,0.033202573760260146,41.0,,,,,5549,0.0,0.0,0.0,0.03320257376026013,0.033202573760260146,41.0,0.09356610087897345,0.07806582436759832,0.10692207568064777,0.03658160541560402
da3cf798,5844,182,1,573,0.1,5844,0.0,0.0006844626967830253,0.0006844626967830253,0.033202573760260125,0.033202573760260146,41.0,0.24467479358529418,0.09489264604838514,0.13473402455403982,0.040033417029918625,5844,0.0,0.0,0.0,0.033202573760260125,0.033202573760260146,41.0,,,,,5844,0.0,0.006502395619438741,0.006502395619438741,0.033202573760260125,0.033202573760260146,41.0,,,,,5844,0.0,0.0,0.0,0.03320257376026012,0.033202573760260146,41.0,0.10215695327797492,0.09339029447352161,0.12151368187260163,0.03606769300596062
da940160,5132,0,0,573,0.1,5132,0.0,0.0,0.0,0.03320257376026013,0.033202573760260146,41.0,0.18630241975242928,0.07806582436771752,0.0975687979372949,0.039583169487791135,5132,0.0,0.0,0.0,0.03320257376026013,0.033202573760260146,41.0,,,,,5132,0.0,0.0005845674201091193,0.0005845674201091193,0.03320257376026013,0.033202573760260146,41.0,,,,,5132,0.0,0.0,0.0,0.03320257376026013,0.033202573760260146,41.0,0.09666683042140439,0.07806582436771752,0.09339029447352161,0.03688771794500567
dafc88c3,5572,0,0,573,0.1,5572,0.0,0.00017946877243359656,0.00017946877243359656,0.03320257376026013,0.033202573760260146,41.0,0.21672359414034725,0.07868061948121687,0.11861624795375278,0.040215307460309505,5572,0.0,0.0,0.0,0.03320257376026013,0.033202573760260146,41.0,,,,,5572,0.0,0.0,0.0,0.03320257376026013,0.033202573760260146,41.0,,,,,5572,0.0,0.0,0.0,0.03320257376026012,0.033202573760260146,41.0,0.11191833517228797,0.07868061948011462,0.10245248945054516,0.03720777263559251
dbee6c86,7369,328,1,573,0.1,7369,0.0,0.0,0.0,0.033202573760260125,0.033202573760260146,41.0,0.23188590053223726,0.08446344624640982,0.1347340245501759,0.04021074686634061,7369,0.0,0.0,0.0,0.033202573760260125,0.033202573760260146,41.0,,,,,7369,0.0,0.0013570362328674175,0.0013570362328674175,0.033202573760260125,0.033202573760260146,41.0,,,,,7369,0.0,0.0,0.0,0.033202573760260125,0.033202573760260146,41.0,0.09944390856536821,0.08446344624640982,0.1154374297208308,0.03647671570523168
dc5fbe29,5203,0,0,573,0.1,5203,0.0,0.0,0.0,0.03320257376026013,0.033202573760260146,41.0,0.2520053150248807,0.08333162176026289,0.12151368187598553,0.04102338770303251,5203,0.0,0.0,0.0,0.03320257376026013,0.033202573760260146,41.0,,,,,5203,0.0,0.001537574476263694,0.001537574476263694,0.03320257376026013,0.033202573760260146,41.0,,,,,5203,0.0,0.0,0.0,0.03320257376026013,0.033202573760260146,41.0,0.10446503594049539,0.08333162175851969,0.10692207568064777,0.03682605348118084
dc7da28f,4774,312,1,573,0.1,4774,0.0,0.00020946795140343527,0.00020946795140343527,0.03320257376026013,0.033202573760260146,41.0,0.2045906727707545,0.07868061948132149,0.10692207568064777,0.03991532850706694,4774,0.0,0.0,0.0,0.03320257376026013,0.033202573760260146,41.0,,,,,4774,0.0,0.0012568077084206116,0.0012568077084206116,0.03320257376026013,0.033202573760260146,41.0,,,,,4774,0.0,0.0,0.0,0.03320257376026013,0.033202573760260146,41.0,0.09944093691611813,0.07868061948121687,0.09489264605059552,0.036893852547507204
dc7f9757,4360,0,0,573,0.1,4360,0.0,0.00045871559633027525,0.00045871559633027525,0.03320257376026013,0.033202573760260146,41.0,0.2027817127164454,0.08346467321163512,0.12151368187598566,0.03945719418659079,4360,0.0,0.0,0.0,0.03320257376026013,0.033202573760260146,41.0,,,,,4360,0.0,0.0038990825688073397,0.0038990825688073397,0.03320257376026013,0.033202573760260146,41.0,,,,,4360,0.0,0.0,0.0,0.03320257376026013,0.033202573760260146,41.0,0.08917123529301589,0.083331621760263,0.1069220756806485,0.03632300266280201
dd168de0,3304,0,0,573,0.1,3304,0.0,0.0012106537530266344,0.0012106537530266344,0.03320257376026012,0.033202573760260146,41.0,0.2301811038710084,0.09489264604838514,0.12151368187209978,0.03953184112703315,3304,0.0,0.0,0.0,0.03320257376026012,0.033202573760260146,41.0,,,,,3304,0.0,0.0,0.0,0.03320257376026012,0.033202573760260146,41.0,,,,,3304,0.0,0.0,0.0,0.03320257376026012,0.033202573760260146,41.0,0.12081936475337235,0.09489264604838514,0.11861624795758453,0.03653851434970948
dd64382d,3124,188,1,573,0.1,3124,0.0,0.0,0.0,0.033202573760260125,0.033202573760260146,41.0,0.17549474484733887,0.09339029447109368,0.1069220756806485,0.03841847683905609,3124,0.0,0.0,0.0,0.033202573760260125,0.033202573760260146,41.0,,,,,3124,0.0,0.004161331626120359,0.004161331626120359,0.033202573760260125,0.033202573760260146,41.0,,,,,3124,0.0,0.0,0.0,0.033202573760260125,0.033202573760260146,41.0,0.09364947330989279,0.09339029447109368,0.1069220756806485,0.03597567896181083
dd6bc5b2,3602,1737,1,573,0.1,3602,0.0,0.0,0.0,0.03320257376026013,0.033202573760260146,41.0,0.2113150789421629,0.08547404866073505,0.1733644433841373,0.038885541964736,3602,0.0,0.0,0.0,0.03320257376026013,0.033202573760260146,41.0,,,,,3602,0.0,0.004441976679622432,0.004441976679622432,0.03320257376026013,0.033202573760260146,41.0,,,,,3602,0.0,0.0,0.0,0.03320257376026013,0.033202573760260146,41.0,0.13287221347090103,0.08446344624640982,0.147688316580867,0.037285584635223266
dd7d638e,4301,2103,1,573,0.1,4301,0.0,0.00023250406882120437,0.00023250406882120437,0.033202573760260125,0.033202573760260146,41.0,0.2021656245189691,0.08446344624621532,0.10479984329504503,0.03969692158695,4301,0.0,0.0,0.0,0.033202573760260125,0.033202573760260146,41.0,,,,,4301,0.0,0.0006975122064636131,0.0006975122064636131,0.033202573760260125,0.033202573760260146,41.0,,,,,4301,0.0,0.0,0.0,0.033202573760260125,0.033202573760260146,41.0,0.09586463504416336,0.08446344624462622,0.10479984329234181,0.03655830730746855
ddc790ff,4726,0,0,573,0.1,4726,0.0,0.0,0.0,0.033202573760260125,0.033202573760260146,41.0,0.21618334270336426,0.08446344624462622,0.12151368187209978,0.039968946797425006,4726,0.0,0.0,0.0,0.033202573760260125,0.033202573760260146,41.0,,,,,4726,0.0,0.0023275497249259417,0.0023275497249259417,0.033202573760260125,0.033202573760260146,41.0,,,,,4726,0.0,0.0,0.0,0.033202573760260125,0.033202573760260146,41.0,0.0911093610793705,0.08446344624462622,0.1069220756806485,0.03639189703146718
df71d1ff,6228,0,0,573,0.1,6228,0.0,0.0,0.0,0.03320257376026013,0.03320257376026015,41.0,0.2726432590695697,0.09489264605085444,0.1580021456923373,0.040442165511578504,6228,0.0,0.0,0.0,0.033202573760260125,0.033202573760260146,41.0,,,,,6228,0.0,0.00016056518946692356,0.00016056518946692356,0.033202573760260125,0.033202573760260146,41.0,,,,,6228,0.0,0.0,0.0,0.03320257376026012,0.033202573760260146,41.0,0.11552702740940257,0.09489264605059552,0.1347340245501754,0.03625443720275946
df73b8f3,5311,936,1,573,0.1,5311,0.0,0.0003765769158350593,0.0003765769158350593,0.03320257376026013,0.03320257376026015,41.0,0.28716981053696183,0.09339029447109269,0.22914816134859256,0.041142406481246514,5311,0.0,0.0,0.0,0.03320257376026013,0.03320257376026015,41.0,,,,,5311,0.0,0.0003765769158350593,0.0003765769158350593,0.03320257376026013,0.03320257376026015,41.0,,,,,5311,0.0,0.0,0.0,0.03320257376026013,0.033202573760260146,41.0,0.11012337690020187,0.09171833262884009,0.13858048191174224,0.03647623110011072
df8290be,3972,3014,1,573,0.1,3972,0.0,0.0,0.0,0.033202573760260125,0.033202573760260146,41.0,0.27765257948030564,0.09339029447109368,0.15800214569146848,0.041273510805486927,3972,0.0,0.0,0.0,0.033202573760260125,0.033202573760260146,41.0,,,,,3972,0.0,0.0,0.0,0.033202573760260125,0.033202573760260146,41.0,,,,,3972,0.0,0.0,0.0,0.033202573760260125,0.033202573760260146,41.0,0.1018506124612721,0.0917183326288402,0.12151368187260163,0.036307810100442366
e0079ed1,3471,1720,1,573,0.1,3471,0.0,0.0,0.0,0.033202573760260125,0.033202573760260146,41.0,0.21617371311666825,0.09339029447109269,0.16671755767567226,0.03924602972192666,3471,0.0,0.0,0.0,0.033202573760260125,0.033202573760260146,41.0,,,,,3471,0.0,0.005762028233938346,0.005762028233938346,0.033202573760260125,0.033202573760260146,41.0,,,,,3471,0.0,0.0,0.0,0.033202573760260125,0.033202573760260146,41.0,0.1014580777754527,0.09339029447109269,0.12151368187598553,0.036149671090352914
e03b45fd,5342,1070,1,573,0.1,5342,0.0,0.00018719580681392738,0.00018719580681392738,0.03320257376026013,0.19958186525091007,41.0,0.3919502198103624,0.11861624795375265,1.355490618752325,0.04152144565787294,5342,0.0,0.0,0.0,0.033202573760260125,0.036814066070107766,41.0,,,,,5342,0.0,0.00018719580681392738,0.00018719580681392738,0.033202573760260125,0.036814066070107766,41.0,,,,,5342,0.0,0.0,0.0,0.033202573760260125,0.03409449017329695,41.0,0.15099209283040013,0.1069220756806485,0.2197929063578778,0.03691853902956577
e0f36d98,4976,2938,1,573,0.1,4976,0.0,0.00040192926045016077,0.00040192926045016077,0.03320257376026013,0.033202573760260146,41.0,0.24012694469290893,0.08446344624462622,0.13623102017943897,0.04039200194886562,4976,0.0,0.0,0.0,0.03320257376026013,0.033202573760260146,41.0,,,,,4976,0.0,0.0022106109324758843,0.0022106109324758843,0.03320257376026013,0.033202573760260146,41.0,,,,,4976,0.0,0.0,0.0,0.03320257376026013,0.033202573760260146,41.0,0.09192479136394299,0.08333162176026289,0.11861624795430567,0.036318264241448905
e149204f,6097,0,0,573,0.1,6097,0.0,0.0,0.0,0.03320257376026013,0.033202573760260146,41.0,0.21751382880625977,0.09171833263122259,0.13858048190708247,0.039435130568886534,6097,0.0,0.0,0.0,0.03320257376026013,0.033202573760260146,41.0,,,,,6097,0.0,0.0001640150893882237,0.0001640150893882237,0.03320257376026013,0.033202573760260146,41.0,,,,,6097,0.0,0.0,0.0,0.03320257376026013,0.033202573760260146,41.0,0.10221858226687382,0.09171833262884009,0.12151368187598553,0.03627982918336689
e14d641e,3184,0,0,573,0.1,3184,0.0,0.0,0.0,0.033202573760260125,0.033202573760260146,41.0,0.2380249403490337,0.09171833263122271,0.1733644433790814,0.03970407001916001,3184,0.0,0.0,0.0,0.033202573760260125,0.033202573760260146,41.0,,,,,3184,0.0,0.0018844221105527637,0.0018844221105527637,0.033202573760260125,0.033202573760260146,41.0,,,,,3184,0.0,0.0,0.0,0.033202573760260125,0.033202573760260146,41.0,0.0968265998597441,0.09171833262916085,0.12151368187260163,0.03613176012086348
e161bd0c,2949,0,0,573,0.1,2949,0.0,0.00033909799932180403,0.00033909799932180403,0.03320257376026013,0.033202573760260146,41.0,0.23065181319228076,0.08446344624640982,0.13473402455403943,0.0399673073166441,2949,0.0,0.0,0.0,0.03320257376026013,0.033202573760260146,41.0,,,,,2949,0.0,0.007121057985757884,0.007121057985757884,0.03320257376026013,0.033202573760260146,41.0,,,,,2949,0.0,0.0,0.0,0.03320257376026012,0.033202573760260146,41.0,0.09597935329703958,0.08446344624621543,0.11861624795430567,0.03634801106524988
e201fd6d,5070,388,1,573,0.1,5070,0.0,0.0,0.0,0.033202573760260125,0.033202573760260146,41.0,0.2791427020495237,0.08547404866238331,0.1733644433841373,0.04117270336484961,5070,0.0,0.0,0.0,0.033202573760260125,0.033202573760260146,41.0,,,,,5070,0.0,0.002366863905325444,0.002366863905325444,0.033202573760260125,0.033202573760260146,41.0,,,,,5070,0.0,0.0,0.0,0.033202573760260125,0.033202573760260146,41.0,0.09854848267590285,0.08446344624640982,0.1305573013920595,0.03634064733704117
e25f1537,3177,0,0,573,0.1,3177,0.0,0.0,0.0,0.03320257376026012,0.033202573760260146,41.0,0.21734240360262333,0.10479984329504503,0.1733644433841373,0.037926508201018554,3177,0.0,0.0,0.0,0.03320257376026012,0.033202573760260146,41.0,,,,,3177,0.0,0.0006295247088448222,0.0006295247088448222,0.03320257376026012,0.033202573760260146,41.0,,,,,3177,0.0,0.0,0.0,0.03320257376026012,0.033202573760260146,41.0,0.1237775344148047,0.10479984329504503,0.15302664551007067,0.03578999148290673
e2fc7745,3692,1507,1,573,0.1,3692,0.0,0.0,0.0,0.033202573760260125,0.033202573760260146,41.0,0.27484326237268253,0.09339029447109368,0.15800214569146848,0.041072355810644334,3692,0.0,0.0,0.0,0.033202573760260125,0.033202573760260146,41.0,,,,,3692,0.0,0.0005417118093174431,0.0005417118093174431,0.033202573760260125,0.033202573760260146,41.0,,,,,3692,0.0,0.0,0.0,0.033202573760260125,0.033202573760260146,41.0,0.10838000864895021,0.0917183326288402,0.11861624795758453,0.03652991394285158
e32da4ec,4689,1752,1,573,0.1,4689,0.0,0.00042653017701002344,0.00042653017701002344,0.03320257376026013,0.033202573760260146,41.0,0.2676167387681613,0.08547404866238331,0.13858048190708236,0.04145223704449778,4689,0.0,0.0,0.0,0.033202573760260125,0.033202573760260146,41.0,,,,,4689,0.0,0.003838771593090211,0.003838771593090211,0.033202573760260125,0.033202573760260146,41.0,,,,,4689,0.0,0.0,0.0,0.033202573760260125,0.033202573760260146,41.0,0.10458273316259371,0.08446344624621532,0.11543742972459732,0.03667111757382048
e3b34f5b,5455,3214,1,573,0.1,5455,0.0,0.0,0.0,0.03320257376026013,0.033202573760260146,41.0,0.24372744068965926,0.08446344624621543,0.1385804819077512,0.04045360700973488,5455,0.0,0.0,0.0,0.03320257376026013,0.033202573760260146,41.0,,,,,5455,0.0,0.0012832263978001834,0.0012832263978001834,0.03320257376026013,0.033202573760260146,41.0,,,,,5455,0.0,0.0,0.0,0.03320257376026013,0.033202573760260146,41.0,0.0949109194710864,0.08446344624462622,0.11861624795758466,0.03633021466230703
e45a2a62,5007,0,0,573,0.1,5007,0.0,0.0005991611743559018,0.0005991611743559018,0.033202573760260125,0.033202573760260146,41.0,0.27685063672436827,0.09339029447109368,0.1385804819077512,0.04119583176516522,5007,0.0,0.0,0.0,0.033202573760260125,0.033202573760260146,41.0,,,,,5007,0.0,0.0003994407829039345,0.0003994407829039345,0.033202573760260125,0.033202573760260146,41.0,,,,,5007,0.0,0.0,0.0,0.03320257376026012,0.033202573760260146,41.0,0.09745456974674298,0.0917183326288402,0.11861624795758453,0.03618372801529071
e46f4ef4,7195,2785,4,573,0.1,7195,0.0,0.0,0.0,0.03320257376026013,0.033202573760260146,41.0,0.23881626443896756,0.08446344624462622,0.10692207568380399,0.04084577497323742,7195,0.0,0.0,0.0,0.03320257376026013,0.033202573760260146,41.0,,,,,7195,0.0,0.0008339124391938846,0.0008339124391938846,0.03320257376026013,0.033202573760260146,41.0,,,,,7195,0.0,0.0,0.0,0.03320257376026013,0.033202573760260146,41.0,0.08912768384233531,0.08333162175852064,0.10479984329193508,0.03651703014880078
e4726608,4733,549,1,573,0.1,4733,0.0,0.0,0.0,0.033202573760260125,0.033202573760260146,41.0,0.20663617138590704,0.08446344624462622,0.11861624795758453,0.03960875683492799,4733,0.0,0.0,0.0,0.033202573760260125,0.033202573760260146,41.0,,,,,4733,0.0,0.002957954785548278,0.002957954785548278,0.033202573760260125,0.033202573760260146,41.0,,,,,4733,0.0,0.0,0.0,0.033202573760260125,0.033202573760260146,41.0,0.09160558037670462,0.083331621760263,0.1154374297208308,0.03632881037706044
e5864244,4469,578,1,573,0.1,4469,0.0,0.0,0.0,0.03320257376026013,0.033202573760260146,41.0,0.20819397557123867,0.10479984329193508,0.12151368187260163,0.03877847586434202,4469,0.0,0.0,0.0,0.03320257376026013,0.033202573760260146,41.0,,,,,4469,0.0,0.0011188185276348177,0.0011188185276348177,0.03320257376026013,0.033202573760260146,41.0,,,,,4469,0.0,0.0,0.0,0.03320257376026013,0.033202573760260146,41.0,0.10493615273580784,0.10245248945054516,0.11861624795397394,0.036033668623590136
e5c92e59,4295,0,0,573,0.1,4295,0.0,0.00023282887077997672,0.00023282887077997672,0.033202573760260125,0.033202573760260146,41.0,0.2796337172133592,0.10479984329504503,0.1580021456923377,0.04027779992471237,4295,0.0,0.0,0.0,0.03320257376026012,0.033202573760260146,41.0,,,,,4295,0.0,0.00046565774155995343,0.00046565774155995343,0.03320257376026012,0.033202573760260146,41.0,,,,,4295,0.0,0.0,0.0,0.03320257376026012,0.033202573760260146,41.0,0.12236444500108482,0.10479984329234181,0.14768831657557394,0.03622692789299895
e5ff9fd2,2354,0,0,573,0.1,2354,0.0,0.0,0.0,0.03320257376026013,0.033202573760260146,41.0,0.20654442256260022,0.08446344624462622,0.10200978212244916,0.03993753803331935,2354,0.0,0.0,0.0,0.03320257376026013,0.033202573760260146,41.0,,,,,2354,0.0,0.0004248088360237893,0.0004248088360237893,0.03320257376026013,0.033202573760260146,41.0,,,,,2354,0.0,0.0,0.0,0.03320257376026013,0.033202573760260146,41.0,0.08452383179874139,0.08446344624462622,0.09489264605082855,0.03630482617636241
e6c55748,4472,0,0,573,0.1,4472,0.0,0.00022361359570661896,0.00022361359570661896,0.03320257376026013,0.033202573760260146,41.0,0.220432390809561,0.08446344624640982,0.1154374297208313,0.03991542623030711,4472,0.0,0.0,0.0,0.03320257376026013,0.033202573760260146,41.0,,,,,4472,0.0,0.00022361359570661896,0.00022361359570661896,0.03320257376026013,0.033202573760260146,41.0,,,,,4472,0.0,0.0,0.0,0.03320257376026013,0.033202573760260146,41.0,0.11846304717378153,0.08446344624621543,0.10692207568064777,0.03717097117824057
e730c32b,4728,4001,1,573,0.1,4728,0.0,0.0,0.0,0.033202573760260125,0.033202573760260146,41.0,0.18686952935765097,0.0917183326288402,0.1154374297208308,0.03894519536497153,4728,0.0,0.0,0.0,0.033202573760260125,0.033202573760260146,41.0,,,,,4728,0.0,0.0012690355329949238,0.0012690355329949238,0.033202573760260125,0.033202573760260146,41.0,,,,,4728,0.0,0.0,0.0,0.033202573760260125,0.033202573760260146,41.0,0.09401762561534942,0.08547404866255696,0.1069220756806485,0.036207227386032395
e737965a,5955,0,0,573,0.1,5955,0.0,0.0,0.0,0.033202573760260125,0.033202573760260146,41.0,0.2803875544915449,0.09171833263122271,0.19581879399482122,0.04115364121989563,5955,0.0,0.0,0.0,0.03320257376026012,0.033202573760260146,41.0,,,,,5955,0.0,0.0028547439126784214,0.0028547439126784214,0.033202573760260125,0.033202573760260146,41.0,,,,,5955,0.0,0.0,0.0,0.03320257376026012,0.033202573760260146,41.0,0.09686471661913863,0.08547404866238331,0.1347340245501759,0.03614621726368319
e748dd88,4812,0,0,573,0.1,4812,0.0,0.0,0.0,0.03320257376026013,0.033202573760260146,41.0,0.20300497471649534,0.08333162175851969,0.12151368187215007,0.039719702944298815,4812,0.0,0.0,0.0,0.03320257376026013,0.033202573760260146,41.0,,,,,4812,0.0,0.0020781379883624274,0.0020781379883624274,0.03320257376026013,0.033202573760260146,41.0,,,,,4812,0.0,0.0,0.0,0.03320257376026013,0.033202573760260146,41.0,0.10793902873471747,0.07868061948121687,0.10479984329193508,0.03705971888158052
e7818f7a,5371,3921,2,573,0.1,5371,0.0,0.000930925339787749,0.000930925339787749,0.033202573760260125,0.03320257376026015,41.0,0.2660293320521895,0.10479984329504516,0.1580021456923373,0.03995859038394541,5371,0.0,0.0,0.0,0.033202573760260125,0.03320257376026015,41.0,,,,,5371,0.0,0.004468441630981195,0.004468441630981195,0.033202573760260125,0.03320257376026015,41.0,,,,,5371,0.0,0.0,0.0,0.033202573760260125,0.03320257376026015,41.0,0.13230053768930455,0.10479984329234181,0.1385804819077512,0.03646046076230471
e7c36e81,3531,0,0,573,0.1,3531,0.0,0.0,0.0,0.033202573760260125,0.033202573760260146,41.0,0.2241552330620228,0.09339029447109368,0.1347340245501759,0.03969749379761856,3531,0.0,0.0,0.0,0.033202573760260125,0.033202573760260146,41.0,,,,,3531,0.0,0.004531294250920419,0.004531294250920419,0.033202573760260125,0.033202573760260146,41.0,,,,,3531,0.0,0.0,0.0,0.033202573760260125,0.033202573760260146,41.0,0.10756473262005067,0.09339029447109368,0.11861624795758453,0.03654298895134686
e7d0c1de,4711,546,1,573,0.1,4711,0.0,0.0,0.0,0.03320257376026013,0.033202573760260146,41.0,0.18474045070531758,0.09171833263122259,0.10692207568101458,0.03890406528177551,4711,0.0,0.0,0.0,0.03320257376026013,0.033202573760260146,41.0,,,,,4711,0.0,0.0010613457864572277,0.0010613457864572277,0.03320257376026013,0.033202573760260146,41.0,,,,,4711,0.0,0.0,0.0,0.03320257376026013,0.033202573760260146,41.0,0.09892407543163295,0.09171833262884009,0.10692207568064777,0.03638548720319849
e85074c5,5675,361,1,573,0.1,5675,0.0,0.0,0.0,0.03320257376026013,0.033202573760260146,41.0,0.182413571864617,0.07806582436759832,0.10245248945054516,0.039451168576327376,5675,0.0,0.0,0.0,0.03320257376026013,0.033202573760260146,41.0,,,,,5675,0.0,0.0001762114537444934,0.0001762114537444934,0.03320257376026013,0.033202573760260146,41.0,,,,,5675,0.0,0.0,0.0,0.03320257376026012,0.033202573760260146,41.0,0.09229861532558736,0.07806582436654716,0.09489264604838503,0.03681993021373989
e97032ad,3530,0,0,573,0.1,3530,0.0,0.0,0.0,0.033202573760260125,0.033202573760260146,41.0,0.17572720429168837,0.09171833262916085,0.10479984329504503,0.03876990934440717,3530,0.0,0.0,0.0,0.033202573760260125,0.033202573760260146,41.0,,,,,3530,0.0,0.00028328611898016995,0.00028328611898016995,0.033202573760260125,0.033202573760260146,41.0,,,,,3530,0.0,0.0,0.0,0.033202573760260125,0.033202573760260146,41.0,0.09299864496706386,0.08547404866255696,0.10245248945054529,0.036311522351884305
e9949a23,4559,294,1,573,0.1,4559,0.0,0.0,0.0,0.03320257376026013,0.033202573760260146,41.0,0.2761346834967365,0.08446344624462622,0.12151368187209978,0.041930508102482535,4559,0.0,0.0,0.0,0.033202573760260125,0.033202573760260146,41.0,,,,,4559,0.0,0.0,0.0,0.033202573760260125,0.033202573760260146,41.0,,,,,4559,0.0,0.0,0.0,0.033202573760260125,0.033202573760260146,41.0,0.09196763438281391,0.083331621760263,0.10479984329234181,0.03652387851161652
ea0b99b7,9239,184,1,573,0.1,9239,0.0,0.0,0.0,0.033202573760260125,0.033202573760260146,41.0,0.2561842583523314,0.09339029447352161,0.15302664551007053,0.04048050066862059,9239,0.0,0.0,0.0,0.03320257376026012,0.033202573760260146,41.0,,,,,9239,0.0,0.0048706569975105534,0.0048706569975105534,0.03320257376026012,0.033202573760260146,41.0,,,,,9239,0.0,0.0,0.0,0.03320257376026012,0.033202573760260146,41.0,0.09600107374210867,0.09339029447109269,0.12151368187260163,0.03605266123476301
ea3a0e38,10052,492,1,573,0.1,10052,0.0,0.0004974134500596896,0.0004974134500596896,0.03320257376026013,0.033202573760260146,41.0,0.20205965969644576,0.07868061948121687,0.10692207568380399,0.039817778372167906,10052,0.0,0.0,0.0,0.03320257376026013,0.033202573760260146,41.0,,,,,10052,0.0,0.002785515320334262,0.002785515320334262,0.03320257376026013,0.033202573760260146,41.0,,,,,10052,0.0,0.0,0.0,0.03320257376026012,0.033202573760260146,41.0,0.08695039617912105,0.07806582436771739,0.10479984329193508,0.0364754598426068
ea41324e,5025,0,0,573,0.1,5025,0.0,0.0001990049751243781,0.0001990049751243781,0.03320257376026013,0.033202573760260146,41.0,0.22590835118038122,0.08446344624640982,0.1385804819077512,0.03987215566202412,5025,0.0,0.0,0.0,0.03320257376026013,0.033202573760260146,41.0,,,,,5025,0.0,0.0003980099502487562,0.0003980099502487562,0.03320257376026013,0.033202573760260146,41.0,,,,,5025,0.0,0.0,0.0,0.033202573760260125,0.033202573760260146,41.0,0.10873363655216116,0.08446344624462622,0.12151368187260163,0.03667580398848835
eabc711b,5348,0,0,573,0.1,5348,0.0,0.0,0.0,0.03320257376026013,0.033202573760260146,41.0,0.2416990722266662,0.07868061948126917,0.10692207568380399,0.04108147856555567,5348,0.0,0.0,0.0,0.03320257376026013,0.033202573760260146,41.0,,,,,5348,0.0,0.0009349289454001496,0.0009349289454001496,0.03320257376026013,0.033202573760260146,41.0,,,,,5348,0.0,0.0,0.0,0.03320257376026013,0.033202573760260146,41.0,0.0913089674347332,0.07868061948011462,0.09489264605085444,0.03664313474688317
eac10e86,6067,0,0,573,0.1,6067,0.0,0.0,0.0,0.03320257376026013,0.033202573760260146,41.0,0.17424338639726408,0.07806582436759832,0.09339029447352161,0.039337938365023264,6067,0.0,0.0,0.0,0.03320257376026013,0.033202573760260146,41.0,,,,,6067,0.0,0.0006593044338223175,0.0006593044338223175,0.03320257376026013,0.033202573760260146,41.0,,,,,6067,0.0,0.0,0.0,0.03320257376026013,0.033202573760260146,41.0,0.08123647099018387,0.07806582436759832,0.08547404866255696,0.03656215477330784
eafb863e,3568,263,1,573,0.1,3568,0.0,0.0,0.0,0.03320257376026013,0.033202573760260146,41.0,0.2787129016757441,0.07806582436759843,0.12151368187209978,0.04248814418044243,3568,0.0,0.0,0.0,0.03320257376026013,0.033202573760260146,41.0,,,,,3568,0.0,0.0,0.0,0.03320257376026013,0.033202573760260146,41.0,,,,,3568,0.0,0.0,0.0,0.03320257376026013,0.033202573760260146,41.0,0.08264916896437857,0.07806582436654727,0.09339029447109368,0.03658795899847034
eb06a4e7,4535,0,0,573,0.1,4535,0.0,0.0002205071664829107,0.0002205071664829107,0.03320257376026013,0.033202573760260146,41.0,0.2129644127419586,0.08446344624640982,0.13753554076183372,0.03928201711261252,4535,0.0,0.0,0.0,0.03320257376026013,0.033202573760260146,41.0,,,,,4535,0.0,0.0017640573318632856,0.0017640573318632856,0.03320257376026013,0.033202573760260146,41.0,,,,,4535,0.0,0.0,0.0,0.03320257376026013,0.033202573760260146,41.0,0.14045790719622347,0.08446344624640982,0.1347340245501759,0.03757365941744531
eb640a35,6037,1707,1,573,0.1,6037,0.0,0.00016564518800728838,0.00016564518800728838,0.03320257376026013,0.033202573760260146,41.0,0.22767898415535712,0.09339029447352161,0.1385804819077512,0.039628778075196235,6037,0.0,0.0,0.0,0.03320257376026012,0.033202573760260146,41.0,,,,,6037,0.0,0.00033129037601457677,0.00033129037601457677,0.03320257376026012,0.033202573760260146,41.0,,,,,6037,0.0,0.0,0.0,0.03320257376026012,0.033202573760260146,41.0,0.10505673251287449,0.09339029447109269,0.12151368187463198,0.03625608573064713
eb934281,5971,146,1,573,0.1,5971,0.0,0.0,0.0,0.033202573760260125,0.033202573760260146,41.0,0.17744084609535243,0.083331621760263,0.1047998432919352,0.039088882672141424,5971,0.0,0.0,0.0,0.033202573760260125,0.033202573760260146,41.0,,,,,5971,0.0,0.004354379500921119,0.004354379500921119,0.033202573760260125,0.033202573760260146,41.0,,,,,5971,0.0,0.0,0.0,0.033202573760260125,0.033202573760260146,41.0,0.09290893213103528,0.08333162175852064,0.09489264605085444,0.036701941853064975
eba6605e,4410,0,0,573,0.1,4410,0.0,0.0,0.0,0.03320257376026013,0.033202573760260146,41.0,0.23791860144197569,0.08446344624462622,0.11861624795758466,0.040753540036831314,4410,0.0,0.0,0.0,0.03320257376026013,0.033202573760260146,41.0,,,,,4410,0.0,0.0013605442176870747,0.0013605442176870747,0.03320257376026013,0.033202573760260146,41.0,,,,,4410,0.0,0.0,0.0,0.03320257376026013,0.033202573760260146,41.0,0.10695115918013981,0.08333162176004459,0.10479984329193508,0.037032853402268286
ebe69318,4976,3943,1,573,0.1,4976,0.0,0.0008038585209003215,0.0008038585209003215,0.03320257376026013,0.033202573760260146,41.0,0.19433726037478682,0.07868061948132149,0.11861624795758466,0.0394164702747826,4976,0.0,0.0,0.0,0.03320257376026013,0.033202573760260146,41.0,,,,,4976,0.0,0.001607717041800643,0.001607717041800643,0.03320257376026013,0.033202573760260146,41.0,,,,,4976,0.0,0.0,0.0,0.03320257376026013,0.033202573760260146,41.0,0.09879317812379931,0.07868061948121687,0.10692207568064777,0.03672736895989012
ec0d597b,4616,0,0,573,0.1,4616,0.0,0.0,0.0,0.03320257376026013,0.033202573760260146,41.0,0.2582783372560845,0.08446344624462622,0.13858048190708247,0.041065248547369086,4616,0.0,0.0,0.0,0.03320257376026013,0.033202573760260146,41.0,,,,,4616,0.0,0.0015164644714038128,0.0015164644714038128,0.03320257376026013,0.033202573760260146,41.0,,,,,4616,0.0,0.0,0.0,0.03320257376026013,0.033202573760260146,41.0,0.10189082067484877,0.08333162176004459,0.10692207568380399,0.03670889269003538
ec13af42,5462,2572,2,573,0.1,5462,0.0,0.0,0.0,0.03320257376026013,0.033202573760260146,41.0,0.23249065298326796,0.08333162176026289,0.1215136818720999,0.04056176584023441,5462,0.0,0.0,0.0,0.03320257376026013,0.033202573760260146,41.0,,,,,5462,0.0,0.0021969974368363236,0.0021969974368363236,0.03320257376026013,0.033202573760260146,41.0,,,,,5462,0.0,0.0,0.0,0.03320257376026013,0.033202573760260146,41.0,0.09185029273564481,0.08333162175851969,0.10479984329504516,0.03652626203741484
ecdab904,6147,5684,1,573,0.1,6147,0.0,0.0,0.0,0.033202573760260125,0.033202573760260146,41.0,0.2532339913556792,0.08547404866238331,0.1385804819077512,0.040553112817417004,6147,0.0,0.0,0.0,0.03320257376026012,0.033202573760260146,41.0,,,,,6147,0.0,0.0004880429477794046,0.0004880429477794046,0.03320257376026012,0.033202573760260146,41.0,,,,,6147,0.0,0.0,0.0,0.03320257376026012,0.033202573760260146,41.0,0.11148402160374066,0.08547404866073505,0.12151368187260163,0.036551186879310284
ecdaf714,6592,981,1,573,0.1,6592,0.0,0.0,0.0,0.033202573760260125,0.033202573760260146,41.0,0.2471192778883301,0.09339029447352161,0.1385804819077512,0.0401603456609097,6592,0.0,0.0,0.0,0.033202573760260125,0.033202573760260146,41.0,,,,,6592,0.0,0.0036407766990291263,0.0036407766990291263,0.033202573760260125,0.033202573760260146,41.0,,,,,6592,0.0,0.0,0.0,0.033202573760260125,0.033202573760260146,41.0,0.11993244376286497,0.09339029447109368,0.1347340245501759,0.03668488335970435
ed6436d6,2945,0,0,573,0.1,2945,0.0,0.0,0.0,0.03320257376026012,0.033202573760260146,41.0,0.15254002781681686,0.08446344624462622,0.1047998432919352,0.038364080908903656,2945,0.0,0.0,0.0,0.03320257376026012,0.033202573760260146,41.0,,,,,2945,0.0,0.003735144312393888,0.003735144312393888,0.03320257376026012,0.033202573760260146,41.0,,,,,2945,0.0,0.0,0.0,0.03320257376026012,0.033202573760260146,41.0,0.11484092467265325,0.083331621760263,0.09489264605085444,0.03725151802100373
ed6e6e54,6048,1013,2,573,0.1,6048,0.0,0.0,0.0,0.033202573760260125,0.033202573760260146,41.0,0.25830667081742953,0.08547404866073505,0.15302664551007067,0.040923894504713024,6048,0.0,0.0,0.0,0.033202573760260125,0.033202573760260146,41.0,,,,,6048,0.0,0.001488095238095238,0.001488095238095238,0.033202573760260125,0.033202573760260146,41.0,,,,,6048,0.0,0.0,0.0,0.033202573760260125,0.033202573760260146,41.0,0.10511328011673614,0.08446344624640982,0.1069220756806485,0.03663921067862278
edf885a3,3117,1117,1,573,0.1,3117,0.0,0.0,0.0,0.033202573760260125,0.033202573760260146,41.0,0.22915950581406974,0.08547404866073505,0.12151368187209978,0.04032632026829702,3117,0.0,0.0,0.0,0.033202573760260125,0.033202573760260146,41.0,,,,,3117,0.0,0.0009624639076034649,0.0009624639076034649,0.033202573760260125,0.033202573760260146,41.0,,,,,3117,0.0,0.0,0.0,0.033202573760260125,0.033202573760260146,41.0,0.11061271594711397,0.08446344624640982,0.1069220756806485,0.036891375961174026
ee0300f7,4544,4266,1,573,0.1,4544,0.0,0.0,0.0,0.03320257376026013,0.033202573760260146,41.0,0.19830562261057522,0.07868061948132149,0.11861624795758466,0.03945329836191893,4544,0.0,0.0,0.0,0.03320257376026013,0.033202573760260146,41.0,,,,,4544,0.0,0.003301056338028169,0.003301056338028169,0.03320257376026013,0.033202573760260146,41.0,,,,,4544,0.0,0.0,0.0,0.03320257376026013,0.033202573760260146,41.0,0.09794071589778086,0.07868061948121687,0.10479984329504516,0.03670535856362956
ee288beb,4638,0,0,573,0.10999999999970897,4638,0.0,0.0,0.0,0.03322256189795887,0.03325810544720126,41.0,0.2462237206793011,0.09949628924472663,0.18411249973776533,0.03881853383875717,4638,0.0,0.0,0.0,0.03322256189795887,0.03325810544720126,41.0,,,,,4638,0.0,0.00043122035360068997,0.00043122035360068997,0.03322256189795887,0.03325810544720126,41.0,,,,,4638,0.0,0.0,0.0,0.03322256189795887,0.03325810544720126,41.0,0.11062089501837788,0.09430529879892517,0.1296990532631145,0.03506365085726891
ee4aecac,5265,0,0,573,0.1,5265,0.0,0.0001899335232668566,0.0001899335232668566,0.03320257376026013,0.03320257376026015,41.0,0.1966621059249307,0.09339029447352161,0.13473402455403943,0.03868660274866364,5265,0.0,0.0,0.0,0.03320257376026013,0.033202573760260146,41.0,,,,,5265,0.0,0.001899335232668566,0.001899335232668566,0.03320257376026013,0.033202573760260146,41.0,,,,,5265,0.0,0.0,0.0,0.03320257376026013,0.033202573760260146,41.0,0.11163153208846877,0.0933902944732326,0.13473402454944597,0.03639943726983881
eeda36f5,4797,286,1,573,0.1,4797,0.0,0.0,0.0,0.03320257376026013,0.033202573760260146,41.0,0.1921141469147706,0.09339029447109269,0.12151368187598553,0.038707063223008306,4797,0.0,0.0,0.0,0.03320257376026013,0.033202573760260146,41.0,,,,,4797,0.0,0.001876172607879925,0.001876172607879925,0.03320257376026013,0.033202573760260146,41.0,,,,,4797,0.0,0.0,0.0,0.03320257376026013,0.033202573760260146,41.0,0.11896672829454456,0.09339029447109269,0.1215136818720999,0.03673783437538326
eeed308d,3899,0,0,573,0.1,3899,0.0,0.0,0.0,0.03320257376026013,0.033202573760260146,41.0,0.181149220380292,0.09339029447109269,0.1215136818720999,0.038542857570109605,3899,0.0,0.0,0.0,0.03320257376026013,0.033202573760260146,41.0,,,,,3899,0.0,0.0012823800974608873,0.0012823800974608873,0.03320257376026013,0.033202573760260146,41.0,,,,,3899,0.0,0.0,0.0,0.03320257376026013,0.033202573760260146,41.0,0.10271856977554174,0.09171833263122259,0.11543742972459682,0.03642659231400119
ef04658e,4104,0,0,573,0.1,4104,0.0,0.0,0.0,0.033202573760260125,0.033202573760260146,41.0,0.25150575835414823,0.09171833262916085,0.1530266455099767,0.04060974357719522,4104,0.0,0.0,0.0,0.033202573760260125,0.033202573760260146,41.0,,,,,4104,0.0,0.0,0.0,0.033202573760260125,0.033202573760260146,41.0,,,,,4104,0.0,0.0,0.0,0.033202573760260125,0.033202573760260146,41.0,0.12165389650304821,0.08547404866238331,0.12151368187598566,0.03701697932052108
ef8e3ed0,5224,2620,1,573,0.1,5224,0.0,0.0,0.0,0.03320257376026013,0.033202573760260146,41.0,0.2560074308384801,0.08446344624462622,0.1667175576756724,0.04075477190708257,5224,0.0,0.0,0.0,0.03320257376026013,0.033202573760260146,41.0,,,,,5224,0.0,0.0005742725880551302,0.0005742725880551302,0.03320257376026013,0.033202573760260146,41.0,,,,,5224,0.0,0.0,0.0,0.03320257376026013,0.033202573760260146,41.0,0.0970337148960492,0.08333162175852064,0.11543742972459732,0.03641475633094373
efde6ac3,4559,952,1,573,0.1,4559,0.0,0.0004386926957666155,0.0004386926957666155,0.03320257376026013,0.033202573760260146,41.0,0.251414551173516,0.09171833263122259,0.13858048191094405,0.040582013897958416,4559,0.0,0.0,0.0,0.03320257376026013,0.033202573760260146,41.0,,,,,4559,0.0,0.003509541566132924,0.003509541566132924,0.03320257376026013,0.033202573760260146,41.0,,,,,4559,0.0,0.0,0.0,0.03320257376026013,0.033202573760260146,41.0,0.09587891710621721,0.08547404866255696,0.12151368187598553,0.036128545055803554
efe96181,4012,0,0,573,0.1,4012,0.0,0.0,0.0,0.03320257376026012,0.033202573760260146,41.0,0.2043252542878874,0.09339029447352161,0.11861624795430567,0.039073379237113216,4012,0.0,0.0,0.0,0.03320257376026012,0.033202573760260146,41.0,,,,,4012,0.0,0.0007477567298105683,0.0007477567298105683,0.03320257376026012,0.033202573760260146,41.0,,,,,4012,0.0,0.0,0.0,0.03320257376026012,0.033202573760260146,41.0,0.12651605961490447,0.09339029447352161,0.11543742972459682,0.03710624852303288
f0188a48,4170,2625,2,573,0.12000000000174624,4170,0.0,0.0,0.0,0.033238110770236445,0.033238110770308804,41.0,0.28816555822148016,0.12125004952887569,0.2071761393386962,0.03819524196450199,4170,0.0,0.0,0.0,0.033238110770236445,0.033238110770308804,41.0,,,,,4170,0.0,0.0009592326139088729,0.0009592326139088729,0.033238110770236445,0.033238110770308804,41.0,,,,,4170,0.0,0.0,0.0,0.03323811077021056,0.033238110770308804,41.0,0.1419927671720611,0.12125004952887569,0.17933186363789386,0.03388866906717954
f021b650,3739,395,2,573,0.1,3739,0.0,0.0,0.0,0.03320257376026012,0.033202573760260146,41.0,0.2524906316449424,0.1069220756806485,0.1385804819077512,0.03974010695313959,3739,0.0,0.0,0.0,0.03320257376026012,0.033202573760260146,41.0,,,,,3739,0.0,0.001337255950788981,0.001337255950788981,0.03320257376026012,0.033202573760260146,41.0,,,,,3739,0.0,0.0,0.0,0.03320257376026012,0.033202573760260146,41.0,0.11852742315407988,0.10479984329504503,0.13473402454944558,0.03601952650668438
f03f10fe,4145,0,0,573,0.1,4145,0.0,0.0,0.0,0.03320257376026013,0.03320257376026015,41.0,0.2854871021823836,0.08547404866238331,0.23282707568646283,0.041107441607252784,4145,0.0,0.0,0.0,0.03320257376026013,0.033202573760260146,41.0,,,,,4145,0.0,0.0033775633293124246,0.0033775633293124246,0.03320257376026013,0.03320257376026015,41.0,,,,,4145,0.0,0.0,0.0,0.03320257376026013,0.033202573760260146,41.0,0.11963357446515115,0.08446344624621543,0.13473402455403943,0.03693132464153734
f053a1b9,4108,300,1,573,0.1,4108,0.0,0.00024342745861733204,0.00024342745861733204,0.033202573760260125,0.033202573760260146,41.0,0.24056103110495133,0.08547404866238331,0.10692207568380399,0.040707152152301,4108,0.0,0.0,0.0,0.033202573760260125,0.033202573760260146,41.0,,,,,4108,0.0,0.0019474196689386564,0.0019474196689386564,0.033202573760260125,0.033202573760260146,41.0,,,,,4108,0.0,0.0,0.0,0.033202573760260125,0.033202573760260146,41.0,0.09437169688235356,0.08446344624640982,0.10479984329234181,0.03643048090836807
f074d277,2453,0,0,573,0.1,2453,0.0,0.0,0.0,0.033202573760260125,0.033202573760260146,41.0,0.27558232876151906,0.1047998432919352,0.13865604525401126,0.040727009472516305,2453,0.0,0.0,0.0,0.033202573760260125,0.033202573760260146,41.0,,,,,2453,0.0,0.0016306563391765185,0.0016306563391765185,0.033202573760260125,0.033202573760260146,41.0,,,,,2453,0.0,0.0,0.0,0.03320257376026012,0.033202573760260146,41.0,0.10681030118546639,0.10245248944793707,0.1347340245501759,0.03597003115181156
f07d7037,5563,0,0,573,0.1,5563,0.0,0.0,0.0,0.03320257376026013,0.03320257376026014,41.0,0.15209019603036267,0.07806582436771752,0.08547404866238331,0.03863779518795007,5563,0.0,0.0,0.0,0.03320257376026013,0.03320257376026014,41.0,,,,,5563,0.0,0.0007190364911019234,0.0007190364911019234,0.03320257376026013,0.03320257376026014,41.0,,,,,5563,0.0,0.0,0.0,0.03320257376026013,0.03320257376026014,41.0,0.0871461057692364,0.07806582436771752,0.08547404866238331,0.03666614242856616
f08774c3,3900,261,1,573,0.1,3900,0.0,0.0,0.0,0.03320257376026012,0.033202573760260146,41.0,0.24160358180821276,0.09339029447109368,0.12151368187598566,0.040377458253437006,3900,0.0,0.0,0.0,0.03320257376026012,0.033202573760260146,41.0,,,,,3900,0.0,0.0028205128205128207,0.0028205128205128207,0.03320257376026012,0.033202573760260146,41.0,,,,,3900,0.0,0.0,0.0,0.03320257376026012,0.033202573760260146,41.0,0.11076368648657657,0.09171833263122271,0.11861624795430567,0.036598159865792
f140c2fa,4082,0,0,573,0.1,4082,0.0,0.0,0.0,0.03320257376026012,0.033202573760260146,41.0,0.2133067455370681,0.09339029447109368,0.1385804819077512,0.03923157350932256,4082,0.0,0.0,0.0,0.03320257376026012,0.033202573760260146,41.0,,,,,4082,0.0,0.0026947574718275357,0.0026947574718275357,0.03320257376026012,0.033202573760260146,41.0,,,,,4082,0.0,0.0,0.0,0.03320257376026012,0.033202573760260146,41.0,0.09891686898179554,0.09339029447109368,0.11861624795758453,0.036143897803907914
f16e25e3,4651,1937,2,573,0.1,4651,0.0,0.0,0.0,0.03320257376026013,0.033202573760260146,41.0,0.17527638195349382,0.08446344624462622,0.10245248944793707,0.03895451058331364,4651,0.0,0.0,0.0,0.03320257376026013,0.033202573760260146,41.0,,,,,4651,0.0,0.0006450225757901526,0.0006450225757901526,0.03320257376026013,0.033202573760260146,41.0,,,,,4651,0.0,0.0,0.0,0.03320257376026013,0.033202573760260146,41.0,0.08739614429370457,0.08446344624462622,0.09489264605059552,0.03634960217030214
f2d4c8c9,6249,1682,1,573,0.1,6249,0.0,0.0,0.0,0.03320257376026013,0.033202573760260146,41.0,0.21342228029697013,0.07868061948121687,0.10692207568380399,0.040182821974527605,6249,0.0,0.0,0.0,0.03320257376026013,0.033202573760260146,41.0,,,,,6249,0.0,0.003200512081933109,0.003200512081933109,0.03320257376026013,0.033202573760260146,41.0,,,,,6249,0.0,0.0,0.0,0.033202573760260125,0.033202573760260146,41.0,0.0925899798905525,0.07868061948011462,0.10479984329234181,0.036616203010873746
f321a31c,5141,0,0,573,0.1,5141,0.0,0.0,0.0,0.03320257376026013,0.03409449017362277,41.0,0.29757811701366804,0.09489264604838503,0.2567561598375016,0.0406335677806887,5141,0.0,0.0,0.0,0.033202573760260125,0.03409449017329695,41.0,,,,,5141,0.0,0.007586072748492511,0.007586072748492511,0.033202573760260125,0.03409449017329695,41.0,,,,,5141,0.0,0.0,0.0,0.033202573760260125,0.03320257376026015,41.0,0.15233928139093542,0.09339029447109368,0.19563946395092008,0.03737020821718222
f40cd091,5166,2174,2,573,0.1,5166,0.0,0.0,0.0,0.033202573760260125,0.033202573760260146,41.0,0.26609035857277624,0.09489264604838514,0.1580021456923377,0.040376179156146934,5166,0.0,0.0,0.0,0.033202573760260125,0.033202573760260146,41.0,,,,,5166,0.0,0.001548586914440573,0.001548586914440573,0.033202573760260125,0.033202573760260146,41.0,,,,,5166,0.0,0.0,0.0,0.033202573760260125,0.033202573760260146,41.0,0.10819282624991844,0.09339029447352161,0.14768831657557394,0.03616933086345494
f439a621,2821,0,0,573,0.1,2821,0.0,0.0,0.0,0.033202573760260125,0.03409449017362277,41.0,0.346413558446334,0.11861624795430567,0.44477538668507843,0.040780989811368906,2821,0.0,0.0,0.0,0.03320257376026012,0.03409449017329695,41.0,,,,,2821,0.0,0.0021269053527118043,0.0021269053527118043,0.03320257376026012,0.03409449017362277,41.0,,,,,2821,0.0,0.0,0.0,0.03320257376026012,0.033202573760260146,41.0,0.13209156427260768,0.11861624795430567,0.20336437148966702,0.03605750163585144
f49fdea3,5391,673,1,573,0.1,5391,0.0,0.0,0.0,0.033202573760260125,0.033202573760260146,41.0,0.21310575553212252,0.09339029447352161,0.13858048190708236,0.03912615608899109,5391,0.0,0.0,0.0,0.033202573760260125,0.033202573760260146,41.0,,,,,5391,0.0,0.005750324615099239,0.005750324615099239,0.033202573760260125,0.033202573760260146,41.0,,,,,5391,0.0,0.0,0.0,0.033202573760260125,0.033202573760260146,41.0,0.1424431844816594,0.09339029447352161,0.1347340245501759,0.03725798926972442
f4d12d23,3701,0,0,573,0.1,3701,0.0,0.0,0.0,0.03320257376026013,0.033202573760260146,41.0,0.23645474764721366,0.07868061948121687,0.11621906734351524,0.040793643053848624,3701,0.0,0.0,0.0,0.03320257376026013,0.033202573760260146,41.0,,,,,3701,0.0,0.004863550391786004,0.004863550391786004,0.03320257376026013,0.033202573760260146,41.0,,,,,3701,0.0,0.0,0.0,0.03320257376026013,0.033202573760260146,41.0,0.09701930803592089,0.07806582436771752,0.1047998432919352,0.03679444170001984
f56d3ace,5432,0,0,573,0.1,5432,0.0,0.0,0.0,0.03320257376026013,0.033202573760260146,41.0,0.23696712416438723,0.08446344624640982,0.15302664551007053,0.040195593843327763,5432,0.0,0.0,0.0,0.03320257376026013,0.033202573760260146,41.0,,,,,5432,0.0,0.0016568483063328424,0.0016568483063328424,0.03320257376026013,0.033202573760260146,41.0,,,,,5432,0.0,0.0,0.0,0.03320257376026013,0.033202573760260146,41.0,0.09550145876872088,0.08446344624621543,0.11861624795758466,0.0362935952816244
f5859199,5790,5247,2,573,0.1,5790,0.0,0.0,0.0,0.033202573760260125,0.033202573760260146,41.0,0.3070659730892149,0.10479984329234181,0.2290790678472708,0.04078350010936701,5790,0.0,0.0,0.0,0.033202573760260125,0.033202573760260146,41.0,,,,,5790,0.0,0.0029360967184801382,0.0029360967184801382,0.033202573760260125,0.033202573760260146,41.0,,,,,5790,0.0,0.0,0.0,0.033202573760260125,0.033202573760260146,41.0,0.11714525999462955,0.1047998432919352,0.1580021456923377,0.036068776183083066
f5d8aab6,4444,0,0,573,0.1,4444,0.0,0.0,0.0,0.033202573760260125,0.033202573760260146,41.0,0.22580462764541548,0.09339029447109368,0.1385804819077512,0.03950780962302535,4444,0.0,0.0,0.0,0.033202573760260125,0.033202573760260146,41.0,,,,,4444,0.0,0.004275427542754276,0.004275427542754276,0.033202573760260125,0.033202573760260146,41.0,,,,,4444,0.0,0.0,0.0,0.033202573760260125,0.033202573760260146,41.0,0.11485504147614975,0.09339029447109368,0.13055730139094202,0.036524678050823926
f631da6e,4093,208,1,573,0.1,4093,0.0,0.0002443195699975568,0.0002443195699975568,0.033202573760260125,0.033202573760260146,41.0,0.26908198658726096,0.09339029447109368,0.1733644433841373,0.04058770628812384,4093,0.0,0.0,0.0,0.033202573760260125,0.033202573760260146,41.0,,,,,4093,0.0,0.0007329587099926704,0.0007329587099926704,0.033202573760260125,0.033202573760260146,41.0,,,,,4093,0.0,0.0,0.0,0.033202573760260125,0.033202573760260146,41.0,0.0986311463931817,0.09339029447109368,0.1347340245501759,0.03609639126251299
f6824bb0,5015,849,1,573,0.1,5015,0.0,0.0,0.0,0.03320257376026012,0.033202573760260146,41.0,0.23337814679631125,0.09339029447352161,0.13858048191174224,0.039446468752225974,5015,0.0,0.0,0.0,0.03320257376026012,0.033202573760260146,41.0,,,,,5015,0.0,0.00019940179461615153,0.00019940179461615153,0.03320257376026012,0.033202573760260146,41.0,,,,,5015,0.0,0.0,0.0,0.03320257376026012,0.033202573760260146,41.0,0.11084364433101578,0.09339029447352161,0.12151368187598566,0.03626413429997415
f6bc699b,3752,204,1,573,0.1,3752,0.0,0.0,0.0,0.03320257376026013,0.03320257376026015,41.0,0.331154944705614,0.10479984329193508,0.27528064095056903,0.042119240032333985,3752,0.0,0.0,0.0,0.03320257376026012,0.03320257376026015,41.0,,,,,3752,0.0,0.0021321961620469083,0.0021321961620469083,0.03320257376026012,0.03320257376026015,41.0,,,,,3752,0.0,0.0,0.0,0.03320257376026012,0.033202573760260146,41.0,0.10828667355419999,0.09339029447352161,0.1476883165755738,0.036169263481784925
f6d009f4,6715,4288,2,573,0.1,6715,0.0,0.0004467609828741623,0.0004467609828741623,0.033202573760260125,0.036814066069440175,41.0,0.4129925543173545,0.11861624795758453,0.5644115135961861,0.043000206211307915,6715,0.0,0.0,0.0,0.033202573760260125,0.033202573760260146,41.0,,,,,6715,0.0,0.001340282948622487,0.001340282948622487,0.033202573760260125,0.033202573760260146,41.0,,,,,6715,0.0,0.0,0.0,0.033202573760260125,0.033202573760260146,41.0,0.14355616991470965,0.11861624795430567,0.19563946395802326,0.036515903259151584
f72b268f,6404,495,2,573,0.1,6404,0.0,0.0,0.0,0.03320257376026013,0.033202573760260146,41.0,0.20904579388955957,0.09339029447109269,0.1305573013942945,0.03927116337416046,6404,0.0,0.0,0.0,0.03320257376026013,0.033202573760260146,41.0,,,,,6404,0.0,0.0006246096189881324,0.0006246096189881324,0.03320257376026013,0.033202573760260146,41.0,,,,,6404,0.0,0.0,0.0,0.03320257376026013,0.033202573760260146,41.0,0.09797838868939823,0.09339029447109269,0.11543742972143366,0.036143437119998255
f8662c22,5429,2458,2,573,0.1,5429,0.0,0.0001841959845275373,0.0001841959845275373,0.03320257376026013,0.03320257376026015,41.0,0.3415456196328579,0.09339029447109269,0.36808839158466866,0.04246715072175402,5429,0.0,0.0,0.0,0.033202573760260125,0.033202573760260146,41.0,,,,,5429,0.0,0.0011051759071652237,0.0011051759071652237,0.033202573760260125,0.033202573760260146,41.0,,,,,5429,0.0,0.0,0.0,0.033202573760260125,0.033202573760260146,41.0,0.10110949608285638,0.08547404866238331,0.1476883165755738,0.03613012812651682
f88ddb26,4990,0,0,573,0.1,4990,0.0,0.0,0.0,0.03320257376026013,0.033202573760260146,41.0,0.29857318850219305,0.08446344624621532,0.16420486587912556,0.04246971673609854,4990,0.0,0.0,0.0,0.03320257376026013,0.033202573760260146,41.0,,,,,4990,0.0,0.0006012024048096192,0.0006012024048096192,0.03320257376026013,0.033202573760260146,41.0,,,,,4990,0.0,0.0,0.0,0.03320257376026013,0.033202573760260146,41.0,0.12114643576379024,0.08333162175851969,0.10692207568064777,0.0373690334557557
f8afa78a,6032,3312,3,573,0.1,6032,0.0,0.0,0.0,0.03320257376026013,0.033202573760260146,41.0,0.20272384715615852,0.09339029447109269,0.12151368187260163,0.03907552838629685,6032,0.0,0.0,0.0,0.03320257376026013,0.033202573760260146,41.0,,,,,6032,0.0,0.0009946949602122016,0.0009946949602122016,0.03320257376026013,0.033202573760260146,41.0,,,,,6032,0.0,0.0,0.0,0.03320257376026013,0.033202573760260146,41.0,0.10038518118876144,0.09339029447109269,0.11861624795430567,0.0362206518515955
f8f59188,4807,895,1,573,0.1,4807,0.0,0.0,0.0,0.033202573760260125,0.033202573760260146,41.0,0.22265356328960215,0.08547404866255696,0.1347340245501759,0.03985059589731304,4807,0.0,0.0,0.0,0.033202573760260125,0.033202573760260146,41.0,,,,,4807,0.0,0.002080299563137092,0.002080299563137092,0.033202573760260125,0.033202573760260146,41.0,,,,,4807,0.0,0.0,0.0,0.033202573760260125,0.033202573760260146,41.0,0.09494471285368662,0.08547404866073505,0.11861624795430567,0.036213367974592306
f9fc81aa,5598,2079,1,573,0.1,5598,0.0,0.0,0.0,0.03320257376026013,0.033202573760260146,41.0,0.19888459399110545,0.08446344624640982,0.11861624795430567,0.03923318363066443,5598,0.0,0.0,0.0,0.03320257376026013,0.033202573760260146,41.0,,,,,5598,0.0,0.0,0.0,0.03320257376026013,0.033202573760260146,41.0,,,,,5598,0.0,0.0,0.0,0.03320257376026013,0.033202573760260146,41.0,0.10494083387189172,0.08446344624640982,0.10692207568380399,0.03663200258154436
fa16d114,5686,0,0,573,0.1,5686,0.0,0.0,0.0,0.03320257376026013,0.033202573760260146,41.0,0.2736055284420909,0.08446344624640982,0.1385804819077512,0.041518054934928036,5686,0.0,0.0,0.0,0.03320257376026013,0.033202573760260146,41.0,,,,,5686,0.0,0.0022863172704889203,0.0022863172704889203,0.03320257376026013,0.033202573760260146,41.0,,,,,5686,0.0,0.0,0.0,0.03320257376026013,0.033202573760260146,41.0,0.09523785243763941,0.08446344624462622,0.10692207568380399,0.036431426368180066
fa31da94,5027,4042,1,573,0.1,5027,0.0,0.00019892580067634773,0.00019892580067634773,0.033202573760260125,0.03320257376026015,41.0,0.25238919402711696,0.10479984329234181,0.1580021456923373,0.039662924802539495,5027,0.0,0.0,0.0,0.033202573760260125,0.03320257376026015,41.0,,,,,5027,0.0,0.0013924806047344342,0.0013924806047344342,0.033202573760260125,0.03320257376026015,41.0,,,,,5027,0.0,0.0,0.0,0.03320257376026012,0.03320257376026015,41.0,0.11417899999563293,0.10479984329193508,0.13858048191174224,0.035990422880585064
fa667be2,7296,1211,1,573,0.1,7296,0.0,0.0008223684210526315,0.0008223684210526315,0.033202573760260125,0.033202573760260146,41.0,0.165855820165421,0.09339029447109368,0.10479984329504503,0.0382387228982531,7296,0.0,0.0,0.0,0.033202573760260125,0.033202573760260146,41.0,,,,,7296,0.0,0.001644736842105263,0.001644736842105263,0.033202573760260125,0.033202573760260146,41.0,,,,,7296,0.0,0.0,0.0,0.03320257376026012,0.033202573760260146,41.0,0.093722909901827,0.09339029447109368,0.09489264605085444,0.03622553107707634
fae0c593,4403,1321,1,573,0.1,4403,0.0,0.0,0.0,0.033202573760260125,0.033202573760260146,41.0,0.2654680591710033,0.10245248945054529,0.1580021456923377,0.040345422902689485,4403,0.0,0.0,0.0,0.033202573760260125,0.033202573760260146,41.0,,,,,4403,0.0,0.0027254144901203725,0.0027254144901203725,0.033202573760260125,0.033202573760260146,41.0,,,,,4403,0.0,0.0,0.0,0.033202573760260125,0.033202573760260146,41.0,0.1343329660274084,0.10245248944793707,0.1347340245501759,0.03683896812424127
fb03ae90,6431,153,1,573,0.1,6431,0.0,0.0,0.0,0.03320257376026013,0.033202573760260146,41.0,0.22203510377521218,0.07868061948011462,0.11560730002114596,0.040501729516567976,6431,0.0,0.0,0.0,0.03320257376026013,0.033202573760260146,41.0,,,,,6431,0.0,0.0013994713108381278,0.0013994713108381278,0.03320257376026013,0.033202573760260146,41.0,,,,,6431,0.0,0.0,0.0,0.03320257376026013,0.033202573760260146,41.0,0.0903791673846655,0.07806582436771752,0.09489264605085444,0.03661915803058091
fb0904bd,3181,2907,1,573,0.1,3181,0.0,0.0,0.0,0.033202573760260125,0.033202573760260146,41.0,0.1854253561178145,0.09339029447109368,0.13055730139466698,0.03847778746627093,3181,0.0,0.0,0.0,0.033202573760260125,0.033202573760260146,41.0,,,,,3181,0.0,0.00534423137378183,0.00534423137378183,0.03320257376026012,0.033202573760260146,41.0,,,,,3181,0.0,0.0,0.0,0.03320257376026012,0.033202573760260146,41.0,0.0990228160821994,0.09339029447109368,0.11861624795758453,0.03604531261163491
fb3848a1,5919,0,0,573,0.1,5919,0.0,0.0,0.0,0.033202573760260125,0.033202573760260146,41.0,0.2466731453519524,0.09339029447109368,0.1347340245501759,0.04056535988401155,5919,0.0,0.0,0.0,0.033202573760260125,0.033202573760260146,41.0,,,,,5919,0.0,0.00033789491468153406,0.00033789491468153406,0.033202573760260125,0.033202573760260146,41.0,,,,,5919,0.0,0.0,0.0,0.033202573760260125,0.033202573760260146,41.0,0.09516383574364937,0.0917183326288402,0.11861624795375265,0.03621956979326479
fb73b13a,5640,1039,1,573,0.10000000000130968,5640,0.0,0.0,0.0,0.033202573760260146,0.036814066069627074,41.0,0.3369793164719184,0.14768831657611828,0.28645777984258036,0.04071116123225538,5640,0.0,0.0,0.0,0.033202573760260146,0.03681406606895951,41.0,,,,,5640,0.0,0.0001773049645390071,0.0001773049645390071,0.033202573760260146,0.03681406606895951,41.0,,,,,5640,0.0,0.0,0.0,0.033202573760260146,0.03409449017338816,41.0,0.14893445893048532,0.13473402455488004,0.22907906784727639,0.03625395667338213
fba7683c,407,0,0,573,0.1,407,0.0,0.0,0.0,0.03320257376026013,0.8836167565999016,41.0,0.4143094222314262,0.09339029447109269,2.279529732622106,0.044876620476411846,407,0.0,0.0,0.0,0.033202573760260125,0.033202573760260146,41.0,,,,,407,0.0,0.0,0.0,0.033202573760260125,0.033202573760260146,41.0,,,,,407,0.0,0.0,0.0,0.033202573760260125,0.033202573760260146,41.0,0.11561464309820703,0.08547404866238331,0.11861624795430567,0.03682568028796105
fbd68d27,6829,0,0,573,0.1,6829,0.0,0.0,0.0,0.03320257376026012,0.033202573760260146,41.0,0.24054809995794973,0.08446344624621543,0.1347340245501754,0.040606224426469904,6829,0.0,0.0,0.0,0.03320257376026012,0.033202573760260146,41.0,,,,,6829,0.0,0.0019036462146727192,0.0019036462146727192,0.03320257376026012,0.033202573760260146,41.0,,,,,6829,0.0,0.0,0.0,0.03320257376026012,0.033202573760260146,41.0,0.11543712227702534,0.08446344624621543,0.11861624795375278,0.03703506490802978
fc03f21f,4803,4072,1,573,0.1,4803,0.0,0.0006246096189881324,0.0006246096189881324,0.03320257376026012,0.033202573760260146,41.0,0.23593298560942852,0.1047998432919352,0.1385804819077512,0.039299790744500615,4803,0.0,0.0,0.0,0.03320257376026012,0.033202573760260146,41.0,,,,,4803,0.0,0.00041640641265875496,0.00041640641265875496,0.03320257376026012,0.033202573760260146,41.0,,,,,4803,0.0,0.0,0.0,0.03320257376026012,0.033202573760260146,41.0,0.13333321300785136,0.1047998432919352,0.1347340245501759,0.03661756606041421
fc0d20b2,3954,2605,1,573,0.1,3954,0.0,0.0,0.0,0.033202573760260125,0.033202573760260146,41.0,0.19999267229575646,0.1047998432919352,0.187566455438887,0.03780243542554759,3954,0.0,0.0,0.0,0.033202573760260125,0.033202573760260146,41.0,,,,,3954,0.0,0.0035407182599898838,0.0035407182599898838,0.033202573760260125,0.033202573760260146,41.0,,,,,3954,0.0,0.0,0.0,0.033202573760260125,0.033202573760260146,41.0,0.11772613001363601,0.1047998432919352,0.14768831657557394,0.03614015789550825
fcfcc902,2791,252,1,573,0.1,2791,0.0,0.0,0.0,0.03320257376026013,0.033202573760260146,41.0,0.18905770039868822,0.07806582436759832,0.09339029447352161,0.03986451931659049,2791,0.0,0.0,0.0,0.03320257376026013,0.033202573760260146,41.0,,,,,2791,0.0,0.0,0.0,0.03320257376026013,0.033202573760260146,41.0,,,,,2791,0.0,0.0,0.0,0.03320257376026013,0.033202573760260146,41.0,0.08925849828547462,0.07806582436654716,0.08547404866255696,0.0368561204822118
fd3b4faa,5022,0,0,573,0.1,5022,0.0,0.0,0.0,0.033202573760260125,0.033202573760260146,41.0,0.23604012044949094,0.09171833263122271,0.13473402455403982,0.04011393786273341,5022,0.0,0.0,0.0,0.033202573760260125,0.033202573760260146,41.0,,,,,5022,0.0,0.002588610115491836,0.002588610115491836,0.033202573760260125,0.033202573760260146,41.0,,,,,5022,0.0,0.0,0.0,0.033202573760260125,0.033202573760260146,41.0,0.09815187850352824,0.08547404866238331,0.11861624795758453,0.03626819848939335
fd710aea,4217,0,0,573,0.1,4217,0.0,0.0,0.0,0.033202573760260125,0.033202573760260146,41.0,0.2018823749991443,0.08446344624462622,0.1069220756806485,0.03983812065231796,4217,0.0,0.0,0.0,0.033202573760260125,0.033202573760260146,41.0,,,,,4217,0.0,0.0023713540431586438,0.0023713540431586438,0.033202573760260125,0.033202573760260146,41.0,,,,,4217,0.0,0.0,0.0,0.03320257376026012,0.033202573760260146,41.0,0.08932138011250909,0.08446344624462622,0.09489264605085444,0.0365006141793758
fd8f77fa,5272,1591,4,573,0.10999999999788998,5272,0.0,0.00037936267071320183,0.00037936267071320183,0.03322256189797585,0.033258105447221485,41.0,0.2879885759222394,0.09949628924114955,0.2287145169684198,0.03997615102871548,5272,0.0,0.0,0.0,0.033222561897952585,0.033258105447221485,41.0,,,,,5272,0.0,0.004742033383915023,0.004742033383915023,0.033222561897952585,0.033258105447221485,41.0,,,,,5272,0.0,0.0,0.0,0.033222561897952585,0.033258105447221485,41.0,0.11031969883854638,0.09430529879697301,0.1459641622060414,0.03503777285236693
fde20ecf,4667,649,2,573,0.1,4667,0.0,0.00021427040925648167,0.00021427040925648167,0.03320257376026013,0.033202573760260146,41.0,0.19557575624087947,0.08333162176026289,0.10479984329234181,0.03945004836851415,4667,0.0,0.0,0.0,0.03320257376026013,0.033202573760260146,41.0,,,,,4667,0.0,0.004499678594386115,0.004499678594386115,0.03320257376026013,0.033202573760260146,41.0,,,,,4667,0.0,0.0,0.0,0.03320257376026013,0.033202573760260146,41.0,0.09170820352736235,0.08333162176026289,0.09489264605085444,0.0365850756540095
fdfd57da,5236,2983,1,573,0.1,5236,0.0,0.0,0.0,0.03320257376026013,0.033202573760260146,41.0,0.18690049812995205,0.09339029447109269,0.1347340245501754,0.03844635801906857,5236,0.0,0.0,0.0,0.03320257376026013,0.033202573760260146,41.0,,,,,5236,0.0,0.0017188693659281895,0.0017188693659281895,0.03320257376026013,0.033202573760260146,41.0,,,,,5236,0.0,0.0,0.0,0.03320257376026013,0.033202573760260146,41.0,0.11269042018170532,0.09339029447109269,0.13055730139094215,0.036568311451990895
febb4411,4247,1898,3,573,0.1,4247,0.0,0.0,0.0,0.03320257376026013,0.033202573760260146,41.0,0.2960701005223667,0.08446344624462622,0.11861624795375278,0.04269130343957474,4247,0.0,0.0,0.0,0.03320257376026013,0.033202573760260146,41.0,,,,,4247,0.0,0.0009418412997409936,0.0009418412997409936,0.03320257376026013,0.033202573760260146,41.0,,,,,4247,0.0,0.0,0.0,0.03320257376026013,0.033202573760260146,41.0,0.09144408858733326,0.08333162176026289,0.09489264605085444,0.036474040938389005
fef8af96,3826,530,1,573,0.1,3826,0.0,0.0,0.0,0.03320257376026013,0.03320257376026015,41.0,0.34015641000271346,0.07806582436759832,0.136231020183569,0.044235508919092704,3826,0.0,0.0,0.0,0.03320257376026013,0.03320257376026015,41.0,,,,,3826,0.0,0.0060115002613695765,0.0060115002613695765,0.03320257376026013,0.03320257376026015,41.0,,,,,3826,0.0,0.0,0.0,0.03320257376026013,0.033202573760260146,41.0,0.09501241373569407,0.07806582436759832,0.11543742972143366,0.036792383189559685
ff0aea78,3261,0,0,573,0.1,3261,0.0,0.00030665440049064706,0.00030665440049064706,0.03320257376026013,0.033202573760260146,41.0,0.2647723052707845,0.08446344624621532,0.13858048191174224,0.041183001210576636,3261,0.0,0.0,0.0,0.03320257376026013,0.033202573760260146,41.0,,,,,3261,0.0,0.00030665440049064706,0.00030665440049064706,0.03320257376026013,0.033202573760260146,41.0,,,,,3261,0.0,0.0,0.0,0.033202573760260125,0.033202573760260146,41.0,0.10394510643434655,0.08446344624462622,0.11861624795375278,0.036697846536140104
ff8bb73a,5927,4039,1,573,0.1,5927,0.0,0.0,0.0,0.033202573760260125,0.04836089065205342,41.0,0.38517491079605665,0.1069220756806485,0.7287558836123865,0.04227750540509439,5927,0.0,0.0,0.0,0.033202573760260125,0.033202573760260146,41.0,,,,,5927,0.0,0.002193352454867555,0.002193352454867555,0.033202573760260125,0.033202573760260146,41.0,,,,,5927,0.0,0.0,0.0,0.033202573760260125,0.033202573760260146,41.0,0.13611460531042377,0.10479984329234181,0.17964052936753258,0.03667597865117196
ffefef30,4570,0,0,573,0.1,4570,0.0,0.0,0.0,0.03320257376026013,0.033202573760260146,41.0,0.18840924352124885,0.09339029447109269,0.1215136818720999,0.038791164809383376,4570,0.0,0.0,0.0,0.03320257376026013,0.033202573760260146,41.0,,,,,4570,0.0,0.005908096280087528,0.005908096280087528,0.03320257376026013,0.033202573760260146,41.0,,,,,4570,0.0,0.0,0.0,0.03320257376026013,0.03320257376026013,41.0,0.10136203145385617,0.09171833263122259,0.11861624795375278,0.03631883834839105
