well,last_tvt_grid_ledger,typewell_tvt_min,typewell_tvt_max,grid_min,grid_max,grid_size,grid_span_ft,grid_low_source,grid_high_source,init_rate,rate_span,rate_step,true_rate_abs_p95,true_rate_abs_max,true_rate_outside_fraction,raw_md_step_min,raw_md_step_median,raw_md_step_max,raw_md_step_below_one_fraction,raw_md_step_nonpositive_fraction,rate_lower_edge_lost_mass_mean,rate_lower_edge_lost_mass_max,rate_upper_edge_lost_mass_mean,rate_upper_edge_lost_mass_max
000d7d20,11747.37,11223.95,11871.45,11647.37,11847.570000000209,573,200.2000000002081,last_tvt_minus_100,last_tvt_plus_100,0.020000000000436557,0.1,0.005,0.049999999999272404,0.06000000000312866,0.0,1.0,1.0,1.0,0.0,0.0,0.06000000000000002,0.06,0.06000000000000002,0.06
00bbac68,12223.54,11394.45,12366.95,12123.54,12323.740000000209,573,200.2000000002081,last_tvt_minus_100,last_tvt_plus_100,0.030000000000654836,0.1,0.005,0.049999999999272404,9.219999999999345,0.00016627868307283005,1.0,1.0,1.0,0.0,0.0,0.06000000000000001,0.06,0.06000000000000001,0.06
00e12e8b,11604.820000000002,10593.95,11871.45,11504.820000000002,11705.02000000021,573,200.2000000002081,last_tvt_minus_100,last_tvt_plus_100,0.040000000000873115,0.1,0.005,0.05999999999949068,0.32999999999992724,0.00372006510113927,1.0,1.0,1.0,0.0,0.0,0.06000000000000001,0.06,0.06000000000000001,0.06
015fe0d2,12233.78,11734.95,12366.95,12133.78,12333.980000000209,573,200.2000000002081,last_tvt_minus_100,last_tvt_plus_100,-0.039999999999054126,0.1,0.005,0.06000000000130967,0.07000000000334694,0.0,1.0,1.0,1.0,0.0,0.0,0.06,0.06,0.06,0.06
01869cd4,11745.94,11345.95,11871.45,11645.94,11846.140000000209,573,200.2000000002081,last_tvt_minus_100,last_tvt_plus_100,-0.039999999999054126,0.1,0.005,0.06000000000130967,0.18999999999869033,0.00017995321216483713,1.0,1.0,1.0,0.0,0.0,0.06000000000000001,0.06,0.06000000000000001,0.06
01982c1d,10694.08,9915.37,11021.27,10594.08,10794.280000000208,573,200.2000000002081,last_tvt_minus_100,last_tvt_plus_100,0.039999999997235136,0.1,0.005,0.06000000000130967,0.07999999999992724,0.0,1.0,1.0,1.0,0.0,0.0,0.060000000000000026,0.06,0.060000000000000026,0.06
028d7b28,12427.92,11862.45,12748.95,12327.92,12528.120000000208,573,200.2000000002081,last_tvt_minus_100,last_tvt_plus_100,-0.030000000000654836,0.1,0.005,0.07999999999992724,0.1000000000003638,0.0008020532563362208,1.0,1.0,1.0,0.0,0.0,0.06000000000000001,0.06,0.06000000000000001,0.06
02e7fe5a,12178.98,11782.62,12285.1,12078.98,12279.180000000208,573,200.2000000002081,last_tvt_minus_100,last_tvt_plus_100,0.030000000000654836,0.1,0.005,0.040000000000873115,0.07000000000152795,0.0,1.0,1.0,1.0,0.0,0.0,0.060000000000000005,0.06,0.060000000000000005,0.06
0390d174,10620.96,10102.6,10956.570000000002,10520.96,10721.160000000207,573,200.2000000002081,last_tvt_minus_100,last_tvt_plus_100,-0.039999999999054126,0.1,0.005,0.06999999999970896,0.09000000000196451,0.0,1.0,1.0,1.0,0.0,0.0,0.060000000000000005,0.06,0.060000000000000005,0.06
03a935ae,12792.17,12179.95,12987.45,12692.17,12892.370000000208,573,200.2000000002081,last_tvt_minus_100,last_tvt_plus_100,0.020000000000436557,0.1,0.005,0.08999999999832653,0.1000000000003638,0.0007178750897343862,1.0,1.0,1.0,0.0,0.0,0.06000000000000001,0.06,0.06000000000000001,0.06
044af7d1,11850.28,11300.9,12051.84,11750.28,11950.480000000209,573,200.2000000002081,last_tvt_minus_100,last_tvt_plus_100,-0.039999999999054126,0.1,0.005,0.050000000001091394,0.06999999999970896,0.0,1.0,1.0,1.0,0.0,0.0,0.06,0.06,0.06,0.06
0498acab,11400.71,10638.42,11594.55,11300.71,11500.910000000207,573,200.2000000002081,last_tvt_minus_100,last_tvt_plus_100,-0.020000000000436557,0.1,0.005,0.040000000000873115,0.05999999999949068,0.0,1.0,1.0,1.0,0.0,0.0,0.06,0.06,0.06,0.06
052d64df,11440.240000000002,10510.42,11594.55,11340.240000000002,11540.44000000021,573,200.2000000002081,last_tvt_minus_100,last_tvt_plus_100,0.040000000000873115,0.1,0.005,0.050000000002546584,0.07000000000152795,0.0,1.0,1.0,1.0,0.0,0.0,0.060000000000000005,0.06,0.060000000000000005,0.06
05948241,10837.56,10014.47,10963.71,10737.56,10937.760000000208,573,200.2000000002081,last_tvt_minus_100,last_tvt_plus_100,0.029999999998835847,0.1,0.005,0.05999999999949068,0.06000000000312866,0.0,1.0,1.0,1.0,0.0,0.0,0.060000000000000026,0.06,0.060000000000000026,0.06
059c8f24,10300.070000000002,9544.45,10362.45,10200.070000000002,10400.27000000021,573,200.2000000002081,last_tvt_minus_100,last_tvt_plus_100,-0.010000000000218279,0.1,0.005,0.07000000000152795,8.159999999998035,0.00031959092361776926,1.0,1.0,1.0,0.0,0.0,0.06000000000000002,0.06,0.06000000000000002,0.06
05a0ee4d,11927.5,11130.9,12051.84,11827.5,12027.700000000208,573,200.2000000002081,last_tvt_minus_100,last_tvt_plus_100,0.06000000000130967,0.10000000000130968,0.005000000000065484,0.06000000000130967,0.09000000000196451,0.0,1.0,1.0,1.0,0.0,0.0,0.05999999999790451,0.05999999999790449,0.05999999999790451,0.05999999999790449
060ab2b8,10950.59,9997.22,11077.56,10850.59,11050.790000000208,573,200.2000000002081,last_tvt_minus_100,last_tvt_plus_100,0.019999999998617568,0.1,0.005,0.049999999999272404,0.07999999999810825,0.0,1.0,1.0,1.0,0.0,0.0,0.06000000000000002,0.06,0.06000000000000002,0.06
06df5958,11338.8,10755.95,11372.45,11238.8,11412.75000000018,498,173.9500000001808,last_tvt_minus_100,typewell_max_plus_40,-0.030000000000654836,0.1,0.005,0.050000000001091394,1.7399999999979627,0.00028498147620404675,1.0,1.0,1.0,0.0,0.0,0.06000000000000002,0.06,0.06000000000000002,0.06
071d7b45,10530.11,10125.070000000002,10668.02,10430.11,10630.310000000209,573,200.2000000002081,last_tvt_minus_100,last_tvt_plus_100,0.049999999999272404,0.1,0.005,0.06000000000130967,0.07000000000334694,0.0,1.0,1.0,1.0,0.0,0.0,0.06000000000000002,0.06,0.06000000000000002,0.06
0849b4e2,11944.08,11038.45,12181.95,11844.08,12044.280000000208,573,200.2000000002081,last_tvt_minus_100,last_tvt_plus_100,-0.020000000000436557,0.1,0.005,0.059999999997671694,2.649999999999636,0.009030160736861116,1.0,1.0,1.0,0.0,0.0,0.06000000000000002,0.06,0.06000000000000002,0.06
084d66f9,11007.070000000002,10115.96,11145.28,10907.070000000002,11107.27000000021,573,200.2000000002081,last_tvt_minus_100,last_tvt_plus_100,-0.020000000000436557,0.1,0.005,0.1000000000003638,8.179999999998472,0.05714285714285714,1.0,1.0,1.0,0.0,0.0,0.06000000000000002,0.06,0.06000000000000002,0.06
08fecf00,12148.1,11217.12,12325.65,12048.1,12248.300000000208,573,200.2000000002081,last_tvt_minus_100,last_tvt_plus_100,-0.029999999998835847,0.1,0.005,0.050000000001091394,0.09000000000196451,0.0,1.0,1.0,1.0,0.0,0.0,0.06000000000000001,0.06,0.06000000000000001,0.06
09053135,11461.63,10664.45,11591.95,11361.63,11561.830000000207,573,200.2000000002081,last_tvt_minus_100,last_tvt_plus_100,-0.030000000002473826,0.1,0.005,0.050000000001091394,0.08000000000174623,0.0,1.0,1.0,1.0,0.0,0.0,0.06000000000000001,0.06,0.06000000000000001,0.06
09441b8d,11212.2,10339.45,11366.45,11112.2,11312.400000000209,573,200.2000000002081,last_tvt_minus_100,last_tvt_plus_100,0.030000000002473826,0.1,0.005,0.050000000001091394,1.0500000000010914,0.0018221574344023323,1.0,1.0,1.0,0.0,0.0,0.06000000000000002,0.06,0.06000000000000002,0.06
0955cd6c,12184.63,11425.84,12325.65,12084.63,12284.830000000207,573,200.2000000002081,last_tvt_minus_100,last_tvt_plus_100,0.0,0.1,0.005,0.040000000000873115,2.3100000000013097,0.0009624639076034649,1.0,1.0,1.0,0.0,0.0,0.06000000000000001,0.06,0.06000000000000001,0.06
09ec2ca9,11053.11,10230.95,11122.45,10953.11,11153.310000000209,573,200.2000000002081,last_tvt_minus_100,last_tvt_plus_100,0.010000000002037268,0.1,0.005,0.040000000000873115,0.05000000000291038,0.0,1.0,1.0,1.0,0.0,0.0,0.06000000000000001,0.06,0.06000000000000001,0.06
0a57a29c,11195.4,10669.45,11366.45,11095.4,11295.600000000208,573,200.2000000002081,last_tvt_minus_100,last_tvt_plus_100,0.020000000000436557,0.1,0.005,0.06000000000130967,0.09000000000196451,0.0,1.0,1.0,1.0,0.0,0.0,0.06000000000000002,0.06,0.06000000000000002,0.06
0bbf5e67,10947.13,10167.95,10971.95,10847.13,11011.98000000017,472,164.85000000017135,last_tvt_minus_100,typewell_max_plus_40,-0.040000000000873115,0.1,0.005,0.049999999999272404,0.10000000000218279,0.0018613308515588647,1.0,1.0,1.0,0.0,0.0,0.06,0.06,0.06,0.06
0be01c24,11306.28,10536.92,11537.41,11206.28,11406.480000000209,573,200.2000000002081,last_tvt_minus_100,last_tvt_plus_100,-0.030000000000654836,0.1,0.005,0.059999999997671694,0.07000000000152795,0.0,1.0,1.0,1.0,0.0,0.0,0.05999999999999999,0.06,0.05999999999999999,0.06
0c1b160c,11159.320000000002,10580.03,11311.5,11059.320000000002,11259.52000000021,573,200.2000000002081,last_tvt_minus_100,last_tvt_plus_100,-0.030000000000654836,0.1,0.005,0.050000000001091394,2.8399999999983265,0.0003957261574990107,1.0,1.0,1.0,0.0,0.0,0.060000000000000005,0.06,0.060000000000000005,0.06
0d99f8e4,11199.34,10637.45,11366.45,11099.34,11299.540000000208,573,200.2000000002081,last_tvt_minus_100,last_tvt_plus_100,-0.020000000000436557,0.1,0.005,0.050000000001091394,0.09000000000014552,0.0,1.0,1.0,1.0,0.0,0.0,0.06000000000000002,0.06,0.06000000000000002,0.06
0dc5e64d,10861.64,10336.45,11122.45,10761.64,10961.840000000208,573,200.2000000002081,last_tvt_minus_100,last_tvt_plus_100,-0.010000000000218279,0.1,0.005,0.06000000000130967,7.959999999999127,0.000819840131174421,1.0,1.0,1.0,0.0,0.0,0.060000000000000005,0.06,0.060000000000000005,0.06
0dc835f3,10687.83,10424.81,11021.27,10587.83,10788.030000000208,573,200.2000000002081,last_tvt_minus_100,last_tvt_plus_100,0.030000000000654836,0.1,0.005,0.06999999999970896,0.08000000000174623,0.0,1.0,1.0,1.0,0.0,0.0,0.06000000000000001,0.06,0.06000000000000001,0.06
0dd99dc5,12581.48,11753.45,12748.95,12481.48,12681.680000000208,573,200.2000000002081,last_tvt_minus_100,last_tvt_plus_100,0.039999999999054126,0.1,0.005,0.06999999999970896,0.12000000000080036,0.007763552165622446,1.0,1.0,1.0,0.0,0.0,0.06000000000000002,0.06,0.06000000000000002,0.06
0e5e560d,11012.59,10206.45,11122.45,10912.59,11112.790000000208,573,200.2000000002081,last_tvt_minus_100,last_tvt_plus_100,0.05999999999949068,0.1,0.005,0.06000000000130967,1.6900000000005093,0.0003074085459575776,1.0,1.0,1.0,0.0,0.0,0.06000000000000002,0.06,0.06000000000000002,0.06
109d9d70,12228.18,11578.33,12325.65,12128.18,12328.380000000208,573,200.2000000002081,last_tvt_minus_100,last_tvt_plus_100,0.06000000000130967,0.10000000000130968,0.005000000000065484,0.06999999999970896,1.2600000000002183,0.00023724792408066428,1.0,1.0,1.0,0.0,0.0,0.0599999999979045,0.05999999999790449,0.0599999999979045,0.05999999999790449
10a1281a,11257.52,10418.95,11366.45,11157.52,11357.720000000209,573,200.2000000002081,last_tvt_minus_100,last_tvt_plus_100,0.06999999999970896,0.10999999999970897,0.005499999999985449,0.09000000000014552,0.19000000000050932,0.031378142271349614,1.0,1.0,1.0,0.0,0.0,0.04611570247968866,0.04611570247968867,0.04611570247968866,0.04611570247968867
10b89021,12141.92,11782.62,12285.1,12041.92,12242.120000000208,573,200.2000000002081,last_tvt_minus_100,last_tvt_plus_100,0.040000000000873115,0.1,0.005,0.050000000001091394,0.07000000000152795,0.0,1.0,1.0,1.0,0.0,0.0,0.060000000000000005,0.06,0.060000000000000005,0.06
10be2420,10823.21,9958.47,10963.71,10723.21,10923.410000000207,573,200.2000000002081,last_tvt_minus_100,last_tvt_plus_100,0.030000000002473826,0.1,0.005,0.06000000000130967,0.07000000000334694,0.0,1.0,1.0,1.0,0.0,0.0,0.06000000000000001,0.06,0.06000000000000001,0.06
113011eb,12534.83,12151.45,12748.95,12434.83,12635.030000000208,573,200.2000000002081,last_tvt_minus_100,last_tvt_plus_100,-0.030000000000654836,0.1,0.005,0.07999999999992724,3.5600000000013097,0.02597799511002445,1.0,1.0,1.0,0.0,0.0,0.06000000000000002,0.06,0.06000000000000002,0.06
1131525f,11290.35,10752.45,11372.45,11190.35,11390.550000000208,573,200.2000000002081,last_tvt_minus_100,last_tvt_plus_100,-0.020000000000436557,0.1,0.005,0.049999999999272404,0.07000000000152795,0.0,1.0,1.0,1.0,0.0,0.0,0.06000000000000002,0.06,0.06000000000000002,0.06
11d0f5ac,10917.26,10384.02,11077.56,10817.26,11017.460000000208,573,200.2000000002081,last_tvt_minus_100,last_tvt_plus_100,0.030000000000654836,0.1,0.005,0.050000000001091394,0.06000000000312866,0.0,1.0,1.0,1.0,0.0,0.0,0.060000000000000005,0.06,0.060000000000000005,0.06
12203f2a,12031.41,11212.45,12181.95,11931.41,12131.610000000208,573,200.2000000002081,last_tvt_minus_100,last_tvt_plus_100,0.040000000000873115,0.1,0.005,0.06000000000130967,1.0799999999999272,0.011652867218644588,1.0,1.0,1.0,0.0,0.0,0.06000000000000002,0.06,0.06000000000000002,0.06
122bd617,10813.01,9782.98,10963.71,10713.01,10913.210000000208,573,200.2000000002081,last_tvt_minus_100,last_tvt_plus_100,0.050000000001091394,0.1,0.005,0.06999999999970896,0.12000000000261934,0.0175054704595186,1.0,1.0,1.0,0.0,0.0,0.06,0.06,0.06,0.06
125be846,11459.09,10882.39,11594.55,11359.09,11559.290000000208,573,200.2000000002081,last_tvt_minus_100,last_tvt_plus_100,0.039999999999054126,0.1,0.005,0.049999999999272404,0.06000000000130967,0.0,1.0,1.0,1.0,0.0,0.0,0.06000000000000002,0.06,0.06000000000000002,0.06
1285a37b,12755.8,11868.45,12873.45,12655.8,12856.000000000207,573,200.2000000002081,last_tvt_minus_100,last_tvt_plus_100,0.029999999998835847,0.1,0.005,0.049999999997453415,0.05000000000291038,0.0,1.0,1.0,1.0,0.0,0.0,0.06000000000000001,0.06,0.06000000000000001,0.06
1295a25b,11752.77,11203.95,11871.45,11652.77,11852.970000000209,573,200.2000000002081,last_tvt_minus_100,last_tvt_plus_100,-0.040000000000873115,0.1,0.005,0.08000000000174623,0.1499999999978172,0.013150783642586922,1.0,1.0,1.0,0.0,0.0,0.06000000000000001,0.06,0.06000000000000001,0.06
12f0cd90,11394.42,10842.320000000002,11537.41,11294.42,11494.620000000208,573,200.2000000002081,last_tvt_minus_100,last_tvt_plus_100,-0.07000000000152795,0.11000000000152796,0.005500000000076398,0.07000000000152795,0.12000000000261934,0.0020178241129981504,1.0,1.0,1.0,0.0,0.0,0.04611570247750207,0.046115702477502074,0.04611570247750207,0.046115702477502074
137d1e44,12750.83,11874.95,12873.45,12650.83,12851.030000000208,573,200.2000000002081,last_tvt_minus_100,last_tvt_plus_100,0.030000000000654836,0.1,0.005,0.05999999999949068,0.07000000000152795,0.0,1.0,1.0,1.0,0.0,0.0,0.060000000000000005,0.06,0.060000000000000005,0.06
13ce113d,11186.15,10271.45,11366.45,11086.15,11286.350000000208,573,200.2000000002081,last_tvt_minus_100,last_tvt_plus_100,0.049999999997453415,0.1,0.005,0.050000000001091394,0.07000000000152795,0.0,1.0,1.0,1.0,0.0,0.0,0.06000000000000001,0.06,0.06000000000000001,0.06
13f598d9,12518.61,11858.95,12748.95,12418.61,12618.810000000209,573,200.2000000002081,last_tvt_minus_100,last_tvt_plus_100,0.019999999998617568,0.1,0.005,0.050000000001091394,2.0599999999994907,0.0004106214070626882,1.0,1.0,1.0,0.0,0.0,0.06000000000000002,0.06,0.06000000000000002,0.06
14a53cb3,11180.84,10372.33,11350.94,11080.84,11281.040000000208,573,200.2000000002081,last_tvt_minus_100,last_tvt_plus_100,0.029999999998835847,0.1,0.005,0.040000000002692104,1.889999999999418,0.00028905911258852437,1.0,1.0,1.0,0.0,0.0,0.060000000000000026,0.06,0.060000000000000026,0.06
14ab73fb,11311.54,10639.95,11372.45,11211.54,11411.740000000209,573,200.2000000002081,last_tvt_minus_100,last_tvt_plus_100,0.020000000000436557,0.1,0.005,0.039999999999054126,0.07000000000152795,0.0,1.0,1.0,1.0,0.0,0.0,0.06000000000000001,0.06,0.06000000000000001,0.06
14ad5efb,11404.28,10837.820000000002,11537.41,11304.28,11504.480000000209,573,200.2000000002081,last_tvt_minus_100,last_tvt_plus_100,-0.049999999999272404,0.1,0.005,0.06999999999970896,3.9899999999979627,0.00034234851078397807,1.0,1.0,1.0,0.0,0.0,0.06000000000000002,0.06,0.06000000000000002,0.06
14fee784,10880.95,10330.820000000002,11021.27,10780.95,10981.150000000209,573,200.2000000002081,last_tvt_minus_100,last_tvt_plus_100,0.039999999997235136,0.1,0.005,0.07999999999992724,5.079999999998108,0.005295315682281059,1.0,1.0,1.0,0.0,0.0,0.060000000000000005,0.06,0.060000000000000005,0.06
153552f5,12085.88,11309.95,12366.95,11985.88,12186.080000000207,573,200.2000000002081,last_tvt_minus_100,last_tvt_plus_100,0.030000000000654836,0.1,0.005,0.05999999999949068,0.10000000000218279,0.0025559105431309905,1.0,1.0,1.0,0.0,0.0,0.06000000000000001,0.06,0.06000000000000001,0.06
1550491d,11383.7,10939.79,11537.41,11283.7,11483.900000000209,573,200.2000000002081,last_tvt_minus_100,last_tvt_plus_100,0.05999999999949068,0.1,0.005,0.07000000000152795,3.0799999999981083,0.00021915406530791147,1.0,1.0,1.0,0.0,0.0,0.05999999999999999,0.06,0.05999999999999999,0.06
155887bb,12294.490000000002,11306.45,12366.95,12194.490000000002,12394.69000000021,573,200.2000000002081,last_tvt_minus_100,last_tvt_plus_100,0.029999999998835847,0.1,0.005,0.050000000001091394,0.1000000000003638,0.0017905102954341987,1.0,1.0,1.0,0.0,0.0,0.06000000000000001,0.06,0.06000000000000001,0.06
1590af81,11446.95,10982.95,11591.95,11346.95,11547.150000000209,573,200.2000000002081,last_tvt_minus_100,last_tvt_plus_100,0.05999999999949068,0.1,0.005,0.050000000001091394,0.08000000000174623,0.0,1.0,1.0,1.0,0.0,0.0,0.06000000000000002,0.06,0.06000000000000002,0.06
15e154a1,10928.69,10209.95,11136.45,10828.69,11028.890000000209,573,200.2000000002081,last_tvt_minus_100,last_tvt_plus_100,-0.020000000000436557,0.1,0.005,0.040000000000873115,0.06000000000130967,0.0,1.0,1.0,1.0,0.0,0.0,0.06000000000000002,0.06,0.06000000000000002,0.06
1619e2ca,11455.88,10764.95,11591.95,11355.88,11556.080000000207,573,200.2000000002081,last_tvt_minus_100,last_tvt_plus_100,-0.06999999999970896,0.10999999999970897,0.005499999999985449,0.050000000001091394,0.09000000000014552,0.0,1.0,1.0,1.0,0.0,0.0,0.04611570247968866,0.04611570247968867,0.04611570247968866,0.04611570247968867
16e4a047,12014.59,11142.2,12156.95,11914.59,12114.790000000208,573,200.2000000002081,last_tvt_minus_100,last_tvt_plus_100,0.010000000000218279,0.1,0.005,0.049999999999272404,0.08000000000174623,0.0,1.0,1.0,1.0,0.0,0.0,0.06000000000000002,0.06,0.06000000000000002,0.06
173ed841,12724.83,11960.45,12873.45,12624.83,12825.030000000208,573,200.2000000002081,last_tvt_minus_100,last_tvt_plus_100,0.040000000000873115,0.1,0.005,0.07999999999992724,12.969999999999345,0.010444398935080893,1.0,1.0,1.0,0.0,0.0,0.060000000000000005,0.06,0.060000000000000005,0.06
1770d7c6,12579.06,11771.95,12748.95,12479.06,12679.260000000208,573,200.2000000002081,last_tvt_minus_100,last_tvt_plus_100,0.040000000000873115,0.1,0.005,0.050000000001091394,0.4600000000009459,0.0004143646408839779,1.0,1.0,1.0,0.0,0.0,0.060000000000000026,0.06,0.060000000000000026,0.06
177622d7,12294.39,11733.45,12366.95,12194.39,12394.590000000208,573,200.2000000002081,last_tvt_minus_100,last_tvt_plus_100,0.020000000002255547,0.1,0.005,0.049999999999272404,0.06000000000130967,0.0,1.0,1.0,1.0,0.0,0.0,0.06000000000000002,0.06,0.06000000000000002,0.06
18d24f7b,11207.68,10542.45,11366.45,11107.68,11307.880000000208,573,200.2000000002081,last_tvt_minus_100,last_tvt_plus_100,0.049999999999272404,0.1,0.005,0.050000000001091394,0.06000000000312866,0.0,1.0,1.0,1.0,0.0,0.0,0.060000000000000005,0.06,0.060000000000000005,0.06
19137a89,11041.54,10336.95,11122.45,10941.54,11141.740000000209,573,200.2000000002081,last_tvt_minus_100,last_tvt_plus_100,-0.040000000000873115,0.1,0.005,0.05999999999949068,3.9099999999998545,0.00414871549385671,1.0,1.0,1.0,0.0,0.0,0.06000000000000002,0.06,0.06000000000000002,0.06
1944513c,11312.41,10420.95,11537.41,11212.41,11412.610000000208,573,200.2000000002081,last_tvt_minus_100,last_tvt_plus_100,0.040000000000873115,0.1,0.005,0.05999999999949068,0.07000000000152795,0.0,1.0,1.0,1.0,0.0,0.0,0.06000000000000001,0.06,0.06000000000000001,0.06
197f8a5a,10949.52,10032.64,11110.62,10849.52,11049.720000000209,573,200.2000000002081,last_tvt_minus_100,last_tvt_plus_100,0.040000000000873115,0.1,0.005,0.050000000001091394,0.09000000000196451,0.0,1.0,1.0,1.0,0.0,0.0,0.06000000000000002,0.06,0.06000000000000002,0.06
19871e7f,12553.16,11710.95,12748.95,12453.16,12653.360000000208,573,200.2000000002081,last_tvt_minus_100,last_tvt_plus_100,0.039999999999054126,0.1,0.005,0.049999999999272404,1.179999999998472,0.0009446438692612885,1.0,1.0,1.0,0.0,0.0,0.060000000000000005,0.06,0.060000000000000005,0.06
198a5607,11166.35,10318.55,11311.5,11066.35,11266.550000000208,573,200.2000000002081,last_tvt_minus_100,last_tvt_plus_100,0.030000000000654836,0.1,0.005,0.05999999999949068,0.08000000000174623,0.0,1.0,1.0,1.0,0.0,0.0,0.06000000000000001,0.06,0.06000000000000001,0.06
19fb4f7b,12766.14,11651.45,12873.45,12666.14,12866.340000000208,573,200.2000000002081,last_tvt_minus_100,last_tvt_plus_100,0.020000000000436557,0.1,0.005,0.05999999999949068,0.12000000000261934,0.01298932384341637,1.0,1.0,1.0,0.0,0.0,0.060000000000000005,0.06,0.060000000000000005,0.06
1a518997,11200.63,10416.95,11366.45,11100.63,11300.830000000207,573,200.2000000002081,last_tvt_minus_100,last_tvt_plus_100,-0.010000000002037268,0.1,0.005,0.040000000000873115,0.680000000000291,0.0006513243595310464,1.0,1.0,1.0,0.0,0.0,0.060000000000000005,0.06,0.060000000000000005,0.06
1a68190b,12793.43,11952.95,12981.95,12693.43,12893.630000000208,573,200.2000000002081,last_tvt_minus_100,last_tvt_plus_100,-0.030000000000654836,0.1,0.005,0.06999999999970896,3.7600000000002183,0.0006705409029950827,1.0,1.0,1.0,0.0,0.0,0.06,0.06,0.06,0.06
1a730ac2,11387.92,10956.86,11594.55,11287.92,11488.120000000208,573,200.2000000002081,last_tvt_minus_100,last_tvt_plus_100,-0.030000000000654836,0.1,0.005,0.049999999999272404,1.2800000000024738,0.0006514657980456026,1.0,1.0,1.0,0.0,0.0,0.060000000000000005,0.06,0.060000000000000005,0.06
1aaf1da0,11897.740000000002,11146.4,12051.84,11797.740000000002,11997.94000000021,573,200.2000000002081,last_tvt_minus_100,last_tvt_plus_100,0.039999999999054126,0.1,0.005,0.06999999999970896,0.1000000000003638,0.00041631973355537054,1.0,1.0,1.0,0.0,0.0,0.060000000000000005,0.06,0.060000000000000005,0.06
1b08ed48,12122.9,11530.95,12279.45,12022.9,12223.100000000208,573,200.2000000002081,last_tvt_minus_100,last_tvt_plus_100,0.030000000000654836,0.1,0.005,0.040000000000873115,0.33999999999832653,0.003915984336062656,1.0,1.0,1.0,0.0,0.0,0.060000000000000005,0.06,0.060000000000000005,0.06
1b1c5372,10870.68,10315.09,10956.570000000002,10770.68,10970.880000000208,573,200.2000000002081,last_tvt_minus_100,last_tvt_plus_100,-0.040000000000873115,0.1,0.005,0.06000000000130967,0.07000000000152795,0.0,1.0,1.0,1.0,0.0,0.0,0.060000000000000005,0.06,0.060000000000000005,0.06
1b1eba53,12726.15,11780.95,12987.45,12626.15,12826.350000000208,573,200.2000000002081,last_tvt_minus_100,last_tvt_plus_100,0.0,0.1,0.005,0.050000000001091394,0.10000000000218279,0.00322234156820623,1.0,1.0,1.0,0.0,0.0,0.06000000000000001,0.06,0.06000000000000001,0.06
1b6ba517,12061.48,11160.45,12202.95,11961.48,12161.680000000208,573,200.2000000002081,last_tvt_minus_100,last_tvt_plus_100,0.049999999999272404,0.1,0.005,0.07999999999992724,0.16000000000167347,0.00045475216007276033,1.0,1.0,1.0,0.0,0.0,0.06000000000000002,0.06,0.06000000000000002,0.06
1b82b665,10845.95,10114.6,10956.570000000002,10745.95,10946.150000000209,573,200.2000000002081,last_tvt_minus_100,last_tvt_plus_100,-0.05999999999949068,0.1,0.005,0.059999999997671694,0.07000000000334694,0.0,1.0,1.0,1.0,0.0,0.0,0.06000000000000002,0.06,0.06000000000000002,0.06
1bcb2fcf,12555.66,11916.55,12652.570000000002,12455.66,12655.860000000208,573,200.2000000002081,last_tvt_minus_100,last_tvt_plus_100,0.020000000000436557,0.1,0.005,0.05999999999949068,0.07000000000152795,0.0,1.0,1.0,1.0,0.0,0.0,0.06000000000000001,0.06,0.06000000000000001,0.06
1beca81d,11368.71,10746.76,11510.29,11268.71,11468.910000000207,573,200.2000000002081,last_tvt_minus_100,last_tvt_plus_100,-0.010000000000218279,0.1,0.005,0.06999999999788997,2.0100000000002183,0.010921366163621922,1.0,1.0,1.0,0.0,0.0,0.06000000000000002,0.06,0.06000000000000002,0.06
1d3fbf02,11761.8,11276.45,11871.45,11661.8,11862.000000000207,573,200.2000000002081,last_tvt_minus_100,last_tvt_plus_100,-0.030000000000654836,0.1,0.005,0.06350000000129422,0.09000000000196451,0.0,1.0,1.0,1.0,0.0,0.0,0.06000000000000002,0.06,0.06000000000000002,0.06
1d78281a,12780.2,11905.95,12981.95,12680.2,12880.400000000209,573,200.2000000002081,last_tvt_minus_100,last_tvt_plus_100,-0.040000000000873115,0.1,0.005,0.050000000001091394,0.06000000000312866,0.0,1.0,1.0,1.0,0.0,0.0,0.06000000000000001,0.06,0.06000000000000001,0.06
1e30dedf,10651.68,10286.09,10956.570000000002,10551.68,10751.880000000208,573,200.2000000002081,last_tvt_minus_100,last_tvt_plus_100,0.06000000000130967,0.10000000000130968,0.005000000000065484,0.07999999999992724,4.639999999999418,0.0004912797838368951,1.0,1.0,1.0,0.0,0.0,0.0599999999979045,0.05999999999790449,0.0599999999979045,0.05999999999790449
1e5e3573,12215.14,11471.34,12325.65,12115.14,12315.340000000208,573,200.2000000002081,last_tvt_minus_100,last_tvt_plus_100,-0.039999999997235136,0.1,0.005,0.040000000000873115,1.9499999999989086,0.0012773722627737226,1.0,1.0,1.0,0.0,0.0,0.06000000000000001,0.06,0.06000000000000001,0.06
1f9afacb,11951.83,11159.7,12156.95,11851.83,12052.030000000208,573,200.2000000002081,last_tvt_minus_100,last_tvt_plus_100,0.010000000000218279,0.1,0.005,0.040000000002692104,3.030000000000655,0.0005630630630630631,1.0,1.0,1.0,0.0,0.0,0.06000000000000001,0.06,0.06000000000000001,0.06
1fdbba44,12803.78,12324.95,12981.95,12703.78,12903.980000000209,573,200.2000000002081,last_tvt_minus_100,last_tvt_plus_100,0.039999999999054126,0.1,0.005,0.07999999999992724,5.760000000000218,0.0016289961311341885,1.0,1.0,1.0,0.0,0.0,0.06000000000000002,0.06,0.06000000000000002,0.06
1fee2b62,12510.64,11734.95,12748.95,12410.64,12610.840000000208,573,200.2000000002081,last_tvt_minus_100,last_tvt_plus_100,0.030000000000654836,0.1,0.005,0.050000000001091394,0.7399999999997817,0.0010773540185304892,1.0,1.0,1.0,0.0,0.0,0.060000000000000005,0.06,0.060000000000000005,0.06
20096916,11891.11,11098.9,12051.84,11791.11,11991.310000000209,573,200.2000000002081,last_tvt_minus_100,last_tvt_plus_100,0.030000000000654836,0.1,0.005,0.06000000000130967,2.2699999999986176,0.0011689070718877848,1.0,1.0,1.0,0.0,0.0,0.060000000000000005,0.06,0.060000000000000005,0.06
200d233d,12039.88,11327.95,12156.95,11939.88,12140.080000000207,573,200.2000000002081,last_tvt_minus_100,last_tvt_plus_100,-0.030000000000654836,0.1,0.005,0.040000000000873115,3.609999999998763,0.00025471217524197657,1.0,1.0,1.0,0.0,0.0,0.060000000000000026,0.06,0.060000000000000026,0.06
201661b5,12188.4,11035.65,12325.65,12088.4,12288.600000000208,573,200.2000000002081,last_tvt_minus_100,last_tvt_plus_100,0.010000000000218279,0.1,0.005,0.05999999999949068,0.8099999999994907,0.00033585222502099076,1.0,1.0,1.0,0.0,0.0,0.06000000000000002,0.06,0.06000000000000002,0.06
203721ab,11200.73,10610.45,11366.45,11100.73,11300.930000000208,573,200.2000000002081,last_tvt_minus_100,last_tvt_plus_100,-0.020000000000436557,0.1,0.005,0.049999999999272404,0.07000000000152795,0.0,1.0,1.0,1.0,0.0,0.0,0.06000000000000001,0.06,0.06000000000000001,0.06
20402d71,10966.39,10274.13,11110.62,10866.39,11066.590000000208,573,200.2000000002081,last_tvt_minus_100,last_tvt_plus_100,0.020000000000436557,0.1,0.005,0.049999999999272404,0.11000000000240107,0.007532956685499058,1.0,1.0,1.0,0.0,0.0,0.060000000000000005,0.06,0.060000000000000005,0.06
2043abc5,11420.990000000002,10885.39,11594.55,11320.990000000002,11521.19000000021,573,200.2000000002081,last_tvt_minus_100,last_tvt_plus_100,0.039999999999054126,0.1,0.005,0.06999999999788997,1.7999999999992724,0.014228226501868352,1.0,1.0,1.0,0.0,0.0,0.06000000000000002,0.06,0.06000000000000002,0.06
204cc64b,12558.35,11774.95,12873.45,12458.35,12658.550000000208,573,200.2000000002081,last_tvt_minus_100,last_tvt_plus_100,0.040000000000873115,0.1,0.005,0.08000000000174623,0.12000000000261934,0.02497398543184183,1.0,1.0,1.0,0.0,0.0,0.060000000000000005,0.06,0.060000000000000005,0.06
206b6193,11456.55,10707.42,11594.55,11356.55,11556.750000000207,573,200.2000000002081,last_tvt_minus_100,last_tvt_plus_100,0.039999999999054126,0.1,0.005,0.049999999999272404,0.06000000000312866,0.0,1.0,1.0,1.0,0.0,0.0,0.06000000000000002,0.06,0.06000000000000002,0.06
2075c696,11192.35,10070.45,11366.45,11092.35,11292.550000000208,573,200.2000000002081,last_tvt_minus_100,last_tvt_plus_100,-0.020000000000436557,0.1,0.005,0.05999999999949068,0.25,0.0003136762860727729,1.0,1.0,1.0,0.0,0.0,0.06000000000000001,0.06,0.06000000000000001,0.06
22c5f93f,11871.94,11032.9,12051.84,11771.94,11972.140000000209,573,200.2000000002081,last_tvt_minus_100,last_tvt_plus_100,0.020000000000436557,0.1,0.005,0.05999999999949068,0.10000000000218279,0.0007733952049497294,1.0,1.0,1.0,0.0,0.0,0.06000000000000001,0.06,0.06000000000000001,0.06
230eaaa3,11430.25,10503.42,11594.55,11330.25,11530.450000000208,573,200.2000000002081,last_tvt_minus_100,last_tvt_plus_100,-0.039999999999054126,0.1,0.005,0.04549999999981264,0.06000000000130967,0.0,1.0,1.0,1.0,0.0,0.0,0.060000000000000005,0.06,0.060000000000000005,0.06
2364716c,10967.56,10191.7,11136.45,10867.56,11067.760000000208,573,200.2000000002081,last_tvt_minus_100,last_tvt_plus_100,-0.030000000000654836,0.1,0.005,0.05999999999949068,0.06999999999970896,0.0,1.0,1.0,1.0,0.0,0.0,0.06000000000000001,0.06,0.06000000000000001,0.06
23b9beb0,11391.0,10881.45,11591.95,11291.0,11491.200000000208,573,200.2000000002081,last_tvt_minus_100,last_tvt_plus_100,-0.020000000000436557,0.1,0.005,0.050000000001091394,0.07000000000152795,0.0,1.0,1.0,1.0,0.0,0.0,0.060000000000000026,0.06,0.060000000000000026,0.06
24d8997e,11183.39,10460.81,11350.94,11083.39,11283.590000000208,573,200.2000000002081,last_tvt_minus_100,last_tvt_plus_100,0.020000000002255547,0.1,0.005,0.049999999999272404,0.06000000000130967,0.0,1.0,1.0,1.0,0.0,0.0,0.06000000000000001,0.06,0.06000000000000001,0.06
25050f63,10929.05,10239.63,11110.62,10829.05,11029.250000000207,573,200.2000000002081,last_tvt_minus_100,last_tvt_plus_100,0.050000000001091394,0.1,0.005,0.049999999999272404,0.06999999999970896,0.0,1.0,1.0,1.0,0.0,0.0,0.06000000000000001,0.06,0.06000000000000001,0.06
25939962,12257.09,11435.95,12366.95,12157.09,12357.290000000208,573,200.2000000002081,last_tvt_minus_100,last_tvt_plus_100,0.030000000000654836,0.1,0.005,0.06999999999970896,3.1999999999989086,0.00023153507756425097,1.0,1.0,1.0,0.0,0.0,0.06,0.06,0.06,0.06
25fd32b3,11185.4,10659.79,11350.94,11085.4,11285.600000000208,573,200.2000000002081,last_tvt_minus_100,last_tvt_plus_100,-0.020000000002255547,0.1,0.005,0.030000000000654836,0.050000000001091394,0.0,1.0,1.0,1.0,0.0,0.0,0.060000000000000005,0.06,0.060000000000000005,0.06
261785ee,11319.490000000002,10323.95,11591.95,11219.490000000002,11419.69000000021,573,200.2000000002081,last_tvt_minus_100,last_tvt_plus_100,0.05999999999949068,0.1,0.005,0.06999999999970896,0.08000000000174623,0.0,1.0,1.0,1.0,0.0,0.0,0.06000000000000002,0.06,0.06000000000000002,0.06
264feceb,11199.93,10423.45,11366.45,11099.93,11300.130000000208,573,200.2000000002081,last_tvt_minus_100,last_tvt_plus_100,0.030000000002473826,0.1,0.005,0.050000000001091394,0.08000000000174623,0.0,1.0,1.0,1.0,0.0,0.0,0.06000000000000002,0.06,0.06000000000000002,0.06
26623a50,11385.69,10562.92,11537.41,11285.69,11485.890000000209,573,200.2000000002081,last_tvt_minus_100,last_tvt_plus_100,0.06000000000130967,0.10000000000130968,0.005000000000065484,0.06999999999788997,0.08000000000174623,0.0,1.0,1.0,1.0,0.0,0.0,0.0599999999979045,0.05999999999790449,0.0599999999979045,0.05999999999790449
26d3a96a,12631.820000000002,11859.45,12873.45,12531.820000000002,12732.02000000021,573,200.2000000002081,last_tvt_minus_100,last_tvt_plus_100,0.06999999999970896,0.10999999999970897,0.005499999999985449,0.06000000000130967,0.08000000000174623,0.0,1.0,1.0,1.0,0.0,0.0,0.046115702479688665,0.04611570247968867,0.046115702479688665,0.04611570247968867
272abef3,11446.94,10843.4,11594.55,11346.94,11547.140000000209,573,200.2000000002081,last_tvt_minus_100,last_tvt_plus_100,-0.020000000000436557,0.1,0.005,0.06999999999970896,0.16000000000167347,0.0024183796856106408,1.0,1.0,1.0,0.0,0.0,0.06000000000000002,0.06,0.06000000000000002,0.06
27300fd5,12560.42,11782.45,12873.45,12460.42,12660.620000000208,573,200.2000000002081,last_tvt_minus_100,last_tvt_plus_100,0.020000000000436557,0.1,0.005,0.05999999999949068,0.08000000000174623,0.0,1.0,1.0,1.0,0.0,0.0,0.06000000000000002,0.06,0.06000000000000002,0.06
276b012a,12406.78,11953.45,12748.95,12306.78,12506.980000000209,573,200.2000000002081,last_tvt_minus_100,last_tvt_plus_100,-0.050000000001091394,0.1,0.005,0.07999999999810825,0.15000000000327418,0.011577424023154847,1.0,1.0,1.0,0.0,0.0,0.060000000000000005,0.06,0.060000000000000005,0.06
27c3155b,12756.02,11724.88,12976.83,12656.02,12856.220000000209,573,200.2000000002081,last_tvt_minus_100,last_tvt_plus_100,0.0,0.1,0.005,0.050000000001091394,0.09000000000196451,0.0,1.0,1.0,1.0,0.0,0.0,0.060000000000000005,0.06,0.060000000000000005,0.06
27ebb9b9,11934.83,11108.45,12202.95,11834.83,12035.030000000208,573,200.2000000002081,last_tvt_minus_100,last_tvt_plus_100,0.020000000000436557,0.1,0.005,0.06999999999970896,0.08000000000174623,0.0,1.0,1.0,1.0,0.0,0.0,0.060000000000000005,0.06,0.060000000000000005,0.06
283269ac,11451.62,10522.42,11594.55,11351.62,11551.820000000209,573,200.2000000002081,last_tvt_minus_100,last_tvt_plus_100,0.030000000000654836,0.1,0.005,0.049999999999272404,0.06000000000130967,0.0,1.0,1.0,1.0,0.0,0.0,0.06,0.06,0.06,0.06
28473855,10982.9,9851.95,11136.45,10882.9,11083.100000000208,573,200.2000000002081,last_tvt_minus_100,last_tvt_plus_100,0.040000000000873115,0.1,0.005,0.050000000001091394,0.09000000000014552,0.0,1.0,1.0,1.0,0.0,0.0,0.06,0.06,0.06,0.06
28f4eda9,10928.38,10532.63,11110.62,10828.38,11028.580000000207,573,200.2000000002081,last_tvt_minus_100,last_tvt_plus_100,0.020000000000436557,0.1,0.005,0.040000000000873115,1.25,0.000569692366122294,1.0,1.0,1.0,0.0,0.0,0.060000000000000005,0.06,0.060000000000000005,0.06
29b24409,11201.320000000002,10451.95,11366.45,11101.320000000002,11301.52000000021,573,200.2000000002081,last_tvt_minus_100,last_tvt_plus_100,0.030000000000654836,0.1,0.005,0.050000000001091394,0.06000000000312866,0.0,1.0,1.0,1.0,0.0,0.0,0.060000000000000005,0.06,0.060000000000000005,0.06
29de15c8,11990.59,11335.95,12181.95,11890.59,12090.790000000208,573,200.2000000002081,last_tvt_minus_100,last_tvt_plus_100,0.020000000002255547,0.1,0.005,0.040000000000873115,2.8400000000001455,0.0020402215097639173,1.0,1.0,1.0,0.0,0.0,0.06000000000000002,0.06,0.06000000000000002,0.06
2ab29395,12213.59,11841.45,12366.95,12113.59,12313.790000000208,573,200.2000000002081,last_tvt_minus_100,last_tvt_plus_100,-0.029999999998835847,0.1,0.005,0.049999999999272404,0.06000000000130967,0.0,1.0,1.0,1.0,0.0,0.0,0.06000000000000002,0.06,0.06000000000000002,0.06
2ac7cb6b,10880.73,10336.820000000002,11021.27,10780.73,10980.930000000208,573,200.2000000002081,last_tvt_minus_100,last_tvt_plus_100,0.030000000000654836,0.1,0.005,0.07999999999992724,7.770000000000437,0.0036072144288577155,1.0,1.0,1.0,0.0,0.0,0.060000000000000005,0.06,0.060000000000000005,0.06
2acc78d4,11861.61,11073.4,12051.84,11761.61,11961.810000000209,573,200.2000000002081,last_tvt_minus_100,last_tvt_plus_100,-0.030000000000654836,0.1,0.005,0.050000000001091394,1.2900000000008731,0.0009376465072667605,1.0,1.0,1.0,0.0,0.0,0.06000000000000001,0.06,0.06000000000000001,0.06
2b034622,10071.9,9454.55,10236.85,9971.9,10172.100000000208,573,200.2000000002081,last_tvt_minus_100,last_tvt_plus_100,0.039999999999054126,0.1,0.005,0.050000000001091394,0.16000000000076398,0.00864885642898328,1.0,1.0,1.0,0.0,0.0,0.06000000000000001,0.06,0.06000000000000001,0.06
2b06ad65,11952.52,11436.45,12181.95,11852.52,12052.720000000209,573,200.2000000002081,last_tvt_minus_100,last_tvt_plus_100,0.030000000000654836,0.1,0.005,0.040000000002692104,1.5300000000024738,0.0007048872180451127,1.0,1.0,1.0,0.0,0.0,0.06000000000000001,0.06,0.06000000000000001,0.06
2b547943,12209.62,11466.45,12366.95,12109.62,12309.820000000209,573,200.2000000002081,last_tvt_minus_100,last_tvt_plus_100,-0.049999999999272404,0.1,0.005,0.050000000001091394,0.07999999999992724,0.0,1.0,1.0,1.0,0.0,0.0,0.06000000000000002,0.06,0.06000000000000002,0.06
2be5c96a,11797.61,11180.4,12051.84,11697.61,11897.810000000209,573,200.2000000002081,last_tvt_minus_100,last_tvt_plus_100,-0.039999999999054126,0.1,0.005,0.07999999999810825,0.10000000000218279,0.0009501187648456057,1.0,1.0,1.0,0.0,0.0,0.06000000000000002,0.06,0.06000000000000002,0.06
2bff06cf,11004.13,10147.45,11145.28,10904.13,11104.330000000207,573,200.2000000002081,last_tvt_minus_100,last_tvt_plus_100,0.05999999999949068,0.1,0.005,0.07999999999992724,2.210000000000946,0.012329485834207765,1.0,1.0,1.0,0.0,0.0,0.060000000000000026,0.06,0.060000000000000026,0.06
2c0c4a4e,10963.62,10198.7,11136.45,10863.62,11063.820000000209,573,200.2000000002081,last_tvt_minus_100,last_tvt_plus_100,-0.020000000000436557,0.1,0.005,0.059999999997671694,0.3899999999994179,0.00020876826722338206,1.0,1.0,1.0,0.0,0.0,0.06,0.06,0.06,0.06
2cee0cba,11231.11,10451.45,11245.45,11131.11,11285.460000000161,442,154.35000000016043,last_tvt_minus_100,typewell_max_plus_40,-0.05999999999949068,0.1,0.005,0.050000000001091394,0.1599999999980355,0.008545454545454545,1.0,1.0,1.0,0.0,0.0,0.06000000000000001,0.06,0.06000000000000001,0.06
2d0c268a,11325.79,10529.43,11537.41,11225.79,11425.990000000209,573,200.2000000002081,last_tvt_minus_100,last_tvt_plus_100,0.030000000000654836,0.1,0.005,0.05999999999949068,0.7400000000016007,0.00021978021978021978,1.0,1.0,1.0,0.0,0.0,0.06,0.06,0.06,0.06
2d179ded,10698.47,9706.95,10845.45,10598.47,10798.670000000207,573,200.2000000002081,last_tvt_minus_100,last_tvt_plus_100,0.010000000000218279,0.1,0.005,0.049999999999272404,0.07000000000152795,0.0,1.0,1.0,1.0,0.0,0.0,0.06000000000000002,0.06,0.06000000000000002,0.06
2d196986,11202.46,10413.820000000002,11350.94,11102.46,11302.660000000207,573,200.2000000002081,last_tvt_minus_100,last_tvt_plus_100,0.010000000000218279,0.1,0.005,0.049999999999272404,0.1000000000003638,0.00030892801977139327,1.0,1.0,1.0,0.0,0.0,0.060000000000000026,0.06,0.060000000000000026,0.06
2d2d0c6b,11193.320000000002,10391.820000000002,11350.94,11093.320000000002,11293.52000000021,573,200.2000000002081,last_tvt_minus_100,last_tvt_plus_100,-0.010000000002037268,0.1,0.005,0.030000000000654836,0.22000000000116415,0.00039643211100099106,1.0,1.0,1.0,0.0,0.0,0.06000000000000001,0.06,0.06000000000000001,0.06
2d35f86d,11880.98,11178.9,12051.84,11780.98,11981.180000000208,573,200.2000000002081,last_tvt_minus_100,last_tvt_plus_100,0.029999999998835847,0.1,0.005,0.06999999999970896,0.11000000000240107,0.0053104575163398695,1.0,1.0,1.0,0.0,0.0,0.06000000000000001,0.06,0.06000000000000001,0.06
2d9f6cb9,12523.69,12187.95,12748.95,12423.69,12623.890000000209,573,200.2000000002081,last_tvt_minus_100,last_tvt_plus_100,0.020000000000436557,0.1,0.005,0.05999999999949068,0.41999999999825377,0.006132461161079314,1.0,1.0,1.0,0.0,0.0,0.060000000000000026,0.06,0.060000000000000026,0.06
2ddad940,11701.37,11096.45,11871.45,11601.37,11801.570000000209,573,200.2000000002081,last_tvt_minus_100,last_tvt_plus_100,-0.020000000000436557,0.1,0.005,0.06000000000130967,1.6900000000005093,0.00018758206715438003,1.0,1.0,1.0,0.0,0.0,0.060000000000000005,0.06,0.060000000000000005,0.06
2e29e833,12150.02,11331.35,12325.65,12050.02,12250.220000000209,573,200.2000000002081,last_tvt_minus_100,last_tvt_plus_100,0.030000000000654836,0.1,0.005,0.050000000001091394,0.06000000000312866,0.0,1.0,1.0,1.0,0.0,0.0,0.06000000000000001,0.06,0.06000000000000001,0.06
2e43c2ea,11181.61,10433.81,11350.94,11081.61,11281.810000000209,573,200.2000000002081,last_tvt_minus_100,last_tvt_plus_100,1.8189894035458565e-12,0.1,0.005,0.049999999999272404,0.06000000000130967,0.0,1.0,1.0,1.0,0.0,0.0,0.06000000000000002,0.06,0.06000000000000002,0.06
2e63d9de,12533.92,11731.09,12652.570000000002,12433.92,12634.120000000208,573,200.2000000002081,last_tvt_minus_100,last_tvt_plus_100,-0.039999999999054126,0.1,0.005,0.040000000002692104,1.2099999999991269,0.000638433709299851,1.0,1.0,1.0,0.0,0.0,0.06000000000000001,0.06,0.06000000000000001,0.06
2ee0235b,11187.39,10442.45,11366.45,11087.39,11287.590000000208,573,200.2000000002081,last_tvt_minus_100,last_tvt_plus_100,0.050000000001091394,0.1,0.005,0.05999999999949068,0.08000000000174623,0.0,1.0,1.0,1.0,0.0,0.0,0.06000000000000001,0.06,0.06000000000000001,0.06
2f19d536,12279.03,11720.45,12366.95,12179.03,12379.230000000209,573,200.2000000002081,last_tvt_minus_100,last_tvt_plus_100,0.030000000000654836,0.1,0.005,0.06999999999970896,1.6300000000010186,0.0006476683937823834,1.0,1.0,1.0,0.0,0.0,0.06000000000000002,0.06,0.06000000000000002,0.06
2f8e53c3,11952.89,11397.45,12156.95,11852.89,12053.090000000208,573,200.2000000002081,last_tvt_minus_100,last_tvt_plus_100,-0.020000000000436557,0.1,0.005,0.040000000000873115,0.07000000000152795,0.0,1.0,1.0,1.0,0.0,0.0,0.06000000000000002,0.06,0.06000000000000002,0.06
2fa01aa6,12716.09,11936.34,12874.68,12616.09,12816.290000000208,573,200.2000000002081,last_tvt_minus_100,last_tvt_plus_100,-0.020000000000436557,0.1,0.005,0.07999999999992724,0.0900000000037835,0.0,1.0,1.0,1.0,0.0,0.0,0.06,0.06,0.06,0.06
2fd68f7b,10810.63,10066.1,10956.570000000002,10710.63,10910.830000000207,573,200.2000000002081,last_tvt_minus_100,last_tvt_plus_100,-0.050000000001091394,0.1,0.005,0.05999999999949068,1.0799999999981083,0.00021141649048625792,1.0,1.0,1.0,0.0,0.0,0.060000000000000005,0.06,0.060000000000000005,0.06
2fe023be,11444.45,10553.95,11591.95,11344.45,11544.650000000209,573,200.2000000002081,last_tvt_minus_100,last_tvt_plus_100,0.040000000000873115,0.1,0.005,0.06000000000130967,0.08000000000356522,0.0,1.0,1.0,1.0,0.0,0.0,0.06000000000000001,0.06,0.06000000000000001,0.06
30d75030,10885.83,10297.83,11021.27,10785.83,10986.030000000208,573,200.2000000002081,last_tvt_minus_100,last_tvt_plus_100,0.049999999999272404,0.1,0.005,0.06000000000312866,0.1500000000014552,0.011750881316098707,1.0,1.0,1.0,0.0,0.0,0.06000000000000002,0.06,0.06000000000000002,0.06
310c71a5,11182.06,10388.95,11366.45,11082.06,11282.260000000208,573,200.2000000002081,last_tvt_minus_100,last_tvt_plus_100,0.040000000000873115,0.1,0.005,0.05000000000291038,1.1599999999998545,0.00038131553860819826,1.0,1.0,1.0,0.0,0.0,0.06000000000000001,0.06,0.06000000000000001,0.06
32fe84c9,12127.51,11418.45,12279.45,12027.51,12227.710000000208,573,200.2000000002081,last_tvt_minus_100,last_tvt_plus_100,-0.039999999999054126,0.1,0.005,0.049999999997453415,0.11000000000240107,0.012796504369538077,1.0,1.0,1.0,0.0,0.0,0.06000000000000002,0.06,0.06000000000000002,0.06
33c40295,11405.81,10603.95,11591.95,11305.81,11506.010000000208,573,200.2000000002081,last_tvt_minus_100,last_tvt_plus_100,0.019999999998617568,0.1,0.005,0.06000000000130967,0.08000000000174623,0.0,1.0,1.0,1.0,0.0,0.0,0.06000000000000002,0.06,0.06000000000000002,0.06
3407f5bf,11008.05,10381.37,11145.28,10908.05,11108.250000000207,573,200.2000000002081,last_tvt_minus_100,last_tvt_plus_100,-0.05999999999949068,0.1,0.005,0.07999999999992724,0.8700000000008004,0.017317207256734468,1.0,1.0,1.0,0.0,0.0,0.060000000000000026,0.06,0.060000000000000026,0.06
3417285d,12164.85,11782.62,12285.1,12064.85,12265.050000000208,573,200.2000000002081,last_tvt_minus_100,last_tvt_plus_100,0.0,0.1,0.005,0.050000000001091394,0.08000000000174623,0.0,1.0,1.0,1.0,0.0,0.0,0.06000000000000001,0.06,0.06000000000000001,0.06
347242c8,12035.04,11240.45,12181.95,11935.04,12135.240000000209,573,200.2000000002081,last_tvt_minus_100,last_tvt_plus_100,-0.039999999999054126,0.1,0.005,0.10999999999876309,0.13000000000101863,0.06815020862308763,1.0,1.0,1.0,0.0,0.0,0.06000000000000002,0.06,0.06000000000000002,0.06
353e5502,11189.8,10341.45,11219.45,11089.8,11259.550000000176,486,169.75000000017644,last_tvt_minus_100,typewell_max_plus_40,0.029999999998835847,0.1,0.005,0.05999999999949068,0.1000000000003638,0.0001649620587264929,1.0,1.0,1.0,0.0,0.0,0.06000000000000001,0.06,0.06000000000000001,0.06
357c12f9,10784.23,9796.17,10881.6,10684.23,10884.430000000208,573,200.2000000002081,last_tvt_minus_100,last_tvt_plus_100,0.040000000000873115,0.1,0.005,0.050000000001091394,0.06000000000130967,0.0,1.0,1.0,1.0,0.0,0.0,0.060000000000000026,0.06,0.060000000000000026,0.06
3584a6eb,12223.77,11450.95,12366.95,12123.77,12323.970000000209,573,200.2000000002081,last_tvt_minus_100,last_tvt_plus_100,0.020000000000436557,0.1,0.005,0.059999999997671694,0.09000000000196451,0.0,1.0,1.0,1.0,0.0,0.0,0.06,0.06,0.06,0.06
35b30c7f,11002.62,10341.95,11136.45,10902.62,11102.820000000209,573,200.2000000002081,last_tvt_minus_100,last_tvt_plus_100,-0.020000000000436557,0.1,0.005,0.05999999999949068,2.6200000000026193,0.0005219751539826704,1.0,1.0,1.0,0.0,0.0,0.06,0.06,0.06,0.06
35b3ef6a,10787.740000000002,10133.16,10881.6,10687.740000000002,10887.94000000021,573,200.2000000002081,last_tvt_minus_100,last_tvt_plus_100,0.040000000000873115,0.1,0.005,0.06999999999970896,0.12000000000080036,0.010758196721311475,1.0,1.0,1.0,0.0,0.0,0.060000000000000026,0.06,0.060000000000000026,0.06
367456ce,10869.42,10159.33,11021.27,10769.42,10969.620000000208,573,200.2000000002081,last_tvt_minus_100,last_tvt_plus_100,-0.030000000000654836,0.1,0.005,0.06999999999788997,1.0300000000006548,0.008080445322319985,1.0,1.0,1.0,0.0,0.0,0.060000000000000005,0.06,0.060000000000000005,0.06
368131f9,11875.51,11375.4,12051.84,11775.51,11975.710000000208,573,200.2000000002081,last_tvt_minus_100,last_tvt_plus_100,0.030000000000654836,0.1,0.005,0.06000000000130967,5.920000000000073,0.0010018032458425166,1.0,1.0,1.0,0.0,0.0,0.060000000000000005,0.06,0.060000000000000005,0.06
368fe682,11280.87,10741.45,11372.45,11180.87,11381.070000000209,573,200.2000000002081,last_tvt_minus_100,last_tvt_plus_100,0.039999999999054126,0.1,0.005,0.05999999999949068,0.7399999999997817,0.0004051863857374392,1.0,1.0,1.0,0.0,0.0,0.06000000000000002,0.06,0.06000000000000002,0.06
3690a146,11198.25,10384.45,11366.45,11098.25,11298.450000000208,573,200.2000000002081,last_tvt_minus_100,last_tvt_plus_100,-0.030000000000654836,0.1,0.005,0.040000000000873115,0.06999999999970896,0.0,1.0,1.0,1.0,0.0,0.0,0.06000000000000002,0.06,0.06000000000000002,0.06
37344c2a,11016.71,10299.9,11145.28,10916.71,11116.910000000207,573,200.2000000002081,last_tvt_minus_100,last_tvt_plus_100,-0.019999999998617568,0.1,0.005,0.039999999999054126,0.16000000000167347,0.005964979796036175,1.0,1.0,1.0,0.0,0.0,0.06000000000000001,0.06,0.06000000000000001,0.06
373ef48b,11183.44,10615.95,11366.45,11083.44,11283.640000000209,573,200.2000000002081,last_tvt_minus_100,last_tvt_plus_100,-0.019999999998617568,0.1,0.005,0.05000000000291038,0.07000000000152795,0.0,1.0,1.0,1.0,0.0,0.0,0.06000000000000002,0.06,0.06000000000000002,0.06
374be387,10711.58,9868.45,10845.45,10611.58,10811.780000000208,573,200.2000000002081,last_tvt_minus_100,last_tvt_plus_100,0.040000000000873115,0.1,0.005,0.050000000001091394,0.23999999999978172,0.00010035122930255896,1.0,1.0,1.0,0.0,0.0,0.06000000000000001,0.06,0.06000000000000001,0.06
37d36812,12209.81,11489.95,12366.95,12109.81,12310.010000000208,573,200.2000000002081,last_tvt_minus_100,last_tvt_plus_100,0.029999999998835847,0.1,0.005,0.050000000001091394,1.7200000000011642,0.0002289901534234028,1.0,1.0,1.0,0.0,0.0,0.06,0.06,0.06,0.06
38991fd4,11221.48,10380.28,11331.96,11121.48,11321.680000000208,573,200.2000000002081,last_tvt_minus_100,last_tvt_plus_100,0.050000000001091394,0.1,0.005,0.05999999999949068,0.07000000000152795,0.0,1.0,1.0,1.0,0.0,0.0,0.06,0.06,0.06,0.06
389ae58f,11707.31,10885.95,11871.45,11607.31,11807.510000000208,573,200.2000000002081,last_tvt_minus_100,last_tvt_plus_100,0.030000000000654836,0.1,0.005,0.049999999999272404,8.049999999999272,0.012997060188766826,1.0,1.0,1.0,0.0,0.0,0.06000000000000001,0.06,0.06000000000000001,0.06
3932faa6,12030.31,11072.45,12202.95,11930.31,12130.510000000208,573,200.2000000002081,last_tvt_minus_100,last_tvt_plus_100,0.029999999998835847,0.1,0.005,0.06999999999970896,0.09000000000196451,0.0,1.0,1.0,1.0,0.0,0.0,0.06000000000000002,0.06,0.06000000000000002,0.06
398dce4b,10820.2,9992.47,10963.71,10720.2,10920.400000000209,573,200.2000000002081,last_tvt_minus_100,last_tvt_plus_100,0.049999999999272404,0.1,0.005,0.05999999999949068,0.07000000000152795,0.0,1.0,1.0,1.0,0.0,0.0,0.06000000000000001,0.06,0.06000000000000001,0.06
39b51819,10982.86,10254.42,11145.28,10882.86,11083.060000000209,573,200.2000000002081,last_tvt_minus_100,last_tvt_plus_100,0.039999999999054126,0.1,0.005,0.050000000001091394,0.47000000000116415,0.0002363507445048452,1.0,1.0,1.0,0.0,0.0,0.06000000000000002,0.06,0.06000000000000002,0.06
3a0af893,12189.64,11703.55,12325.65,12089.64,12289.840000000208,573,200.2000000002081,last_tvt_minus_100,last_tvt_plus_100,0.040000000000873115,0.1,0.005,0.06000000000130967,0.5099999999983993,0.00034164673727365904,1.0,1.0,1.0,0.0,0.0,0.06000000000000001,0.06,0.06000000000000001,0.06
3a223519,12819.1,11865.45,12981.95,12719.1,12919.300000000208,573,200.2000000002081,last_tvt_minus_100,last_tvt_plus_100,-0.039999999999054126,0.1,0.005,0.06000000000130967,1.0800000000017462,0.0006545930613135501,1.0,1.0,1.0,0.0,0.0,0.060000000000000005,0.06,0.060000000000000005,0.06
3a7dd95d,11895.75,11439.95,12067.45,11795.75,11995.950000000208,573,200.2000000002081,last_tvt_minus_100,last_tvt_plus_100,-0.019999999998617568,0.1,0.005,0.039999999999054126,0.1000000000003638,0.0006510416666666666,1.0,1.0,1.0,0.0,0.0,0.06000000000000002,0.06,0.06000000000000002,0.06
3a824aa7,12210.62,11658.95,12366.95,12110.62,12310.820000000209,573,200.2000000002081,last_tvt_minus_100,last_tvt_plus_100,0.020000000000436557,0.1,0.005,0.050000000001091394,0.07000000000152795,0.0,1.0,1.0,1.0,0.0,0.0,0.06000000000000001,0.06,0.06000000000000001,0.06
3a86fe8d,11450.46,10892.88,11594.55,11350.46,11550.660000000207,573,200.2000000002081,last_tvt_minus_100,last_tvt_plus_100,-0.039999999999054126,0.1,0.005,0.049999999999272404,0.9899999999997817,0.00019538882375928098,1.0,1.0,1.0,0.0,0.0,0.060000000000000005,0.06,0.060000000000000005,0.06
3aaa2b30,10886.86,10321.320000000002,11021.27,10786.86,10987.060000000209,573,200.2000000002081,last_tvt_minus_100,last_tvt_plus_100,-0.030000000000654836,0.1,0.005,0.05999999999949068,1.8500000000003638,0.0006368074718743367,1.0,1.0,1.0,0.0,0.0,0.060000000000000005,0.06,0.060000000000000005,0.06
3ac16ad0,10961.66,10172.13,11110.62,10861.66,11061.860000000208,573,200.2000000002081,last_tvt_minus_100,last_tvt_plus_100,-0.020000000000436557,0.1,0.005,0.050000000001091394,0.09000000000014552,0.0,1.0,1.0,1.0,0.0,0.0,0.06000000000000001,0.06,0.06000000000000001,0.06
3b21ea64,12425.91,11692.45,12748.95,12325.91,12526.110000000208,573,200.2000000002081,last_tvt_minus_100,last_tvt_plus_100,0.030000000000654836,0.1,0.005,0.050000000001091394,4.06000000000131,0.001220173535791757,1.0,1.0,1.0,0.0,0.0,0.060000000000000026,0.06,0.060000000000000026,0.06
3bbe1f5d,11194.53,10445.45,11366.45,11094.53,11294.730000000209,573,200.2000000002081,last_tvt_minus_100,last_tvt_plus_100,-0.020000000000436557,0.1,0.005,0.050000000001091394,0.4899999999997817,0.00014455044810638914,1.0,1.0,1.0,0.0,0.0,0.060000000000000026,0.06,0.060000000000000026,0.06
3bfee975,12164.26,11684.95,12366.95,12064.26,12264.460000000208,573,200.2000000002081,last_tvt_minus_100,last_tvt_plus_100,-0.059999999997671694,0.1,0.005,0.049999999999272404,0.07000000000152795,0.0,1.0,1.0,1.0,0.0,0.0,0.06000000000000002,0.06,0.06000000000000002,0.06
3c3dbcbc,11859.75,11168.9,12051.84,11759.75,11959.950000000208,573,200.2000000002081,last_tvt_minus_100,last_tvt_plus_100,0.010000000000218279,0.1,0.005,0.040000000000873115,3.1300000000010186,0.0011836654172420597,1.0,1.0,1.0,0.0,0.0,0.06,0.06,0.06,0.06
3d96d897,11202.03,10622.95,11366.45,11102.03,11302.230000000209,573,200.2000000002081,last_tvt_minus_100,last_tvt_plus_100,-0.020000000000436557,0.1,0.005,0.05999999999949068,0.4500000000007276,0.0007068386640749249,1.0,1.0,1.0,0.0,0.0,0.06000000000000001,0.06,0.06000000000000001,0.06
3df4b19e,11382.94,10622.4,11537.41,11282.94,11483.140000000209,573,200.2000000002081,last_tvt_minus_100,last_tvt_plus_100,0.020000000002255547,0.1,0.005,0.049999999999272404,7.019999999996799,0.0010024057738572574,1.0,1.0,1.0,0.0,0.0,0.060000000000000005,0.06,0.060000000000000005,0.06
3e011332,11428.740000000002,10339.95,11591.95,11328.740000000002,11528.94000000021,573,200.2000000002081,last_tvt_minus_100,last_tvt_plus_100,0.029999999998835847,0.1,0.005,0.09000000000196451,0.2900000000008731,0.0426000734484025,1.0,1.0,1.0,0.0,0.0,0.06000000000000002,0.06,0.06000000000000002,0.06
3e678ea7,12528.21,11842.08,12652.570000000002,12428.21,12628.410000000207,573,200.2000000002081,last_tvt_minus_100,last_tvt_plus_100,-0.020000000000436557,0.1,0.005,0.039999999999054126,0.06000000000130967,0.0,1.0,1.0,1.0,0.0,0.0,0.06000000000000002,0.06,0.06000000000000002,0.06
3ef6372a,11415.56,10535.92,11594.55,11315.56,11515.760000000208,573,200.2000000002081,last_tvt_minus_100,last_tvt_plus_100,-0.040000000000873115,0.1,0.005,0.049999999999272404,0.06000000000312866,0.0,1.0,1.0,1.0,0.0,0.0,0.06,0.06,0.06,0.06
3ef98781,11963.61,11481.45,12181.95,11863.61,12063.810000000209,573,200.2000000002081,last_tvt_minus_100,last_tvt_plus_100,0.019999999998617568,0.1,0.005,0.040000000000873115,4.110000000002401,0.0007708119218910585,1.0,1.0,1.0,0.0,0.0,0.060000000000000026,0.06,0.060000000000000026,0.06
3f603129,10974.28,10450.45,11122.45,10874.28,11074.480000000209,573,200.2000000002081,last_tvt_minus_100,last_tvt_plus_100,-0.05999999999949068,0.1,0.005,0.05999999999949068,0.07000000000152795,0.0,1.0,1.0,1.0,0.0,0.0,0.06000000000000001,0.06,0.06000000000000001,0.06
404c4384,10810.45,10070.97,10963.71,10710.45,10910.650000000209,573,200.2000000002081,last_tvt_minus_100,last_tvt_plus_100,0.039999999999054126,0.1,0.005,0.05000000000200089,0.06000000000130967,0.0,1.0,1.0,1.0,0.0,0.0,0.06000000000000002,0.06,0.06000000000000002,0.06
4121c517,10947.09,10066.45,11122.45,10847.09,11047.290000000208,573,200.2000000002081,last_tvt_minus_100,last_tvt_plus_100,0.040000000000873115,0.1,0.005,0.06999999999970896,0.13000000000101863,0.021756647864625302,1.0,1.0,1.0,0.0,0.0,0.06000000000000002,0.06,0.06000000000000002,0.06
41fb0192,12593.8,12124.45,12748.95,12493.8,12694.000000000207,573,200.2000000002081,last_tvt_minus_100,last_tvt_plus_100,-0.029999999998835847,0.1,0.005,0.05000000000291038,0.10000000000218279,0.0006727211570803902,1.0,1.0,1.0,0.0,0.0,0.06000000000000002,0.06,0.06000000000000002,0.06
42669188,11623.16,10794.45,11871.45,11523.16,11723.360000000208,573,200.2000000002081,last_tvt_minus_100,last_tvt_plus_100,0.05999999999949068,0.1,0.005,0.05999999999949068,1.3100000000013097,0.003269500233535731,1.0,1.0,1.0,0.0,0.0,0.060000000000000005,0.06,0.060000000000000005,0.06
42c538a1,11283.46,10824.45,11372.45,11183.46,11383.660000000207,573,200.2000000002081,last_tvt_minus_100,last_tvt_plus_100,1.8189894035458565e-12,0.1,0.005,0.040000000000873115,0.06000000000130967,0.0,1.0,1.0,1.0,0.0,0.0,0.06000000000000002,0.06,0.06000000000000002,0.06
43b06c70,11903.54,11108.4,12051.84,11803.54,12003.740000000209,573,200.2000000002081,last_tvt_minus_100,last_tvt_plus_100,0.050000000001091394,0.1,0.005,0.1000000000003638,0.12000000000261934,0.07820883202641353,1.0,1.0,1.0,0.0,0.0,0.06,0.06,0.06,0.06
43c7f85a,10976.95,10406.63,11110.62,10876.95,11077.150000000209,573,200.2000000002081,last_tvt_minus_100,last_tvt_plus_100,-0.029999999998835847,0.1,0.005,0.050000000001091394,0.06000000000312866,0.0,1.0,1.0,1.0,0.0,0.0,0.06000000000000001,0.06,0.06000000000000001,0.06
43e16325,10952.1,9937.5,11145.28,10852.1,11052.300000000208,573,200.2000000002081,last_tvt_minus_100,last_tvt_plus_100,-0.010000000000218279,0.1,0.005,0.039999999999054126,0.09000000000196451,0.0,1.0,1.0,1.0,0.0,0.0,0.060000000000000026,0.06,0.060000000000000026,0.06
44441e54,11971.16,11538.45,12156.95,11871.16,12071.360000000208,573,200.2000000002081,last_tvt_minus_100,last_tvt_plus_100,-0.030000000000654836,0.1,0.005,0.040000000000873115,0.07000000000152795,0.0,1.0,1.0,1.0,0.0,0.0,0.060000000000000005,0.06,0.060000000000000005,0.06
445af6c2,11223.73,10298.45,11366.45,11123.73,11323.930000000208,573,200.2000000002081,last_tvt_minus_100,last_tvt_plus_100,-0.010000000000218279,0.1,0.005,0.050000000001091394,0.07000000000152795,0.0,1.0,1.0,1.0,0.0,0.0,0.06000000000000002,0.06,0.06000000000000002,0.06
4463446c,10510.78,10125.070000000002,10668.02,10410.78,10610.980000000209,573,200.2000000002081,last_tvt_minus_100,last_tvt_plus_100,-0.049999999999272404,0.1,0.005,0.06000000000130967,0.07999999999992724,0.0,1.0,1.0,1.0,0.0,0.0,0.06000000000000002,0.06,0.06000000000000002,0.06
44a94013,10931.54,10411.01,11077.56,10831.54,11031.740000000209,573,200.2000000002081,last_tvt_minus_100,last_tvt_plus_100,0.030000000000654836,0.1,0.005,0.06999999999788997,0.08000000000356522,0.0,1.0,1.0,1.0,0.0,0.0,0.06000000000000001,0.06,0.06000000000000001,0.06
45fb3e21,11468.84,10503.95,11591.95,11368.84,11569.040000000208,573,200.2000000002081,last_tvt_minus_100,last_tvt_plus_100,0.030000000000654836,0.1,0.005,0.040000000000873115,0.05000000000291038,0.0,1.0,1.0,1.0,0.0,0.0,0.06000000000000001,0.06,0.06000000000000001,0.06
460f859e,11214.37,10548.3,11350.94,11114.37,11314.570000000209,573,200.2000000002081,last_tvt_minus_100,last_tvt_plus_100,-0.010000000002037268,0.1,0.005,0.040000000000873115,0.08000000000174623,0.0,1.0,1.0,1.0,0.0,0.0,0.060000000000000026,0.06,0.060000000000000026,0.06
4630ab92,12026.36,11051.95,12156.95,11926.36,12126.560000000209,573,200.2000000002081,last_tvt_minus_100,last_tvt_plus_100,0.020000000000436557,0.1,0.005,0.05000000000181899,1.0199999999986176,0.0002964719833975689,1.0,1.0,1.0,0.0,0.0,0.060000000000000026,0.06,0.060000000000000026,0.06
463c38f2,11182.63,10718.46,11331.96,11082.63,11282.830000000207,573,200.2000000002081,last_tvt_minus_100,last_tvt_plus_100,0.05999999999949068,0.1,0.005,0.06000000000130967,0.08000000000174623,0.0,1.0,1.0,1.0,0.0,0.0,0.060000000000000005,0.06,0.060000000000000005,0.06
4654e7de,11220.92,10608.45,11366.45,11120.92,11321.120000000208,573,200.2000000002081,last_tvt_minus_100,last_tvt_plus_100,-0.030000000000654836,0.1,0.005,0.06000000000130967,2.110000000000582,0.0003722315280104225,1.0,1.0,1.0,0.0,0.0,0.06000000000000001,0.06,0.06000000000000001,0.06
466fc788,11993.9,11129.2,12156.95,11893.9,12094.100000000208,573,200.2000000002081,last_tvt_minus_100,last_tvt_plus_100,0.020000000000436557,0.1,0.005,0.049999999999272404,0.11000000000058208,0.0012909472325318702,1.0,1.0,1.0,0.0,0.0,0.06000000000000002,0.06,0.06000000000000002,0.06
46a301e9,10973.64,10245.55,11311.5,10873.64,11073.840000000208,573,200.2000000002081,last_tvt_minus_100,last_tvt_plus_100,-0.029999999998835847,0.1,0.005,0.049999999999272404,0.06000000000312866,0.0,1.0,1.0,1.0,0.0,0.0,0.06000000000000002,0.06,0.06000000000000002,0.06
46a7190b,12490.41,11961.53,12652.570000000002,12390.41,12590.610000000208,573,200.2000000002081,last_tvt_minus_100,last_tvt_plus_100,-0.020000000000436557,0.1,0.005,0.030000000000654836,1.500000000001819,0.00023724792408066428,1.0,1.0,1.0,0.0,0.0,0.06000000000000001,0.06,0.06000000000000001,0.06
46d24a09,12738.91,12149.95,12981.95,12638.91,12839.110000000208,573,200.2000000002081,last_tvt_minus_100,last_tvt_plus_100,0.029999999998835847,0.1,0.005,0.09000000000014552,1.2399999999979627,0.017756799280737243,1.0,1.0,1.0,0.0,0.0,0.06,0.06,0.06,0.06
46d41ff6,12061.59,11669.95,12279.45,11961.59,12161.790000000208,573,200.2000000002081,last_tvt_minus_100,last_tvt_plus_100,-0.020000000000436557,0.1,0.005,0.050000000001091394,0.12000000000261934,0.008606505505632198,1.0,1.0,1.0,0.0,0.0,0.06000000000000002,0.06,0.06000000000000002,0.06
46dfcfca,12482.81,12018.0,12652.570000000002,12382.81,12583.010000000208,573,200.2000000002081,last_tvt_minus_100,last_tvt_plus_100,-0.020000000000436557,0.1,0.005,0.030000000000654836,0.050000000001091394,0.0,1.0,1.0,1.0,0.0,0.0,0.06000000000000002,0.06,0.06000000000000002,0.06
47222616,12201.84,11763.45,12366.95,12101.84,12302.040000000208,573,200.2000000002081,last_tvt_minus_100,last_tvt_plus_100,-0.019999999998617568,0.1,0.005,0.05999999999949068,0.1000000000003638,0.003404448479346346,1.0,1.0,1.0,0.0,0.0,0.060000000000000005,0.06,0.060000000000000005,0.06
47ee27ab,11367.15,10499.92,11594.55,11267.15,11467.350000000208,573,200.2000000002081,last_tvt_minus_100,last_tvt_plus_100,0.030000000000654836,0.1,0.005,0.050000000001091394,0.10000000000218279,0.000781616382679381,1.0,1.0,1.0,0.0,0.0,0.06000000000000002,0.06,0.06000000000000002,0.06
481de5fc,12071.51,11266.45,12202.95,11971.51,12171.710000000208,573,200.2000000002081,last_tvt_minus_100,last_tvt_plus_100,0.030000000000654836,0.1,0.005,0.06999999999970896,0.08000000000174623,0.0,1.0,1.0,1.0,0.0,0.0,0.06000000000000002,0.06,0.06000000000000002,0.06
48c1f673,10854.43,9962.6,10956.570000000002,10754.43,10954.630000000208,573,200.2000000002081,last_tvt_minus_100,last_tvt_plus_100,0.06000000000130967,0.10000000000130968,0.005000000000065484,0.07000000000152795,0.08000000000174623,0.0,1.0,1.0,1.0,0.0,0.0,0.05999999999790449,0.05999999999790449,0.05999999999790449,0.05999999999790449
4936af16,10868.75,10281.83,11021.27,10768.75,10968.950000000208,573,200.2000000002081,last_tvt_minus_100,last_tvt_plus_100,-0.040000000000873115,0.1,0.005,0.050000000001091394,1.860000000000582,0.0015033826108744675,1.0,1.0,1.0,0.0,0.0,0.060000000000000026,0.06,0.060000000000000026,0.06
493b5b31,12688.25,11660.88,12976.83,12588.25,12788.450000000208,573,200.2000000002081,last_tvt_minus_100,last_tvt_plus_100,-0.040000000000873115,0.1,0.005,0.07000000000152795,0.12000000000080036,0.018411475058873902,1.0,1.0,1.0,0.0,0.0,0.06,0.06,0.06,0.06
49dbc14c,11199.1,10715.78,11350.94,11099.1,11299.300000000208,573,200.2000000002081,last_tvt_minus_100,last_tvt_plus_100,-0.039999999999054126,0.1,0.005,0.050000000001091394,0.08000000000174623,0.0,1.0,1.0,1.0,0.0,0.0,0.060000000000000026,0.06,0.060000000000000026,0.06
4a035ec2,12610.1,11782.95,12748.95,12510.1,12710.300000000208,573,200.2000000002081,last_tvt_minus_100,last_tvt_plus_100,-0.030000000000654836,0.1,0.005,0.05999999999949068,0.07000000000152795,0.0,1.0,1.0,1.0,0.0,0.0,0.06000000000000001,0.06,0.06000000000000001,0.06
4a335117,11189.89,10131.89,11350.94,11089.89,11290.090000000208,573,200.2000000002081,last_tvt_minus_100,last_tvt_plus_100,-0.030000000000654836,0.1,0.005,0.050000000001091394,0.07000000000152795,0.0,1.0,1.0,1.0,0.0,0.0,0.060000000000000005,0.06,0.060000000000000005,0.06
4a8ecc0b,11866.88,11004.4,12051.84,11766.88,11967.080000000207,573,200.2000000002081,last_tvt_minus_100,last_tvt_plus_100,-0.07999999999992724,0.11999999999992725,0.005999999999996362,0.050000000001091394,0.10000000000218279,0.0,1.0,1.0,1.0,0.0,0.0,0.0355555555556229,0.035555555555622904,0.0355555555556229,0.035555555555622904
4b462989,10976.77,10272.91,11145.28,10876.77,11076.970000000209,573,200.2000000002081,last_tvt_minus_100,last_tvt_plus_100,0.050000000001091394,0.1,0.005,0.07000000000152795,0.4599999999991269,0.000643915003219575,1.0,1.0,1.0,0.0,0.0,0.060000000000000026,0.06,0.060000000000000026,0.06
4b831d20,12550.17,11368.45,12748.95,12450.17,12650.370000000208,573,200.2000000002081,last_tvt_minus_100,last_tvt_plus_100,0.030000000000654836,0.1,0.005,0.06000000000130967,1.1900000000005093,0.0008205689277899343,1.0,1.0,1.0,0.0,0.0,0.06000000000000002,0.06,0.06000000000000002,0.06
4c2208f5,12672.98,11902.45,12987.45,12572.98,12773.180000000208,573,200.2000000002081,last_tvt_minus_100,last_tvt_plus_100,0.040000000000873115,0.1,0.005,0.06000000000130967,0.15999999999985448,0.009658246656760773,1.0,1.0,1.0,0.0,0.0,0.06000000000000001,0.06,0.06000000000000001,0.06
4c3168cf,11997.88,11322.95,12181.95,11897.88,12098.080000000207,573,200.2000000002081,last_tvt_minus_100,last_tvt_plus_100,0.029999999998835847,0.1,0.005,0.05999999999949068,1.0900000000001455,0.0009229349330872173,1.0,1.0,1.0,0.0,0.0,0.060000000000000005,0.06,0.060000000000000005,0.06
4c3df468,10942.490000000002,10454.13,11110.62,10842.490000000002,11042.69000000021,573,200.2000000002081,last_tvt_minus_100,last_tvt_plus_100,-0.040000000000873115,0.1,0.005,0.07000000000152795,0.09000000000014552,0.0,1.0,1.0,1.0,0.0,0.0,0.06000000000000002,0.06,0.06000000000000002,0.06
4caa7289,11191.1,10679.95,11366.45,11091.1,11291.300000000208,573,200.2000000002081,last_tvt_minus_100,last_tvt_plus_100,0.020000000000436557,0.1,0.005,0.06999999999970896,0.12000000000261934,0.004262416604892513,1.0,1.0,1.0,0.0,0.0,0.06000000000000002,0.06,0.06000000000000002,0.06
4cd1ac61,11859.88,10873.9,12051.84,11759.88,11960.080000000207,573,200.2000000002081,last_tvt_minus_100,last_tvt_plus_100,0.049999999999272404,0.1,0.005,0.07000000000152795,0.09000000000196451,0.0,1.0,1.0,1.0,0.0,0.0,0.060000000000000005,0.06,0.060000000000000005,0.06
4cecf7b3,12052.16,11491.7,12156.95,11952.16,12152.360000000208,573,200.2000000002081,last_tvt_minus_100,last_tvt_plus_100,0.020000000000436557,0.1,0.005,0.05999999999949068,4.039999999999054,0.0006645622196378136,1.0,1.0,1.0,0.0,0.0,0.06000000000000002,0.06,0.06000000000000002,0.06
4ddde4c1,10958.48,10030.45,11122.45,10858.48,11058.680000000208,573,200.2000000002081,last_tvt_minus_100,last_tvt_plus_100,0.020000000000436557,0.1,0.005,0.050000000001091394,1.6499999999996362,0.004025044722719142,1.0,1.0,1.0,0.0,0.0,0.06000000000000001,0.06,0.06000000000000001,0.06
4e050c92,12048.33,11492.45,12156.95,11948.33,12148.530000000208,573,200.2000000002081,last_tvt_minus_100,last_tvt_plus_100,-0.030000000000654836,0.1,0.005,0.07000000000152795,1.8099999999994907,0.0018893387314439945,1.0,1.0,1.0,0.0,0.0,0.06000000000000002,0.06,0.06000000000000002,0.06
4ed93db6,11373.78,10484.44,11537.41,11273.78,11473.980000000209,573,200.2000000002081,last_tvt_minus_100,last_tvt_plus_100,0.010000000000218279,0.1,0.005,0.050000000001091394,0.07000000000152795,0.0,1.0,1.0,1.0,0.0,0.0,0.060000000000000005,0.06,0.060000000000000005,0.06
4f3eb9e9,11349.63,11128.21,11537.41,11249.63,11449.830000000207,573,200.2000000002081,last_tvt_minus_100,last_tvt_plus_100,0.029999999998835847,0.1,0.005,0.050000000001091394,0.07000000000152795,0.0,1.0,1.0,1.0,0.0,0.0,0.06000000000000001,0.06,0.06000000000000001,0.06
4f4ac5ce,11197.18,10544.45,11250.45,11097.18,11290.730000000201,554,193.55000000020118,last_tvt_minus_100,typewell_max_plus_40,0.030000000000654836,0.1,0.005,0.050000000001091394,1.179999999998472,0.000581170089112747,1.0,1.0,1.0,0.0,0.0,0.060000000000000005,0.06,0.060000000000000005,0.06
4f4afcc6,11177.65,10605.45,11366.45,11077.65,11277.850000000208,573,200.2000000002081,last_tvt_minus_100,last_tvt_plus_100,-0.030000000000654836,0.1,0.005,0.06000000000312866,0.23999999999978172,0.0001771479185119575,1.0,1.0,1.0,0.0,0.0,0.060000000000000005,0.06,0.060000000000000005,0.06
4f69febf,10941.33,9816.15,11110.62,10841.33,11041.530000000208,573,200.2000000002081,last_tvt_minus_100,last_tvt_plus_100,0.010000000000218279,0.1,0.005,0.049999999999272404,0.8299999999999272,0.0016483516483516484,1.0,1.0,1.0,0.0,0.0,0.06000000000000001,0.06,0.06000000000000001,0.06
4fbe9c06,11207.94,10460.95,11366.45,11107.94,11308.140000000209,573,200.2000000002081,last_tvt_minus_100,last_tvt_plus_100,-0.020000000000436557,0.1,0.005,0.050000000001091394,0.07999999999992724,0.0,1.0,1.0,1.0,0.0,0.0,0.060000000000000026,0.06,0.060000000000000026,0.06
504c8b08,11211.9,10373.83,11350.94,11111.9,11312.100000000208,573,200.2000000002081,last_tvt_minus_100,last_tvt_plus_100,0.010000000000218279,0.1,0.005,0.059999999997671694,0.0900000000037835,0.0,1.0,1.0,1.0,0.0,0.0,0.06000000000000001,0.06,0.06000000000000001,0.06
511e1db0,11183.18,10476.19,11331.96,11083.18,11283.380000000208,573,200.2000000002081,last_tvt_minus_100,last_tvt_plus_100,-0.05999999999949068,0.1,0.005,0.06999999999970896,1.3700000000008004,0.0023554043444124575,1.0,1.0,1.0,0.0,0.0,0.06000000000000002,0.06,0.06000000000000002,0.06
512943b2,11360.12,10594.91,11537.41,11260.12,11460.320000000209,573,200.2000000002081,last_tvt_minus_100,last_tvt_plus_100,-0.020000000000436557,0.1,0.005,0.06000000000130967,0.08000000000174623,0.0,1.0,1.0,1.0,0.0,0.0,0.060000000000000005,0.06,0.060000000000000005,0.06
5138a660,12064.4,11622.7,12156.95,11964.4,12164.600000000208,573,200.2000000002081,last_tvt_minus_100,last_tvt_plus_100,-0.039999999999054126,0.1,0.005,0.07000000000152795,0.7000000000007276,0.0002809778027535825,1.0,1.0,1.0,0.0,0.0,0.06000000000000002,0.06,0.06000000000000002,0.06
516088b7,11463.26,10724.41,11594.55,11363.26,11563.460000000208,573,200.2000000002081,last_tvt_minus_100,last_tvt_plus_100,0.050000000001091394,0.1,0.005,0.05999999999949068,0.08000000000356522,0.0,1.0,1.0,1.0,0.0,0.0,0.06000000000000002,0.06,0.06000000000000002,0.06
521a7819,11225.79,10323.45,11366.45,11125.79,11325.990000000209,573,200.2000000002081,last_tvt_minus_100,last_tvt_plus_100,0.06000000000130967,0.10000000000130968,0.005000000000065484,0.06000000000130967,0.08000000000174623,0.0,1.0,1.0,1.0,0.0,0.0,0.059999999997904514,0.05999999999790449,0.059999999997904514,0.05999999999790449
5254b6db,12042.06,11219.95,12202.95,11942.06,12142.260000000208,573,200.2000000002081,last_tvt_minus_100,last_tvt_plus_100,0.049999999997453415,0.1,0.005,0.050000000001091394,0.06000000000312866,0.0,1.0,1.0,1.0,0.0,0.0,0.06000000000000002,0.06,0.06000000000000002,0.06
529e88ca,11004.46,10143.45,11122.45,10904.46,11104.660000000207,573,200.2000000002081,last_tvt_minus_100,last_tvt_plus_100,0.05999999999949068,0.1,0.005,0.11000000000058208,2.3000000000010914,0.19081065261925667,1.0,1.0,1.0,0.0,0.0,0.06000000000000002,0.06,0.06000000000000002,0.06
52f1e77a,12024.5,11518.45,12181.95,11924.5,12124.700000000208,573,200.2000000002081,last_tvt_minus_100,last_tvt_plus_100,0.020000000000436557,0.1,0.005,0.049999999999272404,1.4200000000018917,0.00045024763619990995,1.0,1.0,1.0,0.0,0.0,0.06,0.06,0.06,0.06
5305524b,10943.14,10442.990000000002,11077.56,10843.14,11043.340000000208,573,200.2000000002081,last_tvt_minus_100,last_tvt_plus_100,0.039999999999054126,0.1,0.005,0.09000000000196451,0.16000000000167347,0.04042466312780727,1.0,1.0,1.0,0.0,0.0,0.06,0.06,0.06,0.06
53134831,12206.570000000002,11277.86,12325.65,12106.570000000002,12306.77000000021,573,200.2000000002081,last_tvt_minus_100,last_tvt_plus_100,-0.040000000000873115,0.1,0.005,0.040000000002692104,0.32999999999992724,0.00019508388607101054,1.0,1.0,1.0,0.0,0.0,0.06000000000000001,0.06,0.06000000000000001,0.06
5397ceb1,11402.9,10829.95,11591.95,11302.9,11503.100000000208,573,200.2000000002081,last_tvt_minus_100,last_tvt_plus_100,-0.029999999998835847,0.1,0.005,0.05999999999949068,0.13000000000101863,0.007992388201712655,1.0,1.0,1.0,0.0,0.0,0.06000000000000001,0.06,0.06000000000000001,0.06
53f23031,11389.73,10680.95,11591.95,11289.73,11489.930000000208,573,200.2000000002081,last_tvt_minus_100,last_tvt_plus_100,-0.029999999998835847,0.1,0.005,0.050000000001091394,0.1000000000003638,0.00011695906432748539,1.0,1.0,1.0,0.0,0.0,0.06000000000000001,0.06,0.06000000000000001,0.06
543198e8,10978.35,10140.46,11145.28,10878.35,11078.550000000208,573,200.2000000002081,last_tvt_minus_100,last_tvt_plus_100,0.050000000001091394,0.1,0.005,0.07999999999992724,0.11000000000058208,0.007688759034291865,1.0,1.0,1.0,0.0,0.0,0.06000000000000002,0.06,0.06000000000000002,0.06
54753541,10775.6,10256.65,10881.6,10675.6,10875.800000000208,573,200.2000000002081,last_tvt_minus_100,last_tvt_plus_100,-0.030000000000654836,0.1,0.005,0.049999999999272404,0.07000000000152795,0.0,1.0,1.0,1.0,0.0,0.0,0.06000000000000002,0.06,0.06000000000000002,0.06
54a7e3c2,11158.45,10507.54,11311.5,11058.45,11258.650000000209,573,200.2000000002081,last_tvt_minus_100,last_tvt_plus_100,0.039999999999054126,0.1,0.005,0.05999999999949068,0.07000000000152795,0.0,1.0,1.0,1.0,0.0,0.0,0.06000000000000001,0.06,0.06000000000000001,0.06
5542c301,10979.91,10078.47,11145.28,10879.91,11080.110000000208,573,200.2000000002081,last_tvt_minus_100,last_tvt_plus_100,0.040000000000873115,0.1,0.005,0.06000000000130967,0.08000000000174623,0.0,1.0,1.0,1.0,0.0,0.0,0.060000000000000026,0.06,0.060000000000000026,0.06
5567d551,11415.03,10869.39,11594.55,11315.03,11515.230000000209,573,200.2000000002081,last_tvt_minus_100,last_tvt_plus_100,0.030000000000654836,0.1,0.005,0.05999999999949068,1.2700000000004366,0.0010161126433444621,1.0,1.0,1.0,0.0,0.0,0.06000000000000002,0.06,0.06000000000000002,0.06
55efee7f,11228.11,10391.02,11331.96,11128.11,11328.310000000209,573,200.2000000002081,last_tvt_minus_100,last_tvt_plus_100,0.06999999999788997,0.10999999999788998,0.005499999999894499,0.06999999999970896,0.08000000000174623,0.0,1.0,1.0,1.0,0.0,0.0,0.0461157024818753,0.046115702481875284,0.0461157024818753,0.046115702481875284
5663b2b7,12055.54,11117.95,12202.95,11955.54,12155.740000000209,573,200.2000000002081,last_tvt_minus_100,last_tvt_plus_100,0.020000000000436557,0.1,0.005,0.07999999999810825,0.47000000000116415,0.0008045052292839903,1.0,1.0,1.0,0.0,0.0,0.06000000000000001,0.06,0.06000000000000001,0.06
5693dde2,12249.48,11744.79,12325.65,12149.48,12349.680000000208,573,200.2000000002081,last_tvt_minus_100,last_tvt_plus_100,-0.040000000000873115,0.1,0.005,0.09000000000014552,0.10000000000218279,0.008314220183486239,1.0,1.0,1.0,0.0,0.0,0.060000000000000026,0.06,0.060000000000000026,0.06
56b00794,10989.23,10573.34,11145.28,10889.23,11089.430000000208,573,200.2000000002081,last_tvt_minus_100,last_tvt_plus_100,-0.029999999998835847,0.1,0.005,0.030000000000654836,0.07000000000152795,0.0,1.0,1.0,1.0,0.0,0.0,0.06000000000000001,0.06,0.06000000000000001,0.06
57796579,11192.64,10329.83,11331.96,11092.64,11292.840000000208,573,200.2000000002081,last_tvt_minus_100,last_tvt_plus_100,0.049999999999272404,0.1,0.005,0.05999999999949068,1.389999999999418,0.0005093378607809847,1.0,1.0,1.0,0.0,0.0,0.06000000000000002,0.06,0.06000000000000002,0.06
577eec7c,10062.71,9413.35,10236.85,9962.71,10162.910000000207,573,200.2000000002081,last_tvt_minus_100,last_tvt_plus_100,-0.030000000000654836,0.1,0.005,0.06999999999970896,4.140000000001237,0.0006609385327164573,1.0,1.0,1.0,0.0,0.0,0.060000000000000005,0.06,0.060000000000000005,0.06
57f05c51,12664.45,11787.38,12976.83,12564.45,12764.650000000209,573,200.2000000002081,last_tvt_minus_100,last_tvt_plus_100,-0.020000000000436557,0.1,0.005,0.07000000000243745,0.10000000000218279,0.0020959966464053656,1.0,1.0,1.0,0.0,0.0,0.06000000000000001,0.06,0.06000000000000001,0.06
58850d2c,12526.59,11715.09,12652.570000000002,12426.59,12626.790000000208,573,200.2000000002081,last_tvt_minus_100,last_tvt_plus_100,0.0,0.1,0.005,0.030000000000654836,0.06000000000130967,0.0,1.0,1.0,1.0,0.0,0.0,0.06000000000000001,0.06,0.06000000000000001,0.06
58fa8486,12052.81,11256.45,12202.95,11952.81,12153.010000000208,573,200.2000000002081,last_tvt_minus_100,last_tvt_plus_100,0.030000000000654836,0.1,0.005,0.040000000002692104,1.109999999998763,0.000223463687150838,1.0,1.0,1.0,0.0,0.0,0.06,0.06,0.06,0.06
591cc951,11212.45,10332.08,11331.96,11112.45,11312.650000000209,573,200.2000000002081,last_tvt_minus_100,last_tvt_plus_100,0.049999999999272404,0.1,0.005,0.07999999999992724,0.09000000000196451,0.0,1.0,1.0,1.0,0.0,0.0,0.060000000000000005,0.06,0.060000000000000005,0.06
593876b6,11369.77,10828.33,11537.41,11269.77,11469.970000000209,573,200.2000000002081,last_tvt_minus_100,last_tvt_plus_100,-0.010000000000218279,0.1,0.005,0.050000000001091394,0.31999999999970896,0.0037174721189591076,1.0,1.0,1.0,0.0,0.0,0.06,0.06,0.06,0.06
59f8b2e8,11509.990000000002,10787.95,11651.45,11409.990000000002,11610.19000000021,573,200.2000000002081,last_tvt_minus_100,last_tvt_plus_100,-0.039999999999054126,0.1,0.005,0.05999999999949068,1.7200000000011642,0.0002668801708033093,1.0,1.0,1.0,0.0,0.0,0.060000000000000026,0.06,0.060000000000000026,0.06
5a1a8fd8,12020.75,11336.7,12156.95,11920.75,12120.950000000208,573,200.2000000002081,last_tvt_minus_100,last_tvt_plus_100,-0.030000000000654836,0.1,0.005,0.040000000000873115,0.07000000000152795,0.0,1.0,1.0,1.0,0.0,0.0,0.060000000000000005,0.06,0.060000000000000005,0.06
5a5269a9,11404.87,10826.33,11537.41,11304.87,11505.070000000209,573,200.2000000002081,last_tvt_minus_100,last_tvt_plus_100,-0.050000000001091394,0.1,0.005,0.07999999999992724,2.139999999999418,0.004299094119453401,1.0,1.0,1.0,0.0,0.0,0.06000000000000001,0.06,0.06000000000000001,0.06
5a5d1982,11200.16,10497.45,11366.45,11100.16,11300.360000000208,573,200.2000000002081,last_tvt_minus_100,last_tvt_plus_100,-0.039999999999054126,0.1,0.005,0.050000000001091394,0.06000000000312866,0.0,1.0,1.0,1.0,0.0,0.0,0.060000000000000026,0.06,0.060000000000000026,0.06
5a63b5d1,11512.320000000002,10744.95,11651.45,11412.320000000002,11612.52000000021,573,200.2000000002081,last_tvt_minus_100,last_tvt_plus_100,0.020000000000436557,0.1,0.005,0.040000000000873115,0.06000000000130967,0.0,1.0,1.0,1.0,0.0,0.0,0.06000000000000002,0.06,0.06000000000000002,0.06
5aa03df7,11330.0,10373.06,11510.29,11230.0,11430.200000000208,573,200.2000000002081,last_tvt_minus_100,last_tvt_plus_100,-0.020000000000436557,0.1,0.005,0.06000000000130967,0.1400000000012369,0.014165469102853623,1.0,1.0,1.0,0.0,0.0,0.06000000000000001,0.06,0.06000000000000001,0.06
5aa403d0,10960.64,10294.9,11145.28,10860.64,11060.840000000208,573,200.2000000002081,last_tvt_minus_100,last_tvt_plus_100,0.049999999999272404,0.1,0.005,0.07000000000152795,0.6500000000014552,0.012828736369467608,1.0,1.0,1.0,0.0,0.0,0.06000000000000001,0.06,0.06000000000000001,0.06
5aef5c6c,11323.1,10541.45,11362.45,11223.1,11402.650000000187,514,179.55000000018663,last_tvt_minus_100,typewell_max_plus_40,-0.020000000000436557,0.1,0.005,0.06000000000130967,0.17000000000007276,0.018263377122717077,1.0,1.0,1.0,0.0,0.0,0.06000000000000002,0.06,0.06000000000000002,0.06
5b7b6324,12518.5,12014.45,12748.95,12418.5,12618.700000000208,573,200.2000000002081,last_tvt_minus_100,last_tvt_plus_100,0.030000000000654836,0.1,0.005,0.06000000000130967,0.10000000000218279,0.0013711151736745886,1.0,1.0,1.0,0.0,0.0,0.060000000000000026,0.06,0.060000000000000026,0.06
5bd25f59,10803.98,9824.61,10956.570000000002,10703.98,10904.180000000208,573,200.2000000002081,last_tvt_minus_100,last_tvt_plus_100,0.050000000001091394,0.1,0.005,0.08000000000174623,0.11000000000240107,0.020665083135391924,1.0,1.0,1.0,0.0,0.0,0.06000000000000002,0.06,0.06000000000000002,0.06
5beded95,11412.820000000002,10642.42,11594.55,11312.820000000002,11513.02000000021,573,200.2000000002081,last_tvt_minus_100,last_tvt_plus_100,-0.040000000000873115,0.1,0.005,0.050000000001091394,1.5999999999985448,0.0009813542688910696,1.0,1.0,1.0,0.0,0.0,0.06000000000000001,0.06,0.06000000000000001,0.06
5cb483ac,11997.63,11512.2,12156.95,11897.63,12097.830000000207,573,200.2000000002081,last_tvt_minus_100,last_tvt_plus_100,-0.029999999998835847,0.1,0.005,0.06000000000130967,0.18000000000211003,0.0010384215991692627,1.0,1.0,1.0,0.0,0.0,0.060000000000000026,0.06,0.060000000000000026,0.06
5cdd8dbc,11189.87,10472.81,11350.94,11089.87,11290.070000000209,573,200.2000000002081,last_tvt_minus_100,last_tvt_plus_100,0.010000000002037268,0.1,0.005,0.050000000001091394,0.06000000000312866,0.0,1.0,1.0,1.0,0.0,0.0,0.060000000000000026,0.06,0.060000000000000026,0.06
5d11dfb5,12220.12,11383.45,12418.45,12120.12,12320.320000000209,573,200.2000000002081,last_tvt_minus_100,last_tvt_plus_100,0.029999999998835847,0.1,0.005,0.05999999999949068,1.4400000000005093,0.0013570822731128074,1.0,1.0,1.0,0.0,0.0,0.06000000000000002,0.06,0.06000000000000002,0.06
5d7198fd,12239.46,11971.92,12325.65,12139.46,12339.660000000207,573,200.2000000002081,last_tvt_minus_100,last_tvt_plus_100,0.049999999999272404,0.1,0.005,0.06999999999970896,1.4799999999995634,0.0002969121140142518,1.0,1.0,1.0,0.0,0.0,0.06000000000000002,0.06,0.06000000000000002,0.06
5def1ce5,11183.3,10608.95,11366.45,11083.3,11283.500000000207,573,200.2000000002081,last_tvt_minus_100,last_tvt_plus_100,-0.00999999999839929,0.1,0.005,0.07999999999810825,0.2900000000008731,0.012882197733974856,1.0,1.0,1.0,0.0,0.0,0.060000000000000026,0.06,0.060000000000000026,0.06
5eae34a8,10895.45,10170.45,10920.45,10795.45,10960.650000000172,473,165.2000000001717,last_tvt_minus_100,typewell_max_plus_40,-0.030000000000654836,0.1,0.005,0.049999999999272404,0.06999999999970896,0.0,1.0,1.0,1.0,0.0,0.0,0.060000000000000005,0.06,0.060000000000000005,0.06
5f4d2a52,10865.83,10058.34,11021.27,10765.83,10966.030000000208,573,200.2000000002081,last_tvt_minus_100,last_tvt_plus_100,0.030000000000654836,0.1,0.005,0.05999999999949068,4.56000000000131,0.0005741626794258373,1.0,1.0,1.0,0.0,0.0,0.06,0.06,0.06,0.06
5f6756c5,12202.3,11239.87,12325.65,12102.3,12302.500000000207,573,200.2000000002081,last_tvt_minus_100,last_tvt_plus_100,0.019999999998617568,0.1,0.005,0.06000000000130967,0.08000000000174623,0.0,1.0,1.0,1.0,0.0,0.0,0.06000000000000002,0.06,0.06000000000000002,0.06
5f75f796,12769.39,11899.95,12873.45,12669.39,12869.590000000208,573,200.2000000002081,last_tvt_minus_100,last_tvt_plus_100,0.030000000000654836,0.1,0.005,0.050000000001091394,0.07000000000152795,0.0,1.0,1.0,1.0,0.0,0.0,0.060000000000000005,0.06,0.060000000000000005,0.06
5fb1c15f,11012.240000000002,10197.44,11145.28,10912.240000000002,11112.44000000021,573,200.2000000002081,last_tvt_minus_100,last_tvt_plus_100,0.049999999999272404,0.1,0.005,0.06999999999970896,0.08000000000174623,0.0,1.0,1.0,1.0,0.0,0.0,0.06000000000000002,0.06,0.06000000000000002,0.06
5fffa282,11435.87,10516.42,11594.55,11335.87,11536.070000000209,573,200.2000000002081,last_tvt_minus_100,last_tvt_plus_100,-0.020000000000436557,0.1,0.005,0.06000000000130967,0.15999999999985448,0.00238038562247084,1.0,1.0,1.0,0.0,0.0,0.06000000000000001,0.06,0.06000000000000001,0.06
60e37807,11424.490000000002,10489.95,11591.95,11324.490000000002,11524.69000000021,573,200.2000000002081,last_tvt_minus_100,last_tvt_plus_100,0.039999999999054126,0.1,0.005,0.09000000000196451,0.12000000000080036,0.033345683586513526,1.0,1.0,1.0,0.0,0.0,0.06000000000000001,0.06,0.06000000000000001,0.06
61f27424,12146.12,11019.45,12418.45,12046.12,12246.320000000209,573,200.2000000002081,last_tvt_minus_100,last_tvt_plus_100,0.030000000000654836,0.1,0.005,0.049999999999272404,0.07000000000152795,0.0,1.0,1.0,1.0,0.0,0.0,0.060000000000000026,0.06,0.060000000000000026,0.06
62569ae3,11952.04,11270.45,12181.95,11852.04,12052.240000000209,573,200.2000000002081,last_tvt_minus_100,last_tvt_plus_100,-0.010000000002037268,0.1,0.005,0.040000000000873115,0.05000000000291038,0.0,1.0,1.0,1.0,0.0,0.0,0.060000000000000026,0.06,0.060000000000000026,0.06
62a6f539,11200.51,10536.8,11350.94,11100.51,11300.710000000208,573,200.2000000002081,last_tvt_minus_100,last_tvt_plus_100,0.030000000000654836,0.1,0.005,0.050000000001091394,0.06000000000130967,0.0,1.0,1.0,1.0,0.0,0.0,0.06000000000000002,0.06,0.06000000000000002,0.06
633774dc,11153.89,10376.55,11311.5,11053.89,11254.090000000208,573,200.2000000002081,last_tvt_minus_100,last_tvt_plus_100,0.020000000000436557,0.1,0.005,0.05999999999949068,0.1000000000003638,0.0009626183218353923,1.0,1.0,1.0,0.0,0.0,0.06000000000000002,0.06,0.06000000000000002,0.06
63559d57,12133.94,11469.34,12325.65,12033.94,12234.140000000209,573,200.2000000002081,last_tvt_minus_100,last_tvt_plus_100,-0.05000000000291038,0.1,0.005,0.07999999999992724,0.11000000000058208,0.006635536986974687,1.0,1.0,1.0,0.0,0.0,0.060000000000000026,0.06,0.060000000000000026,0.06
647f2a41,11897.17,11009.4,12051.84,11797.17,11997.370000000208,573,200.2000000002081,last_tvt_minus_100,last_tvt_plus_100,-0.020000000000436557,0.1,0.005,0.05999999999949068,0.1500000000014552,0.002576655501159495,1.0,1.0,1.0,0.0,0.0,0.060000000000000026,0.06,0.060000000000000026,0.06
65156b96,11031.26,10214.93,11145.28,10931.26,11131.460000000208,573,200.2000000002081,last_tvt_minus_100,last_tvt_plus_100,-0.049999999999272404,0.1,0.005,0.07999999999992724,0.10000000000400178,0.003725551071095933,1.0,1.0,1.0,0.0,0.0,0.06000000000000001,0.06,0.06000000000000001,0.06
653612bc,11959.97,11523.45,12181.95,11859.97,12060.170000000207,573,200.2000000002081,last_tvt_minus_100,last_tvt_plus_100,-0.019999999998617568,0.1,0.005,0.040000000000873115,2.5200000000004366,0.001737242128121607,1.0,1.0,1.0,0.0,0.0,0.060000000000000005,0.06,0.060000000000000005,0.06
656a067b,11020.21,10152.95,11122.45,10920.21,11120.410000000207,573,200.2000000002081,last_tvt_minus_100,last_tvt_plus_100,0.049999999999272404,0.1,0.005,0.08999999999832653,0.930000000000291,0.01638806948541462,1.0,1.0,1.0,0.0,0.0,0.06000000000000001,0.06,0.06000000000000001,0.06
65a5466a,10846.09,10316.09,10956.570000000002,10746.09,10946.290000000208,573,200.2000000002081,last_tvt_minus_100,last_tvt_plus_100,-0.029999999998835847,0.1,0.005,0.05999999999949068,0.09000000000196451,0.0,1.0,1.0,1.0,0.0,0.0,0.060000000000000005,0.06,0.060000000000000005,0.06
660d9546,12012.35,11553.95,12181.95,11912.35,12112.550000000208,573,200.2000000002081,last_tvt_minus_100,last_tvt_plus_100,-0.029999999998835847,0.1,0.005,0.040000000000873115,2.780000000000655,0.001267962806424345,1.0,1.0,1.0,0.0,0.0,0.060000000000000005,0.06,0.060000000000000005,0.06
6767c111,11039.61,10342.45,11122.45,10939.61,11139.810000000209,573,200.2000000002081,last_tvt_minus_100,last_tvt_plus_100,0.06999999999970896,0.10999999999970897,0.005499999999985449,0.12000000000080036,3.7400000000016007,0.06442577030812324,1.0,1.0,1.0,0.0,0.0,0.04611570247968867,0.04611570247968867,0.04611570247968867,0.04611570247968867
67847288,12541.94,11755.95,12748.95,12441.94,12642.140000000209,573,200.2000000002081,last_tvt_minus_100,last_tvt_plus_100,0.05999999999949068,0.1,0.005,0.049999999999272404,0.680000000000291,0.009691748552968098,1.0,1.0,1.0,0.0,0.0,0.060000000000000026,0.06,0.060000000000000026,0.06
67a8da4a,12662.68,11929.45,12873.45,12562.68,12762.880000000208,573,200.2000000002081,last_tvt_minus_100,last_tvt_plus_100,0.039999999999054126,0.1,0.005,0.06000000000130967,2.959999999999127,0.011810221950722868,1.0,1.0,1.0,0.0,0.0,0.06000000000000002,0.06,0.06000000000000002,0.06
684a6fc1,10929.02,10210.45,11136.45,10829.02,11029.220000000209,573,200.2000000002081,last_tvt_minus_100,last_tvt_plus_100,-0.020000000000436557,0.1,0.005,0.040000000000873115,0.08000000000174623,0.0,1.0,1.0,1.0,0.0,0.0,0.060000000000000005,0.06,0.060000000000000005,0.06
698930d1,11032.97,10175.95,11122.45,10932.97,11133.170000000207,573,200.2000000002081,last_tvt_minus_100,last_tvt_plus_100,0.049999999999272404,0.1,0.005,0.050000000001091394,1.0599999999994907,0.0004218519299725796,1.0,1.0,1.0,0.0,0.0,0.060000000000000005,0.06,0.060000000000000005,0.06
699ea575,11991.05,11523.95,12156.95,11891.05,12091.250000000207,573,200.2000000002081,last_tvt_minus_100,last_tvt_plus_100,0.020000000000436557,0.1,0.005,0.049999999999272404,0.4599999999991269,0.0012135922330097086,1.0,1.0,1.0,0.0,0.0,0.060000000000000026,0.06,0.060000000000000026,0.06
69c1bdad,11414.38,10667.42,11594.55,11314.38,11514.580000000207,573,200.2000000002081,last_tvt_minus_100,last_tvt_plus_100,0.020000000000436557,0.1,0.005,0.049999999999272404,0.06000000000312866,0.0,1.0,1.0,1.0,0.0,0.0,0.06000000000000001,0.06,0.06000000000000001,0.06
69e41fa6,12051.81,11551.45,12181.95,11951.81,12152.010000000208,573,200.2000000002081,last_tvt_minus_100,last_tvt_plus_100,-0.019999999998617568,0.1,0.005,0.050000000001091394,4.56999999999789,0.000693000693000693,1.0,1.0,1.0,0.0,0.0,0.06000000000000001,0.06,0.06000000000000001,0.06
6a0ff78e,11206.01,10688.95,11366.45,11106.01,11306.210000000208,573,200.2000000002081,last_tvt_minus_100,last_tvt_plus_100,0.010000000000218279,0.1,0.005,0.050000000001091394,0.19000000000050932,0.00015467904098994585,1.0,1.0,1.0,0.0,0.0,0.060000000000000026,0.06,0.060000000000000026,0.06
6a8fa194,11989.88,11298.95,12202.95,11889.88,12090.080000000207,573,200.2000000002081,last_tvt_minus_100,last_tvt_plus_100,0.010000000000218279,0.1,0.005,0.09000000000014552,0.12000000000080036,0.02121312562147829,1.0,1.0,1.0,0.0,0.0,0.06000000000000001,0.06,0.06000000000000001,0.06
6ae68655,12126.45,11782.62,12285.1,12026.45,12226.650000000209,573,200.2000000002081,last_tvt_minus_100,last_tvt_plus_100,0.039999999999054126,0.1,0.005,0.09000000000014552,0.11000000000240107,0.024738344433872503,1.0,1.0,1.0,0.0,0.0,0.06000000000000002,0.06,0.06000000000000002,0.06
6d1d74e1,10962.94,10515.63,11110.62,10862.94,11063.140000000209,573,200.2000000002081,last_tvt_minus_100,last_tvt_plus_100,-0.05999999999949068,0.1,0.005,0.09000000000014552,0.7700000000004366,0.017324185248713552,1.0,1.0,1.0,0.0,0.0,0.06000000000000001,0.06,0.06000000000000001,0.06
6d590e26,11374.69,10566.92,11537.41,11274.69,11474.890000000209,573,200.2000000002081,last_tvt_minus_100,last_tvt_plus_100,0.050000000001091394,0.1,0.005,0.06999999999970896,0.08000000000174623,0.0,1.0,1.0,1.0,0.0,0.0,0.06000000000000002,0.06,0.06000000000000002,0.06
6d6d93af,11522.62,10929.45,11651.45,11422.62,11622.820000000209,573,200.2000000002081,last_tvt_minus_100,last_tvt_plus_100,-0.030000000002473826,0.1,0.005,0.07000000000152795,0.1400000000012369,0.007510431154381085,1.0,1.0,1.0,0.0,0.0,0.06000000000000002,0.06,0.06000000000000002,0.06
6dbe4b60,11397.76,10606.9,11537.41,11297.76,11497.960000000208,573,200.2000000002081,last_tvt_minus_100,last_tvt_plus_100,-0.020000000000436557,0.1,0.005,0.05999999999949068,1.8799999999973807,0.0008605851979345956,1.0,1.0,1.0,0.0,0.0,0.06,0.06,0.06,0.06
6e6d122c,12263.45,11716.95,12366.95,12163.45,12363.650000000209,573,200.2000000002081,last_tvt_minus_100,last_tvt_plus_100,-0.010000000000218279,0.1,0.005,0.050000000001091394,2.8000000000010914,0.0001775568181818182,1.0,1.0,1.0,0.0,0.0,0.06000000000000001,0.06,0.06000000000000001,0.06
6e9ccd38,10690.94,10359.95,10845.45,10590.94,10791.140000000209,573,200.2000000002081,last_tvt_minus_100,last_tvt_plus_100,0.029999999998835847,0.1,0.005,0.049999999999272404,1.0400000000008731,0.0003622313450857281,1.0,1.0,1.0,0.0,0.0,0.060000000000000026,0.06,0.060000000000000026,0.06
6ea22614,10866.070000000002,9931.36,11021.27,10766.070000000002,10966.27000000021,573,200.2000000002081,last_tvt_minus_100,last_tvt_plus_100,-0.010000000000218279,0.1,0.005,0.05999999999949068,0.07000000000152795,0.0,1.0,1.0,1.0,0.0,0.0,0.06000000000000002,0.06,0.06000000000000002,0.06
6ede926a,11196.3,10527.95,11366.45,11096.3,11296.500000000207,573,200.2000000002081,last_tvt_minus_100,last_tvt_plus_100,0.07999999999992724,0.11999999999992725,0.005999999999996362,0.05999999999949068,0.2000000000007276,0.005062778452814905,1.0,1.0,1.0,0.0,0.0,0.0355555555556229,0.035555555555622904,0.0355555555556229,0.035555555555622904
708caea9,11014.1,10117.95,11122.45,10914.1,11114.300000000208,573,200.2000000002081,last_tvt_minus_100,last_tvt_plus_100,0.05999999999949068,0.1,0.005,0.11000000000058208,5.430000000000291,0.16264508246792914,1.0,1.0,1.0,0.0,0.0,0.06000000000000002,0.06,0.06000000000000002,0.06
70925e23,12705.63,11711.45,12873.45,12605.63,12805.830000000207,573,200.2000000002081,last_tvt_minus_100,last_tvt_plus_100,0.039999999999054126,0.1,0.005,0.09000000000014552,6.9099999999998545,0.031108121742054816,1.0,1.0,1.0,0.0,0.0,0.06000000000000002,0.06,0.06000000000000002,0.06
70e1788b,10673.77,9717.45,10845.45,10573.77,10773.970000000209,573,200.2000000002081,last_tvt_minus_100,last_tvt_plus_100,0.029999999998835847,0.1,0.005,0.049999999999272404,0.11000000000240107,0.00678513731825525,1.0,1.0,1.0,0.0,0.0,0.06000000000000001,0.06,0.06000000000000001,0.06
71642c7d,12824.37,11830.45,12981.95,12724.37,12924.570000000209,573,200.2000000002081,last_tvt_minus_100,last_tvt_plus_100,-0.040000000002692104,0.1,0.005,0.05999999999949068,0.07000000000152795,0.0,1.0,1.0,1.0,0.0,0.0,0.06,0.06,0.06,0.06
71ccf778,11983.3,11098.45,12202.95,11883.3,12083.500000000207,573,200.2000000002081,last_tvt_minus_100,last_tvt_plus_100,0.010000000000218279,0.1,0.005,0.07999999999992724,0.10000000000218279,0.00037064492216456633,1.0,1.0,1.0,0.0,0.0,0.06000000000000001,0.06,0.06000000000000001,0.06
7224331b,12174.79,11631.95,12418.45,12074.79,12274.990000000209,573,200.2000000002081,last_tvt_minus_100,last_tvt_plus_100,0.049999999999272404,0.1,0.005,0.06000000000130967,3.7700000000004366,0.002309087910275441,1.0,1.0,1.0,0.0,0.0,0.06000000000000001,0.06,0.06000000000000001,0.06
722cf0d8,10935.75,9916.64,11110.62,10835.75,11035.950000000208,573,200.2000000002081,last_tvt_minus_100,last_tvt_plus_100,0.029999999998835847,0.1,0.005,0.05999999999949068,0.11999999999898137,0.00019443904335990667,1.0,1.0,1.0,0.0,0.0,0.060000000000000005,0.06,0.060000000000000005,0.06
7256229b,10895.55,10143.33,11021.27,10795.55,10995.750000000207,573,200.2000000002081,last_tvt_minus_100,last_tvt_plus_100,-0.030000000000654836,0.1,0.005,0.06000000000130967,0.12000000000261934,0.004801477377654663,1.0,1.0,1.0,0.0,0.0,0.06000000000000002,0.06,0.06000000000000002,0.06
726f3dc2,11439.94,10581.92,11594.55,11339.94,11540.140000000209,573,200.2000000002081,last_tvt_minus_100,last_tvt_plus_100,0.040000000000873115,0.1,0.005,0.050000000001091394,3.930000000000291,0.004462293618920125,1.0,1.0,1.0,0.0,0.0,0.060000000000000026,0.06,0.060000000000000026,0.06
7271dd80,10983.490000000002,10095.95,11136.45,10883.490000000002,11083.69000000021,573,200.2000000002081,last_tvt_minus_100,last_tvt_plus_100,-0.040000000000873115,0.1,0.005,0.050000000001091394,9.720000000002983,0.0002304147465437788,1.0,1.0,1.0,0.0,0.0,0.06,0.06,0.06,0.06
727a3a10,12738.23,11899.45,12987.45,12638.23,12838.430000000208,573,200.2000000002081,last_tvt_minus_100,last_tvt_plus_100,0.0,0.1,0.005,0.020000000002255547,0.040000000000873115,0.0,1.0,1.0,1.0,0.0,0.0,0.06000000000000001,0.06,0.06000000000000001,0.06
729665c0,11859.08,11281.4,12051.84,11759.08,11959.280000000208,573,200.2000000002081,last_tvt_minus_100,last_tvt_plus_100,-0.020000000000436557,0.1,0.005,0.06000000000130967,1.75,0.0150129017124091,1.0,1.0,1.0,0.0,0.0,0.060000000000000005,0.06,0.060000000000000005,0.06
729e9750,10959.53,10389.63,11110.62,10859.53,11059.730000000209,573,200.2000000002081,last_tvt_minus_100,last_tvt_plus_100,-0.029999999998835847,0.1,0.005,0.050000000001091394,1.06999999999789,0.00016894745734076703,1.0,1.0,1.0,0.0,0.0,0.06000000000000002,0.06,0.06000000000000002,0.06
729f4217,11223.67,10733.45,11366.45,11123.67,11323.870000000208,573,200.2000000002081,last_tvt_minus_100,last_tvt_plus_100,-0.030000000000654836,0.1,0.005,0.049999999999272404,0.06000000000130967,0.0,1.0,1.0,1.0,0.0,0.0,0.06000000000000002,0.06,0.06000000000000002,0.06
72dd8501,12018.01,11237.7,12156.95,11918.01,12118.210000000208,573,200.2000000002081,last_tvt_minus_100,last_tvt_plus_100,0.020000000002255547,0.1,0.005,0.040000000002692104,1.4600000000009459,0.00038513383400731754,1.0,1.0,1.0,0.0,0.0,0.060000000000000005,0.06,0.060000000000000005,0.06
73348914,12741.68,12383.95,12981.95,12641.68,12841.880000000208,573,200.2000000002081,last_tvt_minus_100,last_tvt_plus_100,-0.05999999999949068,0.1,0.005,0.06000000000130967,6.890000000001237,0.01847903340440654,1.0,1.0,1.0,0.0,0.0,0.06000000000000001,0.06,0.06000000000000001,0.06
739a914f,11387.02,10467.94,11537.41,11287.02,11487.220000000209,573,200.2000000002081,last_tvt_minus_100,last_tvt_plus_100,-0.040000000000873115,0.1,0.005,0.05999999999949068,0.07000000000152795,0.0,1.0,1.0,1.0,0.0,0.0,0.06000000000000001,0.06,0.06000000000000001,0.06
73b1447d,12286.12,11400.45,12366.95,12186.12,12386.320000000209,573,200.2000000002081,last_tvt_minus_100,last_tvt_plus_100,-0.030000000000654836,0.1,0.005,0.06000000000312866,0.10000000000218279,0.0003527336860670194,1.0,1.0,1.0,0.0,0.0,0.060000000000000005,0.06,0.060000000000000005,0.06
74b6186b,10800.5,9982.47,10963.71,10700.5,10900.700000000208,573,200.2000000002081,last_tvt_minus_100,last_tvt_plus_100,0.039999999999054126,0.1,0.005,0.05000000000291038,0.06000000000312866,0.0,1.0,1.0,1.0,0.0,0.0,0.06000000000000002,0.06,0.06000000000000002,0.06
75c20ec7,12203.03,11346.95,12366.95,12103.03,12303.230000000209,573,200.2000000002081,last_tvt_minus_100,last_tvt_plus_100,0.0,0.1,0.005,0.06000000000130967,0.07999999999992724,0.0,1.0,1.0,1.0,0.0,0.0,0.060000000000000005,0.06,0.060000000000000005,0.06
75cd5f11,11215.04,10612.95,11366.45,11115.04,11315.240000000209,573,200.2000000002081,last_tvt_minus_100,last_tvt_plus_100,0.0,0.1,0.005,0.040000000002692104,0.07000000000152795,0.0,1.0,1.0,1.0,0.0,0.0,0.06000000000000001,0.06,0.06000000000000001,0.06
75d20a82,12056.27,11052.95,12202.95,11956.27,12156.470000000209,573,200.2000000002081,last_tvt_minus_100,last_tvt_plus_100,0.020000000000436557,0.1,0.005,0.06999999999970896,0.09000000000196451,0.0,1.0,1.0,1.0,0.0,0.0,0.06,0.06,0.06,0.06
76201745,10618.89,10167.59,10956.570000000002,10518.89,10719.090000000208,573,200.2000000002081,last_tvt_minus_100,last_tvt_plus_100,-0.030000000000654836,0.1,0.005,0.05999999999949068,0.07999999999628926,0.0,1.0,1.0,1.0,0.0,0.0,0.06,0.06,0.06,0.06
764072a5,11178.16,10457.95,11366.45,11078.16,11278.360000000208,573,200.2000000002081,last_tvt_minus_100,last_tvt_plus_100,0.07999999999992724,0.11999999999992725,0.005999999999996362,0.050000000001091394,0.5599999999994907,0.00033909799932180403,1.0,1.0,1.0,0.0,0.0,0.035555555555622904,0.035555555555622904,0.035555555555622904,0.035555555555622904
77b0d905,12205.98,11465.95,12366.95,12105.98,12306.180000000208,573,200.2000000002081,last_tvt_minus_100,last_tvt_plus_100,0.019999999998617568,0.1,0.005,0.050000000001091394,0.07000000000334694,0.0,1.0,1.0,1.0,0.0,0.0,0.06000000000000002,0.06,0.06000000000000002,0.06
77e4821c,11183.9,10674.79,11350.94,11083.9,11284.100000000208,573,200.2000000002081,last_tvt_minus_100,last_tvt_plus_100,-0.05999999999949068,0.1,0.005,0.059999999997671694,0.1499999999978172,0.002781383274615242,1.0,1.0,1.0,0.0,0.0,0.060000000000000005,0.06,0.060000000000000005,0.06
7850c72e,12873.070000000002,11805.38,12976.83,12773.070000000002,12973.27000000021,573,200.2000000002081,last_tvt_minus_100,last_tvt_plus_100,-1.8189894035458565e-12,0.1,0.005,0.07000000000152795,0.10000000000218279,0.0018191740949608877,1.0,1.0,1.0,0.0,0.0,0.06000000000000001,0.06,0.06000000000000001,0.06
78a4a386,11366.86,11209.25,11594.55,11266.86,11467.060000000209,573,200.2000000002081,last_tvt_minus_100,last_tvt_plus_100,0.030000000000654836,0.1,0.005,0.050000000001091394,0.08000000000174623,0.0,1.0,1.0,1.0,0.0,0.0,0.06000000000000001,0.06,0.06000000000000001,0.06
79507629,12559.1,11504.45,12748.95,12459.1,12659.300000000208,573,200.2000000002081,last_tvt_minus_100,last_tvt_plus_100,0.020000000000436557,0.1,0.005,0.05999999999949068,0.4600000000009459,0.005658242172764994,1.0,1.0,1.0,0.0,0.0,0.06,0.06,0.06,0.06
796dbd4c,10897.98,9983.35,11021.27,10797.98,10998.180000000208,573,200.2000000002081,last_tvt_minus_100,last_tvt_plus_100,-0.010000000000218279,0.1,0.005,0.05999999999949068,0.749999999998181,0.00016005121638924455,1.0,1.0,1.0,0.0,0.0,0.06000000000000002,0.06,0.06000000000000002,0.06
7987f2f2,12222.97,11328.61,12325.65,12122.97,12323.170000000207,573,200.2000000002081,last_tvt_minus_100,last_tvt_plus_100,-0.050000000001091394,0.1,0.005,0.06999999999970896,0.08000000000174623,0.0,1.0,1.0,1.0,0.0,0.0,0.06000000000000002,0.06,0.06000000000000002,0.06
7993a768,12156.36,11782.62,12285.1,12056.36,12256.560000000209,573,200.2000000002081,last_tvt_minus_100,last_tvt_plus_100,0.039999999999054126,0.1,0.005,0.040000000000873115,0.050000000001091394,0.0,1.0,1.0,1.0,0.0,0.0,0.060000000000000005,0.06,0.060000000000000005,0.06
7a5660b0,12735.01,11827.35,12874.68,12635.01,12835.210000000208,573,200.2000000002081,last_tvt_minus_100,last_tvt_plus_100,0.020000000000436557,0.1,0.005,0.049999999999272404,0.06000000000130967,0.0,1.0,1.0,1.0,0.0,0.0,0.06,0.06,0.06,0.06
7acda2df,11185.47,10727.28,11350.94,11085.47,11285.670000000207,573,200.2000000002081,last_tvt_minus_100,last_tvt_plus_100,-0.029999999998835847,0.1,0.005,0.06000000000130967,0.09000000000014552,0.0,1.0,1.0,1.0,0.0,0.0,0.06000000000000001,0.06,0.06000000000000001,0.06
7b2c7b3c,11412.39,10869.95,11591.95,11312.39,11512.590000000208,573,200.2000000002081,last_tvt_minus_100,last_tvt_plus_100,0.029999999998835847,0.1,0.005,0.08000000000174623,0.10999999999876309,0.007739938080495356,1.0,1.0,1.0,0.0,0.0,0.060000000000000005,0.06,0.060000000000000005,0.06
7b38844c,12037.26,11542.2,12156.95,11937.26,12137.460000000208,573,200.2000000002081,last_tvt_minus_100,last_tvt_plus_100,-0.030000000000654836,0.1,0.005,0.040000000000873115,4.149999999999636,0.00026673779674579886,1.0,1.0,1.0,0.0,0.0,0.06000000000000003,0.06,0.06000000000000003,0.06
7bb17b96,12009.45,11535.95,12156.95,11909.45,12109.650000000209,573,200.2000000002081,last_tvt_minus_100,last_tvt_plus_100,-0.039999999999054126,0.1,0.005,0.050000000001091394,2.359999999998763,0.0005099439061703213,1.0,1.0,1.0,0.0,0.0,0.060000000000000026,0.06,0.060000000000000026,0.06
7c607683,11213.47,10335.95,11366.45,11113.47,11313.670000000207,573,200.2000000002081,last_tvt_minus_100,last_tvt_plus_100,0.020000000000436557,0.1,0.005,0.050000000001091394,0.07000000000334694,0.0,1.0,1.0,1.0,0.0,0.0,0.06000000000000001,0.06,0.06000000000000001,0.06
7cbbd047,12014.6,11265.2,12156.95,11914.6,12114.800000000208,573,200.2000000002081,last_tvt_minus_100,last_tvt_plus_100,-0.050000000001091394,0.1,0.005,0.06999999999970896,2.5100000000002183,0.0007810974419058778,1.0,1.0,1.0,0.0,0.0,0.06000000000000001,0.06,0.06000000000000001,0.06
7cd4bb31,11192.95,10661.45,11366.45,11092.95,11293.150000000209,573,200.2000000002081,last_tvt_minus_100,last_tvt_plus_100,-0.020000000000436557,0.1,0.005,0.050000000001091394,0.32999999999992724,0.00031060723714862557,1.0,1.0,1.0,0.0,0.0,0.060000000000000026,0.06,0.060000000000000026,0.06
7d50373e,11218.09,10678.45,11366.45,11118.09,11318.290000000208,573,200.2000000002081,last_tvt_minus_100,last_tvt_plus_100,-1.8189894035458565e-12,0.1,0.005,0.049999999999272404,0.5,0.0001952362358453729,1.0,1.0,1.0,0.0,0.0,0.06000000000000001,0.06,0.06000000000000001,0.06
7d57c75d,10794.1,10070.95,11122.45,10694.1,10894.300000000208,573,200.2000000002081,last_tvt_minus_100,last_tvt_plus_100,-0.040000000000873115,0.1,0.005,0.07000000000152795,0.09000000000014552,0.0,1.0,1.0,1.0,0.0,0.0,0.060000000000000005,0.06,0.060000000000000005,0.06
7e208414,12032.75,11514.2,12156.95,11932.75,12132.950000000208,573,200.2000000002081,last_tvt_minus_100,last_tvt_plus_100,-0.020000000000436557,0.1,0.005,0.05999999999949068,0.09000000000196451,0.0,1.0,1.0,1.0,0.0,0.0,0.06000000000000001,0.06,0.06000000000000001,0.06
7e721392,11514.17,10554.95,11651.45,11414.17,11614.370000000208,573,200.2000000002081,last_tvt_minus_100,last_tvt_plus_100,0.020000000000436557,0.1,0.005,0.030000000000654836,0.21999999999934516,0.00032393909944930353,1.0,1.0,1.0,0.0,0.0,0.06000000000000002,0.06,0.06000000000000002,0.06
7ff89f8f,10682.81,9618.95,10845.45,10582.81,10783.010000000208,573,200.2000000002081,last_tvt_minus_100,last_tvt_plus_100,0.020000000000436557,0.1,0.005,0.040000000002692104,0.06000000000312866,0.0,1.0,1.0,1.0,0.0,0.0,0.06000000000000002,0.06,0.06000000000000002,0.06
8050c789,12282.63,11435.95,12366.95,12182.63,12382.830000000207,573,200.2000000002081,last_tvt_minus_100,last_tvt_plus_100,0.040000000000873115,0.1,0.005,0.050000000001091394,0.06000000000312866,0.0,1.0,1.0,1.0,0.0,0.0,0.06000000000000002,0.06,0.06000000000000002,0.06
807f0298,11036.990000000002,10400.95,11122.45,10936.990000000002,11137.19000000021,573,200.2000000002081,last_tvt_minus_100,last_tvt_plus_100,0.06999999999970896,0.10999999999970897,0.005499999999985449,0.1000000000003638,2.0599999999976717,0.02695489725113424,1.0,1.0,1.0,0.0,0.0,0.04611570247968867,0.04611570247968867,0.04611570247968867,0.04611570247968867
811f52b3,11215.77,10336.95,11366.45,11115.77,11315.970000000209,573,200.2000000002081,last_tvt_minus_100,last_tvt_plus_100,0.039999999999054126,0.1,0.005,0.05999999999949068,0.07999999999810825,0.0,1.0,1.0,1.0,0.0,0.0,0.05999999999999999,0.06,0.05999999999999999,0.06
81bf5923,12773.62,11945.45,12987.45,12673.62,12873.820000000209,573,200.2000000002081,last_tvt_minus_100,last_tvt_plus_100,-0.010000000000218279,0.1,0.005,0.029999999998835847,0.05000000000291038,0.0,1.0,1.0,1.0,0.0,0.0,0.06000000000000001,0.06,0.06000000000000001,0.06
81fc01c6,10794.71,9957.47,10963.71,10694.71,10894.910000000207,573,200.2000000002081,last_tvt_minus_100,last_tvt_plus_100,0.030000000000654836,0.1,0.005,0.07000000000334694,4.180000000000291,0.007784735149771535,1.0,1.0,1.0,0.0,0.0,0.06000000000000001,0.06,0.06000000000000001,0.06
8255c867,11151.14,10254.87,11350.94,11051.14,11251.340000000208,573,200.2000000002081,last_tvt_minus_100,last_tvt_plus_100,-0.040000000000873115,0.1,0.005,0.050000000001091394,0.09999999999854481,0.0,1.0,1.0,1.0,0.0,0.0,0.060000000000000026,0.06,0.060000000000000026,0.06
82aab6d2,12160.7,11370.95,12418.45,12060.7,12260.900000000209,573,200.2000000002081,last_tvt_minus_100,last_tvt_plus_100,0.040000000000873115,0.1,0.005,0.05999999999949068,0.07000000000334694,0.0,1.0,1.0,1.0,0.0,0.0,0.06000000000000001,0.06,0.06000000000000001,0.06
82fcf37c,10955.63,10486.63,11110.62,10855.63,11055.830000000207,573,200.2000000002081,last_tvt_minus_100,last_tvt_plus_100,0.020000000000436557,0.1,0.005,0.030000000000654836,0.050000000001091394,0.0,1.0,1.0,1.0,0.0,0.0,0.06000000000000001,0.06,0.06000000000000001,0.06
833af382,11170.19,10392.320000000002,11350.94,11070.19,11270.390000000209,573,200.2000000002081,last_tvt_minus_100,last_tvt_plus_100,-0.010000000002037268,0.1,0.005,0.049999999997453415,0.06999999999970896,0.0,1.0,1.0,1.0,0.0,0.0,0.060000000000000026,0.06,0.060000000000000026,0.06
8382f4b6,11400.77,10888.31,11537.41,11300.77,11500.970000000209,573,200.2000000002081,last_tvt_minus_100,last_tvt_plus_100,0.029999999998835847,0.1,0.005,0.040000000000873115,2.649999999999636,0.0004026575397624321,1.0,1.0,1.0,0.0,0.0,0.060000000000000005,0.06,0.060000000000000005,0.06
84633df4,10877.31,10014.35,11021.27,10777.31,10977.510000000208,573,200.2000000002081,last_tvt_minus_100,last_tvt_plus_100,0.029999999998835847,0.1,0.005,0.06999999999788997,0.7399999999997817,0.00020112630732099757,1.0,1.0,1.0,0.0,0.0,0.06000000000000001,0.06,0.06000000000000001,0.06
8478df29,10921.63,10084.34,11021.27,10821.63,11021.830000000207,573,200.2000000002081,last_tvt_minus_100,last_tvt_plus_100,0.040000000000873115,0.1,0.005,0.07000000000152795,0.1400000000030559,0.0041177681696520484,1.0,1.0,1.0,0.0,0.0,0.060000000000000005,0.06,0.060000000000000005,0.06
84815d5a,11942.31,11048.7,12156.95,11842.31,12042.510000000208,573,200.2000000002081,last_tvt_minus_100,last_tvt_plus_100,0.039999999999054126,0.1,0.005,0.050000000001091394,2.5799999999999272,0.0005483959418700301,1.0,1.0,1.0,0.0,0.0,0.06000000000000002,0.06,0.06000000000000002,0.06
84c3b497,11516.44,10972.45,11651.45,11416.44,11616.640000000209,573,200.2000000002081,last_tvt_minus_100,last_tvt_plus_100,0.030000000000654836,0.1,0.005,0.07999999999992724,6.059999999999491,0.0005647590361445783,1.0,1.0,1.0,0.0,0.0,0.060000000000000005,0.06,0.060000000000000005,0.06
85380836,11195.13,10567.95,11366.45,11095.13,11295.330000000207,573,200.2000000002081,last_tvt_minus_100,last_tvt_plus_100,0.00999999999839929,0.1,0.005,0.050000000001091394,0.09000000000196451,0.0,1.0,1.0,1.0,0.0,0.0,0.06000000000000001,0.06,0.06000000000000001,0.06
8612b37f,11880.09,11233.4,12051.84,11780.09,11980.290000000208,573,200.2000000002081,last_tvt_minus_100,last_tvt_plus_100,0.07999999999992724,0.11999999999992725,0.005999999999996362,0.06999999999970896,0.10000000000218279,0.0,1.0,1.0,1.0,0.0,0.0,0.0355555555556229,0.035555555555622904,0.0355555555556229,0.035555555555622904
861e71df,11389.73,10483.44,11537.41,11289.73,11489.930000000208,573,200.2000000002081,last_tvt_minus_100,last_tvt_plus_100,-0.039999999999054126,0.1,0.005,0.050000000001091394,0.06999999999970896,0.0,1.0,1.0,1.0,0.0,0.0,0.06,0.06,0.06,0.06
86454a6f,12177.94,12044.95,12366.95,12077.94,12278.140000000209,573,200.2000000002081,last_tvt_minus_100,last_tvt_plus_100,-0.049999999999272404,0.1,0.005,0.05999999999949068,0.08000000000174623,0.0,1.0,1.0,1.0,0.0,0.0,0.060000000000000026,0.06,0.060000000000000026,0.06
8648abae,12013.11,11083.2,12156.95,11913.11,12113.310000000209,573,200.2000000002081,last_tvt_minus_100,last_tvt_plus_100,-0.040000000000873115,0.1,0.005,0.06999999999970896,0.6900000000005093,0.000942507068803016,1.0,1.0,1.0,0.0,0.0,0.06000000000000001,0.06,0.06000000000000001,0.06
865033f8,11194.25,10402.320000000002,11350.94,11094.25,11294.450000000208,573,200.2000000002081,last_tvt_minus_100,last_tvt_plus_100,0.030000000000654836,0.1,0.005,0.049999999999272404,0.06999999999970896,0.0,1.0,1.0,1.0,0.0,0.0,0.06000000000000002,0.06,0.06000000000000002,0.06
87695469,10096.98,9255.05,10236.85,9996.98,10197.180000000208,573,200.2000000002081,last_tvt_minus_100,last_tvt_plus_100,0.040000000000873115,0.1,0.005,0.07000000000243745,0.7300000000013824,0.001142367556761388,1.0,1.0,1.0,0.0,0.0,0.060000000000000026,0.06,0.060000000000000026,0.06
877ed19c,11365.28,10566.42,11537.41,11265.28,11465.480000000209,573,200.2000000002081,last_tvt_minus_100,last_tvt_plus_100,-0.05999999999949068,0.1,0.005,0.05999999999949068,0.08000000000174623,0.0,1.0,1.0,1.0,0.0,0.0,0.06000000000000002,0.06,0.06000000000000002,0.06
87aa3730,11212.68,10611.95,11366.45,11112.68,11312.880000000208,573,200.2000000002081,last_tvt_minus_100,last_tvt_plus_100,-0.020000000000436557,0.1,0.005,0.06999999999970896,0.21000000000094587,0.0012484394506866417,1.0,1.0,1.0,0.0,0.0,0.06000000000000001,0.06,0.06000000000000001,0.06
884ecb5f,11173.91,10624.45,11366.45,11073.91,11274.110000000208,573,200.2000000002081,last_tvt_minus_100,last_tvt_plus_100,-0.010000000000218279,0.1,0.005,0.05999999999949068,0.42000000000007276,0.000148720999405116,1.0,1.0,1.0,0.0,0.0,0.060000000000000026,0.06,0.060000000000000026,0.06
8902c3f6,10766.36,10191.15,10881.6,10666.36,10866.560000000209,573,200.2000000002081,last_tvt_minus_100,last_tvt_plus_100,-0.040000000000873115,0.1,0.005,0.050000000001091394,0.16000000000167347,0.002016535591853196,1.0,1.0,1.0,0.0,0.0,0.06000000000000002,0.06,0.06000000000000002,0.06
896d15b9,11945.53,11463.320000000002,12066.820000000002,11845.53,12045.730000000209,573,200.2000000002081,last_tvt_minus_100,last_tvt_plus_100,0.00999999999839929,0.1,0.005,0.06999999999970896,0.08000000000174623,0.0,1.0,1.0,1.0,0.0,0.0,0.060000000000000005,0.06,0.060000000000000005,0.06
8995c945,10986.86,10262.45,11122.45,10886.86,11087.060000000209,573,200.2000000002081,last_tvt_minus_100,last_tvt_plus_100,0.05999999999949068,0.1,0.005,0.13999999999941792,2.359999999996944,0.08596073765615705,1.0,1.0,1.0,0.0,0.0,0.060000000000000026,0.06,0.060000000000000026,0.06
89969c7a,10906.21,10002.85,11021.27,10806.21,11006.410000000207,573,200.2000000002081,last_tvt_minus_100,last_tvt_plus_100,0.039999999999054126,0.1,0.005,0.06000000000312866,3.290000000000873,0.0004042854255104103,1.0,1.0,1.0,0.0,0.0,0.06000000000000001,0.06,0.06000000000000001,0.06
89f1085d,12813.12,12429.070000000002,12991.53,12713.12,12913.320000000209,573,200.2000000002081,last_tvt_minus_100,last_tvt_plus_100,0.06999999999970896,0.10999999999970897,0.005499999999985449,0.06999999999970896,0.09999999999854481,0.0,1.0,1.0,1.0,0.0,0.0,0.046115702479688665,0.04611570247968867,0.046115702479688665,0.04611570247968867
89f36adf,12229.33,11434.59,12325.65,12129.33,12329.530000000208,573,200.2000000002081,last_tvt_minus_100,last_tvt_plus_100,-0.020000000000436557,0.1,0.005,0.030000000002473826,0.07000000000152795,0.0,1.0,1.0,1.0,0.0,0.0,0.06000000000000002,0.06,0.06000000000000002,0.06
89fdb2f2,11951.4,11405.2,12156.95,11851.4,12051.600000000208,573,200.2000000002081,last_tvt_minus_100,last_tvt_plus_100,-0.029999999997016857,0.1,0.005,0.039999999999054126,0.050000000001091394,0.0,1.0,1.0,1.0,0.0,0.0,0.06000000000000002,0.06,0.06000000000000002,0.06
8a3da6d1,12003.01,11177.7,12156.95,11903.01,12103.210000000208,573,200.2000000002081,last_tvt_minus_100,last_tvt_plus_100,0.020000000000436557,0.1,0.005,0.06999999999970896,0.08000000000174623,0.0,1.0,1.0,1.0,0.0,0.0,0.06,0.06,0.06,0.06
8a89da23,11196.6,10550.45,11366.45,11096.6,11296.800000000208,573,200.2000000002081,last_tvt_minus_100,last_tvt_plus_100,-0.030000000000654836,0.1,0.005,0.040000000000873115,0.08999999999832653,0.0,1.0,1.0,1.0,0.0,0.0,0.06000000000000002,0.06,0.06000000000000002,0.06
8a9c8932,11281.12,10760.95,11372.45,11181.12,11381.320000000209,573,200.2000000002081,last_tvt_minus_100,last_tvt_plus_100,0.040000000000873115,0.1,0.005,0.06999999999970896,0.09000000000196451,0.0,1.0,1.0,1.0,0.0,0.0,0.060000000000000005,0.06,0.060000000000000005,0.06
8ac2f237,11360.27,10808.83,11537.41,11260.27,11460.470000000209,573,200.2000000002081,last_tvt_minus_100,last_tvt_plus_100,0.020000000002255547,0.1,0.005,0.040000000000873115,0.15999999999985448,0.00018800526414739614,1.0,1.0,1.0,0.0,0.0,0.060000000000000005,0.06,0.060000000000000005,0.06
8b12bab6,11856.72,10977.9,12051.84,11756.72,11956.920000000207,573,200.2000000002081,last_tvt_minus_100,last_tvt_plus_100,0.039999999999054126,0.1,0.005,0.050000000001091394,0.07000000000152795,0.0,1.0,1.0,1.0,0.0,0.0,0.06000000000000001,0.06,0.06000000000000001,0.06
8b5be31b,10842.45,10001.97,10963.71,10742.45,10942.650000000209,573,200.2000000002081,last_tvt_minus_100,last_tvt_plus_100,0.039999999999054126,0.1,0.005,0.06999999999970896,4.370000000002619,0.0008815232722143865,1.0,1.0,1.0,0.0,0.0,0.06000000000000001,0.06,0.06000000000000001,0.06
8b95d6d1,10775.76,10259.65,10881.6,10675.76,10875.960000000208,573,200.2000000002081,last_tvt_minus_100,last_tvt_plus_100,-0.030000000000654836,0.1,0.005,0.05999999999949068,0.09000000000014552,0.0,1.0,1.0,1.0,0.0,0.0,0.060000000000000026,0.06,0.060000000000000026,0.06
8b9d8326,12247.12,11553.45,12366.95,12147.12,12347.320000000209,573,200.2000000002081,last_tvt_minus_100,last_tvt_plus_100,-0.030000000000654836,0.1,0.005,0.050000000001091394,0.12999999999919964,0.00016225864027259452,1.0,1.0,1.0,0.0,0.0,0.06000000000000001,0.06,0.06000000000000001,0.06
8bb9c1e6,11185.25,10397.95,11366.45,11085.25,11285.450000000208,573,200.2000000002081,last_tvt_minus_100,last_tvt_plus_100,0.040000000000873115,0.1,0.005,0.05999999999949068,0.08000000000174623,0.0,1.0,1.0,1.0,0.0,0.0,0.06,0.06,0.06,0.06
8bda1a11,10968.740000000002,10391.63,11110.62,10868.740000000002,11068.94000000021,573,200.2000000002081,last_tvt_minus_100,last_tvt_plus_100,-0.029999999998835847,0.1,0.005,0.049999999999272404,0.06000000000130967,0.0,1.0,1.0,1.0,0.0,0.0,0.06000000000000002,0.06,0.06000000000000002,0.06
8bfa881d,12181.81,11420.45,12366.95,12081.81,12282.010000000208,573,200.2000000002081,last_tvt_minus_100,last_tvt_plus_100,0.029999999998835847,0.1,0.005,0.050000000001091394,0.07000000000334694,0.0,1.0,1.0,1.0,0.0,0.0,0.06000000000000002,0.06,0.06000000000000002,0.06
8c167025,10764.61,10054.17,10881.6,10664.61,10864.810000000209,573,200.2000000002081,last_tvt_minus_100,last_tvt_plus_100,-0.049999999999272404,0.1,0.005,0.050000000001091394,0.09999999999854481,0.0,1.0,1.0,1.0,0.0,0.0,0.060000000000000005,0.06,0.060000000000000005,0.06
8c8348e8,12446.69,11819.58,12652.570000000002,12346.69,12546.890000000209,573,200.2000000002081,last_tvt_minus_100,last_tvt_plus_100,-0.010000000000218279,0.1,0.005,0.039999999999054126,0.06000000000130967,0.0,1.0,1.0,1.0,0.0,0.0,0.060000000000000026,0.06,0.060000000000000026,0.06
8cc21f01,11753.97,10908.45,11871.45,11653.97,11854.170000000207,573,200.2000000002081,last_tvt_minus_100,last_tvt_plus_100,-0.010000000002037268,0.1,0.005,0.07000000000152795,0.10999999999876309,0.009149357072205737,1.0,1.0,1.0,0.0,0.0,0.060000000000000026,0.06,0.060000000000000026,0.06
8cc800b3,10910.320000000002,10284.83,11021.27,10810.320000000002,11010.52000000021,573,200.2000000002081,last_tvt_minus_100,last_tvt_plus_100,-0.049999999997453415,0.1,0.005,0.07999999999810825,0.10000000000218279,0.002281021897810219,1.0,1.0,1.0,0.0,0.0,0.06000000000000002,0.06,0.06000000000000002,0.06
8d5d46d7,11208.18,10564.45,11366.45,11108.18,11308.380000000208,573,200.2000000002081,last_tvt_minus_100,last_tvt_plus_100,0.029999999998835847,0.1,0.005,0.05999999999949068,0.819999999999709,0.0008688097306689834,1.0,1.0,1.0,0.0,0.0,0.06000000000000001,0.06,0.06000000000000001,0.06
8d92cb49,11423.96,10968.45,11591.95,11323.96,11524.160000000207,573,200.2000000002081,last_tvt_minus_100,last_tvt_plus_100,0.0,0.1,0.005,0.06000000000130967,0.10999999999876309,0.003900808024519365,1.0,1.0,1.0,0.0,0.0,0.060000000000000026,0.06,0.060000000000000026,0.06
8f201368,11169.490000000002,10416.45,11366.45,11069.490000000002,11269.69000000021,573,200.2000000002081,last_tvt_minus_100,last_tvt_plus_100,-1.8189894035458565e-12,0.1,0.005,0.05999999999949068,0.1500000000014552,0.0029925972594109307,1.0,1.0,1.0,0.0,0.0,0.06000000000000001,0.06,0.06000000000000001,0.06
90386ee4,11183.43,10655.95,11366.45,11083.43,11283.630000000208,573,200.2000000002081,last_tvt_minus_100,last_tvt_plus_100,-0.040000000000873115,0.1,0.005,0.049999999999272404,7.010000000000218,0.00026041666666666666,1.0,1.0,1.0,0.0,0.0,0.060000000000000026,0.06,0.060000000000000026,0.06
91abc4c7,10965.71,10060.19,11077.56,10865.71,11065.910000000207,573,200.2000000002081,last_tvt_minus_100,last_tvt_plus_100,0.030000000000654836,0.1,0.005,0.050000000001091394,0.0900000000037835,0.0,1.0,1.0,1.0,0.0,0.0,0.06000000000000002,0.06,0.06000000000000002,0.06
91b301ce,11011.78,10386.37,11145.28,10911.78,11111.980000000209,573,200.2000000002081,last_tvt_minus_100,last_tvt_plus_100,0.050000000001091394,0.1,0.005,0.06999999999970896,3.609999999998763,0.00015220700152207003,1.0,1.0,1.0,0.0,0.0,0.060000000000000026,0.06,0.060000000000000026,0.06
91db7070,12029.18,11397.45,12156.95,11929.18,12129.380000000208,573,200.2000000002081,last_tvt_minus_100,last_tvt_plus_100,-0.029999999998835847,0.1,0.005,0.06999999999970896,1.000000000001819,0.00024551927326295114,1.0,1.0,1.0,0.0,0.0,0.06000000000000002,0.06,0.06000000000000002,0.06
925a7cd1,12096.4,11286.45,12366.95,11996.4,12196.600000000208,573,200.2000000002081,last_tvt_minus_100,last_tvt_plus_100,0.050000000001091394,0.1,0.005,0.06000000000130967,0.09000000000196451,0.0,1.0,1.0,1.0,0.0,0.0,0.06,0.06,0.06,0.06
9283ae69,10981.86,10201.44,11145.28,10881.86,11082.060000000209,573,200.2000000002081,last_tvt_minus_100,last_tvt_plus_100,0.049999999999272404,0.1,0.005,0.06999999999970896,3.030000000000655,0.0011865915158706616,1.0,1.0,1.0,0.0,0.0,0.060000000000000026,0.06,0.060000000000000026,0.06
9298ad5b,11147.6,10392.05,11311.5,11047.6,11247.800000000208,573,200.2000000002081,last_tvt_minus_100,last_tvt_plus_100,0.030000000000654836,0.1,0.005,0.05999999999949068,3.499999999998181,0.0002522704339051463,1.0,1.0,1.0,0.0,0.0,0.060000000000000026,0.06,0.060000000000000026,0.06
9314ff13,11995.94,11374.45,12202.95,11895.94,12096.140000000209,573,200.2000000002081,last_tvt_minus_100,last_tvt_plus_100,0.040000000000873115,0.1,0.005,0.13999999999941792,3.8300000000017462,0.055676855895196505,1.0,1.0,1.0,0.0,0.0,0.06000000000000001,0.06,0.06000000000000001,0.06
93209a3d,11871.78,11280.4,12051.84,11771.78,11971.980000000209,573,200.2000000002081,last_tvt_minus_100,last_tvt_plus_100,0.049999999999272404,0.1,0.005,0.07999999999992724,2.149999999999636,0.00702576112412178,1.0,1.0,1.0,0.0,0.0,0.06000000000000001,0.06,0.06000000000000001,0.06
939d9c34,11860.97,10852.4,12051.84,11760.97,11961.170000000207,573,200.2000000002081,last_tvt_minus_100,last_tvt_plus_100,0.039999999999054126,0.1,0.005,0.06000000000130967,0.21999999999934516,0.013526759458929621,1.0,1.0,1.0,0.0,0.0,0.06000000000000001,0.06,0.06000000000000001,0.06
93f5d2e6,11037.89,10502.85,11145.28,10937.89,11138.090000000208,573,200.2000000002081,last_tvt_minus_100,last_tvt_plus_100,-0.020000000000436557,0.1,0.005,0.07000000000152795,0.3100000000013097,0.014901110810078569,1.0,1.0,1.0,0.0,0.0,0.06000000000000002,0.06,0.06000000000000002,0.06
940a48d9,10918.16,10078.34,11021.27,10818.16,11018.360000000208,573,200.2000000002081,last_tvt_minus_100,last_tvt_plus_100,-0.019999999998617568,0.1,0.005,0.059999999997671694,2.429999999998472,0.0012616704516780217,1.0,1.0,1.0,0.0,0.0,0.06000000000000002,0.06,0.06000000000000002,0.06
940e709a,11031.33,10334.89,11145.28,10931.33,11131.530000000208,573,200.2000000002081,last_tvt_minus_100,last_tvt_plus_100,0.0,0.1,0.005,0.06000000000130967,1.3699999999989814,0.004181600955794504,1.0,1.0,1.0,0.0,0.0,0.06000000000000002,0.06,0.06000000000000002,0.06
9426ec1e,12018.85,11534.95,12156.95,11918.85,12119.050000000208,573,200.2000000002081,last_tvt_minus_100,last_tvt_plus_100,-0.030000000000654836,0.1,0.005,0.05000000000291038,0.7999999999992724,0.0007898894154818325,1.0,1.0,1.0,0.0,0.0,0.060000000000000005,0.06,0.060000000000000005,0.06
94467f50,10764.77,9701.18,10881.6,10664.77,10864.970000000209,573,200.2000000002081,last_tvt_minus_100,last_tvt_plus_100,0.039999999999054126,0.1,0.005,0.05999999999949068,8.180000000000291,0.0006589785831960461,1.0,1.0,1.0,0.0,0.0,0.06000000000000002,0.06,0.06000000000000002,0.06
944f36b9,10850.3,10343.59,10956.570000000002,10750.3,10950.500000000207,573,200.2000000002081,last_tvt_minus_100,last_tvt_plus_100,-0.049999999997453415,0.1,0.005,0.06000000000130967,0.7099999999991269,0.00021598272138228941,1.0,1.0,1.0,0.0,0.0,0.06000000000000001,0.06,0.06000000000000001,0.06
94d813a4,12740.53,11910.45,12873.45,12640.53,12840.730000000209,573,200.2000000002081,last_tvt_minus_100,last_tvt_plus_100,0.020000000000436557,0.1,0.005,0.06000000000130967,6.579999999999927,0.00020631318341242006,1.0,1.0,1.0,0.0,0.0,0.06000000000000001,0.06,0.06000000000000001,0.06
95b559e7,11940.93,11167.95,12181.95,11840.93,12041.130000000208,573,200.2000000002081,last_tvt_minus_100,last_tvt_plus_100,-0.020000000002255547,0.1,0.005,0.049999999999272404,0.07000000000152795,0.0,1.0,1.0,1.0,0.0,0.0,0.06000000000000001,0.06,0.06000000000000001,0.06
95c8427f,11218.09,10388.820000000002,11350.94,11118.09,11318.290000000208,573,200.2000000002081,last_tvt_minus_100,last_tvt_plus_100,0.010000000000218279,0.1,0.005,0.040000000002692104,0.3100000000013097,0.00015785319652722967,1.0,1.0,1.0,0.0,0.0,0.06000000000000002,0.06,0.06000000000000002,0.06
96936c22,12087.070000000002,11374.95,12366.95,11987.070000000002,12187.27000000021,573,200.2000000002081,last_tvt_minus_100,last_tvt_plus_100,0.010000000000218279,0.1,0.005,0.05999999999949068,0.11000000000240107,0.018230723251643755,1.0,1.0,1.0,0.0,0.0,0.06000000000000001,0.06,0.06000000000000001,0.06
96ae5806,12120.820000000002,11326.95,12279.45,12020.820000000002,12221.02000000021,573,200.2000000002081,last_tvt_minus_100,last_tvt_plus_100,-0.039999999999054126,0.1,0.005,0.05999999999949068,2.6299999999991996,0.0007114544160991971,1.0,1.0,1.0,0.0,0.0,0.060000000000000005,0.06,0.060000000000000005,0.06
96b7eea1,11126.92,10307.55,11311.5,11026.92,11227.120000000208,573,200.2000000002081,last_tvt_minus_100,last_tvt_plus_100,0.06999999999970896,0.10999999999970897,0.005499999999985449,0.07000000000152795,0.10000000000218279,0.0,1.0,1.0,1.0,0.0,0.0,0.046115702479688665,0.04611570247968867,0.046115702479688665,0.04611570247968867
9719aa04,10958.39,10145.45,11122.45,10858.39,11058.590000000208,573,200.2000000002081,last_tvt_minus_100,last_tvt_plus_100,0.020000000000436557,0.1,0.005,0.06000000000130967,0.07000000000152795,0.0,1.0,1.0,1.0,0.0,0.0,0.06000000000000001,0.06,0.06000000000000001,0.06
974802e7,10092.6,9441.65,10236.85,9992.6,10192.800000000208,573,200.2000000002081,last_tvt_minus_100,last_tvt_plus_100,0.06000000000130967,0.10000000000130968,0.005000000000065484,0.08999999999832653,0.12000000000261934,0.014205031661817559,1.0,1.0,1.0,0.0,0.0,0.05999999999790449,0.05999999999790449,0.05999999999790449,0.05999999999790449
97cd5bf9,10823.5,10076.47,10963.71,10723.5,10923.700000000208,573,200.2000000002081,last_tvt_minus_100,last_tvt_plus_100,0.030000000000654836,0.1,0.005,0.06000000000130967,0.08000000000174623,0.0,1.0,1.0,1.0,0.0,0.0,0.06000000000000002,0.06,0.06000000000000002,0.06
98177ced,12663.64,11690.88,12976.83,12563.64,12763.840000000208,573,200.2000000002081,last_tvt_minus_100,last_tvt_plus_100,-0.040000000000873115,0.1,0.005,0.06999999999788997,0.1400000000012369,0.005238893545683152,1.0,1.0,1.0,0.0,0.0,0.06000000000000001,0.06,0.06000000000000001,0.06
9896fc0b,10977.98,10370.87,11145.28,10877.98,11078.180000000208,573,200.2000000002081,last_tvt_minus_100,last_tvt_plus_100,0.0,0.1,0.005,0.10000000000218279,0.1500000000014552,0.10959666203059805,1.0,1.0,1.0,0.0,0.0,0.06000000000000002,0.06,0.06000000000000002,0.06
98bc6f66,10947.31,10203.13,11110.62,10847.31,11047.510000000208,573,200.2000000002081,last_tvt_minus_100,last_tvt_plus_100,0.039999999999054126,0.1,0.005,0.040000000000873115,0.06000000000130967,0.0,1.0,1.0,1.0,0.0,0.0,0.06000000000000001,0.06,0.06000000000000001,0.06
992c99e8,11389.55,10549.92,11537.41,11289.55,11489.750000000207,573,200.2000000002081,last_tvt_minus_100,last_tvt_plus_100,0.030000000000654836,0.1,0.005,0.049999999999272404,0.07000000000334694,0.0,1.0,1.0,1.0,0.0,0.0,0.060000000000000005,0.06,0.060000000000000005,0.06
992ce078,11989.02,11172.95,12202.95,11889.02,12089.220000000209,573,200.2000000002081,last_tvt_minus_100,last_tvt_plus_100,0.019999999998617568,0.1,0.005,0.06000000000130967,0.07000000000334694,0.0,1.0,1.0,1.0,0.0,0.0,0.06000000000000001,0.06,0.06000000000000001,0.06
99529c45,11155.73,10358.45,11187.45,11055.73,11227.580000000178,492,171.85000000017862,last_tvt_minus_100,typewell_max_plus_40,0.010000000000218279,0.1,0.005,0.050000000001091394,0.07000000000152795,0.0,1.0,1.0,1.0,0.0,0.0,0.06000000000000002,0.06,0.06000000000000002,0.06
995ff498,11214.69,10557.95,11366.45,11114.69,11314.890000000209,573,200.2000000002081,last_tvt_minus_100,last_tvt_plus_100,0.039999999999054126,0.1,0.005,0.05999999999949068,0.08000000000174623,0.0,1.0,1.0,1.0,0.0,0.0,0.06,0.06,0.06,0.06
999daf80,11143.92,10453.81,11350.94,11043.92,11244.120000000208,573,200.2000000002081,last_tvt_minus_100,last_tvt_plus_100,0.039999999999054126,0.1,0.005,0.049999999999272404,0.08000000000174623,0.0,1.0,1.0,1.0,0.0,0.0,0.06000000000000002,0.06,0.06000000000000002,0.06
9a6b0392,10626.66,9998.1,10956.570000000002,10526.66,10726.860000000208,573,200.2000000002081,last_tvt_minus_100,last_tvt_plus_100,-0.029999999998835847,0.1,0.005,0.050000000001091394,1.0499999999992724,0.0004700352526439483,1.0,1.0,1.0,0.0,0.0,0.06000000000000001,0.06,0.06000000000000001,0.06
9a8ae0d6,11951.2,11343.45,12156.95,11851.2,12051.400000000209,573,200.2000000002081,last_tvt_minus_100,last_tvt_plus_100,-1.8189894035458565e-12,0.1,0.005,0.050000000001091394,0.1000000000003638,0.00015888147442008263,1.0,1.0,1.0,0.0,0.0,0.06000000000000002,0.06,0.06000000000000002,0.06
9a95e33f,11500.37,10600.95,11651.45,11400.37,11600.570000000209,573,200.2000000002081,last_tvt_minus_100,last_tvt_plus_100,0.020000000000436557,0.1,0.005,0.06999999999970896,2.0100000000002183,0.005118659841786877,1.0,1.0,1.0,0.0,0.0,0.060000000000000026,0.06,0.060000000000000026,0.06
9ab94eeb,10983.39,10130.96,11145.28,10883.39,11083.590000000208,573,200.2000000002081,last_tvt_minus_100,last_tvt_plus_100,0.040000000000873115,0.1,0.005,0.05999999999949068,0.07999999999810825,0.0,1.0,1.0,1.0,0.0,0.0,0.06,0.06,0.06,0.06
9ad5410a,11901.570000000002,11418.89,12051.84,11801.570000000002,12001.77000000021,573,200.2000000002081,last_tvt_minus_100,last_tvt_plus_100,0.030000000000654836,0.1,0.005,0.06999999999970896,4.799999999999272,0.009036860879904875,1.0,1.0,1.0,0.0,0.0,0.06000000000000002,0.06,0.06000000000000002,0.06
9ae248be,12761.03,12336.45,12981.95,12661.03,12861.230000000209,573,200.2000000002081,last_tvt_minus_100,last_tvt_plus_100,0.040000000000873115,0.1,0.005,0.07999999999992724,0.2600000000002183,0.011572756592676911,1.0,1.0,1.0,0.0,0.0,0.06000000000000001,0.06,0.06000000000000001,0.06
9af1ffd0,10813.69,9974.97,10963.71,10713.69,10913.890000000209,573,200.2000000002081,last_tvt_minus_100,last_tvt_plus_100,0.040000000000873115,0.1,0.005,0.050000000001091394,0.06000000000312866,0.0,1.0,1.0,1.0,0.0,0.0,0.06000000000000002,0.06,0.06000000000000002,0.06
9b5b61c1,11132.91,10348.05,11311.5,11032.91,11233.110000000208,573,200.2000000002081,last_tvt_minus_100,last_tvt_plus_100,-0.020000000000436557,0.1,0.005,0.049999999999272404,0.08000000000174623,0.0,1.0,1.0,1.0,0.0,0.0,0.06000000000000001,0.06,0.06000000000000001,0.06
9b9e3b49,11913.23,11076.4,12051.84,11813.23,12013.430000000208,573,200.2000000002081,last_tvt_minus_100,last_tvt_plus_100,0.010000000000218279,0.1,0.005,0.06999999999970896,1.639999999999418,0.007033997655334115,1.0,1.0,1.0,0.0,0.0,0.060000000000000005,0.06,0.060000000000000005,0.06
9bd2bba3,12524.19,11694.45,12748.95,12424.19,12624.390000000209,573,200.2000000002081,last_tvt_minus_100,last_tvt_plus_100,0.040000000000873115,0.1,0.005,0.050000000001091394,0.21000000000276486,0.0037639467670385804,1.0,1.0,1.0,0.0,0.0,0.06000000000000002,0.06,0.06000000000000002,0.06
9c211c53,10075.14,9449.55,10236.85,9975.14,10175.340000000208,573,200.2000000002081,last_tvt_minus_100,last_tvt_plus_100,0.030000000000654836,0.1,0.005,0.05999999999949068,1.0900000000001455,0.004955264969029594,1.0,1.0,1.0,0.0,0.0,0.06000000000000002,0.06,0.06000000000000002,0.06
9c350a6a,11396.990000000002,10577.42,11594.55,11296.990000000002,11497.19000000021,573,200.2000000002081,last_tvt_minus_100,last_tvt_plus_100,-0.020000000000436557,0.1,0.005,0.05999999999949068,0.1500000000014552,0.008592200925313946,1.0,1.0,1.0,0.0,0.0,0.06000000000000002,0.06,0.06000000000000002,0.06
9c8375f7,11200.64,10325.35,11350.94,11100.64,11300.840000000208,573,200.2000000002081,last_tvt_minus_100,last_tvt_plus_100,0.019999999998617568,0.1,0.005,0.030000000000654836,0.040000000002692104,0.0,1.0,1.0,1.0,0.0,0.0,0.060000000000000026,0.06,0.060000000000000026,0.06
9d072e4c,12011.820000000002,11451.95,12156.95,11911.820000000002,12112.02000000021,573,200.2000000002081,last_tvt_minus_100,last_tvt_plus_100,-0.029999999998835847,0.1,0.005,0.050000000001091394,2.0200000000004366,0.002937145094967691,1.0,1.0,1.0,0.0,0.0,0.060000000000000005,0.06,0.060000000000000005,0.06
9d3ec64c,10811.14,10076.97,10963.71,10711.14,10911.340000000208,573,200.2000000002081,last_tvt_minus_100,last_tvt_plus_100,-0.020000000000436557,0.1,0.005,0.06999999999788997,2.400000000001455,0.0011494252873563218,1.0,1.0,1.0,0.0,0.0,0.06000000000000002,0.06,0.06000000000000002,0.06
9d4272e3,12500.21,11750.95,12748.95,12400.21,12600.410000000207,573,200.2000000002081,last_tvt_minus_100,last_tvt_plus_100,0.029999999998835847,0.1,0.005,0.1000000000003638,0.13000000000101863,0.05732009925558312,1.0,1.0,1.0,0.0,0.0,0.060000000000000026,0.06,0.060000000000000026,0.06
9d5e14d4,10964.66,10224.11,11077.56,10864.66,11064.860000000208,573,200.2000000002081,last_tvt_minus_100,last_tvt_plus_100,0.039999999999054126,0.1,0.005,0.050000000001091394,0.13999999999941792,0.0077777777777777776,1.0,1.0,1.0,0.0,0.0,0.06000000000000002,0.06,0.06000000000000002,0.06
9da441ba,11349.27,10890.81,11537.41,11249.27,11449.470000000209,573,200.2000000002081,last_tvt_minus_100,last_tvt_plus_100,-0.07000000000152795,0.11000000000152796,0.005500000000076398,0.06000000000130967,2.0200000000022555,0.0012104444060176379,1.0,1.0,1.0,0.0,0.0,0.046115702477502074,0.046115702477502074,0.046115702477502074,0.046115702477502074
9dede370,12201.56,11351.95,12418.45,12101.56,12301.760000000208,573,200.2000000002081,last_tvt_minus_100,last_tvt_plus_100,0.030000000000654836,0.1,0.005,0.07000000000152795,0.13000000000283762,0.014927743369858663,1.0,1.0,1.0,0.0,0.0,0.06000000000000002,0.06,0.06000000000000002,0.06
9def2eb2,11437.97,10713.45,11591.95,11337.97,11538.170000000207,573,200.2000000002081,last_tvt_minus_100,last_tvt_plus_100,-0.020000000000436557,0.1,0.005,0.05999999999949068,0.09000000000196451,0.0,1.0,1.0,1.0,0.0,0.0,0.06000000000000001,0.06,0.06000000000000001,0.06
9df1b1f9,11989.71,11117.95,12156.95,11889.71,12089.910000000207,573,200.2000000002081,last_tvt_minus_100,last_tvt_plus_100,0.040000000000873115,0.1,0.005,0.05999999999949068,0.7800000000006548,0.0012763241863433313,1.0,1.0,1.0,0.0,0.0,0.06000000000000001,0.06,0.06000000000000001,0.06
9dfff011,11419.13,10482.42,11594.55,11319.13,11519.330000000207,573,200.2000000002081,last_tvt_minus_100,last_tvt_plus_100,0.020000000000436557,0.1,0.005,0.050000000001091394,0.8799999999991996,0.00046307015512850195,1.0,1.0,1.0,0.0,0.0,0.06,0.06,0.06,0.06
9e3e364d,11394.6,10880.31,11537.41,11294.6,11494.800000000208,573,200.2000000002081,last_tvt_minus_100,last_tvt_plus_100,-0.050000000001091394,0.1,0.005,0.06000000000130967,0.930000000000291,0.0002331002331002331,1.0,1.0,1.0,0.0,0.0,0.06,0.06,0.06,0.06
9efc812e,11167.54,10602.58,11331.96,11067.54,11267.740000000209,573,200.2000000002081,last_tvt_minus_100,last_tvt_plus_100,-0.020000000000436557,0.1,0.005,0.030000000002473826,3.8700000000008004,0.0011235955056179776,1.0,1.0,1.0,0.0,0.0,0.06,0.06,0.06,0.06
9f0c7bae,12791.0,12431.95,12981.95,12691.0,12891.200000000208,573,200.2000000002081,last_tvt_minus_100,last_tvt_plus_100,-0.039999999999054126,0.1,0.005,0.040000000000873115,0.15999999999985448,0.0003933910306845004,1.0,1.0,1.0,0.0,0.0,0.060000000000000005,0.06,0.060000000000000005,0.06
9ffce529,12054.09,11452.95,12202.95,11954.09,12154.290000000208,573,200.2000000002081,last_tvt_minus_100,last_tvt_plus_100,0.039999999999054126,0.1,0.005,0.049999999999272404,0.07999999999992724,0.0,1.0,1.0,1.0,0.0,0.0,0.060000000000000005,0.06,0.060000000000000005,0.06
a0383629,11200.62,10471.95,11366.45,11100.62,11300.820000000209,573,200.2000000002081,last_tvt_minus_100,last_tvt_plus_100,-0.020000000000436557,0.1,0.005,0.050000000001091394,0.8899999999994179,0.00017146776406035664,1.0,1.0,1.0,0.0,0.0,0.06000000000000001,0.06,0.06000000000000001,0.06
a056d01e,11730.37,10970.45,11871.45,11630.37,11830.570000000209,573,200.2000000002081,last_tvt_minus_100,last_tvt_plus_100,-0.029999999998835847,0.1,0.005,0.050000000001091394,2.8000000000010914,0.001067561384779625,1.0,1.0,1.0,0.0,0.0,0.06000000000000001,0.06,0.06000000000000001,0.06
a08d9e63,10991.21,10394.87,11145.28,10891.21,11091.410000000207,573,200.2000000002081,last_tvt_minus_100,last_tvt_plus_100,-0.07000000000152795,0.11000000000152796,0.005500000000076398,0.07999999999992724,0.11000000000240107,0.000271370420624152,1.0,1.0,1.0,0.0,0.0,0.04611570247750208,0.046115702477502074,0.04611570247750208,0.046115702477502074
a0b83014,11396.69,10448.44,11537.41,11296.69,11496.890000000209,573,200.2000000002081,last_tvt_minus_100,last_tvt_plus_100,-0.029999999998835847,0.1,0.005,0.040000000000873115,0.050000000001091394,0.0,1.0,1.0,1.0,0.0,0.0,0.060000000000000005,0.06,0.060000000000000005,0.06
a0e92ed6,11956.48,11549.45,12181.95,11856.48,12056.680000000208,573,200.2000000002081,last_tvt_minus_100,last_tvt_plus_100,0.010000000000218279,0.1,0.005,0.06999999999970896,6.1200000000008,0.011639779456810292,1.0,1.0,1.0,0.0,0.0,0.06000000000000001,0.06,0.06000000000000001,0.06
a15bc102,10944.61,10069.45,11136.45,10844.61,11044.810000000209,573,200.2000000002081,last_tvt_minus_100,last_tvt_plus_100,0.030000000002473826,0.1,0.005,0.05999999999949068,0.07000000000152795,0.0,1.0,1.0,1.0,0.0,0.0,0.060000000000000026,0.06,0.060000000000000026,0.06
a247e7cf,10976.45,10362.13,11110.62,10876.45,11076.650000000209,573,200.2000000002081,last_tvt_minus_100,last_tvt_plus_100,-0.029999999998835847,0.1,0.005,0.040000000002692104,1.2299999999995634,0.00035248501938667606,1.0,1.0,1.0,0.0,0.0,0.06000000000000001,0.06,0.06000000000000001,0.06
a2e8e7f6,10775.26,10259.65,10881.6,10675.26,10875.460000000208,573,200.2000000002081,last_tvt_minus_100,last_tvt_plus_100,-0.030000000000654836,0.1,0.005,0.049999999999272404,4.449999999998909,0.0002100840336134454,1.0,1.0,1.0,0.0,0.0,0.060000000000000005,0.06,0.060000000000000005,0.06
a3518960,12147.37,11042.15,12325.65,12047.37,12247.570000000209,573,200.2000000002081,last_tvt_minus_100,last_tvt_plus_100,0.040000000000873115,0.1,0.005,0.06999999999970896,3.4400000000005093,0.008254479565129856,1.0,1.0,1.0,0.0,0.0,0.060000000000000005,0.06,0.060000000000000005,0.06
a3f71395,12773.56,12210.95,12981.95,12673.56,12873.760000000208,573,200.2000000002081,last_tvt_minus_100,last_tvt_plus_100,0.040000000000873115,0.1,0.005,0.09000000000196451,4.299999999999272,0.045462745805520476,1.0,1.0,1.0,0.0,0.0,0.060000000000000005,0.06,0.060000000000000005,0.06
a4719920,11440.05,10872.95,11591.95,11340.05,11540.250000000207,573,200.2000000002081,last_tvt_minus_100,last_tvt_plus_100,-0.020000000000436557,0.1,0.005,0.050000000001091394,0.07000000000152795,0.0,1.0,1.0,1.0,0.0,0.0,0.06000000000000001,0.06,0.06000000000000001,0.06
a48640d9,12509.75,11705.95,12748.95,12409.75,12609.950000000208,573,200.2000000002081,last_tvt_minus_100,last_tvt_plus_100,-0.08000000000174623,0.12000000000174624,0.006000000000087312,0.06999999999970896,0.11000000000240107,0.0,1.0,1.0,1.0,0.0,0.0,0.03555555555393864,0.03555555555393864,0.03555555555393864,0.03555555555393864
a4cdbb0f,10964.9,10415.63,11110.62,10864.9,11065.100000000208,573,200.2000000002081,last_tvt_minus_100,last_tvt_plus_100,0.030000000000654836,0.1,0.005,0.059999999997671694,0.4099999999998545,0.0003843197540353574,1.0,1.0,1.0,0.0,0.0,0.06000000000000001,0.06,0.06000000000000001,0.06
a4f989c2,11170.570000000002,10560.53,11311.5,11070.570000000002,11270.77000000021,573,200.2000000002081,last_tvt_minus_100,last_tvt_plus_100,-0.039999999999054126,0.1,0.005,0.06999999999970896,1.1700000000000728,0.003342618384401114,1.0,1.0,1.0,0.0,0.0,0.060000000000000005,0.06,0.060000000000000005,0.06
a5aa7973,10953.87,10116.45,11122.45,10853.87,11054.070000000209,573,200.2000000002081,last_tvt_minus_100,last_tvt_plus_100,0.049999999999272404,0.1,0.005,0.07999999999810825,0.12999999999919964,0.015814558058925475,1.0,1.0,1.0,0.0,0.0,0.060000000000000005,0.06,0.060000000000000005,0.06
a5e6f7dc,11402.85,10689.87,11537.41,11302.85,11503.050000000208,573,200.2000000002081,last_tvt_minus_100,last_tvt_plus_100,-0.010000000000218279,0.1,0.005,0.07000000000152795,0.12000000000261934,0.004602584528235086,1.0,1.0,1.0,0.0,0.0,0.06000000000000001,0.06,0.06000000000000001,0.06
a612d5a0,11145.740000000002,10406.55,11311.5,11045.740000000002,11245.94000000021,573,200.2000000002081,last_tvt_minus_100,last_tvt_plus_100,-0.039999999999054126,0.1,0.005,0.049999999999272404,1.5600000000013097,0.0003753049352598987,1.0,1.0,1.0,0.0,0.0,0.06000000000000001,0.06,0.06000000000000001,0.06
a622ce4d,11393.240000000002,10778.84,11537.41,11293.240000000002,11493.44000000021,573,200.2000000002081,last_tvt_minus_100,last_tvt_plus_100,-0.049999999999272404,0.1,0.005,0.06999999999970896,0.09000000000014552,0.0,1.0,1.0,1.0,0.0,0.0,0.06000000000000002,0.06,0.06000000000000002,0.06
a645da9a,12022.35,11253.45,12156.95,11922.35,12122.550000000208,573,200.2000000002081,last_tvt_minus_100,last_tvt_plus_100,-0.050000000001091394,0.1,0.005,0.06999999999970896,1.0599999999994907,0.0009703085581214826,1.0,1.0,1.0,0.0,0.0,0.06000000000000001,0.06,0.06000000000000001,0.06
a692b17e,11174.29,10329.45,11366.45,11074.29,11274.490000000209,573,200.2000000002081,last_tvt_minus_100,last_tvt_plus_100,0.020000000000436557,0.1,0.005,0.050000000001091394,0.06000000000130967,0.0,1.0,1.0,1.0,0.0,0.0,0.06000000000000002,0.06,0.06000000000000002,0.06
a6b8ac67,12752.41,12028.45,12981.95,12652.41,12852.610000000208,573,200.2000000002081,last_tvt_minus_100,last_tvt_plus_100,0.050000000001091394,0.1,0.005,0.07999999999992724,0.23999999999978172,0.0009169264624977076,1.0,1.0,1.0,0.0,0.0,0.06000000000000001,0.06,0.06000000000000001,0.06
a6ed2eff,11314.65,10459.44,11537.41,11214.65,11414.850000000208,573,200.2000000002081,last_tvt_minus_100,last_tvt_plus_100,0.030000000000654836,0.1,0.005,0.049999999999272404,0.08000000000174623,0.0,1.0,1.0,1.0,0.0,0.0,0.06000000000000001,0.06,0.06000000000000001,0.06
a6f967fb,12677.94,11496.88,12874.68,12577.94,12778.140000000209,573,200.2000000002081,last_tvt_minus_100,last_tvt_plus_100,-0.030000000000654836,0.1,0.005,0.050000000001091394,0.06000000000312866,0.0,1.0,1.0,1.0,0.0,0.0,0.06000000000000001,0.06,0.06000000000000001,0.06
a76db406,10770.320000000002,9922.67,10881.6,10670.320000000002,10870.52000000021,573,200.2000000002081,last_tvt_minus_100,last_tvt_plus_100,-0.040000000000873115,0.1,0.005,0.040000000000873115,2.649999999999636,0.0008561643835616438,1.0,1.0,1.0,0.0,0.0,0.06000000000000001,0.06,0.06000000000000001,0.06
a7744f5b,11196.51,10529.45,11366.45,11096.51,11296.710000000208,573,200.2000000002081,last_tvt_minus_100,last_tvt_plus_100,-0.030000000000654836,0.1,0.005,0.050000000001091394,0.11000000000240107,0.015992689056431347,1.0,1.0,1.0,0.0,0.0,0.06,0.06,0.06,0.06
a783cc24,10769.72,10298.65,10881.6,10669.72,10869.920000000207,573,200.2000000002081,last_tvt_minus_100,last_tvt_plus_100,-0.030000000002473826,0.1,0.005,0.050000000001091394,0.06000000000130967,0.0,1.0,1.0,1.0,0.0,0.0,0.06000000000000002,0.06,0.06000000000000002,0.06
a79fd2e7,11964.67,11100.45,12156.95,11864.67,12064.870000000208,573,200.2000000002081,last_tvt_minus_100,last_tvt_plus_100,0.030000000000654836,0.1,0.005,0.07000000000152795,0.10000000000218279,0.0018165304268846503,1.0,1.0,1.0,0.0,0.0,0.060000000000000005,0.06,0.060000000000000005,0.06
a7fc3e6b,10947.85,10226.45,11136.45,10847.85,11048.050000000208,573,200.2000000002081,last_tvt_minus_100,last_tvt_plus_100,-0.039999999999054126,0.1,0.005,0.08000000000174623,0.12000000000261934,0.006297229219143577,1.0,1.0,1.0,0.0,0.0,0.060000000000000005,0.06,0.060000000000000005,0.06
a85bb86f,11142.83,10232.38,11350.94,11042.83,11243.030000000208,573,200.2000000002081,last_tvt_minus_100,last_tvt_plus_100,0.029999999998835847,0.1,0.005,0.07000000000152795,0.42000000000189175,0.010325911584382058,1.0,1.0,1.0,0.0,0.0,0.06000000000000002,0.06,0.06000000000000002,0.06
a85e4bc3,10083.11,9533.45,10236.85,9983.11,10183.310000000209,573,200.2000000002081,last_tvt_minus_100,last_tvt_plus_100,-0.020000000000436557,0.1,0.005,0.09000000000014552,0.4099999999998545,0.0336171141672124,1.0,1.0,1.0,0.0,0.0,0.060000000000000005,0.06,0.060000000000000005,0.06
a87433c9,11899.42,11054.45,11917.45,11799.42,11957.620000000165,453,158.20000000016444,last_tvt_minus_100,typewell_max_plus_40,-0.030000000000654836,0.1,0.005,0.050000000001091394,0.08000000000174623,0.0,1.0,1.0,1.0,0.0,0.0,0.06000000000000002,0.06,0.06000000000000002,0.06
a8ed028a,12822.85,12048.95,12987.45,12722.85,12923.050000000208,573,200.2000000002081,last_tvt_minus_100,last_tvt_plus_100,0.010000000000218279,0.1,0.005,0.07999999999810825,0.09000000000196451,0.0,1.0,1.0,1.0,0.0,0.0,0.06000000000000002,0.06,0.06000000000000002,0.06
a959858c,12133.85,10955.91,12325.65,12033.85,12234.050000000208,573,200.2000000002081,last_tvt_minus_100,last_tvt_plus_100,0.019999999998617568,0.1,0.005,0.05999999999949068,0.2000000000007276,0.00022706630336058128,1.0,1.0,1.0,0.0,0.0,0.060000000000000005,0.06,0.060000000000000005,0.06
a9c9b150,11158.3,10317.05,11311.5,11058.3,11258.500000000207,573,200.2000000002081,last_tvt_minus_100,last_tvt_plus_100,0.049999999999272404,0.1,0.005,0.05999999999949068,1.2099999999991269,0.0002508780732563974,1.0,1.0,1.0,0.0,0.0,0.06000000000000002,0.06,0.06000000000000002,0.06
aa95015b,11344.81,10733.36,11537.41,11244.81,11445.010000000208,573,200.2000000002081,last_tvt_minus_100,last_tvt_plus_100,-0.029999999998835847,0.1,0.005,0.05000000000291038,0.2600000000002183,0.00023255813953488373,1.0,1.0,1.0,0.0,0.0,0.06,0.06,0.06,0.06
aaaf3c03,11995.84,11206.95,12202.95,11895.84,12096.040000000208,573,200.2000000002081,last_tvt_minus_100,last_tvt_plus_100,-0.00999999999839929,0.1,0.005,0.09000000000014552,0.17000000000189175,0.010343677010343676,1.0,1.0,1.0,0.0,0.0,0.06000000000000002,0.06,0.06000000000000002,0.06
aaeffccb,12212.01,11312.95,12366.95,12112.01,12312.210000000208,573,200.2000000002081,last_tvt_minus_100,last_tvt_plus_100,-0.030000000000654836,0.1,0.005,0.039999999999054126,0.05000000000291038,0.0,1.0,1.0,1.0,0.0,0.0,0.06000000000000001,0.06,0.06000000000000001,0.06
ab112491,12276.5,11274.95,12366.95,12176.5,12376.700000000208,573,200.2000000002081,last_tvt_minus_100,last_tvt_plus_100,0.029999999998835847,0.1,0.005,0.06999999999970896,0.1400000000012369,0.011186113789778206,1.0,1.0,1.0,0.0,0.0,0.06000000000000002,0.06,0.06000000000000002,0.06
ab18d3fc,12282.02,11536.95,12366.95,12182.02,12382.220000000209,573,200.2000000002081,last_tvt_minus_100,last_tvt_plus_100,0.010000000000218279,0.1,0.005,0.07000000000152795,0.11000000000240107,0.008781173164734809,1.0,1.0,1.0,0.0,0.0,0.06000000000000002,0.06,0.06000000000000002,0.06
ab3ced07,12222.14,11442.95,12366.95,12122.14,12322.340000000208,573,200.2000000002081,last_tvt_minus_100,last_tvt_plus_100,0.029999999998835847,0.1,0.005,0.05999999999949068,0.09000000000196451,0.0,1.0,1.0,1.0,0.0,0.0,0.060000000000000005,0.06,0.060000000000000005,0.06
ab6fe95d,10065.52,9232.65,10236.85,9965.52,10165.720000000209,573,200.2000000002081,last_tvt_minus_100,last_tvt_plus_100,0.03000000000156433,0.1,0.005,0.06000000000040018,0.12000000000261934,0.02622473137861956,1.0,1.0,1.0,0.0,0.0,0.060000000000000005,0.06,0.060000000000000005,0.06
ab94878e,11172.76,10353.81,11331.96,11072.76,11272.960000000208,573,200.2000000002081,last_tvt_minus_100,last_tvt_plus_100,0.06999999999970896,0.10999999999970897,0.005499999999985449,0.06999999999788997,1.8400000000001455,0.002498334443704197,1.0,1.0,1.0,0.0,0.0,0.046115702479688665,0.04611570247968867,0.046115702479688665,0.04611570247968867
abf460d2,12086.87,11497.95,12366.95,11986.87,12187.070000000209,573,200.2000000002081,last_tvt_minus_100,last_tvt_plus_100,0.020000000000436557,0.1,0.005,0.06000000000130967,0.08000000000174623,0.0,1.0,1.0,1.0,0.0,0.0,0.06000000000000001,0.06,0.06000000000000001,0.06
ac6f01d5,12523.62,11710.59,12652.570000000002,12423.62,12623.820000000209,573,200.2000000002081,last_tvt_minus_100,last_tvt_plus_100,-0.019999999998617568,0.1,0.005,0.050000000001091394,2.25,0.00019984012789768185,1.0,1.0,1.0,0.0,0.0,0.060000000000000005,0.06,0.060000000000000005,0.06
ad2133a8,12070.21,11353.45,12202.95,11970.21,12170.410000000207,573,200.2000000002081,last_tvt_minus_100,last_tvt_plus_100,1.8189894035458565e-12,0.1,0.005,0.050000000001091394,0.999999999998181,0.00017455053237912376,1.0,1.0,1.0,0.0,0.0,0.06000000000000001,0.06,0.06000000000000001,0.06
add9c322,10887.54,10222.33,11021.27,10787.54,10987.740000000209,573,200.2000000002081,last_tvt_minus_100,last_tvt_plus_100,0.07999999999992724,0.11999999999992725,0.005999999999996362,0.050000000001091394,5.960000000002765,0.000762970498474059,1.0,1.0,1.0,0.0,0.0,0.035555555555622904,0.035555555555622904,0.035555555555622904,0.035555555555622904
ae069086,11205.75,10218.740000000002,11331.96,11105.75,11305.950000000208,573,200.2000000002081,last_tvt_minus_100,last_tvt_plus_100,0.049999999999272404,0.1,0.005,0.07999999999810825,3.3800000000010186,0.0004192872117400419,1.0,1.0,1.0,0.0,0.0,0.06000000000000001,0.06,0.06000000000000001,0.06
ae0784a8,12067.03,11643.95,12279.45,11967.03,12167.230000000209,573,200.2000000002081,last_tvt_minus_100,last_tvt_plus_100,-0.06999999999970896,0.10999999999970897,0.005499999999985449,0.05000000000291038,2.0500000000010914,0.0026843921769142275,1.0,1.0,1.0,0.0,0.0,0.04611570247968867,0.04611570247968867,0.04611570247968867,0.04611570247968867
ae35f33a,12679.47,11733.45,12981.95,12579.47,12779.670000000207,573,200.2000000002081,last_tvt_minus_100,last_tvt_plus_100,-0.040000000000873115,0.1,0.005,0.05999999999949068,0.08000000000174623,0.0,1.0,1.0,1.0,0.0,0.0,0.06,0.06,0.06,0.06
ae8959c3,10869.47,9786.61,10956.570000000002,10769.47,10969.670000000207,573,200.2000000002081,last_tvt_minus_100,last_tvt_plus_100,0.05999999999949068,0.1,0.005,0.07000000000152795,3.109999999996944,0.002213368747233289,1.0,1.0,1.0,0.0,0.0,0.06000000000000001,0.06,0.06000000000000001,0.06
aed44918,12770.94,12429.070000000002,12991.53,12670.94,12871.140000000209,573,200.2000000002081,last_tvt_minus_100,last_tvt_plus_100,0.040000000000873115,0.1,0.005,0.050000000001091394,0.06999999999970896,0.0,1.0,1.0,1.0,0.0,0.0,0.06000000000000002,0.06,0.06000000000000002,0.06
aee6393a,11003.59,10624.34,11145.28,10903.59,11103.790000000208,573,200.2000000002081,last_tvt_minus_100,last_tvt_plus_100,-0.030000000000654836,0.1,0.005,0.05999999999949068,0.12000000000261934,0.011594202898550725,1.0,1.0,1.0,0.0,0.0,0.06000000000000002,0.06,0.06000000000000002,0.06
af7a59ce,11315.72,10843.95,11372.45,11215.72,11412.770000000204,564,197.05000000020482,last_tvt_minus_100,typewell_max_plus_40,-0.030000000000654836,0.1,0.005,0.040000000000873115,0.05000000000291038,0.0,1.0,1.0,1.0,0.0,0.0,0.06000000000000002,0.06,0.06000000000000002,0.06
aff4e561,10940.68,10183.13,11110.62,10840.68,11040.880000000208,573,200.2000000002081,last_tvt_minus_100,last_tvt_plus_100,0.030000000000654836,0.1,0.005,0.040000000000873115,0.07000000000152795,0.0,1.0,1.0,1.0,0.0,0.0,0.06000000000000001,0.06,0.06000000000000001,0.06
b04b58a3,10750.64,10114.16,10881.6,10650.64,10850.840000000208,573,200.2000000002081,last_tvt_minus_100,last_tvt_plus_100,-0.07999999999992724,0.11999999999992725,0.005999999999996362,0.06999999999970896,0.09000000000196451,0.0,1.0,1.0,1.0,0.0,0.0,0.035555555555622904,0.035555555555622904,0.035555555555622904,0.035555555555622904
b0d42b0d,11065.59,10580.53,11311.5,10965.59,11165.790000000208,573,200.2000000002081,last_tvt_minus_100,last_tvt_plus_100,0.040000000000873115,0.1,0.005,0.07000000000152795,0.11000000000058208,0.008851337759002213,1.0,1.0,1.0,0.0,0.0,0.06,0.06,0.06,0.06
b0f53bf4,12216.87,11849.95,12366.95,12116.87,12317.070000000209,573,200.2000000002081,last_tvt_minus_100,last_tvt_plus_100,0.030000000000654836,0.1,0.005,0.050000000001091394,0.08999999999832653,0.0,1.0,1.0,1.0,0.0,0.0,0.060000000000000005,0.06,0.060000000000000005,0.06
b19b0395,11199.23,10676.45,11366.45,11099.23,11299.430000000208,573,200.2000000002081,last_tvt_minus_100,last_tvt_plus_100,0.0,0.1,0.005,0.049999999999272404,0.08000000000174623,0.0,1.0,1.0,1.0,0.0,0.0,0.06000000000000001,0.06,0.06000000000000001,0.06
b1efb8a4,12015.570000000002,11378.95,12156.95,11915.570000000002,12115.77000000021,573,200.2000000002081,last_tvt_minus_100,last_tvt_plus_100,0.029999999998835847,0.1,0.005,0.049999999999272404,1.4599999999991269,0.00016672224074691563,1.0,1.0,1.0,0.0,0.0,0.06000000000000002,0.06,0.06000000000000002,0.06
b32902c0,10919.4,10063.34,11021.27,10819.4,11019.600000000208,573,200.2000000002081,last_tvt_minus_100,last_tvt_plus_100,0.039999999997235136,0.1,0.005,0.07000000000152795,3.389999999999418,0.025472689075630252,1.0,1.0,1.0,0.0,0.0,0.06000000000000002,0.06,0.06000000000000002,0.06
b32e4903,11184.37,10422.45,11366.45,11084.37,11284.570000000209,573,200.2000000002081,last_tvt_minus_100,last_tvt_plus_100,0.040000000000873115,0.1,0.005,0.050000000001091394,0.06000000000130967,0.0,1.0,1.0,1.0,0.0,0.0,0.060000000000000005,0.06,0.060000000000000005,0.06
b3388334,11481.52,10630.45,11651.45,11381.52,11581.720000000209,573,200.2000000002081,last_tvt_minus_100,last_tvt_plus_100,0.06000000000130967,0.10000000000130968,0.005000000000065484,0.08000000000174623,0.9899999999997817,0.002302631578947368,1.0,1.0,1.0,0.0,0.0,0.059999999997904487,0.05999999999790449,0.059999999997904487,0.05999999999790449
b37fd114,11373.26,10818.95,11591.95,11273.26,11473.460000000208,573,200.2000000002081,last_tvt_minus_100,last_tvt_plus_100,-0.00999999999839929,0.1,0.005,0.050000000001091394,0.1000000000003638,0.00012253400318588408,1.0,1.0,1.0,0.0,0.0,0.060000000000000026,0.06,0.060000000000000026,0.06
b38e3116,12012.820000000002,11215.45,12156.95,11912.820000000002,12113.02000000021,573,200.2000000002081,last_tvt_minus_100,last_tvt_plus_100,0.020000000000436557,0.1,0.005,0.049999999999272404,0.06999999999970896,0.0,1.0,1.0,1.0,0.0,0.0,0.060000000000000026,0.06,0.060000000000000026,0.06
b4d8dd4f,11194.490000000002,10414.820000000002,11350.94,11094.490000000002,11294.69000000021,573,200.2000000002081,last_tvt_minus_100,last_tvt_plus_100,0.040000000000873115,0.1,0.005,0.06999999999970896,2.110000000000582,0.018079361352430146,1.0,1.0,1.0,0.0,0.0,0.060000000000000005,0.06,0.060000000000000005,0.06
b4f37e6e,11179.72,10650.79,11350.94,11079.72,11279.920000000207,573,200.2000000002081,last_tvt_minus_100,last_tvt_plus_100,-0.019999999998617568,0.1,0.005,0.030000000000654836,0.13999999999759893,0.00033422459893048126,1.0,1.0,1.0,0.0,0.0,0.06000000000000001,0.06,0.06000000000000001,0.06
b56bc0aa,11192.6,10330.35,11350.94,11092.6,11292.800000000208,573,200.2000000002081,last_tvt_minus_100,last_tvt_plus_100,0.030000000000654836,0.1,0.005,0.050000000001091394,1.930000000000291,0.0001785076758300607,1.0,1.0,1.0,0.0,0.0,0.06,0.06,0.06,0.06
b585b4fa,11233.570000000002,10454.95,11366.45,11133.570000000002,11333.77000000021,573,200.2000000002081,last_tvt_minus_100,last_tvt_plus_100,0.040000000000873115,0.1,0.005,0.05999999999949068,0.07999999999992724,0.0,1.0,1.0,1.0,0.0,0.0,0.06,0.06,0.06,0.06
b5aa9634,12541.7,12142.95,12748.95,12441.7,12641.900000000209,573,200.2000000002081,last_tvt_minus_100,last_tvt_plus_100,0.049999999999272404,0.1,0.005,0.050000000001091394,2.099999999998545,0.003958503958503959,1.0,1.0,1.0,0.0,0.0,0.060000000000000026,0.06,0.060000000000000026,0.06
b7974e66,12116.19,11563.45,12279.45,12016.19,12216.390000000209,573,200.2000000002081,last_tvt_minus_100,last_tvt_plus_100,0.020000000000436557,0.1,0.005,0.040000000000873115,0.09000000000196451,0.0,1.0,1.0,1.0,0.0,0.0,0.060000000000000005,0.06,0.060000000000000005,0.06
b7cdcecb,10956.66,10366.13,11110.62,10856.66,11056.860000000208,573,200.2000000002081,last_tvt_minus_100,last_tvt_plus_100,-0.030000000000654836,0.1,0.005,0.06000000000130967,0.9700000000011642,0.00016212710765239947,1.0,1.0,1.0,0.0,0.0,0.060000000000000026,0.06,0.060000000000000026,0.06
b7fea9ef,10769.62,9982.17,10881.6,10669.62,10869.820000000209,573,200.2000000002081,last_tvt_minus_100,last_tvt_plus_100,-0.039999999999054126,0.1,0.005,0.06999999999970896,0.09000000000196451,0.0,1.0,1.0,1.0,0.0,0.0,0.060000000000000026,0.06,0.060000000000000026,0.06
b85f7b06,11393.1,10796.34,11537.41,11293.1,11493.300000000208,573,200.2000000002081,last_tvt_minus_100,last_tvt_plus_100,-0.049999999999272404,0.1,0.005,0.06999999999970896,0.09000000000196451,0.0,1.0,1.0,1.0,0.0,0.0,0.060000000000000026,0.06,0.060000000000000026,0.06
b881d27e,11170.12,10579.45,11366.45,11070.12,11270.320000000209,573,200.2000000002081,last_tvt_minus_100,last_tvt_plus_100,-0.040000000000873115,0.1,0.005,0.050000000001091394,0.07000000000152795,0.0,1.0,1.0,1.0,0.0,0.0,0.060000000000000026,0.06,0.060000000000000026,0.06
b8c49c1a,10786.990000000002,9827.67,10881.6,10686.990000000002,10887.19000000021,573,200.2000000002081,last_tvt_minus_100,last_tvt_plus_100,-0.039999999999054126,0.1,0.005,0.049999999999272404,0.06000000000312866,0.0,1.0,1.0,1.0,0.0,0.0,0.06,0.06,0.06,0.06
b95e7121,11360.92,10851.820000000002,11537.41,11260.92,11461.120000000208,573,200.2000000002081,last_tvt_minus_100,last_tvt_plus_100,-0.07999999999810825,0.11999999999810826,0.005999999999905413,0.07000000000152795,2.889999999999418,0.0009514747859181732,1.0,1.0,1.0,0.0,0.0,0.03555555555730716,0.03555555555730717,0.03555555555730716,0.03555555555730717
b977be4a,11387.65,10824.83,11537.41,11287.65,11487.850000000208,573,200.2000000002081,last_tvt_minus_100,last_tvt_plus_100,-0.030000000002473826,0.1,0.005,0.07999999999992724,0.75,0.0003380091262464086,1.0,1.0,1.0,0.0,0.0,0.06000000000000002,0.06,0.06000000000000002,0.06
ba48188d,12271.54,11765.95,12366.95,12171.54,12371.740000000209,573,200.2000000002081,last_tvt_minus_100,last_tvt_plus_100,0.020000000000436557,0.1,0.005,0.050000000001091394,0.31999999999789,0.00024003840614498319,1.0,1.0,1.0,0.0,0.0,0.060000000000000026,0.06,0.060000000000000026,0.06
bb2cdd83,11216.240000000002,10367.95,11366.45,11116.240000000002,11316.44000000021,573,200.2000000002081,last_tvt_minus_100,last_tvt_plus_100,0.050000000001091394,0.1,0.005,0.050000000001091394,0.2999999999992724,0.00026143790849673205,1.0,1.0,1.0,0.0,0.0,0.060000000000000026,0.06,0.060000000000000026,0.06
bb337fa0,11424.42,10877.89,11594.55,11324.42,11524.620000000208,573,200.2000000002081,last_tvt_minus_100,last_tvt_plus_100,0.040000000000873115,0.1,0.005,0.06000000000130967,0.09000000000196451,0.0,1.0,1.0,1.0,0.0,0.0,0.06000000000000002,0.06,0.06000000000000002,0.06
bb682ebd,11016.97,10134.45,11122.45,10916.97,11117.170000000207,573,200.2000000002081,last_tvt_minus_100,last_tvt_plus_100,0.049999999999272404,0.1,0.005,0.09000000000014552,0.11000000000240107,0.028267697511476203,1.0,1.0,1.0,0.0,0.0,0.06000000000000002,0.06,0.06000000000000002,0.06
bc4381e2,12127.25,11782.62,12285.1,12027.25,12227.450000000208,573,200.2000000002081,last_tvt_minus_100,last_tvt_plus_100,0.07000000000152795,0.11000000000152796,0.005500000000076398,0.06999999999970896,0.08000000000356522,0.0,1.0,1.0,1.0,0.0,0.0,0.046115702477502074,0.046115702477502074,0.046115702477502074,0.046115702477502074
bcebcc5f,10928.62,10211.7,11136.45,10828.62,11028.820000000209,573,200.2000000002081,last_tvt_minus_100,last_tvt_plus_100,-0.020000000000436557,0.1,0.005,0.040000000000873115,0.8400000000001455,0.00015979546180888463,1.0,1.0,1.0,0.0,0.0,0.06000000000000002,0.06,0.06000000000000002,0.06
bd2c2f34,10685.38,9971.95,10845.45,10585.38,10785.580000000207,573,200.2000000002081,last_tvt_minus_100,last_tvt_plus_100,0.010000000000218279,0.1,0.005,0.049999999999272404,0.08000000000174623,0.0,1.0,1.0,1.0,0.0,0.0,0.06000000000000001,0.06,0.06000000000000001,0.06
bd4ae5da,11877.71,10954.4,12051.84,11777.71,11977.910000000207,573,200.2000000002081,last_tvt_minus_100,last_tvt_plus_100,0.040000000000873115,0.1,0.005,0.050000000001091394,0.06999999999970896,0.0,1.0,1.0,1.0,0.0,0.0,0.060000000000000005,0.06,0.060000000000000005,0.06
bd6f0e19,11345.85,10587.91,11537.41,11245.85,11446.050000000208,573,200.2000000002081,last_tvt_minus_100,last_tvt_plus_100,-0.010000000000218279,0.1,0.005,0.050000000001091394,2.360000000000582,0.0003891050583657588,1.0,1.0,1.0,0.0,0.0,0.06000000000000002,0.06,0.06000000000000002,0.06
bd8f847e,12797.820000000002,12289.45,12981.95,12697.820000000002,12898.02000000021,573,200.2000000002081,last_tvt_minus_100,last_tvt_plus_100,-0.05999999999949068,0.1,0.005,0.06000000000130967,0.07999999999810825,0.0,1.0,1.0,1.0,0.0,0.0,0.060000000000000005,0.06,0.060000000000000005,0.06
be063506,11874.12,10973.4,12051.84,11774.12,11974.320000000209,573,200.2000000002081,last_tvt_minus_100,last_tvt_plus_100,0.030000000000654836,0.1,0.005,0.06000000000130967,0.1000000000003638,0.004,1.0,1.0,1.0,0.0,0.0,0.06,0.06,0.06,0.06
be35c8f2,12549.26,11792.09,12652.570000000002,12449.26,12649.460000000208,573,200.2000000002081,last_tvt_minus_100,last_tvt_plus_100,0.039999999999054126,0.1,0.005,0.05999999999949068,0.07000000000334694,0.0,1.0,1.0,1.0,0.0,0.0,0.06000000000000001,0.06,0.06000000000000001,0.06
be83e781,11181.45,10612.95,11366.45,11081.45,11281.650000000209,573,200.2000000002081,last_tvt_minus_100,last_tvt_plus_100,-0.010000000000218279,0.1,0.005,0.07000000000152795,0.10000000000218279,0.0003104625892579944,1.0,1.0,1.0,0.0,0.0,0.06000000000000001,0.06,0.06000000000000001,0.06
beda8696,10951.43,10136.64,11110.62,10851.43,11051.630000000208,573,200.2000000002081,last_tvt_minus_100,last_tvt_plus_100,0.030000000000654836,0.1,0.005,0.040000000000873115,0.09000000000014552,0.0,1.0,1.0,1.0,0.0,0.0,0.060000000000000026,0.06,0.060000000000000026,0.06
bf39bc20,11201.28,10537.3,11350.94,11101.28,11301.480000000209,573,200.2000000002081,last_tvt_minus_100,last_tvt_plus_100,-0.020000000000436557,0.1,0.005,0.040000000000873115,0.06000000000130967,0.0,1.0,1.0,1.0,0.0,0.0,0.06000000000000002,0.06,0.06000000000000002,0.06
bf70b410,10982.53,10264.13,11110.62,10882.53,11082.730000000209,573,200.2000000002081,last_tvt_minus_100,last_tvt_plus_100,0.020000000000436557,0.1,0.005,0.049999999997453415,0.05999999999949068,0.0,1.0,1.0,1.0,0.0,0.0,0.060000000000000005,0.06,0.060000000000000005,0.06
bffe3082,11889.740000000002,11321.4,12051.84,11789.740000000002,11989.94000000021,573,200.2000000002081,last_tvt_minus_100,last_tvt_plus_100,-0.030000000000654836,0.1,0.005,0.049999999999272404,0.19000000000050932,0.001397868250917351,1.0,1.0,1.0,0.0,0.0,0.06000000000000002,0.06,0.06000000000000002,0.06
c03b9305,10797.47,9948.67,10881.6,10697.47,10897.670000000207,573,200.2000000002081,last_tvt_minus_100,last_tvt_plus_100,0.050000000001091394,0.1,0.005,0.06000000000130967,0.08000000000174623,0.0,1.0,1.0,1.0,0.0,0.0,0.06000000000000001,0.06,0.06000000000000001,0.06
c03d4aed,12793.21,12068.95,12981.95,12693.21,12893.410000000207,573,200.2000000002081,last_tvt_minus_100,last_tvt_plus_100,-0.050000000001091394,0.1,0.005,0.05999999999949068,4.6200000000008,0.0006464124111182935,1.0,1.0,1.0,0.0,0.0,0.060000000000000005,0.06,0.060000000000000005,0.06
c03fba65,10805.3,9856.98,10963.71,10705.3,10905.500000000207,573,200.2000000002081,last_tvt_minus_100,last_tvt_plus_100,0.030000000000654836,0.1,0.005,0.05999999999949068,0.07000000000152795,0.0,1.0,1.0,1.0,0.0,0.0,0.06000000000000001,0.06,0.06000000000000001,0.06
c07fd0cd,12532.42,11707.85,12874.68,12432.42,12632.620000000208,573,200.2000000002081,last_tvt_minus_100,last_tvt_plus_100,-0.039999999999054126,0.1,0.005,0.06000000000130967,0.18000000000211003,0.012884753042233358,1.0,1.0,1.0,0.0,0.0,0.06000000000000002,0.06,0.06000000000000002,0.06
c1708b88,11366.3,10573.91,11510.29,11266.3,11466.500000000207,573,200.2000000002081,last_tvt_minus_100,last_tvt_plus_100,-0.010000000000218279,0.1,0.005,0.07999999999992724,0.09000000000196451,0.0,1.0,1.0,1.0,0.0,0.0,0.06000000000000001,0.06,0.06000000000000001,0.06
c1d046f4,11382.18,10961.28,11537.41,11282.18,11482.380000000208,573,200.2000000002081,last_tvt_minus_100,last_tvt_plus_100,-0.040000000000873115,0.1,0.005,0.059999999997671694,0.7399999999997817,0.0014511155450752766,1.0,1.0,1.0,0.0,0.0,0.06000000000000002,0.06,0.06000000000000002,0.06
c2717d4f,11318.56,10344.47,11537.41,11218.56,11418.760000000208,573,200.2000000002081,last_tvt_minus_100,last_tvt_plus_100,0.049999999999272404,0.1,0.005,0.050000000001091394,0.07000000000152795,0.0,1.0,1.0,1.0,0.0,0.0,0.06,0.06,0.06,0.06
c2c4db09,11382.0,10682.87,11537.41,11282.0,11482.200000000208,573,200.2000000002081,last_tvt_minus_100,last_tvt_plus_100,-0.050000000001091394,0.1,0.005,0.07000000000152795,7.780000000000655,0.0008279516476237788,1.0,1.0,1.0,0.0,0.0,0.06000000000000001,0.06,0.06000000000000001,0.06
c2c6fc71,12077.78,11327.95,12366.95,11977.78,12177.980000000209,573,200.2000000002081,last_tvt_minus_100,last_tvt_plus_100,-0.039999999997235136,0.1,0.005,0.040000000000873115,1.2399999999979627,0.00014046916701783958,1.0,1.0,1.0,0.0,0.0,0.06000000000000001,0.06,0.06000000000000001,0.06
c36625df,11874.22,11062.4,12051.84,11774.22,11974.420000000207,573,200.2000000002081,last_tvt_minus_100,last_tvt_plus_100,0.040000000000873115,0.1,0.005,0.050000000001091394,0.10000000000218279,0.0012652889076339097,1.0,1.0,1.0,0.0,0.0,0.06,0.06,0.06,0.06
c3957531,12663.72,11736.35,12874.68,12563.72,12763.920000000207,573,200.2000000002081,last_tvt_minus_100,last_tvt_plus_100,0.019999999998617568,0.1,0.005,0.040000000000873115,0.09000000000014552,0.0,1.0,1.0,1.0,0.0,0.0,0.060000000000000005,0.06,0.060000000000000005,0.06
c42fe306,10965.09,10072.19,11077.56,10865.09,11065.290000000208,573,200.2000000002081,last_tvt_minus_100,last_tvt_plus_100,0.029999999998835847,0.1,0.005,0.06000000000130967,0.07000000000334694,0.0,1.0,1.0,1.0,0.0,0.0,0.06000000000000001,0.06,0.06000000000000001,0.06
c43812e2,12194.58,11332.45,12418.45,12094.58,12294.780000000208,573,200.2000000002081,last_tvt_minus_100,last_tvt_plus_100,0.050000000001091394,0.1,0.005,0.06000000000130967,0.22000000000298314,0.0001809299800977022,1.0,1.0,1.0,0.0,0.0,0.06000000000000001,0.06,0.06000000000000001,0.06
c472c0b5,10796.13,9891.6,10956.570000000002,10696.13,10896.330000000207,573,200.2000000002081,last_tvt_minus_100,last_tvt_plus_100,0.06000000000130967,0.10000000000130968,0.005000000000065484,0.07000000000152795,1.890000000001237,0.0003274394237066143,1.0,1.0,1.0,0.0,0.0,0.05999999999790449,0.05999999999790449,0.05999999999790449,0.05999999999790449
c47e0767,12153.58,11408.45,12366.95,12053.58,12253.780000000208,573,200.2000000002081,last_tvt_minus_100,last_tvt_plus_100,0.020000000000436557,0.1,0.005,0.049999999999272404,0.12000000000080036,0.009641873278236915,1.0,1.0,1.0,0.0,0.0,0.060000000000000005,0.06,0.060000000000000005,0.06
c50b42f6,10966.65,10066.64,11110.62,10866.65,11066.850000000208,573,200.2000000002081,last_tvt_minus_100,last_tvt_plus_100,-0.019999999998617568,0.1,0.005,0.039999999999054126,0.10000000000218279,0.004822081809112072,1.0,1.0,1.0,0.0,0.0,0.06000000000000001,0.06,0.06000000000000001,0.06
c593337f,12115.4,11442.95,12279.45,12015.4,12215.600000000208,573,200.2000000002081,last_tvt_minus_100,last_tvt_plus_100,0.030000000000654836,0.1,0.005,0.050000000001091394,0.48000000000138243,0.00019201228878648233,1.0,1.0,1.0,0.0,0.0,0.060000000000000005,0.06,0.060000000000000005,0.06
c59b6c4a,10944.88,10000.14,11110.62,10844.88,11045.080000000207,573,200.2000000002081,last_tvt_minus_100,last_tvt_plus_100,0.029999999998835847,0.1,0.005,0.030000000002473826,0.05000000000291038,0.0,1.0,1.0,1.0,0.0,0.0,0.06000000000000001,0.06,0.06000000000000001,0.06
c66be2b8,11366.95,10463.94,11537.41,11266.95,11467.150000000209,573,200.2000000002081,last_tvt_minus_100,last_tvt_plus_100,0.05999999999949068,0.1,0.005,0.05999999999949068,2.2699999999986176,0.00048146364949446316,1.0,1.0,1.0,0.0,0.0,0.060000000000000026,0.06,0.060000000000000026,0.06
c6797dd7,12033.740000000002,10991.7,12156.95,11933.740000000002,12133.94000000021,573,200.2000000002081,last_tvt_minus_100,last_tvt_plus_100,-0.040000000000873115,0.1,0.005,0.04999999999899955,0.07000000000152795,0.0,1.0,1.0,1.0,0.0,0.0,0.060000000000000005,0.06,0.060000000000000005,0.06
c6b782a4,11217.87,10326.59,11331.96,11117.87,11318.070000000209,573,200.2000000002081,last_tvt_minus_100,last_tvt_plus_100,0.05999999999949068,0.1,0.005,0.06000000000130967,0.07000000000152795,0.0,1.0,1.0,1.0,0.0,0.0,0.06,0.06,0.06,0.06
c6c96179,11117.92,10278.45,11366.45,11017.92,11218.120000000208,573,200.2000000002081,last_tvt_minus_100,last_tvt_plus_100,-0.029999999998835847,0.1,0.005,0.040000000002692104,0.05999999999949068,0.0,1.0,1.0,1.0,0.0,0.0,0.06000000000000003,0.06,0.06000000000000003,0.06
c70c0e01,12587.86,11827.95,12748.95,12487.86,12688.060000000209,573,200.2000000002081,last_tvt_minus_100,last_tvt_plus_100,-0.030000000000654836,0.1,0.005,0.07999999999810825,0.11000000000058208,0.007653061224489796,1.0,1.0,1.0,0.0,0.0,0.060000000000000005,0.06,0.060000000000000005,0.06
c84c65be,10055.26,9269.85,10236.85,9955.26,10155.460000000208,573,200.2000000002081,last_tvt_minus_100,last_tvt_plus_100,0.020000000000436557,0.1,0.005,0.07000000000243745,0.16000000000076398,0.012947269303201506,1.0,1.0,1.0,0.0,0.0,0.06000000000000001,0.06,0.06000000000000001,0.06
c8d9680c,11364.54,10849.820000000002,11537.41,11264.54,11464.740000000209,573,200.2000000002081,last_tvt_minus_100,last_tvt_plus_100,0.040000000002692104,0.1,0.005,0.06999999999970896,5.680000000000291,0.0001592103168285305,1.0,1.0,1.0,0.0,0.0,0.06000000000000002,0.06,0.06000000000000002,0.06
c908edd0,11348.79,10824.83,11537.41,11248.79,11448.990000000209,573,200.2000000002081,last_tvt_minus_100,last_tvt_plus_100,0.019999999998617568,0.1,0.005,0.049999999999272404,0.07000000000152795,0.0,1.0,1.0,1.0,0.0,0.0,0.060000000000000005,0.06,0.060000000000000005,0.06
c9578d27,11221.94,10544.45,11366.45,11121.94,11322.140000000209,573,200.2000000002081,last_tvt_minus_100,last_tvt_plus_100,0.020000000002255547,0.1,0.005,0.06999999999970896,0.09000000000196451,0.0,1.0,1.0,1.0,0.0,0.0,0.060000000000000005,0.06,0.060000000000000005,0.06
c96c018a,11350.13,10734.36,11537.41,11250.13,11450.330000000207,573,200.2000000002081,last_tvt_minus_100,last_tvt_plus_100,-0.049999999999272404,0.1,0.005,0.06000000000130967,0.13000000000101863,0.0036882617062219372,1.0,1.0,1.0,0.0,0.0,0.06000000000000001,0.06,0.06000000000000001,0.06
c99f9fae,12188.740000000002,11181.37,12325.65,12088.740000000002,12288.94000000021,573,200.2000000002081,last_tvt_minus_100,last_tvt_plus_100,-0.040000000000873115,0.1,0.005,0.06999999999970896,0.930000000000291,0.007388775349787769,1.0,1.0,1.0,0.0,0.0,0.06000000000000001,0.06,0.06000000000000001,0.06
c9e6734f,11202.85,10570.36,11331.96,11102.85,11303.050000000208,573,200.2000000002081,last_tvt_minus_100,last_tvt_plus_100,-0.040000000000873115,0.1,0.005,0.030000000000654836,0.05000000000291038,0.0,1.0,1.0,1.0,0.0,0.0,0.060000000000000005,0.06,0.060000000000000005,0.06
c9e980e8,11393.52,10419.95,11537.41,11293.52,11493.720000000209,573,200.2000000002081,last_tvt_minus_100,last_tvt_plus_100,-0.07999999999992724,0.11999999999992725,0.005999999999996362,0.059999999997671694,0.13000000000283762,0.005964670796054141,1.0,1.0,1.0,0.0,0.0,0.035555555555622904,0.035555555555622904,0.035555555555622904,0.035555555555622904
c9fedcf3,12122.05,11368.45,12279.45,12022.05,12222.250000000207,573,200.2000000002081,last_tvt_minus_100,last_tvt_plus_100,-0.030000000000654836,0.1,0.005,0.040000000000873115,0.050000000001091394,0.0,1.0,1.0,1.0,0.0,0.0,0.06000000000000002,0.06,0.06000000000000002,0.06
cad13e8f,12753.01,11688.88,12976.83,12653.01,12853.210000000208,573,200.2000000002081,last_tvt_minus_100,last_tvt_plus_100,-0.030000000000654836,0.1,0.005,0.05999999999949068,0.07000000000152795,0.0,1.0,1.0,1.0,0.0,0.0,0.06,0.06,0.06,0.06
cb34231f,12759.81,11803.88,12976.83,12659.81,12860.010000000208,573,200.2000000002081,last_tvt_minus_100,last_tvt_plus_100,-0.010000000000218279,0.1,0.005,0.059999999997671694,0.08000000000174623,0.0,1.0,1.0,1.0,0.0,0.0,0.06000000000000001,0.06,0.06000000000000001,0.06
cb879f40,10828.04,10238.33,11021.27,10728.04,10928.240000000209,573,200.2000000002081,last_tvt_minus_100,last_tvt_plus_100,0.040000000000873115,0.1,0.005,0.06000000000130967,0.08000000000174623,0.0,1.0,1.0,1.0,0.0,0.0,0.06000000000000001,0.06,0.06000000000000001,0.06
cbb406b5,11397.06,10525.43,11537.41,11297.06,11497.260000000208,573,200.2000000002081,last_tvt_minus_100,last_tvt_plus_100,0.0,0.1,0.005,0.06000000000130967,3.819999999999709,0.00015802781289506955,1.0,1.0,1.0,0.0,0.0,0.06000000000000001,0.06,0.06000000000000001,0.06
cbe51de1,12191.6,11571.58,12325.65,12091.6,12291.800000000208,573,200.2000000002081,last_tvt_minus_100,last_tvt_plus_100,-0.039999999999054126,0.1,0.005,0.06999999999970896,6.0900000000001455,0.0010093363613424174,1.0,1.0,1.0,0.0,0.0,0.06000000000000002,0.06,0.06000000000000002,0.06
cbe62450,10816.19,10222.33,11021.27,10716.19,10916.390000000209,573,200.2000000002081,last_tvt_minus_100,last_tvt_plus_100,0.020000000000436557,0.1,0.005,0.06000000000130967,2.9200000000000728,0.0007989773090444232,1.0,1.0,1.0,0.0,0.0,0.06000000000000002,0.06,0.06000000000000002,0.06
cc08aa63,11193.23,10471.81,11350.94,11093.23,11293.430000000208,573,200.2000000002081,last_tvt_minus_100,last_tvt_plus_100,0.030000000000654836,0.1,0.005,0.050000000001091394,0.06000000000130967,0.0,1.0,1.0,1.0,0.0,0.0,0.06000000000000002,0.06,0.06000000000000002,0.06
cc8a1d57,12054.77,11366.95,12202.95,11954.77,12154.970000000209,573,200.2000000002081,last_tvt_minus_100,last_tvt_plus_100,0.039999999999054126,0.1,0.005,0.050000000001091394,0.15999999999985448,0.0013558300692979813,1.0,1.0,1.0,0.0,0.0,0.06000000000000001,0.06,0.06000000000000001,0.06
ccedb12b,12670.12,11849.95,12873.45,12570.12,12770.320000000209,573,200.2000000002081,last_tvt_minus_100,last_tvt_plus_100,0.040000000000873115,0.1,0.005,0.050000000001091394,15.650000000003274,0.0004544421722335833,1.0,1.0,1.0,0.0,0.0,0.06,0.06,0.06,0.06
cd7f1687,11448.36,10611.45,11591.95,11348.36,11548.560000000209,573,200.2000000002081,last_tvt_minus_100,last_tvt_plus_100,0.049999999999272404,0.1,0.005,0.06999999999970896,0.09000000000196451,0.0,1.0,1.0,1.0,0.0,0.0,0.06000000000000001,0.06,0.06000000000000001,0.06
cda7eb37,12056.34,11370.95,12202.95,11956.34,12156.540000000208,573,200.2000000002081,last_tvt_minus_100,last_tvt_plus_100,0.010000000000218279,0.1,0.005,0.06999999999970896,0.09000000000196451,0.0,1.0,1.0,1.0,0.0,0.0,0.06000000000000002,0.06,0.06000000000000002,0.06
cdc31d65,12090.43,11208.45,12366.95,11990.43,12190.630000000208,573,200.2000000002081,last_tvt_minus_100,last_tvt_plus_100,-0.030000000000654836,0.1,0.005,0.040000000000873115,1.9599999999991269,0.00020661157024793388,1.0,1.0,1.0,0.0,0.0,0.06,0.06,0.06,0.06
cdc60a53,11207.88,10406.45,11366.45,11107.88,11308.080000000207,573,200.2000000002081,last_tvt_minus_100,last_tvt_plus_100,0.020000000000436557,0.1,0.005,0.05000000000291038,0.08000000000174623,0.0,1.0,1.0,1.0,0.0,0.0,0.06000000000000001,0.06,0.06000000000000001,0.06
ce55ba43,11432.77,10951.37,11594.55,11332.77,11532.970000000209,573,200.2000000002081,last_tvt_minus_100,last_tvt_plus_100,0.020000000000436557,0.1,0.005,0.050000000001091394,1.2999999999992724,0.0012183235867446393,1.0,1.0,1.0,0.0,0.0,0.060000000000000026,0.06,0.060000000000000026,0.06
ce8399b7,11184.3,10224.73,11331.96,11084.3,11284.500000000207,573,200.2000000002081,last_tvt_minus_100,last_tvt_plus_100,-0.039999999999054126,0.1,0.005,0.06999999999970896,0.08000000000174623,0.0,1.0,1.0,1.0,0.0,0.0,0.06000000000000002,0.06,0.06000000000000002,0.06
cf50c9d1,11223.79,10386.77,11331.96,11123.79,11323.990000000209,573,200.2000000002081,last_tvt_minus_100,last_tvt_plus_100,0.050000000001091394,0.1,0.005,0.06000000000130967,0.2900000000008731,0.0012350761630300535,1.0,1.0,1.0,0.0,0.0,0.060000000000000005,0.06,0.060000000000000005,0.06
d00e7eb9,10932.16,10158.45,10963.45,10832.16,11003.660000000178,491,171.50000000017826,last_tvt_minus_100,typewell_max_plus_40,-0.010000000000218279,0.1,0.005,0.049999999999272404,0.06000000000130967,0.0,1.0,1.0,1.0,0.0,0.0,0.06000000000000002,0.06,0.06000000000000002,0.06
d011f41b,11169.75,10560.53,11311.5,11069.75,11269.950000000208,573,200.2000000002081,last_tvt_minus_100,last_tvt_plus_100,-0.010000000002037268,0.1,0.005,0.050000000001091394,0.10000000000218279,0.004411116012351125,1.0,1.0,1.0,0.0,0.0,0.060000000000000005,0.06,0.060000000000000005,0.06
d07aed8f,12375.28,11566.1,12652.570000000002,12275.28,12475.480000000209,573,200.2000000002081,last_tvt_minus_100,last_tvt_plus_100,-0.01999999999679858,0.1,0.005,0.020000000000436557,0.030000000002473826,0.0,1.0,1.0,1.0,0.0,0.0,0.06000000000000001,0.06,0.06000000000000001,0.06
d085e611,10911.490000000002,10207.83,11021.27,10811.490000000002,11011.69000000021,573,200.2000000002081,last_tvt_minus_100,last_tvt_plus_100,-0.039999999999054126,0.1,0.005,0.06000000000130967,0.11999999999898137,0.0051687934097884025,1.0,1.0,1.0,0.0,0.0,0.060000000000000026,0.06,0.060000000000000026,0.06
d0a0e7b5,10903.08,10362.820000000002,11021.27,10803.08,11003.280000000208,573,200.2000000002081,last_tvt_minus_100,last_tvt_plus_100,0.020000000000436557,0.1,0.005,0.050000000001091394,0.06999999999788997,0.0,1.0,1.0,1.0,0.0,0.0,0.060000000000000026,0.06,0.060000000000000026,0.06
d0a43760,11180.53,10612.820000000002,11331.96,11080.53,11280.730000000209,573,200.2000000002081,last_tvt_minus_100,last_tvt_plus_100,-0.020000000000436557,0.1,0.005,0.030000000000654836,0.050000000001091394,0.0,1.0,1.0,1.0,0.0,0.0,0.060000000000000026,0.06,0.060000000000000026,0.06
d0cb63ae,11044.69,10238.45,11122.45,10944.69,11144.890000000209,573,200.2000000002081,last_tvt_minus_100,last_tvt_plus_100,0.06999999999970896,0.10999999999970897,0.005499999999985449,0.10000000000218279,0.4500000000025466,0.04556768140915183,1.0,1.0,1.0,0.0,0.0,0.046115702479688665,0.04611570247968867,0.046115702479688665,0.04611570247968867
d114d9c2,10965.77,10467.63,11110.62,10865.77,11065.970000000209,573,200.2000000002081,last_tvt_minus_100,last_tvt_plus_100,0.019999999998617568,0.1,0.005,0.039999999999054126,0.050000000001091394,0.0,1.0,1.0,1.0,0.0,0.0,0.06000000000000002,0.06,0.06000000000000002,0.06
d1457cc5,10704.67,9748.45,10845.45,10604.67,10804.870000000208,573,200.2000000002081,last_tvt_minus_100,last_tvt_plus_100,0.020000000000436557,0.1,0.005,0.050000000001091394,1.8700000000008004,0.000722543352601156,1.0,1.0,1.0,0.0,0.0,0.060000000000000026,0.06,0.060000000000000026,0.06
d1ecf309,11040.04,10113.95,11122.45,10940.04,11140.240000000209,573,200.2000000002081,last_tvt_minus_100,last_tvt_plus_100,0.030000000002473826,0.1,0.005,0.050000000001091394,0.07000000000152795,0.0,1.0,1.0,1.0,0.0,0.0,0.060000000000000026,0.06,0.060000000000000026,0.06
d1ee630d,11345.820000000002,10712.36,11537.41,11245.820000000002,11446.02000000021,573,200.2000000002081,last_tvt_minus_100,last_tvt_plus_100,-0.040000000000873115,0.1,0.005,0.06999999999970896,0.18000000000029104,0.000794912559618442,1.0,1.0,1.0,0.0,0.0,0.06000000000000001,0.06,0.06000000000000001,0.06
d217e0c5,11432.02,10602.92,11594.55,11332.02,11532.220000000209,573,200.2000000002081,last_tvt_minus_100,last_tvt_plus_100,-0.039999999999054126,0.1,0.005,0.05000000000291038,0.07000000000334694,0.0,1.0,1.0,1.0,0.0,0.0,0.060000000000000026,0.06,0.060000000000000026,0.06
d24ff243,11207.43,10588.95,11366.45,11107.43,11307.630000000208,573,200.2000000002081,last_tvt_minus_100,last_tvt_plus_100,-0.039999999999054126,0.1,0.005,0.040000000000873115,1.9699999999993452,0.0001772735330615139,1.0,1.0,1.0,0.0,0.0,0.060000000000000005,0.06,0.060000000000000005,0.06
d273674e,11954.09,10880.7,12156.95,11854.09,12054.290000000208,573,200.2000000002081,last_tvt_minus_100,last_tvt_plus_100,0.030000000000654836,0.1,0.005,0.049999999999272404,0.06000000000130967,0.0,1.0,1.0,1.0,0.0,0.0,0.06000000000000002,0.06,0.06000000000000002,0.06
d2f3b1ab,11157.1,10618.45,11366.45,11057.1,11257.300000000208,573,200.2000000002081,last_tvt_minus_100,last_tvt_plus_100,-0.020000000002255547,0.1,0.005,0.06999999999788997,0.20000000000254659,0.00035835871707579287,1.0,1.0,1.0,0.0,0.0,0.060000000000000005,0.06,0.060000000000000005,0.06
d3df146b,12209.54,11585.820000000002,12325.65,12109.54,12309.740000000209,573,200.2000000002081,last_tvt_minus_100,last_tvt_plus_100,-0.030000000000654836,0.1,0.005,0.040000000000873115,2.0599999999994907,0.0005184033177812338,1.0,1.0,1.0,0.0,0.0,0.06000000000000001,0.06,0.06000000000000001,0.06
d40f61d5,11201.06,10409.95,11366.45,11101.06,11301.260000000208,573,200.2000000002081,last_tvt_minus_100,last_tvt_plus_100,-0.030000000000654836,0.1,0.005,0.050000000001091394,0.8600000000005821,0.0007427581084426838,1.0,1.0,1.0,0.0,0.0,0.06000000000000002,0.06,0.06000000000000002,0.06
d41beaf2,11225.78,10405.25,11331.96,11125.78,11325.980000000209,573,200.2000000002081,last_tvt_minus_100,last_tvt_plus_100,0.049999999999272404,0.1,0.005,0.05999999999949068,0.07000000000152795,0.0,1.0,1.0,1.0,0.0,0.0,0.060000000000000005,0.06,0.060000000000000005,0.06
d463e527,12211.240000000002,11070.64,12325.65,12111.240000000002,12311.44000000021,573,200.2000000002081,last_tvt_minus_100,last_tvt_plus_100,0.010000000000218279,0.1,0.005,0.050000000001091394,0.7800000000006548,0.0004195510803440319,1.0,1.0,1.0,0.0,0.0,0.06,0.06,0.06,0.06
d4f60a28,12546.48,11527.38,12874.68,12446.48,12646.680000000208,573,200.2000000002081,last_tvt_minus_100,last_tvt_plus_100,-0.010000000000218279,0.1,0.005,0.06000000000130967,0.7000000000007276,0.00044434570095534326,1.0,1.0,1.0,0.0,0.0,0.06,0.06,0.06,0.06
d50c649a,11914.25,11293.4,12051.84,11814.25,12014.450000000208,573,200.2000000002081,last_tvt_minus_100,last_tvt_plus_100,0.040000000000873115,0.1,0.005,0.06999999999970896,2.2300000000013824,0.0020521239482864766,1.0,1.0,1.0,0.0,0.0,0.06,0.06,0.06,0.06
d543916f,10875.77,10308.83,11021.27,10775.77,10975.970000000209,573,200.2000000002081,last_tvt_minus_100,last_tvt_plus_100,-0.05999999999949068,0.1,0.005,0.08999999999832653,4.030000000000655,0.03709106063763284,1.0,1.0,1.0,0.0,0.0,0.06000000000000001,0.06,0.06000000000000001,0.06
d5df0ff5,12058.95,11617.95,12181.95,11958.95,12159.150000000209,573,200.2000000002081,last_tvt_minus_100,last_tvt_plus_100,0.040000000000873115,0.1,0.005,0.05999999999949068,0.819999999999709,0.000248015873015873,1.0,1.0,1.0,0.0,0.0,0.060000000000000026,0.06,0.060000000000000026,0.06
d60430e6,11204.22,10504.45,11238.45,11104.22,11278.52000000018,499,174.30000000018117,last_tvt_minus_100,typewell_max_plus_40,0.030000000000654836,0.1,0.005,0.06999999999970896,2.529999999998836,0.017921146953405017,1.0,1.0,1.0,0.0,0.0,0.06000000000000001,0.06,0.06000000000000001,0.06
d63196fe,12057.08,11443.45,12202.95,11957.08,12157.280000000208,573,200.2000000002081,last_tvt_minus_100,last_tvt_plus_100,0.049999999999272404,0.1,0.005,0.049999999999272404,0.06000000000312866,0.0,1.0,1.0,1.0,0.0,0.0,0.060000000000000005,0.06,0.060000000000000005,0.06
d6c320d9,11167.64,10613.95,11366.45,11067.64,11267.840000000208,573,200.2000000002081,last_tvt_minus_100,last_tvt_plus_100,-0.010000000000218279,0.1,0.005,0.05999999999949068,2.2000000000007276,0.00018341892883345562,1.0,1.0,1.0,0.0,0.0,0.06000000000000002,0.06,0.06000000000000002,0.06
d6dd7330,11943.55,11367.7,12156.95,11843.55,12043.750000000207,573,200.2000000002081,last_tvt_minus_100,last_tvt_plus_100,0.020000000000436557,0.1,0.005,0.050000000001091394,0.07999999999992724,0.0,1.0,1.0,1.0,0.0,0.0,0.06000000000000002,0.06,0.06000000000000002,0.06
d7ba4f9d,12606.42,11928.95,12748.95,12506.42,12706.620000000208,573,200.2000000002081,last_tvt_minus_100,last_tvt_plus_100,-0.030000000000654836,0.1,0.005,0.07000000000152795,1.0599999999994907,0.0004980906524987548,1.0,1.0,1.0,0.0,0.0,0.06000000000000002,0.06,0.06000000000000002,0.06
d7eb0be8,12730.83,11940.95,12987.45,12630.83,12831.030000000208,573,200.2000000002081,last_tvt_minus_100,last_tvt_plus_100,0.049999999999272404,0.1,0.005,0.07999999999810825,0.09000000000196451,0.0,1.0,1.0,1.0,0.0,0.0,0.06000000000000001,0.06,0.06000000000000001,0.06
d84b621b,11205.51,10420.95,11366.45,11105.51,11305.710000000208,573,200.2000000002081,last_tvt_minus_100,last_tvt_plus_100,0.030000000000654836,0.1,0.005,0.050000000001091394,0.1499999999996362,0.0002503755633450175,1.0,1.0,1.0,0.0,0.0,0.060000000000000026,0.06,0.060000000000000026,0.06
d90aa14c,10916.87,10100.45,10963.45,10816.87,11003.770000000195,535,186.90000000019427,last_tvt_minus_100,typewell_max_plus_40,0.020000000000436557,0.1,0.005,0.050000000001091394,9.050000000001091,0.0002994609702535436,1.0,1.0,1.0,0.0,0.0,0.060000000000000005,0.06,0.060000000000000005,0.06
d924e971,12029.45,11027.7,12156.95,11929.45,12129.650000000209,573,200.2000000002081,last_tvt_minus_100,last_tvt_plus_100,0.040000000002692104,0.1,0.005,0.08999999999832653,0.7199999999993452,0.018530150753768845,1.0,1.0,1.0,0.0,0.0,0.06000000000000002,0.06,0.06000000000000002,0.06
d9ae59b2,11039.17,10369.95,11122.45,10939.17,11139.370000000208,573,200.2000000002081,last_tvt_minus_100,last_tvt_plus_100,-0.040000000000873115,0.1,0.005,0.06999999999970896,1.679999999998472,0.017269736842105265,1.0,1.0,1.0,0.0,0.0,0.060000000000000026,0.06,0.060000000000000026,0.06
d9d6d94d,12625.34,12030.95,12873.45,12525.34,12725.540000000208,573,200.2000000002081,last_tvt_minus_100,last_tvt_plus_100,0.019999999998617568,0.1,0.005,0.06000000000130967,1.5199999999986176,0.0010164667615368977,1.0,1.0,1.0,0.0,0.0,0.06000000000000001,0.06,0.06000000000000001,0.06
d9eca87b,10984.61,10242.13,11110.62,10884.61,11084.810000000209,573,200.2000000002081,last_tvt_minus_100,last_tvt_plus_100,0.039999999999054126,0.1,0.005,0.040000000000873115,0.06000000000130967,0.0,1.0,1.0,1.0,0.0,0.0,0.06000000000000002,0.06,0.06000000000000002,0.06
da2d4d7c,12250.56,11802.45,12366.95,12150.56,12350.760000000208,573,200.2000000002081,last_tvt_minus_100,last_tvt_plus_100,-0.020000000002255547,0.1,0.005,0.050000000001091394,0.09000000000196451,0.0,1.0,1.0,1.0,0.0,0.0,0.06000000000000001,0.06,0.06000000000000001,0.06
da3bfe4e,10996.19,10436.13,11110.62,10896.19,11096.390000000209,573,200.2000000002081,last_tvt_minus_100,last_tvt_plus_100,-0.020000000000436557,0.1,0.005,0.040000000000873115,0.10000000000218279,0.0009010632546404757,1.0,1.0,1.0,0.0,0.0,0.06000000000000001,0.06,0.06000000000000001,0.06
da3cf798,10779.490000000002,9970.17,10881.6,10679.490000000002,10879.69000000021,573,200.2000000002081,last_tvt_minus_100,last_tvt_plus_100,0.029999999998835847,0.1,0.005,0.06000000000130967,1.7200000000011642,0.0023956194387405884,1.0,1.0,1.0,0.0,0.0,0.06000000000000002,0.06,0.06000000000000002,0.06
da940160,11367.19,10497.93,11537.41,11267.19,11467.390000000209,573,200.2000000002081,last_tvt_minus_100,last_tvt_plus_100,0.029999999998835847,0.1,0.005,0.049999999999272404,0.499999999998181,0.002533125487139517,1.0,1.0,1.0,0.0,0.0,0.06000000000000001,0.06,0.06000000000000001,0.06
dafc88c3,11194.320000000002,10701.95,11366.45,11094.320000000002,11294.52000000021,573,200.2000000002081,last_tvt_minus_100,last_tvt_plus_100,-0.050000000001091394,0.1,0.005,0.040000000000873115,1.639999999997599,0.0003589375448671931,1.0,1.0,1.0,0.0,0.0,0.06000000000000001,0.06,0.06000000000000001,0.06
dbee6c86,12591.84,11726.95,12748.95,12491.84,12692.040000000208,573,200.2000000002081,last_tvt_minus_100,last_tvt_plus_100,0.030000000000654836,0.1,0.005,0.050000000001091394,0.11000000000240107,0.01085628986293934,1.0,1.0,1.0,0.0,0.0,0.06000000000000002,0.06,0.06000000000000002,0.06
dc5fbe29,12047.1,11268.95,12202.95,11947.1,12147.300000000208,573,200.2000000002081,last_tvt_minus_100,last_tvt_plus_100,-0.030000000000654836,0.1,0.005,0.05999999999949068,0.07000000000152795,0.0,1.0,1.0,1.0,0.0,0.0,0.06000000000000001,0.06,0.06000000000000001,0.06
dc7da28f,10955.19,10074.19,11077.56,10855.19,11055.390000000209,573,200.2000000002081,last_tvt_minus_100,last_tvt_plus_100,-0.020000000000436557,0.1,0.005,0.039999999999054126,1.1600000000016735,0.0008378718056137411,1.0,1.0,1.0,0.0,0.0,0.06000000000000001,0.06,0.06000000000000001,0.06
dc7f9757,11050.320000000002,10197.95,11122.45,10950.320000000002,11150.52000000021,573,200.2000000002081,last_tvt_minus_100,last_tvt_plus_100,-0.010000000000218279,0.1,0.005,0.040000000000873115,1.9399999999986903,0.00045871559633027525,1.0,1.0,1.0,0.0,0.0,0.060000000000000005,0.06,0.060000000000000005,0.06
dd168de0,11002.35,10267.91,11145.28,10902.35,11102.550000000208,573,200.2000000002081,last_tvt_minus_100,last_tvt_plus_100,0.040000000000873115,0.1,0.005,0.06999999999970896,3.5799999999999272,0.002421307506053269,1.0,1.0,1.0,0.0,0.0,0.06000000000000002,0.06,0.06000000000000002,0.06
dd64382d,10824.14,9976.97,10963.71,10724.14,10924.340000000208,573,200.2000000002081,last_tvt_minus_100,last_tvt_plus_100,0.050000000001091394,0.1,0.005,0.05999999999949068,0.10000000000218279,0.003201024327784891,1.0,1.0,1.0,0.0,0.0,0.06000000000000002,0.06,0.06000000000000002,0.06
dd6bc5b2,11145.39,10035.05,11311.5,11045.39,11245.590000000208,573,200.2000000002081,last_tvt_minus_100,last_tvt_plus_100,-0.020000000000436557,0.1,0.005,0.049999999999272404,0.06999999999970896,0.0,1.0,1.0,1.0,0.0,0.0,0.06000000000000002,0.06,0.06000000000000002,0.06
dd7d638e,11194.27,10414.320000000002,11350.94,11094.27,11294.470000000209,573,200.2000000002081,last_tvt_minus_100,last_tvt_plus_100,0.030000000000654836,0.1,0.005,0.040000000002692104,1.0399999999990541,0.00023250406882120437,1.0,1.0,1.0,0.0,0.0,0.06000000000000001,0.06,0.06000000000000001,0.06
ddc790ff,11314.96,10413.45,11537.41,11214.96,11415.160000000207,573,200.2000000002081,last_tvt_minus_100,last_tvt_plus_100,0.029999999998835847,0.1,0.005,0.050000000001091394,0.08000000000174623,0.0,1.0,1.0,1.0,0.0,0.0,0.06000000000000001,0.06,0.06000000000000001,0.06
df71d1ff,10959.0,10276.13,11110.62,10859.0,11059.200000000208,573,200.2000000002081,last_tvt_minus_100,last_tvt_plus_100,-0.039999999999054126,0.1,0.005,0.06999999999970896,0.19000000000050932,0.007707129094412331,1.0,1.0,1.0,0.0,0.0,0.06000000000000002,0.06,0.06000000000000002,0.06
df73b8f3,12554.65,11770.45,12748.95,12454.65,12654.850000000208,573,200.2000000002081,last_tvt_minus_100,last_tvt_plus_100,-0.030000000000654836,0.1,0.005,0.07999999999992724,1.3500000000003638,0.025983807192619092,1.0,1.0,1.0,0.0,0.0,0.06000000000000002,0.06,0.06000000000000002,0.06
df8290be,11220.64,10498.45,11366.45,11120.64,11320.840000000208,573,200.2000000002081,last_tvt_minus_100,last_tvt_plus_100,-0.00999999999839929,0.1,0.005,0.06999999999970896,0.23999999999978172,0.006042296072507553,1.0,1.0,1.0,0.0,0.0,0.060000000000000026,0.06,0.060000000000000026,0.06
e0079ed1,10958.18,10345.45,11136.45,10858.18,11058.380000000208,573,200.2000000002081,last_tvt_minus_100,last_tvt_plus_100,-0.020000000000436557,0.1,0.005,0.06999999999970896,0.09000000000196451,0.0,1.0,1.0,1.0,0.0,0.0,0.06000000000000002,0.06,0.06000000000000002,0.06
e03b45fd,12806.71,12004.95,12981.95,12706.71,12906.910000000207,573,200.2000000002081,last_tvt_minus_100,last_tvt_plus_100,0.050000000001091394,0.1,0.005,0.08000000000174623,6.130000000001019,0.0054286783976038935,1.0,1.0,1.0,0.0,0.0,0.060000000000000005,0.06,0.060000000000000005,0.06
e0f36d98,11349.3,10691.42,11594.55,11249.3,11449.500000000207,573,200.2000000002081,last_tvt_minus_100,last_tvt_plus_100,-0.010000000002037268,0.1,0.005,0.050000000001091394,3.8099999999994907,0.0028135048231511255,1.0,1.0,1.0,0.0,0.0,0.06000000000000001,0.06,0.06000000000000001,0.06
e149204f,10965.53,10441.13,11110.62,10865.53,11065.730000000209,573,200.2000000002081,last_tvt_minus_100,last_tvt_plus_100,-0.040000000000873115,0.1,0.005,0.050000000001091394,0.08000000000174623,0.0,1.0,1.0,1.0,0.0,0.0,0.06000000000000002,0.06,0.06000000000000002,0.06
e14d641e,11231.85,10434.95,11366.45,11131.85,11332.050000000208,573,200.2000000002081,last_tvt_minus_100,last_tvt_plus_100,0.019999999998617568,0.1,0.005,0.050000000001091394,0.8999999999996362,0.000314070351758794,1.0,1.0,1.0,0.0,0.0,0.06000000000000002,0.06,0.06000000000000002,0.06
e161bd0c,12218.58,11245.95,12366.95,12118.58,12318.780000000208,573,200.2000000002081,last_tvt_minus_100,last_tvt_plus_100,-0.029999999998835847,0.1,0.005,0.040000000000873115,1.1499999999996362,0.001017293997965412,1.0,1.0,1.0,0.0,0.0,0.06000000000000002,0.06,0.06000000000000002,0.06
e201fd6d,12517.570000000002,11704.59,12652.570000000002,12417.570000000002,12617.77000000021,573,200.2000000002081,last_tvt_minus_100,last_tvt_plus_100,0.020000000000436557,0.1,0.005,0.06000000000130967,0.07000000000334694,0.0,1.0,1.0,1.0,0.0,0.0,0.06000000000000001,0.06,0.06000000000000001,0.06
e25f1537,10787.18,9969.67,10881.6,10687.18,10887.380000000208,573,200.2000000002081,last_tvt_minus_100,last_tvt_plus_100,0.05999999999949068,0.1,0.005,0.06999999999788997,0.08000000000356522,0.0,1.0,1.0,1.0,0.0,0.0,0.06000000000000002,0.06,0.06000000000000002,0.06
e2fc7745,11981.26,11178.45,12181.95,11881.26,12081.460000000208,573,200.2000000002081,last_tvt_minus_100,last_tvt_plus_100,0.040000000000873115,0.1,0.005,0.06450000000076943,0.11000000000240107,0.023293607800650054,1.0,1.0,1.0,0.0,0.0,0.06000000000000002,0.06,0.06000000000000002,0.06
e32da4ec,11986.19,11500.45,12181.95,11886.19,12086.390000000209,573,200.2000000002081,last_tvt_minus_100,last_tvt_plus_100,0.030000000002473826,0.1,0.005,0.06000000000130967,2.959999999999127,0.0008530603540200469,1.0,1.0,1.0,0.0,0.0,0.060000000000000005,0.06,0.060000000000000005,0.06
e3b34f5b,10966.87,10314.45,11136.45,10866.87,11067.070000000209,573,200.2000000002081,last_tvt_minus_100,last_tvt_plus_100,-0.020000000000436557,0.1,0.005,0.050000000001091394,0.4400000000005093,0.00018331805682859762,1.0,1.0,1.0,0.0,0.0,0.06000000000000001,0.06,0.06000000000000001,0.06
e45a2a62,11212.01,10548.95,11366.45,11112.01,11312.210000000208,573,200.2000000002081,last_tvt_minus_100,last_tvt_plus_100,0.020000000000436557,0.1,0.005,0.06999999999970896,1.9699999999993452,0.008188536049530657,1.0,1.0,1.0,0.0,0.0,0.06000000000000001,0.06,0.06000000000000001,0.06
e46f4ef4,12487.9,11735.59,12652.570000000002,12387.9,12588.100000000208,573,200.2000000002081,last_tvt_minus_100,last_tvt_plus_100,-0.039999999999054126,0.1,0.005,0.040000000000873115,0.07000000000334694,0.0,1.0,1.0,1.0,0.0,0.0,0.060000000000000026,0.06,0.060000000000000026,0.06
e4726608,11958.94,11380.95,12181.95,11858.94,12059.140000000209,573,200.2000000002081,last_tvt_minus_100,last_tvt_plus_100,0.029999999998835847,0.1,0.005,0.050000000001091394,0.6400000000012369,0.0004225649693640397,1.0,1.0,1.0,0.0,0.0,0.060000000000000005,0.06,0.060000000000000005,0.06
e5864244,12725.62,11985.84,12874.68,12625.62,12825.820000000209,573,200.2000000002081,last_tvt_minus_100,last_tvt_plus_100,0.0,0.1,0.005,0.05999999999949068,0.07999999999992724,0.0,1.0,1.0,1.0,0.0,0.0,0.06,0.06,0.06,0.06
e5c92e59,12205.0,11524.08,12325.65,12105.0,12305.200000000208,573,200.2000000002081,last_tvt_minus_100,last_tvt_plus_100,0.030000000000654836,0.1,0.005,0.06999999999970896,1.6999999999989086,0.0009313154831199069,1.0,1.0,1.0,0.0,0.0,0.06000000000000001,0.06,0.06000000000000001,0.06
e5ff9fd2,11760.83,10862.45,11871.45,11660.83,11861.030000000208,573,200.2000000002081,last_tvt_minus_100,last_tvt_plus_100,0.020000000000436557,0.1,0.005,0.050000000001091394,0.09000000000196451,0.0,1.0,1.0,1.0,0.0,0.0,0.060000000000000005,0.06,0.060000000000000005,0.06
e6c55748,11215.64,10583.45,11366.45,11115.64,11315.840000000208,573,200.2000000002081,last_tvt_minus_100,last_tvt_plus_100,-0.040000000000873115,0.1,0.005,0.040000000000873115,2.6899999999986903,0.0015652951699463328,1.0,1.0,1.0,0.0,0.0,0.06000000000000001,0.06,0.06000000000000001,0.06
e730c32b,11366.070000000002,10444.45,11537.41,11266.070000000002,11466.27000000021,573,200.2000000002081,last_tvt_minus_100,last_tvt_plus_100,0.020000000000436557,0.1,0.005,0.06000000000130967,0.17000000000189175,0.0035956006768189507,1.0,1.0,1.0,0.0,0.0,0.06000000000000001,0.06,0.06000000000000001,0.06
e737965a,10935.88,10268.08,11077.56,10835.88,11036.080000000207,573,200.2000000002081,last_tvt_minus_100,last_tvt_plus_100,0.039999999999054126,0.1,0.005,0.06000000000130967,0.09000000000014552,0.0,1.0,1.0,1.0,0.0,0.0,0.06000000000000002,0.06,0.06000000000000002,0.06
e748dd88,12028.33,11458.7,12156.95,11928.33,12128.530000000208,573,200.2000000002081,last_tvt_minus_100,last_tvt_plus_100,-0.039999999999054126,0.1,0.005,0.040000000000873115,0.9299999999966531,0.00041562759767248546,1.0,1.0,1.0,0.0,0.0,0.060000000000000005,0.06,0.060000000000000005,0.06
e7818f7a,11022.87,10361.95,11122.45,10922.87,11123.070000000209,573,200.2000000002081,last_tvt_minus_100,last_tvt_plus_100,-0.039999999999054126,0.1,0.005,0.07999999999810825,3.5200000000004366,0.008564513126047292,1.0,1.0,1.0,0.0,0.0,0.06000000000000001,0.06,0.06000000000000001,0.06
e7c36e81,11191.13,10235.88,11350.94,11091.13,11291.330000000207,573,200.2000000002081,last_tvt_minus_100,last_tvt_plus_100,0.030000000000654836,0.1,0.005,0.050000000001091394,0.11000000000240107,0.002832058906825262,1.0,1.0,1.0,0.0,0.0,0.06000000000000002,0.06,0.06000000000000002,0.06
e7d0c1de,11319.1,10544.42,11537.41,11219.1,11419.300000000208,573,200.2000000002081,last_tvt_minus_100,last_tvt_plus_100,-0.030000000000654836,0.1,0.005,0.05999999999949068,0.08000000000174623,0.0,1.0,1.0,1.0,0.0,0.0,0.060000000000000005,0.06,0.060000000000000005,0.06
e85074c5,10992.31,10390.37,11145.28,10892.31,11092.510000000208,573,200.2000000002081,last_tvt_minus_100,last_tvt_plus_100,-0.030000000000654836,0.1,0.005,0.039999999999054126,0.09000000000014552,0.0,1.0,1.0,1.0,0.0,0.0,0.06000000000000002,0.06,0.06000000000000002,0.06
e97032ad,11191.16,10224.88,11350.94,11091.16,11291.360000000208,573,200.2000000002081,last_tvt_minus_100,last_tvt_plus_100,0.030000000000654836,0.1,0.005,0.050000000001091394,0.08000000000174623,0.0,1.0,1.0,1.0,0.0,0.0,0.06000000000000002,0.06,0.06000000000000002,0.06
e9949a23,12051.17,11144.95,12202.95,11951.17,12151.370000000208,573,200.2000000002081,last_tvt_minus_100,last_tvt_plus_100,0.030000000000654836,0.1,0.005,0.050000000001091394,0.09000000000014552,0.0,1.0,1.0,1.0,0.0,0.0,0.05999999999999999,0.06,0.05999999999999999,0.06
ea0b99b7,12518.2,11839.45,12748.95,12418.2,12618.400000000209,573,200.2000000002081,last_tvt_minus_100,last_tvt_plus_100,-0.029999999998835847,0.1,0.005,0.06000000000130967,0.09000000000196451,0.0,1.0,1.0,1.0,0.0,0.0,0.060000000000000005,0.06,0.060000000000000005,0.06
ea3a0e38,10951.42,10223.7,11136.45,10851.42,11051.620000000208,573,200.2000000002081,last_tvt_minus_100,last_tvt_plus_100,-0.029999999998835847,0.1,0.005,0.040000000000873115,3.7299999999995634,0.0009948269001193793,1.0,1.0,1.0,0.0,0.0,0.06000000000000001,0.06,0.06000000000000001,0.06
ea41324e,11356.37,10658.88,11537.41,11256.37,11456.570000000209,573,200.2000000002081,last_tvt_minus_100,last_tvt_plus_100,-0.030000000000654836,0.1,0.005,0.050000000001091394,1.4699999999993452,0.0013930348258706469,1.0,1.0,1.0,0.0,0.0,0.06000000000000001,0.06,0.06000000000000001,0.06
eabc711b,11869.94,10944.4,12051.84,11769.94,11970.140000000209,573,200.2000000002081,last_tvt_minus_100,last_tvt_plus_100,0.030000000000654836,0.1,0.005,0.040000000002692104,0.11000000000058208,0.0016828721017202693,1.0,1.0,1.0,0.0,0.0,0.06,0.06,0.06,0.06
eac10e86,10950.3,10387.63,11110.62,10850.3,11050.500000000207,573,200.2000000002081,last_tvt_minus_100,last_tvt_plus_100,-0.010000000000218279,0.1,0.005,0.049999999999272404,0.07000000000152795,0.0,1.0,1.0,1.0,0.0,0.0,0.06000000000000002,0.06,0.06000000000000002,0.06
eafb863e,11189.63,10417.320000000002,11350.94,11089.63,11289.830000000207,573,200.2000000002081,last_tvt_minus_100,last_tvt_plus_100,0.020000000000436557,0.1,0.005,0.049999999999272404,0.06000000000130967,0.0,1.0,1.0,1.0,0.0,0.0,0.06000000000000002,0.06,0.06000000000000002,0.06
eb06a4e7,11373.76,10466.44,11537.41,11273.76,11473.960000000208,573,200.2000000002081,last_tvt_minus_100,last_tvt_plus_100,0.049999999999272404,0.1,0.005,0.050000000001091394,4.25,0.0002205071664829107,1.0,1.0,1.0,0.0,0.0,0.060000000000000005,0.06,0.060000000000000005,0.06
eb640a35,10862.51,10123.84,11021.27,10762.51,10962.710000000208,573,200.2000000002081,last_tvt_minus_100,last_tvt_plus_100,-0.030000000000654836,0.1,0.005,0.05999999999949068,3.600000000000364,0.00016564518800728838,1.0,1.0,1.0,0.0,0.0,0.06000000000000001,0.06,0.06000000000000001,0.06
eb934281,11944.54,11123.95,12279.45,11844.54,12044.740000000209,573,200.2000000002081,last_tvt_minus_100,last_tvt_plus_100,0.029999999998835847,0.1,0.005,0.030000000002473826,0.040000000002692104,0.0,1.0,1.0,1.0,0.0,0.0,0.06000000000000002,0.06,0.06000000000000002,0.06
eba6605e,11280.47,10529.95,11372.45,11180.47,11380.670000000207,573,200.2000000002081,last_tvt_minus_100,last_tvt_plus_100,0.020000000000436557,0.1,0.005,0.039999999999054126,0.07000000000152795,0.0,1.0,1.0,1.0,0.0,0.0,0.060000000000000005,0.06,0.060000000000000005,0.06
ebe69318,11178.59,10282.45,11366.45,11078.59,11278.790000000208,573,200.2000000002081,last_tvt_minus_100,last_tvt_plus_100,-0.020000000000436557,0.1,0.005,0.049999999999272404,4.399999999999636,0.0014067524115755627,1.0,1.0,1.0,0.0,0.0,0.06000000000000001,0.06,0.06000000000000001,0.06
ec0d597b,10936.98,10089.18,11077.56,10836.98,11037.180000000208,573,200.2000000002081,last_tvt_minus_100,last_tvt_plus_100,-0.039999999999054126,0.1,0.005,0.050000000001091394,0.12000000000080036,0.0010831889081455806,1.0,1.0,1.0,0.0,0.0,0.060000000000000005,0.06,0.060000000000000005,0.06
ec13af42,12212.5,11378.95,12366.95,12112.5,12312.700000000208,573,200.2000000002081,last_tvt_minus_100,last_tvt_plus_100,-0.00999999999839929,0.1,0.005,0.040000000000873115,0.2600000000002183,0.0001830831197363603,1.0,1.0,1.0,0.0,0.0,0.060000000000000005,0.06,0.060000000000000005,0.06
ecdab904,12169.8,11782.62,12285.1,12069.8,12270.000000000207,573,200.2000000002081,last_tvt_minus_100,last_tvt_plus_100,0.040000000000873115,0.1,0.005,0.06000000000130967,0.08000000000174623,0.0,1.0,1.0,1.0,0.0,0.0,0.06000000000000002,0.06,0.06000000000000002,0.06
ecdaf714,11013.31,10288.91,11145.28,10913.31,11113.510000000208,573,200.2000000002081,last_tvt_minus_100,last_tvt_plus_100,0.040000000000873115,0.1,0.005,0.06999999999970896,0.08000000000174623,0.0,1.0,1.0,1.0,0.0,0.0,0.06000000000000001,0.06,0.06000000000000001,0.06
ed6436d6,12230.94,11250.45,12366.95,12130.94,12331.140000000209,573,200.2000000002081,last_tvt_minus_100,last_tvt_plus_100,0.030000000000654836,0.1,0.005,0.050000000001091394,0.07000000000152795,0.0,1.0,1.0,1.0,0.0,0.0,0.06000000000000002,0.06,0.06000000000000002,0.06
ed6e6e54,11946.18,11542.2,12156.95,11846.18,12046.380000000208,573,200.2000000002081,last_tvt_minus_100,last_tvt_plus_100,0.039999999999054126,0.1,0.005,0.050000000001091394,0.10000000000218279,0.0038029100529100527,1.0,1.0,1.0,0.0,0.0,0.06000000000000002,0.06,0.06000000000000002,0.06
edf885a3,12280.14,11479.95,12366.95,12180.14,12380.340000000208,573,200.2000000002081,last_tvt_minus_100,last_tvt_plus_100,0.030000000000654836,0.1,0.005,0.050000000001091394,0.06000000000130967,0.0,1.0,1.0,1.0,0.0,0.0,0.06000000000000002,0.06,0.06000000000000002,0.06
ee0300f7,12528.47,11674.59,12652.570000000002,12428.47,12628.670000000207,573,200.2000000002081,last_tvt_minus_100,last_tvt_plus_100,-0.029999999998835847,0.1,0.005,0.030000000000654836,0.049999999997453415,0.0,1.0,1.0,1.0,0.0,0.0,0.06,0.06,0.06,0.06
ee288beb,11020.51,10399.45,11122.45,10920.51,11120.710000000208,573,200.2000000002081,last_tvt_minus_100,last_tvt_plus_100,-0.06999999999970896,0.10999999999970897,0.005499999999985449,0.050000000001091394,0.08000000000174623,0.0,1.0,1.0,1.0,0.0,0.0,0.046115702479688665,0.04611570247968867,0.046115702479688665,0.04611570247968867
ee4aecac,11746.45,11314.45,11871.45,11646.45,11846.650000000209,573,200.2000000002081,last_tvt_minus_100,last_tvt_plus_100,-0.010000000000218279,0.1,0.005,0.05999999999949068,1.9799999999995634,0.0003798670465337132,1.0,1.0,1.0,0.0,0.0,0.060000000000000005,0.06,0.060000000000000005,0.06
eeda36f5,12811.97,12355.45,12981.95,12711.97,12912.170000000207,573,200.2000000002081,last_tvt_minus_100,last_tvt_plus_100,-0.05999999999949068,0.1,0.005,0.06000000000130967,0.07000000000334694,0.0,1.0,1.0,1.0,0.0,0.0,0.06000000000000001,0.06,0.06000000000000001,0.06
eeed308d,11191.81,10507.95,11366.45,11091.81,11292.010000000208,573,200.2000000002081,last_tvt_minus_100,last_tvt_plus_100,-0.030000000000654836,0.1,0.005,0.049999999999272404,0.2000000000007276,0.00025647601949217746,1.0,1.0,1.0,0.0,0.0,0.06000000000000002,0.06,0.06000000000000002,0.06
ef04658e,10775.26,9958.67,10881.6,10675.26,10875.460000000208,573,200.2000000002081,last_tvt_minus_100,last_tvt_plus_100,0.039999999999054126,0.1,0.005,0.050000000001091394,0.08000000000174623,0.0,1.0,1.0,1.0,0.0,0.0,0.060000000000000026,0.06,0.060000000000000026,0.06
ef8e3ed0,12120.11,11613.45,12279.45,12020.11,12220.310000000209,573,200.2000000002081,last_tvt_minus_100,last_tvt_plus_100,0.010000000000218279,0.1,0.005,0.06000000000130967,0.11000000000058208,0.002105666156202144,1.0,1.0,1.0,0.0,0.0,0.06000000000000001,0.06,0.06000000000000001,0.06
efde6ac3,10911.490000000002,10209.33,11021.27,10811.490000000002,11011.69000000021,573,200.2000000002081,last_tvt_minus_100,last_tvt_plus_100,-0.039999999999054126,0.1,0.005,0.06000000000130967,3.5100000000002183,0.007457775828032464,1.0,1.0,1.0,0.0,0.0,0.05999999999999999,0.06,0.05999999999999999,0.06
efe96181,10791.62,9887.67,10881.6,10691.62,10891.820000000209,573,200.2000000002081,last_tvt_minus_100,last_tvt_plus_100,-0.00999999999839929,0.1,0.005,0.05000000000291038,0.1400000000012369,0.00847457627118644,1.0,1.0,1.0,0.0,0.0,0.060000000000000026,0.06,0.060000000000000026,0.06
f0188a48,11404.72,10561.95,11591.95,11304.72,11504.920000000207,573,200.2000000002081,last_tvt_minus_100,last_tvt_plus_100,-0.08000000000174623,0.12000000000174624,0.006000000000087312,0.09000000000014552,0.13000000000101863,0.0014388489208633094,1.0,1.0,1.0,0.0,0.0,0.03555555555393864,0.03555555555393864,0.03555555555393864,0.03555555555393864
f021b650,12134.52,11782.62,12285.1,12034.52,12234.720000000209,573,200.2000000002081,last_tvt_minus_100,last_tvt_plus_100,0.049999999999272404,0.1,0.005,0.07999999999992724,0.17000000000371074,0.017116876170098955,1.0,1.0,1.0,0.0,0.0,0.060000000000000026,0.06,0.060000000000000026,0.06
f03f10fe,11208.85,10583.95,11366.45,11108.85,11309.050000000208,573,200.2000000002081,last_tvt_minus_100,last_tvt_plus_100,-0.030000000000654836,0.1,0.005,0.050000000001091394,0.15999999999985448,0.0014475271411338963,1.0,1.0,1.0,0.0,0.0,0.060000000000000026,0.06,0.060000000000000026,0.06
f053a1b9,12275.3,11456.95,12366.95,12175.3,12375.500000000207,573,200.2000000002081,last_tvt_minus_100,last_tvt_plus_100,-0.00999999999839929,0.1,0.005,0.050000000001091394,3.2999999999992724,0.00024342745861733204,1.0,1.0,1.0,0.0,0.0,0.060000000000000026,0.06,0.060000000000000026,0.06
f074d277,12010.52,11437.7,12156.95,11910.52,12110.720000000209,573,200.2000000002081,last_tvt_minus_100,last_tvt_plus_100,0.040000000000873115,0.1,0.005,0.06999999999970896,0.19000000000050932,0.005299633102323685,1.0,1.0,1.0,0.0,0.0,0.060000000000000005,0.06,0.060000000000000005,0.06
f07d7037,12125.35,11162.45,12279.45,12025.35,12225.550000000208,573,200.2000000002081,last_tvt_minus_100,last_tvt_plus_100,0.020000000000436557,0.1,0.005,0.040000000000873115,0.05000000000291038,0.0,1.0,1.0,1.0,0.0,0.0,0.06000000000000002,0.06,0.06000000000000002,0.06
f08774c3,12038.4,11190.95,12202.95,11938.4,12138.600000000208,573,200.2000000002081,last_tvt_minus_100,last_tvt_plus_100,0.030000000000654836,0.1,0.005,0.06000000000130967,0.07000000000152795,0.0,1.0,1.0,1.0,0.0,0.0,0.06000000000000002,0.06,0.06000000000000002,0.06
f140c2fa,12058.27,11140.45,12202.95,11958.27,12158.470000000209,573,200.2000000002081,last_tvt_minus_100,last_tvt_plus_100,0.049999999997453415,0.1,0.005,0.050000000001091394,0.07000000000152795,0.0,1.0,1.0,1.0,0.0,0.0,0.06000000000000002,0.06,0.06000000000000002,0.06
f16e25e3,10879.39,10101.34,11021.27,10779.39,10979.590000000208,573,200.2000000002081,last_tvt_minus_100,last_tvt_plus_100,0.030000000002473826,0.1,0.005,0.040000000002692104,0.06999999999970896,0.0,1.0,1.0,1.0,0.0,0.0,0.06000000000000001,0.06,0.06000000000000001,0.06
f2d4c8c9,10928.72,10344.63,11110.62,10828.72,11028.920000000207,573,200.2000000002081,last_tvt_minus_100,last_tvt_plus_100,0.010000000000218279,0.1,0.005,0.06000000000130967,0.1400000000030559,0.018402944471115377,1.0,1.0,1.0,0.0,0.0,0.06000000000000001,0.06,0.06000000000000001,0.06
f321a31c,12545.08,12067.95,12748.95,12445.08,12645.280000000208,573,200.2000000002081,last_tvt_minus_100,last_tvt_plus_100,-0.030000000000654836,0.1,0.005,0.09000000000014552,0.16000000000167347,0.028788173507099786,1.0,1.0,1.0,0.0,0.0,0.060000000000000005,0.06,0.060000000000000005,0.06
f40cd091,11899.75,11326.4,12051.84,11799.75,11999.950000000208,573,200.2000000002081,last_tvt_minus_100,last_tvt_plus_100,0.039999999999054126,0.1,0.005,0.06999999999970896,0.08000000000174623,0.0,1.0,1.0,1.0,0.0,0.0,0.060000000000000005,0.06,0.060000000000000005,0.06
f439a621,11021.37,10301.4,11145.28,10921.37,11121.570000000209,573,200.2000000002081,last_tvt_minus_100,last_tvt_plus_100,0.049999999999272404,0.1,0.005,0.08000000000174623,0.10000000000218279,0.004608294930875576,1.0,1.0,1.0,0.0,0.0,0.06000000000000002,0.06,0.06000000000000002,0.06
f49fdea3,12101.06,11782.62,12285.1,12001.06,12201.260000000208,573,200.2000000002081,last_tvt_minus_100,last_tvt_plus_100,0.020000000000436557,0.1,0.005,0.09000000000014552,0.1400000000012369,0.036171396772398445,1.0,1.0,1.0,0.0,0.0,0.060000000000000005,0.06,0.060000000000000005,0.06
f4d12d23,11200.91,10357.33,11350.94,11100.91,11301.110000000208,573,200.2000000002081,last_tvt_minus_100,last_tvt_plus_100,0.050000000001091394,0.1,0.005,0.040000000000873115,0.07000000000152795,0.0,1.0,1.0,1.0,0.0,0.0,0.06000000000000002,0.06,0.06000000000000002,0.06
f56d3ace,11311.69,10449.94,11537.41,11211.69,11411.890000000209,573,200.2000000002081,last_tvt_minus_100,last_tvt_plus_100,-0.029999999998835847,0.1,0.005,0.050000000001091394,0.08000000000174623,0.0,1.0,1.0,1.0,0.0,0.0,0.06000000000000001,0.06,0.06000000000000001,0.06
f5859199,12242.62,11454.45,12414.45,12142.62,12342.820000000209,573,200.2000000002081,last_tvt_minus_100,last_tvt_plus_100,0.049999999999272404,0.1,0.005,0.07999999999992724,0.12000000000261934,0.01917098445595855,1.0,1.0,1.0,0.0,0.0,0.06000000000000002,0.06,0.06000000000000002,0.06
f5d8aab6,11043.71,10059.45,11122.45,10943.71,11143.910000000207,573,200.2000000002081,last_tvt_minus_100,last_tvt_plus_100,0.039999999997235136,0.1,0.005,0.06000000000130967,0.07999999999992724,0.0,1.0,1.0,1.0,0.0,0.0,0.06,0.06,0.06,0.06
f631da6e,11173.25,10566.53,11311.5,11073.25,11273.450000000208,573,200.2000000002081,last_tvt_minus_100,last_tvt_plus_100,0.039999999999054126,0.1,0.005,0.06000000000130967,1.1300000000010186,0.0002443195699975568,1.0,1.0,1.0,0.0,0.0,0.060000000000000026,0.06,0.060000000000000026,0.06
f6824bb0,11225.11,10297.95,11366.45,11125.11,11325.310000000209,573,200.2000000002081,last_tvt_minus_100,last_tvt_plus_100,0.040000000000873115,0.1,0.005,0.050000000001091394,0.07000000000152795,0.0,1.0,1.0,1.0,0.0,0.0,0.060000000000000005,0.06,0.060000000000000005,0.06
f6bc699b,10982.67,10231.2,11136.45,10882.67,11082.870000000208,573,200.2000000002081,last_tvt_minus_100,last_tvt_plus_100,-0.040000000000873115,0.1,0.005,0.06999999999970896,0.1400000000012369,0.008528784648187633,1.0,1.0,1.0,0.0,0.0,0.060000000000000026,0.06,0.060000000000000026,0.06
f6d009f4,11001.490000000002,9997.45,11122.45,10901.490000000002,11101.69000000021,573,200.2000000002081,last_tvt_minus_100,last_tvt_plus_100,0.050000000001091394,0.1,0.005,0.11000000000058208,3.2400000000016007,0.12866716306775874,1.0,1.0,1.0,0.0,0.0,0.06000000000000002,0.06,0.06000000000000002,0.06
f72b268f,11037.92,10400.45,11122.45,10937.92,11138.120000000208,573,200.2000000002081,last_tvt_minus_100,last_tvt_plus_100,-0.039999999999054126,0.1,0.005,0.06999999999970896,0.5900000000001455,0.0012492192379762648,1.0,1.0,1.0,0.0,0.0,0.06000000000000002,0.06,0.06000000000000002,0.06
f8662c22,11705.46,11165.95,11871.45,11605.46,11805.660000000207,573,200.2000000002081,last_tvt_minus_100,last_tvt_plus_100,-0.020000000000436557,0.1,0.005,0.06999999999970896,1.6499999999996362,0.0007367839381101492,1.0,1.0,1.0,0.0,0.0,0.06000000000000001,0.06,0.06000000000000001,0.06
f88ddb26,12186.8,11782.62,12285.1,12086.8,12287.000000000207,573,200.2000000002081,last_tvt_minus_100,last_tvt_plus_100,-0.019999999998617568,0.1,0.005,0.040000000000873115,0.05000000000291038,0.0,1.0,1.0,1.0,0.0,0.0,0.060000000000000005,0.06,0.060000000000000005,0.06
f8afa78a,10968.070000000002,10481.13,11110.62,10868.070000000002,11068.27000000021,573,200.2000000002081,last_tvt_minus_100,last_tvt_plus_100,-0.029999999998835847,0.1,0.005,0.050000000001091394,0.07000000000152795,0.0,1.0,1.0,1.0,0.0,0.0,0.06000000000000001,0.06,0.06000000000000001,0.06
f8f59188,11308.97,10349.47,11537.41,11208.97,11409.170000000207,573,200.2000000002081,last_tvt_minus_100,last_tvt_plus_100,0.040000000000873115,0.1,0.005,0.06000000000130967,0.09000000000014552,0.0,1.0,1.0,1.0,0.0,0.0,0.060000000000000005,0.06,0.060000000000000005,0.06
f9fc81aa,11178.46,10609.45,11366.45,11078.46,11278.660000000207,573,200.2000000002081,last_tvt_minus_100,last_tvt_plus_100,-0.020000000000436557,0.1,0.005,0.050000000001091394,0.06000000000312866,0.0,1.0,1.0,1.0,0.0,0.0,0.06000000000000001,0.06,0.06000000000000001,0.06
fa16d114,10954.6,10627.13,11110.62,10854.6,11054.800000000208,573,200.2000000002081,last_tvt_minus_100,last_tvt_plus_100,-0.030000000000654836,0.1,0.005,0.059999999997671694,0.11000000000240107,0.0045726345409778405,1.0,1.0,1.0,0.0,0.0,0.06000000000000001,0.06,0.06000000000000001,0.06
fa31da94,12189.97,11415.85,12325.65,12089.97,12290.170000000207,573,200.2000000002081,last_tvt_minus_100,last_tvt_plus_100,-0.050000000001091394,0.1,0.005,0.06999999999970896,1.1700000000000728,0.002188183807439825,1.0,1.0,1.0,0.0,0.0,0.06000000000000001,0.06,0.06000000000000001,0.06
fa667be2,12590.22,12067.95,12748.95,12490.22,12690.420000000207,573,200.2000000002081,last_tvt_minus_100,last_tvt_plus_100,0.029999999998835847,0.1,0.005,0.050000000001091394,2.9200000000000728,0.001918859649122807,1.0,1.0,1.0,0.0,0.0,0.060000000000000026,0.06,0.060000000000000026,0.06
fae0c593,10875.63,10057.84,11021.27,10775.63,10975.830000000207,573,200.2000000002081,last_tvt_minus_100,last_tvt_plus_100,0.019999999998617568,0.1,0.005,0.06999999999970896,0.10000000000218279,0.0006813536225300931,1.0,1.0,1.0,0.0,0.0,0.060000000000000005,0.06,0.060000000000000005,0.06
fb03ae90,11478.2,10659.45,11651.45,11378.2,11578.400000000209,573,200.2000000002081,last_tvt_minus_100,last_tvt_plus_100,-0.020000000000436557,0.1,0.005,0.05999999999949068,0.6300000000010186,0.006997356554190639,1.0,1.0,1.0,0.0,0.0,0.06000000000000002,0.06,0.06000000000000002,0.06
fb0904bd,10968.85,10133.7,11136.45,10868.85,11069.050000000208,573,200.2000000002081,last_tvt_minus_100,last_tvt_plus_100,0.049999999999272404,0.1,0.005,0.06999999999970896,0.11000000000240107,0.022005658597925182,1.0,1.0,1.0,0.0,0.0,0.06000000000000001,0.06,0.06000000000000001,0.06
fb3848a1,10937.11,10026.21,11077.56,10837.11,11037.310000000209,573,200.2000000002081,last_tvt_minus_100,last_tvt_plus_100,0.039999999999054126,0.1,0.005,0.06000000000130967,0.10000000000218279,0.0006757898293630681,1.0,1.0,1.0,0.0,0.0,0.06000000000000002,0.06,0.06000000000000002,0.06
fb73b13a,10797.7,10020.95,11122.45,10697.7,10897.900000000209,573,200.2000000002081,last_tvt_minus_100,last_tvt_plus_100,0.06000000000130967,0.10000000000130968,0.005000000000065484,0.11000000000058208,0.13000000000101863,0.13829787234042554,1.0,1.0,1.0,0.0,0.0,0.0599999999979045,0.05999999999790449,0.0599999999979045,0.05999999999790449
fba7683c,11857.08,10966.4,12051.84,11757.08,11957.280000000208,573,200.2000000002081,last_tvt_minus_100,last_tvt_plus_100,0.029999999998835847,0.1,0.005,0.07399999999906845,0.1000000000003638,0.002457002457002457,1.0,1.0,1.0,0.0,0.0,0.06000000000000001,0.06,0.06000000000000001,0.06
fbd68d27,11231.63,10572.95,11366.45,11131.63,11331.830000000207,573,200.2000000002081,last_tvt_minus_100,last_tvt_plus_100,0.029999999998835847,0.1,0.005,0.050000000001091394,0.08000000000174623,0.0,1.0,1.0,1.0,0.0,0.0,0.06000000000000002,0.06,0.06000000000000002,0.06
fc03f21f,11887.91,10997.9,12051.84,11787.91,11988.110000000208,573,200.2000000002081,last_tvt_minus_100,last_tvt_plus_100,0.049999999999272404,0.1,0.005,0.07000000000152795,8.139999999999418,0.0006246096189881324,1.0,1.0,1.0,0.0,0.0,0.060000000000000005,0.06,0.060000000000000005,0.06
fc0d20b2,10796.320000000002,10362.64,10881.6,10696.320000000002,10896.52000000021,573,200.2000000002081,last_tvt_minus_100,last_tvt_plus_100,0.049999999999272404,0.1,0.005,0.05999999999949068,0.07000000000152795,0.0,1.0,1.0,1.0,0.0,0.0,0.06000000000000002,0.06,0.06000000000000002,0.06
fcfcc902,11414.16,10611.45,11591.95,11314.16,11514.360000000208,573,200.2000000002081,last_tvt_minus_100,last_tvt_plus_100,-0.019999999998617568,0.1,0.005,0.040000000000873115,0.05999999999949068,0.0,1.0,1.0,1.0,0.0,0.0,0.06000000000000001,0.06,0.06000000000000001,0.06
fd3b4faa,11338.92,10451.44,11537.41,11238.92,11439.120000000208,573,200.2000000002081,last_tvt_minus_100,last_tvt_plus_100,0.030000000000654836,0.1,0.005,0.050000000001091394,0.06000000000130967,0.0,1.0,1.0,1.0,0.0,0.0,0.06000000000000001,0.06,0.06000000000000001,0.06
fd710aea,12161.08,11414.45,12366.95,12061.08,12261.280000000208,573,200.2000000002081,last_tvt_minus_100,last_tvt_plus_100,0.029999999998835847,0.1,0.005,0.049999999999272404,0.07000000000334694,0.0,1.0,1.0,1.0,0.0,0.0,0.06000000000000002,0.06,0.06000000000000002,0.06
fd8f77fa,11380.16,10511.43,11537.41,11280.16,11480.360000000208,573,200.2000000002081,last_tvt_minus_100,last_tvt_plus_100,-0.06999999999788997,0.10999999999788998,0.005499999999894499,0.06000000000130967,1.5600000000013097,0.0011380880121396055,1.0,1.0,1.0,0.0,0.0,0.0461157024818753,0.046115702481875284,0.0461157024818753,0.046115702481875284
fde20ecf,12023.39,11175.95,12181.95,11923.39,12123.590000000208,573,200.2000000002081,last_tvt_minus_100,last_tvt_plus_100,-0.020000000000436557,0.1,0.005,0.040000000000873115,4.500000000001819,0.0012856224555388902,1.0,1.0,1.0,0.0,0.0,0.06000000000000001,0.06,0.06000000000000001,0.06
fdfd57da,11367.820000000002,10371.96,11537.41,11267.820000000002,11468.02000000021,573,200.2000000002081,last_tvt_minus_100,last_tvt_plus_100,-0.039999999999054126,0.1,0.005,0.06000000000130967,0.6099999999987631,0.0009549274255156608,1.0,1.0,1.0,0.0,0.0,0.06000000000000002,0.06,0.06000000000000002,0.06
febb4411,12613.23,11683.35,12874.68,12513.23,12713.430000000208,573,200.2000000002081,last_tvt_minus_100,last_tvt_plus_100,-0.029999999998835847,0.1,0.005,0.08999999999832653,0.1900000000023283,0.02660701671768307,1.0,1.0,1.0,0.0,0.0,0.06000000000000001,0.06,0.06000000000000001,0.06
fef8af96,11042.3,10487.85,11145.28,10942.3,11142.500000000207,573,200.2000000002081,last_tvt_minus_100,last_tvt_plus_100,-0.029999999998835847,0.1,0.005,0.1000000000003638,0.16999999999825377,0.08808154730789336,1.0,1.0,1.0,0.0,0.0,0.06000000000000002,0.06,0.06000000000000002,0.06
ff0aea78,11721.43,10961.95,11871.45,11621.43,11821.630000000208,573,200.2000000002081,last_tvt_minus_100,last_tvt_plus_100,0.0,0.1,0.005,0.06000000000130967,2.2299999999995634,0.0009199632014719411,1.0,1.0,1.0,0.0,0.0,0.06000000000000002,0.06,0.06000000000000002,0.06
ff8bb73a,11211.820000000002,10365.79,11331.96,11111.820000000002,11312.02000000021,573,200.2000000002081,last_tvt_minus_100,last_tvt_plus_100,0.050000000001091394,0.1,0.005,0.06999999999970896,0.10000000000218279,0.001518474776446769,1.0,1.0,1.0,0.0,0.0,0.06000000000000002,0.06,0.06000000000000002,0.06
ffefef30,12762.570000000002,11975.45,12981.95,12662.570000000002,12862.77000000021,573,200.2000000002081,last_tvt_minus_100,last_tvt_plus_100,-0.039999999997235136,0.1,0.005,0.06000000000130967,0.7900000000008731,0.0002188183807439825,1.0,1.0,1.0,0.0,0.0,0.06,0.06,0.06,0.06
